{"type":"FeatureCollection","features":[{"type":"Feature","properties":{"k":"hole","ref":"1","par":4,"hcp":15},"geometry":{"type":"LineString","coordinates":[[-118.333564,34.267947],[-118.331583,34.268486],[-118.330177,34.269051]]}},{"type":"Feature","properties":{"k":"hole","ref":"2","par":5,"hcp":5},"geometry":{"type":"LineString","coordinates":[[-118.32951,34.269261],[-118.327374,34.26967],[-118.325455,34.269324],[-118.324067,34.269316]]}},{"type":"Feature","properties":{"k":"hole","ref":"4","par":4,"hcp":17},"geometry":{"type":"LineString","coordinates":[[-118.324931,34.268652],[-118.327011,34.268993],[-118.329121,34.268851]]}},{"type":"Feature","properties":{"k":"hole","ref":"5","par":4,"hcp":9},"geometry":{"type":"LineString","coordinates":[[-118.32917,34.268369],[-118.326745,34.268217],[-118.325496,34.268216]]}},{"type":"Feature","properties":{"k":"hole","ref":"6","par":4,"hcp":3},"geometry":{"type":"LineString","coordinates":[[-118.32456,34.26796],[-118.32694,34.267347],[-118.329018,34.267317]]}},{"type":"Feature","properties":{"k":"hole","ref":"7","par":3,"hcp":13},"geometry":{"type":"LineString","coordinates":[[-118.3296,34.267408],[-118.331111,34.268068]]}},{"type":"Feature","properties":{"k":"hole","ref":"8","par":5,"hcp":11},"geometry":{"type":"LineString","coordinates":[[-118.332152,34.267734],[-118.329866,34.266858],[-118.32843,34.266192],[-118.327371,34.266088]]}},{"type":"Feature","properties":{"k":"hole","ref":"9","par":4,"hcp":1},"geometry":{"type":"LineString","coordinates":[[-118.328567,34.265626],[-118.330949,34.266477],[-118.332876,34.267353]]}},{"type":"Feature","properties":{"k":"hole","ref":"10","par":4,"hcp":12},"geometry":{"type":"LineString","coordinates":[[-118.3337,34.268289],[-118.331416,34.269432],[-118.329941,34.269805]]}},{"type":"Feature","properties":{"k":"hole","ref":"11","par":4,"hcp":18},"geometry":{"type":"LineString","coordinates":[[-118.331027,34.270046],[-118.329148,34.270936],[-118.328355,34.271194]]}},{"type":"Feature","properties":{"k":"hole","ref":"12","par":3,"hcp":16},"geometry":{"type":"LineString","coordinates":[[-118.328086,34.270718],[-118.329005,34.27012]]}},{"type":"Feature","properties":{"k":"hole","ref":"13","par":5,"hcp":14},"geometry":{"type":"LineString","coordinates":[[-118.328248,34.270075],[-118.325671,34.270296],[-118.32394,34.270202],[-118.323473,34.269768]]}},{"type":"Feature","properties":{"k":"hole","ref":"14","par":3,"hcp":8},"geometry":{"type":"LineString","coordinates":[[-118.32227,34.269093],[-118.323131,34.270596]]}},{"type":"Feature","properties":{"k":"hole","ref":"15","par":4,"hcp":2},"geometry":{"type":"LineString","coordinates":[[-118.323589,34.271217],[-118.32571,34.27084],[-118.327714,34.270936]]}},{"type":"Feature","properties":{"k":"hole","ref":"16","par":5,"hcp":6},"geometry":{"type":"LineString","coordinates":[[-118.327929,34.272045],[-118.329978,34.271328],[-118.331251,34.270653],[-118.332459,34.269848]]}},{"type":"Feature","properties":{"k":"hole","ref":"18","par":4,"hcp":4},"geometry":{"type":"LineString","coordinates":[[-118.336932,34.270979],[-118.335301,34.269239],[-118.333993,34.268631]]}},{"type":"Feature","properties":{"k":"path"},"geometry":{"type":"LineString","coordinates":[[-118.332262,34.265107],[-118.332523,34.265207],[-118.332961,34.265314],[-118.333002,34.265352],[-118.332988,34.265419],[-118.332987,34.265501],[-118.333005,34.265658],[-118.332998,34.26587],[-118.332977,34.265946],[-118.332934,34.266],[-118.332882,34.266043],[-118.332859,34.26608],[-118.332845,34.266134],[-118.332843,34.266239],[-118.332904,34.266296],[-118.332964,34.266389],[-118.333017,34.266536],[-118.333094,34.266642],[-118.33312,34.266692],[-118.333129,34.266734]]}},{"type":"Feature","properties":{"k":"path"},"geometry":{"type":"LineString","coordinates":[[-118.333146,34.267068],[-118.333129,34.266734]]}},{"type":"Feature","properties":{"k":"path"},"geometry":{"type":"LineString","coordinates":[[-118.334047,34.26768],[-118.333918,34.267685],[-118.333832,34.267742],[-118.333743,34.267788],[-118.333671,34.267773],[-118.333467,34.267763],[-118.333438,34.267749],[-118.333411,34.267686]]}},{"type":"Feature","properties":{"k":"path"},"geometry":{"type":"LineString","coordinates":[[-118.333846,34.268119],[-118.333651,34.268202],[-118.33342,34.268271],[-118.33328,34.26834],[-118.333224,34.268356],[-118.333026,34.268373],[-118.33292,34.268402],[-118.332824,34.268451],[-118.332667,34.26855],[-118.33261,34.268572],[-118.332537,34.268586],[-118.332468,34.268615]]}},{"type":"Feature","properties":{"k":"path"},"geometry":{"type":"LineString","coordinates":[[-118.334287,34.268134],[-118.334211,34.268146],[-118.334046,34.268232],[-118.333981,34.268237],[-118.333937,34.268233],[-118.333895,34.268203],[-118.333855,34.26815],[-118.333834,34.268054],[-118.333755,34.267919],[-118.333732,34.267852],[-118.333725,34.267804],[-118.333743,34.267788]]}},{"type":"Feature","properties":{"k":"path"},"geometry":{"type":"LineString","coordinates":[[-118.331191,34.269786],[-118.331208,34.269763],[-118.331214,34.269659],[-118.331164,34.269488],[-118.331174,34.269399],[-118.331173,34.26924],[-118.33121,34.269164],[-118.33126,34.269132],[-118.331331,34.269112],[-118.331391,34.269108],[-118.331491,34.269124],[-118.331573,34.269119],[-118.331642,34.269091],[-118.331769,34.269025],[-118.331844,34.268952],[-118.331884,34.268926],[-118.332012,34.268913],[-118.332109,34.268891],[-118.332196,34.268852],[-118.332275,34.268798],[-118.332468,34.268615]]}},{"type":"Feature","properties":{"k":"path"},"geometry":{"type":"LineString","coordinates":[[-118.33009,34.270031],[-118.330215,34.270058],[-118.330268,34.270058],[-118.330391,34.270037],[-118.330448,34.270035],[-118.330569,34.270047],[-118.330624,34.27004],[-118.330775,34.270079],[-118.330831,34.270111],[-118.330871,34.270153],[-118.330882,34.270184],[-118.330875,34.270216],[-118.330858,34.270237],[-118.330786,34.270287],[-118.330658,34.27041],[-118.330554,34.270477],[-118.330527,34.270491],[-118.330498,34.270494],[-118.330396,34.270475],[-118.330362,34.27048],[-118.330344,34.27049],[-118.330331,34.270508],[-118.330311,34.270568],[-118.330282,34.270606],[-118.330179,34.270686],[-118.330069,34.270787],[-118.329958,34.270848],[-118.329906,34.270885],[-118.329843,34.27091],[-118.329632,34.270907],[-118.329573,34.270927],[-118.329455,34.271045],[-118.329405,34.271128],[-118.329334,34.271208],[-118.329269,34.271261],[-118.329157,34.271328],[-118.329018,34.271365],[-118.328741,34.271409],[-118.328704,34.271423],[-118.328574,34.271513],[-118.328481,34.271544],[-118.328433,34.271546],[-118.328372,34.271526],[-118.32831,34.271494],[-118.328267,34.271483],[-118.328196,34.271484],[-118.32801,34.271504],[-118.327939,34.271479]]}},{"type":"Feature","properties":{"k":"path"},"geometry":{"type":"LineString","coordinates":[[-118.322057,34.269104],[-118.322168,34.269189],[-118.322288,34.269231],[-118.322372,34.269272],[-118.322475,34.269293],[-118.322621,34.2693],[-118.32279,34.269413],[-118.32283,34.269486],[-118.322897,34.269522],[-118.32296,34.269572],[-118.322989,34.269626],[-118.323026,34.269934],[-118.323061,34.270047],[-118.323138,34.270118],[-118.323164,34.270175],[-118.323267,34.270302],[-118.323318,34.270409],[-118.323413,34.270536],[-118.323436,34.270551],[-118.323468,34.270665],[-118.32346,34.270752],[-118.323368,34.270865],[-118.323198,34.270967],[-118.323143,34.271018],[-118.323101,34.271094],[-118.323102,34.271122],[-118.32314,34.27116],[-118.323329,34.271195],[-118.323379,34.271199],[-118.323419,34.27119],[-118.3236,34.271105],[-118.323852,34.271055],[-118.323949,34.271055],[-118.324111,34.271041],[-118.324253,34.271058],[-118.32434,34.271083],[-118.3244,34.271125],[-118.324484,34.271247],[-118.32453,34.271281],[-118.324583,34.271304],[-118.324693,34.271314],[-118.324756,34.27131],[-118.324931,34.271246],[-118.324978,34.271236],[-118.325231,34.271236],[-118.325473,34.271199],[-118.325622,34.271187],[-118.325698,34.271164],[-118.325784,34.271122],[-118.325943,34.271094],[-118.326002,34.271076],[-118.326138,34.271002],[-118.326297,34.270933],[-118.326367,34.270886],[-118.326496,34.270718],[-118.326521,34.270695],[-118.326576,34.270672],[-118.326892,34.270615],[-118.326952,34.270631],[-118.327022,34.27068],[-118.327053,34.270694],[-118.327124,34.270697],[-118.327343,34.270649],[-118.327547,34.270525],[-118.327595,34.270514],[-118.327644,34.270522],[-118.327669,34.270539],[-118.327773,34.270735],[-118.327805,34.270761],[-118.327851,34.270775],[-118.327876,34.270792],[-118.327916,34.27083],[-118.327949,34.27089],[-118.327974,34.270977],[-118.32804,34.271045]]}},{"type":"Feature","properties":{"k":"path"},"geometry":{"type":"LineString","coordinates":[[-118.328283,34.270248],[-118.328255,34.270226],[-118.328167,34.270187],[-118.328118,34.270174],[-118.328079,34.270174],[-118.328028,34.270187],[-118.327875,34.270281],[-118.327809,34.270305],[-118.327751,34.270315],[-118.327591,34.270289],[-118.327536,34.270289],[-118.32737,34.270309],[-118.327314,34.270304],[-118.327262,34.270297],[-118.327138,34.270253],[-118.327087,34.27022],[-118.326972,34.270115],[-118.326885,34.270085],[-118.326759,34.270071],[-118.326597,34.270083],[-118.326477,34.270054],[-118.326322,34.270047],[-118.326125,34.270012],[-118.325988,34.270019],[-118.325704,34.270047],[-118.325473,34.269912],[-118.325344,34.269934],[-118.325224,34.269926],[-118.325147,34.269905],[-118.325069,34.269912],[-118.324913,34.270012],[-118.324845,34.270089],[-118.324774,34.270234],[-118.32474,34.270276],[-118.324704,34.270316],[-118.324589,34.270387],[-118.324392,34.270427],[-118.324151,34.270508],[-118.324058,34.27053],[-118.323986,34.270532],[-118.323836,34.270517],[-118.3237,34.270535],[-118.32364,34.270531],[-118.323595,34.270512],[-118.323559,34.270485],[-118.32349,34.270403],[-118.323435,34.270317],[-118.323369,34.270165],[-118.323343,34.270076],[-118.323292,34.270004],[-118.323198,34.2699],[-118.323144,34.269741],[-118.323143,34.269631],[-118.32315,34.269585],[-118.323138,34.269563],[-118.323104,34.269543],[-118.323088,34.269522],[-118.323092,34.269501]]}},{"type":"Feature","properties":{"k":"path"},"geometry":{"type":"LineString","coordinates":[[-118.333185,34.267203],[-118.333258,34.267252],[-118.333465,34.267335],[-118.333478,34.267359],[-118.333479,34.267391],[-118.333459,34.267448],[-118.33338,34.267578],[-118.333225,34.267599],[-118.333113,34.267606],[-118.33282,34.267589],[-118.33273,34.267605],[-118.332692,34.267603],[-118.332562,34.267579],[-118.332502,34.267593],[-118.332442,34.267628],[-118.332382,34.267635],[-118.332348,34.267621],[-118.332278,34.267556],[-118.332216,34.267528],[-118.332176,34.267527],[-118.332099,34.26755],[-118.332061,34.26758],[-118.33197,34.267728],[-118.331942,34.267753],[-118.3318,34.267773]]}},{"type":"Feature","properties":{"k":"path"},"geometry":{"type":"LineString","coordinates":[[-118.331142,34.267764],[-118.331264,34.267789],[-118.331567,34.267891],[-118.331643,34.267899],[-118.331706,34.267884],[-118.331773,34.267841],[-118.3318,34.267773],[-118.331785,34.267749],[-118.331754,34.267731],[-118.331626,34.267716],[-118.331551,34.267717],[-118.331318,34.267678],[-118.331271,34.267692],[-118.331142,34.267764],[-118.331089,34.267763],[-118.330997,34.267728],[-118.330903,34.267675],[-118.330837,34.267628],[-118.330768,34.267614],[-118.330683,34.267614],[-118.330519,34.267543]]}},{"type":"Feature","properties":{"k":"path"},"geometry":{"type":"LineString","coordinates":[[-118.330837,34.267628],[-118.330778,34.267584],[-118.330719,34.267552],[-118.330674,34.267536],[-118.330626,34.267543],[-118.330586,34.267571]]}},{"type":"Feature","properties":{"k":"path"},"geometry":{"type":"LineString","coordinates":[[-118.330116,34.267366],[-118.330519,34.267543]]}},{"type":"Feature","properties":{"k":"path"},"geometry":{"type":"LineString","coordinates":[[-118.327378,34.266642],[-118.327395,34.266607],[-118.327438,34.266586],[-118.327498,34.266586],[-118.327567,34.266614],[-118.327627,34.266671],[-118.32767,34.266692],[-118.327764,34.266692],[-118.327867,34.266706],[-118.328296,34.266827],[-118.328339,34.266869],[-118.3284,34.266954],[-118.328468,34.266969],[-118.328726,34.266954],[-118.328803,34.266962],[-118.328872,34.266997],[-118.328983,34.267032],[-118.329356,34.267089],[-118.329404,34.267104],[-118.32951,34.26717],[-118.329687,34.26721],[-118.329791,34.267247],[-118.329943,34.26728],[-118.330116,34.267366]]}},{"type":"Feature","properties":{"k":"path"},"geometry":{"type":"LineString","coordinates":[[-118.32951,34.26717],[-118.329543,34.267244],[-118.329572,34.267282],[-118.329604,34.267302],[-118.329676,34.267313],[-118.329722,34.267309],[-118.32988,34.267262]]}},{"type":"Feature","properties":{"k":"path"},"geometry":{"type":"LineString","coordinates":[[-118.327877,34.265813],[-118.328011,34.265911],[-118.328071,34.265924],[-118.328162,34.265928],[-118.328441,34.265867],[-118.328499,34.265869],[-118.328627,34.265909],[-118.328766,34.265941],[-118.32888,34.265983],[-118.328987,34.265987],[-118.329058,34.266018],[-118.329163,34.266082],[-118.329286,34.266116],[-118.329319,34.26614],[-118.329353,34.266214],[-118.329443,34.266368],[-118.329454,34.266415],[-118.329448,34.26645],[-118.329391,34.266503],[-118.329254,34.266587],[-118.329184,34.266716],[-118.329181,34.266805],[-118.329203,34.266855],[-118.32924,34.266896],[-118.329344,34.266983],[-118.329404,34.267104]]}},{"type":"Feature","properties":{"k":"path"},"geometry":{"type":"LineString","coordinates":[[-118.327249,34.26699],[-118.327378,34.266642]]}},{"type":"Feature","properties":{"k":"path"},"geometry":{"type":"LineString","coordinates":[[-118.324822,34.268006],[-118.32477,34.267989],[-118.324695,34.268001],[-118.324657,34.267994],[-118.324682,34.267917],[-118.324687,34.267857],[-118.32471,34.267833],[-118.32476,34.26782],[-118.324846,34.267841],[-118.324915,34.267841],[-118.325001,34.267813],[-118.325052,34.26777],[-118.325078,34.267699],[-118.325078,34.267614],[-118.325189,34.267515],[-118.325292,34.267472],[-118.325524,34.267472],[-118.325593,34.267465],[-118.325824,34.267359],[-118.326056,34.267295],[-118.326331,34.267181],[-118.326451,34.267146],[-118.326717,34.267125],[-118.326975,34.267032],[-118.327052,34.267018],[-118.327146,34.267032],[-118.327206,34.267018],[-118.327249,34.26699]]}},{"type":"Feature","properties":{"k":"path"},"geometry":{"type":"LineString","coordinates":[[-118.325026,34.268231],[-118.324822,34.268006]]}},{"type":"Feature","properties":{"k":"path"},"geometry":{"type":"LineString","coordinates":[[-118.327745,34.269243],[-118.327959,34.269083],[-118.328022,34.269004],[-118.328099,34.26887],[-118.328193,34.268777],[-118.328356,34.268671],[-118.328451,34.26865],[-118.328657,34.268678],[-118.328777,34.268671],[-118.329108,34.268579],[-118.329179,34.268571],[-118.329284,34.268572],[-118.329342,34.268561],[-118.329392,34.268513],[-118.329386,34.268464],[-118.329347,34.268435],[-118.329277,34.268439],[-118.32907,34.268478],[-118.328985,34.268481],[-118.328907,34.268477],[-118.32879,34.268458],[-118.328728,34.26844],[-118.328665,34.268437],[-118.32858,34.268465],[-118.328391,34.268423],[-118.328305,34.268416],[-118.328236,34.268437],[-118.328176,34.268494],[-118.328056,34.268558],[-118.327919,34.268579],[-118.327764,34.268586],[-118.327567,34.268543],[-118.327481,34.268558],[-118.327292,34.268558],[-118.327095,34.268586],[-118.326966,34.268593],[-118.326812,34.268565],[-118.326477,34.268458],[-118.326305,34.268387],[-118.326108,34.268366],[-118.325936,34.268394],[-118.325661,34.268458],[-118.325447,34.268494],[-118.325232,34.268487],[-118.325189,34.268458],[-118.325138,34.268359],[-118.325026,34.268231]]}},{"type":"Feature","properties":{"k":"path"},"geometry":{"type":"LineString","coordinates":[[-118.327665,34.265845],[-118.327727,34.265842],[-118.327947,34.265798],[-118.328159,34.265784],[-118.328271,34.265749],[-118.3284,34.265734],[-118.328485,34.265706],[-118.328605,34.265706],[-118.328665,34.265663],[-118.328786,34.265607],[-118.328872,34.265621],[-118.329062,34.265688],[-118.329131,34.265697],[-118.329301,34.265694],[-118.329331,34.265702],[-118.329437,34.265759],[-118.329458,34.265764],[-118.329601,34.265741],[-118.329653,34.265742],[-118.329694,34.265748],[-118.329924,34.265822],[-118.330019,34.265836],[-118.330137,34.265831],[-118.330225,34.265843],[-118.330247,34.265852],[-118.330346,34.265926],[-118.330399,34.265949],[-118.330459,34.265967],[-118.330555,34.265984],[-118.330702,34.266],[-118.33077,34.266018],[-118.330893,34.26607],[-118.331042,34.266107],[-118.331109,34.266169],[-118.331177,34.266275],[-118.331207,34.266294],[-118.331236,34.266309],[-118.331319,34.266325],[-118.331358,34.26634],[-118.331464,34.266411],[-118.331536,34.266445],[-118.331707,34.266493],[-118.33179,34.266543],[-118.332015,34.266657],[-118.332102,34.266694],[-118.332146,34.266703],[-118.332218,34.266694],[-118.332458,34.266524],[-118.332661,34.26643],[-118.332843,34.266239]]}},{"type":"Feature","properties":{"k":"path"},"geometry":{"type":"LineString","coordinates":[[-118.324748,34.268955],[-118.324843,34.268954],[-118.325023,34.268925],[-118.325086,34.268927],[-118.32517,34.268949],[-118.325301,34.269003],[-118.32561,34.269072],[-118.325849,34.269175],[-118.32591,34.269189],[-118.326263,34.269196],[-118.326606,34.269288],[-118.326851,34.269324],[-118.327064,34.269321],[-118.327224,34.269343],[-118.327352,34.269323],[-118.327455,34.269288],[-118.327541,34.269239]]}},{"type":"Feature","properties":{"k":"path"},"geometry":{"type":"LineString","coordinates":[[-118.325318,34.268487],[-118.325301,34.268572],[-118.325361,34.268671],[-118.325404,34.268713],[-118.325404,34.268763],[-118.325421,34.268834]]}},{"type":"Feature","properties":{"k":"path"},"geometry":{"type":"LineString","coordinates":[[-118.324349,34.269051],[-118.324151,34.269004],[-118.324014,34.268963],[-118.323891,34.269001],[-118.323679,34.269047]]}},{"type":"Feature","properties":{"k":"path"},"geometry":{"type":"LineString","coordinates":[[-118.322986,34.269333],[-118.322935,34.269371],[-118.32279,34.269413]]}},{"type":"Feature","properties":{"k":"path"},"geometry":{"type":"LineString","coordinates":[[-118.322897,34.269522],[-118.322935,34.269371]]}},{"type":"Feature","properties":{"k":"path"},"geometry":{"type":"LineString","coordinates":[[-118.323436,34.270551],[-118.323559,34.270485]]}},{"type":"Feature","properties":{"k":"path"},"geometry":{"type":"LineString","coordinates":[[-118.331658,34.269989],[-118.331575,34.269912],[-118.331464,34.269863],[-118.331386,34.269851],[-118.331311,34.269821],[-118.331251,34.269817],[-118.331191,34.269786]]}},{"type":"Feature","properties":{"k":"path"},"geometry":{"type":"LineString","coordinates":[[-118.332552,34.270215],[-118.332485,34.270251],[-118.332226,34.270351],[-118.332185,34.27039]]}},{"type":"Feature","properties":{"k":"path"},"geometry":{"type":"LineString","coordinates":[[-118.322638,34.268988],[-118.322889,34.269011]]}},{"type":"Feature","properties":{"k":"path"},"geometry":{"type":"LineString","coordinates":[[-118.333411,34.267686],[-118.333395,34.267649]]}},{"type":"Feature","properties":{"k":"path"},"geometry":{"type":"LineString","coordinates":[[-118.333395,34.267649],[-118.33338,34.267578],[-118.333309,34.267529],[-118.333224,34.26744],[-118.333202,34.267361],[-118.3332,34.267264],[-118.333185,34.267203],[-118.333155,34.267146],[-118.333146,34.267068]]}},{"type":"Feature","properties":{"k":"path"},"geometry":{"type":"LineString","coordinates":[[-118.322854,34.26913],[-118.322863,34.269047],[-118.322889,34.269011],[-118.323001,34.268983],[-118.323104,34.268969],[-118.32325,34.268976],[-118.323387,34.269005],[-118.3235,34.269039],[-118.323582,34.26905],[-118.323679,34.269047],[-118.323747,34.269104],[-118.323816,34.269132],[-118.323902,34.269118],[-118.324005,34.269089],[-118.324219,34.269075],[-118.324554,34.269011],[-118.324748,34.268955],[-118.324803,34.268777],[-118.324863,34.268742],[-118.324923,34.268742],[-118.325009,34.268749],[-118.325189,34.268834],[-118.325352,34.26882],[-118.325421,34.268834],[-118.325516,34.268898],[-118.325687,34.268969],[-118.325868,34.269011],[-118.326082,34.268997],[-118.3264,34.269075],[-118.326597,34.269097],[-118.326829,34.269196],[-118.32694,34.269224],[-118.327069,34.26921],[-118.32715,34.269181],[-118.3272,34.269181],[-118.327336,34.269213],[-118.327575,34.269245],[-118.327745,34.269243],[-118.327807,34.269274],[-118.327875,34.269294],[-118.327921,34.269292],[-118.32803,34.269265],[-118.328095,34.269262],[-118.328211,34.269274],[-118.328296,34.269309],[-118.328348,34.269352],[-118.328391,34.269585],[-118.328471,34.269734],[-118.328495,34.269765],[-118.328521,34.269779],[-118.328554,34.269785],[-118.328643,34.269772],[-118.328719,34.269732],[-118.328799,34.269636],[-118.328836,34.269619],[-118.328875,34.269613],[-118.328959,34.26961]]}},{"type":"Feature","properties":{"k":"water"},"geometry":{"type":"Polygon","coordinates":[[[-118.334294,34.268802],[-118.333949,34.268803],[-118.333831,34.26878],[-118.333616,34.268687],[-118.333421,34.268564],[-118.333341,34.268532],[-118.333263,34.268519],[-118.333133,34.268533],[-118.333006,34.268584],[-118.332861,34.268674],[-118.332786,34.268751],[-118.332752,34.268835],[-118.332761,34.268912],[-118.332871,34.26915],[-118.332888,34.269209],[-118.332837,34.269327],[-118.332786,34.269414],[-118.332806,34.269477],[-118.332896,34.269564],[-118.333013,34.26962],[-118.333273,34.269659],[-118.333398,34.269653],[-118.333496,34.269589],[-118.333767,34.26936],[-118.333943,34.269278],[-118.334109,34.269219],[-118.334261,34.269181],[-118.334385,34.269174],[-118.334581,34.269238],[-118.334652,34.269249],[-118.334726,34.269223],[-118.334873,34.269051],[-118.334863,34.268946],[-118.334824,34.268899],[-118.334786,34.268864],[-118.33469,34.268835],[-118.334531,34.268833],[-118.334294,34.268802]]]}},{"type":"Feature","properties":{"k":"clubhouse"},"geometry":{"type":"Polygon","coordinates":[[[-118.334511,34.267603],[-118.334566,34.267679],[-118.334616,34.267654],[-118.334773,34.267872],[-118.334722,34.267897],[-118.334857,34.268084],[-118.334844,34.268091],[-118.334879,34.268139],[-118.334695,34.268231],[-118.334525,34.267995],[-118.334485,34.268015],[-118.334301,34.26776],[-118.33434,34.267741],[-118.334311,34.267702],[-118.334511,34.267603]]]}},{"type":"Feature","properties":{"k":"green"},"geometry":{"type":"Polygon","coordinates":[[[-118.323299,34.270657],[-118.323305,34.270699],[-118.323295,34.270719],[-118.323256,34.270746],[-118.323205,34.270747],[-118.323091,34.270685],[-118.323033,34.270643],[-118.323013,34.270615],[-118.323006,34.270584],[-118.323012,34.270552],[-118.323031,34.270524],[-118.32306,34.270502],[-118.323097,34.270491],[-118.323135,34.270489],[-118.323172,34.270499],[-118.323299,34.270657]]]}},{"type":"Feature","properties":{"k":"green"},"geometry":{"type":"Polygon","coordinates":[[[-118.332315,34.266522],[-118.332298,34.266554],[-118.33226,34.266572],[-118.332217,34.266568],[-118.332186,34.266543],[-118.332164,34.266501],[-118.332165,34.266445],[-118.332183,34.266385],[-118.332211,34.266364],[-118.332249,34.266361],[-118.332282,34.266378],[-118.332291,34.266392],[-118.332315,34.266522]]]}},{"type":"Feature","properties":{"k":"green"},"geometry":{"type":"Polygon","coordinates":[[[-118.328239,34.271248],[-118.328289,34.271264],[-118.32847,34.271219],[-118.328501,34.271191],[-118.328503,34.271153],[-118.328476,34.271123],[-118.328455,34.271116],[-118.328383,34.271104],[-118.328312,34.271111],[-118.328231,34.271159],[-118.328218,34.271177],[-118.328216,34.271218],[-118.328239,34.271248]]]}},{"type":"Feature","properties":{"k":"green"},"geometry":{"type":"Polygon","coordinates":[[[-118.323327,34.269786],[-118.323316,34.269738],[-118.323325,34.269714],[-118.323341,34.269693],[-118.323393,34.269668],[-118.323424,34.269666],[-118.323599,34.269699],[-118.323624,34.269723],[-118.323629,34.269738],[-118.323585,34.269842],[-118.323525,34.269874],[-118.323454,34.269872],[-118.323402,34.269853],[-118.323355,34.269821],[-118.323327,34.269786]]]}},{"type":"Feature","properties":{"k":"green"},"geometry":{"type":"Polygon","coordinates":[[[-118.32757,34.270912],[-118.32757,34.270885],[-118.32758,34.270859],[-118.327601,34.270837],[-118.32763,34.270823],[-118.327662,34.270817],[-118.327695,34.270821],[-118.327725,34.270833],[-118.327878,34.271003],[-118.327886,34.271041],[-118.327878,34.271059],[-118.327844,34.271084],[-118.327798,34.271086],[-118.327777,34.271077],[-118.327615,34.270975],[-118.327579,34.270939],[-118.32757,34.270912]]]}},{"type":"Feature","properties":{"k":"green"},"geometry":{"type":"Polygon","coordinates":[[[-118.328861,34.267376],[-118.328816,34.26735],[-118.328802,34.267329],[-118.328801,34.267283],[-118.328833,34.267246],[-118.328905,34.267198],[-118.328954,34.267181],[-118.329007,34.267177],[-118.329059,34.267187],[-118.329163,34.267262],[-118.329194,34.2673],[-118.329197,34.267324],[-118.329182,34.267376],[-118.32916,34.267404],[-118.329102,34.267442],[-118.329068,34.267451],[-118.328996,34.267442],[-118.328861,34.267376]]]}},{"type":"Feature","properties":{"k":"green"},"geometry":{"type":"Polygon","coordinates":[[[-118.32565,34.26813],[-118.325682,34.26814],[-118.325701,34.268164],[-118.325698,34.268193],[-118.325674,34.268214],[-118.325552,34.268263],[-118.3255,34.268296],[-118.325425,34.268329],[-118.325387,34.268327],[-118.325358,34.268307],[-118.325348,34.268276],[-118.325352,34.268261],[-118.325423,34.268159],[-118.32544,34.268146],[-118.325485,34.268132],[-118.32565,34.26813]]]}},{"type":"Feature","properties":{"k":"green"},"geometry":{"type":"Polygon","coordinates":[[[-118.327406,34.26618],[-118.327373,34.266202],[-118.327352,34.266206],[-118.32731,34.266198],[-118.327282,34.266171],[-118.327216,34.26605],[-118.327221,34.266005],[-118.327257,34.265971],[-118.327283,34.265963],[-118.327337,34.265967],[-118.327408,34.266003],[-118.327475,34.266025],[-118.327509,34.26605],[-118.327516,34.266087],[-118.327508,34.266105],[-118.327406,34.26618]]]}},{"type":"Feature","properties":{"k":"green"},"geometry":{"type":"Polygon","coordinates":[[[-118.329101,34.268763],[-118.329148,34.268773],[-118.329182,34.268771],[-118.329226,34.268784],[-118.329275,34.268822],[-118.329288,34.268848],[-118.329284,34.268903],[-118.329267,34.268928],[-118.329213,34.268965],[-118.32918,34.268972],[-118.329146,34.26897],[-118.328973,34.268898],[-118.328931,34.268867],[-118.32892,34.268822],[-118.328944,34.26878],[-118.328967,34.268766],[-118.329037,34.268755],[-118.329101,34.268763]]]}},{"type":"Feature","properties":{"k":"green"},"geometry":{"type":"Polygon","coordinates":[[[-118.332469,34.269928],[-118.332454,34.269922],[-118.332364,34.269918],[-118.332315,34.26989],[-118.332301,34.269868],[-118.332299,34.269818],[-118.332332,34.269773],[-118.332354,34.269758],[-118.332407,34.269745],[-118.332435,34.269748],[-118.3326,34.269836],[-118.332618,34.269853],[-118.33263,34.269896],[-118.332623,34.269918],[-118.332588,34.269951],[-118.332536,34.269959],[-118.33251,34.269953],[-118.332469,34.269928]]]}},{"type":"Feature","properties":{"k":"green"},"geometry":{"type":"Polygon","coordinates":[[[-118.330014,34.269067],[-118.329998,34.269026],[-118.330015,34.268985],[-118.330059,34.268962],[-118.330085,34.26896],[-118.330247,34.268994],[-118.330298,34.269012],[-118.330327,34.269031],[-118.330337,34.269061],[-118.330318,34.269114],[-118.330292,34.269137],[-118.33017,34.269163],[-118.33015,34.269163],[-118.330115,34.269147],[-118.330079,34.269112],[-118.330014,34.269067]]]}},{"type":"Feature","properties":{"k":"green"},"geometry":{"type":"Polygon","coordinates":[[[-118.324522,34.268884],[-118.324556,34.268855],[-118.324569,34.268824],[-118.324562,34.268704],[-118.324581,34.268621],[-118.324558,34.268594],[-118.324521,34.268581],[-118.324473,34.26859],[-118.324393,34.268692],[-118.324296,34.268771],[-118.32429,34.268795],[-118.324293,34.268838],[-118.324303,34.268854],[-118.324318,34.268867],[-118.324392,34.2689],[-118.324446,34.268913],[-118.324474,34.268909],[-118.324522,34.268884]]]}},{"type":"Feature","properties":{"k":"green"},"geometry":{"type":"Polygon","coordinates":[[[-118.334153,34.268682],[-118.33415,34.268584],[-118.334136,34.268564],[-118.334091,34.268542],[-118.333982,34.268538],[-118.333945,34.26855],[-118.333878,34.268595],[-118.333797,34.268623],[-118.333778,34.268652],[-118.333778,34.268669],[-118.333796,34.268698],[-118.333935,34.268749],[-118.334106,34.268742],[-118.334142,34.268718],[-118.334153,34.268682]]]}},{"type":"Feature","properties":{"k":"green"},"geometry":{"type":"Polygon","coordinates":[[[-118.335363,34.27045],[-118.335432,34.270464],[-118.335479,34.270463],[-118.335597,34.270409],[-118.335619,34.270394],[-118.33564,34.270351],[-118.335623,34.270306],[-118.335575,34.270282],[-118.335462,34.270287],[-118.335351,34.270263],[-118.335314,34.270269],[-118.335282,34.270284],[-118.335257,34.270308],[-118.335244,34.270337],[-118.335242,34.270368],[-118.335253,34.270398],[-118.335312,34.27045],[-118.335363,34.27045]]]}},{"type":"Feature","properties":{"k":"green"},"geometry":{"type":"Polygon","coordinates":[[[-118.332929,34.267242],[-118.332961,34.26724],[-118.332993,34.267247],[-118.333019,34.267263],[-118.333038,34.267285],[-118.333044,34.267314],[-118.333038,34.267344],[-118.333023,34.267373],[-118.332998,34.267395],[-118.332957,34.267421],[-118.332904,34.267431],[-118.332803,34.267419],[-118.332729,34.267427],[-118.332693,34.267418],[-118.332679,34.267407],[-118.332658,34.267381],[-118.332635,34.26732],[-118.332647,34.267282],[-118.332664,34.267268],[-118.332722,34.267254],[-118.332828,34.26726],[-118.332929,34.267242]]]}},{"type":"Feature","properties":{"k":"green"},"geometry":{"type":"Polygon","coordinates":[[[-118.324224,34.269264],[-118.324231,34.269297],[-118.324216,34.269327],[-118.324066,34.269415],[-118.324006,34.269433],[-118.323985,34.269432],[-118.323949,34.269414],[-118.323926,34.269354],[-118.323907,34.269265],[-118.323912,34.269249],[-118.323939,34.269226],[-118.323978,34.269222],[-118.324053,34.269233],[-118.324112,34.26922],[-118.324161,34.269219],[-118.324203,34.269239],[-118.324224,34.269264]]]}},{"type":"Feature","properties":{"k":"green"},"geometry":{"type":"Polygon","coordinates":[[[-118.331102,34.267938],[-118.331116,34.267928],[-118.33115,34.267921],[-118.331254,34.267968],[-118.331288,34.267989],[-118.331309,34.268016],[-118.331321,34.268064],[-118.33131,34.268087],[-118.331287,34.268104],[-118.331221,34.268121],[-118.331146,34.268166],[-118.331079,34.268186],[-118.331022,34.268184],[-118.330997,34.268171],[-118.330915,34.268093],[-118.330909,34.268066],[-118.330935,34.268033],[-118.331022,34.268018],[-118.331061,34.268],[-118.331102,34.267938]]]}},{"type":"Feature","properties":{"k":"water"},"geometry":{"type":"Polygon","coordinates":[[[-118.328051,34.266565],[-118.328101,34.266549],[-118.328128,34.266549],[-118.328196,34.266571],[-118.328279,34.266605],[-118.328348,34.266665],[-118.328395,34.266691],[-118.32857,34.266738],[-118.328628,34.266762],[-118.32869,34.266808],[-118.328898,34.26681],[-118.328991,34.266789],[-118.329064,34.266748],[-118.329083,34.26672],[-118.329092,34.266688],[-118.329088,34.266656],[-118.329073,34.266626],[-118.329048,34.266601],[-118.329015,34.266583],[-118.328259,34.266386],[-118.32821,34.266376],[-118.328114,34.266382],[-118.327894,34.266368],[-118.327868,34.26637],[-118.327826,34.266392],[-118.327807,34.26643],[-118.327818,34.266471],[-118.327834,34.266487],[-118.327958,34.266568],[-118.328005,34.266578],[-118.328051,34.266565]]]}},{"type":"Feature","properties":{"k":"water"},"geometry":{"type":"Polygon","coordinates":[[[-118.336413,34.27042],[-118.336439,34.270569],[-118.336475,34.270646],[-118.33653,34.270699],[-118.336609,34.270761],[-118.336628,34.270766],[-118.336668,34.270761],[-118.336696,34.270739],[-118.336703,34.270706],[-118.336661,34.270612],[-118.33666,34.270578],[-118.336671,34.270545],[-118.336692,34.270516],[-118.33675,34.270472],[-118.336758,34.270434],[-118.336719,34.270244],[-118.336689,34.270177],[-118.336612,34.270101],[-118.336562,34.26994],[-118.336506,34.269846],[-118.336466,34.269806],[-118.336427,34.26979],[-118.33638,34.269795],[-118.336361,34.269815],[-118.336323,34.269949],[-118.336279,34.270034],[-118.336215,34.270095],[-118.336161,34.27013],[-118.336142,34.270153],[-118.336149,34.270178],[-118.336179,34.270218],[-118.33637,34.270342],[-118.3364,34.270378],[-118.336413,34.27042]]]}},{"type":"Feature","properties":{"k":"tee"},"geometry":{"type":"Polygon","coordinates":[[[-118.330702,34.267453],[-118.330671,34.267525],[-118.330716,34.267535],[-118.330756,34.267554],[-118.330781,34.267479],[-118.330781,34.267456],[-118.330763,34.267438],[-118.330735,34.267433],[-118.330702,34.267453]]]}},{"type":"Feature","properties":{"k":"tee"},"geometry":{"type":"Polygon","coordinates":[[[-118.329595,34.267491],[-118.329623,34.267488],[-118.329668,34.267459],[-118.329682,34.267413],[-118.329647,34.267331],[-118.32957,34.267308],[-118.329519,34.267404],[-118.32952,34.267461],[-118.329505,34.267508],[-118.329556,34.267505],[-118.329559,34.267486],[-118.329595,34.267491]]]}},{"type":"Feature","properties":{"k":"tee"},"geometry":{"type":"Polygon","coordinates":[[[-118.332099,34.267658],[-118.332149,34.267665],[-118.332201,34.267711],[-118.332207,34.267742],[-118.332187,34.267769],[-118.332151,34.267778],[-118.332132,34.267775],[-118.332072,34.267739],[-118.332063,34.267725],[-118.332063,34.267693],[-118.332099,34.267658]]]}},{"type":"Feature","properties":{"k":"tee"},"geometry":{"type":"Polygon","coordinates":[[[-118.330463,34.267643],[-118.33045,34.267621],[-118.330456,34.267596],[-118.330494,34.267576],[-118.33059,34.267595],[-118.330613,34.267621],[-118.330601,34.267658],[-118.330562,34.267679],[-118.330514,34.267678],[-118.330463,34.267643]]]}},{"type":"Feature","properties":{"k":"tee"},"geometry":{"type":"Polygon","coordinates":[[[-118.331886,34.267603],[-118.331925,34.267612],[-118.33194,34.267624],[-118.331953,34.267656],[-118.33195,34.267673],[-118.331926,34.2677],[-118.331887,34.26771],[-118.331676,34.267682],[-118.331493,34.267667],[-118.331464,34.267656],[-118.33145,34.267632],[-118.331451,34.267619],[-118.331469,34.267597],[-118.331499,34.267589],[-118.331722,34.267607],[-118.331886,34.267603]]]}},{"type":"Feature","properties":{"k":"tee"},"geometry":{"type":"Polygon","coordinates":[[[-118.32974,34.267637],[-118.329705,34.267668],[-118.329655,34.267676],[-118.329531,34.26764],[-118.329515,34.267632],[-118.329496,34.267605],[-118.329505,34.267508],[-118.32961,34.267502],[-118.329647,34.267491],[-118.329724,34.26744],[-118.329759,34.267433],[-118.329777,34.267437],[-118.329822,34.267465],[-118.329846,34.267492],[-118.329858,34.267533],[-118.329811,34.267562],[-118.329769,34.267614],[-118.32974,34.267637]]]}},{"type":"Feature","properties":{"k":"range"},"geometry":{"type":"Polygon","coordinates":[[[-118.332845,34.266043],[-118.332803,34.266027],[-118.332084,34.265976],[-118.33198,34.265932],[-118.331796,34.265935],[-118.3317,34.26596],[-118.331589,34.265911],[-118.331496,34.26585],[-118.33062,34.265657],[-118.330399,34.265665],[-118.33013,34.265634],[-118.330014,34.265614],[-118.329845,34.26561],[-118.329664,34.265532],[-118.329587,34.265511],[-118.329523,34.265521],[-118.329442,34.265513],[-118.329419,34.265518],[-118.329322,34.265441],[-118.329361,34.26534],[-118.329368,34.265251],[-118.329391,34.265215],[-118.330009,34.264904],[-118.330601,34.264886],[-118.330876,34.264869],[-118.331674,34.264965],[-118.33201,34.265041],[-118.332246,34.26515],[-118.332767,34.265304],[-118.332808,34.265329],[-118.332874,34.265403],[-118.332952,34.26541],[-118.332974,34.265655],[-118.332976,34.26579],[-118.33296,34.265902],[-118.332942,34.265955],[-118.332845,34.266043]]]}},{"type":"Feature","properties":{"k":"path"},"geometry":{"type":"LineString","coordinates":[[-118.332447,34.26859],[-118.332406,34.268594],[-118.332301,34.268588],[-118.332165,34.268557],[-118.332116,34.268565],[-118.332061,34.268643],[-118.332013,34.268692],[-118.331888,34.268762],[-118.331672,34.26883],[-118.331356,34.268974],[-118.331302,34.268986],[-118.331131,34.268986],[-118.331041,34.268999],[-118.330985,34.269026],[-118.33089,34.269111],[-118.330823,34.269159],[-118.330744,34.269192],[-118.330605,34.269217],[-118.330488,34.269227],[-118.330437,34.269242],[-118.330307,34.269303],[-118.330249,34.269321],[-118.330159,34.269323],[-118.329975,34.269277],[-118.329888,34.269265],[-118.329798,34.269263],[-118.329487,34.269349],[-118.329299,34.269376],[-118.329172,34.269418],[-118.32911,34.269453],[-118.329068,34.269493],[-118.329021,34.269571],[-118.328959,34.26961],[-118.328851,34.269795],[-118.328828,34.269861],[-118.328795,34.269908],[-118.328741,34.269955],[-118.328588,34.270018],[-118.328533,34.270063],[-118.32842,34.270187],[-118.328357,34.270222],[-118.328283,34.270248],[-118.32814,34.270326],[-118.32811,34.270354],[-118.328098,34.270384],[-118.32811,34.270425],[-118.328174,34.270508],[-118.328261,34.270572],[-118.328286,34.270579],[-118.328363,34.270583],[-118.328409,34.270603],[-118.32843,34.270646],[-118.328427,34.270671],[-118.328405,34.27071],[-118.32833,34.270759],[-118.328222,34.270817],[-118.328189,34.270845],[-118.328124,34.27095],[-118.32804,34.271045],[-118.327935,34.271218],[-118.327905,34.271285],[-118.327904,34.271346],[-118.327919,34.271417],[-118.327958,34.27151],[-118.32796,34.271546],[-118.327942,34.271614],[-118.327936,34.271678],[-118.327946,34.27181],[-118.327953,34.271856],[-118.327988,34.271897],[-118.328019,34.271913],[-118.328137,34.271907],[-118.328231,34.271848],[-118.328265,34.271838],[-118.328383,34.271857],[-118.328432,34.27185],[-118.328473,34.271824],[-118.328531,34.271753],[-118.328563,34.271728],[-118.328631,34.271693],[-118.328685,34.27168],[-118.3288,34.271683],[-118.3289,34.271699],[-118.329017,34.271693],[-118.329076,34.271708],[-118.329155,34.271785],[-118.329185,34.2718],[-118.329424,34.271801],[-118.329566,34.271775],[-118.329699,34.271769],[-118.329787,34.271753],[-118.32992,34.271709],[-118.330132,34.271665],[-118.330471,34.271566],[-118.330521,34.271538],[-118.330597,34.27147],[-118.330652,34.271435],[-118.330759,34.271387],[-118.330788,34.271365],[-118.330833,34.271312],[-118.330887,34.271268],[-118.330949,34.271232],[-118.331181,34.271156],[-118.331324,34.271054],[-118.33149,34.270984],[-118.331585,34.27089],[-118.331664,34.270762],[-118.331692,34.270704],[-118.331778,34.270461],[-118.33181,34.270425],[-118.331856,34.270398],[-118.331917,34.270394],[-118.33211,34.270406],[-118.332185,34.27039],[-118.332137,34.270498],[-118.332026,34.27063],[-118.331987,34.270708],[-118.331977,34.270743],[-118.331988,34.270781],[-118.33203,34.270783],[-118.332086,34.270744],[-118.332143,34.270673],[-118.332296,34.270633],[-118.332344,34.270609],[-118.332382,34.270584],[-118.332476,34.270498],[-118.332607,34.270428],[-118.332702,34.27036],[-118.332746,34.270333],[-118.332945,34.270265],[-118.333132,34.270105],[-118.333186,34.270074],[-118.3333,34.270035],[-118.333426,34.269957],[-118.33347,34.269919],[-118.333504,34.269871],[-118.333605,34.269636],[-118.333629,34.269599],[-118.333721,34.269514],[-118.333842,34.269427],[-118.333916,34.269383],[-118.334191,34.269284],[-118.334249,34.269272],[-118.334325,34.269265],[-118.334386,34.269271],[-118.334438,34.269278],[-118.3345,34.269297],[-118.334536,34.269327],[-118.334615,34.269434],[-118.334751,34.269544],[-118.334894,34.269716],[-118.335093,34.269818],[-118.335194,34.269914],[-118.335231,34.269935],[-118.335325,34.269976],[-118.335422,34.27003],[-118.335545,34.270073],[-118.335617,34.27012],[-118.335748,34.27018],[-118.335808,34.270234],[-118.335888,34.270359],[-118.335907,34.270371],[-118.335975,34.270385],[-118.336079,34.270383],[-118.336156,34.270412],[-118.336313,34.270561],[-118.336442,34.270731],[-118.336517,34.270793],[-118.336616,34.270822],[-118.336831,34.270839],[-118.336873,34.270834],[-118.336914,34.270815],[-118.336956,34.270773],[-118.33696,34.270749],[-118.33694,34.2707],[-118.336858,34.270579],[-118.336849,34.270517],[-118.336796,34.270367],[-118.336745,34.270082],[-118.336718,34.270029],[-118.336629,34.269921],[-118.336578,34.269782],[-118.336356,34.269614],[-118.336236,34.269536],[-118.336193,34.26948],[-118.336116,34.269409],[-118.33597,34.269311],[-118.33591,34.26926],[-118.33584,34.26918],[-118.335801,34.269086],[-118.335714,34.269002],[-118.335608,34.268948],[-118.335338,34.268855],[-118.33526,34.26881],[-118.33519,34.268758],[-118.33517,34.268733],[-118.335154,34.268672],[-118.335197,34.268579]]}},{"type":"Feature","properties":{"k":"path"},"geometry":{"type":"LineString","coordinates":[[-118.332447,34.26859],[-118.33251,34.26856],[-118.332617,34.26847],[-118.332956,34.268274],[-118.332985,34.26825],[-118.333031,34.268185],[-118.333066,34.268161],[-118.333155,34.268122],[-118.333183,34.268097],[-118.333206,34.268057],[-118.333244,34.267928],[-118.333275,34.267891],[-118.333326,34.267863],[-118.333384,34.267848],[-118.333614,34.267849],[-118.333728,34.267837]]}},{"type":"Feature","properties":{"k":"tee"},"geometry":{"type":"Polygon","coordinates":[[[-118.328906,34.269596],[-118.328968,34.269594],[-118.328993,34.269581],[-118.329017,34.269552],[-118.329006,34.269513],[-118.328973,34.269501],[-118.328888,34.269543],[-118.328882,34.269575],[-118.328906,34.269596]]]}},{"type":"Feature","properties":{"k":"tee"},"geometry":{"type":"Polygon","coordinates":[[[-118.328135,34.268432],[-118.3281,34.268414],[-118.32806,34.268421],[-118.328036,34.268448],[-118.328042,34.268483],[-118.328076,34.268504],[-118.32812,34.268499],[-118.328146,34.268468],[-118.328135,34.268432]]]}},{"type":"Feature","properties":{"k":"tee"},"geometry":{"type":"Polygon","coordinates":[[[-118.329819,34.269092],[-118.329792,34.269084],[-118.329767,34.269095],[-118.329759,34.269117],[-118.32977,34.269136],[-118.329793,34.269145],[-118.32982,34.269137],[-118.329832,34.269114],[-118.329819,34.269092]]]}},{"type":"Feature","properties":{"k":"tee"},"geometry":{"type":"Polygon","coordinates":[[[-118.330096,34.265907],[-118.330104,34.265932],[-118.330085,34.265954],[-118.330056,34.265957],[-118.330034,34.265944],[-118.330029,34.265921],[-118.330043,34.265902],[-118.330071,34.265896],[-118.330096,34.265907]]]}},{"type":"Feature","properties":{"k":"tee"},"geometry":{"type":"Polygon","coordinates":[[[-118.329747,34.268164],[-118.32972,34.268153],[-118.32969,34.268159],[-118.329669,34.268182],[-118.329677,34.268214],[-118.329711,34.268229],[-118.329745,34.268219],[-118.329761,34.268192],[-118.329747,34.268164]]]}},{"type":"Feature","properties":{"k":"tee"},"geometry":{"type":"Polygon","coordinates":[[[-118.332707,34.268293],[-118.332666,34.268275],[-118.33262,34.268285],[-118.332597,34.268322],[-118.3326,34.268344],[-118.332615,34.268362],[-118.332637,34.268374],[-118.332664,34.268377],[-118.332704,34.268362],[-118.332721,34.268328],[-118.332707,34.268293]]]}},{"type":"Feature","properties":{"k":"tee"},"geometry":{"type":"Polygon","coordinates":[[[-118.329719,34.265823],[-118.329728,34.265862],[-118.329702,34.265897],[-118.329651,34.265907],[-118.329625,34.265898],[-118.329605,34.26588],[-118.329596,34.265858],[-118.329599,34.265834],[-118.329631,34.265803],[-118.32968,34.265799],[-118.329719,34.265823]]]}},{"type":"Feature","properties":{"k":"tee"},"geometry":{"type":"Polygon","coordinates":[[[-118.329346,34.269285],[-118.329384,34.269262],[-118.329614,34.269177],[-118.32964,34.269183],[-118.329661,34.269197],[-118.329673,34.269226],[-118.329667,34.269265],[-118.329642,34.269278],[-118.32939,34.269341],[-118.329362,34.269345],[-118.32934,34.269338],[-118.329331,34.269314],[-118.329346,34.269285]]]}},{"type":"Feature","properties":{"k":"tee"},"geometry":{"type":"Polygon","coordinates":[[[-118.33368,34.267942],[-118.333698,34.267927],[-118.333698,34.267897],[-118.333681,34.267882],[-118.333656,34.267878],[-118.333504,34.267896],[-118.333463,34.267911],[-118.333444,34.267933],[-118.333444,34.267952],[-118.333457,34.26798],[-118.333475,34.267992],[-118.333501,34.267996],[-118.33368,34.267942]]]}},{"type":"Feature","properties":{"k":"tee"},"geometry":{"type":"Polygon","coordinates":[[[-118.333799,34.268195],[-118.333712,34.268243],[-118.333625,34.268245],[-118.333589,34.268257],[-118.333549,34.268301],[-118.333555,34.268344],[-118.333574,34.26837],[-118.333594,34.268384],[-118.333624,34.268389],[-118.333655,34.268377],[-118.333844,34.268256],[-118.333854,34.268236],[-118.333849,34.26822],[-118.333823,34.268195],[-118.333799,34.268195]]]}},{"type":"Feature","properties":{"k":"tee"},"geometry":{"type":"Polygon","coordinates":[[[-118.329053,34.265749],[-118.329053,34.265793],[-118.329081,34.265817],[-118.329174,34.265842],[-118.329211,34.265836],[-118.329236,34.265813],[-118.32924,34.265798],[-118.329231,34.265767],[-118.329167,34.26573],[-118.329095,34.265723],[-118.329074,34.265728],[-118.329053,34.265749]]]}},{"type":"Feature","properties":{"k":"path"},"geometry":{"type":"LineString","coordinates":[[-118.323098,34.269417],[-118.323042,34.269364],[-118.322986,34.269333],[-118.322888,34.269219],[-118.322867,34.269165]]}},{"type":"Feature","properties":{"k":"path"},"geometry":{"type":"LineString","coordinates":[[-118.330146,34.270396],[-118.330178,34.270363],[-118.330275,34.270307],[-118.330359,34.270272],[-118.330468,34.270182],[-118.330572,34.27012],[-118.330602,34.270092],[-118.330624,34.27004]]}},{"type":"Feature","properties":{"k":"path"},"geometry":{"type":"LineString","coordinates":[[-118.331191,34.269786],[-118.331147,34.269805],[-118.331005,34.269825],[-118.33098,34.269833],[-118.330899,34.269882],[-118.330844,34.269905],[-118.330783,34.269918],[-118.330717,34.269955],[-118.330624,34.27004]]}},{"type":"Feature","properties":{"k":"tee"},"geometry":{"type":"Polygon","coordinates":[[[-118.330247,34.270576],[-118.330214,34.270584],[-118.330193,34.270582],[-118.330178,34.27057],[-118.330176,34.270549],[-118.330187,34.270528],[-118.330215,34.270519],[-118.330249,34.270522],[-118.330267,34.270533],[-118.330273,34.270555],[-118.330247,34.270576]]]}},{"type":"Feature","properties":{"k":"tee"},"geometry":{"type":"Polygon","coordinates":[[[-118.324973,34.268624],[-118.324982,34.268658],[-118.324961,34.268687],[-118.324921,34.268696],[-118.324885,34.268679],[-118.324873,34.268646],[-118.324893,34.268615],[-118.324935,34.268605],[-118.324973,34.268624]]]}},{"type":"Feature","properties":{"k":"tee"},"geometry":{"type":"Polygon","coordinates":[[[-118.32579,34.268901],[-118.325791,34.268928],[-118.325768,34.268948],[-118.325735,34.26895],[-118.32571,34.268932],[-118.325706,34.268905],[-118.325729,34.268882],[-118.325765,34.26888],[-118.32579,34.268901]]]}},{"type":"Feature","properties":{"k":"tee"},"geometry":{"type":"Polygon","coordinates":[[[-118.325438,34.267552],[-118.325448,34.267573],[-118.325446,34.267596],[-118.325434,34.267617],[-118.325412,34.267631],[-118.325361,34.267635],[-118.325323,34.267611],[-118.325313,34.267572],[-118.325323,34.267551],[-118.325342,34.267535],[-118.325367,34.267526],[-118.325394,34.267526],[-118.325419,34.267535],[-118.325438,34.267552]]]}},{"type":"Feature","properties":{"k":"tee"},"geometry":{"type":"Polygon","coordinates":[[[-118.324595,34.267934],[-118.324607,34.267959],[-118.324594,34.267984],[-118.324564,34.267995],[-118.32453,34.267984],[-118.324517,34.267955],[-118.324534,34.26793],[-118.324565,34.267921],[-118.324595,34.267934]]]}},{"type":"Feature","properties":{"k":"tee"},"geometry":{"type":"Polygon","coordinates":[[[-118.322704,34.26943],[-118.322711,34.269461],[-118.32269,34.269488],[-118.32265,34.269494],[-118.322616,34.269473],[-118.322613,34.269438],[-118.322638,34.269416],[-118.322674,34.269413],[-118.322704,34.26943]]]}},{"type":"Feature","properties":{"k":"tee"},"geometry":{"type":"Polygon","coordinates":[[[-118.33205,34.270878],[-118.332022,34.270865],[-118.331991,34.270872],[-118.331977,34.270896],[-118.331987,34.27092],[-118.332015,34.270931],[-118.332043,34.270923],[-118.332058,34.270902],[-118.33205,34.270878]]]}},{"type":"Feature","properties":{"k":"tee"},"geometry":{"type":"Polygon","coordinates":[[[-118.327961,34.272028],[-118.327941,34.272013],[-118.3279,34.272013],[-118.327881,34.27203],[-118.327883,34.272069],[-118.327914,34.272086],[-118.327939,34.272082],[-118.327956,34.272066],[-118.327961,34.272028]]]}},{"type":"Feature","properties":{"k":"tee"},"geometry":{"type":"Polygon","coordinates":[[[-118.32286,34.269782],[-118.322842,34.269764],[-118.322824,34.269763],[-118.322808,34.269771],[-118.322793,34.269799],[-118.322803,34.269825],[-118.322823,34.269833],[-118.322845,34.269828],[-118.322859,34.269813],[-118.32286,34.269782]]]}},{"type":"Feature","properties":{"k":"tee"},"geometry":{"type":"Polygon","coordinates":[[[-118.323106,34.270987],[-118.323104,34.27097],[-118.323091,34.270958],[-118.323061,34.270957],[-118.323027,34.271004],[-118.323029,34.271024],[-118.323058,34.27104],[-118.323081,34.271035],[-118.323106,34.270987]]]}},{"type":"Feature","properties":{"k":"tee"},"geometry":{"type":"Polygon","coordinates":[[[-118.327353,34.270274],[-118.327385,34.270257],[-118.327388,34.270236],[-118.327375,34.270218],[-118.327313,34.270211],[-118.327291,34.270219],[-118.32728,34.270237],[-118.327293,34.270264],[-118.327322,34.270274],[-118.327353,34.270274]]]}},{"type":"Feature","properties":{"k":"tee"},"geometry":{"type":"Polygon","coordinates":[[[-118.330942,34.270107],[-118.331117,34.270062],[-118.331135,34.270037],[-118.331136,34.270022],[-118.331122,34.270002],[-118.331069,34.269991],[-118.330972,34.270027],[-118.3309,34.270045],[-118.330887,34.270066],[-118.330892,34.270089],[-118.330913,34.270105],[-118.330942,34.270107]]]}},{"type":"Feature","properties":{"k":"tee"},"geometry":{"type":"Polygon","coordinates":[[[-118.322431,34.26918],[-118.322465,34.269159],[-118.322468,34.269135],[-118.322451,34.269115],[-118.322219,34.269025],[-118.322177,34.269032],[-118.322147,34.269058],[-118.322142,34.269093],[-118.322163,34.269124],[-118.322181,34.269135],[-118.32231,34.269179],[-118.322431,34.26918]]]}},{"type":"Feature","properties":{"k":"tee"},"geometry":{"type":"Polygon","coordinates":[[[-118.324902,34.267809],[-118.324869,34.267812],[-118.324838,34.2678],[-118.324817,34.267758],[-118.324823,34.267738],[-118.324941,34.267682],[-118.324988,34.26768],[-118.325028,34.267718],[-118.325033,34.267733],[-118.325025,34.267763],[-118.324996,34.267784],[-118.324902,34.267809]]]}},{"type":"Feature","properties":{"k":"green"},"geometry":{"type":"Polygon","coordinates":[[[-118.329807,34.269859],[-118.329792,34.26982],[-118.329805,34.269781],[-118.32982,34.269765],[-118.329884,34.26973],[-118.329966,34.269719],[-118.330007,34.269728],[-118.33004,34.269736],[-118.330081,34.269771],[-118.330085,34.269788],[-118.330075,34.26982],[-118.330046,34.269858],[-118.330011,34.269882],[-118.329917,34.269908],[-118.329884,34.269907],[-118.329825,34.269881],[-118.329807,34.269859]]]}},{"type":"Feature","properties":{"k":"tee"},"geometry":{"type":"Polygon","coordinates":[[[-118.32513,34.268692],[-118.325147,34.268673],[-118.325173,34.268666],[-118.325253,34.268694],[-118.32535,34.268715],[-118.325377,34.268748],[-118.325366,34.268777],[-118.325337,34.268803],[-118.325317,34.268808],[-118.325173,34.268786],[-118.325134,34.268756],[-118.32513,34.268692]]]}},{"type":"Feature","properties":{"k":"tee"},"geometry":{"type":"Polygon","coordinates":[[[-118.328224,34.272002],[-118.328067,34.272032],[-118.328039,34.272026],[-118.328018,34.271996],[-118.328026,34.271973],[-118.328048,34.271958],[-118.328213,34.271917],[-118.328244,34.271922],[-118.328265,34.27194],[-118.328262,34.271981],[-118.328246,34.271996],[-118.328224,34.272002]]]}},{"type":"Feature","properties":{"k":"tee"},"geometry":{"type":"Polygon","coordinates":[[[-118.332529,34.270588],[-118.332546,34.27062],[-118.332525,34.270652],[-118.332451,34.270688],[-118.33232,34.270775],[-118.332289,34.270778],[-118.332263,34.270764],[-118.332241,34.270726],[-118.332254,34.27069],[-118.332369,34.270637],[-118.332445,34.270582],[-118.332491,34.270575],[-118.332529,34.270588]]]}},{"type":"Feature","properties":{"k":"tee"},"geometry":{"type":"Polygon","coordinates":[[[-118.328006,34.270088],[-118.328093,34.270057],[-118.328129,34.270057],[-118.328153,34.27007],[-118.328163,34.270096],[-118.328151,34.270122],[-118.328138,34.270131],[-118.32801,34.270166],[-118.327899,34.270238],[-118.327846,34.270259],[-118.327732,34.270282],[-118.327706,34.270273],[-118.32769,34.270256],[-118.327684,34.270225],[-118.327707,34.270205],[-118.327924,34.270126],[-118.328006,34.270088]]]}},{"type":"Feature","properties":{"k":"green"},"geometry":{"type":"Polygon","coordinates":[[[-118.328847,34.270208],[-118.328841,34.270189],[-118.328846,34.270172],[-118.328975,34.270061],[-118.328998,34.270052],[-118.329088,34.270042],[-118.32919,34.270003],[-118.329208,34.270004],[-118.329239,34.27002],[-118.329247,34.27005],[-118.329235,34.27008],[-118.329211,34.270105],[-118.329179,34.270122],[-118.329049,34.270158],[-118.329002,34.270181],[-118.328939,34.27023],[-118.328873,34.27023],[-118.328847,34.270208]]]}},{"type":"Feature","properties":{"k":"tee"},"geometry":{"type":"Polygon","coordinates":[[[-118.328221,34.27073],[-118.328119,34.27083],[-118.328089,34.270841],[-118.328043,34.270827],[-118.327992,34.270735],[-118.328001,34.270699],[-118.328083,34.270619],[-118.328127,34.270605],[-118.328157,34.270614],[-118.328226,34.270676],[-118.328232,34.270694],[-118.328221,34.27073]]]}},{"type":"Feature","properties":{"k":"bunker"},"geometry":{"type":"Polygon","coordinates":[[[-118.328841,34.268859],[-118.328859,34.268851],[-118.328863,34.26882],[-118.328856,34.268811],[-118.328832,34.268807],[-118.328816,34.268813],[-118.328805,34.268839],[-118.328814,34.268857],[-118.328841,34.268859]]]}},{"type":"Feature","properties":{"k":"bunker"},"geometry":{"type":"Polygon","coordinates":[[[-118.327239,34.268826],[-118.327207,34.268808],[-118.327169,34.268815],[-118.32715,34.268842],[-118.32716,34.268871],[-118.327191,34.268886],[-118.327226,34.268879],[-118.327245,34.268855],[-118.327239,34.268826]]]}},{"type":"Feature","properties":{"k":"bunker"},"geometry":{"type":"Polygon","coordinates":[[[-118.327675,34.269066],[-118.327649,34.269065],[-118.327632,34.269081],[-118.327634,34.269106],[-118.327652,34.26912],[-118.327674,34.269111],[-118.32773,34.269115],[-118.327744,34.269109],[-118.32775,34.269089],[-118.32774,34.269078],[-118.327675,34.269066]]]}},{"type":"Feature","properties":{"k":"bunker"},"geometry":{"type":"Polygon","coordinates":[[[-118.326977,34.268384],[-118.326964,34.26836],[-118.326942,34.268354],[-118.326921,34.26836],[-118.326906,34.268377],[-118.326887,34.268434],[-118.32685,34.268449],[-118.326839,34.268461],[-118.326842,34.268479],[-118.326887,34.268528],[-118.326914,34.268527],[-118.326953,34.268484],[-118.326977,34.268384]]]}},{"type":"Feature","properties":{"k":"path"},"geometry":{"type":"LineString","coordinates":[[-118.329722,34.267309],[-118.329741,34.267387],[-118.329741,34.267434]]}},{"type":"Feature","properties":{"k":"path"},"geometry":{"type":"LineString","coordinates":[[-118.331197,34.269179],[-118.331132,34.26913],[-118.331041,34.268999]]}},{"type":"Feature","properties":{"k":"bunker"},"geometry":{"type":"Polygon","coordinates":[[[-118.330445,34.269631],[-118.330414,34.269644],[-118.330398,34.269638],[-118.330379,34.269616],[-118.330381,34.269598],[-118.330413,34.269569],[-118.330436,34.26957],[-118.330466,34.269598],[-118.330466,34.26961],[-118.330445,34.269631]]]}},{"type":"Feature","properties":{"k":"bunker"},"geometry":{"type":"Polygon","coordinates":[[[-118.330624,34.269801],[-118.330651,34.269798],[-118.330674,34.269808],[-118.330684,34.26984],[-118.33067,34.269858],[-118.330593,34.269883],[-118.330547,34.269911],[-118.330493,34.269915],[-118.330382,34.26996],[-118.330362,34.269957],[-118.330348,34.269945],[-118.330348,34.269911],[-118.330402,34.269838],[-118.33043,34.269832],[-118.330496,34.269849],[-118.330521,34.269849],[-118.330571,34.269815],[-118.330624,34.269801]]]}},{"type":"Feature","properties":{"k":"fairway"},"geometry":{"type":"Polygon","coordinates":[[[-118.331949,34.269435],[-118.331834,34.26958],[-118.331791,34.269607],[-118.331749,34.269617],[-118.331699,34.269615],[-118.331639,34.269598],[-118.33156,34.269554],[-118.331438,34.269557],[-118.331311,34.26958],[-118.33123,34.269607],[-118.331208,34.269561],[-118.331196,34.269508],[-118.331198,34.269287],[-118.331355,34.269273],[-118.33146,34.269243],[-118.331568,34.269245],[-118.331632,34.269225],[-118.331768,34.269127],[-118.331913,34.269091],[-118.332023,34.269016],[-118.332168,34.268957],[-118.332229,34.268915],[-118.332367,34.268881],[-118.332398,34.268882],[-118.332453,34.268905],[-118.332506,34.268944],[-118.332525,34.268967],[-118.332532,34.269022],[-118.33252,34.269047],[-118.332469,34.269083],[-118.332298,34.269133],[-118.33223,34.26917],[-118.331949,34.269435]]]}},{"type":"Feature","properties":{"k":"tee"},"geometry":{"type":"Polygon","coordinates":[[[-118.336885,34.270932],[-118.336887,34.270975],[-118.336907,34.271008],[-118.336934,34.271028],[-118.336971,34.271033],[-118.33699,34.271025],[-118.337001,34.271003],[-118.336964,34.270931],[-118.336942,34.270916],[-118.336917,34.270915],[-118.336885,34.270932]]]}},{"type":"Feature","properties":{"k":"green"},"geometry":{"type":"Polygon","coordinates":[[[-118.33637,34.269663],[-118.336372,34.269697],[-118.336345,34.269722],[-118.336304,34.269725],[-118.336273,34.269703],[-118.33627,34.269669],[-118.336296,34.269643],[-118.336338,34.26964],[-118.33637,34.269663]]]}},{"type":"Feature","properties":{"k":"tee"},"geometry":{"type":"Polygon","coordinates":[[[-118.336854,34.27077],[-118.336831,34.270771],[-118.336807,34.270759],[-118.336749,34.270702],[-118.336703,34.270629],[-118.336688,34.270576],[-118.336713,34.270545],[-118.336737,34.270537],[-118.33677,34.27054],[-118.336803,34.27056],[-118.336891,34.270683],[-118.336905,34.270714],[-118.336904,34.270738],[-118.336882,34.27076],[-118.336854,34.27077]]]}},{"type":"Feature","properties":{"k":"bunker"},"geometry":{"type":"Polygon","coordinates":[[[-118.327593,34.266089],[-118.327604,34.266073],[-118.327599,34.266056],[-118.327582,34.266052],[-118.327555,34.266061],[-118.327553,34.266079],[-118.327579,34.266093],[-118.327593,34.266089]]]}},{"type":"Feature","properties":{"k":"bunker"},"geometry":{"type":"Polygon","coordinates":[[[-118.32565,34.268317],[-118.325636,34.26829],[-118.325667,34.268262],[-118.32569,34.268262],[-118.32572,34.268285],[-118.32572,34.2683],[-118.325699,34.268324],[-118.325683,34.268327],[-118.32565,34.268317]]]}},{"type":"Feature","properties":{"k":"bunker"},"geometry":{"type":"Polygon","coordinates":[[[-118.327492,34.267093],[-118.327502,34.267111],[-118.327496,34.26713],[-118.327457,34.26715],[-118.327415,34.267136],[-118.327389,34.267104],[-118.3274,34.26708],[-118.327428,34.267066],[-118.327454,34.267066],[-118.327492,34.267093]]]}},{"type":"Feature","properties":{"k":"bunker"},"geometry":{"type":"Polygon","coordinates":[[[-118.327181,34.266221],[-118.32721,34.266175],[-118.327214,34.266153],[-118.327201,34.266134],[-118.327171,34.266127],[-118.327146,34.266132],[-118.327132,34.266148],[-118.327129,34.266212],[-118.327152,34.266227],[-118.327181,34.266221]]]}},{"type":"Feature","properties":{"k":"bunker"},"geometry":{"type":"Polygon","coordinates":[[[-118.327565,34.266191],[-118.327577,34.266207],[-118.327555,34.266236],[-118.327538,34.266242],[-118.327512,34.266235],[-118.327498,34.266193],[-118.327508,34.266176],[-118.327531,34.266172],[-118.327565,34.266191]]]}},{"type":"Feature","properties":{"k":"bunker"},"geometry":{"type":"Polygon","coordinates":[[[-118.324329,34.26893],[-118.324329,34.268957],[-118.324303,34.268967],[-118.324284,34.268958],[-118.324253,34.268917],[-118.324274,34.268905],[-118.324293,34.268905],[-118.324325,34.268917],[-118.324329,34.26893]]]}},{"type":"Feature","properties":{"k":"bunker"},"geometry":{"type":"Polygon","coordinates":[[[-118.324619,34.268746],[-118.324642,34.268756],[-118.324662,34.268745],[-118.324669,34.268699],[-118.324691,34.268658],[-118.32466,34.268634],[-118.324615,34.26864],[-118.324603,34.268651],[-118.324619,34.268746]]]}},{"type":"Feature","properties":{"k":"bunker"},"geometry":{"type":"Polygon","coordinates":[[[-118.326834,34.267575],[-118.326838,34.267546],[-118.32685,34.267533],[-118.326885,34.26752],[-118.326905,34.267522],[-118.326971,34.267534],[-118.327022,34.267555],[-118.327043,34.267572],[-118.327047,34.267596],[-118.327033,34.267617],[-118.326992,34.267627],[-118.326904,34.267593],[-118.326854,34.2676],[-118.326839,34.26759],[-118.326834,34.267575]]]}},{"type":"Feature","properties":{"k":"bunker"},"geometry":{"type":"Polygon","coordinates":[[[-118.324368,34.268664],[-118.32438,34.268636],[-118.324367,34.268619],[-118.324344,34.268613],[-118.324321,34.26862],[-118.324278,34.268662],[-118.32419,34.268702],[-118.324186,34.268722],[-118.324206,34.268755],[-118.324235,34.268764],[-118.324264,34.268755],[-118.324306,34.268691],[-118.324368,34.268664]]]}},{"type":"Feature","properties":{"k":"bunker"},"geometry":{"type":"Polygon","coordinates":[[[-118.324368,34.269388],[-118.324378,34.269362],[-118.324369,34.269346],[-118.32435,34.269338],[-118.324329,34.269341],[-118.32428,34.26937],[-118.324233,34.269359],[-118.324216,34.269369],[-118.32421,34.269386],[-118.324218,34.269402],[-118.324242,34.269413],[-118.324338,34.269406],[-118.324368,34.269388]]]}},{"type":"Feature","properties":{"k":"bunker"},"geometry":{"type":"Polygon","coordinates":[[[-118.327391,34.265937],[-118.327345,34.265923],[-118.327332,34.265897],[-118.327333,34.265883],[-118.327355,34.265878],[-118.327363,34.265864],[-118.327355,34.26585],[-118.327364,34.26584],[-118.327401,34.265845],[-118.32746,34.265912],[-118.32749,34.265919],[-118.327528,34.26591],[-118.327555,34.265918],[-118.32757,34.265951],[-118.327557,34.265973],[-118.327536,34.265988],[-118.327506,34.26599],[-118.327454,34.265977],[-118.327432,34.265935],[-118.327391,34.265937]]]}},{"type":"Feature","properties":{"k":"bunker"},"geometry":{"type":"Polygon","coordinates":[[[-118.325102,34.269181],[-118.325118,34.269171],[-118.325166,34.26916],[-118.325203,34.269168],[-118.325233,34.269161],[-118.325258,34.269145],[-118.325268,34.269122],[-118.325296,34.269106],[-118.325329,34.269109],[-118.325369,34.26914],[-118.325371,34.269154],[-118.325352,34.26918],[-118.325225,34.269206],[-118.325176,34.269237],[-118.325132,34.269241],[-118.325106,34.269232],[-118.325092,34.269213],[-118.325102,34.269181]]]}},{"type":"Feature","properties":{"k":"bunker"},"geometry":{"type":"Polygon","coordinates":[[[-118.325431,34.268059],[-118.325466,34.268047],[-118.32551,34.268052],[-118.325591,34.268025],[-118.325662,34.268037],[-118.325724,34.268004],[-118.325752,34.267999],[-118.325806,34.268014],[-118.325826,34.268033],[-118.325843,34.268073],[-118.325823,34.268106],[-118.325794,34.26811],[-118.325701,34.268091],[-118.325686,34.268103],[-118.325681,34.26809],[-118.325623,34.268083],[-118.325438,34.268109],[-118.325411,34.268126],[-118.325349,34.268201],[-118.325328,34.268209],[-118.325296,34.2682],[-118.325286,34.268174],[-118.325309,34.268147],[-118.325314,34.268111],[-118.325333,34.268101],[-118.325374,34.268105],[-118.325431,34.268059]]]}},{"type":"Feature","properties":{"k":"fairway"},"geometry":{"type":"Polygon","coordinates":[[[-118.33081,34.271021],[-118.330819,34.270946],[-118.330812,34.270839],[-118.330782,34.270764],[-118.330733,34.270733],[-118.330698,34.270732],[-118.330637,34.270747],[-118.330534,34.270809],[-118.330502,34.270883],[-118.330338,34.271072],[-118.330329,34.271139],[-118.330307,34.271181],[-118.330261,34.27122],[-118.330201,34.27125],[-118.33016,34.271255],[-118.330095,34.27125],[-118.330066,34.271224],[-118.330016,34.27115],[-118.329977,34.271118],[-118.329939,34.271109],[-118.329894,34.271119],[-118.329747,34.271221],[-118.329602,34.271373],[-118.32954,34.271411],[-118.329482,34.271462],[-118.32946,34.271497],[-118.329455,34.271543],[-118.329484,34.271599],[-118.329528,34.271637],[-118.329581,34.271668],[-118.329618,34.271675],[-118.329683,34.271673],[-118.329731,34.271654],[-118.329777,34.271619],[-118.32985,34.271492],[-118.329885,34.271467],[-118.329924,34.271451],[-118.330116,34.271454],[-118.33019,34.271435],[-118.330266,34.271435],[-118.330352,34.271463],[-118.330445,34.271445],[-118.330474,34.271426],[-118.330494,34.271372],[-118.330502,34.271189],[-118.33053,34.271141],[-118.330562,34.271112],[-118.330702,34.271103],[-118.330739,34.271089],[-118.33079,34.271057],[-118.33081,34.271021]]]}},{"type":"Feature","properties":{"k":"bunker"},"geometry":{"type":"Polygon","coordinates":[[[-118.330912,34.270827],[-118.330891,34.270849],[-118.330907,34.27087],[-118.330942,34.27087],[-118.33096,34.270858],[-118.330969,34.270843],[-118.330956,34.270824],[-118.33093,34.270821],[-118.330912,34.270827]]]}},{"type":"Feature","properties":{"k":"bunker"},"geometry":{"type":"Polygon","coordinates":[[[-118.330877,34.270731],[-118.330894,34.270721],[-118.330899,34.270708],[-118.330881,34.270693],[-118.33084,34.270696],[-118.330813,34.270714],[-118.330825,34.270734],[-118.330855,34.270738],[-118.330877,34.270731]]]}},{"type":"Feature","properties":{"k":"bunker"},"geometry":{"type":"Polygon","coordinates":[[[-118.330909,34.270933],[-118.330875,34.270966],[-118.330871,34.271001],[-118.330883,34.271014],[-118.330922,34.27101],[-118.330948,34.270957],[-118.33094,34.270937],[-118.330909,34.270933]]]}},{"type":"Feature","properties":{"k":"bunker"},"geometry":{"type":"Polygon","coordinates":[[[-118.330624,34.271293],[-118.330592,34.271268],[-118.330579,34.271214],[-118.330586,34.271198],[-118.330606,34.271186],[-118.330657,34.271184],[-118.330687,34.271198],[-118.330693,34.271216],[-118.33067,34.271238],[-118.330672,34.271276],[-118.330663,34.271288],[-118.330624,34.271293]]]}},{"type":"Feature","properties":{"k":"bunker"},"geometry":{"type":"Polygon","coordinates":[[[-118.32991,34.271616],[-118.329889,34.271607],[-118.329882,34.271591],[-118.329887,34.271569],[-118.329909,34.271545],[-118.32998,34.271521],[-118.330048,34.271535],[-118.330084,34.271533],[-118.330129,34.271545],[-118.330214,34.271524],[-118.33024,34.271529],[-118.330264,34.271551],[-118.33026,34.271566],[-118.330221,34.271583],[-118.330106,34.271594],[-118.330001,34.271585],[-118.32991,34.271616]]]}},{"type":"Feature","properties":{"k":"bunker"},"geometry":{"type":"Polygon","coordinates":[[[-118.330198,34.271154],[-118.330207,34.271118],[-118.330248,34.271106],[-118.330266,34.271089],[-118.330262,34.271068],[-118.330239,34.271054],[-118.3302,34.271055],[-118.330146,34.271096],[-118.330125,34.271088],[-118.330118,34.271079],[-118.330122,34.271067],[-118.330114,34.271066],[-118.330067,34.271101],[-118.330074,34.271137],[-118.330104,34.271159],[-118.330118,34.271165],[-118.330175,34.271164],[-118.330198,34.271154]]]}},{"type":"Feature","properties":{"k":"tee"},"geometry":{"type":"Polygon","coordinates":[[[-118.323912,34.268936],[-118.323881,34.268964],[-118.323863,34.268969],[-118.32383,34.268957],[-118.323823,34.268944],[-118.323838,34.268913],[-118.323874,34.268899],[-118.323906,34.268914],[-118.323912,34.268936]]]}},{"type":"Feature","properties":{"k":"bunker"},"geometry":{"type":"Polygon","coordinates":[[[-118.327264,34.269511],[-118.327298,34.26953],[-118.327385,34.26951],[-118.327446,34.269516],[-118.327464,34.269513],[-118.327478,34.269498],[-118.327478,34.269479],[-118.327472,34.269469],[-118.327441,34.269454],[-118.327392,34.269457],[-118.327334,34.269483],[-118.327281,34.269482],[-118.327266,34.269494],[-118.327264,34.269511]]]}},{"type":"Feature","properties":{"k":"bunker"},"geometry":{"type":"Polygon","coordinates":[[[-118.322832,34.270686],[-118.322803,34.270669],[-118.322794,34.270629],[-118.322804,34.270347],[-118.322816,34.27026],[-118.322838,34.270237],[-118.322873,34.270229],[-118.32289,34.270232],[-118.322918,34.270251],[-118.322952,34.270312],[-118.322952,34.270333],[-118.322869,34.270464],[-118.322902,34.270613],[-118.322896,34.270658],[-118.322862,34.270686],[-118.322832,34.270686]]]}},{"type":"Feature","properties":{"k":"bunker"},"geometry":{"type":"Polygon","coordinates":[[[-118.323662,34.269932],[-118.323661,34.269958],[-118.323673,34.26997],[-118.323687,34.269971],[-118.323716,34.269958],[-118.323721,34.269943],[-118.323699,34.269913],[-118.323674,34.269914],[-118.323662,34.269932]]]}},{"type":"Feature","properties":{"k":"bunker"},"geometry":{"type":"Polygon","coordinates":[[[-118.324393,34.26995],[-118.324387,34.269967],[-118.324357,34.269994],[-118.324277,34.270007],[-118.324196,34.269993],[-118.324131,34.269962],[-118.324057,34.269963],[-118.323959,34.269912],[-118.323948,34.269919],[-118.32388,34.269918],[-118.323852,34.269908],[-118.323809,34.269909],[-118.323741,34.269893],[-118.323716,34.269856],[-118.323697,34.269851],[-118.323687,34.26983],[-118.323688,34.269791],[-118.323718,34.269751],[-118.32376,34.269737],[-118.323797,34.269738],[-118.323807,34.269728],[-118.323796,34.269707],[-118.323807,34.269702],[-118.323874,34.269731],[-118.323962,34.269746],[-118.324085,34.269791],[-118.324174,34.269779],[-118.324183,34.269804],[-118.324334,34.269853],[-118.324391,34.269883],[-118.324401,34.2699],[-118.324393,34.26995]]]}},{"type":"Feature","properties":{"k":"bunker"},"geometry":{"type":"Polygon","coordinates":[[[-118.325011,34.270917],[-118.325111,34.270836],[-118.325185,34.270818],[-118.325202,34.270797],[-118.325227,34.270735],[-118.325242,34.270722],[-118.325283,34.27071],[-118.325418,34.270709],[-118.325476,34.270687],[-118.325476,34.270662],[-118.325354,34.270625],[-118.3253,34.270629],[-118.325266,34.270642],[-118.325162,34.270706],[-118.325082,34.270726],[-118.324992,34.270803],[-118.324925,34.270802],[-118.324921,34.270829],[-118.324892,34.270848],[-118.324902,34.270874],[-118.324932,34.2709],[-118.324979,34.270925],[-118.325011,34.270917]]]}},{"type":"Feature","properties":{"k":"bunker"},"geometry":{"type":"Polygon","coordinates":[[[-118.332389,34.269958],[-118.332397,34.269987],[-118.332443,34.269986],[-118.33245,34.269977],[-118.332449,34.269956],[-118.332431,34.269942],[-118.332406,34.269943],[-118.332389,34.269958]]]}},{"type":"Feature","properties":{"k":"path"},"geometry":{"type":"LineString","coordinates":[[-118.333366,34.269997],[-118.333275,34.26993],[-118.333241,34.269922],[-118.333126,34.269932],[-118.333103,34.26992],[-118.333072,34.269887],[-118.333052,34.269854]]}},{"type":"Feature","properties":{"k":"bunker"},"geometry":{"type":"Polygon","coordinates":[[[-118.332172,34.270105],[-118.332124,34.270118],[-118.331993,34.270091],[-118.331884,34.270046],[-118.331836,34.270007],[-118.33173,34.269955],[-118.331718,34.269939],[-118.331742,34.26992],[-118.331828,34.269912],[-118.331877,34.269918],[-118.331907,34.269948],[-118.331952,34.269959],[-118.331987,34.269946],[-118.332021,34.269943],[-118.332038,34.269955],[-118.332041,34.269986],[-118.332031,34.27],[-118.331999,34.270012],[-118.331997,34.270024],[-118.332009,34.270033],[-118.332067,34.270029],[-118.332111,34.269979],[-118.332125,34.269974],[-118.332183,34.269986],[-118.332187,34.270016],[-118.332206,34.270027],[-118.332294,34.269995],[-118.332317,34.27],[-118.332332,34.270023],[-118.332335,34.270052],[-118.33232,34.270072],[-118.3323,34.270077],[-118.332254,34.270069],[-118.332172,34.270105]]]}},{"type":"Feature","properties":{"k":"bunker"},"geometry":{"type":"Polygon","coordinates":[[[-118.334096,34.270101],[-118.334099,34.270129],[-118.334119,34.270139],[-118.334253,34.270097],[-118.334321,34.270151],[-118.334355,34.270161],[-118.334382,34.270164],[-118.334446,34.270147],[-118.334465,34.270124],[-118.334473,34.270076],[-118.334582,34.269977],[-118.334594,34.26995],[-118.334591,34.269935],[-118.334582,34.269922],[-118.334553,34.269907],[-118.334518,34.269911],[-118.334413,34.269999],[-118.334377,34.270018],[-118.334355,34.270021],[-118.334333,34.270018],[-118.334323,34.270009],[-118.334327,34.269974],[-118.334311,34.269953],[-118.334298,34.269946],[-118.334267,34.269945],[-118.334198,34.269968],[-118.334114,34.270022],[-118.334098,34.270058],[-118.334096,34.270101]]]}},{"type":"Feature","properties":{"k":"bunker"},"geometry":{"type":"Polygon","coordinates":[[[-118.335323,34.270229],[-118.335346,34.270212],[-118.335349,34.270201],[-118.335312,34.270145],[-118.335278,34.270139],[-118.335254,34.270153],[-118.335205,34.270152],[-118.335193,34.270159],[-118.335181,34.270185],[-118.335188,34.270198],[-118.335256,34.270212],[-118.335297,34.270237],[-118.335323,34.270229]]]}},{"type":"Feature","properties":{"k":"bunker"},"geometry":{"type":"Polygon","coordinates":[[[-118.335539,34.270476],[-118.335517,34.270492],[-118.335528,34.270519],[-118.335594,34.270546],[-118.335646,34.270546],[-118.335654,34.270506],[-118.335624,34.270472],[-118.335584,34.270462],[-118.335539,34.270476]]]}},{"type":"Feature","properties":{"k":"bunker"},"geometry":{"type":"Polygon","coordinates":[[[-118.335644,34.269151],[-118.335668,34.269137],[-118.335695,34.269144],[-118.335704,34.269159],[-118.335696,34.269185],[-118.335653,34.269218],[-118.335613,34.269226],[-118.335593,34.269223],[-118.335517,34.269179],[-118.335499,34.26912],[-118.335512,34.269105],[-118.335556,34.269091],[-118.335575,34.269101],[-118.335592,34.269145],[-118.335617,34.269155],[-118.335644,34.269151]]]}},{"type":"Feature","properties":{"k":"bunker"},"geometry":{"type":"Polygon","coordinates":[[[-118.333755,34.268504],[-118.333735,34.268512],[-118.333727,34.268529],[-118.333737,34.268546],[-118.333758,34.268552],[-118.333778,34.268544],[-118.333786,34.268526],[-118.333776,34.26851],[-118.333755,34.268504]]]}},{"type":"Feature","properties":{"k":"bunker"},"geometry":{"type":"Polygon","coordinates":[[[-118.334149,34.268413],[-118.334168,34.268379],[-118.334154,34.26836],[-118.334142,34.268359],[-118.334118,34.268372],[-118.334077,34.268356],[-118.334051,34.268371],[-118.33405,34.268397],[-118.334065,34.268409],[-118.334128,34.268424],[-118.334149,34.268413]]]}},{"type":"Feature","properties":{"k":"bunker"},"geometry":{"type":"Polygon","coordinates":[[[-118.330326,34.268936],[-118.330316,34.268921],[-118.330302,34.268918],[-118.330268,34.268931],[-118.330263,34.268941],[-118.330279,34.268967],[-118.330302,34.268973],[-118.33032,34.26896],[-118.330326,34.268936]]]}},{"type":"Feature","properties":{"k":"bunker"},"geometry":{"type":"Polygon","coordinates":[[[-118.331522,34.268748],[-118.331522,34.268711],[-118.331485,34.268641],[-118.33145,34.268623],[-118.331408,34.268627],[-118.331301,34.268692],[-118.331241,34.268743],[-118.331227,34.268764],[-118.331229,34.268778],[-118.331264,34.268812],[-118.331232,34.268843],[-118.331229,34.268868],[-118.331242,34.268882],[-118.331262,34.268886],[-118.331309,34.268861],[-118.33136,34.268796],[-118.331367,34.268756],[-118.331399,34.268743],[-118.331421,34.268751],[-118.331433,34.268769],[-118.331428,34.268788],[-118.331401,34.268812],[-118.331403,34.268844],[-118.331422,34.268859],[-118.331461,34.268857],[-118.331519,34.268789],[-118.331522,34.268748]]]}},{"type":"Feature","properties":{"k":"bunker"},"geometry":{"type":"Polygon","coordinates":[[[-118.328512,34.271063],[-118.328495,34.27107],[-118.328489,34.271085],[-118.328497,34.2711],[-118.328516,34.271105],[-118.328533,34.271097],[-118.328539,34.271082],[-118.32853,34.271068],[-118.328512,34.271063]]]}},{"type":"Feature","properties":{"k":"bunker"},"geometry":{"type":"Polygon","coordinates":[[[-118.32906,34.271145],[-118.329044,34.271124],[-118.329025,34.271115],[-118.32893,34.271116],[-118.328861,34.271142],[-118.32885,34.27117],[-118.328866,34.271189],[-118.328884,34.271194],[-118.328906,34.271195],[-118.328956,34.271176],[-118.32898,34.271181],[-118.328983,34.2712],[-118.328952,34.271222],[-118.328933,34.271256],[-118.32894,34.271271],[-118.328993,34.271288],[-118.329015,34.271271],[-118.329061,34.271182],[-118.32906,34.271145]]]}},{"type":"Feature","properties":{"k":"fairway"},"geometry":{"type":"Polygon","coordinates":[[[-118.335213,34.270352],[-118.335061,34.270225],[-118.334943,34.270159],[-118.33488,34.270134],[-118.334717,34.270112],[-118.334663,34.270089],[-118.334652,34.270069],[-118.334652,34.270036],[-118.334688,34.26995],[-118.334688,34.269925],[-118.334637,34.269856],[-118.334594,34.269826],[-118.334556,34.269814],[-118.334505,34.269815],[-118.334372,34.269861],[-118.334322,34.269872],[-118.334205,34.269858],[-118.334131,34.269878],[-118.334056,34.269912],[-118.334008,34.26995],[-118.333959,34.270035],[-118.333936,34.270058],[-118.333883,34.27008],[-118.333682,34.270073],[-118.333565,34.270097],[-118.333528,34.27009],[-118.333509,34.270078],[-118.333495,34.270055],[-118.333496,34.27003],[-118.333508,34.270012],[-118.3336,34.269952],[-118.33363,34.269923],[-118.333683,34.269763],[-118.333839,34.269582],[-118.333996,34.269497],[-118.334094,34.269424],[-118.334144,34.269412],[-118.334197,34.26941],[-118.334296,34.269438],[-118.334397,34.269498],[-118.334554,34.269548],[-118.334611,34.26963],[-118.334621,34.269709],[-118.334642,34.26975],[-118.334716,34.269796],[-118.334776,34.269873],[-118.334823,34.269908],[-118.33492,34.26995],[-118.335142,34.270006],[-118.335179,34.270024],[-118.33519,34.270054],[-118.335188,34.270086],[-118.335128,34.270159],[-118.335119,34.270186],[-118.335126,34.270209],[-118.335159,34.270239],[-118.335252,34.270287],[-118.335213,34.270352]]]}},{"type":"Feature","properties":{"k":"tee"},"geometry":{"type":"Polygon","coordinates":[[[-118.333234,34.270158],[-118.33327,34.270145],[-118.333286,34.270131],[-118.33328,34.270088],[-118.333243,34.270081],[-118.33321,34.270093],[-118.33319,34.270112],[-118.333186,34.270132],[-118.333195,34.270149],[-118.333234,34.270158]]]}},{"type":"Feature","properties":{"k":"fairway"},"geometry":{"type":"Polygon","coordinates":[[[-118.331034,34.270814],[-118.331017,34.270938],[-118.331025,34.270978],[-118.331054,34.271006],[-118.331117,34.271027],[-118.331191,34.271014],[-118.331256,34.270968],[-118.331279,34.270915],[-118.331285,34.270784],[-118.331305,34.270739],[-118.331355,34.2707],[-118.331427,34.270664],[-118.331492,34.270609],[-118.331542,34.270543],[-118.331555,34.270507],[-118.331614,34.270449],[-118.331712,34.270393],[-118.331822,34.270305],[-118.332,34.270277],[-118.332132,34.270237],[-118.332312,34.270248],[-118.332344,34.27023],[-118.332362,34.2702],[-118.332347,34.270163],[-118.33231,34.270143],[-118.332262,34.27014],[-118.332101,34.270173],[-118.331964,34.270172],[-118.331896,34.270144],[-118.331814,34.270074],[-118.331783,34.270063],[-118.331725,34.270088],[-118.3316,34.270164],[-118.331546,34.270221],[-118.331442,34.270408],[-118.331291,34.270548],[-118.331178,34.270594],[-118.331011,34.270587],[-118.33098,34.270602],[-118.330958,34.270633],[-118.330956,34.270685],[-118.331029,34.270781],[-118.331034,34.270814]]]}},{"type":"Feature","properties":{"k":"tee"},"geometry":{"type":"Polygon","coordinates":[[[-118.328958,34.271787],[-118.329003,34.2718],[-118.329036,34.271798],[-118.329063,34.271776],[-118.329063,34.271754],[-118.329035,34.271729],[-118.329006,34.27172],[-118.328972,34.271723],[-118.328942,34.271745],[-118.328941,34.271768],[-118.328958,34.271787]]]}},{"type":"Feature","properties":{"k":"bunker"},"geometry":{"type":"Polygon","coordinates":[[[-118.332641,34.267119],[-118.332615,34.267135],[-118.332608,34.267148],[-118.332616,34.267173],[-118.33264,34.267188],[-118.332697,34.267184],[-118.332735,34.267196],[-118.33275,34.26719],[-118.332754,34.267166],[-118.332771,34.267153],[-118.332793,34.267157],[-118.332821,34.267181],[-118.332837,34.267176],[-118.332852,34.267156],[-118.332851,34.267122],[-118.332817,34.267098],[-118.332758,34.267101],[-118.332694,34.267128],[-118.332663,34.267117],[-118.332641,34.267119]]]}},{"type":"Feature","properties":{"k":"bunker"},"geometry":{"type":"Polygon","coordinates":[[[-118.332538,34.267283],[-118.33252,34.26729],[-118.332514,34.267306],[-118.332522,34.267321],[-118.332541,34.267326],[-118.332559,34.267319],[-118.332566,34.267303],[-118.332557,34.267288],[-118.332538,34.267283]]]}},{"type":"Feature","properties":{"k":"path"},"geometry":{"type":"LineString","coordinates":[[-118.335463,34.268579],[-118.33536,34.268621],[-118.335285,34.268662],[-118.335246,34.268618],[-118.335154,34.26855],[-118.334992,34.268503],[-118.334834,34.268481],[-118.334772,34.268464],[-118.334622,34.268401],[-118.334485,34.268309],[-118.334333,34.268158],[-118.334287,34.268134]]}},{"type":"Feature","properties":{"k":"tee"},"geometry":{"type":"Polygon","coordinates":[[[-118.334151,34.267939],[-118.334158,34.267977],[-118.334136,34.268011],[-118.334024,34.268062],[-118.333974,34.268062],[-118.333952,34.268053],[-118.333894,34.268005],[-118.333854,34.267986],[-118.333841,34.267971],[-118.333831,34.267908],[-118.333793,34.26784],[-118.333792,34.267816],[-118.333822,34.267792],[-118.333906,34.267781],[-118.333949,34.267764],[-118.334013,34.267764],[-118.334066,34.267794],[-118.334092,34.267836],[-118.334106,34.267881],[-118.334151,34.267939]]]}},{"type":"Feature","properties":{"k":"fairway"},"geometry":{"type":"Polygon","coordinates":[[[-118.33068,34.268912],[-118.330913,34.268904],[-118.330976,34.268894],[-118.331035,34.268855],[-118.331078,34.268803],[-118.3311,34.268743],[-118.331168,34.268673],[-118.331322,34.268549],[-118.331368,34.268531],[-118.331419,34.268526],[-118.331469,34.268533],[-118.331514,34.268553],[-118.33155,34.268583],[-118.331597,34.268661],[-118.331628,34.26868],[-118.331665,34.26869],[-118.331705,34.268688],[-118.331741,34.268676],[-118.33177,34.268655],[-118.331789,34.268627],[-118.331885,34.268534],[-118.331966,34.268476],[-118.332072,34.268427],[-118.332242,34.268401],[-118.332301,34.268402],[-118.332358,34.268389],[-118.332407,34.268362],[-118.332511,34.268238],[-118.332548,34.268217],[-118.332679,34.268185],[-118.332706,34.268172],[-118.332735,34.268128],[-118.332725,34.268079],[-118.332681,34.268045],[-118.33262,34.268042],[-118.332457,34.268092],[-118.332147,34.268228],[-118.33202,34.268268],[-118.33192,34.268285],[-118.331718,34.26828],[-118.331658,34.26829],[-118.331499,34.268344],[-118.331389,34.268397],[-118.331255,34.268474],[-118.331168,34.268536],[-118.331071,34.268578],[-118.330971,34.268614],[-118.330775,34.268662],[-118.330681,34.268694],[-118.330416,34.268884],[-118.330351,34.26897],[-118.330299,34.268997],[-118.330241,34.268967],[-118.33022,34.268893],[-118.33019,34.268872],[-118.33015,34.268878],[-118.330108,34.268898],[-118.330063,34.268942],[-118.330085,34.26896],[-118.330247,34.268994],[-118.330314,34.26902],[-118.330327,34.269031],[-118.330337,34.269061],[-118.330318,34.269114],[-118.330338,34.269138],[-118.330404,34.269143],[-118.330454,34.269125],[-118.330583,34.268948],[-118.330611,34.268929],[-118.33068,34.268912]]]}},{"type":"Feature","properties":{"k":"fairway"},"geometry":{"type":"Polygon","coordinates":[[[-118.336123,34.269719],[-118.336137,34.269678],[-118.336131,34.269647],[-118.336114,34.26962],[-118.336087,34.269599],[-118.335948,34.269545],[-118.335908,34.2695],[-118.335791,34.269338],[-118.335749,34.269312],[-118.335701,34.269294],[-118.335616,34.269298],[-118.335534,34.269278],[-118.335465,34.269236],[-118.335417,34.269178],[-118.335403,34.269103],[-118.33538,34.269066],[-118.335344,34.269037],[-118.335257,34.268993],[-118.335223,34.26896],[-118.33511,34.268807],[-118.335077,34.268749],[-118.335025,34.268702],[-118.334731,34.268577],[-118.334478,34.268487],[-118.33436,34.268458],[-118.334164,34.268463],[-118.334013,34.268448],[-118.333955,34.268449],[-118.333902,34.268466],[-118.333858,34.268496],[-118.333827,34.268536],[-118.333814,34.268614],[-118.333878,34.268595],[-118.333945,34.26855],[-118.333982,34.268538],[-118.334091,34.268542],[-118.334136,34.268564],[-118.334155,34.268606],[-118.334153,34.268682],[-118.334151,34.268701],[-118.334126,34.268733],[-118.334293,34.268724],[-118.33447,34.268739],[-118.334737,34.268743],[-118.334835,34.268776],[-118.334914,34.268834],[-118.334965,34.268911],[-118.334981,34.268997],[-118.334956,34.269165],[-118.334961,34.269198],[-118.334977,34.269229],[-118.335003,34.269255],[-118.335237,34.269393],[-118.335404,34.269457],[-118.335449,34.269484],[-118.335599,34.269642],[-118.335639,34.26966],[-118.335772,34.269689],[-118.335808,34.269714],[-118.335834,34.269746],[-118.335891,34.269796],[-118.335937,34.269826],[-118.335992,34.269838],[-118.336045,34.269823],[-118.336066,34.269806],[-118.336123,34.269719]]]}},{"type":"Feature","properties":{"k":"path"},"geometry":{"type":"LineString","coordinates":[[-118.335285,34.268662],[-118.335317,34.26871],[-118.33536,34.268724],[-118.335388,34.268722],[-118.335532,34.268654],[-118.33589,34.268507]]}},{"type":"Feature","properties":{"k":"path"},"geometry":{"type":"LineString","coordinates":[[-118.335092,34.26853],[-118.335103,34.26849],[-118.335097,34.268424],[-118.33508,34.26837],[-118.334969,34.268203]]}},{"type":"Feature","properties":{"k":"stream"},"geometry":{"type":"LineString","coordinates":[[-118.321313,34.268483],[-118.321898,34.268449],[-118.322555,34.268382],[-118.32296,34.268278],[-118.323492,34.268123],[-118.323816,34.267994],[-118.324106,34.26785],[-118.324607,34.267759],[-118.324964,34.267586],[-118.325224,34.267434],[-118.32539,34.267382],[-118.325554,34.267405],[-118.326007,34.267216],[-118.326273,34.267086],[-118.326791,34.266933],[-118.327188,34.266826],[-118.327389,34.266848],[-118.327582,34.266857],[-118.328124,34.267059],[-118.328341,34.267218],[-118.328389,34.267391],[-118.32848,34.267527],[-118.328636,34.267611],[-118.328947,34.267717],[-118.329685,34.267903],[-118.329883,34.267897],[-118.330039,34.267753],[-118.330226,34.267513],[-118.330414,34.267365],[-118.330752,34.26719],[-118.33098,34.267081],[-118.331283,34.267097],[-118.331501,34.267141],[-118.331763,34.267179],[-118.331884,34.267156],[-118.332522,34.266871],[-118.332826,34.266837],[-118.333751,34.267077],[-118.333984,34.267103],[-118.33434,34.267014]]}},{"type":"Feature","properties":{"k":"stream"},"geometry":{"type":"LineString","coordinates":[[-118.324607,34.267759],[-118.324505,34.267846],[-118.32421,34.268174],[-118.32446,34.268169],[-118.324768,34.268085],[-118.324937,34.26801],[-118.324985,34.267954],[-118.325082,34.267881],[-118.325286,34.267804],[-118.325543,34.267735],[-118.325887,34.267708],[-118.326273,34.267715],[-118.327281,34.267926],[-118.327893,34.26818],[-118.328151,34.268229],[-118.328459,34.268176],[-118.328826,34.268094],[-118.329398,34.268025],[-118.329883,34.267897]]}},{"type":"Feature","properties":{"k":"bunker"},"geometry":{"type":"Polygon","coordinates":[[[-118.331011,34.267986],[-118.330986,34.267988],[-118.330959,34.267967],[-118.330961,34.267946],[-118.330979,34.267931],[-118.331004,34.267929],[-118.331025,34.26794],[-118.331032,34.267961],[-118.331011,34.267986]]]}},{"type":"Feature","properties":{"k":"treeline"},"geometry":{"type":"LineString","coordinates":[[-118.33521,34.268662],[-118.335216,34.268699],[-118.33528,34.268779],[-118.335409,34.268839],[-118.335631,34.26891],[-118.335806,34.269014],[-118.33598,34.269269]]}},{"type":"Feature","properties":{"k":"bunker"},"geometry":{"type":"Polygon","coordinates":[[[-118.330877,34.266193],[-118.330896,34.266206],[-118.330898,34.266235],[-118.330928,34.266262],[-118.330926,34.266275],[-118.330909,34.266286],[-118.330849,34.266271],[-118.330826,34.266246],[-118.330825,34.26622],[-118.330838,34.2662],[-118.330877,34.266193]]]}},{"type":"Feature","properties":{"k":"fairway"},"geometry":{"type":"Polygon","coordinates":[[[-118.331801,34.266767],[-118.331759,34.266823],[-118.331722,34.266845],[-118.331679,34.266857],[-118.331633,34.266859],[-118.331589,34.26685],[-118.33147,34.266789],[-118.331127,34.266747],[-118.331094,34.26673],[-118.331043,34.266685],[-118.33098,34.266655],[-118.330835,34.266618],[-118.330802,34.266599],[-118.330728,34.266504],[-118.330651,34.266458],[-118.330561,34.266435],[-118.330323,34.26644],[-118.330187,34.266399],[-118.330118,34.266359],[-118.330086,34.266324],[-118.330045,34.266217],[-118.330049,34.266162],[-118.330094,34.266113],[-118.330158,34.266075],[-118.33022,34.266064],[-118.330304,34.266062],[-118.330662,34.266111],[-118.330697,34.26613],[-118.330722,34.266158],[-118.330736,34.26619],[-118.330731,34.266272],[-118.330744,34.266306],[-118.33077,34.266335],[-118.330806,34.266356],[-118.330848,34.266367],[-118.331017,34.266355],[-118.331054,34.266361],[-118.331088,34.266376],[-118.331148,34.266432],[-118.331192,34.266461],[-118.331244,34.26648],[-118.331301,34.266488],[-118.331391,34.266514],[-118.331434,34.266534],[-118.331506,34.266596],[-118.331605,34.266646],[-118.331739,34.266673],[-118.331767,34.266685],[-118.331802,34.26673],[-118.331801,34.266767]]]}},{"type":"Feature","properties":{"k":"tee"},"geometry":{"type":"Polygon","coordinates":[[[-118.328573,34.265591],[-118.328544,34.2656],[-118.328531,34.265624],[-118.328542,34.265647],[-118.32857,34.265658],[-118.328599,34.265649],[-118.328612,34.265626],[-118.328601,34.265602],[-118.328573,34.265591]]]}},{"type":"Feature","properties":{"k":"tee"},"geometry":{"type":"Polygon","coordinates":[[[-118.328939,34.265759],[-118.328955,34.265733],[-118.328953,34.265715],[-118.328942,34.265697],[-118.328916,34.265684],[-118.328818,34.265659],[-118.328789,34.265663],[-118.32877,34.265681],[-118.328773,34.265716],[-118.328811,34.265746],[-118.328883,34.265768],[-118.32891,34.26577],[-118.328939,34.265759]]]}},{"type":"Feature","properties":{"k":"fairway"},"geometry":{"type":"Polygon","coordinates":[[[-118.332099,34.266391],[-118.332138,34.266392],[-118.332169,34.266373],[-118.332183,34.266385],[-118.332165,34.266445],[-118.332164,34.266501],[-118.332186,34.266543],[-118.332217,34.266568],[-118.332097,34.26659],[-118.332053,34.266587],[-118.331938,34.266552],[-118.331884,34.266509],[-118.331876,34.266491],[-118.33188,34.266453],[-118.331965,34.266388],[-118.332015,34.266379],[-118.332099,34.266391]]]}},{"type":"Feature","properties":{"k":"tee"},"geometry":{"type":"Polygon","coordinates":[[[-118.332745,34.266396],[-118.332733,34.266421],[-118.332743,34.266446],[-118.332804,34.26648],[-118.332834,34.26648],[-118.332865,34.266456],[-118.332897,34.266397],[-118.332898,34.266379],[-118.332878,34.266347],[-118.332838,34.266332],[-118.332816,34.266334],[-118.332779,34.266354],[-118.332745,34.266396]]]}},{"type":"Feature","properties":{"k":"tee"},"geometry":{"type":"Polygon","coordinates":[[[-118.333262,34.265992],[-118.333216,34.265969],[-118.333133,34.265976],[-118.333102,34.265972],[-118.333054,34.26594],[-118.333043,34.265916],[-118.333029,34.265804],[-118.333033,34.265754],[-118.333045,34.265728],[-118.333067,34.265706],[-118.333096,34.26569],[-118.33313,34.265683],[-118.333164,34.265685],[-118.333196,34.265697],[-118.333405,34.265834],[-118.333432,34.265869],[-118.333446,34.265898],[-118.333448,34.265929],[-118.333437,34.265959],[-118.333416,34.265985],[-118.333386,34.266005],[-118.33335,34.266015],[-118.333312,34.266016],[-118.333262,34.265992]]]}},{"type":"Feature","properties":{"k":"tee"},"geometry":{"type":"Polygon","coordinates":[[[-118.325951,34.267398],[-118.325927,34.267413],[-118.325923,34.267437],[-118.325941,34.267457],[-118.32597,34.26746],[-118.325994,34.267446],[-118.325998,34.267421],[-118.32598,34.267402],[-118.325951,34.267398]]]}},{"type":"Feature","properties":{"k":"fairway"},"geometry":{"type":"Polygon","coordinates":[[[-118.327877,34.267677],[-118.327914,34.267677],[-118.327944,34.267659],[-118.327955,34.26763],[-118.327942,34.267601],[-118.327777,34.267512],[-118.327723,34.267471],[-118.327665,34.267404],[-118.327616,34.267328],[-118.327542,34.267261],[-118.327434,34.267224],[-118.327273,34.267195],[-118.327185,34.267154],[-118.327139,34.267145],[-118.327099,34.267141],[-118.327037,34.267149],[-118.326989,34.267168],[-118.326814,34.267265],[-118.326742,34.267279],[-118.326693,34.267276],[-118.326594,34.267251],[-118.326546,34.267245],[-118.3265,34.267249],[-118.326457,34.267269],[-118.326374,34.267326],[-118.326241,34.267365],[-118.326202,34.267392],[-118.326192,34.267426],[-118.326199,34.267449],[-118.326232,34.267482],[-118.32627,34.267497],[-118.326512,34.267493],[-118.326675,34.267522],[-118.326707,34.267522],[-118.326834,34.267463],[-118.326889,34.267449],[-118.326942,34.267448],[-118.327011,34.267462],[-118.327114,34.267556],[-118.327153,34.26758],[-118.327192,34.26759],[-118.327349,34.267618],[-118.327458,34.267648],[-118.327678,34.267629],[-118.327743,34.267634],[-118.327877,34.267677]]]}},{"type":"Feature","properties":{"k":"fairway"},"geometry":{"type":"Polygon","coordinates":[[[-118.329182,34.267279],[-118.32917,34.267185],[-118.329045,34.267106],[-118.328991,34.267097],[-118.328945,34.2671],[-118.328867,34.267139],[-118.328835,34.267145],[-118.328717,34.267111],[-118.328655,34.267102],[-118.328607,34.267115],[-118.328583,34.267142],[-118.328568,34.267176],[-118.328582,34.26725],[-118.328605,34.26729],[-118.328634,34.267317],[-118.32867,34.267333],[-118.328816,34.26735],[-118.328798,34.267306],[-118.328814,34.267262],[-118.328905,34.267198],[-118.328954,34.267181],[-118.329007,34.267177],[-118.329059,34.267187],[-118.329182,34.267279]]]}},{"type":"Feature","properties":{"k":"fairway"},"geometry":{"type":"Polygon","coordinates":[[[-118.329409,34.266511],[-118.329276,34.266587],[-118.329231,34.26666],[-118.329285,34.266762],[-118.329339,34.266829],[-118.329438,34.266899],[-118.329532,34.266936],[-118.329625,34.266946],[-118.329843,34.266936],[-118.329897,34.266941],[-118.329951,34.266956],[-118.33005,34.26701],[-118.33013,34.267092],[-118.330166,34.267111],[-118.330206,34.267121],[-118.330253,34.267122],[-118.33036,34.267096],[-118.330424,34.267059],[-118.33045,34.267028],[-118.330457,34.26698],[-118.33045,34.26695],[-118.330414,34.266912],[-118.330357,34.266877],[-118.330176,34.266788],[-118.33007,34.266715],[-118.330033,34.266701],[-118.329989,34.266701],[-118.329955,34.26671],[-118.329853,34.266765],[-118.32979,34.266786],[-118.329714,34.266789],[-118.32963,34.266769],[-118.329571,34.266724],[-118.329494,34.266594],[-118.329409,34.266511]]]}},{"type":"Feature","properties":{"k":"fairway"},"geometry":{"type":"Polygon","coordinates":[[[-118.327595,34.268813],[-118.327666,34.268822],[-118.327737,34.268816],[-118.327882,34.268754],[-118.327957,34.268751],[-118.328154,34.268779],[-118.328079,34.268865],[-118.328022,34.268971],[-118.327889,34.269001],[-118.327817,34.269004],[-118.327686,34.268984],[-118.327627,34.268989],[-118.327574,34.269008],[-118.327435,34.269101],[-118.327404,34.269111],[-118.327371,34.269114],[-118.327143,34.269081],[-118.327105,34.269087],[-118.32697,34.269142],[-118.326942,34.269146],[-118.32689,34.269134],[-118.32677,34.269029],[-118.326697,34.269002],[-118.326455,34.26899],[-118.326292,34.268925],[-118.32614,34.268909],[-118.326111,34.2689],[-118.326087,34.268884],[-118.326063,34.268838],[-118.326076,34.268789],[-118.326122,34.268756],[-118.326152,34.26875],[-118.326285,34.268759],[-118.32645,34.26872],[-118.326556,34.268706],[-118.326674,34.268742],[-118.326752,34.268755],[-118.326944,34.268754],[-118.32698,34.268765],[-118.327011,34.268785],[-118.327033,34.268811],[-118.327057,34.268872],[-118.327097,34.268908],[-118.327147,34.268932],[-118.327205,34.268942],[-118.327263,34.268937],[-118.327316,34.268918],[-118.327434,34.26882],[-118.327476,34.268805],[-118.327521,34.268801],[-118.327595,34.268813]]]}},{"type":"Feature","properties":{"k":"bunker"},"geometry":{"type":"Polygon","coordinates":[[[-118.325851,34.270241],[-118.32583,34.270245],[-118.325818,34.27026],[-118.325823,34.270277],[-118.325841,34.270286],[-118.325862,34.270282],[-118.325873,34.270267],[-118.325869,34.27025],[-118.325851,34.270241]]]}},{"type":"Feature","properties":{"k":"fairway"},"geometry":{"type":"Polygon","coordinates":[[[-118.324834,34.271155],[-118.324796,34.271153],[-118.32476,34.271141],[-118.324731,34.27112],[-118.324711,34.271093],[-118.324703,34.271061],[-118.324708,34.27103],[-118.324724,34.271001],[-118.32475,34.270978],[-118.324784,34.270963],[-118.324822,34.270957],[-118.32486,34.270962],[-118.325002,34.27101],[-118.325043,34.270995],[-118.325251,34.270881],[-118.32535,34.27077],[-118.325533,34.270761],[-118.325637,34.270714],[-118.325703,34.270704],[-118.325904,34.270748],[-118.326269,34.270708],[-118.32647,34.270713],[-118.326348,34.270888],[-118.326239,34.270886],[-118.326152,34.270905],[-118.326012,34.27096],[-118.325904,34.270984],[-118.325781,34.270994],[-118.325303,34.271143],[-118.325214,34.27113],[-118.32513,34.271105],[-118.325081,34.271104],[-118.324834,34.271155]]]}},{"type":"Feature","properties":{"k":"bunker"},"geometry":{"type":"Polygon","coordinates":[[[-118.327517,34.270977],[-118.327489,34.270989],[-118.327449,34.270958],[-118.327421,34.270969],[-118.327393,34.270962],[-118.327379,34.270947],[-118.32738,34.270926],[-118.327392,34.270916],[-118.32741,34.270916],[-118.327487,34.270935],[-118.327521,34.270959],[-118.327517,34.270977]]]}},{"type":"Feature","properties":{"k":"green"},"geometry":{"type":"Polygon","coordinates":[[[-118.329223,34.265267],[-118.329281,34.265256],[-118.329304,34.265262],[-118.329339,34.265289],[-118.329347,34.265346],[-118.329329,34.265399],[-118.329304,34.265421],[-118.329287,34.265426],[-118.329251,34.265422],[-118.329206,34.265402],[-118.329174,34.265368],[-118.329175,34.265306],[-118.329203,34.265276],[-118.329223,34.265267]]]}},{"type":"Feature","properties":{"k":"tee"},"geometry":{"type":"Polygon","coordinates":[[[-118.333421,34.268432],[-118.333398,34.268442],[-118.33339,34.268464],[-118.333403,34.268483],[-118.333429,34.26849],[-118.333453,34.268479],[-118.33346,34.268458],[-118.333447,34.268438],[-118.333421,34.268432]]]}},{"type":"Feature","properties":{"k":"tee"},"geometry":{"type":"Polygon","coordinates":[[[-118.328293,34.270716],[-118.328278,34.270708],[-118.328273,34.270692],[-118.328273,34.270669],[-118.328284,34.270654],[-118.328322,34.270631],[-118.328367,34.270639],[-118.328382,34.270661],[-118.328368,34.270697],[-118.328331,34.270718],[-118.328293,34.270716]]]}},{"type":"Feature","properties":{"k":"tee"},"geometry":{"type":"Polygon","coordinates":[[[-118.328239,34.270047],[-118.328217,34.270057],[-118.328209,34.270077],[-118.328221,34.270095],[-118.328245,34.270102],[-118.328267,34.270092],[-118.328275,34.270072],[-118.328263,34.270054],[-118.328239,34.270047]]]}},{"type":"Feature","properties":{"k":"tee"},"geometry":{"type":"Polygon","coordinates":[[[-118.323783,34.271183],[-118.323881,34.271166],[-118.323901,34.27114],[-118.323895,34.271121],[-118.323876,34.271107],[-118.323816,34.271101],[-118.32376,34.271122],[-118.323746,34.271153],[-118.323759,34.271174],[-118.323783,34.271183]]]}},{"type":"Feature","properties":{"k":"tee"},"geometry":{"type":"Polygon","coordinates":[[[-118.323549,34.2712],[-118.323653,34.271184],[-118.323671,34.271191],[-118.323681,34.271215],[-118.323662,34.271234],[-118.323553,34.271253],[-118.323534,34.271244],[-118.323525,34.271227],[-118.323531,34.27121],[-118.323549,34.2712]]]}},{"type":"Feature","properties":{"k":"tee"},"geometry":{"type":"Polygon","coordinates":[[[-118.324597,34.271204],[-118.324572,34.271214],[-118.324564,34.271236],[-118.324576,34.271256],[-118.324603,34.271264],[-118.324627,34.271253],[-118.324636,34.271232],[-118.324624,34.271211],[-118.324597,34.271204]]]}},{"type":"Feature","properties":{"k":"bunker"},"geometry":{"type":"Polygon","coordinates":[[[-118.329856,34.267116],[-118.32981,34.267101],[-118.329702,34.267094],[-118.329651,34.267067],[-118.329645,34.267035],[-118.329675,34.267014],[-118.329741,34.267028],[-118.329838,34.267027],[-118.329899,34.267049],[-118.32996,34.267057],[-118.329985,34.267086],[-118.329979,34.267117],[-118.329951,34.267138],[-118.329932,34.267142],[-118.329887,34.267136],[-118.329856,34.267116]]]}},{"type":"Feature","properties":{"k":"bunker"},"geometry":{"type":"Polygon","coordinates":[[[-118.328675,34.270117],[-118.328693,34.270085],[-118.328761,34.270023],[-118.328778,34.270019],[-118.328797,34.270026],[-118.328805,34.270051],[-118.328781,34.270088],[-118.328708,34.270131],[-118.328675,34.270117]]]}},{"type":"Feature","properties":{"k":"bunker"},"geometry":{"type":"Polygon","coordinates":[[[-118.328981,34.269997],[-118.328965,34.270002],[-118.328958,34.270015],[-118.328964,34.270028],[-118.32898,34.270033],[-118.328996,34.270029],[-118.329003,34.270016],[-118.328997,34.270003],[-118.328981,34.269997]]]}},{"type":"Feature","properties":{"k":"bunker"},"geometry":{"type":"Polygon","coordinates":[[[-118.329044,34.270218],[-118.329024,34.270225],[-118.329017,34.270241],[-118.329026,34.270257],[-118.329046,34.270263],[-118.329065,34.270256],[-118.329072,34.270239],[-118.329063,34.270224],[-118.329044,34.270218]]]}},{"type":"Feature","properties":{"k":"bunker"},"geometry":{"type":"Polygon","coordinates":[[[-118.328701,34.270372],[-118.328729,34.270383],[-118.328751,34.27037],[-118.328793,34.27037],[-118.328841,34.270331],[-118.328889,34.270313],[-118.32893,34.270319],[-118.328947,34.27033],[-118.328949,34.270345],[-118.328876,34.270392],[-118.328829,34.270387],[-118.328817,34.270406],[-118.328773,34.270409],[-118.328756,34.27042],[-118.328668,34.270444],[-118.328649,34.270442],[-118.328633,34.270423],[-118.328637,34.270402],[-118.328671,34.27037],[-118.328701,34.270372]]]}},{"type":"Feature","properties":{"k":"bunker"},"geometry":{"type":"Polygon","coordinates":[[[-118.328714,34.270265],[-118.328746,34.270231],[-118.328731,34.270213],[-118.328716,34.270213],[-118.328689,34.270235],[-118.328689,34.270256],[-118.328714,34.270265]]]}},{"type":"Feature","properties":{"k":"tee"},"geometry":{"type":"Polygon","coordinates":[[[-118.322879,34.268945],[-118.32285,34.268932],[-118.322844,34.268914],[-118.322852,34.268896],[-118.322871,34.268886],[-118.322929,34.268896],[-118.322938,34.268917],[-118.322929,34.26893],[-118.322905,34.268943],[-118.322879,34.268945]]]}},{"type":"Feature","properties":{"k":"tee"},"geometry":{"type":"Polygon","coordinates":[[[-118.322763,34.268841],[-118.322778,34.268848],[-118.322798,34.268871],[-118.322797,34.2689],[-118.322775,34.268922],[-118.322737,34.26893],[-118.322584,34.268877],[-118.322563,34.268856],[-118.322567,34.268838],[-118.322596,34.268825],[-118.322763,34.268841]]]}},{"type":"Feature","properties":{"k":"tee"},"geometry":{"type":"Polygon","coordinates":[[[-118.322474,34.268801],[-118.322495,34.268814],[-118.322503,34.268836],[-118.322492,34.268857],[-118.322469,34.268868],[-118.322354,34.268842],[-118.322331,34.268822],[-118.322332,34.268802],[-118.322357,34.268784],[-118.322474,34.268801]]]}},{"type":"Feature","properties":{"k":"fairway"},"geometry":{"type":"Polygon","coordinates":[[[-118.324445,34.268621],[-118.324462,34.268558],[-118.324484,34.268538],[-118.324513,34.268526],[-118.324555,34.268518],[-118.324591,34.268525],[-118.324619,34.268538],[-118.324629,34.268553],[-118.324623,34.268574],[-118.324581,34.268621],[-118.324558,34.268594],[-118.324521,34.268581],[-118.324473,34.26859],[-118.324445,34.268621]]]}},{"type":"Feature","properties":{"k":"fairway"},"geometry":{"type":"Polygon","coordinates":[[[-118.324296,34.268771],[-118.32429,34.268795],[-118.324293,34.268838],[-118.324318,34.268867],[-118.324288,34.268868],[-118.324165,34.268916],[-118.324004,34.268904],[-118.323978,34.268896],[-118.323945,34.268869],[-118.323942,34.26885],[-118.32397,34.268802],[-118.324026,34.268773],[-118.324095,34.268762],[-118.324208,34.268792],[-118.324243,34.268789],[-118.324296,34.268771]]]}},{"type":"Feature","properties":{"k":"penalty"},"geometry":{"type":"Polygon","coordinates":[[[-118.330123,34.270396],[-118.330197,34.270329],[-118.330241,34.270319],[-118.330287,34.270284],[-118.330339,34.270265],[-118.330493,34.270138],[-118.330588,34.270086],[-118.330598,34.270066],[-118.330442,34.270048],[-118.330274,34.270072],[-118.330127,34.270062],[-118.330093,34.270072],[-118.33004,34.270043],[-118.330034,34.270031],[-118.329961,34.270042],[-118.329738,34.270003],[-118.329666,34.269953],[-118.329635,34.269895],[-118.329705,34.269717],[-118.32976,34.269664],[-118.32984,34.269551],[-118.329892,34.269505],[-118.329957,34.269508],[-118.330204,34.269546],[-118.330291,34.26955],[-118.330388,34.269481],[-118.330678,34.269349],[-118.330788,34.269304],[-118.330916,34.269271],[-118.331,34.269217],[-118.33109,34.269108],[-118.331048,34.269084],[-118.331019,34.269082],[-118.330929,34.269149],[-118.330827,34.269186],[-118.330688,34.269224],[-118.330473,34.269249],[-118.330258,34.269342],[-118.330137,34.269348],[-118.330011,34.26931],[-118.329826,34.269278],[-118.329506,34.269361],[-118.329329,34.269385],[-118.329255,34.269403],[-118.329126,34.269459],[-118.329089,34.269492],[-118.329033,34.269578],[-118.328967,34.269631],[-118.328898,34.269746],[-118.328926,34.269772],[-118.328917,34.269791],[-118.328953,34.269826],[-118.329053,34.269842],[-118.32911,34.269875],[-118.329141,34.269917],[-118.329174,34.269917],[-118.329256,34.269865],[-118.329286,34.269863],[-118.329309,34.269871],[-118.329362,34.269956],[-118.32936,34.270114],[-118.329345,34.270163],[-118.329278,34.270236],[-118.329234,34.270322],[-118.32921,34.270352],[-118.329166,34.270363],[-118.329121,34.270359],[-118.329104,34.270334],[-118.32908,34.270321],[-118.329035,34.270316],[-118.328997,34.27032],[-118.328838,34.270421],[-118.328784,34.270443],[-118.328737,34.270481],[-118.328625,34.270525],[-118.328601,34.270525],[-118.32858,34.27051],[-118.328535,34.270419],[-118.328522,34.270373],[-118.328542,34.270222],[-118.328566,34.270163],[-118.328605,34.270123],[-118.328659,34.270101],[-118.328748,34.27002],[-118.328757,34.269996],[-118.32874,34.269989],[-118.328695,34.26999],[-118.328639,34.270011],[-118.328572,34.270052],[-118.328442,34.270196],[-118.328402,34.270222],[-118.328309,34.270257],[-118.328177,34.270323],[-118.32814,34.270343],[-118.32812,34.270366],[-118.328119,34.270404],[-118.328134,34.270433],[-118.328204,34.270514],[-118.328267,34.270559],[-118.328369,34.270569],[-118.328422,34.27059],[-118.32845,34.270621],[-118.328455,34.270673],[-118.32843,34.270719],[-118.328358,34.270776],[-118.328204,34.270861],[-118.328152,34.270936],[-118.328175,34.270968],[-118.32819,34.270975],[-118.32827,34.27092],[-118.328374,34.270878],[-118.328533,34.270826],[-118.328629,34.2708],[-118.328695,34.270795],[-118.328761,34.270763],[-118.329095,34.270688],[-118.329486,34.270585],[-118.329613,34.270537],[-118.329655,34.270536],[-118.329672,34.270548],[-118.329887,34.270496],[-118.330015,34.270423],[-118.330061,34.270406],[-118.330098,34.270405],[-118.330123,34.270396]]]}},{"type":"Feature","properties":{"k":"penalty"},"geometry":{"type":"Polygon","coordinates":[[[-118.328343,34.271525],[-118.328401,34.271549],[-118.328455,34.271556],[-118.328508,34.271548],[-118.328556,34.271527],[-118.3287,34.271435],[-118.328733,34.271422],[-118.328773,34.271411],[-118.329044,34.271371],[-118.329194,34.27132],[-118.329331,34.271219],[-118.329382,34.271167],[-118.329453,34.271063],[-118.329567,34.270941],[-118.32959,34.270927],[-118.329627,34.270917],[-118.329805,34.270923],[-118.329889,34.270905],[-118.329994,34.270834],[-118.330093,34.270781],[-118.330171,34.270704],[-118.330295,34.270604],[-118.330326,34.270567],[-118.330338,34.270518],[-118.330363,34.270487],[-118.330395,34.270485],[-118.330462,34.2705],[-118.33053,34.270499],[-118.330666,34.270413],[-118.330874,34.270233],[-118.330896,34.270199],[-118.3309,34.270158],[-118.330912,34.270133],[-118.331104,34.270081],[-118.331151,34.27006],[-118.331156,34.270031],[-118.331139,34.269985],[-118.331114,34.269968],[-118.331071,34.269965],[-118.330874,34.270042],[-118.330833,34.270088],[-118.330788,34.270065],[-118.33066,34.270031],[-118.330677,34.270003],[-118.330746,34.26995],[-118.330901,34.269892],[-118.331006,34.269835],[-118.331127,34.269816],[-118.33118,34.269798],[-118.331226,34.269823],[-118.331301,34.269832],[-118.331356,34.269857],[-118.331467,34.269881],[-118.331563,34.269924],[-118.331639,34.270005],[-118.331549,34.270062],[-118.331463,34.270142],[-118.331383,34.270272],[-118.331332,34.270306],[-118.331284,34.270353],[-118.331237,34.270382],[-118.330955,34.270502],[-118.330783,34.270559],[-118.330691,34.270609],[-118.330577,34.270644],[-118.330449,34.270703],[-118.330225,34.270859],[-118.330122,34.2709],[-118.329995,34.270906],[-118.329782,34.271067],[-118.329707,34.271111],[-118.329606,34.271147],[-118.329545,34.271157],[-118.329507,34.271176],[-118.329483,34.271232],[-118.329392,34.271332],[-118.329298,34.271403],[-118.329051,34.271517],[-118.328655,34.271639],[-118.32857,34.271687],[-118.328447,34.271819],[-118.328416,34.271835],[-118.328381,34.271842],[-118.328345,34.271841],[-118.328256,34.27182],[-118.328222,34.271824],[-118.328192,34.271837],[-118.32812,34.271884],[-118.328091,34.271896],[-118.328059,34.271899],[-118.327999,34.271882],[-118.327961,34.27184],[-118.327949,34.271631],[-118.327972,34.271538],[-118.328008,34.271515],[-118.328203,34.27149],[-118.328295,34.2715],[-118.328343,34.271525]]]}},{"type":"Feature","properties":{"k":"wood"},"geometry":{"type":"Polygon","coordinates":[[[-118.330433,34.270467],[-118.330383,34.270455],[-118.330335,34.270471],[-118.330317,34.270487],[-118.3303,34.270531],[-118.330267,34.270512],[-118.330236,34.270506],[-118.330216,34.270503],[-118.330179,34.270515],[-118.330159,34.270543],[-118.330165,34.270575],[-118.330177,34.270589],[-118.330194,34.270598],[-118.330257,34.270588],[-118.330192,34.270638],[-118.330053,34.270775],[-118.329872,34.270883],[-118.329818,34.270896],[-118.329711,34.270891],[-118.32974,34.270851],[-118.329801,34.270723],[-118.329828,34.270687],[-118.330047,34.270551],[-118.330145,34.270446],[-118.330141,34.270421],[-118.330279,34.270322],[-118.330371,34.270291],[-118.33045,34.270218],[-118.330616,34.270107],[-118.330632,34.270086],[-118.330633,34.27006],[-118.330684,34.270067],[-118.330764,34.270095],[-118.330768,34.270128],[-118.330551,34.270271],[-118.33054,34.270301],[-118.330554,34.270337],[-118.330577,34.270358],[-118.330613,34.270364],[-118.330673,34.270357],[-118.330644,34.270388],[-118.33053,34.270468],[-118.330504,34.27048],[-118.330433,34.270467]]]}},{"type":"Feature","properties":{"k":"tee"},"geometry":{"type":"Polygon","coordinates":[[[-118.330776,34.270223],[-118.330738,34.270227],[-118.330717,34.270213],[-118.330712,34.270192],[-118.33074,34.270156],[-118.330762,34.270143],[-118.330783,34.270142],[-118.330813,34.270153],[-118.330821,34.270178],[-118.330803,34.270205],[-118.330776,34.270223]]]}},{"type":"Feature","properties":{"k":"tee"},"geometry":{"type":"Polygon","coordinates":[[[-118.330701,34.270285],[-118.330705,34.270262],[-118.330692,34.270241],[-118.330667,34.27023],[-118.330636,34.270232],[-118.330581,34.270262],[-118.330563,34.270283],[-118.330558,34.27031],[-118.330573,34.270335],[-118.33062,34.270347],[-118.330673,34.270325],[-118.330701,34.270285]]]}},{"type":"Feature","properties":{"k":"penalty"},"geometry":{"type":"Polygon","coordinates":[[[-118.332754,34.269025],[-118.332717,34.269101],[-118.332649,34.26915],[-118.332522,34.269178],[-118.332406,34.269232],[-118.332317,34.269288],[-118.332168,34.269434],[-118.332083,34.269498],[-118.332057,34.26957],[-118.332099,34.269579],[-118.332147,34.269602],[-118.332166,34.269625],[-118.332387,34.269604],[-118.332454,34.269556],[-118.332543,34.269548],[-118.332602,34.269576],[-118.332673,34.269679],[-118.332844,34.269814],[-118.332864,34.269883],[-118.332835,34.269958],[-118.332795,34.270026],[-118.332745,34.270048],[-118.332688,34.270045],[-118.332622,34.270071],[-118.332585,34.270108],[-118.332565,34.270134],[-118.33261,34.270195],[-118.332611,34.270243],[-118.332573,34.27027],[-118.332484,34.270274],[-118.332392,34.270314],[-118.332309,34.270339],[-118.332257,34.270364],[-118.332205,34.270404],[-118.332124,34.270555],[-118.332057,34.270623],[-118.332017,34.270684],[-118.332001,34.270732],[-118.332017,34.270754],[-118.332048,34.270747],[-118.332111,34.270671],[-118.332143,34.270645],[-118.332277,34.270611],[-118.332328,34.270591],[-118.332501,34.270457],[-118.332708,34.270332],[-118.332795,34.270293],[-118.332885,34.270266],[-118.332949,34.270235],[-118.333153,34.270059],[-118.333291,34.270014],[-118.333311,34.269995],[-118.33331,34.269968],[-118.333255,34.269942],[-118.333114,34.269946],[-118.333067,34.269927],[-118.333048,34.269885],[-118.33295,34.269824],[-118.332933,34.269794],[-118.332953,34.269762],[-118.333005,34.269741],[-118.333067,34.26974],[-118.333135,34.269762],[-118.333156,34.269787],[-118.333109,34.269872],[-118.333117,34.269893],[-118.33317,34.2699],[-118.333231,34.269896],[-118.333341,34.269945],[-118.333378,34.269949],[-118.33344,34.269907],[-118.3335,34.269815],[-118.333542,34.269721],[-118.333582,34.269611],[-118.333506,34.269581],[-118.333398,34.269653],[-118.333273,34.269659],[-118.333013,34.26962],[-118.332896,34.269564],[-118.332806,34.269477],[-118.332786,34.269414],[-118.332837,34.269327],[-118.332888,34.269209],[-118.332871,34.26915],[-118.332808,34.269013],[-118.332754,34.269025]]]}},{"type":"Feature","properties":{"k":"treeline"},"geometry":{"type":"LineString","coordinates":[[-118.333193,34.269732],[-118.332936,34.269664]]}},{"type":"Feature","properties":{"k":"treeline"},"geometry":{"type":"LineString","coordinates":[[-118.328113,34.271029],[-118.327986,34.271192]]}},{"type":"Feature","properties":{"k":"treeline"},"geometry":{"type":"LineString","coordinates":[[-118.326206,34.269639],[-118.326024,34.269578],[-118.325788,34.269553],[-118.325552,34.269589]]}},{"type":"Feature","properties":{"k":"treeline"},"geometry":{"type":"LineString","coordinates":[[-118.327617,34.269835],[-118.327495,34.269877],[-118.327098,34.269947],[-118.327004,34.269925],[-118.326867,34.269815]]}},{"type":"Feature","properties":{"k":"treeline"},"geometry":{"type":"LineString","coordinates":[[-118.32316,34.269652],[-118.323199,34.2696],[-118.323294,34.269543],[-118.323381,34.269553],[-118.323572,34.26961]]}},{"type":"Feature","properties":{"k":"penalty"},"geometry":{"type":"Polygon","coordinates":[[[-118.327111,34.270214],[-118.327208,34.270103],[-118.327204,34.27006],[-118.326966,34.270092],[-118.326868,34.270064],[-118.326759,34.270051],[-118.326628,34.270063],[-118.325995,34.269993],[-118.325811,34.270019],[-118.325738,34.270021],[-118.325677,34.269996],[-118.32554,34.269907],[-118.325502,34.269905],[-118.325321,34.269922],[-118.324971,34.269868],[-118.324742,34.269868],[-118.324504,34.269849],[-118.324436,34.269855],[-118.324401,34.2699],[-118.324391,34.269883],[-118.324339,34.269856],[-118.324183,34.269804],[-118.324174,34.269779],[-118.324085,34.269791],[-118.323962,34.269746],[-118.323874,34.269731],[-118.323807,34.269702],[-118.323771,34.269626],[-118.323735,34.269602],[-118.323692,34.269596],[-118.323626,34.269623],[-118.32358,34.269632],[-118.323404,34.269583],[-118.323308,34.269564],[-118.323245,34.269595],[-118.32319,34.269649],[-118.323167,34.269683],[-118.323154,34.269686],[-118.323167,34.269593],[-118.323162,34.269561],[-118.323105,34.269514],[-118.323131,34.269495],[-118.323151,34.269494],[-118.323189,34.269506],[-118.323276,34.269479],[-118.323273,34.269467],[-118.323329,34.269449],[-118.323301,34.269388],[-118.323198,34.269424],[-118.323136,34.26942],[-118.322972,34.269292],[-118.322926,34.26924],[-118.322896,34.269183],[-118.322877,34.269132],[-118.322881,34.269067],[-118.322897,34.269039],[-118.32292,34.269028],[-118.323063,34.26899],[-118.323108,34.268986],[-118.323206,34.268988],[-118.3233,34.269001],[-118.323493,34.269049],[-118.323662,34.269071],[-118.323748,34.269117],[-118.323644,34.269183],[-118.323619,34.269218],[-118.323639,34.269267],[-118.323711,34.269339],[-118.323764,34.269377],[-118.323885,34.269507],[-118.323987,34.269576],[-118.324102,34.269617],[-118.324218,34.269636],[-118.324416,34.26958],[-118.324515,34.269574],[-118.324737,34.269594],[-118.325366,34.269595],[-118.325483,34.269589],[-118.325502,34.269537],[-118.325529,34.269506],[-118.325572,34.269495],[-118.325627,34.269518],[-118.325692,34.269531],[-118.325843,34.269538],[-118.326037,34.269566],[-118.326238,34.269619],[-118.326654,34.269758],[-118.326849,34.269798],[-118.326961,34.26985],[-118.327071,34.269913],[-118.327145,34.269925],[-118.327368,34.269885],[-118.327513,34.269852],[-118.327653,34.269811],[-118.327764,34.26976],[-118.327875,34.269725],[-118.32805,34.269611],[-118.328338,34.269492],[-118.328352,34.269492],[-118.328362,34.269578],[-118.328421,34.269713],[-118.328479,34.269772],[-118.328508,34.269786],[-118.328582,34.269799],[-118.328648,34.269785],[-118.328704,34.269764],[-118.328743,34.26973],[-118.328775,34.269688],[-118.328871,34.269714],[-118.328819,34.269848],[-118.328779,34.269896],[-118.328764,34.269909],[-118.328739,34.269911],[-118.328707,34.269927],[-118.328697,34.269951],[-118.328562,34.270014],[-118.328396,34.270183],[-118.328336,34.270208],[-118.328309,34.270209],[-118.328254,34.270119],[-118.328286,34.270093],[-118.328306,34.270065],[-118.328303,34.270042],[-118.328214,34.270021],[-118.328179,34.270029],[-118.328089,34.27002],[-118.327871,34.270124],[-118.327668,34.270201],[-118.327641,34.270228],[-118.327632,34.270275],[-118.327542,34.270272],[-118.327373,34.27029],[-118.327391,34.270276],[-118.327403,34.270233],[-118.327391,34.270214],[-118.327365,34.270194],[-118.327329,34.27019],[-118.327286,34.270202],[-118.327234,34.270267],[-118.327194,34.270256],[-118.327111,34.270214]]]}},{"type":"Feature","properties":{"k":"penalty"},"geometry":{"type":"Polygon","coordinates":[[[-118.327091,34.270239],[-118.326907,34.270284],[-118.326779,34.270285],[-118.32671,34.270299],[-118.326308,34.270441],[-118.326246,34.270499],[-118.326223,34.27053],[-118.326211,34.270568],[-118.326214,34.270599],[-118.326254,34.270623],[-118.326302,34.270634],[-118.326561,34.270646],[-118.326712,34.270629],[-118.326879,34.270597],[-118.326913,34.2706],[-118.327057,34.270642],[-118.327082,34.270633],[-118.327163,34.270562],[-118.327199,34.270557],[-118.327281,34.270581],[-118.32734,34.270575],[-118.327359,34.270607],[-118.327516,34.270517],[-118.327562,34.270501],[-118.327638,34.2705],[-118.327684,34.270538],[-118.327784,34.270723],[-118.327889,34.270779],[-118.327943,34.270827],[-118.327975,34.270902],[-118.32798,34.270952],[-118.328011,34.270996],[-118.328027,34.271014],[-118.32804,34.271012],[-118.32807,34.270987],[-118.328114,34.270924],[-118.328036,34.270858],[-118.328002,34.270817],[-118.327953,34.27072],[-118.327944,34.270679],[-118.32803,34.270625],[-118.328099,34.270547],[-118.32809,34.27053],[-118.327998,34.270501],[-118.328012,34.270457],[-118.328056,34.270395],[-118.328108,34.270283],[-118.328112,34.270195],[-118.328067,34.270206],[-118.327864,34.270307],[-118.327787,34.27033],[-118.327723,34.270334],[-118.327554,34.270303],[-118.327367,34.270324],[-118.327305,34.270323],[-118.32719,34.270292],[-118.327091,34.270239]]]}},{"type":"Feature","properties":{"k":"penalty"},"geometry":{"type":"Polygon","coordinates":[[[-118.325154,34.270646],[-118.325216,34.270515],[-118.325177,34.270468],[-118.325074,34.270448],[-118.32474,34.270421],[-118.324599,34.270399],[-118.324398,34.270444],[-118.324133,34.270526],[-118.324071,34.270538],[-118.323962,34.270543],[-118.32385,34.270528],[-118.323801,34.270528],[-118.323701,34.27055],[-118.323652,34.27055],[-118.323559,34.270513],[-118.323463,34.27055],[-118.32349,34.270705],[-118.323489,34.270739],[-118.323469,34.270777],[-118.323381,34.270875],[-118.323206,34.270976],[-118.323151,34.271035],[-118.323124,34.271084],[-118.323122,34.271115],[-118.323142,34.271137],[-118.323171,34.27115],[-118.323343,34.271177],[-118.323389,34.271175],[-118.323439,34.271161],[-118.323564,34.2711],[-118.323638,34.271073],[-118.323752,34.271047],[-118.323852,34.271032],[-118.323932,34.271036],[-118.324114,34.271025],[-118.324239,34.271027],[-118.324399,34.271],[-118.324474,34.270975],[-118.324615,34.270901],[-118.32471,34.270873],[-118.324998,34.270743],[-118.325154,34.270646]]]}},{"type":"Feature","properties":{"k":"tee"},"geometry":{"type":"Polygon","coordinates":[[[-118.329081,34.268422],[-118.32904,34.268409],[-118.329029,34.268385],[-118.32904,34.268362],[-118.329066,34.268349],[-118.329283,34.268341],[-118.32931,34.268347],[-118.329322,34.26836],[-118.329317,34.268378],[-118.329288,34.268396],[-118.329081,34.268422]]]}},{"type":"Feature","properties":{"k":"penalty"},"geometry":{"type":"Polygon","coordinates":[[[-118.3286,34.269763],[-118.328538,34.269762],[-118.328486,34.269734],[-118.328419,34.269612],[-118.328403,34.269561],[-118.328391,34.269477],[-118.328837,34.269335],[-118.328839,34.269294],[-118.328814,34.269284],[-118.328699,34.269315],[-118.328574,34.269318],[-118.32836,34.269293],[-118.328347,34.269264],[-118.328242,34.269245],[-118.328161,34.26925],[-118.328111,34.269243],[-118.327931,34.269262],[-118.327839,34.269225],[-118.327835,34.269199],[-118.32795,34.269108],[-118.328002,34.269097],[-118.328326,34.269089],[-118.328647,34.269135],[-118.329117,34.269123],[-118.329235,34.269084],[-118.329334,34.269017],[-118.329368,34.268971],[-118.329372,34.268928],[-118.329353,34.268888],[-118.329358,34.268864],[-118.329439,34.268809],[-118.329457,34.268781],[-118.329439,34.268673],[-118.329421,34.268625],[-118.329377,34.268549],[-118.329419,34.268498],[-118.329407,34.268433],[-118.32944,34.268414],[-118.329491,34.268406],[-118.329626,34.268411],[-118.329661,34.268404],[-118.329694,34.268386],[-118.329714,34.26836],[-118.32973,34.268261],[-118.329744,34.268226],[-118.32977,34.268203],[-118.329783,34.268175],[-118.329764,34.268151],[-118.329728,34.268139],[-118.329687,34.268141],[-118.329655,34.268164],[-118.329639,34.26819],[-118.329647,34.268223],[-118.329684,34.268244],[-118.329665,34.268362],[-118.329646,34.268383],[-118.329487,34.268367],[-118.329428,34.268376],[-118.329381,34.268402],[-118.329365,34.268421],[-118.32934,34.268414],[-118.329346,34.268342],[-118.329332,34.268333],[-118.329078,34.268327],[-118.329037,34.268343],[-118.329009,34.26837],[-118.328995,34.2684],[-118.328999,34.26842],[-118.32905,34.268446],[-118.329058,34.268458],[-118.328971,34.26846],[-118.328856,34.2684],[-118.328802,34.268383],[-118.328543,34.26838],[-118.328352,34.268338],[-118.328056,34.26829],[-118.327641,34.26819],[-118.327027,34.267933],[-118.326907,34.267946],[-118.3266,34.26793],[-118.326481,34.267931],[-118.326241,34.267953],[-118.325999,34.267946],[-118.325917,34.267951],[-118.325559,34.268004],[-118.325444,34.268025],[-118.325254,34.268101],[-118.325205,34.268113],[-118.325175,34.268156],[-118.325154,34.268255],[-118.325048,34.268221],[-118.324832,34.267993],[-118.324797,34.267964],[-118.324749,34.267966],[-118.324768,34.267919],[-118.324873,34.267908],[-118.32493,34.267893],[-118.325147,34.267814],[-118.325262,34.267744],[-118.325491,34.26768],[-118.325547,34.267672],[-118.326021,34.267664],[-118.326441,34.267633],[-118.326913,34.267659],[-118.327092,34.267659],[-118.327149,34.26767],[-118.327363,34.267763],[-118.327544,34.267778],[-118.327703,34.267755],[-118.327884,34.267795],[-118.327947,34.267793],[-118.328098,34.267761],[-118.328177,34.267737],[-118.328204,34.267702],[-118.328202,34.267664],[-118.328169,34.267628],[-118.328075,34.267556],[-118.327922,34.267461],[-118.327855,34.2674],[-118.327692,34.267225],[-118.327559,34.267029],[-118.327503,34.26699],[-118.327447,34.266978],[-118.327328,34.267002],[-118.327254,34.267065],[-118.327192,34.267083],[-118.327157,34.267055],[-118.327166,34.267047],[-118.327192,34.267047],[-118.327223,34.267033],[-118.327261,34.266995],[-118.3274,34.266648],[-118.327442,34.266611],[-118.327488,34.266606],[-118.327577,34.266644],[-118.327637,34.266739],[-118.327677,34.266766],[-118.327946,34.266865],[-118.328113,34.266937],[-118.328242,34.267009],[-118.328314,34.267058],[-118.328434,34.26716],[-118.328474,34.267216],[-118.328507,34.267296],[-118.328609,34.267408],[-118.328776,34.267471],[-118.328924,34.267548],[-118.328986,34.267563],[-118.329081,34.267535],[-118.329152,34.267558],[-118.329188,34.267562],[-118.329293,34.267507],[-118.329328,34.267479],[-118.329374,34.267425],[-118.329396,34.26737],[-118.329411,34.267299],[-118.329404,34.267251],[-118.329262,34.267144],[-118.329238,34.267091],[-118.329279,34.267089],[-118.329349,34.267104],[-118.329416,34.267134],[-118.329471,34.267176],[-118.329551,34.267305],[-118.329503,34.267398],[-118.329488,34.267543],[-118.329485,34.267604],[-118.329498,34.267635],[-118.329524,34.26765],[-118.329657,34.267687],[-118.329686,34.267688],[-118.329734,34.267662],[-118.329818,34.26757],[-118.329854,34.26755],[-118.32987,34.267525],[-118.329857,34.267491],[-118.329822,34.267449],[-118.329771,34.267421],[-118.32975,34.267393],[-118.329743,34.267355],[-118.329752,34.267313],[-118.329783,34.267298],[-118.329874,34.267277],[-118.329919,34.267285],[-118.330094,34.267374],[-118.330545,34.267569],[-118.330489,34.267569],[-118.330438,34.267583],[-118.33043,34.267605],[-118.330438,34.267632],[-118.330462,34.267662],[-118.330509,34.267691],[-118.330585,34.267684],[-118.330605,34.267668],[-118.330621,34.267648],[-118.330624,34.267603],[-118.330675,34.267619],[-118.33078,34.267627],[-118.330823,34.267638],[-118.331039,34.267764],[-118.330906,34.267788],[-118.330811,34.267843],[-118.330671,34.268001],[-118.330587,34.26806],[-118.330579,34.268089],[-118.330593,34.268123],[-118.330703,34.268273],[-118.330761,34.268338],[-118.330782,34.268347],[-118.330963,34.268327],[-118.331073,34.268282],[-118.331185,34.268247],[-118.331342,34.268147],[-118.331382,34.268107],[-118.331472,34.267998],[-118.331507,34.267942],[-118.331507,34.267922],[-118.331553,34.267925],[-118.331706,34.267895],[-118.331767,34.267864],[-118.331806,34.267829],[-118.331823,34.267779],[-118.331894,34.267781],[-118.331949,34.267773],[-118.331983,34.267754],[-118.332044,34.267761],[-118.332095,34.267787],[-118.332152,34.26779],[-118.33221,34.267784],[-118.332231,34.267763],[-118.332236,34.26773],[-118.332191,34.26768],[-118.332146,34.267643],[-118.332097,34.267634],[-118.332051,34.267641],[-118.332107,34.267563],[-118.332134,34.267547],[-118.332175,34.267538],[-118.332207,34.267541],[-118.332262,34.267567],[-118.332331,34.26764],[-118.332358,34.26765],[-118.332438,34.267643],[-118.332519,34.2676],[-118.332575,34.267586],[-118.332685,34.267618],[-118.33284,34.267601],[-118.333088,34.267614],[-118.333328,34.267601],[-118.333345,34.267605],[-118.333392,34.267739],[-118.33342,34.267759],[-118.333469,34.267778],[-118.333657,34.267783],[-118.333644,34.267795],[-118.33353,34.267812],[-118.333353,34.267811],[-118.333166,34.26783],[-118.333047,34.267828],[-118.332991,34.267835],[-118.33273,34.267902],[-118.332645,34.267916],[-118.332266,34.268062],[-118.332267,34.268045],[-118.332248,34.268041],[-118.332075,34.268081],[-118.331956,34.26809],[-118.331842,34.268124],[-118.33169,34.268127],[-118.331504,34.268188],[-118.331355,34.268274],[-118.331155,34.268423],[-118.33063,34.268581],[-118.330547,34.268613],[-118.330392,34.26869],[-118.330314,34.268741],[-118.33019,34.268838],[-118.330098,34.268855],[-118.330011,34.268834],[-118.329911,34.268872],[-118.32986,34.268905],[-118.329829,34.268945],[-118.329831,34.268972],[-118.329859,34.269006],[-118.329852,34.269025],[-118.329649,34.269128],[-118.329339,34.269254],[-118.329309,34.269286],[-118.329302,34.26932],[-118.329313,34.269349],[-118.32919,34.269392],[-118.329113,34.269433],[-118.329029,34.269505],[-118.328971,34.269491],[-118.328918,34.269512],[-118.328875,34.269545],[-118.328869,34.269566],[-118.328877,34.269586],[-118.328818,34.269592],[-118.328785,34.269609],[-118.3287,34.269715],[-118.328657,34.269743],[-118.3286,34.269763]]]}},{"type":"Feature","properties":{"k":"penalty"},"geometry":{"type":"Polygon","coordinates":[[[-118.331243,34.269711],[-118.331332,34.26969],[-118.331674,34.269737],[-118.331788,34.269744],[-118.331872,34.269734],[-118.332025,34.269631],[-118.332042,34.269594],[-118.332097,34.269608],[-118.332146,34.269638],[-118.331979,34.269843],[-118.331918,34.2699],[-118.331877,34.269918],[-118.331828,34.269912],[-118.331742,34.26992],[-118.331678,34.269975],[-118.331612,34.269916],[-118.331547,34.269878],[-118.331447,34.269835],[-118.33138,34.269825],[-118.331295,34.269792],[-118.331256,34.269799],[-118.331234,34.26979],[-118.331232,34.269753],[-118.331243,34.269711]]]}},{"type":"Feature","properties":{"k":"penalty"},"geometry":{"type":"Polygon","coordinates":[[[-118.332153,34.270414],[-118.331976,34.270413],[-118.33186,34.270506],[-118.331836,34.270565],[-118.331752,34.270624],[-118.331727,34.270662],[-118.331656,34.270811],[-118.331597,34.270896],[-118.331526,34.270975],[-118.331479,34.271008],[-118.331322,34.271075],[-118.331179,34.27117],[-118.33113,34.271194],[-118.331006,34.271227],[-118.330886,34.271284],[-118.330802,34.271375],[-118.33077,34.2714],[-118.330622,34.271469],[-118.330475,34.271581],[-118.330154,34.271676],[-118.329983,34.271707],[-118.329818,34.271761],[-118.329703,34.271782],[-118.329583,34.271786],[-118.329407,34.271815],[-118.329289,34.271818],[-118.329171,34.271816],[-118.329114,34.271765],[-118.329088,34.271775],[-118.329054,34.271807],[-118.329038,34.271814],[-118.328983,34.271812],[-118.328928,34.271791],[-118.328841,34.271792],[-118.328589,34.271835],[-118.328511,34.271875],[-118.328432,34.271898],[-118.328389,34.271926],[-118.328304,34.271852],[-118.328254,34.27185],[-118.328169,34.2719],[-118.328242,34.271892],[-118.328263,34.271907],[-118.328293,34.271944],[-118.328293,34.271964],[-118.328265,34.272005],[-118.328053,34.272051],[-118.328006,34.272028],[-118.327983,34.271977],[-118.327973,34.271981],[-118.327981,34.272038],[-118.327949,34.272097],[-118.327924,34.272102],[-118.327885,34.272093],[-118.327832,34.272109],[-118.327927,34.272131],[-118.32798,34.272124],[-118.328032,34.272104],[-118.328248,34.272053],[-118.328663,34.271867],[-118.329531,34.271847],[-118.329883,34.271796],[-118.330414,34.271626],[-118.330708,34.271586],[-118.330939,34.271527],[-118.331164,34.27142],[-118.331379,34.271294],[-118.33158,34.271194],[-118.33199,34.27103],[-118.332323,34.270823],[-118.332771,34.270564],[-118.332913,34.270467],[-118.332844,34.270394],[-118.332809,34.270321],[-118.332745,34.27035],[-118.33263,34.270431],[-118.332486,34.270517],[-118.332567,34.270591],[-118.332573,34.270613],[-118.332536,34.270643],[-118.332385,34.270728],[-118.33232,34.270775],[-118.332269,34.270795],[-118.332229,34.270771],[-118.332217,34.2707],[-118.332172,34.270676],[-118.332049,34.270798],[-118.332075,34.270881],[-118.332054,34.270947],[-118.332013,34.270964],[-118.331966,34.270942],[-118.331942,34.270898],[-118.331957,34.270726],[-118.332034,34.270592],[-118.332108,34.270506],[-118.332153,34.270414]]]}},{"type":"Feature","properties":{"k":"penalty"},"geometry":{"type":"Polygon","coordinates":[[[-118.33671,34.270808],[-118.336636,34.270803],[-118.336557,34.270787],[-118.336495,34.270757],[-118.336448,34.270717],[-118.336306,34.270537],[-118.336196,34.270423],[-118.336157,34.270392],[-118.336116,34.270368],[-118.336075,34.270359],[-118.335928,34.270357],[-118.335905,34.270339],[-118.335862,34.27028],[-118.335901,34.270208],[-118.335893,34.270178],[-118.335867,34.270146],[-118.335832,34.270124],[-118.335755,34.270097],[-118.335726,34.270102],[-118.335691,34.270125],[-118.335655,34.270113],[-118.335563,34.270056],[-118.335366,34.269979],[-118.335358,34.269949],[-118.335339,34.269933],[-118.335281,34.269922],[-118.335213,34.269879],[-118.335194,34.269862],[-118.335187,34.269839],[-118.335144,34.269816],[-118.335099,34.269777],[-118.335018,34.269749],[-118.334993,34.269724],[-118.334906,34.269668],[-118.334867,34.269631],[-118.334826,34.269605],[-118.334772,34.269539],[-118.334659,34.269448],[-118.334615,34.2694],[-118.334575,34.26934],[-118.334532,34.269221],[-118.334581,34.269238],[-118.334652,34.269249],[-118.334726,34.269223],[-118.334783,34.269232],[-118.334841,34.269253],[-118.334886,34.269275],[-118.33493,34.26931],[-118.334969,34.269374],[-118.335146,34.26947],[-118.335211,34.269519],[-118.33526,34.269539],[-118.335354,34.269561],[-118.335545,34.269725],[-118.335609,34.269794],[-118.335747,34.269854],[-118.335791,34.269888],[-118.335862,34.269891],[-118.335915,34.269909],[-118.335984,34.269953],[-118.336167,34.270038],[-118.336196,34.270042],[-118.336279,34.270034],[-118.336215,34.270095],[-118.336161,34.27013],[-118.336142,34.270153],[-118.336149,34.270178],[-118.336179,34.270218],[-118.33637,34.270342],[-118.3364,34.270378],[-118.336439,34.270569],[-118.336475,34.270646],[-118.33653,34.270699],[-118.336609,34.270761],[-118.336648,34.270767],[-118.336684,34.270752],[-118.336696,34.270739],[-118.336707,34.270748],[-118.336699,34.270789],[-118.33671,34.270808]]]}},{"type":"Feature","properties":{"k":"penalty"},"geometry":{"type":"Polygon","coordinates":[[[-118.332515,34.267554],[-118.332339,34.267483],[-118.332191,34.267414],[-118.332152,34.267369],[-118.332068,34.267175],[-118.332355,34.267006],[-118.332454,34.266957],[-118.33256,34.266919],[-118.3326,34.266918],[-118.332633,34.266936],[-118.332677,34.266939],[-118.332716,34.266933],[-118.332772,34.266957],[-118.332819,34.266996],[-118.333005,34.26711],[-118.333051,34.267113],[-118.333102,34.267092],[-118.333118,34.267071],[-118.333093,34.266698],[-118.333054,34.266619],[-118.332992,34.266537],[-118.332934,34.266396],[-118.33289,34.266411],[-118.332858,34.266467],[-118.332819,34.266482],[-118.332755,34.266455],[-118.332735,34.266434],[-118.332704,34.26642],[-118.332649,34.26646],[-118.332492,34.266522],[-118.332319,34.266658],[-118.332198,34.266719],[-118.332152,34.266726],[-118.332102,34.266724],[-118.332066,34.266707],[-118.332054,34.26672],[-118.332055,34.2668],[-118.332019,34.266836],[-118.331806,34.26694],[-118.331699,34.266982],[-118.33166,34.266982],[-118.331598,34.266965],[-118.331434,34.266896],[-118.331379,34.266882],[-118.331263,34.26688],[-118.331091,34.266847],[-118.331033,34.266829],[-118.330736,34.26666],[-118.330686,34.266624],[-118.330652,34.266586],[-118.330611,34.266562],[-118.330562,34.26656],[-118.330369,34.266657],[-118.330364,34.266675],[-118.330384,34.266701],[-118.330537,34.266807],[-118.330766,34.26691],[-118.330844,34.266952],[-118.330894,34.267057],[-118.330724,34.267129],[-118.33031,34.267323],[-118.330167,34.26735],[-118.330172,34.26737],[-118.330515,34.267516],[-118.33057,34.267532],[-118.33066,34.267514],[-118.330685,34.26745],[-118.330709,34.267421],[-118.330735,34.267414],[-118.330761,34.26742],[-118.33078,34.267429],[-118.330804,34.267467],[-118.330802,34.267496],[-118.330778,34.26756],[-118.330939,34.267681],[-118.331076,34.267746],[-118.331112,34.267748],[-118.33114,34.267742],[-118.331291,34.267662],[-118.331336,34.267655],[-118.33144,34.267675],[-118.331424,34.26761],[-118.331429,34.267585],[-118.331451,34.267569],[-118.331483,34.267558],[-118.331531,34.267557],[-118.331699,34.267581],[-118.331857,34.267582],[-118.331903,34.267591],[-118.331964,34.267621],[-118.331988,34.26758],[-118.332032,34.267541],[-118.332081,34.267514],[-118.332138,34.267503],[-118.332199,34.267497],[-118.332256,34.267513],[-118.332292,34.267537],[-118.332365,34.267611],[-118.332397,34.267616],[-118.332434,34.267609],[-118.332521,34.267563],[-118.332515,34.267554]]]}},{"type":"Feature","properties":{"k":"penalty"},"geometry":{"type":"Polygon","coordinates":[[[-118.326332,34.268643],[-118.326423,34.268637],[-118.326465,34.26862],[-118.326469,34.268589],[-118.326457,34.268538],[-118.326437,34.268501],[-118.326325,34.268454],[-118.326258,34.268442],[-118.325926,34.268425],[-118.325582,34.268504],[-118.325474,34.268515],[-118.325334,34.268513],[-118.325329,34.268543],[-118.325338,34.268583],[-118.325366,34.268632],[-118.325451,34.268743],[-118.32551,34.268758],[-118.325742,34.268752],[-118.325855,34.268725],[-118.32602,34.268708],[-118.326189,34.268649],[-118.326332,34.268643]]]}},{"type":"Feature","properties":{"k":"treeline"},"geometry":{"type":"LineString","coordinates":[[-118.336906,34.27042],[-118.337099,34.270895],[-118.337036,34.271024],[-118.336931,34.27106],[-118.336817,34.271009]]}},{"type":"Feature","properties":{"k":"penalty"},"geometry":{"type":"Polygon","coordinates":[[[-118.321115,34.272082],[-118.32131,34.272147],[-118.32141,34.272213],[-118.321711,34.272237],[-118.32178,34.272231],[-118.322147,34.272265],[-118.323078,34.272517],[-118.323356,34.272611],[-118.3234,34.272637],[-118.323461,34.272648],[-118.323552,34.272699],[-118.323623,34.272712],[-118.324067,34.272859],[-118.32656,34.272859],[-118.32656,34.270962],[-118.326443,34.270991],[-118.326313,34.271011],[-118.325946,34.271104],[-118.325813,34.271124],[-118.325664,34.271188],[-118.325618,34.271197],[-118.325257,34.271247],[-118.324968,34.271252],[-118.324926,34.271261],[-118.324759,34.271323],[-118.324686,34.271332],[-118.324559,34.27132],[-118.324503,34.27129],[-118.324433,34.271224],[-118.324396,34.2712],[-118.324334,34.271171],[-118.324296,34.271164],[-118.324176,34.271166],[-118.324112,34.27114],[-118.32405,34.271139],[-118.3239,34.271183],[-118.323766,34.271208],[-118.32368,34.271249],[-118.323459,34.271302],[-118.323458,34.271192],[-118.323387,34.271212],[-118.323344,34.271211],[-118.323117,34.27117],[-118.323093,34.271136],[-118.323087,34.271104],[-118.323062,34.271078],[-118.323003,34.27104],[-118.323054,34.27088],[-118.323049,34.270849],[-118.322906,34.270821],[-118.322866,34.270802],[-118.322805,34.27075],[-118.322666,34.270374],[-118.322634,34.270325],[-118.322632,34.270258],[-118.322615,34.270199],[-118.322531,34.270072],[-118.322534,34.270006],[-118.322595,34.269863],[-118.322661,34.269814],[-118.32274,34.269774],[-118.322783,34.269731],[-118.322819,34.269714],[-118.322885,34.269722],[-118.32297,34.269668],[-118.322968,34.269608],[-118.322948,34.26958],[-118.322799,34.269479],[-118.322781,34.26945],[-118.322688,34.26951],[-118.322677,34.26936],[-118.322386,34.269295],[-118.322249,34.269244],[-118.322022,34.269142],[-118.322157,34.269012],[-118.322474,34.269126],[-118.322198,34.269167],[-118.322406,34.269267],[-118.322607,34.269275],[-118.322801,34.26939],[-118.32292,34.269341],[-118.322924,34.269301],[-118.322859,34.26919],[-118.322843,34.269036],[-118.322805,34.269022],[-118.322665,34.269025],[-118.322635,34.269012],[-118.322623,34.268957],[-118.322314,34.268807],[-118.323075,34.268917],[-118.323499,34.269026],[-118.323574,34.269029],[-118.32359,34.268952],[-118.323639,34.268929],[-118.323785,34.268949],[-118.32384,34.268879],[-118.32389,34.26878],[-118.32399,34.268743],[-118.324109,34.268717],[-118.324477,34.268501],[-118.324599,34.268461],[-118.324743,34.268561],[-118.324879,34.26858],[-118.324986,34.268613],[-118.325,34.26865],[-118.325054,34.268668],[-118.325113,34.268678],[-118.325136,34.268659],[-118.325186,34.268648],[-118.325329,34.268693],[-118.325351,34.268689],[-118.325286,34.268564],[-118.325276,34.268525],[-118.325224,34.268507],[-118.325186,34.268482],[-118.325115,34.268372],[-118.321127,34.268371],[-118.321115,34.272082]]]}},{"type":"Feature","properties":{"k":"stream"},"geometry":{"type":"LineString","coordinates":[[-118.334699,34.269233],[-118.334831,34.269349],[-118.334963,34.269442],[-118.335155,34.269542],[-118.335504,34.269793],[-118.335679,34.269885],[-118.335893,34.269957],[-118.336039,34.270038],[-118.336161,34.27013]]}},{"type":"Feature","properties":{"k":"penalty"},"geometry":{"type":"Polygon","coordinates":[[[-118.326562,34.265881],[-118.326992,34.265496],[-118.327198,34.265345],[-118.32741,34.265268],[-118.327947,34.265161],[-118.329036,34.264836],[-118.329484,34.264727],[-118.329703,34.264683],[-118.329934,34.26466],[-118.330173,34.264671],[-118.330425,34.264671],[-118.330661,34.264663],[-118.33113,34.264696],[-118.331817,34.264842],[-118.332045,34.264862],[-118.332252,34.264867],[-118.332311,34.264827],[-118.332646,34.264982],[-118.333437,34.265368],[-118.333834,34.265578],[-118.334199,34.265818],[-118.334389,34.265977],[-118.334349,34.265995],[-118.334741,34.266325],[-118.334815,34.266404],[-118.33475,34.266476],[-118.334742,34.26654],[-118.334775,34.266577],[-118.334828,34.266615],[-118.334875,34.266661],[-118.334985,34.266712],[-118.335029,34.26676],[-118.335085,34.266851],[-118.334827,34.267004],[-118.334545,34.267187],[-118.334194,34.267389],[-118.334073,34.267478],[-118.333837,34.267618],[-118.333742,34.267699],[-118.333619,34.267719],[-118.333504,34.267717],[-118.333443,34.267699],[-118.333412,34.267586],[-118.333416,34.267554],[-118.333482,34.267435],[-118.333501,34.267387],[-118.333502,34.267361],[-118.333476,34.267323],[-118.333304,34.267245],[-118.333298,34.267227],[-118.333279,34.267224],[-118.333227,34.267196],[-118.3332,34.267163],[-118.33318,34.267082],[-118.333167,34.267081],[-118.333143,34.266667],[-118.333006,34.266466],[-118.332963,34.266345],[-118.332917,34.266282],[-118.332859,34.266223],[-118.332854,34.266189],[-118.332868,34.266092],[-118.332999,34.266095],[-118.333139,34.266085],[-118.333149,34.266078],[-118.33315,34.266038],[-118.333259,34.266038],[-118.333316,34.266053],[-118.333433,34.266045],[-118.333476,34.266056],[-118.333533,34.266036],[-118.333565,34.266012],[-118.333569,34.26599],[-118.333557,34.265944],[-118.333533,34.265904],[-118.3335,34.265869],[-118.33343,34.265829],[-118.333306,34.265727],[-118.33313,34.265615],[-118.333107,34.265585],[-118.333101,34.26556],[-118.333109,34.265543],[-118.333164,34.2655],[-118.333191,34.265465],[-118.33306,34.265403],[-118.333089,34.265339],[-118.333067,34.265324],[-118.332959,34.26527],[-118.332876,34.265239],[-118.332707,34.265189],[-118.3326,34.265177],[-118.332391,34.265113],[-118.332323,34.265081],[-118.332227,34.265008],[-118.332145,34.265043],[-118.332082,34.265051],[-118.332037,34.265045],[-118.331931,34.264995],[-118.331748,34.264961],[-118.331637,34.264918],[-118.331556,34.264908],[-118.331352,34.264914],[-118.330998,34.264862],[-118.330762,34.264853],[-118.33052,34.264873],[-118.33021,34.264869],[-118.329974,34.264896],[-118.329445,34.265157],[-118.329233,34.265245],[-118.329144,34.265299],[-118.329154,34.265392],[-118.329182,34.265417],[-118.329234,34.265442],[-118.329288,34.265453],[-118.329322,34.265441],[-118.329419,34.265518],[-118.329398,34.265543],[-118.329402,34.265563],[-118.32943,34.2656],[-118.329458,34.265602],[-118.329505,34.265572],[-118.329556,34.265553],[-118.329615,34.265552],[-118.329693,34.265577],[-118.329848,34.265653],[-118.329874,34.265682],[-118.329902,34.265798],[-118.32968,34.265725],[-118.329568,34.26572],[-118.329465,34.265738],[-118.329435,34.265736],[-118.32934,34.265685],[-118.329304,34.265673],[-118.329156,34.26567],[-118.329038,34.265657],[-118.328869,34.265601],[-118.328784,34.265597],[-118.328743,34.265604],[-118.328699,34.265629],[-118.328675,34.265627],[-118.3286,34.265584],[-118.328551,34.265569],[-118.328523,34.265578],[-118.328511,34.265591],[-118.32851,34.265693],[-118.328492,34.265691],[-118.328387,34.265724],[-118.32826,34.265732],[-118.328142,34.265775],[-118.327932,34.265774],[-118.327728,34.265814],[-118.32763,34.265779],[-118.327618,34.265751],[-118.327557,34.265743],[-118.327479,34.265748],[-118.327383,34.26577],[-118.327273,34.265813],[-118.327171,34.265872],[-118.327114,34.265935],[-118.327059,34.266114],[-118.327053,34.266193],[-118.327072,34.266255],[-118.327117,34.266306],[-118.32731,34.266431],[-118.327384,34.26642],[-118.32745,34.266426],[-118.327564,34.266453],[-118.327519,34.266567],[-118.327434,34.266571],[-118.327405,34.266587],[-118.327378,34.266614],[-118.32723,34.26697],[-118.327194,34.267003],[-118.327137,34.267006],[-118.327064,34.266997],[-118.327016,34.267002],[-118.326704,34.267114],[-118.326658,34.26712],[-118.326562,34.267122],[-118.326562,34.265881]]]}},{"type":"Feature","properties":{"k":"tee"},"geometry":{"type":"Polygon","coordinates":[[[-118.332468,34.268764],[-118.332426,34.268761],[-118.332409,34.268743],[-118.332408,34.26872],[-118.332482,34.268665],[-118.332514,34.268661],[-118.332535,34.268678],[-118.332531,34.26871],[-118.332508,34.268741],[-118.332468,34.268764]]]}},{"type":"Feature","properties":{"k":"bunker"},"geometry":{"type":"Polygon","coordinates":[[[-118.332595,34.26746],[-118.33261,34.267478],[-118.332628,34.267478],[-118.332643,34.267461],[-118.332642,34.267439],[-118.332614,34.267407],[-118.332575,34.267406],[-118.332554,34.267419],[-118.332551,34.267437],[-118.332584,34.267446],[-118.332595,34.26746]]]}},{"type":"Feature","properties":{"k":"stream"},"geometry":{"type":"LineString","coordinates":[[-118.322844,34.269144],[-118.322909,34.269145]]}},{"type":"Feature","properties":{"k":"path"},"geometry":{"type":"LineString","coordinates":[[-118.334117,34.267558],[-118.3341,34.267635],[-118.334289,34.267895],[-118.334263,34.268105],[-118.334287,34.268134]]}},{"type":"Feature","properties":{"k":"path"},"geometry":{"type":"LineString","coordinates":[[-118.3341,34.267635],[-118.334047,34.26768]]}}]}