{"type":"FeatureCollection","features":[{"type":"Feature","properties":{"k":"hole","ref":"1","par":4,"hcp":9},"geometry":{"type":"LineString","coordinates":[[-118.167608,34.16558],[-118.168388,34.166881],[-118.1685,34.168232]]}},{"type":"Feature","properties":{"k":"hole","ref":"1","par":4,"hcp":5},"geometry":{"type":"LineString","coordinates":[[-118.166732,34.164097],[-118.168909,34.163414],[-118.170517,34.162636]]}},{"type":"Feature","properties":{"k":"hole","ref":"2","par":4,"hcp":5},"geometry":{"type":"LineString","coordinates":[[-118.168318,34.16861],[-118.168661,34.170371],[-118.168742,34.171562]]}},{"type":"Feature","properties":{"k":"hole","ref":"2","par":5,"hcp":13},"geometry":{"type":"LineString","coordinates":[[-118.170948,34.162861],[-118.171341,34.16438],[-118.171599,34.166001],[-118.171868,34.166697]]}},{"type":"Feature","properties":{"k":"hole","ref":"3","par":4,"hcp":3},"geometry":{"type":"LineString","coordinates":[[-118.170116,34.171462],[-118.170026,34.173315],[-118.170145,34.174284]]}},{"type":"Feature","properties":{"k":"hole","ref":"3","par":4,"hcp":1},"geometry":{"type":"LineString","coordinates":[[-118.172854,34.167582],[-118.173336,34.169486],[-118.173723,34.171285]]}},{"type":"Feature","properties":{"k":"hole","ref":"4","par":4,"hcp":1},"geometry":{"type":"LineString","coordinates":[[-118.171,34.174161],[-118.171063,34.172504],[-118.170819,34.170749]]}},{"type":"Feature","properties":{"k":"hole","ref":"4","par":3,"hcp":9},"geometry":{"type":"LineString","coordinates":[[-118.173506,34.171593],[-118.172588,34.170083]]}},{"type":"Feature","properties":{"k":"hole","ref":"5","par":3,"hcp":15},"geometry":{"type":"LineString","coordinates":[[-118.169963,34.170678],[-118.169584,34.169431]]}},{"type":"Feature","properties":{"k":"hole","ref":"5","par":4,"hcp":15},"geometry":{"type":"LineString","coordinates":[[-118.172688,34.169696],[-118.172158,34.167822],[-118.171848,34.167139]]}},{"type":"Feature","properties":{"k":"hole","ref":"6","par":4,"hcp":7},"geometry":{"type":"LineString","coordinates":[[-118.170179,34.169536],[-118.169922,34.168373],[-118.169695,34.166825]]}},{"type":"Feature","properties":{"k":"hole","ref":"6","par":5,"hcp":17},"geometry":{"type":"LineString","coordinates":[[-118.172587,34.167007],[-118.171999,34.165352],[-118.171702,34.163789],[-118.1715,34.162953]]}},{"type":"Feature","properties":{"k":"hole","ref":"7","par":4,"hcp":17},"geometry":{"type":"LineString","coordinates":[[-118.169151,34.166799],[-118.169115,34.168151],[-118.169278,34.168989]]}},{"type":"Feature","properties":{"k":"hole","ref":"7","par":4,"hcp":7},"geometry":{"type":"LineString","coordinates":[[-118.171759,34.162599],[-118.170771,34.160612],[-118.169621,34.159926]]}},{"type":"Feature","properties":{"k":"hole","ref":"8","par":4,"hcp":11},"geometry":{"type":"LineString","coordinates":[[-118.168712,34.168882],[-118.169262,34.170277],[-118.169592,34.171087]]}},{"type":"Feature","properties":{"k":"hole","ref":"8","par":3,"hcp":11},"geometry":{"type":"LineString","coordinates":[[-118.169734,34.160471],[-118.170337,34.161592]]}},{"type":"Feature","properties":{"k":"hole","ref":"9","par":4,"hcp":13},"geometry":{"type":"LineString","coordinates":[[-118.169257,34.171658],[-118.169364,34.173281],[-118.169612,34.174398]]}},{"type":"Feature","properties":{"k":"hole","ref":"9","par":4,"hcp":3},"geometry":{"type":"LineString","coordinates":[[-118.170576,34.161946],[-118.168092,34.163144],[-118.166804,34.163711]]}},{"type":"Feature","properties":{"k":"hole","ref":"10","par":3,"hcp":12},"geometry":{"type":"LineString","coordinates":[[-118.169476,34.175149],[-118.170166,34.176051]]}},{"type":"Feature","properties":{"k":"hole","ref":"10","par":4,"hcp":14},"geometry":{"type":"LineString","coordinates":[[-118.167638,34.165201],[-118.169377,34.166211],[-118.170132,34.166534]]}},{"type":"Feature","properties":{"k":"hole","ref":"11","par":5,"hcp":2},"geometry":{"type":"LineString","coordinates":[[-118.170711,34.176001],[-118.171244,34.177662],[-118.172125,34.179774]]}},{"type":"Feature","properties":{"k":"hole","ref":"11","par":4,"hcp":8},"geometry":{"type":"LineString","coordinates":[[-118.171199,34.166668],[-118.171823,34.168703],[-118.172207,34.169707]]}},{"type":"Feature","properties":{"k":"hole","ref":"12","par":3,"hcp":10},"geometry":{"type":"LineString","coordinates":[[-118.173011,34.180069],[-118.173246,34.181155]]}},{"type":"Feature","properties":{"k":"hole","ref":"12","par":4,"hcp":2},"geometry":{"type":"LineString","coordinates":[[-118.171919,34.170012],[-118.172917,34.171953],[-118.173469,34.173448]]}},{"type":"Feature","properties":{"k":"hole","ref":"13","par":4,"hcp":4},"geometry":{"type":"LineString","coordinates":[[-118.17357,34.180749],[-118.17303,34.179242],[-118.172248,34.177709]]}},{"type":"Feature","properties":{"k":"hole","ref":"13","par":4,"hcp":6},"geometry":{"type":"LineString","coordinates":[[-118.173667,34.174278],[-118.173164,34.176198],[-118.172362,34.177298]]}},{"type":"Feature","properties":{"k":"hole","ref":"14","par":4,"hcp":16},"geometry":{"type":"LineString","coordinates":[[-118.171638,34.176524],[-118.171564,34.175461],[-118.171573,34.174622]]}},{"type":"Feature","properties":{"k":"hole","ref":"14","par":4,"hcp":18},"geometry":{"type":"LineString","coordinates":[[-118.171888,34.177334],[-118.172219,34.175387],[-118.172652,34.17439]]}},{"type":"Feature","properties":{"k":"hole","ref":"15","par":3,"hcp":18},"geometry":{"type":"LineString","coordinates":[[-118.170522,34.175559],[-118.170046,34.175135]]}},{"type":"Feature","properties":{"k":"hole","ref":"15","par":5,"hcp":16},"geometry":{"type":"LineString","coordinates":[[-118.172515,34.173709],[-118.171959,34.171955],[-118.171645,34.170795],[-118.171319,34.16994]]}},{"type":"Feature","properties":{"k":"hole","ref":"16","par":5,"hcp":14},"geometry":{"type":"LineString","coordinates":[[-118.16893,34.174243],[-118.168616,34.173032],[-118.168188,34.170964]]}},{"type":"Feature","properties":{"k":"hole","ref":"16","par":4,"hcp":4},"geometry":{"type":"LineString","coordinates":[[-118.170692,34.170398],[-118.170955,34.168166],[-118.170776,34.166885]]}},{"type":"Feature","properties":{"k":"hole","ref":"17","par":4,"hcp":6},"geometry":{"type":"LineString","coordinates":[[-118.167697,34.170844],[-118.167851,34.169621],[-118.167948,34.1684]]}},{"type":"Feature","properties":{"k":"hole","ref":"17","par":3,"hcp":10},"geometry":{"type":"LineString","coordinates":[[-118.17075,34.166213],[-118.170819,34.164664]]}},{"type":"Feature","properties":{"k":"hole","ref":"18","par":4,"hcp":8},"geometry":{"type":"LineString","coordinates":[[-118.167595,34.16835],[-118.167456,34.166661],[-118.167208,34.165571]]}},{"type":"Feature","properties":{"k":"hole","ref":"18","par":4,"hcp":12},"geometry":{"type":"LineString","coordinates":[[-118.170702,34.163767],[-118.16868,34.164178],[-118.167348,34.164331]]}},{"type":"Feature","properties":{"k":"path"},"geometry":{"type":"LineString","coordinates":[[-118.169838,34.162017],[-118.170109,34.161957]]}},{"type":"Feature","properties":{"k":"path"},"geometry":{"type":"LineString","coordinates":[[-118.170413,34.163116],[-118.170139,34.16315]]}},{"type":"Feature","properties":{"k":"path"},"geometry":{"type":"LineString","coordinates":[[-118.170544,34.164069],[-118.170286,34.164088]]}},{"type":"Feature","properties":{"k":"path"},"geometry":{"type":"LineString","coordinates":[[-118.17059,34.166352],[-118.170349,34.166353]]}},{"type":"Feature","properties":{"k":"path"},"geometry":{"type":"LineString","coordinates":[[-118.17061,34.170733],[-118.170324,34.170732]]}},{"type":"Feature","properties":{"k":"path"},"geometry":{"type":"LineString","coordinates":[[-118.170762,34.174402],[-118.170484,34.174435]]}},{"type":"Feature","properties":{"k":"path"},"geometry":{"type":"LineString","coordinates":[[-118.170804,34.174638],[-118.170526,34.174671]]}},{"type":"Feature","properties":{"k":"path"},"geometry":{"type":"LineString","coordinates":[[-118.172669,34.179733],[-118.172376,34.179775]]}},{"type":"Feature","properties":{"k":"path"},"geometry":{"type":"LineString","coordinates":[[-118.169806,34.160212],[-118.170101,34.160422],[-118.170201,34.160455],[-118.170246,34.16048],[-118.170356,34.160635],[-118.170525,34.160775],[-118.170579,34.160857],[-118.170675,34.161159],[-118.170721,34.161208],[-118.170852,34.161381],[-118.170917,34.161556],[-118.170984,34.16165],[-118.171102,34.161758],[-118.17129,34.161838],[-118.171383,34.161925],[-118.171528,34.162244],[-118.171569,34.162402],[-118.17166,34.162668],[-118.171756,34.162775],[-118.171789,34.162861],[-118.171775,34.162934],[-118.171778,34.162979],[-118.171853,34.163361],[-118.171882,34.163465],[-118.171921,34.163551],[-118.171937,34.163643],[-118.171929,34.163747],[-118.171939,34.164049],[-118.171976,34.164149],[-118.17199,34.164271],[-118.171987,34.164532],[-118.172041,34.164652],[-118.172129,34.164739],[-118.172159,34.164797],[-118.172169,34.164936],[-118.172156,34.165061],[-118.172183,34.165187],[-118.172207,34.165247],[-118.172381,34.165564],[-118.172413,34.165742],[-118.172448,34.165842],[-118.172494,34.165933],[-118.17247,34.166059],[-118.172325,34.16627],[-118.172271,34.166403],[-118.172277,34.166461],[-118.172421,34.166825],[-118.172428,34.166851],[-118.172395,34.166921],[-118.172416,34.167021],[-118.172439,34.16706],[-118.17247,34.167168],[-118.172498,34.16723],[-118.172564,34.167355],[-118.172639,34.167424],[-118.172733,34.167495],[-118.172778,34.167564],[-118.172845,34.167855],[-118.172896,34.167912],[-118.172961,34.167957],[-118.173084,34.168106],[-118.173323,34.168492],[-118.173344,34.168556],[-118.1734,34.168868],[-118.17342,34.168928],[-118.173456,34.168998],[-118.173499,34.169131],[-118.173507,34.169247],[-118.173569,34.169555],[-118.173666,34.169768],[-118.173696,34.170027],[-118.173738,34.170265],[-118.173726,34.170394],[-118.173731,34.170432],[-118.173776,34.170549],[-118.173838,34.17076],[-118.173836,34.170922],[-118.17384,34.170972],[-118.173867,34.17108],[-118.173886,34.171388],[-118.173883,34.171459],[-118.173864,34.171499],[-118.17381,34.171537],[-118.173776,34.171546],[-118.173706,34.171547],[-118.173653,34.171531],[-118.173632,34.171519],[-118.173549,34.17143],[-118.173504,34.171407],[-118.173478,34.171383],[-118.173453,34.171337],[-118.173378,34.171097],[-118.173346,34.171034],[-118.17329,34.170944],[-118.173128,34.170741],[-118.173121,34.17072],[-118.17312,34.170573],[-118.173106,34.170488],[-118.173081,34.170422],[-118.173033,34.17033],[-118.172904,34.170158],[-118.172902,34.169996],[-118.172889,34.169938],[-118.172835,34.169801],[-118.172804,34.169698],[-118.172773,34.169508],[-118.172688,34.169283],[-118.172578,34.169065],[-118.172566,34.16902],[-118.172564,34.168924],[-118.172593,34.168789],[-118.172593,34.168745],[-118.172554,34.168611],[-118.172539,34.168501],[-118.172518,34.168412],[-118.172412,34.168226],[-118.172394,34.168157],[-118.172392,34.16798],[-118.172373,34.167841],[-118.172354,34.167795],[-118.172244,34.167615],[-118.17221,34.167513],[-118.172211,34.16738],[-118.172189,34.167285],[-118.172212,34.167223],[-118.172242,34.167164],[-118.172287,34.167109],[-118.172439,34.16706]]}},{"type":"Feature","properties":{"k":"path"},"geometry":{"type":"LineString","coordinates":[[-118.169921,34.161006],[-118.16978,34.160722],[-118.169666,34.160555],[-118.169556,34.160255],[-118.169559,34.160204],[-118.169572,34.160185],[-118.169621,34.160174],[-118.169806,34.160212],[-118.169952,34.160205],[-118.170045,34.160188],[-118.170101,34.16016],[-118.170143,34.160119],[-118.17026,34.159946],[-118.170323,34.159831]]}},{"type":"Feature","properties":{"k":"path"},"geometry":{"type":"LineString","coordinates":[[-118.166642,34.164225],[-118.166909,34.164155],[-118.167241,34.164049],[-118.167442,34.163975],[-118.167702,34.163913],[-118.168009,34.163815],[-118.16806,34.163804],[-118.168437,34.16381],[-118.168641,34.163782],[-118.168696,34.163768],[-118.168831,34.163664],[-118.168873,34.163641],[-118.168909,34.163627],[-118.169034,34.163608],[-118.169078,34.163594],[-118.16949,34.163397],[-118.169742,34.163222],[-118.169801,34.163194],[-118.170139,34.16315]]}},{"type":"Feature","properties":{"k":"path"},"geometry":{"type":"LineString","coordinates":[[-118.172287,34.167109],[-118.172245,34.16686],[-118.172214,34.166773],[-118.172109,34.166618],[-118.172086,34.166566],[-118.172027,34.166301],[-118.171954,34.166113],[-118.171927,34.166077],[-118.171865,34.166026],[-118.171489,34.165777],[-118.171423,34.165723],[-118.171387,34.165675],[-118.171324,34.165527],[-118.17129,34.165356],[-118.171304,34.165141],[-118.171298,34.165068],[-118.171284,34.165027],[-118.171241,34.16496],[-118.171185,34.164709],[-118.171194,34.164456],[-118.171099,34.164263],[-118.171092,34.164057],[-118.171013,34.163865],[-118.171007,34.163803],[-118.171013,34.163647],[-118.171001,34.163528],[-118.170862,34.162992],[-118.170836,34.162968],[-118.170555,34.16301],[-118.170521,34.163027],[-118.170464,34.163097],[-118.170413,34.163116]]}},{"type":"Feature","properties":{"k":"path"},"geometry":{"type":"LineString","coordinates":[[-118.16758,34.163525],[-118.167674,34.16348],[-118.167812,34.163438],[-118.167968,34.16338],[-118.168127,34.163296],[-118.168402,34.163219],[-118.16851,34.163145],[-118.168815,34.163071],[-118.169058,34.162977],[-118.169197,34.162901],[-118.169293,34.162836],[-118.169353,34.162782],[-118.169399,34.162719],[-118.169458,34.162571],[-118.169496,34.162428],[-118.169552,34.162273],[-118.169712,34.162127],[-118.169786,34.162039],[-118.169838,34.162017]]}},{"type":"Feature","properties":{"k":"path"},"geometry":{"type":"LineString","coordinates":[[-118.168161,34.163978],[-118.168317,34.16403],[-118.168475,34.164165],[-118.168586,34.164288],[-118.168646,34.164321],[-118.168717,34.164333],[-118.168882,34.164323],[-118.168964,34.164307],[-118.169265,34.164209],[-118.169472,34.16412],[-118.169566,34.164095],[-118.169694,34.164095],[-118.169902,34.164117],[-118.170286,34.164088]]}},{"type":"Feature","properties":{"k":"path"},"geometry":{"type":"LineString","coordinates":[[-118.169597,34.173719],[-118.169345,34.173535],[-118.169123,34.173359],[-118.169083,34.173317],[-118.169051,34.173265],[-118.169013,34.173141],[-118.169009,34.173068],[-118.169019,34.172989],[-118.169065,34.172826],[-118.16906,34.172778],[-118.168963,34.172393],[-118.168982,34.172278],[-118.169021,34.172175],[-118.169064,34.172122],[-118.169373,34.171834],[-118.169402,34.171798],[-118.16942,34.171712],[-118.169412,34.171597],[-118.169375,34.171447],[-118.169337,34.17137],[-118.169263,34.17129],[-118.16924,34.171248],[-118.169251,34.171133],[-118.169206,34.171056],[-118.169158,34.170997],[-118.169125,34.170938],[-118.169106,34.170882],[-118.169062,34.17058],[-118.168987,34.170387],[-118.168974,34.170153],[-118.168931,34.170054],[-118.168927,34.169952],[-118.168915,34.169924],[-118.168813,34.169784],[-118.168772,34.16969],[-118.16875,34.169571],[-118.168735,34.169382],[-118.168684,34.169211],[-118.168682,34.169152],[-118.168689,34.169101],[-118.168784,34.168967],[-118.168799,34.168925],[-118.168795,34.168878],[-118.168775,34.168825],[-118.168744,34.168672],[-118.168763,34.168647],[-118.168788,34.168638],[-118.168921,34.168661],[-118.168965,34.168656],[-118.168988,34.168639],[-118.168993,34.168616],[-118.168981,34.168594],[-118.168961,34.168579],[-118.168908,34.168566],[-118.168841,34.168528],[-118.168813,34.168498],[-118.168793,34.168461],[-118.168782,34.168371],[-118.168796,34.168321],[-118.16884,34.16824],[-118.16886,34.168171],[-118.168857,34.168113],[-118.168805,34.168002],[-118.168797,34.167957],[-118.168803,34.167908],[-118.168869,34.167781],[-118.168886,34.167727],[-118.168872,34.167442],[-118.168881,34.167384],[-118.16897,34.167158],[-118.168987,34.167085],[-118.169004,34.166913],[-118.169034,34.1668],[-118.169041,34.166744],[-118.169038,34.166628],[-118.169054,34.166575],[-118.169078,34.166548],[-118.169118,34.166536],[-118.169235,34.166548],[-118.169288,34.166593],[-118.169349,34.166683],[-118.16937,34.166729],[-118.16939,34.166883],[-118.16944,34.16701],[-118.169465,34.167137],[-118.169444,34.167413],[-118.169453,34.167456],[-118.169502,34.167557],[-118.169523,34.167621],[-118.169534,34.167787],[-118.169595,34.168008],[-118.169599,34.168283],[-118.169607,34.168337],[-118.169658,34.168444],[-118.169769,34.168569],[-118.169794,34.168633],[-118.16982,34.168979],[-118.169931,34.169279],[-118.169999,34.169399],[-118.170002,34.169531],[-118.170021,34.169617],[-118.169971,34.169679],[-118.169958,34.16971],[-118.169955,34.169751],[-118.169997,34.169979],[-118.170057,34.170214],[-118.170066,34.170283],[-118.170068,34.170348],[-118.170049,34.170487],[-118.170061,34.170605],[-118.170076,34.170644],[-118.170106,34.170678],[-118.170151,34.17071],[-118.170235,34.170728],[-118.170324,34.170732]]}},{"type":"Feature","properties":{"k":"path"},"geometry":{"type":"LineString","coordinates":[[-118.169854,34.174555],[-118.169419,34.174618],[-118.169389,34.174618],[-118.169337,34.174596],[-118.16932,34.174578],[-118.169283,34.174506],[-118.16923,34.174356],[-118.169188,34.174309],[-118.169057,34.174213],[-118.169037,34.174189],[-118.169017,34.174149],[-118.168963,34.173986],[-118.168939,34.173949],[-118.168906,34.17391],[-118.168755,34.173804],[-118.16857,34.173642],[-118.16854,34.173583],[-118.168483,34.173303],[-118.168387,34.173122],[-118.1683,34.172936],[-118.168267,34.172711],[-118.168263,34.172573],[-118.168153,34.172185],[-118.168092,34.172058],[-118.167998,34.171928],[-118.167985,34.171894],[-118.167982,34.171863],[-118.168002,34.171811],[-118.168065,34.171708],[-118.168072,34.171649],[-118.168066,34.171586],[-118.16801,34.17144],[-118.168006,34.171351],[-118.167992,34.171292],[-118.167946,34.171206],[-118.167935,34.171142],[-118.167934,34.171019],[-118.167917,34.170995],[-118.167835,34.170934],[-118.167827,34.170902],[-118.167799,34.170381],[-118.167791,34.170359],[-118.167687,34.170256],[-118.167625,34.170174],[-118.167601,34.170125],[-118.167561,34.169972],[-118.167564,34.169939],[-118.167627,34.16977],[-118.167647,34.169516],[-118.167623,34.169411],[-118.167621,34.169317],[-118.167647,34.169196],[-118.167658,34.16908],[-118.167667,34.16904],[-118.167768,34.168833],[-118.167785,34.168751],[-118.167775,34.168712],[-118.167679,34.168486],[-118.167682,34.168043],[-118.167667,34.16801],[-118.167471,34.167775],[-118.167442,34.167729],[-118.167425,34.167681],[-118.167418,34.167629],[-118.167415,34.167374],[-118.167402,34.167264],[-118.167362,34.167164],[-118.167236,34.16699],[-118.16722,34.166957],[-118.167215,34.166667],[-118.167196,34.166488],[-118.167173,34.166403],[-118.167104,34.166226],[-118.167082,34.166069],[-118.166968,34.165662],[-118.166936,34.165493],[-118.16698,34.165425],[-118.167082,34.165363],[-118.167303,34.16531],[-118.167366,34.165278],[-118.167411,34.165188],[-118.167412,34.165079],[-118.167434,34.164984],[-118.167433,34.164911],[-118.167387,34.164716],[-118.167375,34.16469],[-118.167349,34.164666],[-118.167237,34.16461]]}},{"type":"Feature","properties":{"k":"path"},"geometry":{"type":"LineString","coordinates":[[-118.172865,34.173735],[-118.172909,34.173709],[-118.172939,34.173672],[-118.172953,34.173628],[-118.172949,34.173583],[-118.172928,34.173542],[-118.172891,34.173509],[-118.172827,34.173473],[-118.17266,34.173397],[-118.172524,34.173245],[-118.17243,34.173052],[-118.172389,34.172798],[-118.172403,34.17271],[-118.172443,34.172565],[-118.172443,34.172538],[-118.172397,34.172291],[-118.172364,34.172199],[-118.172287,34.172073],[-118.172273,34.171982],[-118.172218,34.171852],[-118.172187,34.171737],[-118.172139,34.171393],[-118.172101,34.171298],[-118.172025,34.17119],[-118.17197,34.171078],[-118.171956,34.171022],[-118.171936,34.17084],[-118.171896,34.170738],[-118.171865,34.170704],[-118.171583,34.170512],[-118.171373,34.170385],[-118.17129,34.170301],[-118.171243,34.170271],[-118.171173,34.17025],[-118.170941,34.170234],[-118.170917,34.170224],[-118.170887,34.170194],[-118.170883,34.170137],[-118.170921,34.169896],[-118.170928,34.169723],[-118.170947,34.169585],[-118.170846,34.169357],[-118.170716,34.169176],[-118.170704,34.169145],[-118.170668,34.16879],[-118.170694,34.168492],[-118.170669,34.168344],[-118.170679,34.168302],[-118.170754,34.168197],[-118.17076,34.16817],[-118.17073,34.167942],[-118.170743,34.16783],[-118.170697,34.16762],[-118.170681,34.167482],[-118.170679,34.167274],[-118.170622,34.167096],[-118.170618,34.166986],[-118.170634,34.166771],[-118.170621,34.166352],[-118.170606,34.166281],[-118.170594,34.164624],[-118.170581,34.164297],[-118.170679,34.164113],[-118.170669,34.164085],[-118.170641,34.164068],[-118.170544,34.164069]]}},{"type":"Feature","properties":{"k":"path"},"geometry":{"type":"LineString","coordinates":[[-118.167407,34.165195],[-118.167446,34.165211],[-118.167557,34.165329],[-118.167633,34.165436],[-118.167856,34.165802],[-118.167866,34.165848],[-118.167824,34.16609],[-118.167849,34.166298],[-118.167946,34.166594],[-118.168024,34.166708],[-118.168176,34.166883],[-118.168196,34.166936],[-118.168196,34.167016],[-118.168148,34.167285],[-118.168148,34.167354],[-118.168157,34.167426],[-118.168184,34.167528],[-118.168248,34.167723],[-118.168255,34.167825],[-118.168228,34.168006],[-118.168222,34.168134],[-118.168233,34.168189],[-118.168262,34.16825],[-118.168395,34.168478],[-118.168413,34.168528],[-118.168436,34.168748],[-118.168425,34.168887],[-118.168397,34.168958],[-118.168292,34.169151],[-118.168275,34.16921],[-118.168296,34.169385],[-118.168296,34.169535],[-118.168257,34.169734],[-118.168228,34.169831],[-118.168212,34.169936],[-118.168221,34.170025],[-118.168242,34.170101],[-118.168313,34.170224],[-118.168345,34.170321],[-118.168355,34.170386]]}},{"type":"Feature","properties":{"k":"path"},"geometry":{"type":"LineString","coordinates":[[-118.16924,34.171248],[-118.169324,34.171306],[-118.169443,34.171358],[-118.16956,34.171437],[-118.169601,34.171456],[-118.169638,34.171461],[-118.169707,34.171445],[-118.169772,34.171383],[-118.169803,34.171343],[-118.169823,34.171298],[-118.169831,34.171199],[-118.169875,34.171155],[-118.169943,34.171143],[-118.169981,34.171147],[-118.17,34.171155],[-118.170018,34.171186],[-118.170024,34.171249],[-118.169991,34.171616],[-118.169982,34.171655],[-118.169953,34.171706],[-118.169811,34.172036],[-118.169803,34.172092],[-118.169802,34.172252],[-118.169745,34.172486],[-118.169742,34.172545],[-118.169794,34.17285],[-118.169731,34.173073],[-118.169711,34.173256],[-118.169717,34.173311],[-118.169814,34.173531],[-118.169834,34.173551],[-118.169882,34.173564],[-118.170042,34.173595],[-118.170125,34.173619],[-118.170164,34.173651],[-118.170182,34.173693],[-118.170194,34.173747]]}},{"type":"Feature","properties":{"k":"path"},"geometry":{"type":"LineString","coordinates":[[-118.170194,34.173747],[-118.170214,34.173899],[-118.170247,34.173955],[-118.17038,34.174106],[-118.170431,34.174403],[-118.170455,34.174434],[-118.170484,34.174435]]}},{"type":"Feature","properties":{"k":"path"},"geometry":{"type":"LineString","coordinates":[[-118.170762,34.174402],[-118.17088,34.174392],[-118.170986,34.174393],[-118.171042,34.174385],[-118.171089,34.174367],[-118.171137,34.17431],[-118.171153,34.174249],[-118.171121,34.174103],[-118.171084,34.174046],[-118.171022,34.174002],[-118.170908,34.17397],[-118.170778,34.17392],[-118.170716,34.173882],[-118.170703,34.173852],[-118.170653,34.173334],[-118.170661,34.17329],[-118.170733,34.17314],[-118.170757,34.173025],[-118.170755,34.172956],[-118.170724,34.172837],[-118.170677,34.17275],[-118.170644,34.172612],[-118.170642,34.172508],[-118.170655,34.172344],[-118.170679,34.172237],[-118.17072,34.172125],[-118.170695,34.171943],[-118.170639,34.171843],[-118.17063,34.17177],[-118.170623,34.171341],[-118.170638,34.171049],[-118.170639,34.170778],[-118.170634,34.170749],[-118.17061,34.170733]]}},{"type":"Feature","properties":{"k":"path"},"geometry":{"type":"LineString","coordinates":[[-118.167434,34.164984],[-118.167471,34.164997],[-118.167839,34.165195],[-118.167882,34.165205],[-118.167934,34.165233],[-118.168291,34.16546],[-118.168385,34.165508],[-118.168524,34.165576],[-118.168784,34.165644],[-118.168851,34.165673],[-118.168904,34.165702],[-118.168972,34.165756],[-118.169113,34.165849],[-118.169208,34.165896],[-118.169346,34.165946],[-118.169403,34.165975],[-118.169554,34.166085],[-118.169821,34.166218],[-118.169861,34.166229],[-118.170064,34.166229],[-118.170104,34.166239],[-118.170154,34.166257],[-118.170219,34.166293],[-118.17028,34.166343],[-118.170349,34.166353]]}},{"type":"Feature","properties":{"k":"bunker"},"geometry":{"type":"Polygon","coordinates":[[[-118.166879,34.163862],[-118.166918,34.163853],[-118.166975,34.163828],[-118.166998,34.1638],[-118.16699,34.163788],[-118.166933,34.163778],[-118.16684,34.163798],[-118.166821,34.163812],[-118.166816,34.163826],[-118.166823,34.163842],[-118.166842,34.163857],[-118.166879,34.163862]]]}},{"type":"Feature","properties":{"k":"bunker"},"geometry":{"type":"Polygon","coordinates":[[[-118.166593,34.163854],[-118.166626,34.163863],[-118.166639,34.163857],[-118.166645,34.163844],[-118.166596,34.163707],[-118.166577,34.163698],[-118.166559,34.163701],[-118.166544,34.163716],[-118.166593,34.163854]]]}},{"type":"Feature","properties":{"k":"green"},"geometry":{"type":"Polygon","coordinates":[[[-118.166753,34.163779],[-118.166788,34.163776],[-118.166873,34.163748],[-118.166941,34.163741],[-118.166972,34.163711],[-118.166972,34.163673],[-118.166925,34.163646],[-118.166757,34.163651],[-118.166728,34.163663],[-118.166693,34.163705],[-118.166691,34.163733],[-118.166702,34.163757],[-118.166724,34.163774],[-118.166753,34.163779]]]}},{"type":"Feature","properties":{"k":"bunker"},"geometry":{"type":"Polygon","coordinates":[[[-118.16684,34.163623],[-118.166881,34.163618],[-118.166913,34.163595],[-118.166925,34.163574],[-118.166924,34.163549],[-118.166904,34.163535],[-118.16686,34.163528],[-118.16682,34.163527],[-118.166757,34.163538],[-118.166746,34.16355],[-118.166745,34.163567],[-118.166762,34.1636],[-118.166781,34.163615],[-118.16684,34.163623]]]}},{"type":"Feature","properties":{"k":"tee"},"geometry":{"type":"Polygon","coordinates":[[[-118.167958,34.165469],[-118.167845,34.165401],[-118.167881,34.165357],[-118.167996,34.165424],[-118.167958,34.165469]]]}},{"type":"Feature","properties":{"k":"fairway"},"geometry":{"type":"Polygon","coordinates":[[[-118.169991,34.166564],[-118.169942,34.166548],[-118.169836,34.16653],[-118.16958,34.166497],[-118.169459,34.166464],[-118.16942,34.166445],[-118.169118,34.166226],[-118.168585,34.165927],[-118.168497,34.165856],[-118.168491,34.165804],[-118.168521,34.165744],[-118.168575,34.165708],[-118.168634,34.165693],[-118.168729,34.165712],[-118.168828,34.16577],[-118.169072,34.165887],[-118.16964,34.166218],[-118.169808,34.166355],[-118.169867,34.16639],[-118.169916,34.166453],[-118.169943,34.166472],[-118.169992,34.16649],[-118.169973,34.166519],[-118.169975,34.166539],[-118.169991,34.166564]]]}},{"type":"Feature","properties":{"k":"bunker"},"geometry":{"type":"Polygon","coordinates":[[[-118.170056,34.166692],[-118.170043,34.166703],[-118.170024,34.166704],[-118.16997,34.16668],[-118.169915,34.166627],[-118.169923,34.166612],[-118.169945,34.1666],[-118.169974,34.166601],[-118.170054,34.166654],[-118.170062,34.166672],[-118.170056,34.166692]]]}},{"type":"Feature","properties":{"k":"bunker"},"geometry":{"type":"Polygon","coordinates":[[[-118.170077,34.166397],[-118.170053,34.166445],[-118.170033,34.166455],[-118.169997,34.166457],[-118.169968,34.166444],[-118.169972,34.166412],[-118.170052,34.166335],[-118.170069,34.166335],[-118.17008,34.166345],[-118.170077,34.166397]]]}},{"type":"Feature","properties":{"k":"green"},"geometry":{"type":"Polygon","coordinates":[[[-118.170227,34.166427],[-118.170253,34.166556],[-118.17025,34.166605],[-118.170235,34.166631],[-118.170217,34.166644],[-118.170147,34.166658],[-118.170112,34.166646],[-118.169991,34.166564],[-118.169975,34.166539],[-118.169973,34.166519],[-118.169992,34.16649],[-118.170059,34.166483],[-118.170079,34.166469],[-118.170113,34.166425],[-118.170136,34.166407],[-118.170163,34.166398],[-118.1702,34.166402],[-118.170227,34.166427]]]}},{"type":"Feature","properties":{"k":"path"},"geometry":{"type":"LineString","coordinates":[[-118.170236,34.175776],[-118.170309,34.175739],[-118.170348,34.175697],[-118.170366,34.175668],[-118.170372,34.175636],[-118.170368,34.175575],[-118.170395,34.175554],[-118.17042,34.175555],[-118.170439,34.175568],[-118.170445,34.175589],[-118.170426,34.175702],[-118.170439,34.17575],[-118.170489,34.175831]]}},{"type":"Feature","properties":{"k":"path"},"geometry":{"type":"LineString","coordinates":[[-118.169942,34.174755],[-118.16983,34.174774],[-118.169731,34.174806],[-118.169495,34.174945],[-118.169515,34.174985],[-118.169589,34.175077],[-118.169716,34.175284],[-118.169858,34.175457],[-118.169968,34.175549],[-118.170024,34.17561],[-118.170103,34.175727],[-118.170136,34.175756],[-118.170159,34.17577],[-118.1702,34.175778],[-118.170294,34.17577],[-118.170341,34.175776],[-118.17044,34.175809],[-118.170537,34.175857],[-118.170564,34.175894],[-118.170649,34.176072],[-118.170673,34.176169],[-118.170694,34.176196],[-118.170854,34.176326],[-118.170933,34.176411],[-118.170993,34.176489],[-118.171083,34.176629],[-118.171146,34.17679],[-118.171164,34.177009],[-118.171204,34.177113],[-118.171376,34.17738],[-118.17141,34.177463],[-118.171435,34.177542],[-118.171447,34.177678],[-118.171476,34.177775],[-118.171591,34.178005],[-118.171654,34.17815],[-118.171716,34.178246],[-118.171806,34.178439],[-118.171907,34.178585],[-118.171933,34.178652],[-118.171955,34.178715],[-118.171966,34.178785],[-118.171982,34.178957],[-118.172014,34.179039],[-118.172104,34.179195],[-118.17213,34.179273],[-118.172138,34.179351],[-118.172223,34.179567],[-118.172276,34.179755],[-118.172293,34.17978],[-118.172376,34.179775]]}},{"type":"Feature","properties":{"k":"path"},"geometry":{"type":"LineString","coordinates":[[-118.169867,34.174572],[-118.169789,34.174484],[-118.169774,34.174458],[-118.169771,34.174269],[-118.169738,34.174182],[-118.169727,34.174048],[-118.169686,34.173913],[-118.169664,34.173799],[-118.169597,34.173719]]}},{"type":"Feature","properties":{"k":"path"},"geometry":{"type":"LineString","coordinates":[[-118.172672,34.173811],[-118.172753,34.173609],[-118.172702,34.173476],[-118.17266,34.173397]]}},{"type":"Feature","properties":{"k":"path"},"geometry":{"type":"LineString","coordinates":[[-118.172865,34.173735],[-118.172771,34.173765],[-118.172672,34.173811],[-118.172634,34.173887],[-118.172631,34.173915],[-118.17264,34.173951]]}},{"type":"Feature","properties":{"k":"path"},"geometry":{"type":"LineString","coordinates":[[-118.173278,34.172148],[-118.173244,34.172085],[-118.17317,34.171837],[-118.173151,34.171796],[-118.1731,34.171721],[-118.172922,34.171499],[-118.172876,34.171399],[-118.172804,34.171178],[-118.172721,34.171041],[-118.172624,34.170922],[-118.172523,34.170777],[-118.172352,34.170607],[-118.172112,34.170227],[-118.172048,34.170081],[-118.171869,34.169587],[-118.171769,34.169412],[-118.171758,34.169328],[-118.171675,34.169161],[-118.17165,34.169094],[-118.171591,34.169013],[-118.17156,34.168846],[-118.171544,34.168805],[-118.171391,34.168167],[-118.171339,34.168047],[-118.171347,34.167856],[-118.171245,34.167239],[-118.171159,34.16697],[-118.171031,34.166475],[-118.171,34.16643],[-118.170935,34.166392],[-118.170743,34.166384],[-118.170621,34.166352],[-118.17059,34.166352]]}},{"type":"Feature","properties":{"k":"path"},"geometry":{"type":"LineString","coordinates":[[-118.172691,34.174087],[-118.172687,34.174107],[-118.17259,34.174245],[-118.172567,34.17426],[-118.172398,34.17432],[-118.172346,34.174358],[-118.172309,34.174407],[-118.172279,34.174468],[-118.172273,34.174504],[-118.172354,34.174763],[-118.172357,34.1748],[-118.172344,34.174836],[-118.172318,34.174866],[-118.172212,34.174959],[-118.17216,34.175066],[-118.172073,34.175175],[-118.172031,34.175246],[-118.172005,34.175322],[-118.171984,34.175441],[-118.171957,34.175665],[-118.171959,34.175724],[-118.172037,34.17608],[-118.172098,34.176226],[-118.172035,34.176644],[-118.171987,34.176873],[-118.171992,34.1769],[-118.172028,34.176944],[-118.172136,34.177026],[-118.172181,34.177045],[-118.172231,34.177038],[-118.172334,34.176995],[-118.172356,34.176976],[-118.17244,34.176831],[-118.172513,34.176731],[-118.172688,34.176599],[-118.172754,34.176536],[-118.172777,34.176503],[-118.172852,34.176194],[-118.172871,34.176144],[-118.173048,34.175918],[-118.173149,34.175712],[-118.173185,34.17561],[-118.173269,34.175468],[-118.173322,34.175285],[-118.173396,34.1751],[-118.17355,34.174857],[-118.173706,34.174568],[-118.173757,34.17445],[-118.173772,34.174401],[-118.173781,34.174222],[-118.173821,34.174177],[-118.173794,34.174058]]}},{"type":"Feature","properties":{"k":"bunker"},"geometry":{"type":"Polygon","coordinates":[[[-118.173562,34.173321],[-118.173561,34.173295],[-118.17357,34.173289],[-118.173586,34.173289],[-118.173613,34.173307],[-118.173629,34.173335],[-118.173678,34.173376],[-118.173665,34.173412],[-118.173623,34.173425],[-118.173587,34.173405],[-118.173562,34.173321]]]}},{"type":"Feature","properties":{"k":"bunker"},"geometry":{"type":"Polygon","coordinates":[[[-118.173283,34.173304],[-118.173264,34.173332],[-118.173258,34.173367],[-118.173269,34.17339],[-118.173299,34.173397],[-118.173366,34.173343],[-118.173374,34.173313],[-118.173361,34.173284],[-118.173333,34.173265],[-118.173317,34.173266],[-118.173283,34.173304]]]}},{"type":"Feature","properties":{"k":"green"},"geometry":{"type":"Polygon","coordinates":[[[-118.170477,34.161613],[-118.170492,34.161627],[-118.170501,34.161662],[-118.170495,34.161679],[-118.170464,34.161704],[-118.17042,34.161707],[-118.170348,34.161675],[-118.170289,34.161631],[-118.170256,34.161551],[-118.170215,34.161512],[-118.170213,34.161495],[-118.170229,34.161462],[-118.170267,34.161443],[-118.17031,34.161448],[-118.170328,34.161458],[-118.170391,34.161552],[-118.170477,34.161613]]]}},{"type":"Feature","properties":{"k":"path"},"geometry":{"type":"LineString","coordinates":[[-118.170804,34.174638],[-118.170844,34.174629],[-118.170901,34.174598],[-118.171226,34.174532],[-118.171302,34.174544],[-118.171327,34.174559],[-118.171359,34.174599],[-118.171295,34.1749],[-118.171283,34.174997],[-118.171359,34.175375],[-118.171358,34.175423],[-118.171312,34.175695],[-118.17132,34.175746],[-118.171392,34.17597],[-118.171413,34.176082],[-118.171398,34.176299],[-118.17141,34.17643],[-118.171529,34.176741],[-118.171616,34.176926],[-118.171732,34.177141],[-118.171909,34.17753],[-118.171985,34.177665],[-118.172123,34.17798],[-118.172342,34.178402],[-118.172388,34.17857],[-118.172422,34.178662],[-118.172458,34.178728],[-118.172552,34.17884],[-118.172609,34.178888],[-118.172716,34.17904],[-118.172799,34.179204],[-118.172881,34.17942],[-118.172914,34.179476],[-118.173016,34.17961],[-118.173162,34.17989],[-118.173203,34.179949],[-118.17325,34.180001],[-118.173596,34.180292],[-118.173622,34.180325],[-118.173702,34.180528],[-118.173687,34.1807],[-118.173673,34.180755],[-118.173574,34.180914],[-118.173551,34.180935],[-118.173526,34.180947],[-118.173479,34.180946],[-118.173457,34.180939],[-118.173442,34.180921],[-118.173335,34.180591],[-118.173294,34.180524],[-118.173273,34.180507],[-118.173172,34.180466],[-118.173152,34.180449],[-118.173115,34.180389],[-118.17301,34.180336],[-118.17297,34.180301],[-118.172833,34.179776],[-118.172809,34.179751],[-118.172776,34.179735],[-118.172738,34.179728],[-118.172669,34.179733]]}},{"type":"Feature","properties":{"k":"path"},"geometry":{"type":"LineString","coordinates":[[-118.172079,34.174055],[-118.172129,34.174021],[-118.172634,34.173887]]}},{"type":"Feature","properties":{"k":"tee"},"geometry":{"type":"Polygon","coordinates":[[[-118.168995,34.174283],[-118.168905,34.174309],[-118.168864,34.174197],[-118.168954,34.174171],[-118.168995,34.174283]]]}},{"type":"Feature","properties":{"k":"tee"},"geometry":{"type":"Polygon","coordinates":[[[-118.169022,34.174627],[-118.168963,34.174436],[-118.169151,34.174391],[-118.169209,34.174599],[-118.169022,34.174627]]]}},{"type":"Feature","properties":{"k":"green"},"geometry":{"type":"Polygon","coordinates":[[[-118.169509,34.174343],[-118.16952,34.174418],[-118.169553,34.174458],[-118.16959,34.174472],[-118.169641,34.174476],[-118.169678,34.174466],[-118.16971,34.174444],[-118.169723,34.174397],[-118.169714,34.174375],[-118.169695,34.174361],[-118.169638,34.174346],[-118.1696,34.174317],[-118.169562,34.174304],[-118.169522,34.174315],[-118.169509,34.174343]]]}},{"type":"Feature","properties":{"k":"treeline"},"geometry":{"type":"LineString","coordinates":[[-118.169755,34.164936],[-118.168807,34.164766]]}},{"type":"Feature","properties":{"k":"tee"},"geometry":{"type":"Polygon","coordinates":[[[-118.167986,34.164628],[-118.167981,34.16464],[-118.167996,34.164643],[-118.168,34.164631],[-118.167986,34.164628]]]}},{"type":"Feature","properties":{"k":"tee"},"geometry":{"type":"Polygon","coordinates":[[[-118.167976,34.164654],[-118.167972,34.164666],[-118.167987,34.16467],[-118.167991,34.164658],[-118.167976,34.164654]]]}},{"type":"Feature","properties":{"k":"tee"},"geometry":{"type":"Polygon","coordinates":[[[-118.167967,34.16468],[-118.167963,34.164692],[-118.167978,34.164696],[-118.167982,34.164684],[-118.167967,34.16468]]]}},{"type":"Feature","properties":{"k":"tee"},"geometry":{"type":"Polygon","coordinates":[[[-118.167958,34.164707],[-118.167954,34.164719],[-118.167969,34.164723],[-118.167973,34.164711],[-118.167958,34.164707]]]}},{"type":"Feature","properties":{"k":"tee"},"geometry":{"type":"Polygon","coordinates":[[[-118.167949,34.164734],[-118.167945,34.164746],[-118.167959,34.164749],[-118.167963,34.164737],[-118.167949,34.164734]]]}},{"type":"Feature","properties":{"k":"tee"},"geometry":{"type":"Polygon","coordinates":[[[-118.167941,34.164758],[-118.167936,34.16477],[-118.167951,34.164774],[-118.167955,34.164762],[-118.167941,34.164758]]]}},{"type":"Feature","properties":{"k":"tee"},"geometry":{"type":"Polygon","coordinates":[[[-118.167931,34.164785],[-118.167927,34.164797],[-118.167942,34.164801],[-118.167946,34.164789],[-118.167931,34.164785]]]}},{"type":"Feature","properties":{"k":"tee"},"geometry":{"type":"Polygon","coordinates":[[[-118.167922,34.164812],[-118.167918,34.164824],[-118.167933,34.164827],[-118.167937,34.164815],[-118.167922,34.164812]]]}},{"type":"Feature","properties":{"k":"tee"},"geometry":{"type":"Polygon","coordinates":[[[-118.167912,34.164842],[-118.167907,34.164854],[-118.167922,34.164858],[-118.167926,34.164846],[-118.167912,34.164842]]]}},{"type":"Feature","properties":{"k":"tee"},"geometry":{"type":"Polygon","coordinates":[[[-118.167902,34.164868],[-118.167898,34.164881],[-118.167913,34.164884],[-118.167917,34.164872],[-118.167902,34.164868]]]}},{"type":"Feature","properties":{"k":"tee"},"geometry":{"type":"Polygon","coordinates":[[[-118.167894,34.164894],[-118.16789,34.164906],[-118.167904,34.164909],[-118.167908,34.164897],[-118.167894,34.164894]]]}},{"type":"Feature","properties":{"k":"tee"},"geometry":{"type":"Polygon","coordinates":[[[-118.167885,34.164918],[-118.167881,34.16493],[-118.167896,34.164933],[-118.1679,34.164921],[-118.167885,34.164918]]]}},{"type":"Feature","properties":{"k":"tee"},"geometry":{"type":"Polygon","coordinates":[[[-118.167877,34.164943],[-118.167873,34.164955],[-118.167887,34.164959],[-118.167891,34.164947],[-118.167877,34.164943]]]}},{"type":"Feature","properties":{"k":"tee"},"geometry":{"type":"Polygon","coordinates":[[[-118.167867,34.16497],[-118.167863,34.164982],[-118.167878,34.164986],[-118.167882,34.164974],[-118.167867,34.16497]]]}},{"type":"Feature","properties":{"k":"tee"},"geometry":{"type":"Polygon","coordinates":[[[-118.167858,34.164998],[-118.167854,34.16501],[-118.167868,34.165014],[-118.167872,34.165002],[-118.167858,34.164998]]]}},{"type":"Feature","properties":{"k":"tee"},"geometry":{"type":"Polygon","coordinates":[[[-118.167849,34.165024],[-118.167845,34.165036],[-118.167859,34.16504],[-118.167863,34.165028],[-118.167849,34.165024]]]}},{"type":"Feature","properties":{"k":"tee"},"geometry":{"type":"Polygon","coordinates":[[[-118.16784,34.165048],[-118.167836,34.165061],[-118.167851,34.165064],[-118.167855,34.165052],[-118.16784,34.165048]]]}},{"type":"Feature","properties":{"k":"tee"},"geometry":{"type":"Polygon","coordinates":[[[-118.167831,34.165077],[-118.167826,34.165089],[-118.167841,34.165093],[-118.167845,34.165081],[-118.167831,34.165077]]]}},{"type":"Feature","properties":{"k":"tee"},"geometry":{"type":"Polygon","coordinates":[[[-118.167822,34.165101],[-118.167818,34.165113],[-118.167833,34.165117],[-118.167837,34.165105],[-118.167822,34.165101]]]}},{"type":"Feature","properties":{"k":"tee"},"geometry":{"type":"Polygon","coordinates":[[[-118.167814,34.165126],[-118.167809,34.165138],[-118.167824,34.165142],[-118.167828,34.16513],[-118.167814,34.165126]]]}},{"type":"Feature","properties":{"k":"tee"},"geometry":{"type":"Polygon","coordinates":[[[-118.169956,34.164233],[-118.169941,34.164236],[-118.169944,34.164248],[-118.169959,34.164245],[-118.169956,34.164233]]]}},{"type":"Feature","properties":{"k":"tee"},"geometry":{"type":"Polygon","coordinates":[[[-118.169788,34.164272],[-118.169773,34.164276],[-118.169777,34.164287],[-118.169792,34.164284],[-118.169788,34.164272]]]}},{"type":"Feature","properties":{"k":"tee"},"geometry":{"type":"Polygon","coordinates":[[[-118.169839,34.16426],[-118.169824,34.164264],[-118.169827,34.164276],[-118.169842,34.164272],[-118.169839,34.16426]]]}},{"type":"Feature","properties":{"k":"tee"},"geometry":{"type":"Polygon","coordinates":[[[-118.169991,34.164225],[-118.169976,34.164229],[-118.16998,34.16424],[-118.169995,34.164237],[-118.169991,34.164225]]]}},{"type":"Feature","properties":{"k":"tee"},"geometry":{"type":"Polygon","coordinates":[[[-118.169743,34.164283],[-118.169728,34.164286],[-118.169731,34.164298],[-118.169746,34.164294],[-118.169743,34.164283]]]}},{"type":"Feature","properties":{"k":"tee"},"geometry":{"type":"Polygon","coordinates":[[[-118.169901,34.164245],[-118.169886,34.164249],[-118.16989,34.16426],[-118.169905,34.164257],[-118.169901,34.164245]]]}},{"type":"Feature","properties":{"k":"tee"},"geometry":{"type":"Polygon","coordinates":[[[-118.170031,34.164214],[-118.170016,34.164218],[-118.17002,34.164229],[-118.170034,34.164226],[-118.170031,34.164214]]]}},{"type":"Feature","properties":{"k":"tee"},"geometry":{"type":"Polygon","coordinates":[[[-118.170075,34.164203],[-118.170061,34.164206],[-118.170064,34.164218],[-118.170079,34.164215],[-118.170075,34.164203]]]}},{"type":"Feature","properties":{"k":"tee"},"geometry":{"type":"Polygon","coordinates":[[[-118.169341,34.164363],[-118.169326,34.164365],[-118.169328,34.164377],[-118.169343,34.164374],[-118.169341,34.164363]]]}},{"type":"Feature","properties":{"k":"tee"},"geometry":{"type":"Polygon","coordinates":[[[-118.169366,34.164358],[-118.169352,34.164361],[-118.169354,34.164372],[-118.169369,34.16437],[-118.169366,34.164358]]]}},{"type":"Feature","properties":{"k":"tee"},"geometry":{"type":"Polygon","coordinates":[[[-118.169392,34.164353],[-118.169377,34.164356],[-118.169379,34.164368],[-118.169394,34.164365],[-118.169392,34.164353]]]}},{"type":"Feature","properties":{"k":"tee"},"geometry":{"type":"Polygon","coordinates":[[[-118.169419,34.164349],[-118.169404,34.164351],[-118.169407,34.164363],[-118.169422,34.16436],[-118.169419,34.164349]]]}},{"type":"Feature","properties":{"k":"tee"},"geometry":{"type":"Polygon","coordinates":[[[-118.169446,34.164344],[-118.169431,34.164347],[-118.169433,34.164358],[-118.169449,34.164356],[-118.169446,34.164344]]]}},{"type":"Feature","properties":{"k":"tee"},"geometry":{"type":"Polygon","coordinates":[[[-118.169475,34.164339],[-118.16946,34.164341],[-118.169463,34.164353],[-118.169478,34.16435],[-118.169475,34.164339]]]}},{"type":"Feature","properties":{"k":"tee"},"geometry":{"type":"Polygon","coordinates":[[[-118.169506,34.164333],[-118.16949,34.164336],[-118.169493,34.164348],[-118.169508,34.164345],[-118.169506,34.164333]]]}},{"type":"Feature","properties":{"k":"tee"},"geometry":{"type":"Polygon","coordinates":[[[-118.169537,34.164328],[-118.169522,34.16433],[-118.169525,34.164342],[-118.16954,34.164339],[-118.169537,34.164328]]]}},{"type":"Feature","properties":{"k":"path"},"geometry":{"type":"LineString","coordinates":[[-118.170744,34.161816],[-118.170702,34.161813],[-118.170384,34.161879]]}},{"type":"Feature","properties":{"k":"path"},"geometry":{"type":"LineString","coordinates":[[-118.170109,34.161957],[-118.170359,34.1619],[-118.170377,34.16189],[-118.170384,34.161865],[-118.170374,34.161849],[-118.170127,34.161684],[-118.170091,34.161654],[-118.170067,34.161616],[-118.17003,34.161499],[-118.170008,34.161358],[-118.169971,34.161257],[-118.169951,34.161072],[-118.169921,34.161006]]}},{"type":"Feature","properties":{"k":"bunker"},"geometry":{"type":"Polygon","coordinates":[[[-118.172393,34.174441],[-118.172381,34.174454],[-118.172381,34.174493],[-118.172404,34.174514],[-118.172434,34.174517],[-118.172457,34.174498],[-118.172463,34.174465],[-118.172431,34.174439],[-118.172393,34.174441]]]}},{"type":"Feature","properties":{"k":"bunker"},"geometry":{"type":"Polygon","coordinates":[[[-118.172723,34.174581],[-118.172723,34.17462],[-118.172732,34.17464],[-118.172769,34.174651],[-118.172792,34.174642],[-118.172811,34.174615],[-118.172815,34.174594],[-118.172804,34.174568],[-118.172781,34.174553],[-118.172758,34.174552],[-118.172742,34.174557],[-118.172723,34.174581]]]}},{"type":"Feature","properties":{"k":"tee"},"geometry":{"type":"Polygon","coordinates":[[[-118.171887,34.176561],[-118.171926,34.176397],[-118.172014,34.176413],[-118.171974,34.176572],[-118.171887,34.176561]]]}},{"type":"Feature","properties":{"k":"tee"},"geometry":{"type":"Polygon","coordinates":[[[-118.171928,34.176757],[-118.171969,34.176605],[-118.17188,34.176587],[-118.171843,34.17674],[-118.171928,34.176757]]]}},{"type":"Feature","properties":{"k":"tee"},"geometry":{"type":"Polygon","coordinates":[[[-118.17189,34.176877],[-118.17191,34.176791],[-118.171833,34.176779],[-118.171813,34.176865],[-118.17189,34.176877]]]}},{"type":"Feature","properties":{"k":"tee"},"geometry":{"type":"Polygon","coordinates":[[[-118.171907,34.177385],[-118.171836,34.177375],[-118.171859,34.177264],[-118.17193,34.177274],[-118.171907,34.177385]]]}},{"type":"Feature","properties":{"k":"path"},"geometry":{"type":"LineString","coordinates":[[-118.16924,34.171248],[-118.169118,34.171144],[-118.169059,34.171135],[-118.169006,34.171158],[-118.168939,34.171259],[-118.168913,34.171268],[-118.168875,34.171254],[-118.168866,34.171221],[-118.168924,34.171121],[-118.168929,34.171096],[-118.168926,34.171071],[-118.168878,34.170969],[-118.168863,34.170846],[-118.168826,34.170748],[-118.168766,34.170676],[-118.168656,34.170589],[-118.168536,34.17052],[-118.168392,34.170456],[-118.168365,34.170432],[-118.168355,34.170386]]}},{"type":"Feature","properties":{"k":"bunker"},"geometry":{"type":"Polygon","coordinates":[[[-118.171505,34.163409],[-118.171528,34.163403],[-118.171544,34.163413],[-118.171548,34.163434],[-118.171533,34.163466],[-118.171504,34.163489],[-118.171466,34.163502],[-118.171438,34.163504],[-118.171408,34.163497],[-118.171403,34.163473],[-118.171411,34.163453],[-118.171436,34.16345],[-118.17145,34.163465],[-118.171464,34.163462],[-118.171471,34.163439],[-118.171486,34.163446],[-118.171501,34.163439],[-118.171505,34.163409]]]}},{"type":"Feature","properties":{"k":"bunker"},"geometry":{"type":"Polygon","coordinates":[[[-118.171472,34.163174],[-118.171463,34.163196],[-118.171439,34.163208],[-118.1714,34.163197],[-118.17138,34.163141],[-118.171385,34.163113],[-118.171398,34.163094],[-118.171417,34.163086],[-118.171443,34.163092],[-118.171458,34.163108],[-118.171472,34.163174]]]}},{"type":"Feature","properties":{"k":"bunker"},"geometry":{"type":"Polygon","coordinates":[[[-118.171613,34.16287],[-118.171629,34.162857],[-118.171652,34.162857],[-118.171668,34.162876],[-118.171644,34.162948],[-118.171661,34.163012],[-118.171657,34.163024],[-118.17164,34.163033],[-118.171611,34.163026],[-118.171599,34.162993],[-118.17159,34.162905],[-118.171613,34.16287]]]}},{"type":"Feature","properties":{"k":"bunker"},"geometry":{"type":"Polygon","coordinates":[[[-118.170618,34.16276],[-118.170633,34.162738],[-118.170656,34.16273],[-118.170675,34.162731],[-118.170693,34.162748],[-118.170692,34.162763],[-118.170652,34.162822],[-118.170625,34.162822],[-118.170613,34.16281],[-118.170618,34.16276]]]}},{"type":"Feature","properties":{"k":"bunker"},"geometry":{"type":"Polygon","coordinates":[[[-118.17055,34.162505],[-118.170569,34.162524],[-118.170591,34.162533],[-118.170616,34.162524],[-118.170622,34.16251],[-118.170598,34.162481],[-118.170553,34.162444],[-118.170538,34.16244],[-118.170523,34.162445],[-118.170516,34.162464],[-118.17055,34.162505]]]}},{"type":"Feature","properties":{"k":"bunker"},"geometry":{"type":"Polygon","coordinates":[[[-118.170241,34.161643],[-118.170226,34.161673],[-118.170212,34.161678],[-118.170192,34.161673],[-118.170163,34.16165],[-118.17016,34.161542],[-118.170176,34.161538],[-118.170195,34.161545],[-118.170211,34.161564],[-118.170241,34.161643]]]}},{"type":"Feature","properties":{"k":"bunker"},"geometry":{"type":"Polygon","coordinates":[[[-118.170492,34.16159],[-118.170524,34.161584],[-118.170528,34.161557],[-118.170464,34.161523],[-118.170444,34.161499],[-118.170438,34.161459],[-118.170424,34.161448],[-118.170408,34.161447],[-118.170392,34.161457],[-118.170388,34.161493],[-118.170433,34.161554],[-118.170492,34.16159]]]}},{"type":"Feature","properties":{"k":"bunker"},"geometry":{"type":"Polygon","coordinates":[[[-118.170442,34.160604],[-118.170408,34.160613],[-118.170391,34.16061],[-118.170371,34.160585],[-118.170371,34.160549],[-118.170395,34.160548],[-118.170408,34.160557],[-118.170411,34.160573],[-118.170424,34.160575],[-118.170432,34.160569],[-118.170481,34.160569],[-118.170483,34.160548],[-118.170492,34.160545],[-118.1705,34.16055],[-118.170522,34.160538],[-118.170546,34.160541],[-118.170555,34.160558],[-118.170542,34.160582],[-118.170497,34.160602],[-118.170442,34.160604]]]}},{"type":"Feature","properties":{"k":"bunker"},"geometry":{"type":"Polygon","coordinates":[[[-118.169613,34.160034],[-118.169581,34.160046],[-118.169574,34.160062],[-118.16958,34.160087],[-118.169651,34.160119],[-118.169691,34.160112],[-118.169705,34.160092],[-118.169697,34.16007],[-118.169649,34.160043],[-118.169613,34.160034]]]}},{"type":"Feature","properties":{"k":"bunker"},"geometry":{"type":"Polygon","coordinates":[[[-118.16958,34.159807],[-118.169599,34.159822],[-118.169624,34.159819],[-118.169631,34.159796],[-118.169627,34.159784],[-118.16955,34.159729],[-118.169534,34.159724],[-118.169518,34.159729],[-118.169504,34.159751],[-118.16951,34.159765],[-118.16958,34.159807]]]}},{"type":"Feature","properties":{"k":"bunker"},"geometry":{"type":"Polygon","coordinates":[[[-118.173532,34.171177],[-118.173516,34.171202],[-118.173518,34.17122],[-118.173531,34.171233],[-118.173557,34.171234],[-118.17358,34.171222],[-118.173601,34.171195],[-118.173619,34.171141],[-118.173619,34.171108],[-118.173599,34.171082],[-118.173565,34.171089],[-118.173558,34.171136],[-118.173532,34.171177]]]}},{"type":"Feature","properties":{"k":"bunker"},"geometry":{"type":"Polygon","coordinates":[[[-118.172709,34.170163],[-118.172733,34.170178],[-118.172763,34.170178],[-118.172791,34.170111],[-118.172778,34.170091],[-118.172753,34.170079],[-118.172725,34.170079],[-118.172699,34.170097],[-118.172694,34.17014],[-118.172709,34.170163]]]}},{"type":"Feature","properties":{"k":"bunker"},"geometry":{"type":"Polygon","coordinates":[[[-118.172557,34.170193],[-118.172605,34.17024],[-118.172602,34.170258],[-118.172586,34.170271],[-118.172545,34.170272],[-118.172501,34.17026],[-118.172454,34.17023],[-118.172445,34.170197],[-118.172459,34.170166],[-118.172494,34.170166],[-118.172557,34.170193]]]}},{"type":"Feature","properties":{"k":"bunker"},"geometry":{"type":"Polygon","coordinates":[[[-118.171979,34.169584],[-118.171987,34.169637],[-118.171981,34.169687],[-118.171989,34.169705],[-118.172006,34.169722],[-118.172039,34.169722],[-118.172062,34.169696],[-118.172054,34.169654],[-118.172061,34.169595],[-118.172049,34.169576],[-118.172014,34.169557],[-118.171988,34.169567],[-118.171979,34.169584]]]}},{"type":"Feature","properties":{"k":"bunker"},"geometry":{"type":"Polygon","coordinates":[[[-118.172175,34.169433],[-118.172208,34.169456],[-118.172243,34.169452],[-118.172273,34.16943],[-118.172293,34.169402],[-118.172283,34.169368],[-118.172264,34.169358],[-118.172233,34.169356],[-118.172195,34.169367],[-118.172169,34.169388],[-118.172164,34.169403],[-118.172175,34.169433]]]}},{"type":"Feature","properties":{"k":"bunker"},"geometry":{"type":"Polygon","coordinates":[[[-118.171556,34.16861],[-118.171589,34.168572],[-118.171612,34.168579],[-118.171625,34.168597],[-118.171618,34.168647],[-118.171637,34.168688],[-118.171646,34.168753],[-118.171636,34.168761],[-118.171629,34.16874],[-118.171603,34.168742],[-118.171595,34.168755],[-118.1716,34.168772],[-118.17159,34.168775],[-118.171575,34.168756],[-118.171583,34.168735],[-118.171567,34.168705],[-118.171568,34.168647],[-118.171556,34.16861]]]}},{"type":"Feature","properties":{"k":"bunker"},"geometry":{"type":"Polygon","coordinates":[[[-118.171972,34.167875],[-118.171986,34.167892],[-118.172015,34.167898],[-118.172036,34.167881],[-118.172041,34.167856],[-118.172037,34.167828],[-118.17201,34.167792],[-118.172015,34.167734],[-118.172009,34.167719],[-118.172001,34.167706],[-118.171958,34.167695],[-118.171924,34.167725],[-118.171926,34.167757],[-118.171934,34.167787],[-118.171976,34.167836],[-118.171972,34.167875]]]}},{"type":"Feature","properties":{"k":"bunker"},"geometry":{"type":"Polygon","coordinates":[[[-118.172166,34.167515],[-118.172178,34.167557],[-118.172151,34.167581],[-118.172135,34.167578],[-118.172124,34.167567],[-118.172121,34.167533],[-118.172111,34.167523],[-118.172101,34.167475],[-118.172109,34.167459],[-118.172141,34.167455],[-118.172151,34.167461],[-118.172166,34.167515]]]}},{"type":"Feature","properties":{"k":"bunker"},"geometry":{"type":"Polygon","coordinates":[[[-118.171682,34.167242],[-118.171665,34.167242],[-118.171656,34.167255],[-118.171674,34.167274],[-118.171736,34.167282],[-118.171766,34.167293],[-118.171841,34.167351],[-118.171865,34.167355],[-118.171886,34.167349],[-118.171887,34.167324],[-118.171854,34.167294],[-118.171804,34.167277],[-118.171779,34.167261],[-118.171682,34.167242]]]}},{"type":"Feature","properties":{"k":"bunker"},"geometry":{"type":"Polygon","coordinates":[[[-118.171736,34.166654],[-118.171739,34.166683],[-118.171699,34.166765],[-118.171682,34.166776],[-118.171651,34.166773],[-118.171639,34.166745],[-118.171692,34.166687],[-118.171696,34.166645],[-118.171713,34.166635],[-118.171736,34.166654]]]}},{"type":"Feature","properties":{"k":"bunker"},"geometry":{"type":"Polygon","coordinates":[[[-118.171811,34.166307],[-118.17178,34.166329],[-118.171778,34.166344],[-118.171796,34.166374],[-118.171837,34.166393],[-118.171847,34.166386],[-118.171847,34.166373],[-118.171873,34.166368],[-118.171888,34.166334],[-118.171884,34.166323],[-118.171903,34.16631],[-118.1719,34.166296],[-118.17187,34.166287],[-118.171834,34.166305],[-118.171811,34.166307]]]}},{"type":"Feature","properties":{"k":"bunker"},"geometry":{"type":"Polygon","coordinates":[[[-118.170904,34.164504],[-118.170874,34.164521],[-118.170878,34.164543],[-118.170953,34.164588],[-118.17098,34.164598],[-118.170997,34.164594],[-118.171003,34.164582],[-118.170972,34.164497],[-118.170954,34.16449],[-118.170904,34.164504]]]}},{"type":"Feature","properties":{"k":"bunker"},"geometry":{"type":"Polygon","coordinates":[[[-118.169382,34.174339],[-118.16939,34.174366],[-118.169423,34.174385],[-118.169449,34.174384],[-118.16947,34.174364],[-118.169466,34.17434],[-118.169432,34.174315],[-118.169402,34.174313],[-118.169382,34.174339]]]}},{"type":"Feature","properties":{"k":"bunker"},"geometry":{"type":"Polygon","coordinates":[[[-118.169705,34.174302],[-118.169666,34.174327],[-118.169635,34.17432],[-118.169618,34.174273],[-118.169632,34.174241],[-118.169674,34.174228],[-118.169703,34.174243],[-118.169711,34.174261],[-118.169705,34.174302]]]}},{"type":"Feature","properties":{"k":"bunker"},"geometry":{"type":"Polygon","coordinates":[[[-118.169925,34.174254],[-118.169908,34.174283],[-118.169914,34.1743],[-118.169946,34.174315],[-118.169965,34.174312],[-118.169999,34.174295],[-118.170013,34.174278],[-118.170022,34.174233],[-118.170001,34.174207],[-118.16997,34.174205],[-118.169925,34.174254]]]}},{"type":"Feature","properties":{"k":"bunker"},"geometry":{"type":"Polygon","coordinates":[[[-118.171671,34.174678],[-118.171693,34.174688],[-118.171707,34.174686],[-118.17175,34.174664],[-118.171762,34.174643],[-118.171748,34.174613],[-118.171705,34.174601],[-118.171675,34.174614],[-118.171655,34.174651],[-118.171671,34.174678]]]}},{"type":"Feature","properties":{"k":"bunker"},"geometry":{"type":"Polygon","coordinates":[[[-118.171458,34.1749],[-118.171447,34.174875],[-118.171413,34.174863],[-118.171402,34.174848],[-118.171412,34.174821],[-118.171407,34.174739],[-118.171421,34.174722],[-118.171444,34.174716],[-118.171458,34.174715],[-118.171475,34.174731],[-118.171491,34.174803],[-118.171522,34.174812],[-118.171535,34.174828],[-118.171519,34.174911],[-118.171507,34.174929],[-118.171476,34.174929],[-118.171458,34.1749]]]}},{"type":"Feature","properties":{"k":"bunker"},"geometry":{"type":"Polygon","coordinates":[[[-118.169986,34.176077],[-118.169974,34.176109],[-118.169985,34.176133],[-118.17002,34.176154],[-118.170063,34.176147],[-118.170085,34.176113],[-118.170083,34.176083],[-118.170069,34.176059],[-118.170053,34.176052],[-118.170022,34.176052],[-118.169986,34.176077]]]}},{"type":"Feature","properties":{"k":"bunker"},"geometry":{"type":"Polygon","coordinates":[[[-118.170162,34.175912],[-118.170166,34.175936],[-118.17018,34.175952],[-118.170197,34.175957],[-118.170221,34.175947],[-118.170231,34.175936],[-118.170235,34.175907],[-118.170217,34.175866],[-118.170184,34.175864],[-118.170165,34.175891],[-118.170162,34.175912]]]}},{"type":"Feature","properties":{"k":"green"},"geometry":{"type":"Polygon","coordinates":[[[-118.173197,34.181074],[-118.173152,34.181087],[-118.173136,34.181137],[-118.173155,34.181207],[-118.173175,34.181241],[-118.173191,34.181254],[-118.173224,34.181262],[-118.173254,34.181247],[-118.17329,34.181208],[-118.173345,34.181178],[-118.173367,34.18115],[-118.173373,34.181128],[-118.17336,34.181111],[-118.173325,34.181096],[-118.173197,34.181074]]]}},{"type":"Feature","properties":{"k":"treeline"},"geometry":{"type":"LineString","coordinates":[[-118.17111,34.167039],[-118.17117,34.167317],[-118.171228,34.167452],[-118.171291,34.168045]]}},{"type":"Feature","properties":{"k":"treeline"},"geometry":{"type":"LineString","coordinates":[[-118.169028,34.16653],[-118.169117,34.166483],[-118.169183,34.166487],[-118.16924,34.16651],[-118.169373,34.16665]]}},{"type":"Feature","properties":{"k":"water"},"geometry":{"type":"Polygon","coordinates":[[[-118.165776,34.150694],[-118.165891,34.151057],[-118.166323,34.151884],[-118.166603,34.152396],[-118.166874,34.152979],[-118.167136,34.153714],[-118.167488,34.154757],[-118.167705,34.155457],[-118.167892,34.155998],[-118.1686,34.158216],[-118.169813,34.161901],[-118.169946,34.162314],[-118.170058,34.162734],[-118.170187,34.163337],[-118.170274,34.16393],[-118.170303,34.164211],[-118.170313,34.164507],[-118.170328,34.165794],[-118.170357,34.166387],[-118.17033,34.167029],[-118.17036,34.169624],[-118.17036,34.173167],[-118.170401,34.173783],[-118.170503,34.174401],[-118.17064,34.175098],[-118.170859,34.175824],[-118.171093,34.176459],[-118.172009,34.178446],[-118.172264,34.179132],[-118.172454,34.179862],[-118.172511,34.179892],[-118.172731,34.18119],[-118.172731,34.181354],[-118.172775,34.181577],[-118.173017,34.181536],[-118.173,34.181428],[-118.172942,34.181229],[-118.17282,34.180577],[-118.172615,34.179574],[-118.17249,34.179097],[-118.172258,34.178432],[-118.171967,34.177749],[-118.171391,34.176577],[-118.171251,34.176232],[-118.171102,34.175807],[-118.170886,34.17508],[-118.170742,34.174422],[-118.170671,34.173925],[-118.170611,34.173321],[-118.170601,34.17286],[-118.170583,34.168745],[-118.17059,34.165648],[-118.170557,34.164302],[-118.170528,34.163957],[-118.170381,34.163014],[-118.170249,34.162479],[-118.169273,34.159491],[-118.168301,34.156581],[-118.168161,34.156192],[-118.167528,34.154263],[-118.167156,34.153171],[-118.166823,34.152418],[-118.166208,34.151262],[-118.166076,34.150989],[-118.165953,34.150647],[-118.165776,34.150694]]]}},{"type":"Feature","properties":{"k":"tee"},"geometry":{"type":"Polygon","coordinates":[[[-118.167694,34.165627],[-118.167598,34.165671],[-118.167361,34.165301],[-118.167438,34.165254],[-118.167694,34.165627]]]}},{"type":"Feature","properties":{"k":"bunker"},"geometry":{"type":"Polygon","coordinates":[[[-118.168645,34.167484],[-118.168642,34.167504],[-118.168627,34.167521],[-118.168599,34.167523],[-118.168587,34.167516],[-118.168564,34.167454],[-118.168567,34.167417],[-118.168596,34.167349],[-118.168617,34.167332],[-118.168646,34.167337],[-118.168671,34.167377],[-118.168659,34.167404],[-118.168672,34.167432],[-118.168672,34.167462],[-118.168648,34.167474],[-118.168645,34.167484]]]}},{"type":"Feature","properties":{"k":"bunker"},"geometry":{"type":"Polygon","coordinates":[[[-118.168384,34.168229],[-118.168384,34.168256],[-118.168361,34.168272],[-118.16834,34.168269],[-118.168322,34.168245],[-118.168349,34.168196],[-118.168374,34.168122],[-118.168389,34.168117],[-118.168407,34.168122],[-118.168426,34.168144],[-118.168424,34.168161],[-118.168395,34.168193],[-118.168384,34.168229]]]}},{"type":"Feature","properties":{"k":"bunker"},"geometry":{"type":"Polygon","coordinates":[[[-118.16864,34.168133],[-118.168647,34.168118],[-118.168643,34.168106],[-118.168633,34.168093],[-118.168614,34.168088],[-118.168575,34.168116],[-118.16857,34.168132],[-118.168577,34.16815],[-118.16859,34.168156],[-118.168627,34.168147],[-118.16864,34.168133]]]}},{"type":"Feature","properties":{"k":"green"},"geometry":{"type":"Polygon","coordinates":[[[-118.168582,34.168264],[-118.168577,34.168198],[-118.168537,34.168122],[-118.168506,34.16811],[-118.168471,34.168118],[-118.168455,34.168144],[-118.168421,34.168271],[-118.168418,34.168299],[-118.16843,34.168325],[-118.16845,34.168344],[-118.168471,34.16835],[-118.168506,34.168348],[-118.16853,34.168339],[-118.168565,34.168309],[-118.168582,34.168264]]]}},{"type":"Feature","properties":{"k":"tee"},"geometry":{"type":"Polygon","coordinates":[[[-118.168368,34.168642],[-118.168266,34.168654],[-118.168203,34.168315],[-118.168201,34.168294],[-118.168226,34.16828],[-118.168252,34.168294],[-118.168312,34.168398],[-118.168344,34.168508],[-118.168368,34.168642]]]}},{"type":"Feature","properties":{"k":"bunker"},"geometry":{"type":"Polygon","coordinates":[[[-118.168501,34.170386],[-118.168451,34.170414],[-118.168428,34.170411],[-118.168408,34.170394],[-118.168388,34.170294],[-118.168389,34.170272],[-118.168409,34.170256],[-118.168433,34.170255],[-118.168468,34.170283],[-118.168505,34.170368],[-118.168501,34.170386]]]}},{"type":"Feature","properties":{"k":"bunker"},"geometry":{"type":"Polygon","coordinates":[[[-118.168933,34.171524],[-118.168908,34.171491],[-118.168845,34.171446],[-118.168825,34.171437],[-118.168788,34.171442],[-118.168779,34.171469],[-118.168784,34.171487],[-118.168818,34.171519],[-118.168889,34.171556],[-118.168916,34.171553],[-118.16893,34.171541],[-118.168933,34.171524]]]}},{"type":"Feature","properties":{"k":"green"},"geometry":{"type":"Polygon","coordinates":[[[-118.168853,34.171592],[-118.168835,34.171619],[-118.168789,34.171639],[-118.168756,34.171643],[-118.168711,34.171629],[-118.168684,34.171605],[-118.168653,34.171554],[-118.168646,34.171532],[-118.168656,34.171489],[-118.168691,34.171467],[-118.168735,34.171473],[-118.168785,34.171522],[-118.168838,34.171558],[-118.168853,34.171592]]]}},{"type":"Feature","properties":{"k":"tee"},"geometry":{"type":"Polygon","coordinates":[[[-118.170162,34.17152],[-118.170057,34.171509],[-118.170079,34.171067],[-118.170178,34.171067],[-118.170162,34.17152]]]}},{"type":"Feature","properties":{"k":"bunker"},"geometry":{"type":"Polygon","coordinates":[[[-118.169854,34.173054],[-118.169824,34.173063],[-118.1698,34.173054],[-118.16979,34.173034],[-118.169801,34.172954],[-118.169814,34.172935],[-118.169838,34.172928],[-118.169862,34.172933],[-118.169887,34.17297],[-118.16988,34.173008],[-118.169894,34.173046],[-118.169854,34.173054]]]}},{"type":"Feature","properties":{"k":"green"},"geometry":{"type":"Polygon","coordinates":[[[-118.170247,34.174276],[-118.170252,34.174305],[-118.170239,34.17435],[-118.17019,34.174381],[-118.170124,34.174389],[-118.170088,34.174382],[-118.17005,34.174356],[-118.170047,34.174313],[-118.170069,34.174219],[-118.170079,34.1742],[-118.170107,34.174179],[-118.170133,34.174171],[-118.170166,34.174173],[-118.170191,34.174185],[-118.170222,34.17422],[-118.170247,34.174276]]]}},{"type":"Feature","properties":{"k":"bunker"},"geometry":{"type":"Polygon","coordinates":[[[-118.16883,34.163236],[-118.168828,34.163246],[-118.168783,34.163274],[-118.168789,34.163299],[-118.168765,34.163309],[-118.168746,34.163291],[-118.168734,34.163188],[-118.168753,34.163173],[-118.168784,34.163182],[-118.1688,34.163191],[-118.168794,34.16321],[-118.168828,34.163224],[-118.16883,34.163236]]]}},{"type":"Feature","properties":{"k":"bunker"},"geometry":{"type":"Polygon","coordinates":[[[-118.169254,34.163441],[-118.169252,34.163419],[-118.169237,34.163404],[-118.169172,34.163415],[-118.169145,34.163425],[-118.169139,34.163446],[-118.169091,34.163483],[-118.169085,34.163499],[-118.169095,34.163514],[-118.169126,34.163517],[-118.169162,34.163478],[-118.169196,34.163478],[-118.169223,34.163468],[-118.169254,34.163441]]]}},{"type":"Feature","properties":{"k":"green"},"geometry":{"type":"Polygon","coordinates":[[[-118.17065,34.162663],[-118.17066,34.162639],[-118.17065,34.162604],[-118.17061,34.162575],[-118.170557,34.162561],[-118.170473,34.162516],[-118.170433,34.162515],[-118.170399,34.162542],[-118.170392,34.162589],[-118.170439,34.162724],[-118.170487,34.162769],[-118.170518,34.162777],[-118.170544,34.162773],[-118.17065,34.162663]]]}},{"type":"Feature","properties":{"k":"tee"},"geometry":{"type":"Polygon","coordinates":[[[-118.166693,34.164113],[-118.166731,34.164137],[-118.166763,34.164132],[-118.166785,34.164112],[-118.166788,34.164085],[-118.16677,34.164063],[-118.166722,34.164057],[-118.16669,34.164086],[-118.166693,34.164113]]]}},{"type":"Feature","properties":{"k":"tee"},"geometry":{"type":"Polygon","coordinates":[[[-118.167174,34.164009],[-118.16684,34.164109],[-118.166806,34.164029],[-118.167144,34.163925],[-118.167174,34.164009]]]}},{"type":"Feature","properties":{"k":"path"},"geometry":{"type":"LineString","coordinates":[[-118.166909,34.164155],[-118.166931,34.164203],[-118.167119,34.16415],[-118.167224,34.164141],[-118.167377,34.164103],[-118.167614,34.164106],[-118.167681,34.164101],[-118.168074,34.163992],[-118.168161,34.163978],[-118.167917,34.163913],[-118.167707,34.163838],[-118.167594,34.163796],[-118.167497,34.163737],[-118.167366,34.163577],[-118.167216,34.163274]]}},{"type":"Feature","properties":{"k":"path"},"geometry":{"type":"LineString","coordinates":[[-118.16656,34.163985],[-118.166896,34.163925],[-118.166929,34.163913],[-118.16707,34.163821],[-118.167207,34.163749],[-118.167337,34.163638],[-118.167473,34.163583],[-118.167526,34.163548],[-118.16758,34.163525]]}},{"type":"Feature","properties":{"k":"fairway"},"geometry":{"type":"Polygon","coordinates":[[[-118.169703,34.163173],[-118.169854,34.163093],[-118.169888,34.163043],[-118.169902,34.162988],[-118.169884,34.16289],[-118.169845,34.162855],[-118.169793,34.162833],[-118.169726,34.162826],[-118.169602,34.162844],[-118.169433,34.162914],[-118.169359,34.16296],[-118.169279,34.163054],[-118.169183,34.163104],[-118.169031,34.163134],[-118.168982,34.163156],[-118.168926,34.163194],[-118.168894,34.163239],[-118.16886,34.163324],[-118.16882,34.163346],[-118.168764,34.163359],[-118.16861,34.163357],[-118.168384,34.163393],[-118.168287,34.163439],[-118.168099,34.163547],[-118.16788,34.163597],[-118.16784,34.163621],[-118.167834,34.163666],[-118.167841,34.16369],[-118.167854,34.163714],[-118.167916,34.163739],[-118.168331,34.163753],[-118.168478,34.163742],[-118.168612,34.163706],[-118.168755,34.163638],[-118.168983,34.163508],[-118.169031,34.163471],[-118.169077,34.16342],[-118.169128,34.163383],[-118.16919,34.16336],[-118.169362,34.163345],[-118.169425,34.163323],[-118.169629,34.163221],[-118.169703,34.163173]]]}},{"type":"Feature","properties":{"k":"tee"},"geometry":{"type":"Polygon","coordinates":[[[-118.170261,34.162099],[-118.170971,34.161909],[-118.170922,34.1618],[-118.170219,34.161978],[-118.170261,34.162099]]]}},{"type":"Feature","properties":{"k":"fairway"},"geometry":{"type":"Polygon","coordinates":[[[-118.166962,34.163728],[-118.167001,34.163729],[-118.167069,34.163714],[-118.167129,34.16369],[-118.167409,34.163537],[-118.167642,34.163445],[-118.167722,34.163425],[-118.167859,34.163375],[-118.168126,34.16326],[-118.168352,34.163172],[-118.168451,34.163116],[-118.168542,34.16308],[-118.168657,34.163051],[-118.169078,34.162896],[-118.169184,34.162831],[-118.16925,34.162768],[-118.169273,34.162711],[-118.169263,34.162652],[-118.169238,34.162611],[-118.169193,34.162567],[-118.16913,34.162554],[-118.169065,34.162572],[-118.168979,34.162618],[-118.168794,34.162699],[-118.168252,34.162972],[-118.167456,34.163297],[-118.167311,34.163363],[-118.167147,34.163467],[-118.166938,34.163622],[-118.166925,34.163646],[-118.166972,34.163673],[-118.166976,34.163695],[-118.166962,34.163728]]]}},{"type":"Feature","properties":{"k":"tee"},"geometry":{"type":"Polygon","coordinates":[[[-118.171083,34.163207],[-118.170982,34.163227],[-118.170802,34.162528],[-118.170903,34.162509],[-118.171083,34.163207]]]}},{"type":"Feature","properties":{"k":"fairway"},"geometry":{"type":"Polygon","coordinates":[[[-118.171781,34.166689],[-118.171805,34.166648],[-118.171826,34.166631],[-118.171849,34.166625],[-118.171875,34.166627],[-118.171914,34.166645],[-118.171798,34.166493],[-118.171763,34.166416],[-118.171749,34.166363],[-118.171749,34.166319],[-118.171792,34.166166],[-118.171794,34.166101],[-118.171764,34.165914],[-118.171729,34.165739],[-118.171616,34.165315],[-118.171588,34.165138],[-118.171496,34.164695],[-118.171434,34.16455],[-118.171395,34.164273],[-118.171334,34.164024],[-118.17134,34.16392],[-118.171331,34.163835],[-118.171291,34.163784],[-118.17123,34.163762],[-118.171169,34.163764],[-118.171115,34.163778],[-118.171087,34.163811],[-118.171075,34.163875],[-118.171131,34.164077],[-118.171171,34.164285],[-118.171185,34.16433],[-118.171258,34.164472],[-118.171311,34.164708],[-118.17138,34.164914],[-118.171401,34.165036],[-118.171364,34.165293],[-118.171359,34.165408],[-118.171375,34.165506],[-118.171481,34.165751],[-118.171477,34.165824],[-118.17152,34.166242],[-118.171532,34.166277],[-118.171621,34.166428],[-118.171741,34.166587],[-118.171781,34.166689]]]}},{"type":"Feature","properties":{"k":"green"},"geometry":{"type":"Polygon","coordinates":[[[-118.171982,34.166716],[-118.17198,34.16675],[-118.171956,34.166797],[-118.171912,34.16683],[-118.17187,34.166839],[-118.171843,34.166835],[-118.171782,34.166798],[-118.171769,34.166761],[-118.171771,34.166725],[-118.171791,34.166668],[-118.171826,34.166631],[-118.171849,34.166625],[-118.171875,34.166627],[-118.17194,34.166658],[-118.171973,34.166687],[-118.171982,34.166716]]]}},{"type":"Feature","properties":{"k":"tee"},"geometry":{"type":"Polygon","coordinates":[[[-118.172879,34.167856],[-118.172896,34.167883],[-118.17293,34.167896],[-118.172949,34.167895],[-118.17298,34.167879],[-118.17299,34.167866],[-118.172992,34.167834],[-118.172969,34.167809],[-118.172933,34.167801],[-118.172898,34.167813],[-118.172886,34.167825],[-118.172879,34.167856]]]}},{"type":"Feature","properties":{"k":"tee"},"geometry":{"type":"Polygon","coordinates":[[[-118.172944,34.167704],[-118.172834,34.167724],[-118.172757,34.167423],[-118.172859,34.167403],[-118.172944,34.167704]]]}},{"type":"Feature","properties":{"k":"green"},"geometry":{"type":"Polygon","coordinates":[[[-118.173794,34.171324],[-118.173785,34.171351],[-118.173751,34.171378],[-118.173711,34.171386],[-118.173675,34.171383],[-118.173632,34.171344],[-118.173622,34.171322],[-118.173619,34.17127],[-118.173646,34.171172],[-118.173658,34.171148],[-118.173677,34.171136],[-118.173717,34.171136],[-118.173743,34.171161],[-118.173794,34.171324]]]}},{"type":"Feature","properties":{"k":"fairway"},"geometry":{"type":"Polygon","coordinates":[[[-118.173743,34.171161],[-118.173759,34.1709],[-118.173761,34.170796],[-118.173753,34.170724],[-118.173656,34.170399],[-118.173648,34.170162],[-118.173635,34.170027],[-118.173613,34.169929],[-118.173511,34.169724],[-118.1735,34.16966],[-118.173497,34.169523],[-118.173416,34.169106],[-118.173401,34.169049],[-118.173251,34.16868],[-118.173198,34.168628],[-118.173129,34.168621],[-118.17307,34.168639],[-118.17303,34.168663],[-118.172991,34.168732],[-118.172958,34.168824],[-118.172948,34.168894],[-118.172946,34.168959],[-118.172954,34.16901],[-118.173001,34.169159],[-118.173062,34.169435],[-118.173117,34.169524],[-118.17319,34.169588],[-118.173282,34.169649],[-118.173343,34.169728],[-118.173389,34.169842],[-118.173414,34.169926],[-118.17342,34.170002],[-118.173412,34.170071],[-118.17337,34.170197],[-118.17336,34.170264],[-118.173357,34.170406],[-118.173389,34.17055],[-118.173498,34.170897],[-118.173641,34.171097],[-118.173658,34.171148],[-118.173696,34.171132],[-118.173717,34.171136],[-118.173743,34.171161]]]}},{"type":"Feature","properties":{"k":"tee"},"geometry":{"type":"Polygon","coordinates":[[[-118.173483,34.171529],[-118.173524,34.171532],[-118.173553,34.171555],[-118.17356,34.171571],[-118.173561,34.171588],[-118.173544,34.171618],[-118.173504,34.171635],[-118.173461,34.171626],[-118.173435,34.171597],[-118.173436,34.171561],[-118.173448,34.171545],[-118.173483,34.171529]]]}},{"type":"Feature","properties":{"k":"tee"},"geometry":{"type":"Polygon","coordinates":[[[-118.173501,34.171488],[-118.1734,34.171514],[-118.1733,34.171326],[-118.173399,34.171309],[-118.173501,34.171488]]]}},{"type":"Feature","properties":{"k":"tee"},"geometry":{"type":"Polygon","coordinates":[[[-118.173378,34.171256],[-118.173291,34.171274],[-118.17317,34.170969],[-118.173249,34.170941],[-118.173378,34.171256]]]}},{"type":"Feature","properties":{"k":"green"},"geometry":{"type":"Polygon","coordinates":[[[-118.172676,34.170169],[-118.172669,34.170191],[-118.172651,34.170196],[-118.172626,34.17019],[-118.172539,34.170138],[-118.1725,34.170104],[-118.172486,34.170083],[-118.172484,34.170057],[-118.172506,34.170016],[-118.172531,34.169997],[-118.172559,34.169987],[-118.172587,34.169986],[-118.172669,34.170017],[-118.172679,34.170047],[-118.172657,34.17011],[-118.172676,34.170169]]]}},{"type":"Feature","properties":{"k":"fairway"},"geometry":{"type":"Polygon","coordinates":[[[-118.172626,34.17019],[-118.172675,34.170268],[-118.172688,34.170353],[-118.172707,34.170394],[-118.172752,34.170445],[-118.172852,34.170584],[-118.172901,34.170621],[-118.172943,34.170625],[-118.172993,34.170613],[-118.173026,34.170589],[-118.173054,34.170546],[-118.173061,34.170509],[-118.173018,34.170389],[-118.172983,34.170328],[-118.172955,34.170303],[-118.172692,34.170185],[-118.172676,34.170169],[-118.172669,34.170191],[-118.172651,34.170196],[-118.172626,34.17019]]]}},{"type":"Feature","properties":{"k":"tee"},"geometry":{"type":"Polygon","coordinates":[[[-118.173101,34.170103],[-118.173023,34.170122],[-118.172867,34.169784],[-118.172929,34.169752],[-118.173101,34.170103]]]}},{"type":"Feature","properties":{"k":"tee"},"geometry":{"type":"Polygon","coordinates":[[[-118.172738,34.169857],[-118.172658,34.169863],[-118.172633,34.16956],[-118.172727,34.169557],[-118.172738,34.169857]]]}},{"type":"Feature","properties":{"k":"fairway"},"geometry":{"type":"Polygon","coordinates":[[[-118.171847,34.167227],[-118.171903,34.167251],[-118.171931,34.167249],[-118.171954,34.167236],[-118.171964,34.167216],[-118.171959,34.16717],[-118.171993,34.167198],[-118.172032,34.167248],[-118.172076,34.167317],[-118.172076,34.16734],[-118.17204,34.16743],[-118.172037,34.167462],[-118.172056,34.167529],[-118.172099,34.167598],[-118.172205,34.167698],[-118.172254,34.167779],[-118.172272,34.167832],[-118.172278,34.167935],[-118.172321,34.167997],[-118.172326,34.16812],[-118.172467,34.16847],[-118.172485,34.168598],[-118.172512,34.168668],[-118.172521,34.168714],[-118.172512,34.168849],[-118.172486,34.16899],[-118.172466,34.16903],[-118.172426,34.169047],[-118.172385,34.169047],[-118.17233,34.169028],[-118.172293,34.16899],[-118.172235,34.168847],[-118.172181,34.168601],[-118.172065,34.16822],[-118.172072,34.167869],[-118.172056,34.167744],[-118.172047,34.167712],[-118.171913,34.167513],[-118.171905,34.167467],[-118.171909,34.167415],[-118.171931,34.167346],[-118.17193,34.167324],[-118.171914,34.167298],[-118.171847,34.167227]]]}},{"type":"Feature","properties":{"k":"green"},"geometry":{"type":"Polygon","coordinates":[[[-118.171964,34.167216],[-118.171954,34.167236],[-118.171931,34.167249],[-118.171903,34.167251],[-118.171867,34.167239],[-118.17179,34.167195],[-118.171753,34.167158],[-118.171741,34.167122],[-118.171749,34.167088],[-118.171766,34.167064],[-118.17182,34.167042],[-118.17186,34.167051],[-118.171893,34.167072],[-118.171943,34.167133],[-118.171965,34.167189],[-118.171964,34.167216]]]}},{"type":"Feature","properties":{"k":"tee"},"geometry":{"type":"Polygon","coordinates":[[[-118.172687,34.167218],[-118.172594,34.167238],[-118.172419,34.166611],[-118.172542,34.166588],[-118.172687,34.167218]]]}},{"type":"Feature","properties":{"k":"green"},"geometry":{"type":"Polygon","coordinates":[[[-118.171573,34.163011],[-118.171569,34.163034],[-118.17155,34.163058],[-118.171517,34.163071],[-118.171482,34.163062],[-118.171435,34.163025],[-118.17141,34.162976],[-118.171408,34.162947],[-118.171435,34.162883],[-118.171462,34.162855],[-118.171504,34.162846],[-118.171537,34.162853],[-118.171556,34.162866],[-118.171563,34.162879],[-118.171573,34.163011]]]}},{"type":"Feature","properties":{"k":"fairway"},"geometry":{"type":"Polygon","coordinates":[[[-118.171573,34.163011],[-118.171598,34.163049],[-118.1717,34.16314],[-118.171722,34.163185],[-118.171788,34.163404],[-118.171832,34.163508],[-118.171851,34.163617],[-118.17185,34.16375],[-118.171866,34.164018],[-118.171912,34.164224],[-118.171912,34.164366],[-118.171899,34.164443],[-118.171906,34.164528],[-118.172024,34.16483],[-118.172079,34.165023],[-118.172124,34.165371],[-118.172117,34.165514],[-118.172135,34.165561],[-118.172171,34.165599],[-118.172265,34.165666],[-118.17231,34.165717],[-118.17239,34.165874],[-118.172398,34.16592],[-118.172395,34.165975],[-118.172362,34.166014],[-118.172316,34.166039],[-118.172258,34.166047],[-118.172199,34.166038],[-118.172119,34.165978],[-118.172087,34.16592],[-118.172071,34.165857],[-118.172043,34.165793],[-118.171935,34.165618],[-118.171881,34.165448],[-118.171867,34.165309],[-118.171782,34.165043],[-118.171766,34.164851],[-118.171672,34.164502],[-118.171533,34.1639],[-118.171515,34.163791],[-118.171519,34.163689],[-118.171534,34.163612],[-118.171604,34.163417],[-118.1716,34.163369],[-118.171513,34.163215],[-118.17151,34.163132],[-118.171501,34.163094],[-118.171482,34.163062],[-118.171517,34.163071],[-118.17155,34.163058],[-118.171569,34.163034],[-118.171573,34.163011]]]}},{"type":"Feature","properties":{"k":"tee"},"geometry":{"type":"Polygon","coordinates":[[[-118.171863,34.162711],[-118.17178,34.162738],[-118.171633,34.162482],[-118.171724,34.162446],[-118.171863,34.162711]]]}},{"type":"Feature","properties":{"k":"green"},"geometry":{"type":"Polygon","coordinates":[[[-118.169786,34.159963],[-118.169781,34.159985],[-118.169764,34.160003],[-118.169734,34.160013],[-118.1696,34.160003],[-118.169541,34.159991],[-118.169507,34.159976],[-118.169488,34.159958],[-118.169477,34.159932],[-118.169478,34.159906],[-118.169487,34.159881],[-118.169532,34.15985],[-118.16961,34.159852],[-118.169651,34.15986],[-118.169701,34.159881],[-118.169772,34.159933],[-118.169786,34.159963]]]}},{"type":"Feature","properties":{"k":"fairway"},"geometry":{"type":"Polygon","coordinates":[[[-118.169685,34.160014],[-118.169734,34.160013],[-118.169764,34.160003],[-118.169781,34.159985],[-118.169786,34.159963],[-118.169772,34.159933],[-118.169902,34.159958],[-118.170053,34.160007],[-118.170266,34.160058],[-118.170455,34.160128],[-118.170575,34.160181],[-118.170766,34.160318],[-118.170823,34.160378],[-118.170962,34.16057],[-118.171074,34.160809],[-118.171113,34.160922],[-118.171128,34.161116],[-118.171295,34.161504],[-118.171322,34.16159],[-118.171308,34.16164],[-118.171256,34.161688],[-118.171194,34.161706],[-118.171134,34.161701],[-118.171074,34.161669],[-118.171027,34.161619],[-118.170945,34.161433],[-118.170728,34.161066],[-118.170617,34.160593],[-118.170603,34.160547],[-118.170581,34.16051],[-118.170552,34.160482],[-118.170364,34.160404],[-118.169991,34.160228],[-118.16989,34.160167],[-118.169822,34.160116],[-118.169751,34.160045],[-118.169685,34.160014]]]}},{"type":"Feature","properties":{"k":"tee"},"geometry":{"type":"Polygon","coordinates":[[[-118.169895,34.160665],[-118.1698,34.160699],[-118.169568,34.160239],[-118.169628,34.160219],[-118.169895,34.160665]]]}},{"type":"Feature","properties":{"k":"fairway"},"geometry":{"type":"Polygon","coordinates":[[[-118.170215,34.161512],[-118.170218,34.161477],[-118.170246,34.16145],[-118.170289,34.161443],[-118.170328,34.161458],[-118.170316,34.161429],[-118.170313,34.161363],[-118.170275,34.161253],[-118.170267,34.161184],[-118.170273,34.161131],[-118.170216,34.160967],[-118.170176,34.160899],[-118.170143,34.160888],[-118.170073,34.160889],[-118.170006,34.160914],[-118.169984,34.160931],[-118.169964,34.160964],[-118.16996,34.16099],[-118.169976,34.161028],[-118.170083,34.161189],[-118.170092,34.161216],[-118.170095,34.161274],[-118.170076,34.161339],[-118.170084,34.16139],[-118.170159,34.161473],[-118.170215,34.161512]]]}},{"type":"Feature","properties":{"k":"tee"},"geometry":{"type":"Polygon","coordinates":[[[-118.167802,34.165244],[-118.167748,34.165306],[-118.167447,34.165116],[-118.167489,34.165054],[-118.167802,34.165244]]]}},{"type":"Feature","properties":{"k":"tee"},"geometry":{"type":"Polygon","coordinates":[[[-118.17127,34.166764],[-118.171175,34.166777],[-118.171097,34.166477],[-118.1712,34.166452],[-118.17127,34.166764]]]}},{"type":"Feature","properties":{"k":"green"},"geometry":{"type":"Polygon","coordinates":[[[-118.172273,34.169682],[-118.172274,34.169712],[-118.172264,34.169739],[-118.172215,34.169784],[-118.172153,34.169793],[-118.172118,34.169774],[-118.172103,34.169744],[-118.172112,34.16963],[-118.17212,34.169601],[-118.172145,34.169576],[-118.172192,34.169568],[-118.17223,34.169584],[-118.17225,34.169615],[-118.172273,34.169682]]]}},{"type":"Feature","properties":{"k":"fairway"},"geometry":{"type":"Polygon","coordinates":[[[-118.172211,34.169573],[-118.172121,34.169416],[-118.172108,34.169277],[-118.172067,34.169165],[-118.171974,34.16881],[-118.171872,34.168503],[-118.171767,34.168225],[-118.171675,34.168054],[-118.171668,34.167977],[-118.171701,34.167846],[-118.1717,34.167791],[-118.17168,34.167717],[-118.171651,34.167656],[-118.171613,34.167602],[-118.171574,34.167506],[-118.171539,34.167451],[-118.171487,34.167424],[-118.171419,34.167424],[-118.171371,34.167448],[-118.171342,34.167478],[-118.171336,34.167523],[-118.171385,34.167789],[-118.171403,34.168014],[-118.171451,34.168192],[-118.171528,34.168403],[-118.171594,34.168517],[-118.171667,34.168619],[-118.171682,34.168665],[-118.17169,34.168741],[-118.171687,34.168824],[-118.171672,34.168886],[-118.171668,34.168944],[-118.171677,34.169007],[-118.171736,34.169182],[-118.171767,34.169253],[-118.171806,34.169312],[-118.172038,34.169537],[-118.172113,34.169623],[-118.17212,34.169601],[-118.172145,34.169576],[-118.172192,34.169568],[-118.172211,34.169573]]]}},{"type":"Feature","properties":{"k":"tee"},"geometry":{"type":"Polygon","coordinates":[[[-118.172079,34.170233],[-118.171986,34.170273],[-118.17187,34.170065],[-118.171773,34.169834],[-118.171879,34.169809],[-118.17197,34.170031],[-118.172079,34.170233]]]}},{"type":"Feature","properties":{"k":"bunker"},"geometry":{"type":"Polygon","coordinates":[[[-118.171499,34.169963],[-118.171495,34.169997],[-118.17146,34.170004],[-118.171442,34.169983],[-118.171441,34.169896],[-118.171458,34.169862],[-118.17149,34.169847],[-118.17151,34.169852],[-118.171521,34.169875],[-118.171497,34.169922],[-118.171499,34.169963]]]}},{"type":"Feature","properties":{"k":"bunker"},"geometry":{"type":"Polygon","coordinates":[[[-118.173158,34.17201],[-118.173146,34.172016],[-118.173143,34.171999],[-118.173135,34.171999],[-118.17312,34.172009],[-118.173117,34.172021],[-118.173106,34.17202],[-118.173116,34.172002],[-118.173096,34.171977],[-118.17309,34.171898],[-118.173067,34.17183],[-118.173077,34.171809],[-118.1731,34.171797],[-118.173127,34.171816],[-118.173127,34.171861],[-118.173113,34.17189],[-118.173149,34.171918],[-118.173139,34.171938],[-118.173146,34.171955],[-118.173158,34.171963],[-118.173154,34.171978],[-118.173172,34.171993],[-118.173148,34.171999],[-118.173158,34.17201]]]}},{"type":"Feature","properties":{"k":"green"},"geometry":{"type":"Polygon","coordinates":[[[-118.173578,34.173477],[-118.173571,34.173507],[-118.173548,34.173539],[-118.173489,34.173566],[-118.173444,34.173571],[-118.173405,34.173559],[-118.173362,34.17352],[-118.173345,34.173483],[-118.173345,34.173458],[-118.173377,34.173406],[-118.173435,34.173373],[-118.173462,34.173372],[-118.173516,34.173386],[-118.173538,34.173404],[-118.173559,34.173431],[-118.173578,34.173477]]]}},{"type":"Feature","properties":{"k":"fairway"},"geometry":{"type":"Polygon","coordinates":[[[-118.173404,34.173388],[-118.173435,34.173373],[-118.173462,34.173372],[-118.173516,34.173386],[-118.173538,34.173404],[-118.173529,34.173378],[-118.173535,34.173242],[-118.173506,34.173003],[-118.173458,34.172776],[-118.173337,34.172521],[-118.173273,34.172353],[-118.173234,34.172279],[-118.17315,34.172143],[-118.173058,34.17205],[-118.173038,34.17199],[-118.172997,34.171752],[-118.172955,34.171663],[-118.172861,34.171509],[-118.172773,34.171274],[-118.172731,34.171189],[-118.172613,34.171033],[-118.172526,34.170896],[-118.172479,34.170876],[-118.172425,34.170878],[-118.172384,34.170891],[-118.172361,34.17092],[-118.172353,34.170937],[-118.172359,34.170977],[-118.172384,34.171043],[-118.172431,34.17112],[-118.172595,34.171546],[-118.17266,34.171825],[-118.172707,34.171946],[-118.172752,34.172037],[-118.17286,34.172203],[-118.172927,34.172287],[-118.172957,34.172351],[-118.172975,34.172417],[-118.173,34.172459],[-118.173107,34.172547],[-118.173155,34.172603],[-118.173178,34.172665],[-118.173169,34.172856],[-118.173178,34.172966],[-118.173194,34.173002],[-118.173309,34.173168],[-118.173403,34.173274],[-118.173414,34.1733],[-118.173415,34.173354],[-118.173404,34.173388]]]}},{"type":"Feature","properties":{"k":"tee"},"geometry":{"type":"Polygon","coordinates":[[[-118.173678,34.17441],[-118.173567,34.174387],[-118.173635,34.174152],[-118.173743,34.174178],[-118.173678,34.17441]]]}},{"type":"Feature","properties":{"k":"bunker"},"geometry":{"type":"Polygon","coordinates":[[[-118.172439,34.177041],[-118.172452,34.177082],[-118.172433,34.177133],[-118.172411,34.177152],[-118.17239,34.177158],[-118.172335,34.177144],[-118.172313,34.177112],[-118.172313,34.177088],[-118.172328,34.177067],[-118.172439,34.177041]]]}},{"type":"Feature","properties":{"k":"bunker"},"geometry":{"type":"Polygon","coordinates":[[[-118.172471,34.177458],[-118.172438,34.177439],[-118.172434,34.177417],[-118.172444,34.177394],[-118.172488,34.177367],[-118.172516,34.177366],[-118.172549,34.177391],[-118.172547,34.177414],[-118.172508,34.17745],[-118.172471,34.177458]]]}},{"type":"Feature","properties":{"k":"fairway"},"geometry":{"type":"Polygon","coordinates":[[[-118.172413,34.177333],[-118.172474,34.177293],[-118.172922,34.1768],[-118.17305,34.176619],[-118.173103,34.176527],[-118.173133,34.176442],[-118.173349,34.176189],[-118.173473,34.176021],[-118.173581,34.175856],[-118.173676,34.175611],[-118.173757,34.175432],[-118.17382,34.175324],[-118.173845,34.175238],[-118.173839,34.175176],[-118.1738,34.175134],[-118.173725,34.175083],[-118.173668,34.175056],[-118.173609,34.175048],[-118.173546,34.175056],[-118.173499,34.175072],[-118.17346,34.175094],[-118.173424,34.175149],[-118.173385,34.17532],[-118.173371,34.175505],[-118.173344,34.175627],[-118.173305,34.175757],[-118.173255,34.175887],[-118.173205,34.175961],[-118.173131,34.176026],[-118.173063,34.176068],[-118.172948,34.176169],[-118.172925,34.176202],[-118.172856,34.176424],[-118.172803,34.176538],[-118.172579,34.176826],[-118.172555,34.176876],[-118.17254,34.176924],[-118.172524,34.17704],[-118.172507,34.177093],[-118.172472,34.177148],[-118.172434,34.177185],[-118.172383,34.177202],[-118.172422,34.177222],[-118.17244,34.177247],[-118.172435,34.177299],[-118.172413,34.177333]]]}},{"type":"Feature","properties":{"k":"green"},"geometry":{"type":"Polygon","coordinates":[[[-118.172374,34.177385],[-118.172337,34.177417],[-118.17232,34.17742],[-118.172298,34.177414],[-118.172277,34.177387],[-118.17227,34.177335],[-118.172276,34.177262],[-118.172295,34.177228],[-118.172318,34.177209],[-118.172365,34.177199],[-118.172422,34.177222],[-118.17244,34.177247],[-118.172442,34.177266],[-118.172435,34.177299],[-118.172374,34.177385]]]}},{"type":"Feature","properties":{"k":"bunker"},"geometry":{"type":"Polygon","coordinates":[[[-118.172529,34.175384],[-118.172504,34.17541],[-118.172473,34.1754],[-118.172456,34.175377],[-118.172404,34.175344],[-118.172401,34.17529],[-118.172434,34.175286],[-118.172447,34.175311],[-118.172469,34.175316],[-118.172466,34.175337],[-118.172473,34.175342],[-118.172499,34.175342],[-118.1725,34.175358],[-118.172526,34.175371],[-118.172529,34.175384]]]}},{"type":"Feature","properties":{"k":"bunker"},"geometry":{"type":"Polygon","coordinates":[[[-118.172401,34.174974],[-118.172387,34.174991],[-118.172363,34.175],[-118.172349,34.174993],[-118.172342,34.174972],[-118.172359,34.174928],[-118.172395,34.174883],[-118.172407,34.174884],[-118.172439,34.17492],[-118.172435,34.174949],[-118.172401,34.174974]]]}},{"type":"Feature","properties":{"k":"bunker"},"geometry":{"type":"Polygon","coordinates":[[[-118.172567,34.174706],[-118.172533,34.174724],[-118.17245,34.174714],[-118.172452,34.174669],[-118.172478,34.174663],[-118.172507,34.174674],[-118.172544,34.174668],[-118.172567,34.174676],[-118.172567,34.174706]]]}},{"type":"Feature","properties":{"k":"green"},"geometry":{"type":"Polygon","coordinates":[[[-118.172736,34.174363],[-118.17276,34.174397],[-118.172763,34.174416],[-118.17275,34.174453],[-118.172707,34.174506],[-118.172641,34.174527],[-118.172583,34.174511],[-118.172561,34.174479],[-118.172557,34.174456],[-118.172584,34.174359],[-118.172597,34.174339],[-118.172619,34.174328],[-118.172682,34.17433],[-118.172736,34.174363]]]}},{"type":"Feature","properties":{"k":"fairway"},"geometry":{"type":"Polygon","coordinates":[[[-118.172561,34.174479],[-118.172583,34.174511],[-118.172626,34.174526],[-118.172661,34.174524],[-118.172707,34.174506],[-118.172694,34.174532],[-118.172689,34.174599],[-118.172753,34.174803],[-118.17276,34.174872],[-118.17276,34.174948],[-118.172734,34.175113],[-118.172713,34.175162],[-118.172688,34.175194],[-118.172647,34.175226],[-118.172602,34.175244],[-118.172556,34.175246],[-118.172498,34.175244],[-118.172416,34.175226],[-118.172387,34.17523],[-118.172348,34.175271],[-118.17234,34.175293],[-118.172344,34.17532],[-118.172363,34.175348],[-118.172459,34.175442],[-118.172496,34.175496],[-118.172489,34.175566],[-118.172432,34.175728],[-118.172381,34.175916],[-118.172367,34.17594],[-118.17235,34.17596],[-118.17229,34.175992],[-118.172193,34.175994],[-118.172128,34.175974],[-118.172095,34.175955],[-118.172062,34.175928],[-118.172024,34.175877],[-118.172007,34.175801],[-118.172004,34.175714],[-118.17201,34.17544],[-118.172102,34.175248],[-118.172192,34.175161],[-118.172264,34.175109],[-118.172395,34.175058],[-118.172474,34.174957],[-118.172492,34.174918],[-118.172492,34.174832],[-118.1725,34.174805],[-118.172523,34.174771],[-118.172618,34.174716],[-118.172627,34.174691],[-118.172624,34.174663],[-118.172569,34.174552],[-118.172561,34.174479]]]}},{"type":"Feature","properties":{"k":"tee"},"geometry":{"type":"Polygon","coordinates":[[[-118.171422,34.174264],[-118.17136,34.174253],[-118.17138,34.174177],[-118.171451,34.174191],[-118.171422,34.174264]]]}},{"type":"Feature","properties":{"k":"tee"},"geometry":{"type":"Polygon","coordinates":[[[-118.171628,34.174101],[-118.171525,34.174073],[-118.171626,34.173846],[-118.171731,34.173871],[-118.171628,34.174101]]]}},{"type":"Feature","properties":{"k":"bunker"},"geometry":{"type":"Polygon","coordinates":[[[-118.172166,34.17188],[-118.172191,34.171909],[-118.172192,34.171936],[-118.172165,34.171957],[-118.17214,34.171957],[-118.172119,34.171941],[-118.172111,34.171913],[-118.172118,34.171886],[-118.172079,34.171817],[-118.172114,34.171832],[-118.172151,34.171828],[-118.172167,34.171844],[-118.172155,34.171874],[-118.172166,34.17188]]]}},{"type":"Feature","properties":{"k":"bunker"},"geometry":{"type":"Polygon","coordinates":[[[-118.171468,34.170676],[-118.171449,34.170685],[-118.17144,34.170681],[-118.17143,34.170662],[-118.171403,34.170653],[-118.171398,34.170628],[-118.1714,34.17062],[-118.171419,34.170615],[-118.171415,34.170599],[-118.171426,34.17059],[-118.171444,34.170601],[-118.171453,34.170599],[-118.171453,34.170575],[-118.171483,34.170556],[-118.171509,34.170568],[-118.171511,34.170589],[-118.171469,34.170655],[-118.171468,34.170676]]]}},{"type":"Feature","properties":{"k":"fairway"},"geometry":{"type":"Polygon","coordinates":[[[-118.171285,34.170057],[-118.17131,34.170081],[-118.171361,34.170083],[-118.171403,34.170051],[-118.171413,34.170016],[-118.171537,34.170229],[-118.171599,34.170363],[-118.171649,34.1705],[-118.171741,34.170648],[-118.171852,34.170873],[-118.171873,34.170958],[-118.171882,34.17107],[-118.171898,34.171131],[-118.171957,34.171245],[-118.172003,34.171308],[-118.172052,34.171409],[-118.172075,34.171493],[-118.172086,34.171573],[-118.172081,34.171644],[-118.172034,34.171755],[-118.172026,34.171794],[-118.172034,34.171841],[-118.17208,34.171945],[-118.172232,34.172167],[-118.172283,34.172261],[-118.172326,34.172354],[-118.172342,34.172422],[-118.172348,34.172526],[-118.172315,34.172742],[-118.172332,34.172907],[-118.172328,34.172951],[-118.172319,34.172995],[-118.172301,34.17302],[-118.17228,34.17304],[-118.172244,34.173056],[-118.172204,34.173061],[-118.172172,34.173057],[-118.172086,34.173026],[-118.172049,34.172991],[-118.172029,34.172956],[-118.172004,34.17285],[-118.17201,34.172767],[-118.171999,34.172569],[-118.171985,34.1725],[-118.171902,34.172288],[-118.171806,34.17184],[-118.171845,34.17151],[-118.171826,34.17145],[-118.171762,34.171339],[-118.171512,34.170834],[-118.171511,34.170767],[-118.171528,34.17069],[-118.171569,34.170607],[-118.171569,34.17056],[-118.171474,34.170477],[-118.1713,34.170136],[-118.171285,34.170057]]]}},{"type":"Feature","properties":{"k":"green"},"geometry":{"type":"Polygon","coordinates":[[[-118.171397,34.169915],[-118.171392,34.169956],[-118.171413,34.170016],[-118.171403,34.170051],[-118.171361,34.170083],[-118.17131,34.170081],[-118.171278,34.170048],[-118.171265,34.170012],[-118.171234,34.169966],[-118.171227,34.169934],[-118.171233,34.169904],[-118.171271,34.169871],[-118.171315,34.169858],[-118.171344,34.169862],[-118.171374,34.169875],[-118.171397,34.169915]]]}},{"type":"Feature","properties":{"k":"tee"},"geometry":{"type":"Polygon","coordinates":[[[-118.172584,34.173795],[-118.172497,34.173817],[-118.172434,34.173574],[-118.172527,34.173561],[-118.172584,34.173795]]]}},{"type":"Feature","properties":{"k":"tee"},"geometry":{"type":"Polygon","coordinates":[[[-118.170732,34.170439],[-118.170636,34.170431],[-118.170647,34.170353],[-118.170745,34.170363],[-118.170732,34.170439]]]}},{"type":"Feature","properties":{"k":"tee"},"geometry":{"type":"Polygon","coordinates":[[[-118.170781,34.170308],[-118.170677,34.170294],[-118.170784,34.169569],[-118.170891,34.169583],[-118.170781,34.170308]]]}},{"type":"Feature","properties":{"k":"bunker"},"geometry":{"type":"Polygon","coordinates":[[[-118.171221,34.168304],[-118.171226,34.168316],[-118.171219,34.168331],[-118.171201,34.168336],[-118.171189,34.16833],[-118.171169,34.168272],[-118.17118,34.168258],[-118.171173,34.168162],[-118.171213,34.168165],[-118.171227,34.168181],[-118.171227,34.168199],[-118.171204,34.168213],[-118.171205,34.168224],[-118.171235,34.168229],[-118.171239,34.168247],[-118.171227,34.168255],[-118.171241,34.16828],[-118.171221,34.168304]]]}},{"type":"Feature","properties":{"k":"bunker"},"geometry":{"type":"Polygon","coordinates":[[[-118.170831,34.168605],[-118.170887,34.168549],[-118.170883,34.168471],[-118.170862,34.168454],[-118.170848,34.168454],[-118.170829,34.168475],[-118.170831,34.168487],[-118.170852,34.168505],[-118.170808,34.168512],[-118.170798,34.168525],[-118.170798,34.168535],[-118.170831,34.168551],[-118.170821,34.168564],[-118.170798,34.168554],[-118.17078,34.168573],[-118.170777,34.168587],[-118.170831,34.168605]]]}},{"type":"Feature","properties":{"k":"bunker"},"geometry":{"type":"Polygon","coordinates":[[[-118.170943,34.166933],[-118.170915,34.16698],[-118.170896,34.166986],[-118.170876,34.166981],[-118.170867,34.166966],[-118.170874,34.166887],[-118.170902,34.166855],[-118.170925,34.166855],[-118.170956,34.166881],[-118.170943,34.166933]]]}},{"type":"Feature","properties":{"k":"bunker"},"geometry":{"type":"Polygon","coordinates":[[[-118.170701,34.167073],[-118.170693,34.16699],[-118.1707,34.166931],[-118.170678,34.166911],[-118.170664,34.166911],[-118.170641,34.166924],[-118.170637,34.166943],[-118.170643,34.16698],[-118.170636,34.167084],[-118.170651,34.167101],[-118.170668,34.167106],[-118.17069,34.167096],[-118.170701,34.167073]]]}},{"type":"Feature","properties":{"k":"green"},"geometry":{"type":"Polygon","coordinates":[[[-118.170831,34.166983],[-118.170842,34.166848],[-118.170834,34.166828],[-118.170807,34.166806],[-118.170772,34.166797],[-118.170754,34.166802],[-118.170728,34.166821],[-118.170719,34.166854],[-118.17073,34.167001],[-118.170741,34.167018],[-118.170779,34.167031],[-118.170814,34.167017],[-118.170831,34.166983]]]}},{"type":"Feature","properties":{"k":"fairway"},"geometry":{"type":"Polygon","coordinates":[[[-118.170723,34.166981],[-118.170741,34.167018],[-118.170779,34.167031],[-118.170814,34.167017],[-118.170831,34.166983],[-118.170905,34.167116],[-118.170982,34.167305],[-118.171032,34.167583],[-118.17105,34.167768],[-118.171059,34.168042],[-118.171041,34.16821],[-118.17108,34.168399],[-118.171144,34.168563],[-118.171169,34.168706],[-118.171179,34.168825],[-118.17117,34.169134],[-118.17116,34.169187],[-118.171136,34.169225],[-118.171106,34.169243],[-118.171067,34.169257],[-118.170998,34.169267],[-118.170922,34.169262],[-118.170845,34.169226],[-118.17078,34.169161],[-118.17076,34.169114],[-118.170754,34.16907],[-118.170742,34.168858],[-118.170745,34.168813],[-118.170792,34.168693],[-118.170824,34.16865],[-118.17089,34.16859],[-118.170913,34.168559],[-118.17092,34.168529],[-118.170893,34.168291],[-118.17088,34.168245],[-118.170809,34.168107],[-118.17077,34.16798],[-118.170764,34.167929],[-118.170781,34.167837],[-118.170775,34.167789],[-118.170742,34.167706],[-118.170726,34.167512],[-118.170747,34.167175],[-118.170723,34.167032],[-118.170723,34.166981]]]}},{"type":"Feature","properties":{"k":"tee"},"geometry":{"type":"Polygon","coordinates":[[[-118.170903,34.166259],[-118.1709,34.166161],[-118.170805,34.166161],[-118.170806,34.166103],[-118.170664,34.166099],[-118.170658,34.166316],[-118.170728,34.166337],[-118.170807,34.166336],[-118.170813,34.166262],[-118.170903,34.166259]]]}},{"type":"Feature","properties":{"k":"tee"},"geometry":{"type":"Polygon","coordinates":[[[-118.170782,34.166067],[-118.170784,34.166013],[-118.170713,34.166012],[-118.170709,34.165875],[-118.170626,34.16587],[-118.170624,34.166063],[-118.170782,34.166067]]]}},{"type":"Feature","properties":{"k":"tee"},"geometry":{"type":"Polygon","coordinates":[[[-118.170684,34.165612],[-118.170714,34.165597],[-118.170732,34.165596],[-118.170764,34.165608],[-118.170781,34.165634],[-118.170781,34.165649],[-118.170763,34.165675],[-118.170729,34.165686],[-118.170695,34.165678],[-118.170674,34.165654],[-118.170671,34.165639],[-118.170684,34.165612]]]}},{"type":"Feature","properties":{"k":"green"},"geometry":{"type":"Polygon","coordinates":[[[-118.170894,34.164721],[-118.170835,34.164732],[-118.170782,34.164804],[-118.170761,34.164815],[-118.170711,34.164808],[-118.170688,34.164791],[-118.170667,34.164741],[-118.170674,34.164685],[-118.170689,34.164663],[-118.170714,34.164643],[-118.170826,34.164588],[-118.170889,34.164593],[-118.170968,34.164635],[-118.170974,34.164659],[-118.170966,34.164685],[-118.170947,34.164706],[-118.170922,34.164718],[-118.170894,34.164721]]]}},{"type":"Feature","properties":{"k":"fairway"},"geometry":{"type":"Polygon","coordinates":[[[-118.17067,34.164752],[-118.170688,34.164791],[-118.170711,34.164808],[-118.170737,34.164816],[-118.170761,34.164815],[-118.170782,34.164804],[-118.17081,34.164758],[-118.170804,34.164924],[-118.17078,34.164955],[-118.170745,34.164964],[-118.17071,34.164963],[-118.170685,34.164947],[-118.170677,34.164933],[-118.170659,34.164808],[-118.17067,34.164752]]]}},{"type":"Feature","properties":{"k":"tee"},"geometry":{"type":"Polygon","coordinates":[[[-118.170842,34.163832],[-118.170589,34.163869],[-118.170552,34.163684],[-118.170806,34.163645],[-118.170842,34.163832]]]}},{"type":"Feature","properties":{"k":"bunker"},"geometry":{"type":"Polygon","coordinates":[[[-118.168584,34.164064],[-118.168591,34.164003],[-118.168571,34.163974],[-118.168498,34.163979],[-118.16848,34.164002],[-118.16848,34.164025],[-118.168491,34.164037],[-118.168523,34.164032],[-118.16853,34.164041],[-118.168531,34.16406],[-118.168509,34.164063],[-118.168497,34.164076],[-118.16851,34.164095],[-118.168533,34.164105],[-118.168557,34.164104],[-118.168575,34.164093],[-118.168584,34.164064]]]}},{"type":"Feature","properties":{"k":"bunker"},"geometry":{"type":"Polygon","coordinates":[[[-118.167366,34.164548],[-118.167358,34.164534],[-118.167287,34.164516],[-118.167264,34.164518],[-118.167242,34.164535],[-118.167242,34.164554],[-118.167276,34.164568],[-118.167314,34.164574],[-118.167344,34.164576],[-118.167366,34.164548]]]}},{"type":"Feature","properties":{"k":"bunker"},"geometry":{"type":"Polygon","coordinates":[[[-118.167632,34.164265],[-118.167623,34.164276],[-118.167544,34.164291],[-118.167515,34.16428],[-118.167505,34.164264],[-118.167523,34.164221],[-118.167571,34.164191],[-118.167632,34.164265]]]}},{"type":"Feature","properties":{"k":"green"},"geometry":{"type":"Polygon","coordinates":[[[-118.167572,34.164392],[-118.167552,34.164422],[-118.167509,34.164448],[-118.16746,34.164463],[-118.167397,34.16446],[-118.167344,34.164444],[-118.167253,34.164392],[-118.167215,34.164346],[-118.167213,34.164297],[-118.167232,34.164265],[-118.167256,34.164247],[-118.167299,34.164234],[-118.167347,34.164243],[-118.167429,34.164281],[-118.16754,34.164309],[-118.167556,34.164318],[-118.167574,34.164345],[-118.167572,34.164392]]]}},{"type":"Feature","properties":{"k":"fairway"},"geometry":{"type":"Polygon","coordinates":[[[-118.167509,34.164448],[-118.167552,34.164422],[-118.167572,34.164392],[-118.167577,34.164361],[-118.167559,34.164322],[-118.167603,34.164326],[-118.167633,34.164317],[-118.167699,34.164228],[-118.167836,34.164147],[-118.167921,34.164108],[-118.167973,34.164095],[-118.1681,34.164084],[-118.168253,34.164082],[-118.168522,34.164145],[-118.168561,34.164136],[-118.168592,34.164109],[-118.168661,34.164001],[-118.168785,34.163907],[-118.168832,34.163885],[-118.168874,34.163869],[-118.169003,34.163867],[-118.169059,34.163857],[-118.169168,34.163809],[-118.16923,34.163796],[-118.16932,34.163789],[-118.16955,34.163739],[-118.169619,34.163734],[-118.1697,34.16374],[-118.169777,34.163765],[-118.169832,34.163798],[-118.169866,34.163838],[-118.169883,34.163916],[-118.169874,34.163947],[-118.169844,34.163994],[-118.16981,34.164024],[-118.169764,34.164038],[-118.169723,34.164044],[-118.169625,34.164038],[-118.169524,34.164047],[-118.169402,34.164082],[-118.169258,34.164143],[-118.169018,34.164219],[-118.168862,34.164257],[-118.168778,34.164269],[-118.168651,34.164282],[-118.168603,34.164276],[-118.168529,34.164242],[-118.16849,34.16424],[-118.168383,34.164257],[-118.168328,34.164257],[-118.168171,34.164232],[-118.168127,34.164235],[-118.168057,34.164268],[-118.167937,34.164347],[-118.167735,34.164434],[-118.167673,34.164446],[-118.167544,34.164452],[-118.167509,34.164448]]]}},{"type":"Feature","properties":{"k":"water"},"geometry":{"type":"Polygon","coordinates":[[[-118.168535,34.164351],[-118.168518,34.164383],[-118.168432,34.164411],[-118.168321,34.16446],[-118.168052,34.164532],[-118.168025,34.164536],[-118.168009,34.164527],[-118.168004,34.164513],[-118.168019,34.164426],[-118.16807,34.164318],[-118.168111,34.164287],[-118.168145,34.164278],[-118.168177,34.164281],[-118.168234,34.164303],[-118.168279,34.164332],[-118.16831,34.164333],[-118.168344,34.16433],[-118.168448,34.164291],[-118.168492,34.164302],[-118.168531,34.164337],[-118.168535,34.164351]]]}},{"type":"Feature","properties":{"k":"water"},"geometry":{"type":"Polygon","coordinates":[[[-118.171079,34.165691],[-118.171095,34.16583],[-118.171089,34.165943],[-118.171069,34.16602],[-118.17103,34.166049],[-118.170963,34.166048],[-118.170892,34.166013],[-118.170835,34.165966],[-118.170798,34.165888],[-118.170795,34.16585],[-118.170796,34.165814],[-118.170821,34.165767],[-118.170877,34.165742],[-118.170941,34.165695],[-118.170952,34.16565],[-118.170946,34.165617],[-118.170912,34.165556],[-118.170811,34.165487],[-118.170782,34.165458],[-118.170759,34.16539],[-118.170778,34.165333],[-118.170877,34.165245],[-118.170918,34.165177],[-118.170924,34.165122],[-118.170848,34.164943],[-118.170828,34.164837],[-118.170846,34.164798],[-118.170875,34.164779],[-118.170936,34.164767],[-118.170968,34.164769],[-118.171008,34.164807],[-118.171018,34.164943],[-118.171059,34.165046],[-118.171083,34.165202],[-118.171105,34.165262],[-118.171113,34.165408],[-118.171089,34.165528],[-118.171079,34.165691]]]}},{"type":"Feature","properties":{"k":"water"},"geometry":{"type":"Polygon","coordinates":[[[-118.172106,34.173471],[-118.172086,34.173546],[-118.172057,34.173594],[-118.172014,34.173634],[-118.171957,34.173662],[-118.171893,34.173676],[-118.1716,34.173647],[-118.171558,34.173636],[-118.171508,34.173604],[-118.171455,34.173525],[-118.171445,34.173487],[-118.171601,34.172825],[-118.171614,34.172733],[-118.171617,34.172679],[-118.171576,34.172416],[-118.17155,34.172307],[-118.171453,34.172158],[-118.171423,34.172131],[-118.171378,34.17212],[-118.171253,34.172119],[-118.171206,34.172101],[-118.171173,34.17208],[-118.17116,34.172061],[-118.171149,34.171981],[-118.171179,34.171783],[-118.171203,34.171716],[-118.171236,34.171676],[-118.171258,34.171628],[-118.171267,34.171585],[-118.171259,34.171548],[-118.171276,34.171491],[-118.171301,34.171444],[-118.171368,34.17137],[-118.171411,34.171351],[-118.171523,34.171364],[-118.17159,34.171401],[-118.171663,34.171452],[-118.171697,34.171488],[-118.171717,34.171529],[-118.171723,34.171571],[-118.1717,34.171687],[-118.17178,34.172059],[-118.171785,34.172163],[-118.171774,34.172341],[-118.171814,34.172431],[-118.171851,34.172477],[-118.171913,34.172587],[-118.171921,34.172637],[-118.171922,34.172806],[-118.171955,34.17298],[-118.17195,34.173097],[-118.171967,34.173179],[-118.171989,34.17322],[-118.172055,34.173271],[-118.172082,34.173305],[-118.172101,34.173347],[-118.172112,34.173401],[-118.172106,34.173471]]]}},{"type":"Feature","properties":{"k":"bunker"},"geometry":{"type":"Polygon","coordinates":[[[-118.167357,34.165681],[-118.16734,34.165708],[-118.16729,34.165749],[-118.167265,34.165756],[-118.167245,34.165748],[-118.167221,34.165681],[-118.167243,34.165638],[-118.167271,34.165619],[-118.167298,34.16561],[-118.167326,34.165614],[-118.16736,34.165652],[-118.167357,34.165681]]]}},{"type":"Feature","properties":{"k":"bunker"},"geometry":{"type":"Polygon","coordinates":[[[-118.167117,34.165703],[-118.167108,34.165776],[-118.167091,34.165792],[-118.167071,34.165792],[-118.16705,34.165777],[-118.167039,34.165747],[-118.167029,34.165699],[-118.167038,34.165678],[-118.167062,34.165664],[-118.167082,34.165662],[-118.167103,34.16567],[-118.167117,34.165703]]]}},{"type":"Feature","properties":{"k":"green"},"geometry":{"type":"Polygon","coordinates":[[[-118.167327,34.165535],[-118.167318,34.165574],[-118.167234,34.165619],[-118.16719,34.16568],[-118.167164,34.165684],[-118.167136,34.165666],[-118.167107,34.165625],[-118.1671,34.165599],[-118.167113,34.165564],[-118.167165,34.165501],[-118.167214,34.165482],[-118.167272,34.165484],[-118.167311,34.165504],[-118.167327,34.165535]]]}},{"type":"Feature","properties":{"k":"bunker"},"geometry":{"type":"Polygon","coordinates":[[[-118.167838,34.166674],[-118.167836,34.166691],[-118.167819,34.166713],[-118.167791,34.166721],[-118.167755,34.166716],[-118.167714,34.166685],[-118.167641,34.166651],[-118.167634,34.166636],[-118.167638,34.166613],[-118.167653,34.166596],[-118.167674,34.166591],[-118.16781,34.166646],[-118.167833,34.166658],[-118.167838,34.166674]]]}},{"type":"Feature","properties":{"k":"bunker"},"geometry":{"type":"Polygon","coordinates":[[[-118.167442,34.167043],[-118.167299,34.166967],[-118.167267,34.166962],[-118.167252,34.166932],[-118.16726,34.166917],[-118.167276,34.166906],[-118.167314,34.166912],[-118.167363,34.166933],[-118.167376,34.166948],[-118.1674,34.16695],[-118.167435,34.166976],[-118.167471,34.166979],[-118.167489,34.16699],[-118.167497,34.167023],[-118.167488,34.167039],[-118.167469,34.167048],[-118.167442,34.167043]]]}},{"type":"Feature","properties":{"k":"tee"},"geometry":{"type":"Polygon","coordinates":[[[-118.167648,34.168559],[-118.167563,34.168559],[-118.167532,34.168295],[-118.167646,34.168291],[-118.167648,34.168559]]]}},{"type":"Feature","properties":{"k":"tee"},"geometry":{"type":"Polygon","coordinates":[[[-118.167672,34.168772],[-118.167598,34.168771],[-118.167578,34.168602],[-118.167665,34.168601],[-118.167672,34.168772]]]}},{"type":"Feature","properties":{"k":"tee"},"geometry":{"type":"Polygon","coordinates":[[[-118.168775,34.168918],[-118.168667,34.168929],[-118.16853,34.168509],[-118.16861,34.168488],[-118.168775,34.168918]]]}},{"type":"Feature","properties":{"k":"tee"},"geometry":{"type":"Polygon","coordinates":[[[-118.173842,34.18051],[-118.173757,34.180526],[-118.173677,34.180358],[-118.173753,34.180332],[-118.173842,34.18051]]]}},{"type":"Feature","properties":{"k":"tee"},"geometry":{"type":"Polygon","coordinates":[[[-118.173654,34.180538],[-118.173584,34.180549],[-118.17352,34.180395],[-118.173596,34.180375],[-118.173654,34.180538]]]}},{"type":"Feature","properties":{"k":"tee"},"geometry":{"type":"Polygon","coordinates":[[[-118.173092,34.180182],[-118.172984,34.180193],[-118.17292,34.17993],[-118.173025,34.179915],[-118.173092,34.180182]]]}},{"type":"Feature","properties":{"k":"tee"},"geometry":{"type":"Polygon","coordinates":[[[-118.172926,34.180214],[-118.172853,34.180221],[-118.172757,34.179858],[-118.172753,34.179804],[-118.172773,34.179791],[-118.1728,34.179786],[-118.172829,34.179798],[-118.172835,34.179809],[-118.172926,34.180214]]]}},{"type":"Feature","properties":{"k":"path"},"geometry":{"type":"LineString","coordinates":[[-118.168291,34.16546],[-118.168264,34.165498],[-118.168268,34.165543],[-118.168344,34.165678],[-118.168406,34.166005],[-118.168424,34.166056],[-118.168579,34.166244],[-118.168627,34.166321],[-118.168669,34.166451],[-118.168734,34.166753],[-118.168753,34.166899],[-118.168724,34.167009],[-118.168674,34.16714],[-118.168598,34.167277]]}},{"type":"Feature","properties":{"k":"bunker"},"geometry":{"type":"Polygon","coordinates":[[[-118.167866,34.168467],[-118.167903,34.168453],[-118.167947,34.168471],[-118.167964,34.168503],[-118.167952,34.168533],[-118.167915,34.168544],[-118.167875,34.168538],[-118.16786,34.168528],[-118.167849,34.168499],[-118.167866,34.168467]]]}},{"type":"Feature","properties":{"k":"tee"},"geometry":{"type":"Polygon","coordinates":[[[-118.169555,34.175163],[-118.169436,34.175211],[-118.169397,34.175135],[-118.169512,34.175093],[-118.169555,34.175163]]]}},{"type":"Feature","properties":{"k":"tee"},"geometry":{"type":"Polygon","coordinates":[[[-118.169481,34.175066],[-118.169367,34.175114],[-118.169228,34.174915],[-118.169355,34.17486],[-118.169481,34.175066]]]}},{"type":"Feature","properties":{"k":"tee"},"geometry":{"type":"Polygon","coordinates":[[[-118.170575,34.175665],[-118.170515,34.175675],[-118.170459,34.175482],[-118.170529,34.175477],[-118.170575,34.175665]]]}},{"type":"Feature","properties":{"k":"tee"},"geometry":{"type":"Polygon","coordinates":[[[-118.170782,34.176034],[-118.170667,34.17606],[-118.170593,34.175847],[-118.170714,34.17582],[-118.170782,34.176034]]]}},{"type":"Feature","properties":{"k":"tee"},"geometry":{"type":"Polygon","coordinates":[[[-118.17173,34.176899],[-118.171625,34.176903],[-118.171586,34.176686],[-118.171583,34.176613],[-118.171697,34.176605],[-118.17173,34.176899]]]}},{"type":"Feature","properties":{"k":"tee"},"geometry":{"type":"Polygon","coordinates":[[[-118.171689,34.176558],[-118.171586,34.176564],[-118.171579,34.176498],[-118.171683,34.176494],[-118.171689,34.176558]]]}},{"type":"Feature","properties":{"k":"bunker"},"geometry":{"type":"Polygon","coordinates":[[[-118.170799,34.170984],[-118.170795,34.171007],[-118.170757,34.171029],[-118.170732,34.171033],[-118.170706,34.171025],[-118.170694,34.171013],[-118.170697,34.170981],[-118.170731,34.170962],[-118.170761,34.170958],[-118.170785,34.170966],[-118.170799,34.170984]]]}},{"type":"Feature","properties":{"k":"tee"},"geometry":{"type":"Polygon","coordinates":[[[-118.171307,34.174232],[-118.17123,34.174244],[-118.171211,34.174155],[-118.171301,34.174148],[-118.171307,34.174232]]]}},{"type":"Feature","properties":{"k":"tee"},"geometry":{"type":"Polygon","coordinates":[[[-118.171076,34.174238],[-118.170907,34.174229],[-118.170903,34.174065],[-118.171081,34.174082],[-118.171076,34.174238]]]}},{"type":"Feature","properties":{"k":"tee"},"geometry":{"type":"Polygon","coordinates":[[[-118.171057,34.174357],[-118.170941,34.174358],[-118.170927,34.17426],[-118.171066,34.17427],[-118.171057,34.174357]]]}},{"type":"Feature","properties":{"k":"tee"},"geometry":{"type":"Polygon","coordinates":[[[-118.171184,34.174742],[-118.170924,34.17484],[-118.170853,34.174695],[-118.17112,34.174599],[-118.171184,34.174742]]]}},{"type":"Feature","properties":{"k":"tee"},"geometry":{"type":"Polygon","coordinates":[[[-118.173614,34.180782],[-118.173532,34.180793],[-118.173512,34.180679],[-118.173594,34.180665],[-118.173614,34.180782]]]}},{"type":"Feature","properties":{"k":"tee"},"geometry":{"type":"Polygon","coordinates":[[[-118.169192,34.166848],[-118.169076,34.16684],[-118.169096,34.166583],[-118.169212,34.166583],[-118.169192,34.166848]]]}},{"type":"Feature","properties":{"k":"tee"},"geometry":{"type":"Polygon","coordinates":[[[-118.169139,34.17133],[-118.169043,34.171339],[-118.169021,34.171212],[-118.169111,34.171196],[-118.169139,34.17133]]]}},{"type":"Feature","properties":{"k":"tee"},"geometry":{"type":"Polygon","coordinates":[[[-118.169276,34.171566],[-118.169135,34.171578],[-118.1691,34.17137],[-118.169228,34.171349],[-118.169276,34.171566]]]}},{"type":"Feature","properties":{"k":"tee"},"geometry":{"type":"Polygon","coordinates":[[[-118.169319,34.171697],[-118.1692,34.171704],[-118.169184,34.171613],[-118.169307,34.171606],[-118.169319,34.171697]]]}},{"type":"Feature","properties":{"k":"bunker"},"geometry":{"type":"Polygon","coordinates":[[[-118.168038,34.170978],[-118.168052,34.170954],[-118.168073,34.170946],[-118.168113,34.17095],[-118.168136,34.170974],[-118.168133,34.171021],[-118.168104,34.171041],[-118.168068,34.171041],[-118.168053,34.171034],[-118.168035,34.17101],[-118.168038,34.170978]]]}},{"type":"Feature","properties":{"k":"tee"},"geometry":{"type":"Polygon","coordinates":[[[-118.167747,34.170902],[-118.167652,34.170904],[-118.167647,34.170791],[-118.167745,34.170789],[-118.167747,34.170902]]]}},{"type":"Feature","properties":{"k":"tee"},"geometry":{"type":"Polygon","coordinates":[[[-118.167788,34.171214],[-118.167688,34.171214],[-118.16768,34.170993],[-118.167783,34.170991],[-118.167788,34.171214]]]}},{"type":"Feature","properties":{"k":"tee"},"geometry":{"type":"Polygon","coordinates":[[[-118.167805,34.171436],[-118.167712,34.171434],[-118.167698,34.171284],[-118.167796,34.171286],[-118.167805,34.171436]]]}},{"type":"Feature","properties":{"k":"tee"},"geometry":{"type":"Polygon","coordinates":[[[-118.17018,34.171043],[-118.170083,34.171041],[-118.170089,34.170917],[-118.170181,34.170917],[-118.17018,34.171043]]]}},{"type":"Feature","properties":{"k":"tee"},"geometry":{"type":"Polygon","coordinates":[[[-118.170057,34.170841],[-118.169933,34.170862],[-118.169886,34.170622],[-118.170003,34.170605],[-118.170057,34.170841]]]}},{"type":"Feature","properties":{"k":"tee"},"geometry":{"type":"Polygon","coordinates":[[[-118.17032,34.17063],[-118.170226,34.170656],[-118.170105,34.170433],[-118.170222,34.170402],[-118.17032,34.17063]]]}},{"type":"Feature","properties":{"k":"bunker"},"geometry":{"type":"Polygon","coordinates":[[[-118.169644,34.173579],[-118.169618,34.173598],[-118.169605,34.173592],[-118.169583,34.173599],[-118.169556,34.17359],[-118.16955,34.173571],[-118.169558,34.173532],[-118.169546,34.173508],[-118.169552,34.173487],[-118.169592,34.173437],[-118.169614,34.173433],[-118.169643,34.173451],[-118.169652,34.173517],[-118.169644,34.173579]]]}},{"type":"Feature","properties":{"k":"bunker"},"geometry":{"type":"Polygon","coordinates":[[[-118.168745,34.172703],[-118.168752,34.172734],[-118.168744,34.172758],[-118.168717,34.172765],[-118.168693,34.172761],[-118.168672,34.172741],[-118.168662,34.172712],[-118.168628,34.172694],[-118.168606,34.17266],[-118.168618,34.172647],[-118.16864,34.172639],[-118.16873,34.172644],[-118.16875,34.172674],[-118.168745,34.172703]]]}},{"type":"Feature","properties":{"k":"bunker"},"geometry":{"type":"Polygon","coordinates":[[[-118.168353,34.172428],[-118.168345,34.172458],[-118.168325,34.172464],[-118.168303,34.17246],[-118.168291,34.172434],[-118.168292,34.172401],[-118.168276,34.172397],[-118.168259,34.172376],[-118.168269,34.172332],[-118.168267,34.172286],[-118.168281,34.172269],[-118.168316,34.172268],[-118.168334,34.172283],[-118.168374,34.17238],[-118.16837,34.172409],[-118.168353,34.172428]]]}},{"type":"Feature","properties":{"k":"bunker"},"geometry":{"type":"Polygon","coordinates":[[[-118.16839,34.170896],[-118.168344,34.170922],[-118.16833,34.170941],[-118.168329,34.170999],[-118.168316,34.171015],[-118.168293,34.171018],[-118.168274,34.17101],[-118.168263,34.170977],[-118.168265,34.170905],[-118.168294,34.170857],[-118.16834,34.170842],[-118.168385,34.17085],[-118.1684,34.170879],[-118.16839,34.170896]]]}},{"type":"Feature","properties":{"k":"green"},"geometry":{"type":"Polygon","coordinates":[[[-118.168257,34.171041],[-118.168256,34.171073],[-118.168237,34.171095],[-118.168193,34.171099],[-118.16816,34.171073],[-118.168148,34.17096],[-118.168104,34.170909],[-118.168095,34.170882],[-118.168108,34.170857],[-118.168131,34.170844],[-118.168164,34.170835],[-118.168193,34.170837],[-118.168226,34.170855],[-118.168233,34.17087],[-118.168234,34.17097],[-118.168257,34.171041]]]}},{"type":"Feature","properties":{"k":"bunker"},"geometry":{"type":"Polygon","coordinates":[[[-118.167747,34.169309],[-118.167749,34.169324],[-118.167707,34.169447],[-118.167689,34.169454],[-118.167667,34.169449],[-118.167651,34.16942],[-118.167667,34.16929],[-118.167681,34.169268],[-118.167709,34.169253],[-118.167723,34.169255],[-118.167746,34.169284],[-118.167747,34.169309]]]}},{"type":"Feature","properties":{"k":"green"},"geometry":{"type":"Polygon","coordinates":[[[-118.168034,34.168464],[-118.168009,34.168483],[-118.167993,34.168483],[-118.167942,34.168449],[-118.167863,34.168427],[-118.167851,34.168411],[-118.16785,34.168385],[-118.167865,34.168357],[-118.1679,34.168337],[-118.167938,34.168329],[-118.167978,34.168333],[-118.168015,34.168351],[-118.168038,34.168376],[-118.168049,34.168406],[-118.168034,34.168464]]]}},{"type":"Feature","properties":{"k":"bunker"},"geometry":{"type":"Polygon","coordinates":[[[-118.16936,34.168281],[-118.16935,34.168298],[-118.169302,34.168317],[-118.169275,34.16835],[-118.169258,34.168352],[-118.169236,34.168329],[-118.169227,34.168336],[-118.169189,34.168321],[-118.169185,34.168328],[-118.16917,34.168324],[-118.169152,34.168313],[-118.169139,34.168286],[-118.16914,34.168274],[-118.169159,34.168257],[-118.169261,34.168264],[-118.169328,34.168239],[-118.169344,34.16824],[-118.169355,34.168251],[-118.16936,34.168281]]]}},{"type":"Feature","properties":{"k":"bunker"},"geometry":{"type":"Polygon","coordinates":[[[-118.169207,34.168712],[-118.16918,34.168733],[-118.169147,34.168726],[-118.169122,34.168692],[-118.169123,34.16868],[-118.1691,34.168658],[-118.16904,34.168635],[-118.169027,34.168621],[-118.169035,34.168585],[-118.169053,34.168579],[-118.169079,34.168587],[-118.169109,34.16861],[-118.169157,34.168628],[-118.169203,34.168675],[-118.169207,34.168712]]]}},{"type":"Feature","properties":{"k":"bunker"},"geometry":{"type":"Polygon","coordinates":[[[-118.169199,34.169125],[-118.169209,34.169154],[-118.169209,34.169188],[-118.169199,34.169204],[-118.16918,34.169214],[-118.16915,34.169212],[-118.169116,34.169156],[-118.169113,34.169102],[-118.169116,34.16903],[-118.169126,34.169014],[-118.169142,34.169006],[-118.169176,34.169018],[-118.169185,34.169033],[-118.169199,34.169125]]]}},{"type":"Feature","properties":{"k":"bunker"},"geometry":{"type":"Polygon","coordinates":[[[-118.16937,34.169377],[-118.169387,34.169459],[-118.169368,34.169489],[-118.169351,34.169492],[-118.169327,34.169479],[-118.169292,34.169373],[-118.169304,34.169358],[-118.169329,34.169354],[-118.16935,34.16936],[-118.16937,34.169377]]]}},{"type":"Feature","properties":{"k":"bunker"},"geometry":{"type":"Polygon","coordinates":[[[-118.169788,34.169478],[-118.169746,34.169529],[-118.169732,34.169531],[-118.169718,34.169522],[-118.169713,34.169497],[-118.169749,34.169435],[-118.169783,34.169427],[-118.169796,34.169435],[-118.169801,34.169459],[-118.169788,34.169478]]]}},{"type":"Feature","properties":{"k":"bunker"},"geometry":{"type":"Polygon","coordinates":[[[-118.169555,34.169588],[-118.169524,34.169539],[-118.169489,34.169508],[-118.169474,34.169503],[-118.169446,34.169516],[-118.16944,34.169543],[-118.169502,34.169617],[-118.169537,34.169629],[-118.169552,34.169623],[-118.169558,34.169615],[-118.169555,34.169588]]]}},{"type":"Feature","properties":{"k":"bunker"},"geometry":{"type":"Polygon","coordinates":[[[-118.169781,34.166921],[-118.16977,34.16694],[-118.169748,34.166953],[-118.169711,34.166961],[-118.169656,34.166955],[-118.16964,34.166926],[-118.169643,34.166914],[-118.169666,34.166894],[-118.16971,34.166882],[-118.169764,34.166894],[-118.169781,34.166921]]]}},{"type":"Feature","properties":{"k":"bunker"},"geometry":{"type":"Polygon","coordinates":[[[-118.169526,34.166873],[-118.169493,34.166843],[-118.169465,34.166843],[-118.169444,34.166859],[-118.169435,34.166909],[-118.169462,34.166948],[-118.169477,34.166949],[-118.169517,34.166922],[-118.169528,34.166892],[-118.169526,34.166873]]]}},{"type":"Feature","properties":{"k":"bunker"},"geometry":{"type":"Polygon","coordinates":[[[-118.169185,34.170543],[-118.169186,34.170575],[-118.169179,34.170588],[-118.169164,34.170596],[-118.169145,34.170594],[-118.169114,34.170576],[-118.169091,34.170528],[-118.16909,34.170505],[-118.169089,34.170453],[-118.169096,34.170429],[-118.16911,34.170418],[-118.169134,34.170417],[-118.169149,34.170425],[-118.169174,34.170456],[-118.169171,34.170505],[-118.169185,34.170543]]]}},{"type":"Feature","properties":{"k":"bunker"},"geometry":{"type":"Polygon","coordinates":[[[-118.169377,34.171042],[-118.169403,34.171026],[-118.169431,34.171032],[-118.169468,34.171069],[-118.169465,34.171101],[-118.16943,34.171115],[-118.169392,34.171103],[-118.169369,34.171074],[-118.169377,34.171042]]]}},{"type":"Feature","properties":{"k":"green"},"geometry":{"type":"Polygon","coordinates":[[[-118.172188,34.179748],[-118.17219,34.179856],[-118.172169,34.179881],[-118.172133,34.179889],[-118.172115,34.179885],[-118.172084,34.17986],[-118.172066,34.179814],[-118.172066,34.179702],[-118.172084,34.179674],[-118.172121,34.179662],[-118.172158,34.179676],[-118.172178,34.179704],[-118.172188,34.179748]]]}},{"type":"Feature","properties":{"k":"green"},"geometry":{"type":"Polygon","coordinates":[[[-118.172372,34.177721],[-118.172368,34.177769],[-118.172333,34.177816],[-118.172312,34.177824],[-118.172269,34.177827],[-118.17222,34.17781],[-118.172159,34.177774],[-118.172137,34.177743],[-118.172135,34.177701],[-118.172157,34.177633],[-118.172185,34.177603],[-118.172206,34.177595],[-118.172244,34.17759],[-118.172284,34.177597],[-118.172338,34.177636],[-118.17236,34.177677],[-118.172372,34.177721]]]}},{"type":"Feature","properties":{"k":"green"},"geometry":{"type":"Polygon","coordinates":[[[-118.170873,34.170843],[-118.170842,34.170865],[-118.170801,34.170873],[-118.170772,34.170859],[-118.170753,34.170832],[-118.170732,34.170743],[-118.170733,34.170691],[-118.170742,34.170669],[-118.170783,34.170639],[-118.170811,34.170633],[-118.17086,34.170638],[-118.170897,34.170661],[-118.170908,34.17068],[-118.170908,34.170755],[-118.170873,34.170843]]]}},{"type":"Feature","properties":{"k":"green"},"geometry":{"type":"Polygon","coordinates":[[[-118.169683,34.169491],[-118.169667,34.169559],[-118.169618,34.169575],[-118.169585,34.169561],[-118.169548,34.169518],[-118.169448,34.169445],[-118.169425,34.169418],[-118.169423,34.169383],[-118.169445,34.169342],[-118.169466,34.169322],[-118.169519,34.169295],[-118.16957,34.169292],[-118.169642,34.169312],[-118.169702,34.169345],[-118.169731,34.169373],[-118.169734,34.169389],[-118.169683,34.169491]]]}},{"type":"Feature","properties":{"k":"tee"},"geometry":{"type":"Polygon","coordinates":[[[-118.170281,34.169837],[-118.170171,34.169844],[-118.170104,34.169488],[-118.170226,34.169478],[-118.170281,34.169837]]]}},{"type":"Feature","properties":{"k":"green"},"geometry":{"type":"Polygon","coordinates":[[[-118.171655,34.174585],[-118.171628,34.174675],[-118.171606,34.174702],[-118.171564,34.174719],[-118.171519,34.174709],[-118.171493,34.174678],[-118.171494,34.174625],[-118.17157,34.174533],[-118.17161,34.174526],[-118.171636,34.174534],[-118.171657,34.174565],[-118.171655,34.174585]]]}},{"type":"Feature","properties":{"k":"green"},"geometry":{"type":"Polygon","coordinates":[[[-118.169867,34.16681],[-118.16986,34.166856],[-118.169829,34.16688],[-118.169804,34.166882],[-118.16974,34.166863],[-118.169684,34.166865],[-118.169646,34.166889],[-118.169619,34.166925],[-118.169601,34.166936],[-118.169582,34.166938],[-118.169554,34.166924],[-118.169539,34.16688],[-118.169538,34.166837],[-118.169562,34.166803],[-118.169633,34.166759],[-118.169698,34.166743],[-118.169793,34.166753],[-118.169837,34.16677],[-118.169858,34.166788],[-118.169867,34.16681]]]}},{"type":"Feature","properties":{"k":"green"},"geometry":{"type":"Polygon","coordinates":[[[-118.169382,34.169032],[-118.169368,34.169096],[-118.169344,34.169133],[-118.169303,34.169149],[-118.169261,34.169141],[-118.169229,34.16911],[-118.169199,34.169022],[-118.169161,34.168959],[-118.169161,34.16892],[-118.169174,34.168893],[-118.169211,34.168866],[-118.169262,34.168845],[-118.169303,34.168844],[-118.169344,34.168859],[-118.169371,34.168886],[-118.169383,34.168917],[-118.169382,34.169032]]]}},{"type":"Feature","properties":{"k":"green"},"geometry":{"type":"Polygon","coordinates":[[[-118.169677,34.171064],[-118.169606,34.171045],[-118.169539,34.171014],[-118.169508,34.171016],[-118.169494,34.171031],[-118.169517,34.171111],[-118.169542,34.171138],[-118.169577,34.171154],[-118.169642,34.171156],[-118.169683,34.171138],[-118.1697,34.171113],[-118.169702,34.17109],[-118.169677,34.171064]]]}},{"type":"Feature","properties":{"k":"green"},"geometry":{"type":"Polygon","coordinates":[[[-118.17024,34.176035],[-118.170233,34.176096],[-118.170218,34.176133],[-118.170175,34.176165],[-118.170153,34.17617],[-118.170129,34.176165],[-118.170108,34.176145],[-118.170106,34.176073],[-118.17008,34.176014],[-118.170087,34.175975],[-118.170121,34.175957],[-118.170155,34.175956],[-118.170223,34.175984],[-118.170238,34.176008],[-118.17024,34.176035]]]}},{"type":"Feature","properties":{"k":"green"},"geometry":{"type":"Polygon","coordinates":[[[-118.170142,34.175132],[-118.170154,34.175086],[-118.170131,34.175051],[-118.170092,34.175038],[-118.170065,34.175038],[-118.170024,34.175056],[-118.169998,34.175096],[-118.169975,34.175174],[-118.169971,34.175213],[-118.169984,34.175243],[-118.170005,34.175256],[-118.170031,34.175252],[-118.170073,34.175187],[-118.170142,34.175132]]]}},{"type":"Feature","properties":{"k":"bunker"},"geometry":{"type":"Polygon","coordinates":[[[-118.170169,34.175237],[-118.170161,34.175201],[-118.170142,34.17519],[-118.170112,34.175191],[-118.170063,34.175256],[-118.170078,34.175272],[-118.170148,34.175277],[-118.170169,34.175237]]]}},{"type":"Feature","properties":{"k":"path"},"geometry":{"type":"LineString","coordinates":[[-118.173661,34.173702],[-118.17365,34.173651],[-118.173654,34.173605],[-118.173744,34.173435],[-118.173753,34.173392],[-118.173745,34.173349],[-118.173641,34.173166],[-118.173583,34.1729],[-118.173504,34.172757],[-118.173438,34.172617],[-118.173352,34.172394],[-118.173343,34.172275],[-118.173278,34.172148]]}},{"type":"Feature","properties":{"k":"path"},"geometry":{"type":"LineString","coordinates":[[-118.170526,34.174671],[-118.170434,34.174695],[-118.170202,34.174737],[-118.169998,34.17481],[-118.169974,34.174805],[-118.169958,34.17479],[-118.169925,34.174708]]}},{"type":"Feature","properties":{"k":"range"},"geometry":{"type":"Polygon","coordinates":[[[-118.168003,34.164629],[-118.167821,34.165161],[-118.168086,34.165259],[-118.170223,34.166133],[-118.170309,34.165746],[-118.170294,34.165042],[-118.168729,34.16478],[-118.168007,34.164618],[-118.168003,34.164629]]]}}]}