{"type":"FeatureCollection","features":[{"type":"Feature","properties":{"k":"hole","ref":"1","par":4,"hcp":11},"geometry":{"type":"LineString","coordinates":[[-119.948313,38.966905],[-119.945788,38.967765],[-119.943931,38.968079]]}},{"type":"Feature","properties":{"k":"hole","ref":"2","par":4,"hcp":15},"geometry":{"type":"LineString","coordinates":[[-119.944597,38.967502],[-119.943973,38.967293],[-119.941936,38.96671],[-119.940394,38.966471]]}},{"type":"Feature","properties":{"k":"hole","ref":"3","par":5,"hcp":1},"geometry":{"type":"LineString","coordinates":[[-119.939864,38.966545],[-119.940216,38.966726],[-119.942271,38.96783],[-119.943188,38.969318],[-119.942937,38.970296]]}},{"type":"Feature","properties":{"k":"hole","ref":"4","par":5,"hcp":9},"geometry":{"type":"LineString","coordinates":[[-119.942902,38.970993],[-119.939832,38.969282],[-119.938278,38.968156]]}},{"type":"Feature","properties":{"k":"hole","ref":"5","par":3,"hcp":13},"geometry":{"type":"LineString","coordinates":[[-119.937935,38.967964],[-119.938569,38.966263]]}},{"type":"Feature","properties":{"k":"hole","ref":"6","par":4,"hcp":3},"geometry":{"type":"LineString","coordinates":[[-119.93804,38.965667],[-119.941541,38.965159],[-119.942992,38.965353]]}},{"type":"Feature","properties":{"k":"hole","ref":"7","par":3,"hcp":17},"geometry":{"type":"LineString","coordinates":[[-119.943455,38.964939],[-119.945044,38.965277]]}},{"type":"Feature","properties":{"k":"hole","ref":"8","par":4,"hcp":5},"geometry":{"type":"LineString","coordinates":[[-119.946402,38.965881],[-119.946074,38.963633],[-119.946357,38.962391]]}},{"type":"Feature","properties":{"k":"hole","ref":"9","par":4,"hcp":7},"geometry":{"type":"LineString","coordinates":[[-119.946402,38.961844],[-119.948575,38.963506],[-119.948963,38.964606]]}},{"type":"Feature","properties":{"k":"hole","ref":"10","par":4,"hcp":6},"geometry":{"type":"LineString","coordinates":[[-119.948264,38.966713],[-119.945306,38.966913],[-119.943645,38.966686]]}},{"type":"Feature","properties":{"k":"hole","ref":"11","par":4,"hcp":10},"geometry":{"type":"LineString","coordinates":[[-119.944069,38.965547],[-119.94061,38.96594],[-119.940061,38.965832]]}},{"type":"Feature","properties":{"k":"hole","ref":"12","par":3,"hcp":12},"geometry":{"type":"LineString","coordinates":[[-119.939613,38.966265],[-119.938997,38.967436]]}},{"type":"Feature","properties":{"k":"hole","ref":"13","par":4,"hcp":4},"geometry":{"type":"LineString","coordinates":[[-119.939409,38.967808],[-119.941897,38.969034],[-119.942347,38.97001]]}},{"type":"Feature","properties":{"k":"hole","ref":"14","par":4,"hcp":2},"geometry":{"type":"LineString","coordinates":[[-119.943239,38.970931],[-119.944818,38.968958],[-119.946149,38.96838]]}},{"type":"Feature","properties":{"k":"hole","ref":"15","par":4,"hcp":16},"geometry":{"type":"LineString","coordinates":[[-119.94693,38.968313],[-119.945794,38.970305],[-119.944903,38.971195]]}},{"type":"Feature","properties":{"k":"hole","ref":"16","par":5,"hcp":8},"geometry":{"type":"LineString","coordinates":[[-119.944921,38.971706],[-119.946696,38.972292],[-119.948234,38.972936],[-119.950022,38.973439]]}},{"type":"Feature","properties":{"k":"hole","ref":"17","par":4,"hcp":8},"geometry":{"type":"LineString","coordinates":[[-119.950475,38.973225],[-119.949965,38.971526]]}},{"type":"Feature","properties":{"k":"hole","ref":"18","par":5,"hcp":14},"geometry":{"type":"LineString","coordinates":[[-119.948681,38.972264],[-119.948962,38.969907],[-119.948944,38.968442],[-119.949303,38.967563]]}},{"type":"Feature","properties":{"k":"wood"},"geometry":{"type":"Polygon","coordinates":[[[-119.94216,38.969967],[-119.942131,38.969909],[-119.941962,38.969851],[-119.941926,38.969716],[-119.941834,38.969646],[-119.941683,38.969636],[-119.941659,38.969482],[-119.941582,38.969315],[-119.941523,38.96927],[-119.941349,38.969258],[-119.941194,38.969209],[-119.941084,38.969104],[-119.940926,38.968924],[-119.940871,38.968714],[-119.940817,38.968612],[-119.940746,38.968516],[-119.940055,38.968319],[-119.939899,38.968307],[-119.939774,38.968279],[-119.939605,38.968279],[-119.939545,38.968334],[-119.939534,38.968404],[-119.939572,38.968473],[-119.939638,38.968554],[-119.939732,38.9686],[-119.940003,38.968638],[-119.940132,38.968695],[-119.940236,38.968781],[-119.940253,38.968925],[-119.940227,38.968995],[-119.940199,38.96903],[-119.940211,38.969088],[-119.940336,38.969214],[-119.940568,38.969289],[-119.940884,38.969527],[-119.941229,38.969749],[-119.941411,38.969799],[-119.941569,38.969872],[-119.941809,38.970026],[-119.941907,38.970056],[-119.942134,38.970086],[-119.942178,38.970037],[-119.94216,38.969967]]]}},{"type":"Feature","properties":{"k":"wood"},"geometry":{"type":"Polygon","coordinates":[[[-119.942462,38.969661],[-119.94245,38.969684],[-119.942438,38.969819],[-119.942575,38.969986],[-119.942571,38.970127],[-119.942506,38.970204],[-119.942391,38.970173],[-119.942282,38.970094],[-119.942155,38.970129],[-119.942096,38.97023],[-119.942123,38.970308],[-119.942193,38.970358],[-119.942154,38.970388],[-119.942162,38.970451],[-119.942221,38.970549],[-119.942594,38.970776],[-119.942896,38.970922],[-119.943061,38.970915],[-119.943114,38.970924],[-119.943155,38.970911],[-119.94325,38.970833],[-119.943287,38.970784],[-119.943382,38.970616],[-119.943714,38.970153],[-119.943716,38.970107],[-119.943621,38.970067],[-119.943531,38.970086],[-119.943504,38.970074],[-119.943486,38.970058],[-119.943458,38.969927],[-119.943458,38.969892],[-119.943298,38.969808],[-119.94328,38.969912],[-119.94322,38.970088],[-119.943235,38.97012],[-119.943292,38.970181],[-119.943321,38.970235],[-119.943321,38.970297],[-119.943283,38.970348],[-119.943158,38.97035],[-119.943125,38.970372],[-119.943097,38.970431],[-119.943054,38.970465],[-119.942956,38.970477],[-119.942786,38.970453],[-119.942704,38.970406],[-119.942666,38.970394],[-119.942575,38.970394],[-119.942563,38.970375],[-119.94258,38.970351],[-119.942712,38.970225],[-119.942799,38.970161],[-119.942849,38.970069],[-119.942865,38.969971],[-119.942863,38.96979],[-119.942837,38.969678],[-119.942774,38.969638],[-119.942706,38.969628],[-119.942495,38.96965],[-119.942462,38.969661]]]}},{"type":"Feature","properties":{"k":"wood"},"geometry":{"type":"Polygon","coordinates":[[[-119.937218,38.966737],[-119.93751,38.96679],[-119.937606,38.966769],[-119.937579,38.96668],[-119.937321,38.966585],[-119.937218,38.966737]]]}},{"type":"Feature","properties":{"k":"wood"},"geometry":{"type":"Polygon","coordinates":[[[-119.946705,38.966619],[-119.946321,38.966647],[-119.946104,38.966641],[-119.946331,38.966725],[-119.946583,38.966759],[-119.946751,38.966727],[-119.946859,38.966605],[-119.946705,38.966619]]]}},{"type":"Feature","properties":{"k":"wood"},"geometry":{"type":"Polygon","coordinates":[[[-119.936783,38.967378],[-119.936208,38.968225],[-119.937054,38.968603],[-119.936886,38.968253],[-119.936856,38.967996],[-119.936903,38.967734],[-119.936898,38.967537],[-119.936783,38.967378]]]}},{"type":"Feature","properties":{"k":"wood"},"geometry":{"type":"Polygon","coordinates":[[[-119.946419,38.968821],[-119.946125,38.968817],[-119.945838,38.968886],[-119.945502,38.96908],[-119.945294,38.96933],[-119.945043,38.969479],[-119.944818,38.969761],[-119.944614,38.96986],[-119.944447,38.96998],[-119.944239,38.970077],[-119.944121,38.970247],[-119.944097,38.970343],[-119.943664,38.970931],[-119.943568,38.971044],[-119.943433,38.971117],[-119.943342,38.97115],[-119.943196,38.97117],[-119.943119,38.971157],[-119.942909,38.971076],[-119.942389,38.970835],[-119.941965,38.970607],[-119.941871,38.970683],[-119.948413,38.973677],[-119.948905,38.97376],[-119.948949,38.973618],[-119.948867,38.973571],[-119.948744,38.97353],[-119.948669,38.973403],[-119.948527,38.973324],[-119.948039,38.973132],[-119.947756,38.973039],[-119.947233,38.972815],[-119.946894,38.972688],[-119.946267,38.972346],[-119.945833,38.972178],[-119.945364,38.972019],[-119.945053,38.971904],[-119.944734,38.971803],[-119.944445,38.971671],[-119.944395,38.971602],[-119.94442,38.971537],[-119.944469,38.971496],[-119.944547,38.971486],[-119.94471,38.971517],[-119.944812,38.971557],[-119.94504,38.971571],[-119.945349,38.971645],[-119.945874,38.971724],[-119.946128,38.971744],[-119.946778,38.971978],[-119.947252,38.972117],[-119.947762,38.972348],[-119.948043,38.972507],[-119.948379,38.972638],[-119.948543,38.972606],[-119.94855,38.972521],[-119.948498,38.972376],[-119.948454,38.971754],[-119.948585,38.97145],[-119.948588,38.971219],[-119.948599,38.971108],[-119.948438,38.97094],[-119.948335,38.970946],[-119.948086,38.970982],[-119.948036,38.970914],[-119.947994,38.970687],[-119.947979,38.97048],[-119.947936,38.969341],[-119.94787,38.968917],[-119.9477,38.968747],[-119.947315,38.968737],[-119.947045,38.968696],[-119.946725,38.969033],[-119.946651,38.969156],[-119.946609,38.969286],[-119.946606,38.969373],[-119.946655,38.969445],[-119.946663,38.969541],[-119.94651,38.969818],[-119.946468,38.969982],[-119.946415,38.970058],[-119.946335,38.970092],[-119.946184,38.9701],[-119.946117,38.97015],[-119.946196,38.970312],[-119.946368,38.970377],[-119.946412,38.970457],[-119.946257,38.970476],[-119.946184,38.970533],[-119.946272,38.970628],[-119.946515,38.970693],[-119.946532,38.970802],[-119.946424,38.970882],[-119.946189,38.970756],[-119.945988,38.970701],[-119.945644,38.970773],[-119.945296,38.971052],[-119.945021,38.971315],[-119.944876,38.971367],[-119.944774,38.971369],[-119.944665,38.971347],[-119.944584,38.971317],[-119.944517,38.971276],[-119.944445,38.971186],[-119.944406,38.971153],[-119.944389,38.971113],[-119.944411,38.971094],[-119.944498,38.971095],[-119.944542,38.971102],[-119.944662,38.971064],[-119.944721,38.970983],[-119.944686,38.970899],[-119.94468,38.970829],[-119.944726,38.970806],[-119.94479,38.970807],[-119.944894,38.970823],[-119.945027,38.970758],[-119.945087,38.970704],[-119.945124,38.970636],[-119.945207,38.970585],[-119.945251,38.970532],[-119.945294,38.970444],[-119.945392,38.9704],[-119.94564,38.970058],[-119.946015,38.969627],[-119.946102,38.969403],[-119.94624,38.969208],[-119.946436,38.969059],[-119.946488,38.968937],[-119.946419,38.968821]]]}},{"type":"Feature","properties":{"k":"bunker"},"geometry":{"type":"Polygon","coordinates":[[[-119.938548,38.966501],[-119.938575,38.966517],[-119.938666,38.966514],[-119.93871,38.966502],[-119.938729,38.96648],[-119.938727,38.966458],[-119.938704,38.966445],[-119.938666,38.96644],[-119.938601,38.966455],[-119.93856,38.966475],[-119.938548,38.966501]]]}},{"type":"Feature","properties":{"k":"tee"},"geometry":{"type":"Polygon","coordinates":[[[-119.942148,38.970613],[-119.942123,38.970628],[-119.942119,38.970655],[-119.942137,38.970679],[-119.942193,38.970704],[-119.942223,38.970703],[-119.942249,38.970683],[-119.942255,38.970659],[-119.94224,38.970638],[-119.942192,38.970614],[-119.942148,38.970613]]]}},{"type":"Feature","properties":{"k":"tee"},"geometry":{"type":"Polygon","coordinates":[[[-119.947563,38.966834],[-119.947584,38.966862],[-119.947631,38.966877],[-119.94766,38.966875],[-119.947689,38.966867],[-119.94771,38.966847],[-119.947708,38.966805],[-119.947643,38.966783],[-119.947589,38.966792],[-119.947564,38.966812],[-119.947563,38.966834]]]}},{"type":"Feature","properties":{"k":"fairway"},"geometry":{"type":"Polygon","coordinates":[[[-119.944758,38.965229],[-119.944748,38.96519],[-119.94477,38.965164],[-119.944742,38.965167],[-119.944712,38.965161],[-119.94469,38.965149],[-119.944669,38.965117],[-119.944645,38.965099],[-119.944606,38.965087],[-119.944258,38.96502],[-119.944095,38.965004],[-119.944018,38.965002],[-119.94396,38.965018],[-119.94394,38.965043],[-119.943941,38.96507],[-119.943983,38.965111],[-119.944217,38.96521],[-119.944397,38.965252],[-119.94458,38.965271],[-119.944654,38.965264],[-119.944758,38.965229]]]}},{"type":"Feature","properties":{"k":"bunker"},"geometry":{"type":"Polygon","coordinates":[[[-119.942823,38.965454],[-119.942846,38.965448],[-119.942847,38.965433],[-119.94283,38.96542],[-119.942763,38.965414],[-119.942734,38.965425],[-119.94273,38.965438],[-119.942746,38.965449],[-119.942823,38.965454]]]}},{"type":"Feature","properties":{"k":"tee"},"geometry":{"type":"Polygon","coordinates":[[[-119.947868,38.966757],[-119.947901,38.966778],[-119.947958,38.966779],[-119.948025,38.966753],[-119.948045,38.966733],[-119.948039,38.966705],[-119.947986,38.966678],[-119.947928,38.96668],[-119.947894,38.96669],[-119.947863,38.966711],[-119.947856,38.966736],[-119.947868,38.966757]]]}},{"type":"Feature","properties":{"k":"tee"},"geometry":{"type":"Polygon","coordinates":[[[-119.941898,38.970159],[-119.941889,38.970183],[-119.941915,38.970224],[-119.942015,38.970258],[-119.942059,38.970247],[-119.942064,38.97021],[-119.942053,38.970187],[-119.942018,38.970157],[-119.941972,38.97014],[-119.941947,38.970138],[-119.941917,38.970146],[-119.941898,38.970159]]]}},{"type":"Feature","properties":{"k":"bunker"},"geometry":{"type":"Polygon","coordinates":[[[-119.940136,38.965782],[-119.940149,38.965804],[-119.940173,38.965818],[-119.940242,38.965823],[-119.94033,38.965811],[-119.940362,38.965769],[-119.940353,38.965745],[-119.940334,38.965729],[-119.940268,38.965707],[-119.940199,38.965702],[-119.940138,38.965738],[-119.940136,38.965782]]]}},{"type":"Feature","properties":{"k":"green"},"geometry":{"type":"Polygon","coordinates":[[[-119.948157,38.9692],[-119.948141,38.969169],[-119.948106,38.969146],[-119.948051,38.969141],[-119.948007,38.96916],[-119.947982,38.969194],[-119.947985,38.969236],[-119.948019,38.969267],[-119.948072,38.969273],[-119.948122,38.969259],[-119.948147,38.969234],[-119.948157,38.9692]]]}},{"type":"Feature","properties":{"k":"green"},"geometry":{"type":"Polygon","coordinates":[[[-119.938647,38.966385],[-119.93869,38.96634],[-119.938699,38.966301],[-119.938692,38.966248],[-119.93867,38.966196],[-119.938645,38.966166],[-119.938606,38.966142],[-119.938565,38.96613],[-119.938513,38.966128],[-119.938479,38.96614],[-119.938452,38.966161],[-119.938437,38.966234],[-119.938483,38.966336],[-119.938525,38.966381],[-119.938562,38.966399],[-119.938647,38.966385]]]}},{"type":"Feature","properties":{"k":"tee"},"geometry":{"type":"Polygon","coordinates":[[[-119.942397,38.970732],[-119.942369,38.970747],[-119.942358,38.97078],[-119.942373,38.970802],[-119.942406,38.970825],[-119.942578,38.970903],[-119.942621,38.970909],[-119.942651,38.970897],[-119.942656,38.97087],[-119.942647,38.970858],[-119.942482,38.970773],[-119.942431,38.970735],[-119.942397,38.970732]]]}},{"type":"Feature","properties":{"k":"tee"},"geometry":{"type":"Polygon","coordinates":[[[-119.948758,38.972094],[-119.948754,38.972059],[-119.94873,38.972055],[-119.948696,38.972061],[-119.948682,38.972083],[-119.948682,38.972149],[-119.948645,38.972221],[-119.948639,38.972266],[-119.948666,38.972332],[-119.948676,38.9724],[-119.948689,38.972413],[-119.948714,38.972418],[-119.94874,38.972409],[-119.948746,38.972394],[-119.948721,38.972288],[-119.948758,38.972094]]]}},{"type":"Feature","properties":{"k":"green"},"geometry":{"type":"Polygon","coordinates":[[[-119.948197,38.96662],[-119.948275,38.966653],[-119.948352,38.966656],[-119.948385,38.966641],[-119.948398,38.966613],[-119.948398,38.966541],[-119.948376,38.966485],[-119.948333,38.966448],[-119.948264,38.966456],[-119.948191,38.966487],[-119.948163,38.96653],[-119.948162,38.966572],[-119.948197,38.96662]]]}},{"type":"Feature","properties":{"k":"tee"},"geometry":{"type":"Polygon","coordinates":[[[-119.950429,38.973134],[-119.950412,38.973151],[-119.950408,38.973176],[-119.950439,38.973288],[-119.950463,38.973306],[-119.950488,38.973311],[-119.950515,38.973304],[-119.950525,38.973282],[-119.950495,38.973143],[-119.950466,38.973126],[-119.950429,38.973134]]]}},{"type":"Feature","properties":{"k":"bunker"},"geometry":{"type":"Polygon","coordinates":[[[-119.945036,38.965166],[-119.945059,38.965195],[-119.945088,38.965214],[-119.945118,38.965217],[-119.945138,38.965206],[-119.945137,38.965173],[-119.945109,38.965161],[-119.945093,38.965126],[-119.945065,38.965119],[-119.94504,38.965128],[-119.945031,38.965146],[-119.945036,38.965166]]]}},{"type":"Feature","properties":{"k":"rough"},"geometry":{"type":"Polygon","coordinates":[[[-119.943189,38.964897],[-119.943174,38.964955],[-119.94321,38.965005],[-119.943399,38.965035],[-119.944127,38.965253],[-119.944319,38.965287],[-119.944508,38.965343],[-119.944575,38.965394],[-119.944826,38.965499],[-119.944896,38.965514],[-119.944977,38.965521],[-119.945081,38.965508],[-119.945275,38.965448],[-119.945326,38.965393],[-119.945354,38.965325],[-119.945353,38.965254],[-119.945333,38.965188],[-119.945296,38.965135],[-119.945252,38.9651],[-119.945134,38.96505],[-119.945018,38.965036],[-119.944921,38.965039],[-119.944737,38.96503],[-119.944105,38.964969],[-119.943295,38.964871],[-119.943189,38.964897]]]}},{"type":"Feature","properties":{"k":"tee"},"geometry":{"type":"Polygon","coordinates":[[[-119.938982,38.965617],[-119.939002,38.965599],[-119.938998,38.965573],[-119.938949,38.965561],[-119.938883,38.965567],[-119.938717,38.965588],[-119.938689,38.965601],[-119.938668,38.965649],[-119.938678,38.965679],[-119.938708,38.965692],[-119.938741,38.965682],[-119.938785,38.965643],[-119.938818,38.96563],[-119.938982,38.965617]]]}},{"type":"Feature","properties":{"k":"green"},"geometry":{"type":"Polygon","coordinates":[[[-119.94025,38.965908],[-119.940253,38.965881],[-119.940243,38.965858],[-119.940206,38.965839],[-119.940174,38.965837],[-119.940116,38.965819],[-119.940087,38.965801],[-119.940038,38.96575],[-119.939995,38.965737],[-119.939952,38.965736],[-119.939893,38.965768],[-119.939885,38.96581],[-119.939892,38.965825],[-119.939936,38.965875],[-119.939974,38.965892],[-119.940091,38.965925],[-119.940185,38.965931],[-119.940233,38.965919],[-119.94025,38.965908]]]}},{"type":"Feature","properties":{"k":"tee"},"geometry":{"type":"Polygon","coordinates":[[[-119.950298,38.972788],[-119.950326,38.972777],[-119.950343,38.972755],[-119.950338,38.972712],[-119.950357,38.972639],[-119.950354,38.972611],[-119.950333,38.972589],[-119.950291,38.972581],[-119.950245,38.972591],[-119.950209,38.972614],[-119.9502,38.972649],[-119.950232,38.972771],[-119.950257,38.972788],[-119.950298,38.972788]]]}},{"type":"Feature","properties":{"k":"bunker"},"geometry":{"type":"Polygon","coordinates":[[[-119.949845,38.971437],[-119.949862,38.971426],[-119.949868,38.971396],[-119.949834,38.971384],[-119.949832,38.971371],[-119.949815,38.971356],[-119.949781,38.971351],[-119.949751,38.971367],[-119.949728,38.971401],[-119.949731,38.971444],[-119.949745,38.971462],[-119.949762,38.971471],[-119.949783,38.97147],[-119.949801,38.971465],[-119.949807,38.971448],[-119.949845,38.971437]]]}},{"type":"Feature","properties":{"k":"green"},"geometry":{"type":"Polygon","coordinates":[[[-119.943455,38.9667],[-119.943481,38.966729],[-119.943548,38.966754],[-119.943594,38.966761],[-119.943688,38.96676],[-119.943731,38.966753],[-119.943789,38.96673],[-119.943839,38.966687],[-119.943851,38.966652],[-119.943834,38.966618],[-119.94381,38.966605],[-119.943753,38.966593],[-119.943722,38.966596],[-119.943643,38.966622],[-119.943519,38.966628],[-119.943469,38.966651],[-119.943452,38.966683],[-119.943455,38.9667]]]}},{"type":"Feature","properties":{"k":"green"},"geometry":{"type":"Polygon","coordinates":[[[-119.938854,38.96734],[-119.938841,38.967366],[-119.938866,38.967419],[-119.938922,38.967467],[-119.938999,38.967508],[-119.939041,38.967521],[-119.939111,38.967517],[-119.939139,38.967508],[-119.939173,38.967475],[-119.939186,38.967437],[-119.939156,38.967393],[-119.939136,38.967384],[-119.939023,38.967383],[-119.938959,38.967374],[-119.938889,38.967342],[-119.938854,38.96734]]]}},{"type":"Feature","properties":{"k":"green"},"geometry":{"type":"Polygon","coordinates":[[[-119.942345,38.969929],[-119.94232,38.969915],[-119.942285,38.969908],[-119.942242,38.969911],[-119.942208,38.969921],[-119.942186,38.969946],[-119.942186,38.969965],[-119.942228,38.970015],[-119.942316,38.970074],[-119.942402,38.970111],[-119.942441,38.97011],[-119.942477,38.970087],[-119.942491,38.970058],[-119.942485,38.970029],[-119.942372,38.96996],[-119.942345,38.969929]]]}},{"type":"Feature","properties":{"k":"green"},"geometry":{"type":"Polygon","coordinates":[[[-119.938039,38.968209],[-119.938073,38.968232],[-119.938098,38.968239],[-119.938206,38.968211],[-119.93824,38.968211],[-119.938386,38.968241],[-119.938423,38.968238],[-119.938444,38.968213],[-119.938446,38.968193],[-119.938432,38.968144],[-119.938388,38.9681],[-119.938254,38.96806],[-119.938175,38.96806],[-119.938138,38.968073],[-119.938055,38.968124],[-119.938037,38.968161],[-119.938039,38.968209]]]}},{"type":"Feature","properties":{"k":"tee"},"geometry":{"type":"Polygon","coordinates":[[[-119.946636,38.968753],[-119.946636,38.968792],[-119.946657,38.968818],[-119.946696,38.968828],[-119.946742,38.968821],[-119.94678,38.968802],[-119.946846,38.968674],[-119.946917,38.968607],[-119.94696,38.968547],[-119.946964,38.968511],[-119.946948,38.968483],[-119.946907,38.968465],[-119.946855,38.96846],[-119.946811,38.968477],[-119.946718,38.968602],[-119.946636,38.968753]]]}},{"type":"Feature","properties":{"k":"fairway"},"geometry":{"type":"Polygon","coordinates":[[[-119.949817,38.973333],[-119.949704,38.973324],[-119.949612,38.973295],[-119.949568,38.973271],[-119.949526,38.97321],[-119.949484,38.973195],[-119.949444,38.973209],[-119.949426,38.973231],[-119.949382,38.973302],[-119.949366,38.973352],[-119.949375,38.973392],[-119.949423,38.973414],[-119.949492,38.973434],[-119.949557,38.973434],[-119.949716,38.973388],[-119.949769,38.973405],[-119.949778,38.973366],[-119.949817,38.973333]]]}},{"type":"Feature","properties":{"k":"bunker"},"geometry":{"type":"Polygon","coordinates":[[[-119.950012,38.973346],[-119.950027,38.973363],[-119.950054,38.97337],[-119.9501,38.973351],[-119.950124,38.973354],[-119.950139,38.973392],[-119.950164,38.973405],[-119.950191,38.973405],[-119.950222,38.973381],[-119.950216,38.973359],[-119.950094,38.973305],[-119.950054,38.973301],[-119.950023,38.973316],[-119.950012,38.973346]]]}},{"type":"Feature","properties":{"k":"bunker"},"geometry":{"type":"Polygon","coordinates":[[[-119.9427,38.965143],[-119.942723,38.965134],[-119.942734,38.965114],[-119.942729,38.965094],[-119.942708,38.965078],[-119.942685,38.965075],[-119.94265,38.965094],[-119.942639,38.965088],[-119.942633,38.965067],[-119.942616,38.965062],[-119.942589,38.965065],[-119.942573,38.965077],[-119.942566,38.965095],[-119.942575,38.965113],[-119.9426,38.965127],[-119.942658,38.965125],[-119.9427,38.965143]]]}},{"type":"Feature","properties":{"k":"bunker"},"geometry":{"type":"Polygon","coordinates":[[[-119.945368,38.967206],[-119.945344,38.967179],[-119.945328,38.967173],[-119.945315,38.967177],[-119.945281,38.967211],[-119.945263,38.967255],[-119.945262,38.967279],[-119.945291,38.967326],[-119.945351,38.967357],[-119.945383,38.967349],[-119.94539,38.967333],[-119.945437,38.967315],[-119.945442,38.967305],[-119.945427,38.967284],[-119.945481,38.967275],[-119.945513,38.967242],[-119.945493,38.967207],[-119.94545,38.967185],[-119.945397,38.967188],[-119.945368,38.967206]]]}},{"type":"Feature","properties":{"k":"bunker"},"geometry":{"type":"Polygon","coordinates":[[[-119.943189,38.970152],[-119.943178,38.97016],[-119.943182,38.970178],[-119.943211,38.970217],[-119.943193,38.970258],[-119.943196,38.970279],[-119.943218,38.97031],[-119.943243,38.970309],[-119.943268,38.970292],[-119.943274,38.970275],[-119.943244,38.970224],[-119.943248,38.97017],[-119.94321,38.97015],[-119.943189,38.970152]]]}},{"type":"Feature","properties":{"k":"green"},"geometry":{"type":"Polygon","coordinates":[[[-119.944748,38.96519],[-119.944758,38.965229],[-119.944915,38.965275],[-119.944936,38.965304],[-119.944942,38.965359],[-119.944955,38.965384],[-119.944984,38.965408],[-119.94504,38.965426],[-119.945083,38.965426],[-119.945157,38.9654],[-119.945181,38.965377],[-119.945205,38.965311],[-119.945191,38.965289],[-119.945166,38.965265],[-119.945057,38.965223],[-119.945009,38.965177],[-119.944983,38.965165],[-119.944844,38.965147],[-119.944789,38.965152],[-119.944756,38.965173],[-119.944748,38.96519]]]}},{"type":"Feature","properties":{"k":"bunker"},"geometry":{"type":"Polygon","coordinates":[[[-119.949905,38.971675],[-119.949844,38.971663],[-119.949821,38.971671],[-119.949804,38.971693],[-119.949805,38.971723],[-119.949813,38.971748],[-119.949862,38.971776],[-119.949944,38.971809],[-119.950028,38.971802],[-119.950094,38.971756],[-119.950108,38.971731],[-119.950117,38.971687],[-119.950109,38.971641],[-119.950077,38.97164],[-119.950046,38.971697],[-119.950001,38.971726],[-119.949969,38.971723],[-119.949905,38.971675]]]}},{"type":"Feature","properties":{"k":"bunker"},"geometry":{"type":"Polygon","coordinates":[[[-119.941688,38.968487],[-119.94169,38.968453],[-119.941649,38.968414],[-119.941616,38.968419],[-119.941578,38.96844],[-119.941556,38.968464],[-119.941569,38.968496],[-119.941723,38.968568],[-119.941762,38.968571],[-119.941789,38.968556],[-119.9418,38.968526],[-119.941798,38.968499],[-119.941784,38.968478],[-119.941756,38.968465],[-119.941726,38.968466],[-119.941705,38.968486],[-119.941688,38.968487]]]}},{"type":"Feature","properties":{"k":"bunker"},"geometry":{"type":"Polygon","coordinates":[[[-119.949917,38.971375],[-119.949947,38.971368],[-119.950002,38.971381],[-119.950023,38.97137],[-119.95003,38.971346],[-119.950025,38.971326],[-119.950002,38.971313],[-119.949981,38.971313],[-119.949962,38.971326],[-119.949946,38.971325],[-119.949943,38.971313],[-119.949953,38.971298],[-119.949946,38.971282],[-119.949917,38.971273],[-119.949878,38.971272],[-119.949851,38.971287],[-119.949842,38.971308],[-119.949851,38.97133],[-119.949878,38.97134],[-119.949897,38.971373],[-119.949917,38.971375]]]}},{"type":"Feature","properties":{"k":"bunker"},"geometry":{"type":"Polygon","coordinates":[[[-119.942896,38.970198],[-119.942909,38.97017],[-119.942958,38.970156],[-119.942962,38.970134],[-119.942994,38.970112],[-119.942998,38.970092],[-119.942981,38.970087],[-119.942894,38.970095],[-119.942844,38.970173],[-119.942852,38.970183],[-119.942896,38.970198]]]}},{"type":"Feature","properties":{"k":"bunker"},"geometry":{"type":"Polygon","coordinates":[[[-119.941279,38.965014],[-119.9413,38.964999],[-119.941305,38.964975],[-119.941296,38.964948],[-119.941273,38.964927],[-119.941239,38.96492],[-119.941171,38.964944],[-119.941154,38.964931],[-119.941159,38.964898],[-119.941147,38.964878],[-119.941119,38.964866],[-119.941084,38.964868],[-119.941051,38.964882],[-119.941033,38.964901],[-119.941032,38.96493],[-119.94106,38.964968],[-119.941093,38.964987],[-119.941197,38.965013],[-119.941228,38.965005],[-119.941279,38.965014]]]}},{"type":"Feature","properties":{"k":"bunker"},"geometry":{"type":"Polygon","coordinates":[[[-119.944731,38.971231],[-119.944774,38.971147],[-119.944765,38.971103],[-119.944723,38.971098],[-119.944709,38.971109],[-119.944723,38.971157],[-119.944711,38.971192],[-119.944701,38.971181],[-119.944684,38.971179],[-119.944671,38.971192],[-119.944664,38.971179],[-119.944671,38.971134],[-119.944664,38.971121],[-119.944637,38.971116],[-119.944598,38.97113],[-119.944581,38.971152],[-119.944592,38.971177],[-119.94466,38.971244],[-119.94469,38.971246],[-119.944731,38.971231]]]}},{"type":"Feature","properties":{"k":"green"},"geometry":{"type":"Polygon","coordinates":[[[-119.942731,38.965393],[-119.942843,38.965406],[-119.9429,38.965434],[-119.942943,38.965443],[-119.943072,38.965433],[-119.943139,38.965418],[-119.943162,38.965397],[-119.9432,38.965338],[-119.943201,38.965306],[-119.943174,38.965278],[-119.943123,38.965262],[-119.943018,38.96527],[-119.942938,38.965309],[-119.942889,38.965325],[-119.942785,38.965306],[-119.942746,38.965314],[-119.94271,38.965338],[-119.942697,38.965368],[-119.942705,38.965384],[-119.942731,38.965393]]]}},{"type":"Feature","properties":{"k":"bunker"},"geometry":{"type":"Polygon","coordinates":[[[-119.940834,38.965418],[-119.940768,38.965397],[-119.940721,38.965393],[-119.940695,38.965401],[-119.940686,38.965419],[-119.940696,38.965437],[-119.940719,38.965446],[-119.940721,38.965459],[-119.940681,38.965491],[-119.940679,38.965524],[-119.940707,38.965544],[-119.94073,38.965546],[-119.940758,38.965535],[-119.940759,38.965499],[-119.940772,38.965495],[-119.940787,38.9655],[-119.940797,38.965524],[-119.940823,38.965529],[-119.940852,38.965516],[-119.940867,38.965497],[-119.940869,38.965475],[-119.940834,38.965418]]]}},{"type":"Feature","properties":{"k":"green"},"geometry":{"type":"Polygon","coordinates":[[[-119.949931,38.973318],[-119.949905,38.973311],[-119.949873,38.973313],[-119.949817,38.973333],[-119.949778,38.973366],[-119.949769,38.973405],[-119.949775,38.973425],[-119.94981,38.973461],[-119.949863,38.973478],[-119.949968,38.973467],[-119.950014,38.973478],[-119.950049,38.973508],[-119.950083,38.973562],[-119.950131,38.973583],[-119.950179,38.973577],[-119.950227,38.973553],[-119.950251,38.973528],[-119.950268,38.973491],[-119.950269,38.973471],[-119.950254,38.973444],[-119.950206,38.973428],[-119.950023,38.973393],[-119.94998,38.97337],[-119.949969,38.973338],[-119.949931,38.973318]]]}},{"type":"Feature","properties":{"k":"bunker"},"geometry":{"type":"Polygon","coordinates":[[[-119.942177,38.969898],[-119.942172,38.969857],[-119.94215,38.969846],[-119.942135,38.969807],[-119.942119,38.969798],[-119.942079,38.969806],[-119.942048,38.969762],[-119.942019,38.969752],[-119.941987,38.969758],[-119.941966,38.969775],[-119.941964,38.96983],[-119.941975,38.969846],[-119.942148,38.969909],[-119.942177,38.969898]]]}},{"type":"Feature","properties":{"k":"bunker"},"geometry":{"type":"Polygon","coordinates":[[[-119.942272,38.969731],[-119.942251,38.969763],[-119.942255,38.969781],[-119.942269,38.969794],[-119.942255,38.969811],[-119.942262,38.969848],[-119.942305,38.96986],[-119.942326,38.969875],[-119.942351,38.969875],[-119.942378,38.969848],[-119.942377,38.969827],[-119.942328,38.969811],[-119.94235,38.96978],[-119.942351,38.969761],[-119.942321,38.969731],[-119.942272,38.969731]]]}},{"type":"Feature","properties":{"k":"bunker"},"geometry":{"type":"Polygon","coordinates":[[[-119.946928,38.972093],[-119.946914,38.972108],[-119.946916,38.972126],[-119.946954,38.972152],[-119.946979,38.97219],[-119.947121,38.972278],[-119.947161,38.972283],[-119.947191,38.972276],[-119.947208,38.972243],[-119.94721,38.972219],[-119.947198,38.972197],[-119.947181,38.972189],[-119.947164,38.972191],[-119.947158,38.972175],[-119.947127,38.972158],[-119.947091,38.972153],[-119.947044,38.97217],[-119.947039,38.972141],[-119.947013,38.972117],[-119.946978,38.972098],[-119.946928,38.972093]]]}},{"type":"Feature","properties":{"k":"bunker"},"geometry":{"type":"Polygon","coordinates":[[[-119.947069,38.97265],[-119.947096,38.972638],[-119.947111,38.972617],[-119.947108,38.972594],[-119.947131,38.972579],[-119.947133,38.972558],[-119.947123,38.972539],[-119.947092,38.97252],[-119.947064,38.972514],[-119.947042,38.972521],[-119.947031,38.972567],[-119.947012,38.972562],[-119.947011,38.972535],[-119.946994,38.972516],[-119.946966,38.97251],[-119.946929,38.972515],[-119.946899,38.972529],[-119.946885,38.972546],[-119.946885,38.972571],[-119.946907,38.972593],[-119.947016,38.972648],[-119.947069,38.97265]]]}},{"type":"Feature","properties":{"k":"bunker"},"geometry":{"type":"Polygon","coordinates":[[[-119.944902,38.965354],[-119.944922,38.965338],[-119.944924,38.965318],[-119.944905,38.965295],[-119.944867,38.965281],[-119.944799,38.965273],[-119.944762,38.965279],[-119.944732,38.965292],[-119.94472,38.965313],[-119.944729,38.965358],[-119.944747,38.965381],[-119.94483,38.965419],[-119.944869,38.965413],[-119.944886,38.965385],[-119.944874,38.965371],[-119.944814,38.965357],[-119.944801,38.965348],[-119.9448,38.965332],[-119.94481,38.965326],[-119.944835,38.965332],[-119.944867,38.965352],[-119.944902,38.965354]]]}},{"type":"Feature","properties":{"k":"bunker"},"geometry":{"type":"Polygon","coordinates":[[[-119.938962,38.967335],[-119.938981,38.967312],[-119.939002,38.967303],[-119.939027,38.967309],[-119.939035,38.967332],[-119.939051,38.96734],[-119.939065,38.967338],[-119.939085,38.967313],[-119.939113,38.967305],[-119.939138,38.967315],[-119.939137,38.967339],[-119.939157,38.96735],[-119.939179,38.967346],[-119.9392,38.967319],[-119.939199,38.9673],[-119.939181,38.967287],[-119.939121,38.96728],[-119.939068,38.967246],[-119.939028,38.96724],[-119.93897,38.967247],[-119.938936,38.967265],[-119.938927,38.967288],[-119.938931,38.967323],[-119.938962,38.967335]]]}},{"type":"Feature","properties":{"k":"fairway"},"geometry":{"type":"Polygon","coordinates":[[[-119.940224,38.965848],[-119.940243,38.965858],[-119.940253,38.965881],[-119.94025,38.965908],[-119.940214,38.965925],[-119.94037,38.965933],[-119.94042,38.965955],[-119.940588,38.96607],[-119.940771,38.966095],[-119.940924,38.966091],[-119.941178,38.966053],[-119.941305,38.966046],[-119.94143,38.966054],[-119.941542,38.966047],[-119.941726,38.966023],[-119.941941,38.966038],[-119.942132,38.966021],[-119.942281,38.96599],[-119.94236,38.965944],[-119.942377,38.96591],[-119.942375,38.965877],[-119.942361,38.965847],[-119.942303,38.965815],[-119.942247,38.965804],[-119.941922,38.965827],[-119.941805,38.965818],[-119.941632,38.965792],[-119.941435,38.96572],[-119.94134,38.965703],[-119.941299,38.965709],[-119.941156,38.965784],[-119.941044,38.965805],[-119.940864,38.965811],[-119.9408,38.965802],[-119.940678,38.965747],[-119.940566,38.965768],[-119.940432,38.965827],[-119.940379,38.96584],[-119.940224,38.965848]]]}},{"type":"Feature","properties":{"k":"bunker"},"geometry":{"type":"Polygon","coordinates":[[[-119.941685,38.967828],[-119.941661,38.967833],[-119.941632,38.967871],[-119.941586,38.967877],[-119.941566,38.967887],[-119.941569,38.967904],[-119.941585,38.967919],[-119.941607,38.967925],[-119.941609,38.967968],[-119.941633,38.967976],[-119.941659,38.967973],[-119.941677,38.96796],[-119.941683,38.967933],[-119.941697,38.96792],[-119.94172,38.967914],[-119.941762,38.96792],[-119.941781,38.967905],[-119.941782,38.967887],[-119.941768,38.967873],[-119.941742,38.96787],[-119.941713,38.967877],[-119.941701,38.967866],[-119.941703,38.967844],[-119.941685,38.967828]]]}},{"type":"Feature","properties":{"k":"bunker"},"geometry":{"type":"Polygon","coordinates":[[[-119.94487,38.967073],[-119.94487,38.967101],[-119.944883,38.96712],[-119.944948,38.967145],[-119.944977,38.967179],[-119.945007,38.967187],[-119.945033,38.967175],[-119.94506,38.967184],[-119.945115,38.967187],[-119.945156,38.967173],[-119.945196,38.967174],[-119.945208,38.967167],[-119.945189,38.967132],[-119.945164,38.967118],[-119.945074,38.967094],[-119.945025,38.967107],[-119.945029,38.96708],[-119.945018,38.967057],[-119.944974,38.967032],[-119.944899,38.967032],[-119.944875,38.967051],[-119.94487,38.967073]]]}},{"type":"Feature","properties":{"k":"fairway"},"geometry":{"type":"Polygon","coordinates":[[[-119.944049,38.96795],[-119.944078,38.967959],[-119.944133,38.967994],[-119.944169,38.968025],[-119.944185,38.968065],[-119.944216,38.968071],[-119.94444,38.968019],[-119.944527,38.967988],[-119.94471,38.967955],[-119.945016,38.967935],[-119.945117,38.967943],[-119.945376,38.968001],[-119.945455,38.968011],[-119.945574,38.968009],[-119.945646,38.967997],[-119.945834,38.967909],[-119.945911,38.967889],[-119.946263,38.967833],[-119.946436,38.967785],[-119.946519,38.96775],[-119.946582,38.967707],[-119.946619,38.96765],[-119.946626,38.96762],[-119.946598,38.967525],[-119.946568,38.967472],[-119.946534,38.96744],[-119.946425,38.967417],[-119.946215,38.967437],[-119.946104,38.967455],[-119.945999,38.967486],[-119.945732,38.967636],[-119.9456,38.967674],[-119.945441,38.9677],[-119.945313,38.967695],[-119.945097,38.967636],[-119.944995,38.967637],[-119.944887,38.967656],[-119.94428,38.967818],[-119.944131,38.967883],[-119.944066,38.96792],[-119.944049,38.96795]]]}},{"type":"Feature","properties":{"k":"fairway"},"geometry":{"type":"Polygon","coordinates":[[[-119.946527,38.972135],[-119.946468,38.972187],[-119.946445,38.972262],[-119.946487,38.972341],[-119.946612,38.972409],[-119.946785,38.972446],[-119.947002,38.972452],[-119.947156,38.972491],[-119.94726,38.972558],[-119.947402,38.972682],[-119.947532,38.97274],[-119.947734,38.972797],[-119.947907,38.972917],[-119.948174,38.973006],[-119.948658,38.973212],[-119.948816,38.973261],[-119.948904,38.973249],[-119.948975,38.973196],[-119.949026,38.973107],[-119.949026,38.973042],[-119.948958,38.972975],[-119.948825,38.972933],[-119.948391,38.972871],[-119.948205,38.972814],[-119.948003,38.972731],[-119.947772,38.972612],[-119.947598,38.972485],[-119.947494,38.972394],[-119.947411,38.97236],[-119.947279,38.97236],[-119.947154,38.972347],[-119.946962,38.972268],[-119.946815,38.972175],[-119.946662,38.972135],[-119.946527,38.972135]]]}},{"type":"Feature","properties":{"k":"fairway"},"geometry":{"type":"Polygon","coordinates":[[[-119.943722,38.966596],[-119.943785,38.966596],[-119.943834,38.966618],[-119.943851,38.966652],[-119.943839,38.966687],[-119.944207,38.966628],[-119.944277,38.966626],[-119.944441,38.966658],[-119.944594,38.966733],[-119.944717,38.966817],[-119.944837,38.966919],[-119.94507,38.967021],[-119.945333,38.967101],[-119.945401,38.967112],[-119.945544,38.96712],[-119.945709,38.967172],[-119.945765,38.967179],[-119.946079,38.967127],[-119.946183,38.967124],[-119.946399,38.967137],[-119.946449,38.967124],[-119.946476,38.967109],[-119.946522,38.967052],[-119.946517,38.966944],[-119.946499,38.966908],[-119.946459,38.966883],[-119.946406,38.966869],[-119.946225,38.966867],[-119.945893,38.966849],[-119.945727,38.966825],[-119.945366,38.966719],[-119.945048,38.966616],[-119.94472,38.966506],[-119.944454,38.966396],[-119.944353,38.966367],[-119.944244,38.966358],[-119.944138,38.966367],[-119.944033,38.966386],[-119.943956,38.966411],[-119.94389,38.966451],[-119.943801,38.96652],[-119.943722,38.966596]]]}},{"type":"Feature","properties":{"k":"bunker"},"geometry":{"type":"Polygon","coordinates":[[[-119.949222,38.973232],[-119.949223,38.97325],[-119.949253,38.973272],[-119.949315,38.97329],[-119.94933,38.973304],[-119.949328,38.973322],[-119.949311,38.973347],[-119.949281,38.973357],[-119.949245,38.973355],[-119.949213,38.973333],[-119.949192,38.973331],[-119.949181,38.973344],[-119.949178,38.973368],[-119.949161,38.973381],[-119.949136,38.973379],[-119.949121,38.973362],[-119.949112,38.973322],[-119.949116,38.973276],[-119.949144,38.973239],[-119.949155,38.973207],[-119.949148,38.973182],[-119.949158,38.973153],[-119.949179,38.973134],[-119.949206,38.973132],[-119.949239,38.973156],[-119.949311,38.973144],[-119.949343,38.973152],[-119.949374,38.973176],[-119.949386,38.973213],[-119.949379,38.973239],[-119.949362,38.973258],[-119.949333,38.973262],[-119.949274,38.973227],[-119.949245,38.973221],[-119.949222,38.973232]]]}},{"type":"Feature","properties":{"k":"bunker"},"geometry":{"type":"Polygon","coordinates":[[[-119.943297,38.966648],[-119.943269,38.966661],[-119.943271,38.966692],[-119.943284,38.966709],[-119.94331,38.966713],[-119.943338,38.966696],[-119.943355,38.966713],[-119.943337,38.966762],[-119.943342,38.966783],[-119.943374,38.966811],[-119.943363,38.966825],[-119.943427,38.966852],[-119.943462,38.966831],[-119.943461,38.966798],[-119.943471,38.966787],[-119.94354,38.966808],[-119.943558,38.966806],[-119.943567,38.966793],[-119.943559,38.966782],[-119.94353,38.966785],[-119.943471,38.966759],[-119.943422,38.966761],[-119.943411,38.966755],[-119.943381,38.966681],[-119.943396,38.966658],[-119.943371,38.966622],[-119.943341,38.966614],[-119.943311,38.96662],[-119.943297,38.966648]]]}},{"type":"Feature","properties":{"k":"fairway"},"geometry":{"type":"Polygon","coordinates":[[[-119.942697,38.965368],[-119.94271,38.965338],[-119.942746,38.965314],[-119.942785,38.965306],[-119.942769,38.965263],[-119.942722,38.965194],[-119.942687,38.965172],[-119.942573,38.965126],[-119.942512,38.965075],[-119.942408,38.96501],[-119.942325,38.964997],[-119.942207,38.964992],[-119.94176,38.964996],[-119.941672,38.965009],[-119.941422,38.965065],[-119.941361,38.965071],[-119.94129,38.965064],[-119.941074,38.965014],[-119.941002,38.965004],[-119.940862,38.96501],[-119.9408,38.965025],[-119.940491,38.965151],[-119.940401,38.965228],[-119.94038,38.965268],[-119.940361,38.965347],[-119.940368,38.965385],[-119.940407,38.965423],[-119.94044,38.96544],[-119.940508,38.965445],[-119.94054,38.965439],[-119.940579,38.965418],[-119.940683,38.965346],[-119.940786,38.965319],[-119.940895,38.965327],[-119.941014,38.965378],[-119.941111,38.96539],[-119.941223,38.965374],[-119.941387,38.965321],[-119.94156,38.965284],[-119.941929,38.965255],[-119.942302,38.965168],[-119.942446,38.965174],[-119.942564,38.96522],[-119.94262,38.965262],[-119.942697,38.965368]]]}},{"type":"Feature","properties":{"k":"fairway"},"geometry":{"type":"Polygon","coordinates":[[[-119.945123,38.970723],[-119.945106,38.970769],[-119.94512,38.970825],[-119.94517,38.970873],[-119.945232,38.970889],[-119.94529,38.970895],[-119.945377,38.970857],[-119.945472,38.970784],[-119.945542,38.970683],[-119.945609,38.970614],[-119.945719,38.970561],[-119.94576,38.970519],[-119.945818,38.970394],[-119.945901,38.970331],[-119.945969,38.970263],[-119.946119,38.970014],[-119.946165,38.969956],[-119.946216,38.969922],[-119.946249,38.969884],[-119.946291,38.969811],[-119.946312,38.969719],[-119.946344,38.96965],[-119.946508,38.969516],[-119.94656,38.969454],[-119.946572,38.969383],[-119.946504,38.96933],[-119.946449,38.969317],[-119.946393,38.969329],[-119.946343,38.969386],[-119.946259,38.969507],[-119.946181,38.969702],[-119.946123,38.969792],[-119.945946,38.96998],[-119.945763,38.970106],[-119.945408,38.970506],[-119.945363,38.970598],[-119.945259,38.970661],[-119.945165,38.970682],[-119.945123,38.970723]]]}},{"type":"Feature","properties":{"k":"bunker"},"geometry":{"type":"Polygon","coordinates":[[[-119.941405,38.968917],[-119.94143,38.968875],[-119.941399,38.96886],[-119.941386,38.968842],[-119.941362,38.968832],[-119.941328,38.968838],[-119.9413,38.968855],[-119.941279,38.968881],[-119.941275,38.968928],[-119.94129,38.96899],[-119.941342,38.969055],[-119.941479,38.969087],[-119.941515,38.969074],[-119.941529,38.969061],[-119.941525,38.969026],[-119.941536,38.968997],[-119.941524,38.968984],[-119.941499,38.96898],[-119.941468,38.968989],[-119.941414,38.968982],[-119.941407,38.96897],[-119.941428,38.968935],[-119.941405,38.968917]]]}},{"type":"Feature","properties":{"k":"bunker"},"geometry":{"type":"Polygon","coordinates":[[[-119.945101,38.971169],[-119.945129,38.971162],[-119.945146,38.971143],[-119.945151,38.971123],[-119.945131,38.971092],[-119.945133,38.971079],[-119.945143,38.971071],[-119.945176,38.971077],[-119.945198,38.971072],[-119.945223,38.971028],[-119.945219,38.970973],[-119.9452,38.970946],[-119.945126,38.970915],[-119.94508,38.970869],[-119.945049,38.970859],[-119.945013,38.970861],[-119.944857,38.970911],[-119.944821,38.970935],[-119.944814,38.970963],[-119.944825,38.970992],[-119.944884,38.970991],[-119.944966,38.970916],[-119.945002,38.970903],[-119.945032,38.970928],[-119.945049,38.970957],[-119.945124,38.971002],[-119.945128,38.971015],[-119.945098,38.971056],[-119.945087,38.971102],[-119.945066,38.971127],[-119.945066,38.971151],[-119.945079,38.971165],[-119.945101,38.971169]]]}},{"type":"Feature","properties":{"k":"bunker"},"geometry":{"type":"Polygon","coordinates":[[[-119.941892,38.967944],[-119.941873,38.967936],[-119.941837,38.967942],[-119.941809,38.96797],[-119.941811,38.967997],[-119.9418,38.96801],[-119.94178,38.968014],[-119.941759,38.968005],[-119.941738,38.968014],[-119.94173,38.968039],[-119.941739,38.96806],[-119.94177,38.968067],[-119.94181,38.968065],[-119.941832,38.968056],[-119.941844,38.96802],[-119.941866,38.968012],[-119.941889,38.968019],[-119.941906,38.968047],[-119.941931,38.968053],[-119.941956,38.968045],[-119.941978,38.967996],[-119.942001,38.967982],[-119.942047,38.967973],[-119.942103,38.967974],[-119.942139,38.968012],[-119.942167,38.968005],[-119.942172,38.967995],[-119.942176,38.967977],[-119.942164,38.967947],[-119.942121,38.967923],[-119.942006,38.967931],[-119.941957,38.967971],[-119.941926,38.967967],[-119.941892,38.967944]]]}},{"type":"Feature","properties":{"k":"fairway"},"geometry":{"type":"Polygon","coordinates":[[[-119.941105,38.96839],[-119.941037,38.968439],[-119.94102,38.968494],[-119.941025,38.968539],[-119.941045,38.968578],[-119.941118,38.968657],[-119.941166,38.968688],[-119.941221,38.968712],[-119.941314,38.968734],[-119.941433,38.968786],[-119.941563,38.968891],[-119.941827,38.969198],[-119.941914,38.96934],[-119.941983,38.969545],[-119.942045,38.969657],[-119.942155,38.969749],[-119.942198,38.969811],[-119.942208,38.969921],[-119.942285,38.969908],[-119.94232,38.969915],[-119.942345,38.969929],[-119.942237,38.969831],[-119.942221,38.969792],[-119.942241,38.969698],[-119.942301,38.969618],[-119.942312,38.969567],[-119.942294,38.969509],[-119.94219,38.969372],[-119.942123,38.969238],[-119.94208,38.968959],[-119.941998,38.968823],[-119.941896,38.968725],[-119.941749,38.968647],[-119.941604,38.968581],[-119.941481,38.968497],[-119.941372,38.968389],[-119.94126,38.968361],[-119.941205,38.968365],[-119.941105,38.96839]]]}},{"type":"Feature","properties":{"k":"bunker"},"geometry":{"type":"Polygon","coordinates":[[[-119.943111,38.965251],[-119.943139,38.965242],[-119.943149,38.96523],[-119.943148,38.965217],[-119.943131,38.965209],[-119.943103,38.96522],[-119.943043,38.965218],[-119.942985,38.965225],[-119.942911,38.965257],[-119.942891,38.965256],[-119.94288,38.965245],[-119.942883,38.965229],[-119.942948,38.965199],[-119.943093,38.965207],[-119.943117,38.965198],[-119.943127,38.965179],[-119.94312,38.965156],[-119.943095,38.965139],[-119.943015,38.965151],[-119.942989,38.965144],[-119.942961,38.965147],[-119.942942,38.965159],[-119.942918,38.965154],[-119.942901,38.965128],[-119.942882,38.965117],[-119.942865,38.965121],[-119.942855,38.965137],[-119.942859,38.96519],[-119.942839,38.965212],[-119.942799,38.965231],[-119.942788,38.965251],[-119.942789,38.965275],[-119.942811,38.965297],[-119.942882,38.965309],[-119.942914,38.965302],[-119.942951,38.96527],[-119.942988,38.965254],[-119.943111,38.965251]]]}},{"type":"Feature","properties":{"k":"wood"},"geometry":{"type":"Polygon","coordinates":[[[-119.942449,38.964628],[-119.94249,38.964835],[-119.942583,38.965],[-119.94303,38.965071],[-119.943299,38.965162],[-119.943351,38.965245],[-119.943365,38.965316],[-119.943349,38.965386],[-119.943289,38.965452],[-119.943108,38.965525],[-119.943123,38.965591],[-119.944227,38.965466],[-119.944272,38.965597],[-119.943539,38.965813],[-119.94342,38.965955],[-119.943366,38.966041],[-119.943534,38.966223],[-119.943755,38.966253],[-119.943937,38.966193],[-119.944171,38.966144],[-119.944415,38.966186],[-119.944591,38.966339],[-119.945055,38.966414],[-119.945266,38.966493],[-119.94571,38.966569],[-119.946316,38.966586],[-119.946916,38.966538],[-119.946915,38.966495],[-119.946664,38.966458],[-119.946431,38.966382],[-119.94626,38.966293],[-119.946096,38.966196],[-119.945937,38.966051],[-119.945822,38.965899],[-119.945367,38.96613],[-119.945267,38.966046],[-119.945138,38.966114],[-119.944911,38.965914],[-119.945316,38.965671],[-119.94539,38.965736],[-119.945686,38.965612],[-119.945324,38.965055],[-119.945174,38.964971],[-119.944452,38.964811],[-119.94439,38.964782],[-119.944348,38.964731],[-119.944312,38.964571],[-119.944272,38.964446],[-119.944185,38.964327],[-119.944083,38.964358],[-119.943942,38.964197],[-119.943526,38.96436],[-119.943001,38.964513],[-119.942449,38.964628]]]}},{"type":"Feature","properties":{"k":"bunker"},"geometry":{"type":"Polygon","coordinates":[[[-119.939711,38.969407],[-119.9397,38.969387],[-119.939669,38.969366],[-119.939649,38.96936],[-119.939625,38.969364],[-119.93959,38.969399],[-119.939587,38.969472],[-119.939599,38.969482],[-119.939677,38.969478],[-119.939666,38.969505],[-119.939671,38.969515],[-119.939756,38.96953],[-119.939755,38.969543],[-119.939771,38.969566],[-119.939798,38.969587],[-119.939884,38.969592],[-119.93991,38.969586],[-119.939942,38.969548],[-119.939937,38.969521],[-119.939917,38.969503],[-119.93988,38.96949],[-119.939864,38.969496],[-119.93985,38.969483],[-119.939818,38.969471],[-119.939753,38.969471],[-119.939765,38.969452],[-119.939756,38.969413],[-119.939737,38.969405],[-119.939711,38.969407]]]}},{"type":"Feature","properties":{"k":"bunker"},"geometry":{"type":"Polygon","coordinates":[[[-119.942472,38.967737],[-119.94248,38.967744],[-119.942473,38.967755],[-119.942493,38.967762],[-119.942472,38.967783],[-119.942477,38.967822],[-119.942499,38.967832],[-119.942525,38.967828],[-119.942532,38.967819],[-119.942523,38.967799],[-119.942529,38.967792],[-119.942544,38.967815],[-119.942564,38.967825],[-119.942585,38.96782],[-119.942601,38.967787],[-119.942591,38.967767],[-119.942548,38.96776],[-119.942543,38.96775],[-119.942551,38.967741],[-119.942605,38.967732],[-119.942609,38.967718],[-119.942567,38.96768],[-119.942555,38.96767],[-119.942529,38.967669],[-119.942522,38.967682],[-119.942526,38.967715],[-119.942512,38.967724],[-119.942492,38.967718],[-119.942492,38.967671],[-119.942482,38.967665],[-119.942429,38.967674],[-119.942413,38.967691],[-119.942404,38.967748],[-119.942419,38.967763],[-119.942436,38.967766],[-119.942458,38.967737],[-119.942472,38.967737]]]}},{"type":"Feature","properties":{"k":"bunker"},"geometry":{"type":"Polygon","coordinates":[[[-119.949268,38.973076],[-119.949256,38.973106],[-119.949266,38.973125],[-119.949289,38.97313],[-119.949345,38.973122],[-119.949368,38.97313],[-119.949385,38.973153],[-119.949504,38.973171],[-119.949558,38.973196],[-119.949592,38.97324],[-119.949616,38.973257],[-119.949687,38.973248],[-119.949712,38.973255],[-119.949731,38.973277],[-119.949757,38.973287],[-119.949849,38.973282],[-119.949915,38.973298],[-119.949961,38.973285],[-119.949964,38.973251],[-119.949932,38.97323],[-119.949936,38.973199],[-119.949925,38.973176],[-119.949905,38.973169],[-119.949852,38.973176],[-119.949824,38.973207],[-119.949784,38.973225],[-119.949742,38.973225],[-119.94971,38.973215],[-119.949681,38.973188],[-119.949665,38.97314],[-119.949651,38.973129],[-119.949629,38.973134],[-119.949622,38.973158],[-119.949606,38.97317],[-119.949585,38.973166],[-119.949581,38.973149],[-119.949593,38.973139],[-119.949589,38.973116],[-119.949573,38.973102],[-119.949493,38.973093],[-119.949426,38.973098],[-119.949322,38.973058],[-119.949286,38.973062],[-119.949268,38.973076]]]}},{"type":"Feature","properties":{"k":"tee"},"geometry":{"type":"Polygon","coordinates":[[[-119.939465,38.966247],[-119.939448,38.966257],[-119.939442,38.966273],[-119.939451,38.966288],[-119.939479,38.966295],[-119.939502,38.966282],[-119.939505,38.966267],[-119.939487,38.966248],[-119.939465,38.966247]]]}},{"type":"Feature","properties":{"k":"tee"},"geometry":{"type":"Polygon","coordinates":[[[-119.938299,38.96561],[-119.938318,38.965629],[-119.938457,38.965609],[-119.938468,38.965587],[-119.938451,38.965566],[-119.93831,38.965589],[-119.938299,38.96561]]]}},{"type":"Feature","properties":{"k":"tee"},"geometry":{"type":"Polygon","coordinates":[[[-119.942759,38.966031],[-119.942819,38.966048],[-119.942855,38.966042],[-119.942869,38.966031],[-119.942871,38.966006],[-119.942849,38.965984],[-119.942771,38.965994],[-119.94275,38.966003],[-119.942747,38.966017],[-119.942759,38.966031]]]}},{"type":"Feature","properties":{"k":"bunker"},"geometry":{"type":"Polygon","coordinates":[[[-119.943204,38.965391],[-119.943227,38.965391],[-119.94324,38.96538],[-119.94324,38.965365],[-119.943222,38.965356],[-119.943205,38.965363],[-119.943193,38.96538],[-119.943204,38.965391]]]}},{"type":"Feature","properties":{"k":"bunker"},"geometry":{"type":"Polygon","coordinates":[[[-119.943261,38.965293],[-119.943278,38.965283],[-119.943279,38.965268],[-119.943264,38.965257],[-119.943248,38.965257],[-119.943237,38.965268],[-119.943239,38.965285],[-119.943261,38.965293]]]}},{"type":"Feature","properties":{"k":"bunker"},"geometry":{"type":"Polygon","coordinates":[[[-119.943247,38.965357],[-119.943266,38.965352],[-119.943278,38.965339],[-119.943264,38.965312],[-119.943247,38.96531],[-119.943236,38.965326],[-119.943231,38.965344],[-119.943247,38.965357]]]}},{"type":"Feature","properties":{"k":"bunker"},"geometry":{"type":"Polygon","coordinates":[[[-119.942497,38.970168],[-119.942507,38.970149],[-119.942505,38.970131],[-119.942453,38.970127],[-119.94244,38.970143],[-119.942457,38.970172],[-119.942477,38.970175],[-119.942497,38.970168]]]}},{"type":"Feature","properties":{"k":"tee"},"geometry":{"type":"Polygon","coordinates":[[[-119.938443,38.966958],[-119.938438,38.966975],[-119.938456,38.966996],[-119.938478,38.966998],[-119.938502,38.966983],[-119.9385,38.966958],[-119.938483,38.966948],[-119.938461,38.966948],[-119.938443,38.966958]]]}},{"type":"Feature","properties":{"k":"tee"},"geometry":{"type":"Polygon","coordinates":[[[-119.939625,38.966233],[-119.939597,38.966245],[-119.939558,38.966295],[-119.939575,38.966318],[-119.939605,38.966318],[-119.93964,38.966286],[-119.93966,38.966254],[-119.939648,38.966236],[-119.939625,38.966233]]]}},{"type":"Feature","properties":{"k":"tee"},"geometry":{"type":"Polygon","coordinates":[[[-119.939346,38.965739],[-119.939367,38.965742],[-119.939415,38.965727],[-119.939426,38.965691],[-119.939408,38.965675],[-119.939367,38.965676],[-119.939332,38.965691],[-119.939325,38.965716],[-119.939346,38.965739]]]}},{"type":"Feature","properties":{"k":"tee"},"geometry":{"type":"Polygon","coordinates":[[[-119.939318,38.96642],[-119.93932,38.96645],[-119.939339,38.966463],[-119.939379,38.966461],[-119.939396,38.966443],[-119.939394,38.966421],[-119.939374,38.966405],[-119.939348,38.966402],[-119.939318,38.96642]]]}},{"type":"Feature","properties":{"k":"tee"},"geometry":{"type":"Polygon","coordinates":[[[-119.943392,38.964968],[-119.943518,38.964994],[-119.943546,38.964988],[-119.943553,38.964968],[-119.94354,38.964952],[-119.943405,38.964931],[-119.943389,38.964938],[-119.943383,38.964953],[-119.943392,38.964968]]]}},{"type":"Feature","properties":{"k":"tee"},"geometry":{"type":"Polygon","coordinates":[[[-119.948227,38.966688],[-119.948218,38.96671],[-119.948227,38.966733],[-119.948257,38.966746],[-119.948287,38.966741],[-119.948305,38.966723],[-119.948303,38.966702],[-119.948277,38.966685],[-119.948227,38.966688]]]}},{"type":"Feature","properties":{"k":"bunker"},"geometry":{"type":"Polygon","coordinates":[[[-119.949244,38.973373],[-119.949211,38.973373],[-119.949192,38.973383],[-119.949199,38.973414],[-119.94919,38.973425],[-119.949157,38.973411],[-119.949102,38.973403],[-119.949052,38.973407],[-119.949022,38.973428],[-119.949007,38.973461],[-119.949016,38.97349],[-119.949043,38.973509],[-119.949093,38.973512],[-119.949201,38.973502],[-119.949245,38.973515],[-119.949283,38.973544],[-119.949325,38.973563],[-119.949372,38.973573],[-119.94942,38.97356],[-119.949463,38.973539],[-119.949496,38.973539],[-119.949525,38.973556],[-119.949552,38.973589],[-119.949593,38.973599],[-119.949637,38.973601],[-119.949832,38.973563],[-119.949881,38.973566],[-119.949907,38.973588],[-119.949935,38.973597],[-119.949969,38.973597],[-119.949987,38.973586],[-119.949995,38.973568],[-119.949966,38.973537],[-119.949969,38.973521],[-119.949957,38.97351],[-119.949941,38.973513],[-119.94993,38.973526],[-119.949901,38.973525],[-119.949875,38.973509],[-119.949825,38.973512],[-119.949785,38.973505],[-119.949761,38.973487],[-119.949739,38.97344],[-119.949721,38.973423],[-119.9497,38.973426],[-119.949689,38.973442],[-119.949689,38.973466],[-119.94974,38.973533],[-119.949738,38.973548],[-119.949721,38.973558],[-119.949698,38.97355],[-119.949674,38.973496],[-119.949656,38.97349],[-119.949641,38.973497],[-119.949635,38.973512],[-119.949641,38.973526],[-119.949625,38.973532],[-119.949597,38.973527],[-119.949574,38.973467],[-119.949548,38.97346],[-119.949524,38.973468],[-119.949513,38.97349],[-119.949497,38.973497],[-119.949403,38.973442],[-119.949347,38.973437],[-119.949264,38.973453],[-119.94925,38.973446],[-119.949248,38.973433],[-119.949279,38.973423],[-119.949291,38.973413],[-119.949293,38.973395],[-119.949278,38.973382],[-119.949244,38.973373]]]}},{"type":"Feature","properties":{"k":"tee"},"geometry":{"type":"Polygon","coordinates":[[[-119.947297,38.966841],[-119.947272,38.966866],[-119.947277,38.966887],[-119.947311,38.966904],[-119.947338,38.966898],[-119.947356,38.966871],[-119.947348,38.966851],[-119.947324,38.966839],[-119.947297,38.966841]]]}},{"type":"Feature","properties":{"k":"tee"},"geometry":{"type":"Polygon","coordinates":[[[-119.948811,38.971494],[-119.948795,38.971473],[-119.948773,38.971465],[-119.948744,38.971474],[-119.948721,38.971505],[-119.948702,38.971764],[-119.948735,38.971782],[-119.948769,38.971781],[-119.948797,38.971752],[-119.948811,38.971494]]]}},{"type":"Feature","properties":{"k":"bunker"},"geometry":{"type":"Polygon","coordinates":[[[-119.94135,38.965044],[-119.941368,38.96505],[-119.941416,38.965044],[-119.941441,38.96502],[-119.941436,38.964998],[-119.941396,38.964985],[-119.941349,38.964998],[-119.941337,38.965022],[-119.94135,38.965044]]]}},{"type":"Feature","properties":{"k":"tee"},"geometry":{"type":"Polygon","coordinates":[[[-119.946877,38.968328],[-119.946892,38.968355],[-119.946927,38.968364],[-119.946959,38.968354],[-119.946977,38.96833],[-119.946979,38.968304],[-119.946953,38.968281],[-119.946916,38.968279],[-119.94689,38.968295],[-119.946877,38.968328]]]}},{"type":"Feature","properties":{"k":"tee"},"geometry":{"type":"Polygon","coordinates":[[[-119.939184,38.965569],[-119.939246,38.96555],[-119.939256,38.96554],[-119.939263,38.965495],[-119.939228,38.965476],[-119.939157,38.965485],[-119.939117,38.965505],[-119.93911,38.965532],[-119.939126,38.965558],[-119.939184,38.965569]]]}},{"type":"Feature","properties":{"k":"tee"},"geometry":{"type":"Polygon","coordinates":[[[-119.942808,38.970967],[-119.942807,38.970996],[-119.942822,38.971011],[-119.942912,38.971061],[-119.943026,38.971115],[-119.943049,38.971113],[-119.943072,38.9711],[-119.943088,38.971049],[-119.943076,38.970997],[-119.94305,38.970971],[-119.943018,38.970959],[-119.942867,38.970944],[-119.942808,38.970967]]]}},{"type":"Feature","properties":{"k":"bunker"},"geometry":{"type":"Polygon","coordinates":[[[-119.938429,38.966393],[-119.938447,38.966369],[-119.938441,38.966331],[-119.938407,38.966289],[-119.938364,38.966266],[-119.938329,38.966278],[-119.938318,38.966312],[-119.93834,38.966361],[-119.938383,38.966392],[-119.938429,38.966393]]]}},{"type":"Feature","properties":{"k":"tee"},"geometry":{"type":"Polygon","coordinates":[[[-119.948822,38.971065],[-119.948797,38.971072],[-119.948779,38.971116],[-119.948755,38.971354],[-119.948775,38.971382],[-119.948809,38.971385],[-119.948838,38.971359],[-119.948862,38.971115],[-119.94886,38.971077],[-119.948822,38.971065]]]}},{"type":"Feature","properties":{"k":"tee"},"geometry":{"type":"Polygon","coordinates":[[[-119.940089,38.968153],[-119.940058,38.968162],[-119.940033,38.968148],[-119.940024,38.968086],[-119.940089,38.968153]]]}},{"type":"Feature","properties":{"k":"tee"},"geometry":{"type":"Polygon","coordinates":[[[-119.940024,38.968086],[-119.940036,38.968069],[-119.940064,38.968054],[-119.940098,38.968057],[-119.940116,38.968076],[-119.940113,38.968131],[-119.940089,38.968153],[-119.940024,38.968086]]]}},{"type":"Feature","properties":{"k":"tee"},"geometry":{"type":"Polygon","coordinates":[[[-119.939699,38.96803],[-119.939695,38.968047],[-119.939674,38.968064],[-119.939649,38.968071],[-119.939616,38.968063],[-119.939591,38.968041],[-119.939582,38.968009],[-119.939587,38.967976],[-119.939644,38.967933],[-119.939683,38.967925],[-119.93975,38.967954],[-119.939739,38.967998],[-119.939699,38.96803]]]}},{"type":"Feature","properties":{"k":"tee"},"geometry":{"type":"Polygon","coordinates":[[[-119.939445,38.967856],[-119.939354,38.967854],[-119.939305,38.967845],[-119.939234,38.967825],[-119.939216,38.967794],[-119.939228,38.967772],[-119.939281,38.967756],[-119.939414,38.967754],[-119.939536,38.967798],[-119.939559,38.967828],[-119.939536,38.967848],[-119.939445,38.967856]]]}},{"type":"Feature","properties":{"k":"tee"},"geometry":{"type":"Polygon","coordinates":[[[-119.938069,38.965691],[-119.938044,38.965699],[-119.93801,38.965685],[-119.938004,38.965656],[-119.938021,38.96564],[-119.938059,38.965638],[-119.938079,38.965653],[-119.938082,38.965673],[-119.938069,38.965691]]]}},{"type":"Feature","properties":{"k":"bunker"},"geometry":{"type":"Polygon","coordinates":[[[-119.944905,38.965086],[-119.94488,38.965103],[-119.944871,38.965128],[-119.944881,38.965138],[-119.944975,38.965139],[-119.945003,38.965122],[-119.944985,38.965092],[-119.94496,38.965076],[-119.944926,38.965075],[-119.944905,38.965086]]]}},{"type":"Feature","properties":{"k":"bunker"},"geometry":{"type":"Polygon","coordinates":[[[-119.944799,38.965102],[-119.94477,38.96512],[-119.944751,38.965151],[-119.944708,38.965147],[-119.944694,38.965128],[-119.944705,38.965106],[-119.944743,38.965075],[-119.944781,38.965073],[-119.944799,38.965102]]]}},{"type":"Feature","properties":{"k":"tee"},"geometry":{"type":"Polygon","coordinates":[[[-119.943573,38.970747],[-119.943617,38.970681],[-119.943616,38.970661],[-119.943603,38.97065],[-119.943578,38.970651],[-119.943549,38.970664],[-119.943504,38.970715],[-119.943497,38.970738],[-119.943515,38.970757],[-119.943548,38.97076],[-119.943573,38.970747]]]}},{"type":"Feature","properties":{"k":"green"},"geometry":{"type":"Polygon","coordinates":[[[-119.946441,38.962244],[-119.946404,38.962248],[-119.946377,38.962259],[-119.946353,38.962351],[-119.946254,38.962453],[-119.946246,38.962505],[-119.946262,38.96252],[-119.946325,38.962543],[-119.946443,38.962536],[-119.946483,38.962525],[-119.946536,38.962496],[-119.946576,38.962446],[-119.946589,38.962363],[-119.94657,38.96233],[-119.946505,38.962273],[-119.946441,38.962244]]]}},{"type":"Feature","properties":{"k":"tee"},"geometry":{"type":"Polygon","coordinates":[[[-119.946422,38.961805],[-119.946367,38.961792],[-119.946341,38.9618],[-119.946324,38.961816],[-119.946344,38.961853],[-119.946468,38.961967],[-119.946528,38.961975],[-119.946558,38.961967],[-119.94657,38.961945],[-119.946538,38.961906],[-119.946422,38.961805]]]}},{"type":"Feature","properties":{"k":"tee"},"geometry":{"type":"Polygon","coordinates":[[[-119.946726,38.962057],[-119.946688,38.962072],[-119.946682,38.962096],[-119.946691,38.962117],[-119.946786,38.962175],[-119.946816,38.962173],[-119.946831,38.96216],[-119.946836,38.962127],[-119.946766,38.962072],[-119.946726,38.962057]]]}},{"type":"Feature","properties":{"k":"fairway"},"geometry":{"type":"Polygon","coordinates":[[[-119.947684,38.962701],[-119.947624,38.962666],[-119.947547,38.962638],[-119.947433,38.962633],[-119.947391,38.962683],[-119.947378,38.962792],[-119.947496,38.962935],[-119.948438,38.963618],[-119.94852,38.963723],[-119.948651,38.96418],[-119.948739,38.964337],[-119.948799,38.964389],[-119.948829,38.964464],[-119.948852,38.96445],[-119.948881,38.964444],[-119.948933,38.964459],[-119.948986,38.964318],[-119.94901,38.96421],[-119.948965,38.963983],[-119.948833,38.963593],[-119.948782,38.96348],[-119.948672,38.963319],[-119.948541,38.963228],[-119.948358,38.963057],[-119.948122,38.962908],[-119.947964,38.962819],[-119.947825,38.962752],[-119.947684,38.962701]]]}},{"type":"Feature","properties":{"k":"bunker"},"geometry":{"type":"Polygon","coordinates":[[[-119.948756,38.964425],[-119.948717,38.964431],[-119.948703,38.964461],[-119.948717,38.9645],[-119.94869,38.964523],[-119.948702,38.964569],[-119.948712,38.96458],[-119.948727,38.964583],[-119.94875,38.964572],[-119.948746,38.964523],[-119.948787,38.964489],[-119.948793,38.964474],[-119.948793,38.964447],[-119.948784,38.964434],[-119.948756,38.964425]]]}},{"type":"Feature","properties":{"k":"bunker"},"geometry":{"type":"Polygon","coordinates":[[[-119.949175,38.964543],[-119.949176,38.964565],[-119.949166,38.964576],[-119.949146,38.964585],[-119.949125,38.964579],[-119.949079,38.964558],[-119.949059,38.964526],[-119.949039,38.964532],[-119.949005,38.964526],[-119.94898,38.9645],[-119.948974,38.964467],[-119.949002,38.964448],[-119.949029,38.964444],[-119.949053,38.964449],[-119.949084,38.964488],[-119.949153,38.964512],[-119.949175,38.964543]]]}},{"type":"Feature","properties":{"k":"bunker"},"geometry":{"type":"Polygon","coordinates":[[[-119.948424,38.963707],[-119.948451,38.963734],[-119.948451,38.963783],[-119.948502,38.963812],[-119.948508,38.963834],[-119.948491,38.963852],[-119.948469,38.963858],[-119.948443,38.963861],[-119.94842,38.963851],[-119.948404,38.963833],[-119.948402,38.963788],[-119.948342,38.963763],[-119.948337,38.963751],[-119.948335,38.963732],[-119.948347,38.963713],[-119.948374,38.963697],[-119.948403,38.963698],[-119.948424,38.963707]]]}},{"type":"Feature","properties":{"k":"bunker"},"geometry":{"type":"Polygon","coordinates":[[[-119.948293,38.963688],[-119.948265,38.963687],[-119.948234,38.963655],[-119.948214,38.963646],[-119.948177,38.963645],[-119.94816,38.963629],[-119.948152,38.963602],[-119.94816,38.963583],[-119.948172,38.96356],[-119.948206,38.963537],[-119.94825,38.963535],[-119.948278,38.963553],[-119.948309,38.96359],[-119.948304,38.963609],[-119.948286,38.963616],[-119.948279,38.963632],[-119.948307,38.963658],[-119.948293,38.963688]]]}},{"type":"Feature","properties":{"k":"green"},"geometry":{"type":"Polygon","coordinates":[[[-119.949084,38.964745],[-119.948998,38.964747],[-119.948942,38.964732],[-119.948902,38.96465],[-119.94887,38.964626],[-119.948831,38.964613],[-119.948802,38.964585],[-119.948791,38.964553],[-119.948811,38.964495],[-119.948829,38.964464],[-119.948852,38.96445],[-119.948881,38.964444],[-119.948933,38.964459],[-119.94897,38.964524],[-119.94899,38.964543],[-119.949123,38.964594],[-119.94918,38.964641],[-119.949186,38.964684],[-119.94918,38.964709],[-119.949159,38.964725],[-119.949084,38.964745]]]}},{"type":"Feature","properties":{"k":"tee"},"geometry":{"type":"Polygon","coordinates":[[[-119.943494,38.970948],[-119.943472,38.970971],[-119.943448,38.970966],[-119.943434,38.970954],[-119.943461,38.970916],[-119.943473,38.970911],[-119.943504,38.970929],[-119.943494,38.970948]]]}},{"type":"Feature","properties":{"k":"tee"},"geometry":{"type":"Polygon","coordinates":[[[-119.943278,38.970937],[-119.943289,38.970913],[-119.943285,38.970897],[-119.943256,38.970884],[-119.943233,38.970886],[-119.9432,38.970911],[-119.9432,38.97094],[-119.943224,38.970956],[-119.943242,38.97096],[-119.943278,38.970937]]]}},{"type":"Feature","properties":{"k":"tee"},"geometry":{"type":"Polygon","coordinates":[[[-119.942351,38.965985],[-119.942362,38.966004],[-119.942367,38.966058],[-119.942362,38.966073],[-119.942339,38.96608],[-119.942316,38.966075],[-119.942303,38.966059],[-119.942302,38.96601],[-119.942309,38.965988],[-119.942323,38.965981],[-119.942351,38.965985]]]}},{"type":"Feature","properties":{"k":"tee"},"geometry":{"type":"Polygon","coordinates":[[[-119.943526,38.965666],[-119.943783,38.965678],[-119.943791,38.965655],[-119.943787,38.965644],[-119.943525,38.965637],[-119.943526,38.965666]]]}},{"type":"Feature","properties":{"k":"path"},"geometry":{"type":"LineString","coordinates":[[-119.947187,38.966451],[-119.947107,38.966532],[-119.947155,38.966787],[-119.947169,38.966943],[-119.947164,38.967093],[-119.947172,38.967266],[-119.947192,38.967354],[-119.947165,38.967442],[-119.947082,38.967593]]}},{"type":"Feature","properties":{"k":"path"},"geometry":{"type":"LineString","coordinates":[[-119.946864,38.962023],[-119.947014,38.962065],[-119.947169,38.96217],[-119.947378,38.962295],[-119.947708,38.96257],[-119.947871,38.962695],[-119.948025,38.962795],[-119.948287,38.96293],[-119.94841,38.963054],[-119.948549,38.963167],[-119.948743,38.963277],[-119.948881,38.963382],[-119.949073,38.963871],[-119.949131,38.964075],[-119.949146,38.964203],[-119.949282,38.964436],[-119.949308,38.964506],[-119.949296,38.964701],[-119.949268,38.964773],[-119.949104,38.964939],[-119.949045,38.964975],[-119.948886,38.965024],[-119.948828,38.965066],[-119.948829,38.965262],[-119.948882,38.965377],[-119.948913,38.965513],[-119.948903,38.965671],[-119.948852,38.965756],[-119.948753,38.965868],[-119.948701,38.965911],[-119.948548,38.966001],[-119.948388,38.966081],[-119.948249,38.966165],[-119.948234,38.966183],[-119.948243,38.966344]]}},{"type":"Feature","properties":{"k":"path"},"geometry":{"type":"LineString","coordinates":[[-119.941312,38.968182],[-119.940509,38.967974],[-119.940357,38.967954],[-119.940267,38.967954],[-119.939932,38.968033],[-119.939775,38.968118],[-119.939703,38.968128],[-119.93953,38.968105],[-119.939355,38.968096],[-119.939303,38.968079],[-119.939205,38.968029],[-119.939089,38.967949],[-119.939026,38.967892],[-119.938919,38.967747],[-119.938811,38.967587],[-119.938667,38.967238],[-119.938669,38.96713],[-119.93884,38.966764]]}},{"type":"Feature","properties":{"k":"green"},"geometry":{"type":"Polygon","coordinates":[[[-119.949045,38.967233],[-119.949159,38.967176],[-119.949187,38.967173],[-119.949214,38.967178],[-119.949295,38.967238],[-119.949323,38.967238],[-119.949356,38.967229],[-119.949372,38.967209],[-119.94938,38.967182],[-119.949372,38.967151],[-119.949328,38.967098],[-119.949267,38.967067],[-119.949161,38.967051],[-119.948948,38.967038],[-119.94889,38.967046],[-119.948831,38.967078],[-119.948798,38.967106],[-119.948785,38.967146],[-119.948809,38.967178],[-119.948966,38.96724],[-119.949045,38.967233]]]}},{"type":"Feature","properties":{"k":"water"},"geometry":{"type":"Polygon","coordinates":[[[-119.948893,38.967866],[-119.948958,38.967883],[-119.949085,38.967882],[-119.949129,38.967872],[-119.949167,38.967845],[-119.949222,38.967697],[-119.949223,38.967667],[-119.949207,38.967633],[-119.949171,38.967601],[-119.949076,38.967557],[-119.949065,38.967495],[-119.949047,38.967484],[-119.949023,38.967481],[-119.948988,38.967444],[-119.948972,38.96736],[-119.948952,38.967328],[-119.948905,38.967304],[-119.94883,38.967287],[-119.948762,38.967162],[-119.948658,38.967056],[-119.94851,38.966983],[-119.948439,38.966846],[-119.948393,38.966803],[-119.948318,38.966784],[-119.948243,38.966786],[-119.948097,38.96683],[-119.94802,38.966831],[-119.947885,38.966873],[-119.94777,38.966875],[-119.947746,38.966889],[-119.947699,38.966985],[-119.947656,38.967001],[-119.947584,38.966995],[-119.947536,38.966977],[-119.947483,38.966941],[-119.947455,38.96691],[-119.947458,38.966884],[-119.947444,38.966844],[-119.947408,38.966807],[-119.947326,38.966752],[-119.947307,38.966717],[-119.947302,38.966631],[-119.947293,38.966611],[-119.947246,38.966581],[-119.947231,38.966589],[-119.947281,38.966635],[-119.947283,38.966673],[-119.947267,38.966687],[-119.947232,38.966701],[-119.947222,38.966719],[-119.947225,38.966742],[-119.947265,38.966827],[-119.94728,38.966836],[-119.947294,38.966815],[-119.94736,38.966798],[-119.947387,38.966808],[-119.947432,38.966853],[-119.94744,38.966915],[-119.947459,38.96694],[-119.947554,38.967004],[-119.947566,38.967057],[-119.947543,38.967106],[-119.94744,38.967238],[-119.947435,38.967268],[-119.9474,38.967292],[-119.947361,38.967306],[-119.947335,38.967334],[-119.947308,38.967384],[-119.947268,38.967504],[-119.94719,38.967568],[-119.947019,38.967639],[-119.946925,38.967656],[-119.946815,38.967731],[-119.946708,38.967776],[-119.946556,38.967822],[-119.94627,38.967955],[-119.946141,38.967934],[-119.945875,38.967973],[-119.945825,38.967995],[-119.945784,38.968027],[-119.945704,38.968058],[-119.945671,38.968087],[-119.945664,38.968106],[-119.945607,38.968112],[-119.945513,38.968111],[-119.94545,38.968107],[-119.945395,38.968094],[-119.945263,38.968086],[-119.945211,38.968078],[-119.945181,38.968056],[-119.945148,38.968046],[-119.94507,38.968032],[-119.945024,38.96803],[-119.944975,38.968044],[-119.944754,38.968016],[-119.944674,38.968023],[-119.944603,38.968033],[-119.94443,38.968079],[-119.944233,38.968144],[-119.943935,38.9683],[-119.943891,38.968309],[-119.943713,38.968306],[-119.943558,38.968245],[-119.943509,38.968213],[-119.943425,38.968121],[-119.943373,38.968013],[-119.943337,38.96783],[-119.943344,38.967782],[-119.943368,38.967721],[-119.943446,38.967653],[-119.943517,38.967618],[-119.94365,38.967588],[-119.943722,38.967562],[-119.943866,38.967553],[-119.943978,38.967533],[-119.944104,38.967499],[-119.944279,38.967416],[-119.944353,38.96739],[-119.944411,38.967394],[-119.944455,38.967406],[-119.944495,38.967397],[-119.944631,38.967338],[-119.944777,38.967289],[-119.944812,38.967263],[-119.944841,38.96722],[-119.944848,38.967179],[-119.944781,38.966977],[-119.94473,38.966903],[-119.944645,38.966811],[-119.944479,38.966719],[-119.944344,38.966672],[-119.944229,38.966667],[-119.944035,38.966702],[-119.943924,38.966706],[-119.943867,38.966719],[-119.943784,38.966769],[-119.943675,38.966783],[-119.943446,38.966861],[-119.943305,38.966895],[-119.943255,38.966892],[-119.943203,38.966879],[-119.94312,38.966831],[-119.943058,38.966762],[-119.943048,38.966716],[-119.943058,38.966652],[-119.943079,38.966613],[-119.943162,38.966553],[-119.943187,38.966542],[-119.943218,38.966541],[-119.943236,38.966557],[-119.943256,38.966558],[-119.943313,38.966542],[-119.943367,38.966518],[-119.943401,38.966486],[-119.94342,38.966455],[-119.943429,38.966341],[-119.943421,38.966314],[-119.943371,38.96629],[-119.943314,38.96627],[-119.943243,38.966257],[-119.943116,38.966251],[-119.942984,38.966229],[-119.942942,38.966229],[-119.942859,38.96621],[-119.942837,38.966212],[-119.942814,38.966228],[-119.942812,38.966246],[-119.942838,38.966282],[-119.942833,38.966314],[-119.942854,38.966367],[-119.942848,38.9664],[-119.942824,38.966426],[-119.94275,38.96645],[-119.942742,38.966471],[-119.942756,38.966506],[-119.942829,38.966561],[-119.942884,38.966647],[-119.94296,38.966737],[-119.943019,38.966766],[-119.943055,38.966805],[-119.943163,38.966891],[-119.943265,38.966915],[-119.943329,38.96697],[-119.943371,38.96699],[-119.943553,38.966994],[-119.943589,38.967006],[-119.943619,38.967023],[-119.943666,38.967093],[-119.943708,38.967129],[-119.943743,38.967148],[-119.943857,38.967181],[-119.944101,38.967172],[-119.944221,38.967175],[-119.944275,38.967186],[-119.944321,38.967222],[-119.944352,38.967279],[-119.944367,38.967335],[-119.944361,38.967359],[-119.944304,38.967371],[-119.944162,38.96743],[-119.944082,38.967437],[-119.944002,38.967456],[-119.943842,38.967517],[-119.943673,38.967535],[-119.943661,38.967517],[-119.94366,38.967437],[-119.943646,38.967414],[-119.943616,38.96739],[-119.943464,38.967303],[-119.943307,38.967295],[-119.94317,38.967267],[-119.943118,38.967267],[-119.943049,38.967281],[-119.942964,38.967272],[-119.942793,38.967227],[-119.942631,38.967166],[-119.942434,38.967136],[-119.942301,38.96708],[-119.942262,38.967048],[-119.942224,38.967028],[-119.942144,38.967019],[-119.942049,38.967039],[-119.941977,38.967041],[-119.94189,38.967002],[-119.941818,38.966997],[-119.941748,38.966977],[-119.941644,38.966967],[-119.941581,38.966952],[-119.941473,38.966908],[-119.941348,38.96684],[-119.941144,38.966762],[-119.941068,38.966697],[-119.941019,38.966674],[-119.940898,38.966654],[-119.940854,38.966631],[-119.940642,38.966574],[-119.940574,38.966567],[-119.940539,38.96657],[-119.940459,38.966599],[-119.940418,38.966605],[-119.940284,38.966609],[-119.940232,38.966621],[-119.94021,38.966676],[-119.940264,38.966762],[-119.940263,38.96678],[-119.940247,38.966791],[-119.940243,38.966827],[-119.940189,38.966887],[-119.940098,38.966959],[-119.939997,38.966955],[-119.939913,38.966895],[-119.939803,38.966782],[-119.939703,38.966715],[-119.939655,38.966672],[-119.939615,38.966617],[-119.93957,38.966597],[-119.939518,38.966605],[-119.939417,38.96666],[-119.939341,38.966687],[-119.939203,38.966687],[-119.9391,38.966667],[-119.938935,38.966666],[-119.938839,38.966694],[-119.938765,38.966695],[-119.938685,38.966682],[-119.938465,38.966625],[-119.938308,38.966519],[-119.938265,38.966463],[-119.93822,38.966357],[-119.938104,38.966244],[-119.937899,38.966068],[-119.937724,38.965953],[-119.937662,38.96604],[-119.937805,38.96613],[-119.937917,38.96622],[-119.938165,38.966471],[-119.938239,38.966569],[-119.938333,38.966659],[-119.938439,38.966723],[-119.938547,38.966754],[-119.938726,38.966768],[-119.938793,38.96676],[-119.938842,38.966718],[-119.938957,38.966684],[-119.939012,38.966681],[-119.939134,38.96669],[-119.939245,38.966714],[-119.939342,38.966707],[-119.939414,38.966682],[-119.939469,38.966649],[-119.93953,38.966647],[-119.939557,38.96669],[-119.939604,38.966721],[-119.939642,38.966804],[-119.939711,38.966852],[-119.939778,38.966859],[-119.93985,38.966887],[-119.939854,38.9669],[-119.939827,38.966925],[-119.939701,38.966893],[-119.939644,38.96689],[-119.939599,38.966902],[-119.939603,38.966925],[-119.939657,38.966966],[-119.939791,38.967022],[-119.939839,38.967056],[-119.939869,38.967148],[-119.939907,38.967172],[-119.939939,38.967177],[-119.939974,38.967197],[-119.93998,38.96723],[-119.940008,38.967253],[-119.940079,38.967279],[-119.94015,38.967322],[-119.940222,38.967351],[-119.940297,38.967347],[-119.940345,38.967321],[-119.940373,38.967295],[-119.940381,38.967251],[-119.940362,38.967219],[-119.940272,38.967155],[-119.940195,38.967112],[-119.94014,38.967102],[-119.940121,38.967084],[-119.940129,38.966995],[-119.940148,38.966979],[-119.940174,38.966934],[-119.940237,38.966876],[-119.940323,38.966751],[-119.940274,38.966695],[-119.940278,38.966662],[-119.940297,38.966644],[-119.94034,38.966632],[-119.94044,38.966627],[-119.940546,38.966597],[-119.940626,38.966608],[-119.940713,38.966647],[-119.940813,38.966664],[-119.940838,38.966675],[-119.94091,38.966668],[-119.940953,38.966679],[-119.940984,38.966699],[-119.941011,38.966735],[-119.941078,38.966797],[-119.9411,38.966807],[-119.941205,38.966808],[-119.941305,38.966864],[-119.941434,38.966924],[-119.941624,38.966996],[-119.941847,38.967025],[-119.941974,38.967058],[-119.942018,38.967076],[-119.942069,38.967079],[-119.942209,38.967147],[-119.942238,38.967184],[-119.942285,38.967219],[-119.942399,38.967261],[-119.942427,38.967285],[-119.942458,38.967353],[-119.942513,38.967403],[-119.94259,38.96743],[-119.942795,38.967441],[-119.942848,38.967463],[-119.942852,38.967479],[-119.942817,38.967522],[-119.942793,38.967601],[-119.94279,38.967667],[-119.942754,38.967771],[-119.942755,38.967844],[-119.942776,38.967914],[-119.942818,38.96799],[-119.942876,38.968044],[-119.943127,38.968246],[-119.943167,38.968291],[-119.943271,38.968355],[-119.943293,38.968392],[-119.943335,38.968522],[-119.943369,38.968722],[-119.94343,38.968842],[-119.943455,38.968913],[-119.943461,38.969013],[-119.943436,38.969091],[-119.943413,38.969235],[-119.94339,38.969297],[-119.943362,38.969508],[-119.943332,38.969541],[-119.943287,38.969559],[-119.943265,38.969631],[-119.943235,38.969693],[-119.943244,38.969727],[-119.943275,38.969762],[-119.943404,38.969845],[-119.943505,38.969895],[-119.943593,38.969926],[-119.943703,38.969942],[-119.943785,38.969931],[-119.943873,38.969904],[-119.94392,38.969865],[-119.943979,38.969797],[-119.944029,38.9697],[-119.944098,38.969598],[-119.944104,38.969476],[-119.944136,38.969241],[-119.944188,38.969052],[-119.944236,38.968976],[-119.944293,38.968907],[-119.944362,38.968869],[-119.944478,38.968839],[-119.944662,38.968775],[-119.945071,38.96855],[-119.945263,38.968463],[-119.945338,38.968432],[-119.94546,38.968413],[-119.945638,38.968361],[-119.945775,38.968289],[-119.945831,38.968252],[-119.94585,38.968216],[-119.945855,38.968185],[-119.945843,38.968156],[-119.945731,38.968112],[-119.945791,38.968075],[-119.945981,38.967993],[-119.946173,38.967967],[-119.946203,38.967974],[-119.946202,38.967995],[-119.94618,38.968011],[-119.946166,38.96804],[-119.946177,38.968069],[-119.94622,38.968083],[-119.946254,38.968085],[-119.946421,38.968156],[-119.946577,38.968199],[-119.946634,38.968196],[-119.94672,38.96817],[-119.946835,38.968109],[-119.946901,38.968062],[-119.946949,38.968015],[-119.94697,38.967966],[-119.946949,38.967872],[-119.946921,38.967819],[-119.946823,38.967773],[-119.946825,38.967757],[-119.946873,38.96772],[-119.946927,38.967692],[-119.946975,38.967702],[-119.947022,38.967656],[-119.947177,38.967598],[-119.947256,38.967537],[-119.947297,38.967494],[-119.947324,38.967443],[-119.947359,38.967337],[-119.947387,38.96731],[-119.947462,38.967278],[-119.947459,38.967255],[-119.947468,38.967231],[-119.947529,38.967165],[-119.947621,38.967044],[-119.947729,38.96699],[-119.947816,38.966918],[-119.947854,38.966896],[-119.947998,38.966869],[-119.948068,38.966879],[-119.948112,38.966876],[-119.948171,38.966839],[-119.948224,38.966823],[-119.948294,38.966821],[-119.948361,38.966832],[-119.948393,38.966849],[-119.948418,38.966879],[-119.94847,38.966984],[-119.948498,38.967014],[-119.948606,38.967057],[-119.948711,38.967143],[-119.948747,38.967192],[-119.948797,38.967296],[-119.948727,38.967368],[-119.948715,38.967449],[-119.948723,38.967474],[-119.94879,38.967549],[-119.948817,38.967619],[-119.948789,38.967661],[-119.948773,38.96771],[-119.948777,38.967749],[-119.948834,38.967834],[-119.948893,38.967866]]]}},{"type":"Feature","properties":{"k":"water"},"geometry":{"type":"Polygon","coordinates":[[[-119.94248,38.965878],[-119.942549,38.965925],[-119.942656,38.965963],[-119.942756,38.965967],[-119.942897,38.965943],[-119.942924,38.965949],[-119.942997,38.966067],[-119.943027,38.966094],[-119.943043,38.966135],[-119.943035,38.96619],[-119.942984,38.966229],[-119.943082,38.966245],[-119.943069,38.966217],[-119.943095,38.966135],[-119.943087,38.966101],[-119.942997,38.965985],[-119.942962,38.965923],[-119.943208,38.965761],[-119.943226,38.965732],[-119.94321,38.965688],[-119.942993,38.965555],[-119.942819,38.965506],[-119.94274,38.965491],[-119.942694,38.96547],[-119.942676,38.96545],[-119.942656,38.965336],[-119.942637,38.965296],[-119.942597,38.965254],[-119.942556,38.965228],[-119.942496,38.965207],[-119.94235,38.965197],[-119.942267,38.965208],[-119.942181,38.965239],[-119.942055,38.965301],[-119.941978,38.965352],[-119.941819,38.965483],[-119.941566,38.965584],[-119.941518,38.965613],[-119.941496,38.965641],[-119.941499,38.965694],[-119.941522,38.96572],[-119.941617,38.965757],[-119.941718,38.96577],[-119.941999,38.965782],[-119.942255,38.965762],[-119.942322,38.965764],[-119.942388,38.96579],[-119.94248,38.965878]]]}},{"type":"Feature","properties":{"k":"path"},"geometry":{"type":"LineString","coordinates":[[-119.944007,38.96744],[-119.94399,38.967408],[-119.943955,38.967382],[-119.94389,38.96735],[-119.943602,38.967279],[-119.943551,38.967247],[-119.943489,38.967138],[-119.943423,38.967055],[-119.943344,38.967022],[-119.943119,38.966949],[-119.943032,38.966883],[-119.942749,38.966633],[-119.942622,38.96657],[-119.942277,38.966471],[-119.942082,38.966395],[-119.942015,38.966379],[-119.941834,38.96637],[-119.941626,38.96638],[-119.941529,38.966368],[-119.941307,38.966309],[-119.941053,38.9663],[-119.940978,38.966282],[-119.940902,38.966242],[-119.940738,38.966201],[-119.940043,38.966253],[-119.939892,38.966319],[-119.939817,38.966418],[-119.93977,38.966536],[-119.939792,38.966622],[-119.939853,38.966731],[-119.939935,38.966817],[-119.940008,38.966883],[-119.940086,38.96692]]}},{"type":"Feature","properties":{"k":"path"},"geometry":{"type":"LineString","coordinates":[[-119.947094,38.967562],[-119.947077,38.967511],[-119.947072,38.967449],[-119.947038,38.967391],[-119.946892,38.967286],[-119.946717,38.967218],[-119.946627,38.967204],[-119.946533,38.967206],[-119.946443,38.967219],[-119.946353,38.967237],[-119.9461,38.967313],[-119.946041,38.967324],[-119.945975,38.967322],[-119.945719,38.967384],[-119.945495,38.967409],[-119.94506,38.967528],[-119.944725,38.967643],[-119.944541,38.967671],[-119.944366,38.967676],[-119.944245,38.96766],[-119.94417,38.967629],[-119.944096,38.967577],[-119.944056,38.967529]]}},{"type":"Feature","properties":{"k":"path"},"geometry":{"type":"LineString","coordinates":[[-119.947072,38.96767],[-119.947036,38.967997],[-119.947034,38.968237],[-119.947064,38.968291],[-119.947071,38.968549],[-119.946859,38.969141],[-119.946768,38.969292],[-119.946662,38.9695],[-119.94659,38.969604],[-119.946438,38.969894],[-119.94628,38.970296],[-119.946076,38.970524],[-119.94571,38.970904],[-119.94532,38.971182],[-119.945189,38.971319],[-119.945061,38.971423],[-119.944883,38.971494],[-119.944858,38.971512],[-119.944867,38.971552],[-119.944907,38.971584],[-119.945138,38.971624],[-119.945602,38.97173],[-119.94613,38.971782],[-119.946289,38.971822],[-119.946555,38.971921],[-119.946674,38.971991],[-119.946773,38.972008],[-119.947027,38.972072],[-119.947233,38.972136],[-119.947411,38.972236],[-119.947897,38.972458],[-119.948098,38.972562],[-119.94889,38.972879],[-119.949087,38.972941],[-119.949171,38.97296],[-119.949551,38.973014],[-119.949911,38.973082],[-119.950059,38.973086],[-119.950139,38.973069],[-119.950174,38.973029],[-119.95019,38.972995],[-119.950192,38.972854],[-119.950169,38.97271],[-119.950118,38.972594],[-119.950061,38.972507],[-119.949991,38.972348],[-119.949964,38.972258],[-119.949885,38.972094],[-119.949793,38.971979],[-119.949713,38.971916],[-119.949651,38.971849],[-119.949624,38.971796],[-119.949615,38.971741],[-119.949631,38.971685],[-119.949686,38.971576],[-119.94968,38.971498],[-119.949653,38.971465],[-119.949614,38.971432],[-119.949569,38.971424],[-119.949397,38.971432],[-119.949241,38.971448],[-119.949125,38.971479],[-119.949043,38.971543],[-119.948972,38.97166],[-119.948921,38.971656],[-119.948898,38.971641],[-119.948904,38.971474],[-119.948999,38.971067],[-119.949034,38.970814],[-119.949075,38.970684],[-119.949163,38.970552],[-119.949283,38.970252],[-119.949354,38.969981],[-119.949381,38.969833],[-119.949393,38.96967],[-119.949358,38.969487],[-119.949277,38.969281],[-119.949279,38.969168],[-119.949362,38.968796],[-119.949366,38.968589],[-119.949354,38.968547],[-119.949465,38.968124],[-119.94949,38.967929],[-119.949556,38.967616],[-119.949534,38.967343],[-119.949488,38.967221],[-119.949335,38.967041],[-119.949238,38.966999],[-119.949059,38.966985]]}},{"type":"Feature","properties":{"k":"path"},"geometry":{"type":"LineString","coordinates":[[-119.947069,38.9677],[-119.947384,38.96763],[-119.947458,38.967597],[-119.947514,38.967544],[-119.947579,38.967461],[-119.94772,38.967343],[-119.947861,38.967251],[-119.947989,38.967185],[-119.948079,38.967164],[-119.948337,38.967155],[-119.948422,38.967131],[-119.948482,38.967094],[-119.94851,38.967059]]}},{"type":"Feature","properties":{"k":"path"},"geometry":{"type":"LineString","coordinates":[[-119.942989,38.966165],[-119.942928,38.966162],[-119.942857,38.966148],[-119.942761,38.966158],[-119.942644,38.966186],[-119.942428,38.966211],[-119.942358,38.966227],[-119.942298,38.966229],[-119.942044,38.966194],[-119.941748,38.966248],[-119.941644,38.966258],[-119.941548,38.966252],[-119.941339,38.966202],[-119.941257,38.966193],[-119.941049,38.966201],[-119.940738,38.966201],[-119.940306,38.966137],[-119.93996,38.966076],[-119.939647,38.966004],[-119.93957,38.966006],[-119.939527,38.96602],[-119.939498,38.966047],[-119.939404,38.966225],[-119.939316,38.966309],[-119.939251,38.96634],[-119.938994,38.966426],[-119.938961,38.966469],[-119.938881,38.966627]]}},{"type":"Feature","properties":{"k":"path"},"geometry":{"type":"LineString","coordinates":[[-119.940172,38.966975],[-119.940451,38.967179],[-119.940582,38.967241],[-119.940678,38.967307],[-119.940779,38.967431],[-119.940903,38.967614],[-119.941312,38.968182],[-119.941647,38.968298],[-119.941802,38.968366],[-119.94191,38.968464],[-119.942137,38.968736],[-119.942258,38.968848],[-119.942372,38.968997],[-119.942469,38.969185],[-119.94254,38.969358],[-119.942596,38.969534],[-119.942605,38.969685],[-119.942678,38.970146],[-119.942648,38.970213],[-119.942539,38.97033],[-119.942524,38.970417],[-119.942578,38.970469],[-119.942707,38.970494],[-119.942787,38.970548],[-119.942793,38.970713],[-119.942824,38.97078],[-119.94288,38.970835],[-119.942948,38.970876],[-119.943101,38.970945],[-119.943162,38.971002],[-119.943201,38.97106],[-119.943243,38.971099],[-119.943354,38.971116],[-119.943505,38.971053],[-119.943584,38.970982],[-119.943756,38.970767],[-119.94398,38.970448],[-119.94411,38.970213],[-119.944203,38.970086],[-119.944261,38.970037],[-119.944711,38.969781],[-119.944802,38.969712],[-119.944874,38.969629],[-119.94492,38.969537],[-119.944986,38.969449],[-119.945309,38.969258],[-119.945447,38.969037],[-119.945581,38.968922],[-119.945759,38.968803],[-119.945969,38.968726],[-119.946166,38.96864],[-119.946288,38.968558],[-119.946489,38.968404],[-119.946655,38.968336],[-119.94681,38.968252],[-119.946875,38.96823],[-119.946924,38.968226],[-119.947034,38.968237]]}},{"type":"Feature","properties":{"k":"green"},"geometry":{"type":"Polygon","coordinates":[[[-119.946128,38.968439],[-119.946156,38.968467],[-119.946194,38.968475],[-119.946251,38.968468],[-119.946296,38.968441],[-119.946327,38.968395],[-119.946316,38.968353],[-119.946297,38.968326],[-119.946214,38.9683],[-119.946107,38.968307],[-119.946047,38.968322],[-119.945962,38.968371],[-119.945958,38.968397],[-119.945972,38.968416],[-119.946073,38.968416],[-119.946101,38.968422],[-119.946128,38.968439]]]}},{"type":"Feature","properties":{"k":"tee"},"geometry":{"type":"Polygon","coordinates":[[[-119.948279,38.966924],[-119.948301,38.966935],[-119.948338,38.966929],[-119.948352,38.966902],[-119.948342,38.966883],[-119.948318,38.966873],[-119.948291,38.966876],[-119.94827,38.966903],[-119.948279,38.966924]]]}},{"type":"Feature","properties":{"k":"tee"},"geometry":{"type":"Polygon","coordinates":[[[-119.947929,38.967121],[-119.947957,38.967116],[-119.948084,38.967057],[-119.948095,38.967037],[-119.948089,38.967017],[-119.948051,38.967005],[-119.947913,38.967006],[-119.947864,38.967022],[-119.947847,38.967045],[-119.947845,38.967068],[-119.947862,38.967105],[-119.947881,38.967115],[-119.947929,38.967121]]]}},{"type":"Feature","properties":{"k":"tee"},"geometry":{"type":"Polygon","coordinates":[[[-119.947676,38.967244],[-119.947721,38.967227],[-119.947747,38.967195],[-119.947742,38.967169],[-119.947712,38.967145],[-119.947667,38.967145],[-119.947639,38.967153],[-119.947613,38.967178],[-119.947625,38.96723],[-119.947637,38.96724],[-119.947676,38.967244]]]}},{"type":"Feature","properties":{"k":"tee"},"geometry":{"type":"Polygon","coordinates":[[[-119.947413,38.96743],[-119.947456,38.967426],[-119.947475,38.967413],[-119.94748,38.96738],[-119.947462,38.967356],[-119.947415,38.967353],[-119.947388,38.967361],[-119.947374,38.967376],[-119.947371,38.967408],[-119.947396,38.967426],[-119.947413,38.96743]]]}},{"type":"Feature","properties":{"k":"green"},"geometry":{"type":"Polygon","coordinates":[[[-119.943993,38.968154],[-119.944022,38.968134],[-119.944146,38.968097],[-119.944178,38.968078],[-119.944185,38.968065],[-119.944169,38.968025],[-119.944133,38.967994],[-119.944078,38.967959],[-119.944049,38.96795],[-119.943952,38.96795],[-119.943889,38.967964],[-119.943841,38.967996],[-119.943795,38.968045],[-119.94377,38.968095],[-119.943772,38.968151],[-119.943791,38.968181],[-119.943815,38.968202],[-119.943844,38.968212],[-119.943906,38.968211],[-119.943993,38.968154]]]}},{"type":"Feature","properties":{"k":"bunker"},"geometry":{"type":"Polygon","coordinates":[[[-119.94542,38.967678],[-119.945451,38.967673],[-119.945482,38.967656],[-119.945541,38.967664],[-119.945707,38.967624],[-119.945742,38.967607],[-119.945749,38.967594],[-119.945752,38.967576],[-119.945743,38.967558],[-119.945708,38.967536],[-119.94555,38.967526],[-119.945481,38.967549],[-119.94543,38.967587],[-119.945344,38.967586],[-119.945306,38.967596],[-119.945295,38.967609],[-119.945292,38.967639],[-119.945313,38.96767],[-119.945354,38.96768],[-119.94542,38.967678]]]}},{"type":"Feature","properties":{"k":"bunker"},"geometry":{"type":"Polygon","coordinates":[[[-119.943818,38.967951],[-119.94387,38.967928],[-119.943939,38.967939],[-119.943964,38.967937],[-119.943984,38.967921],[-119.943987,38.967901],[-119.943964,38.967875],[-119.943947,38.967867],[-119.943876,38.967852],[-119.943845,38.967858],[-119.943801,38.967888],[-119.943743,38.967906],[-119.943731,38.967926],[-119.943737,38.967954],[-119.943756,38.967969],[-119.943787,38.96797],[-119.943818,38.967951]]]}},{"type":"Feature","properties":{"k":"tee"},"geometry":{"type":"Polygon","coordinates":[[[-119.944582,38.967528],[-119.944612,38.967528],[-119.944631,38.967516],[-119.944633,38.967498],[-119.944616,38.967481],[-119.94459,38.967479],[-119.944571,38.967489],[-119.944564,38.967514],[-119.944582,38.967528]]]}},{"type":"Feature","properties":{"k":"tee"},"geometry":{"type":"Polygon","coordinates":[[[-119.94402,38.967346],[-119.944071,38.96736],[-119.944106,38.967359],[-119.944124,38.967352],[-119.944139,38.967323],[-119.944124,38.9673],[-119.944105,38.967287],[-119.944029,38.967271],[-119.944,38.967282],[-119.943984,38.967306],[-119.943996,38.967332],[-119.94402,38.967346]]]}},{"type":"Feature","properties":{"k":"tee"},"geometry":{"type":"Polygon","coordinates":[[[-119.9436,38.967262],[-119.943651,38.967259],[-119.943676,38.967234],[-119.943665,38.967196],[-119.943627,38.967179],[-119.943586,38.96718],[-119.943553,38.967199],[-119.943559,38.967234],[-119.943577,38.967254],[-119.9436,38.967262]]]}},{"type":"Feature","properties":{"k":"green"},"geometry":{"type":"Polygon","coordinates":[[[-119.940492,38.966533],[-119.940577,38.96648],[-119.940579,38.966441],[-119.940538,38.966396],[-119.940456,38.966374],[-119.94036,38.966377],[-119.940295,38.966397],[-119.940244,38.966422],[-119.940213,38.966451],[-119.940186,38.966501],[-119.940187,38.966523],[-119.940197,38.966535],[-119.940246,38.966561],[-119.940283,38.966564],[-119.940409,38.966562],[-119.940492,38.966533]]]}},{"type":"Feature","properties":{"k":"fairway"},"geometry":{"type":"Polygon","coordinates":[[[-119.940837,38.966547],[-119.940647,38.9665],[-119.940563,38.966493],[-119.940577,38.96648],[-119.940579,38.966441],[-119.940538,38.966396],[-119.940673,38.966372],[-119.940804,38.966339],[-119.940902,38.966334],[-119.94098,38.966347],[-119.941275,38.966428],[-119.941444,38.966464],[-119.941827,38.966483],[-119.941962,38.9665],[-119.942168,38.966556],[-119.942569,38.966688],[-119.942777,38.966779],[-119.942828,38.966816],[-119.942899,38.966897],[-119.94292,38.966942],[-119.94293,38.966991],[-119.942925,38.967033],[-119.942907,38.967064],[-119.942876,38.967093],[-119.942842,38.967107],[-119.942805,38.967119],[-119.942727,38.967114],[-119.942178,38.966903],[-119.9421,38.966891],[-119.941981,38.966886],[-119.941841,38.96689],[-119.941739,38.966878],[-119.94165,38.966856],[-119.941525,38.966812],[-119.941087,38.966624],[-119.940932,38.96657],[-119.940837,38.966547]]]}},{"type":"Feature","properties":{"k":"tee"},"geometry":{"type":"Polygon","coordinates":[[[-119.939863,38.966567],[-119.939912,38.966561],[-119.939918,38.966546],[-119.939903,38.966529],[-119.939851,38.96652],[-119.939826,38.966533],[-119.939828,38.966557],[-119.939863,38.966567]]]}},{"type":"Feature","properties":{"k":"tee"},"geometry":{"type":"Polygon","coordinates":[[[-119.940003,38.966781],[-119.940048,38.966776],[-119.940059,38.966766],[-119.940061,38.966747],[-119.940055,38.966728],[-119.940032,38.966709],[-119.939981,38.966702],[-119.939957,38.966713],[-119.939952,38.966743],[-119.939968,38.966767],[-119.940003,38.966781]]]}},{"type":"Feature","properties":{"k":"tee"},"geometry":{"type":"Polygon","coordinates":[[[-119.940088,38.966847],[-119.94013,38.966857],[-119.940156,38.966847],[-119.940166,38.966803],[-119.940152,38.966777],[-119.940096,38.966768],[-119.940068,38.966784],[-119.940062,38.966827],[-119.940088,38.966847]]]}},{"type":"Feature","properties":{"k":"tee"},"geometry":{"type":"Polygon","coordinates":[[[-119.940317,38.966948],[-119.940354,38.966946],[-119.940387,38.966917],[-119.940391,38.966893],[-119.940365,38.96686],[-119.940348,38.966856],[-119.940314,38.966861],[-119.940301,38.966866],[-119.940283,38.96689],[-119.940285,38.966926],[-119.940317,38.966948]]]}},{"type":"Feature","properties":{"k":"fairway"},"geometry":{"type":"Polygon","coordinates":[[[-119.943135,38.970095],[-119.943109,38.97016],[-119.943117,38.970197],[-119.943081,38.970169],[-119.943008,38.970162],[-119.943028,38.97014],[-119.943023,38.970101],[-119.942936,38.969958],[-119.942919,38.969899],[-119.942914,38.969794],[-119.942928,38.969668],[-119.942954,38.969633],[-119.943029,38.969571],[-119.943063,38.969527],[-119.943072,38.969491],[-119.943071,38.969423],[-119.943049,38.969388],[-119.942938,38.969315],[-119.942859,38.969251],[-119.942814,38.96916],[-119.942816,38.969017],[-119.942802,38.968912],[-119.942711,38.968714],[-119.942621,38.968592],[-119.942296,38.96822],[-119.942267,38.968178],[-119.942248,38.968055],[-119.942223,38.967995],[-119.942155,38.967893],[-119.942101,38.967857],[-119.942035,38.967837],[-119.94186,38.967803],[-119.941783,38.967774],[-119.941602,38.967659],[-119.94155,38.967631],[-119.94149,38.967611],[-119.941453,38.967584],[-119.941433,38.967511],[-119.941443,38.967484],[-119.941461,38.967456],[-119.941493,38.967429],[-119.941542,38.967409],[-119.941596,38.967408],[-119.941677,38.967421],[-119.941927,38.967558],[-119.942154,38.967644],[-119.942313,38.967715],[-119.942368,38.967781],[-119.942443,38.967905],[-119.942505,38.967986],[-119.942567,38.968045],[-119.942784,38.968144],[-119.942886,38.968212],[-119.942988,38.968307],[-119.943184,38.968543],[-119.943255,38.968688],[-119.94328,38.968825],[-119.94334,38.969022],[-119.943343,38.969159],[-119.943332,38.969292],[-119.94327,38.969428],[-119.943227,38.969489],[-119.943191,38.969559],[-119.943174,38.969644],[-119.94317,38.969735],[-119.943178,38.96996],[-119.943135,38.970095]]]}},{"type":"Feature","properties":{"k":"tee"},"geometry":{"type":"Polygon","coordinates":[[[-119.941615,38.970139],[-119.941642,38.970152],[-119.941666,38.970153],[-119.941692,38.970142],[-119.941698,38.97012],[-119.941683,38.970095],[-119.941638,38.970076],[-119.941605,38.970081],[-119.941594,38.970106],[-119.941615,38.970139]]]}},{"type":"Feature","properties":{"k":"bunker"},"geometry":{"type":"Polygon","coordinates":[[[-119.938341,38.968585],[-119.938349,38.968601],[-119.938362,38.968608],[-119.938412,38.968612],[-119.93844,38.968605],[-119.938463,38.96858],[-119.938455,38.968525],[-119.938393,38.968478],[-119.938353,38.968464],[-119.938307,38.968483],[-119.938272,38.968481],[-119.938244,38.968491],[-119.938229,38.968532],[-119.938232,38.968551],[-119.938253,38.968579],[-119.938234,38.968606],[-119.938255,38.968629],[-119.938289,38.968632],[-119.938322,38.968617],[-119.938329,38.968597],[-119.938313,38.96856],[-119.938329,38.968549],[-119.938344,38.968554],[-119.938341,38.968585]]]}},{"type":"Feature","properties":{"k":"path"},"geometry":{"type":"LineString","coordinates":[[-119.942584,38.97096],[-119.942417,38.970886],[-119.94226,38.970805],[-119.94216,38.970763],[-119.942003,38.97072],[-119.941826,38.970615],[-119.941501,38.970466],[-119.941309,38.970387],[-119.94119,38.970354],[-119.941031,38.970296],[-119.940776,38.970157],[-119.940559,38.970084],[-119.940392,38.969992],[-119.939719,38.969702],[-119.939539,38.969538],[-119.939452,38.969478],[-119.939307,38.969411],[-119.939192,38.969378],[-119.939039,38.969348],[-119.93884,38.96929],[-119.938796,38.969242],[-119.938739,38.969145],[-119.938703,38.969104],[-119.938487,38.968967],[-119.938343,38.96881],[-119.93822,38.968748],[-119.938152,38.968705],[-119.938059,38.96861],[-119.937851,38.968289],[-119.937813,38.968149],[-119.937752,38.967996],[-119.937753,38.967964],[-119.937773,38.967932],[-119.93784,38.967892],[-119.938079,38.967878]]}},{"type":"Feature","properties":{"k":"path"},"geometry":{"type":"LineString","coordinates":[[-119.938245,38.967854],[-119.93835,38.967834],[-119.938484,38.967795],[-119.938549,38.967747],[-119.938571,38.96771],[-119.938586,38.967638],[-119.938584,38.967549],[-119.938644,38.967299],[-119.938667,38.967238]]}},{"type":"Feature","properties":{"k":"bunker"},"geometry":{"type":"Polygon","coordinates":[[[-119.938187,38.968343],[-119.93823,38.968322],[-119.93825,38.96832],[-119.938289,38.968328],[-119.938308,38.968341],[-119.938345,38.968338],[-119.938365,38.968313],[-119.938357,38.968263],[-119.938326,38.968251],[-119.938276,38.968263],[-119.938259,38.968247],[-119.938238,38.968242],[-119.938207,38.968252],[-119.938194,38.968284],[-119.938179,38.968286],[-119.938152,38.968269],[-119.938134,38.968269],[-119.938117,38.968278],[-119.93811,38.968302],[-119.938119,38.968321],[-119.938137,38.968336],[-119.938187,38.968343]]]}},{"type":"Feature","properties":{"k":"water"},"geometry":{"type":"Polygon","coordinates":[[[-119.938248,38.967889],[-119.938013,38.967804],[-119.937941,38.967796],[-119.937872,38.967798],[-119.93779,38.96783],[-119.937731,38.967842],[-119.937698,38.967881],[-119.937628,38.967918],[-119.937588,38.967929],[-119.937538,38.96796],[-119.937541,38.967973],[-119.937563,38.967977],[-119.9377,38.967895],[-119.937748,38.967849],[-119.937822,38.967838],[-119.937861,38.967824],[-119.937894,38.967819],[-119.938122,38.967865],[-119.938387,38.967989],[-119.93844,38.968031],[-119.938484,38.968097],[-119.93855,38.968156],[-119.93856,38.968207],[-119.938652,38.968361],[-119.938718,38.968437],[-119.938819,38.968498],[-119.93898,38.96855],[-119.939091,38.968665],[-119.939121,38.968685],[-119.939152,38.968689],[-119.939199,38.968666],[-119.939269,38.968572],[-119.939348,38.96844],[-119.939431,38.968332],[-119.939493,38.968289],[-119.939594,38.968238],[-119.93971,38.968223],[-119.939899,38.968228],[-119.940086,38.96826],[-119.940573,38.968446],[-119.940636,38.968511],[-119.940804,38.968894],[-119.940879,38.969018],[-119.940939,38.969096],[-119.941072,38.969241],[-119.941135,38.969295],[-119.94123,38.969333],[-119.941321,38.96935],[-119.94142,38.969357],[-119.941491,38.969345],[-119.941508,38.96931],[-119.941509,38.969285],[-119.941316,38.969267],[-119.941208,38.969234],[-119.941136,38.969177],[-119.940912,38.968955],[-119.940918,38.968883],[-119.940834,38.968793],[-119.940762,38.968691],[-119.940707,38.968544],[-119.940662,38.968447],[-119.940634,38.968412],[-119.940508,38.968391],[-119.940365,38.968331],[-119.940184,38.968234],[-119.940115,38.968214],[-119.939989,38.968193],[-119.939868,38.968184],[-119.939717,38.968186],[-119.939616,38.968177],[-119.939543,38.968185],[-119.939464,38.968207],[-119.939411,38.968253],[-119.939267,38.968456],[-119.939189,38.9686],[-119.939158,38.968632],[-119.939135,38.968638],[-119.939097,38.968623],[-119.939077,38.968587],[-119.939034,38.968546],[-119.938806,38.968457],[-119.938698,38.968356],[-119.938641,38.968278],[-119.938597,38.968192],[-119.93859,38.96815],[-119.938507,38.968071],[-119.938457,38.967998],[-119.938364,38.967942],[-119.938248,38.967889]]]}},{"type":"Feature","properties":{"k":"tee"},"geometry":{"type":"Polygon","coordinates":[[[-119.93787,38.968004],[-119.937906,38.968033],[-119.937944,38.968036],[-119.937964,38.96803],[-119.937985,38.968019],[-119.938004,38.967993],[-119.937997,38.967961],[-119.93795,38.967938],[-119.937899,38.967941],[-119.937869,38.967961],[-119.93787,38.968004]]]}},{"type":"Feature","properties":{"k":"tee"},"geometry":{"type":"Polygon","coordinates":[[[-119.938321,38.967732],[-119.938289,38.967719],[-119.938221,38.967707],[-119.938142,38.967707],[-119.938101,38.96773],[-119.938091,38.967769],[-119.938111,38.96779],[-119.93814,38.967797],[-119.938293,38.967807],[-119.938322,38.967797],[-119.938336,38.967776],[-119.938321,38.967732]]]}},{"type":"Feature","properties":{"k":"fairway"},"geometry":{"type":"Polygon","coordinates":[[[-119.948683,38.970235],[-119.948654,38.970296],[-119.948645,38.97036],[-119.948648,38.970411],[-119.948679,38.970453],[-119.948746,38.970488],[-119.948799,38.9705],[-119.948853,38.970502],[-119.948947,38.970494],[-119.949014,38.970456],[-119.949046,38.970414],[-119.949055,38.97022],[-119.949046,38.970059],[-119.94908,38.969891],[-119.949106,38.969619],[-119.949074,38.969432],[-119.94908,38.969304],[-119.949011,38.969192],[-119.948986,38.969017],[-119.948995,38.968936],[-119.949017,38.968875],[-119.949068,38.968823],[-119.949093,38.968784],[-119.949096,38.968715],[-119.949074,38.968603],[-119.949063,38.96845],[-119.949084,38.968325],[-119.949118,38.96821],[-119.949163,38.968133],[-119.949286,38.968034],[-119.949329,38.967982],[-119.949339,38.967949],[-119.949338,38.967915],[-119.949314,38.967859],[-119.949334,38.967822],[-119.94937,38.967796],[-119.94929,38.967794],[-119.949251,38.967778],[-119.949234,38.967755],[-119.94919,38.967861],[-119.948942,38.968041],[-119.948905,38.968081],[-119.948881,38.968129],[-119.948812,38.968364],[-119.948814,38.968434],[-119.948799,38.968505],[-119.948711,38.968632],[-119.948692,38.968706],[-119.94871,38.968775],[-119.948777,38.968912],[-119.948771,38.968961],[-119.94873,38.969032],[-119.94868,38.969458],[-119.948692,38.969512],[-119.948709,38.969537],[-119.948739,38.969555],[-119.948787,38.969609],[-119.948828,38.96968],[-119.948831,38.969842],[-119.94878,38.970043],[-119.948713,38.970188],[-119.948683,38.970235]]]}},{"type":"Feature","properties":{"k":"bunker"},"geometry":{"type":"Polygon","coordinates":[[[-119.948357,38.970338],[-119.948313,38.970357],[-119.948313,38.970387],[-119.948339,38.970411],[-119.948376,38.970411],[-119.948417,38.970397],[-119.94845,38.970372],[-119.948459,38.970355],[-119.948465,38.970331],[-119.948449,38.970303],[-119.948477,38.970225],[-119.948462,38.970191],[-119.948424,38.970176],[-119.948386,38.970181],[-119.948364,38.970205],[-119.948357,38.970235],[-119.948364,38.970272],[-119.948383,38.970299],[-119.948376,38.970321],[-119.948357,38.970338]]]}},{"type":"Feature","properties":{"k":"fairway"},"geometry":{"type":"Polygon","coordinates":[[[-119.948313,38.970323],[-119.948335,38.970068],[-119.948061,38.970068],[-119.948054,38.970323],[-119.948313,38.970323]]]}},{"type":"Feature","properties":{"k":"fairway"},"geometry":{"type":"Polygon","coordinates":[[[-119.948073,38.970019],[-119.948424,38.969999],[-119.948408,38.969916],[-119.948051,38.969935],[-119.948073,38.970019]]]}},{"type":"Feature","properties":{"k":"rough"},"geometry":{"type":"Polygon","coordinates":[[[-119.948512,38.970046],[-119.948578,38.969763],[-119.94854,38.969579],[-119.948449,38.969405],[-119.948477,38.969142],[-119.948471,38.968983],[-119.94839,38.968884],[-119.948408,38.968764],[-119.948402,38.968679],[-119.948348,38.968625],[-119.94855,38.967761],[-119.947669,38.96765],[-119.947486,38.967635],[-119.947126,38.967686],[-119.947091,38.96804],[-119.94717,38.968534],[-119.947215,38.968555],[-119.94724,38.968533],[-119.94726,38.968409],[-119.947287,38.968349],[-119.947352,38.968328],[-119.947404,38.968337],[-119.947445,38.96836],[-119.947497,38.968441],[-119.947621,38.968579],[-119.947767,38.968688],[-119.947792,38.968956],[-119.947874,38.969383],[-119.947865,38.969749],[-119.947928,38.970051],[-119.948512,38.970046]]]}},{"type":"Feature","properties":{"k":"green"},"geometry":{"type":"Polygon","coordinates":[[[-119.948177,38.968941],[-119.948133,38.968956],[-119.94811,38.968988],[-119.948118,38.969025],[-119.948133,38.96904],[-119.948176,38.969054],[-119.948222,38.969045],[-119.94824,38.969033],[-119.948255,38.968998],[-119.948241,38.968963],[-119.948223,38.96895],[-119.948177,38.968941]]]}},{"type":"Feature","properties":{"k":"green"},"geometry":{"type":"Polygon","coordinates":[[[-119.947975,38.968731],[-119.947918,38.968734],[-119.947893,38.968746],[-119.947867,38.968786],[-119.947879,38.968829],[-119.947924,38.968857],[-119.94795,38.96886],[-119.947999,38.968849],[-119.94803,38.968818],[-119.948033,38.968778],[-119.948021,38.968757],[-119.947975,38.968731]]]}},{"type":"Feature","properties":{"k":"green"},"geometry":{"type":"Polygon","coordinates":[[[-119.948141,38.968568],[-119.948125,38.968622],[-119.948146,38.968644],[-119.948181,38.968657],[-119.948233,38.968645],[-119.948252,38.96859],[-119.948252,38.968551],[-119.948217,38.968519],[-119.948166,38.968524],[-119.948141,38.968568]]]}},{"type":"Feature","properties":{"k":"green"},"geometry":{"type":"Polygon","coordinates":[[[-119.947768,38.968328],[-119.947748,38.968372],[-119.947767,38.968416],[-119.947788,38.968432],[-119.947847,38.968445],[-119.947904,38.968426],[-119.947923,38.968407],[-119.947933,38.968361],[-119.947903,38.968319],[-119.947849,38.968301],[-119.947818,38.968303],[-119.947768,38.968328]]]}},{"type":"Feature","properties":{"k":"green"},"geometry":{"type":"Polygon","coordinates":[[[-119.948231,38.968093],[-119.948197,38.968097],[-119.948142,38.968127],[-119.948122,38.968177],[-119.948147,38.968227],[-119.948173,38.968245],[-119.948206,38.968255],[-119.948241,38.968256],[-119.948275,38.968248],[-119.948303,38.968232],[-119.948323,38.968209],[-119.948332,38.968183],[-119.948317,38.968132],[-119.948294,38.968112],[-119.948231,38.968093]]]}},{"type":"Feature","properties":{"k":"green"},"geometry":{"type":"Polygon","coordinates":[[[-119.948035,38.968053],[-119.948124,38.968038],[-119.948177,38.968009],[-119.948177,38.967961],[-119.948143,38.967928],[-119.948063,38.967907],[-119.948013,38.967915],[-119.947969,38.96795],[-119.94796,38.967989],[-119.947988,38.968033],[-119.948035,38.968053]]]}},{"type":"Feature","properties":{"k":"green"},"geometry":{"type":"Polygon","coordinates":[[[-119.947281,38.968063],[-119.947395,38.967999],[-119.947445,38.967932],[-119.947432,38.967883],[-119.947395,38.967851],[-119.947334,38.967849],[-119.947262,38.967878],[-119.947211,38.967925],[-119.947189,38.967972],[-119.947192,38.968016],[-119.947208,38.96805],[-119.947281,38.968063]]]}},{"type":"Feature","properties":{"k":"rough"},"geometry":{"type":"Polygon","coordinates":[[[-119.948668,38.967603],[-119.948669,38.967671],[-119.948612,38.967722],[-119.9476,38.967611],[-119.94753,38.967594],[-119.947544,38.967506],[-119.947896,38.967262],[-119.948004,38.967228],[-119.948266,38.967243],[-119.948563,38.96727],[-119.948604,38.967308],[-119.9486,38.967459],[-119.948623,38.967537],[-119.948668,38.967603]]]}},{"type":"Feature","properties":{"k":"green"},"geometry":{"type":"Polygon","coordinates":[[[-119.949252,38.967686],[-119.949236,38.96771],[-119.949232,38.967737],[-119.949234,38.967755],[-119.949251,38.967778],[-119.949316,38.967799],[-119.94937,38.967796],[-119.949403,38.967785],[-119.949425,38.967762],[-119.949435,38.967737],[-119.949432,38.967712],[-119.94941,38.967691],[-119.949377,38.967632],[-119.949374,38.967595],[-119.949393,38.96756],[-119.949388,38.967534],[-119.949343,38.967493],[-119.949297,38.967471],[-119.94925,38.967454],[-119.949205,38.967454],[-119.949115,38.967486],[-119.949091,38.96751],[-119.949094,38.967528],[-119.94911,38.967546],[-119.949226,38.967616],[-119.949253,38.967648],[-119.949252,38.967686]]]}},{"type":"Feature","properties":{"k":"bunker"},"geometry":{"type":"Polygon","coordinates":[[[-119.949123,38.96736],[-119.949058,38.967394],[-119.949051,38.967411],[-119.94907,38.967449],[-119.949097,38.967451],[-119.94915,38.96743],[-119.949193,38.967428],[-119.949213,38.967409],[-119.949213,38.967379],[-119.949203,38.967361],[-119.949184,38.967354],[-119.949123,38.96736]]]}},{"type":"Feature","properties":{"k":"bunker"},"geometry":{"type":"Polygon","coordinates":[[[-119.9493,38.96742],[-119.949308,38.967399],[-119.949335,38.967385],[-119.949364,38.967385],[-119.949386,38.967397],[-119.949384,38.967431],[-119.949396,38.967446],[-119.949421,38.967431],[-119.949411,38.967397],[-119.949438,38.967387],[-119.949468,38.967395],[-119.94949,38.96741],[-119.949492,38.967437],[-119.94948,38.967466],[-119.949391,38.96749],[-119.94934,38.967475],[-119.949305,38.967443],[-119.9493,38.96742]]]}},{"type":"Feature","properties":{"k":"bunker"},"geometry":{"type":"Polygon","coordinates":[[[-119.949452,38.967643],[-119.949446,38.967656],[-119.949461,38.967678],[-119.949485,38.96768],[-119.94951,38.967666],[-119.949517,38.967649],[-119.949517,38.967609],[-119.949489,38.967575],[-119.94946,38.967569],[-119.949426,38.967579],[-119.949414,38.967597],[-119.949429,38.967627],[-119.949452,38.967643]]]}},{"type":"Feature","properties":{"k":"bunker"},"geometry":{"type":"Polygon","coordinates":[[[-119.948541,38.968342],[-119.948571,38.968369],[-119.948624,38.968373],[-119.948641,38.968379],[-119.948645,38.96839],[-119.948576,38.968409],[-119.948571,38.968425],[-119.948617,38.968455],[-119.948571,38.968461],[-119.948557,38.968482],[-119.948561,38.9685],[-119.948607,38.968532],[-119.948602,38.968541],[-119.948536,38.968523],[-119.948508,38.968565],[-119.948519,38.968603],[-119.948535,38.968621],[-119.94856,38.968624],[-119.948585,38.968619],[-119.948666,38.96858],[-119.948699,38.968501],[-119.948696,38.968446],[-119.948686,38.968432],[-119.948702,38.968412],[-119.948706,38.968384],[-119.948676,38.968316],[-119.948662,38.968296],[-119.948642,38.968287],[-119.948611,38.968287],[-119.948557,38.968307],[-119.948541,38.968342]]]}},{"type":"Feature","properties":{"k":"bunker"},"geometry":{"type":"Polygon","coordinates":[[[-119.948586,38.968995],[-119.948574,38.969011],[-119.948581,38.969025],[-119.94856,38.969085],[-119.948565,38.969107],[-119.948605,38.969135],[-119.94865,38.96911],[-119.948667,38.96907],[-119.948665,38.969018],[-119.948701,38.968958],[-119.948702,38.968933],[-119.948682,38.96891],[-119.948656,38.968904],[-119.948628,38.968916],[-119.948586,38.968995]]]}},{"type":"Feature","properties":{"k":"bunker"},"geometry":{"type":"Polygon","coordinates":[[[-119.944889,38.969085],[-119.944891,38.969119],[-119.944936,38.969144],[-119.944905,38.969164],[-119.944905,38.969188],[-119.944868,38.96923],[-119.944871,38.969248],[-119.944886,38.969262],[-119.944915,38.969269],[-119.945011,38.969224],[-119.945027,38.969197],[-119.944996,38.969163],[-119.945041,38.969148],[-119.945046,38.969114],[-119.945065,38.969104],[-119.945077,38.969085],[-119.945073,38.969057],[-119.945054,38.96904],[-119.944972,38.969056],[-119.944941,38.969051],[-119.944897,38.969068],[-119.944889,38.969085]]]}},{"type":"Feature","properties":{"k":"bunker"},"geometry":{"type":"Polygon","coordinates":[[[-119.945918,38.968561],[-119.945944,38.968571],[-119.94598,38.968571],[-119.946013,38.968566],[-119.946067,38.96854],[-119.946101,38.968538],[-119.946124,38.968524],[-119.946128,38.968504],[-119.946121,38.968485],[-119.946071,38.968456],[-119.946044,38.968454],[-119.945942,38.968472],[-119.945892,38.968504],[-119.945891,38.968533],[-119.945918,38.968561]]]}},{"type":"Feature","properties":{"k":"bunker"},"geometry":{"type":"Polygon","coordinates":[[[-119.94719,38.967876],[-119.947228,38.967878],[-119.947299,38.967849],[-119.947339,38.967793],[-119.947315,38.967749],[-119.947278,38.967749],[-119.94721,38.967817],[-119.947164,38.96783],[-119.947157,38.967849],[-119.947164,38.967863],[-119.94719,38.967876]]]}},{"type":"Feature","properties":{"k":"fairway"},"geometry":{"type":"Polygon","coordinates":[[[-119.946254,38.962453],[-119.946152,38.962507],[-119.946121,38.962532],[-119.946061,38.962611],[-119.946021,38.962708],[-119.946012,38.962794],[-119.94605,38.962935],[-119.94603,38.963104],[-119.945978,38.963248],[-119.945934,38.963527],[-119.945841,38.963844],[-119.945821,38.963984],[-119.94584,38.964364],[-119.945875,38.96455],[-119.946067,38.96487],[-119.946063,38.964978],[-119.946114,38.965037],[-119.946156,38.965047],[-119.946224,38.965047],[-119.94633,38.965021],[-119.946385,38.964968],[-119.946393,38.964701],[-119.946368,38.964469],[-119.946335,38.964287],[-119.946345,38.964098],[-119.94634,38.963954],[-119.946319,38.963868],[-119.9463,38.963626],[-119.946284,38.96354],[-119.946291,38.96348],[-119.946334,38.963323],[-119.946334,38.963261],[-119.946317,38.963152],[-119.946271,38.963051],[-119.946276,38.963016],[-119.946313,38.962958],[-119.94636,38.962918],[-119.946386,38.962875],[-119.946393,38.96283],[-119.946385,38.962758],[-119.946346,38.962625],[-119.946361,38.962577],[-119.946443,38.962536],[-119.946325,38.962543],[-119.946262,38.96252],[-119.946246,38.962505],[-119.946243,38.962489],[-119.946254,38.962453]]]}},{"type":"Feature","properties":{"k":"bunker"},"geometry":{"type":"Polygon","coordinates":[[[-119.946419,38.962639],[-119.946423,38.962656],[-119.946441,38.962671],[-119.946463,38.962675],[-119.946542,38.96263],[-119.946632,38.962605],[-119.946657,38.96259],[-119.946699,38.962498],[-119.946683,38.962471],[-119.946651,38.962468],[-119.946583,38.962496],[-119.946553,38.962553],[-119.94654,38.962563],[-119.946524,38.962567],[-119.9465,38.962559],[-119.946449,38.962569],[-119.946419,38.962639]]]}},{"type":"Feature","properties":{"k":"bunker"},"geometry":{"type":"Polygon","coordinates":[[[-119.938893,38.968006],[-119.938926,38.968075],[-119.938981,38.968092],[-119.939015,38.968076],[-119.93903,38.968083],[-119.939062,38.968121],[-119.939036,38.968183],[-119.938995,38.968208],[-119.938965,38.968212],[-119.938933,38.968208],[-119.938906,38.968193],[-119.938871,38.968151],[-119.938847,38.968095],[-119.938675,38.968024],[-119.938648,38.967995],[-119.938625,38.968026],[-119.938572,38.968033],[-119.938539,38.968057],[-119.938498,38.968013],[-119.93845,38.967979],[-119.938446,38.967965],[-119.938459,38.967952],[-119.93848,38.967952],[-119.938493,38.967974],[-119.938506,38.967972],[-119.93855,38.967953],[-119.938601,38.967903],[-119.93865,38.967884],[-119.938672,38.967884],[-119.938691,38.967888],[-119.938715,38.967907],[-119.93873,38.967963],[-119.938742,38.967965],[-119.938769,38.967952],[-119.9388,38.967953],[-119.938867,38.967985],[-119.938893,38.968006]]]}},{"type":"Feature","properties":{"k":"bunker"},"geometry":{"type":"Polygon","coordinates":[[[-119.938975,38.967563],[-119.939026,38.967585],[-119.939067,38.967588],[-119.939082,38.967598],[-119.939073,38.967623],[-119.939052,38.967636],[-119.939021,38.967637],[-119.938953,38.967595],[-119.93891,38.967591],[-119.938896,38.967579],[-119.938904,38.96755],[-119.938914,38.967543],[-119.938944,38.967541],[-119.938975,38.967563]]]}},{"type":"Feature","properties":{"k":"bunker"},"geometry":{"type":"Polygon","coordinates":[[[-119.942921,38.969384],[-119.942945,38.969407],[-119.94299,38.969408],[-119.943015,38.969428],[-119.943031,38.969462],[-119.943022,38.969503],[-119.942948,38.969563],[-119.942917,38.969552],[-119.942911,38.969535],[-119.94294,38.969482],[-119.9429,38.969476],[-119.942879,38.969451],[-119.942854,38.969478],[-119.942862,38.969518],[-119.942826,38.969537],[-119.942809,38.969539],[-119.942779,38.96953],[-119.942762,38.969488],[-119.942718,38.969501],[-119.942685,38.969487],[-119.942678,38.969468],[-119.942694,38.969434],[-119.942758,38.969419],[-119.942777,38.969421],[-119.942799,38.969439],[-119.942808,38.969438],[-119.942859,38.969408],[-119.942868,38.969378],[-119.942899,38.969373],[-119.942921,38.969384]]]}},{"type":"Feature","properties":{"k":"wood"},"geometry":{"type":"Polygon","coordinates":[[[-119.940219,38.967507],[-119.940264,38.96763],[-119.940326,38.967732],[-119.940395,38.967823],[-119.940454,38.967883],[-119.940535,38.967936],[-119.940353,38.967915],[-119.94015,38.967929],[-119.940001,38.967978],[-119.939897,38.967994],[-119.939817,38.967955],[-119.939703,38.967781],[-119.939602,38.967746],[-119.93934,38.9677],[-119.939209,38.967667],[-119.939149,38.967628],[-119.939185,38.967549],[-119.939247,38.96748],[-119.939352,38.967505],[-119.939381,38.967591],[-119.939426,38.967619],[-119.939521,38.967609],[-119.939575,38.967542],[-119.939635,38.967366],[-119.939654,38.967333],[-119.939691,38.967306],[-119.939757,38.967283],[-119.939819,38.967285],[-119.940118,38.967412],[-119.940198,38.967466],[-119.940219,38.967507]]]}},{"type":"Feature","properties":{"k":"path"},"geometry":{"type":"LineString","coordinates":[[-119.94566,38.96551],[-119.945349,38.965505],[-119.945171,38.965533],[-119.944921,38.965548],[-119.944806,38.965536],[-119.944686,38.965489],[-119.944444,38.965359],[-119.94402,38.965263],[-119.943622,38.965122],[-119.943353,38.965112],[-119.943175,38.965055],[-119.942651,38.964989],[-119.942265,38.964948],[-119.94175,38.96492],[-119.941578,38.96488],[-119.94142,38.964827],[-119.941215,38.96478],[-119.941088,38.96476],[-119.94104,38.964761],[-119.940935,38.964784],[-119.940883,38.964806],[-119.94074,38.964897],[-119.940557,38.965045],[-119.940472,38.965087],[-119.940274,38.965124],[-119.940209,38.965152],[-119.939979,38.965301],[-119.93988,38.965343],[-119.939731,38.965363],[-119.939575,38.96537],[-119.939304,38.965405],[-119.938753,38.965516],[-119.938687,38.965537],[-119.93864,38.965589],[-119.938631,38.965647],[-119.938644,38.965723],[-119.938802,38.966007],[-119.938877,38.96616],[-119.938965,38.96629],[-119.93899,38.966355],[-119.938994,38.966426]]}},{"type":"Feature","properties":{"k":"tee"},"geometry":{"type":"Polygon","coordinates":[[[-119.943274,38.965616],[-119.943313,38.965616],[-119.943333,38.965632],[-119.943336,38.965654],[-119.94332,38.965673],[-119.943277,38.965677],[-119.943256,38.965662],[-119.943251,38.965641],[-119.943274,38.965616]]]}},{"type":"Feature","properties":{"k":"tee"},"geometry":{"type":"Polygon","coordinates":[[[-119.938306,38.967593],[-119.938425,38.967618],[-119.938439,38.967643],[-119.93844,38.96767],[-119.938419,38.967691],[-119.938383,38.967692],[-119.938321,38.967679],[-119.938248,38.967648],[-119.938254,38.967606],[-119.938275,38.967595],[-119.938306,38.967593]]]}},{"type":"Feature","properties":{"k":"tee"},"geometry":{"type":"Polygon","coordinates":[[[-119.938404,38.967417],[-119.938441,38.967435],[-119.938456,38.96747],[-119.938441,38.967525],[-119.938418,38.967537],[-119.938372,38.967533],[-119.938312,38.96752],[-119.938281,38.967498],[-119.938275,38.967468],[-119.938284,38.967427],[-119.938309,38.967411],[-119.938343,38.967404],[-119.938378,38.967402],[-119.938404,38.967417]]]}},{"type":"Feature","properties":{"k":"tee"},"geometry":{"type":"Polygon","coordinates":[[[-119.938446,38.967263],[-119.938483,38.967279],[-119.938497,38.967295],[-119.938498,38.96733],[-119.938477,38.967343],[-119.938445,38.967345],[-119.93841,38.967344],[-119.938374,38.967329],[-119.938362,38.967274],[-119.938385,38.967259],[-119.938446,38.967263]]]}},{"type":"Feature","properties":{"k":"tee"},"geometry":{"type":"Polygon","coordinates":[[[-119.938469,38.96711],[-119.938486,38.967088],[-119.938517,38.967078],[-119.938547,38.967086],[-119.938568,38.967118],[-119.938557,38.967142],[-119.938514,38.967156],[-119.938474,38.967135],[-119.938469,38.96711]]]}},{"type":"Feature","properties":{"k":"path"},"geometry":{"type":"LineString","coordinates":[[-119.943056,38.970928],[-119.942828,38.970927],[-119.942726,38.970948],[-119.942584,38.97096]]}},{"type":"Feature","properties":{"k":"green"},"geometry":{"type":"Polygon","coordinates":[[[-119.943117,38.970197],[-119.943116,38.970227],[-119.943059,38.970302],[-119.94305,38.970352],[-119.942881,38.970426],[-119.942818,38.97042],[-119.942804,38.970413],[-119.942783,38.970373],[-119.942803,38.970341],[-119.942887,38.970258],[-119.943008,38.970162],[-119.943081,38.970169],[-119.943117,38.970197]]]}},{"type":"Feature","properties":{"k":"green"},"geometry":{"type":"Polygon","coordinates":[[[-119.944998,38.970982],[-119.945025,38.971],[-119.945029,38.97103],[-119.944999,38.971075],[-119.944964,38.971165],[-119.944964,38.971195],[-119.944943,38.971249],[-119.944886,38.971264],[-119.944853,38.971256],[-119.944825,38.971234],[-119.94481,38.9712],[-119.944804,38.971141],[-119.944823,38.971084],[-119.944862,38.971033],[-119.944922,38.970989],[-119.944975,38.970977],[-119.944998,38.970982]]]}},{"type":"Feature","properties":{"k":"path"},"geometry":{"type":"LineString","coordinates":[[-119.948422,38.967131],[-119.948418,38.967176],[-119.948079,38.967164]]}},{"type":"Feature","properties":{"k":"path"},"geometry":{"type":"LineString","coordinates":[[-119.949059,38.966985],[-119.948922,38.966985],[-119.948711,38.966997],[-119.948589,38.966976],[-119.948566,38.966996]]}},{"type":"Feature","properties":{"k":"path"},"geometry":{"type":"LineString","coordinates":[[-119.948589,38.966976],[-119.94853,38.966881],[-119.94845,38.966606],[-119.948436,38.96654],[-119.948431,38.96642],[-119.948243,38.966344]]}},{"type":"Feature","properties":{"k":"tee"},"geometry":{"type":"Polygon","coordinates":[[[-119.939698,38.965619],[-119.939711,38.965602],[-119.939734,38.965596],[-119.939757,38.965603],[-119.93977,38.965626],[-119.939753,38.965648],[-119.939731,38.965652],[-119.939702,38.965638],[-119.939698,38.965619]]]}},{"type":"Feature","properties":{"k":"tee"},"geometry":{"type":"Polygon","coordinates":[[[-119.939282,38.965266],[-119.939326,38.965263],[-119.939361,38.965272],[-119.93938,38.965308],[-119.939368,38.965325],[-119.939333,38.965334],[-119.93924,38.965326],[-119.939231,38.965308],[-119.939245,38.965276],[-119.939282,38.965266]]]}},{"type":"Feature","properties":{"k":"tee"},"geometry":{"type":"Polygon","coordinates":[[[-119.939084,38.965344],[-119.93911,38.965337],[-119.939136,38.965342],[-119.93915,38.965361],[-119.939142,38.965383],[-119.939092,38.965405],[-119.939053,38.965401],[-119.939041,38.965388],[-119.939044,38.965367],[-119.939058,38.965351],[-119.939084,38.965344]]]}},{"type":"Feature","properties":{"k":"bunker"},"geometry":{"type":"Polygon","coordinates":[[[-119.941023,38.968827],[-119.941041,38.968834],[-119.941056,38.968861],[-119.941043,38.968883],[-119.941017,38.968885],[-119.940993,38.968877],[-119.940986,38.968843],[-119.941023,38.968827]]]}},{"type":"Feature","properties":{"k":"path"},"geometry":{"type":"LineString","coordinates":[[-119.947107,38.966532],[-119.947001,38.966524],[-119.94685,38.966572],[-119.946691,38.966592],[-119.946419,38.966608],[-119.945941,38.966622],[-119.945666,38.966604],[-119.945389,38.966558],[-119.944929,38.966436],[-119.944652,38.966382],[-119.944555,38.966349],[-119.944465,38.966286],[-119.944367,38.966242],[-119.944223,38.966195],[-119.944085,38.966218],[-119.943918,38.966256],[-119.944004,38.965693],[-119.94395,38.965668],[-119.943603,38.965734],[-119.943518,38.965788],[-119.943458,38.96585],[-119.943279,38.966164],[-119.943224,38.966192],[-119.943127,38.966192]]}},{"type":"Feature","properties":{"k":"path"},"geometry":{"type":"LineString","coordinates":[[-119.948884,38.972246],[-119.948897,38.971718],[-119.948921,38.971656]]}},{"type":"Feature","properties":{"k":"path"},"geometry":{"type":"LineString","coordinates":[[-119.948894,38.971848],[-119.948802,38.971884],[-119.948763,38.971889],[-119.948676,38.971877],[-119.948554,38.971819],[-119.948487,38.971742],[-119.948383,38.971573],[-119.948308,38.971363],[-119.948291,38.971268],[-119.948277,38.971106],[-119.94822,38.971015],[-119.94819,38.970911]]}},{"type":"Feature","properties":{"k":"tee"},"geometry":{"type":"Polygon","coordinates":[[[-119.944824,38.971607],[-119.944961,38.971664],[-119.94498,38.971699],[-119.944968,38.97174],[-119.944927,38.971755],[-119.944872,38.971745],[-119.944568,38.971644],[-119.944554,38.971616],[-119.944566,38.971587],[-119.94459,38.971567],[-119.94461,38.971562],[-119.944732,38.971579],[-119.944824,38.971607]]]}},{"type":"Feature","properties":{"k":"path"},"geometry":{"type":"LineString","coordinates":[[-119.945718,38.971742],[-119.945733,38.971663],[-119.945776,38.971579],[-119.94591,38.971397],[-119.946048,38.971248],[-119.946046,38.971125]]}},{"type":"Feature","properties":{"k":"tee"},"geometry":{"type":"Polygon","coordinates":[[[-119.950415,38.972981],[-119.950435,38.973016],[-119.950435,38.973058],[-119.950418,38.973077],[-119.950395,38.973084],[-119.950354,38.973079],[-119.950337,38.973062],[-119.950295,38.972901],[-119.950296,38.97288],[-119.950324,38.972856],[-119.950345,38.972858],[-119.950362,38.97287],[-119.950383,38.972899],[-119.950398,38.972954],[-119.950415,38.972981]]]}},{"type":"Feature","properties":{"k":"tee"},"geometry":{"type":"Polygon","coordinates":[[[-119.950198,38.972418],[-119.950203,38.97244],[-119.950192,38.97246],[-119.95016,38.972474],[-119.95014,38.97247],[-119.950116,38.972433],[-119.950138,38.972399],[-119.950179,38.972397],[-119.950198,38.972418]]]}},{"type":"Feature","properties":{"k":"path"},"geometry":{"type":"LineString","coordinates":[[-119.948996,38.971626],[-119.948958,38.971635],[-119.948922,38.971633],[-119.948894,38.971606]]}},{"type":"Feature","properties":{"k":"green"},"geometry":{"type":"Polygon","coordinates":[[[-119.950024,38.971442],[-119.950057,38.971494],[-119.950058,38.971545],[-119.950074,38.971611],[-119.950023,38.971696],[-119.950004,38.971703],[-119.949978,38.971701],[-119.94989,38.97165],[-119.949792,38.971633],[-119.949724,38.9716],[-119.949716,38.971582],[-119.94973,38.971539],[-119.949752,38.971518],[-119.949849,38.971466],[-119.949898,38.971429],[-119.949926,38.97142],[-119.949981,38.971415],[-119.950011,38.971424],[-119.950024,38.971442]]]}},{"type":"Feature","properties":{"k":"bunker"},"geometry":{"type":"Polygon","coordinates":[[[-119.950337,38.972441],[-119.950313,38.972348],[-119.950293,38.972303],[-119.950258,38.972274],[-119.950195,38.972263],[-119.950088,38.972272],[-119.950032,38.972262],[-119.949998,38.972275],[-119.949944,38.972153],[-119.949882,38.972058],[-119.949903,38.972048],[-119.949922,38.972027],[-119.94993,38.971999],[-119.950005,38.971866],[-119.950029,38.971837],[-119.950093,38.971789],[-119.950121,38.971754],[-119.950135,38.971706],[-119.950141,38.971608],[-119.950134,38.971558],[-119.950084,38.971427],[-119.950094,38.971328],[-119.950049,38.971128],[-119.950017,38.97106],[-119.950101,38.971057],[-119.950213,38.971477],[-119.950266,38.971593],[-119.950319,38.97188],[-119.95033,38.972032],[-119.950372,38.972193],[-119.950424,38.972354],[-119.950471,38.972428],[-119.950525,38.97258],[-119.950627,38.973007],[-119.950781,38.973291],[-119.950821,38.973413],[-119.950851,38.973551],[-119.95049,38.973551],[-119.950563,38.973437],[-119.950583,38.973379],[-119.950592,38.973252],[-119.950552,38.973077],[-119.950464,38.972882],[-119.950411,38.972676],[-119.950373,38.972617],[-119.950354,38.972474],[-119.950337,38.972441]]]}},{"type":"Feature","properties":{"k":"green"},"geometry":{"type":"Polygon","coordinates":[[[-119.941538,38.967071],[-119.941554,38.967125],[-119.941546,38.967151],[-119.941529,38.967168],[-119.941492,38.96718],[-119.941434,38.967178],[-119.941369,38.967163],[-119.941324,38.96713],[-119.941312,38.967101],[-119.941346,38.967057],[-119.94139,38.967022],[-119.941445,38.967026],[-119.941538,38.967071]]]}},{"type":"Feature","properties":{"k":"rough"},"geometry":{"type":"Polygon","coordinates":[[[-119.941204,38.967152],[-119.941299,38.967044],[-119.941345,38.967008],[-119.941408,38.966983],[-119.941461,38.966994],[-119.941546,38.967035],[-119.941581,38.967061],[-119.941596,38.967108],[-119.941606,38.967145],[-119.941564,38.967205],[-119.941527,38.967233],[-119.941883,38.967389],[-119.941962,38.967446],[-119.94208,38.967486],[-119.942234,38.967554],[-119.942389,38.967593],[-119.942469,38.967593],[-119.942552,38.967604],[-119.942606,38.967624],[-119.94266,38.967669],[-119.942698,38.967716],[-119.942716,38.96778],[-119.942704,38.967857],[-119.942735,38.96796],[-119.942783,38.968011],[-119.942943,38.968135],[-119.943185,38.968376],[-119.943253,38.968459],[-119.943307,38.968582],[-119.943324,38.968755],[-119.94337,38.968829],[-119.943399,38.968949],[-119.943405,38.96902],[-119.943352,38.969337],[-119.943303,38.969474],[-119.943219,38.969619],[-119.943198,38.969692],[-119.943213,38.96975],[-119.943298,38.969808],[-119.94328,38.969912],[-119.94322,38.970088],[-119.943235,38.97012],[-119.943292,38.970181],[-119.943321,38.970235],[-119.943321,38.970297],[-119.943283,38.970348],[-119.943158,38.97035],[-119.94312,38.970376],[-119.943097,38.970431],[-119.943054,38.970465],[-119.942956,38.970477],[-119.942786,38.970453],[-119.942704,38.970406],[-119.942666,38.970394],[-119.942575,38.970394],[-119.942563,38.970375],[-119.942712,38.970225],[-119.942799,38.970161],[-119.942849,38.970069],[-119.942865,38.969971],[-119.942863,38.96979],[-119.942837,38.969678],[-119.942774,38.969638],[-119.942706,38.969628],[-119.942642,38.969634],[-119.94264,38.969533],[-119.942617,38.969433],[-119.942468,38.969095],[-119.942364,38.968909],[-119.94208,38.968609],[-119.941961,38.968462],[-119.941935,38.968392],[-119.941914,38.968182],[-119.941895,38.968144],[-119.941826,38.96812],[-119.941675,38.968101],[-119.941635,38.968142],[-119.941619,38.96822],[-119.941651,38.968263],[-119.941694,38.968288],[-119.941358,38.968164],[-119.94119,38.967951],[-119.940737,38.967295],[-119.940634,38.967233],[-119.940516,38.967182],[-119.940406,38.967118],[-119.940279,38.967007],[-119.9402,38.96695],[-119.940318,38.966805],[-119.940386,38.966804],[-119.940495,38.966856],[-119.94071,38.966981],[-119.940956,38.967106],[-119.941078,38.967137],[-119.941204,38.967152]]]}},{"type":"Feature","properties":{"k":"tee"},"geometry":{"type":"Polygon","coordinates":[[[-119.940892,38.967256],[-119.940902,38.967283],[-119.940891,38.967313],[-119.940864,38.967323],[-119.940832,38.96732],[-119.940814,38.967305],[-119.940804,38.967276],[-119.940816,38.967252],[-119.94084,38.967239],[-119.940865,38.967241],[-119.940892,38.967256]]]}},{"type":"Feature","properties":{"k":"rough"},"geometry":{"type":"Polygon","coordinates":[[[-119.942334,38.968998],[-119.942382,38.969062],[-119.942434,38.969211],[-119.942543,38.969433],[-119.942562,38.969612],[-119.94253,38.969635],[-119.942457,38.969648],[-119.942431,38.969676],[-119.942416,38.969824],[-119.942539,38.970005],[-119.942551,38.97012],[-119.94252,38.970165],[-119.942492,38.970188],[-119.942409,38.970165],[-119.942265,38.970073],[-119.942178,38.970037],[-119.94216,38.969967],[-119.942131,38.969909],[-119.941962,38.969851],[-119.941926,38.969716],[-119.941692,38.969545],[-119.941544,38.969211],[-119.941521,38.96917],[-119.941489,38.969138],[-119.941299,38.96905],[-119.941231,38.968999],[-119.941199,38.968915],[-119.941175,38.968895],[-119.941025,38.96891],[-119.940953,38.96891],[-119.940918,38.968883],[-119.940871,38.968714],[-119.940817,38.968612],[-119.940747,38.968569],[-119.940709,38.96852],[-119.940662,38.9684],[-119.940625,38.968373],[-119.94058,38.968365],[-119.940518,38.968374],[-119.940342,38.968303],[-119.94017,38.968206],[-119.940063,38.96817],[-119.939937,38.968149],[-119.939872,38.968161],[-119.939839,38.968134],[-119.93987,38.968098],[-119.939973,38.968044],[-119.940211,38.96799],[-119.940355,38.96799],[-119.94051,38.96801],[-119.940931,38.968112],[-119.94162,38.968319],[-119.94173,38.968385],[-119.941894,38.968524],[-119.942022,38.968679],[-119.942256,38.968901],[-119.942334,38.968998]]]}},{"type":"Feature","properties":{"k":"rough"},"geometry":{"type":"Polygon","coordinates":[[[-119.94647,38.967251],[-119.946583,38.967241],[-119.946691,38.96725],[-119.946842,38.967292],[-119.94691,38.967335],[-119.946977,38.967392],[-119.947013,38.96744],[-119.947042,38.967521],[-119.947007,38.967607],[-119.94693,38.96764],[-119.946763,38.967734],[-119.946548,38.967799],[-119.946325,38.967887],[-119.946217,38.967913],[-119.945971,38.967933],[-119.945853,38.96795],[-119.945676,38.968032],[-119.945451,38.96805],[-119.945341,38.968038],[-119.945119,38.967986],[-119.944902,38.967976],[-119.944735,38.967976],[-119.944613,38.967999],[-119.944444,38.968044],[-119.944051,38.96819],[-119.943945,38.968246],[-119.943865,38.968279],[-119.943785,38.968277],[-119.943698,38.968247],[-119.943649,38.968202],[-119.943617,38.968143],[-119.943625,38.968078],[-119.943651,38.968029],[-119.943702,38.967976],[-119.943744,38.967889],[-119.943795,38.967855],[-119.94395,38.96778],[-119.94401,38.967713],[-119.94403,38.96764],[-119.944019,38.967548],[-119.944291,38.967461],[-119.944418,38.967475],[-119.944458,38.967487],[-119.944487,38.967488],[-119.944529,38.967469],[-119.944628,38.967473],[-119.944674,38.967523],[-119.944716,38.967541],[-119.94483,38.967572],[-119.944872,38.967569],[-119.944912,38.967548],[-119.944932,38.967481],[-119.944958,38.967453],[-119.94502,38.967427],[-119.945214,38.967384],[-119.945547,38.96734],[-119.94583,38.967279],[-119.946066,38.967212],[-119.946307,38.967192],[-119.94647,38.967251]]]}},{"type":"Feature","properties":{"k":"rough"},"geometry":{"type":"Polygon","coordinates":[[[-119.943953,38.967248],[-119.944061,38.967244],[-119.944158,38.967259],[-119.944172,38.967292],[-119.944162,38.967337],[-119.944132,38.96738],[-119.943955,38.967441],[-119.943869,38.967382],[-119.943797,38.967385],[-119.943739,38.967404],[-119.943682,38.967404],[-119.943566,38.967324],[-119.943465,38.967275],[-119.943176,38.967233],[-119.942938,38.96723],[-119.942804,38.967202],[-119.942693,38.967146],[-119.942589,38.96711],[-119.942446,38.967084],[-119.942211,38.966971],[-119.942138,38.966945],[-119.942055,38.966948],[-119.941993,38.966975],[-119.941902,38.966976],[-119.941795,38.966969],[-119.941621,38.966938],[-119.94152,38.966898],[-119.941466,38.966854],[-119.941364,38.966801],[-119.941204,38.966737],[-119.941144,38.966698],[-119.940867,38.966582],[-119.940717,38.966541],[-119.940617,38.966534],[-119.94042,38.966578],[-119.940244,38.966588],[-119.940184,38.966602],[-119.940138,38.966631],[-119.940125,38.966668],[-119.940204,38.96679],[-119.940203,38.966825],[-119.940144,38.966888],[-119.940094,38.966898],[-119.940043,38.966876],[-119.939978,38.966822],[-119.939872,38.966682],[-119.939806,38.966548],[-119.939821,38.966488],[-119.939863,38.966411],[-119.939917,38.966339],[-119.940016,38.966295],[-119.940141,38.966271],[-119.940307,38.966267],[-119.940769,38.96623],[-119.941029,38.966315],[-119.94111,38.966324],[-119.941302,38.966326],[-119.941525,38.96639],[-119.941619,38.966403],[-119.94189,38.966394],[-119.941984,38.966401],[-119.942104,38.966429],[-119.942255,38.966495],[-119.942505,38.96656],[-119.942693,38.966631],[-119.942848,38.96676],[-119.94296,38.966866],[-119.943096,38.966974],[-119.943729,38.967187],[-119.943869,38.967253],[-119.943911,38.967257],[-119.943953,38.967248]]]}},{"type":"Feature","properties":{"k":"rough"},"geometry":{"type":"Polygon","coordinates":[[[-119.941358,38.969811],[-119.941509,38.969857],[-119.941652,38.969959],[-119.941751,38.970018],[-119.941777,38.970045],[-119.941749,38.970066],[-119.941555,38.970076],[-119.940836,38.970078],[-119.940647,38.970064],[-119.940414,38.969952],[-119.939764,38.969706],[-119.939639,38.969607],[-119.939495,38.969465],[-119.939486,38.969379],[-119.939438,38.969302],[-119.939341,38.969256],[-119.939197,38.969207],[-119.93907,38.969214],[-119.938966,38.969276],[-119.938908,38.96927],[-119.938831,38.969203],[-119.938792,38.969112],[-119.938659,38.969023],[-119.938508,38.968935],[-119.938386,38.968805],[-119.938302,38.968675],[-119.938169,38.968656],[-119.938095,38.968575],[-119.937988,38.968408],[-119.937916,38.96825],[-119.937887,38.968157],[-119.937828,38.968071],[-119.937803,38.968004],[-119.937817,38.96795],[-119.937875,38.967916],[-119.938006,38.967911],[-119.938072,38.967922],[-119.938169,38.967923],[-119.938277,38.967964],[-119.938368,38.968013],[-119.93844,38.96808],[-119.938598,38.968338],[-119.938666,38.968417],[-119.938892,38.968549],[-119.93896,38.968578],[-119.939095,38.968694],[-119.939148,38.968708],[-119.939196,38.9687],[-119.939254,38.968743],[-119.939378,38.968815],[-119.939787,38.968988],[-119.94024,38.969233],[-119.940987,38.96962],[-119.941124,38.969708],[-119.941183,38.969756],[-119.941279,38.969798],[-119.941358,38.969811]]]}},{"type":"Feature","properties":{"k":"rough"},"geometry":{"type":"Polygon","coordinates":[[[-119.938619,38.966993],[-119.938617,38.967272],[-119.938575,38.967431],[-119.938532,38.967666],[-119.938501,38.967739],[-119.938407,38.967789],[-119.938298,38.967825],[-119.93819,38.96784],[-119.93796,38.967784],[-119.937855,38.967788],[-119.937789,38.967811],[-119.937802,38.96779],[-119.937951,38.967738],[-119.938136,38.967559],[-119.938237,38.967342],[-119.938368,38.967092],[-119.938397,38.966996],[-119.938403,38.966878],[-119.938429,38.966848],[-119.938469,38.966828],[-119.938525,38.966819],[-119.938567,38.966831],[-119.938611,38.966863],[-119.938619,38.966993]]]}},{"type":"Feature","properties":{"k":"rough"},"geometry":{"type":"Polygon","coordinates":[[[-119.938944,38.966412],[-119.938878,38.966545],[-119.938853,38.966572],[-119.93882,38.966584],[-119.938667,38.966563],[-119.938606,38.966567],[-119.938536,38.96656],[-119.938483,38.966546],[-119.938436,38.966511],[-119.938365,38.96643],[-119.938289,38.966387],[-119.938251,38.966344],[-119.938234,38.966306],[-119.938228,38.966222],[-119.938257,38.966171],[-119.938313,38.966125],[-119.938461,38.966052],[-119.938526,38.966034],[-119.938559,38.966],[-119.938566,38.965882],[-119.93851,38.965861],[-119.938416,38.965859],[-119.938298,38.965893],[-119.938197,38.965882],[-119.938148,38.965838],[-119.938063,38.965789],[-119.937993,38.965718],[-119.937985,38.965684],[-119.937996,38.965631],[-119.938051,38.965578],[-119.938194,38.965497],[-119.938511,38.965517],[-119.938602,38.965545],[-119.938579,38.965612],[-119.938584,38.965721],[-119.938869,38.966241],[-119.93892,38.966298],[-119.938944,38.966412]]]}},{"type":"Feature","properties":{"k":"rough"},"geometry":{"type":"Polygon","coordinates":[[[-119.938887,38.966072],[-119.938699,38.965702],[-119.938602,38.965545],[-119.938511,38.965517],[-119.938194,38.965497],[-119.938275,38.965381],[-119.938328,38.965332],[-119.93885,38.965341],[-119.939068,38.965286],[-119.939311,38.965195],[-119.939394,38.965184],[-119.939684,38.965188],[-119.939906,38.965175],[-119.94005,38.965156],[-119.940122,38.965137],[-119.940269,38.965071],[-119.940301,38.965021],[-119.940341,38.964868],[-119.940371,38.964797],[-119.940424,38.964739],[-119.940484,38.964686],[-119.940533,38.964661],[-119.940692,38.964613],[-119.940794,38.964607],[-119.940935,38.964634],[-119.941214,38.964669],[-119.941531,38.964695],[-119.942237,38.964716],[-119.942384,38.964742],[-119.942432,38.96483],[-119.942457,38.96492],[-119.942515,38.965028],[-119.942568,38.96505],[-119.942692,38.96506],[-119.942761,38.965092],[-119.942799,38.965101],[-119.942846,38.965086],[-119.942946,38.965078],[-119.943016,38.965081],[-119.943199,38.965119],[-119.943293,38.965168],[-119.943337,38.965245],[-119.943358,38.965319],[-119.943335,38.965384],[-119.943264,38.965453],[-119.943095,38.96552],[-119.943011,38.96552],[-119.942943,38.965503],[-119.942798,38.965489],[-119.942735,38.965471],[-119.942695,38.965436],[-119.942652,38.965268],[-119.942551,38.96519],[-119.942388,38.965155],[-119.942205,38.96521],[-119.942031,38.96528],[-119.941927,38.965339],[-119.94185,38.965359],[-119.941598,38.965346],[-119.941467,38.965362],[-119.941301,38.965413],[-119.941224,38.965461],[-119.941249,38.965537],[-119.941303,38.96558],[-119.941459,38.965639],[-119.94146,38.965689],[-119.94111,38.965687],[-119.941037,38.965629],[-119.940956,38.965628],[-119.940865,38.965649],[-119.940772,38.965691],[-119.940737,38.96572],[-119.939807,38.965753],[-119.939481,38.965773],[-119.939419,38.96584],[-119.939346,38.965856],[-119.939197,38.965813],[-119.939112,38.965834],[-119.939079,38.965891],[-119.939046,38.965988],[-119.939015,38.966043],[-119.93898,38.966084],[-119.938954,38.966104],[-119.938916,38.966096],[-119.938887,38.966072]]]}},{"type":"Feature","properties":{"k":"tee"},"geometry":{"type":"Polygon","coordinates":[[[-119.94644,38.965742],[-119.946484,38.965911],[-119.946476,38.965971],[-119.946449,38.965994],[-119.946399,38.966009],[-119.946358,38.965994],[-119.946315,38.965913],[-119.946301,38.965742],[-119.946315,38.965691],[-119.946336,38.965657],[-119.946387,38.965648],[-119.946433,38.965673],[-119.946445,38.9657],[-119.94644,38.965742]]]}},{"type":"Feature","properties":{"k":"path"},"geometry":{"type":"LineString","coordinates":[[-119.94566,38.96551],[-119.94577,38.965511],[-119.94585,38.965521],[-119.945941,38.965641]]}},{"type":"Feature","properties":{"k":"tee"},"geometry":{"type":"Polygon","coordinates":[[[-119.946381,38.965461],[-119.946389,38.96559],[-119.946383,38.965606],[-119.946356,38.965621],[-119.946328,38.965612],[-119.946308,38.965574],[-119.946293,38.965457],[-119.946297,38.965429],[-119.946312,38.965412],[-119.94635,38.965408],[-119.946373,38.965421],[-119.946381,38.965461]]]}},{"type":"Feature","properties":{"k":"tee"},"geometry":{"type":"Polygon","coordinates":[[[-119.946223,38.965567],[-119.946217,38.965591],[-119.946185,38.965609],[-119.94614,38.965613],[-119.94611,38.965608],[-119.946092,38.965578],[-119.946094,38.965544],[-119.9461,38.9655],[-119.946122,38.965475],[-119.946151,38.965463],[-119.946212,38.965473],[-119.946225,38.965503],[-119.946223,38.965567]]]}},{"type":"Feature","properties":{"k":"rough"},"geometry":{"type":"Polygon","coordinates":[[[-119.946492,38.96327],[-119.946497,38.963375],[-119.946555,38.963522],[-119.946549,38.963603],[-119.946536,38.963645],[-119.946502,38.963685],[-119.946427,38.963724],[-119.946367,38.963786],[-119.946366,38.963855],[-119.946383,38.963925],[-119.94642,38.964016],[-119.946398,38.964159],[-119.946388,38.964363],[-119.946428,38.964504],[-119.946442,38.964881],[-119.946441,38.965538],[-119.946494,38.965695],[-119.946486,38.965755],[-119.946517,38.965802],[-119.946569,38.965845],[-119.946579,38.965908],[-119.946534,38.96595],[-119.946454,38.966006],[-119.946357,38.966027],[-119.94618,38.965935],[-119.946056,38.96582],[-119.945999,38.965738],[-119.945938,38.965342],[-119.945948,38.965094],[-119.945939,38.964994],[-119.945804,38.964537],[-119.945739,38.964179],[-119.945726,38.964013],[-119.945765,38.963686],[-119.94581,38.963478],[-119.945939,38.963073],[-119.945901,38.962837],[-119.945898,38.962743],[-119.945944,38.962627],[-119.946017,38.962495],[-119.946161,38.962283],[-119.946224,38.96221],[-119.946287,38.962158],[-119.94639,38.962098],[-119.946625,38.962039],[-119.946721,38.962033],[-119.946825,38.962048],[-119.946854,38.962075],[-119.946887,38.962302],[-119.946896,38.962408],[-119.94689,38.962479],[-119.946856,38.962525],[-119.946672,38.962639],[-119.946589,38.962704],[-119.946537,38.962764],[-119.946525,38.962828],[-119.946532,38.962914],[-119.946551,38.962992],[-119.946484,38.963212],[-119.946492,38.96327]]]}},{"type":"Feature","properties":{"k":"rough"},"geometry":{"type":"Polygon","coordinates":[[[-119.949226,38.964478],[-119.949244,38.964567],[-119.949241,38.964638],[-119.949219,38.964744],[-119.94918,38.964814],[-119.949083,38.96485],[-119.948993,38.964847],[-119.948904,38.964823],[-119.948761,38.964719],[-119.94864,38.964647],[-119.948572,38.964572],[-119.948526,38.964493],[-119.948423,38.964263],[-119.948197,38.963986],[-119.947979,38.963692],[-119.947843,38.963402],[-119.947772,38.963289],[-119.947395,38.962884],[-119.947212,38.962772],[-119.947127,38.96268],[-119.947127,38.962607],[-119.947149,38.962526],[-119.947193,38.962426],[-119.947302,38.962427],[-119.947535,38.962491],[-119.947913,38.962754],[-119.94818,38.962913],[-119.94832,38.96302],[-119.948505,38.963178],[-119.948658,38.963254],[-119.948795,38.963355],[-119.94887,38.963436],[-119.948985,38.963762],[-119.949039,38.963945],[-119.949073,38.964133],[-119.94919,38.964364],[-119.949226,38.964478]]]}},{"type":"Feature","properties":{"k":"rough"},"geometry":{"type":"Polygon","coordinates":[[[-119.947103,38.966842],[-119.9471,38.967114],[-119.947124,38.967212],[-119.947115,38.967286],[-119.947124,38.967371],[-119.947115,38.967395],[-119.947099,38.967404],[-119.947085,38.967401],[-119.947055,38.967357],[-119.947012,38.967327],[-119.946919,38.967265],[-119.946823,38.967221],[-119.94671,38.967186],[-119.946551,38.967168],[-119.946061,38.967213],[-119.94583,38.967279],[-119.945547,38.96734],[-119.945214,38.967384],[-119.945164,38.96722],[-119.945149,38.967206],[-119.945102,38.967206],[-119.944994,38.967223],[-119.944937,38.967204],[-119.944901,38.967181],[-119.94487,38.967154],[-119.944841,38.967101],[-119.944812,38.966968],[-119.944788,38.966924],[-119.944648,38.966791],[-119.944564,38.966739],[-119.944442,38.966678],[-119.944354,38.96665],[-119.944262,38.96664],[-119.943856,38.966698],[-119.943786,38.966748],[-119.943748,38.966763],[-119.943601,38.966782],[-119.943534,38.966772],[-119.943451,38.966744],[-119.943424,38.966724],[-119.94341,38.966695],[-119.943416,38.966626],[-119.94341,38.966613],[-119.943392,38.966602],[-119.9433,38.966588],[-119.943297,38.966573],[-119.943353,38.966566],[-119.943389,38.966547],[-119.943548,38.966415],[-119.943616,38.966372],[-119.943716,38.966335],[-119.943845,38.96633],[-119.94412,38.966277],[-119.944297,38.966269],[-119.944411,38.966295],[-119.944596,38.96638],[-119.944844,38.966479],[-119.945631,38.96672],[-119.945908,38.96679],[-119.946115,38.966808],[-119.94652,38.966784],[-119.946829,38.966784],[-119.94704,38.966734],[-119.947093,38.966758],[-119.947103,38.966771],[-119.947103,38.966842]]]}},{"type":"Feature","properties":{"k":"rough"},"geometry":{"type":"Polygon","coordinates":[[[-119.942451,38.965914],[-119.942502,38.965955],[-119.94257,38.965987],[-119.94266,38.966009],[-119.942725,38.966008],[-119.942785,38.965981],[-119.942839,38.965971],[-119.942887,38.965974],[-119.942928,38.965991],[-119.943022,38.966128],[-119.943018,38.966144],[-119.942999,38.966146],[-119.942913,38.966127],[-119.942816,38.966117],[-119.942632,38.966149],[-119.94229,38.966188],[-119.942224,38.966184],[-119.942127,38.966166],[-119.942016,38.966162],[-119.941666,38.966225],[-119.941291,38.966163],[-119.940836,38.966171],[-119.940674,38.966157],[-119.94015,38.966077],[-119.939866,38.966026],[-119.939825,38.966004],[-119.939832,38.965945],[-119.939824,38.965898],[-119.939793,38.965854],[-119.939713,38.965805],[-119.939639,38.965833],[-119.939571,38.965894],[-119.939526,38.96597],[-119.939346,38.965856],[-119.939419,38.96584],[-119.939481,38.965773],[-119.939807,38.965753],[-119.940737,38.96572],[-119.940772,38.965691],[-119.940865,38.965649],[-119.940956,38.965628],[-119.941037,38.965629],[-119.94111,38.965687],[-119.94146,38.965689],[-119.941491,38.965723],[-119.941546,38.965756],[-119.941649,38.965786],[-119.941817,38.965803],[-119.94219,38.965789],[-119.942287,38.965801],[-119.942341,38.965815],[-119.942376,38.965837],[-119.942451,38.965914]]]}},{"type":"Feature","properties":{"k":"rough"},"geometry":{"type":"Polygon","coordinates":[[[-119.939333,38.966617],[-119.939261,38.966623],[-119.939142,38.96665],[-119.939002,38.966649],[-119.938947,38.966623],[-119.938935,38.966591],[-119.939001,38.966481],[-119.939048,38.966438],[-119.939121,38.966406],[-119.939242,38.966374],[-119.939309,38.966348],[-119.939416,38.966254],[-119.939502,38.966153],[-119.939548,38.966152],[-119.939579,38.966183],[-119.939615,38.966195],[-119.939692,38.966193],[-119.939768,38.966152],[-119.939821,38.96608],[-119.940018,38.96612],[-119.940469,38.966188],[-119.940124,38.966209],[-119.939963,38.966234],[-119.939834,38.966279],[-119.939756,38.966347],[-119.939711,38.966419],[-119.939708,38.966494],[-119.939719,38.966578],[-119.939777,38.966691],[-119.939692,38.966659],[-119.939638,38.966617],[-119.939597,38.966569],[-119.939549,38.966548],[-119.939498,38.966551],[-119.939333,38.966617]]]}},{"type":"Feature","properties":{"k":"rough"},"geometry":{"type":"Polygon","coordinates":[[[-119.939392,38.96677],[-119.939463,38.966789],[-119.939511,38.966862],[-119.939494,38.966923],[-119.939492,38.967031],[-119.939595,38.967039],[-119.939652,38.967053],[-119.939701,38.967087],[-119.939692,38.967157],[-119.93963,38.967234],[-119.939542,38.967293],[-119.939354,38.967386],[-119.939238,38.967456],[-119.939137,38.967571],[-119.9391,38.967636],[-119.939044,38.967669],[-119.938974,38.967658],[-119.938879,38.96761],[-119.93881,38.967532],[-119.938767,38.967432],[-119.938725,38.96729],[-119.938723,38.967221],[-119.93875,38.96713],[-119.93879,38.967068],[-119.93885,38.967019],[-119.938931,38.966978],[-119.938961,38.966938],[-119.938931,38.966851],[-119.938933,38.966816],[-119.938985,38.966779],[-119.938997,38.966725],[-119.939035,38.966715],[-119.939155,38.966734],[-119.939272,38.966766],[-119.939392,38.96677]]]}},{"type":"Feature","properties":{"k":"rough"},"geometry":{"type":"Polygon","coordinates":[[[-119.94498,38.969377],[-119.944895,38.969467],[-119.944783,38.969641],[-119.944701,38.969707],[-119.944553,38.9698],[-119.944241,38.969978],[-119.944074,38.970088],[-119.943952,38.970152],[-119.943788,38.970125],[-119.943727,38.970085],[-119.943633,38.970053],[-119.943542,38.970053],[-119.943505,38.970026],[-119.943458,38.969927],[-119.943458,38.969892],[-119.943517,38.969924],[-119.943682,38.969964],[-119.943799,38.969953],[-119.943885,38.96993],[-119.943971,38.969865],[-119.944067,38.969724],[-119.944117,38.969631],[-119.944139,38.969533],[-119.944151,38.969402],[-119.944198,38.969123],[-119.944234,38.969035],[-119.944271,38.968973],[-119.944325,38.968909],[-119.944396,38.968877],[-119.9446,38.968819],[-119.944719,38.968766],[-119.944976,38.968621],[-119.945305,38.968459],[-119.945547,38.968411],[-119.945665,38.968372],[-119.945838,38.968279],[-119.94588,38.968234],[-119.945913,38.968215],[-119.945975,38.968203],[-119.946037,38.968178],[-119.946076,38.968148],[-119.946095,38.968114],[-119.946149,38.968097],[-119.946223,38.968106],[-119.94633,38.968151],[-119.946456,38.968214],[-119.94652,38.968234],[-119.946573,38.968242],[-119.946686,38.968221],[-119.946767,38.968189],[-119.946892,38.968124],[-119.946954,38.968074],[-119.946992,38.96802],[-119.946985,38.968076],[-119.946946,38.968121],[-119.946853,38.968185],[-119.946721,38.968252],[-119.946604,38.968324],[-119.946514,38.968362],[-119.946155,38.968615],[-119.946001,38.96869],[-119.945765,38.968778],[-119.94561,38.968857],[-119.945518,38.968923],[-119.945504,38.968954],[-119.945466,38.968989],[-119.945421,38.969008],[-119.945396,38.968991],[-119.945375,38.968957],[-119.945195,38.969045],[-119.94515,38.969103],[-119.94513,38.969182],[-119.94515,38.969227],[-119.945154,38.969268],[-119.945111,38.969305],[-119.94498,38.969377]]]}},{"type":"Feature","properties":{"k":"rough"},"geometry":{"type":"Polygon","coordinates":[[[-119.947021,38.96844],[-119.946978,38.968596],[-119.946911,38.968714],[-119.946804,38.968872],[-119.946642,38.968982],[-119.94661,38.969058],[-119.946581,38.969332],[-119.946615,38.969482],[-119.946585,38.969554],[-119.946492,38.969658],[-119.946333,38.97],[-119.946252,38.970075],[-119.946141,38.970101],[-119.946113,38.970135],[-119.946105,38.970172],[-119.946127,38.97033],[-119.946112,38.970415],[-119.94599,38.970546],[-119.945933,38.970595],[-119.945835,38.970658],[-119.94571,38.970713],[-119.945605,38.970775],[-119.945233,38.971075],[-119.945116,38.971199],[-119.944989,38.97131],[-119.944871,38.971358],[-119.944797,38.97136],[-119.944687,38.971339],[-119.944589,38.971302],[-119.944531,38.971266],[-119.944479,38.971137],[-119.944485,38.971117],[-119.944672,38.971074],[-119.944715,38.971027],[-119.944744,38.97097],[-119.94472,38.970867],[-119.944758,38.970847],[-119.944908,38.970826],[-119.945008,38.970791],[-119.94509,38.97073],[-119.945145,38.970638],[-119.945218,38.970602],[-119.94529,38.970539],[-119.945288,38.970502],[-119.945305,38.970468],[-119.945396,38.970425],[-119.945449,38.970368],[-119.945561,38.9702],[-119.945671,38.970084],[-119.945837,38.969878],[-119.946032,38.969661],[-119.946112,38.969526],[-119.946137,38.969395],[-119.946265,38.969214],[-119.946364,38.96914],[-119.946495,38.969016],[-119.946504,38.968953],[-119.946488,38.96889],[-119.946452,38.968834],[-119.946418,38.968797],[-119.94636,38.968766],[-119.945975,38.968816],[-119.945739,38.968901],[-119.945672,38.968937],[-119.945674,38.968914],[-119.945741,38.968855],[-119.946165,38.968697],[-119.946268,38.968631],[-119.946504,38.968453],[-119.946679,38.968374],[-119.946833,38.968281],[-119.946878,38.968263],[-119.946936,38.968261],[-119.946975,38.968271],[-119.947001,38.968288],[-119.947013,38.968319],[-119.947021,38.96844]]]}},{"type":"Feature","properties":{"k":"rough"},"geometry":{"type":"Polygon","coordinates":[[[-119.947338,38.972271],[-119.947508,38.972331],[-119.947937,38.972543],[-119.948352,38.972725],[-119.948439,38.972774],[-119.948956,38.972941],[-119.949064,38.97299],[-119.949309,38.973021],[-119.949618,38.973104],[-119.949755,38.973131],[-119.949902,38.973146],[-119.950029,38.97323],[-119.950207,38.973311],[-119.950306,38.973382],[-119.950371,38.973486],[-119.950373,38.97355],[-119.950303,38.973643],[-119.950228,38.973667],[-119.949907,38.973698],[-119.949798,38.973725],[-119.949593,38.973734],[-119.948764,38.973517],[-119.948727,38.973442],[-119.948714,38.973393],[-119.948646,38.973344],[-119.9481,38.97313],[-119.947915,38.973046],[-119.947812,38.973029],[-119.947718,38.973003],[-119.947527,38.972898],[-119.94733,38.972846],[-119.947177,38.972752],[-119.94685,38.972655],[-119.946575,38.972483],[-119.946263,38.97231],[-119.946046,38.972218],[-119.945502,38.972041],[-119.945255,38.971944],[-119.945062,38.971879],[-119.944771,38.971791],[-119.944493,38.971679],[-119.944432,38.971625],[-119.944446,38.971542],[-119.944476,38.97151],[-119.944666,38.971528],[-119.945128,38.971695],[-119.945474,38.971802],[-119.945738,38.971852],[-119.946089,38.971888],[-119.946323,38.971931],[-119.946419,38.971919],[-119.946746,38.972026],[-119.946922,38.972061],[-119.947052,38.972098],[-119.947234,38.972185],[-119.947273,38.972226],[-119.947338,38.972271]]]}},{"type":"Feature","properties":{"k":"rough"},"geometry":{"type":"Polygon","coordinates":[[[-119.95049,38.973551],[-119.95037,38.973638],[-119.950303,38.973643],[-119.950373,38.97355],[-119.950371,38.973486],[-119.950306,38.973382],[-119.950207,38.973311],[-119.950029,38.97323],[-119.949902,38.973146],[-119.950057,38.973119],[-119.950144,38.97309],[-119.950202,38.973043],[-119.950236,38.972977],[-119.950226,38.972852],[-119.950194,38.972678],[-119.950144,38.972568],[-119.950078,38.972474],[-119.950018,38.972359],[-119.95,38.972279],[-119.950032,38.972262],[-119.950088,38.972272],[-119.950195,38.972263],[-119.950258,38.972274],[-119.950293,38.972303],[-119.950313,38.972348],[-119.950337,38.972441],[-119.950354,38.972474],[-119.950373,38.972617],[-119.950411,38.972676],[-119.950464,38.972882],[-119.950552,38.973077],[-119.950592,38.973252],[-119.950583,38.973379],[-119.950563,38.973437],[-119.95049,38.973551]]]}},{"type":"Feature","properties":{"k":"rough"},"geometry":{"type":"Polygon","coordinates":[[[-119.949862,38.972014],[-119.949687,38.971852],[-119.949668,38.971802],[-119.949654,38.97174],[-119.949708,38.971593],[-119.949706,38.971469],[-119.949663,38.971417],[-119.94963,38.97135],[-119.949682,38.971209],[-119.949726,38.971161],[-119.949801,38.971137],[-119.949888,38.971127],[-119.949982,38.971129],[-119.95003,38.97116],[-119.950063,38.971203],[-119.950094,38.971328],[-119.950084,38.971427],[-119.95009,38.971457],[-119.950134,38.971558],[-119.950141,38.971608],[-119.950135,38.971706],[-119.950121,38.971754],[-119.950093,38.971789],[-119.950029,38.971837],[-119.950005,38.971866],[-119.94993,38.971999],[-119.949922,38.972027],[-119.949903,38.972048],[-119.949882,38.972058],[-119.949862,38.972014]]]}},{"type":"Feature","properties":{"k":"rough"},"geometry":{"type":"Polygon","coordinates":[[[-119.948599,38.972428],[-119.948564,38.972353],[-119.948538,38.972227],[-119.948651,38.971899],[-119.94864,38.971832],[-119.948618,38.971796],[-119.948622,38.971712],[-119.948607,38.971639],[-119.948649,38.971307],[-119.948703,38.970667],[-119.948694,38.970589],[-119.948646,38.97054],[-119.94856,38.970496],[-119.948527,38.970449],[-119.9485,38.970359],[-119.948517,38.970149],[-119.948555,38.970086],[-119.948614,38.969946],[-119.948652,38.969802],[-119.94865,38.969639],[-119.948607,38.969538],[-119.948548,38.969121],[-119.948546,38.968987],[-119.948591,38.968711],[-119.948458,38.968574],[-119.948452,38.968485],[-119.948485,38.968368],[-119.948517,38.968176],[-119.948622,38.967898],[-119.948706,38.967818],[-119.948754,38.967836],[-119.948786,38.96788],[-119.948882,38.9679],[-119.948985,38.96791],[-119.949108,38.967897],[-119.949154,38.967878],[-119.949184,38.967842],[-119.949206,38.967799],[-119.949228,38.96771],[-119.949232,38.967669],[-119.949212,38.967622],[-119.949163,38.967583],[-119.949086,38.967542],[-119.949068,38.967363],[-119.94904,38.967323],[-119.948989,38.967302],[-119.948858,38.967267],[-119.948725,38.967092],[-119.948677,38.967049],[-119.948628,38.96702],[-119.948685,38.967035],[-119.948774,38.967045],[-119.949093,38.967026],[-119.949258,38.967039],[-119.949326,38.967074],[-119.949389,38.967151],[-119.949449,38.967241],[-119.949487,38.967345],[-119.949517,38.967596],[-119.949502,38.967703],[-119.949432,38.96798],[-119.949419,38.968098],[-119.949381,38.96818],[-119.949237,38.968332],[-119.949193,38.96844],[-119.949178,38.968569],[-119.94919,38.968671],[-119.949181,38.968782],[-119.949119,38.968941],[-119.94907,38.969035],[-119.949067,38.969158],[-119.949201,38.969627],[-119.949222,38.969766],[-119.949184,38.97017],[-119.949094,38.97051],[-119.949046,38.970528],[-119.948948,38.970524],[-119.948911,38.970531],[-119.948905,38.970556],[-119.948921,38.970579],[-119.948964,38.970726],[-119.948949,38.970938],[-119.948884,38.971252],[-119.94886,38.971424],[-119.94886,38.971488],[-119.948844,38.971566],[-119.948821,38.971596],[-119.948824,38.971679],[-119.948865,38.971715],[-119.948842,38.971804],[-119.948808,38.971843],[-119.948762,38.971869],[-119.948765,38.971914],[-119.948854,38.971906],[-119.948867,38.971915],[-119.948858,38.972165],[-119.948841,38.972343],[-119.94881,38.972414],[-119.948774,38.972462],[-119.948713,38.972473],[-119.948642,38.972462],[-119.948613,38.972449],[-119.948599,38.972428]]]}},{"type":"Feature","properties":{"k":"path"},"geometry":{"type":"LineString","coordinates":[[-119.948566,38.966996],[-119.94851,38.967059]]}},{"type":"Feature","properties":{"k":"path"},"geometry":{"type":"LineString","coordinates":[[-119.947082,38.967593],[-119.947072,38.96767]]}},{"type":"Feature","properties":{"k":"path"},"geometry":{"type":"LineString","coordinates":[[-119.944056,38.967529],[-119.944007,38.96744]]}},{"type":"Feature","properties":{"k":"path"},"geometry":{"type":"LineString","coordinates":[[-119.940086,38.96692],[-119.940172,38.966975]]}},{"type":"Feature","properties":{"k":"tee"},"geometry":{"type":"Polygon","coordinates":[[[-119.944092,38.96552],[-119.94411,38.965538],[-119.944105,38.96557],[-119.944067,38.965586],[-119.944038,38.965578],[-119.944022,38.965557],[-119.944026,38.965534],[-119.944049,38.965517],[-119.944092,38.96552]]]}},{"type":"Feature","properties":{"k":"path"},"geometry":{"type":"LineString","coordinates":[[-119.943127,38.966192],[-119.942989,38.966165]]}},{"type":"Feature","properties":{"k":"path"},"geometry":{"type":"LineString","coordinates":[[-119.948243,38.966344],[-119.948071,38.966501],[-119.947968,38.966564],[-119.947848,38.966592],[-119.947735,38.966595],[-119.947521,38.966558],[-119.947424,38.966552],[-119.947264,38.966517],[-119.947107,38.966532]]}},{"type":"Feature","properties":{"k":"path"},"geometry":{"type":"LineString","coordinates":[[-119.945941,38.965641],[-119.946043,38.965616]]}},{"type":"Feature","properties":{"k":"path"},"geometry":{"type":"LineString","coordinates":[[-119.946864,38.962023],[-119.946751,38.961994],[-119.946659,38.962001],[-119.946443,38.962041],[-119.946259,38.962122],[-119.946181,38.96218],[-119.946094,38.962302],[-119.945935,38.962589],[-119.945894,38.96271],[-119.9458,38.963082],[-119.945726,38.963479],[-119.945686,38.96376],[-119.945659,38.964212],[-119.945917,38.965355],[-119.946043,38.965616],[-119.94615,38.965643],[-119.946239,38.965773]]}},{"type":"Feature","properties":{"k":"path"},"geometry":{"type":"LineString","coordinates":[[-119.938881,38.966627],[-119.93884,38.966764]]}},{"type":"Feature","properties":{"k":"path"},"geometry":{"type":"LineString","coordinates":[[-119.938079,38.967878],[-119.938245,38.967854]]}}]}