{"type":"FeatureCollection","features":[{"type":"Feature","properties":{"k":"hole","ref":"1","par":5},"geometry":{"type":"LineString","coordinates":[[-122.705746,45.604854],[-122.704419,45.606609],[-122.700999,45.607205]]}},{"type":"Feature","properties":{"k":"hole","ref":"1","par":4},"geometry":{"type":"LineString","coordinates":[[-122.703303,45.604263],[-122.700873,45.604915],[-122.699125,45.604059]]}},{"type":"Feature","properties":{"k":"hole","ref":"2","par":5},"geometry":{"type":"LineString","coordinates":[[-122.699834,45.605212],[-122.697577,45.603683],[-122.69544,45.603016],[-122.694479,45.602562]]}},{"type":"Feature","properties":{"k":"hole","ref":"2","par":4},"geometry":{"type":"LineString","coordinates":[[-122.700566,45.606605],[-122.698211,45.605767],[-122.697024,45.604487]]}},{"type":"Feature","properties":{"k":"hole","ref":"3","par":3},"geometry":{"type":"LineString","coordinates":[[-122.6964,45.604457],[-122.696449,45.60589]]}},{"type":"Feature","properties":{"k":"hole","ref":"3","par":4},"geometry":{"type":"LineString","coordinates":[[-122.693961,45.603303],[-122.694031,45.601914],[-122.694421,45.600569]]}},{"type":"Feature","properties":{"k":"hole","ref":"4","par":3},"geometry":{"type":"LineString","coordinates":[[-122.694974,45.600582],[-122.695158,45.601899]]}},{"type":"Feature","properties":{"k":"hole","ref":"4","par":4},"geometry":{"type":"LineString","coordinates":[[-122.696257,45.606268],[-122.697636,45.606722],[-122.69888,45.607074],[-122.700352,45.606956]]}},{"type":"Feature","properties":{"k":"hole","ref":"5","par":5},"geometry":{"type":"LineString","coordinates":[[-122.69494,45.602177],[-122.695845,45.602431],[-122.697761,45.603096],[-122.701062,45.603959]]}},{"type":"Feature","properties":{"k":"hole","ref":"5","par":5},"geometry":{"type":"LineString","coordinates":[[-122.700852,45.607677],[-122.703878,45.607625],[-122.705909,45.606344]]}},{"type":"Feature","properties":{"k":"hole","ref":"6","par":3},"geometry":{"type":"LineString","coordinates":[[-122.701645,45.603789],[-122.700534,45.602359]]}},{"type":"Feature","properties":{"k":"hole","ref":"6","par":4},"geometry":{"type":"LineString","coordinates":[[-122.706702,45.606067],[-122.705942,45.6077],[-122.704018,45.608227]]}},{"type":"Feature","properties":{"k":"hole","ref":"7","par":4},"geometry":{"type":"LineString","coordinates":[[-122.700361,45.60315],[-122.69802,45.602498],[-122.696149,45.601857]]}},{"type":"Feature","properties":{"k":"hole","ref":"7","par":3},"geometry":{"type":"LineString","coordinates":[[-122.704185,45.608735],[-122.706696,45.608849]]}},{"type":"Feature","properties":{"k":"hole","ref":"8","par":4},"geometry":{"type":"LineString","coordinates":[[-122.706785,45.608364],[-122.70781,45.606899],[-122.709566,45.606503]]}},{"type":"Feature","properties":{"k":"hole","ref":"9","par":4},"geometry":{"type":"LineString","coordinates":[[-122.700943,45.600892],[-122.702072,45.602844],[-122.7026,45.60422]]}},{"type":"Feature","properties":{"k":"hole","ref":"9","par":4},"geometry":{"type":"LineString","coordinates":[[-122.710586,45.606159],[-122.708034,45.605892],[-122.706295,45.605136]]}},{"type":"Feature","properties":{"k":"hole","ref":"10","par":4},"geometry":{"type":"LineString","coordinates":[[-122.704927,45.60351],[-122.703735,45.60109],[-122.703002,45.600404]]}},{"type":"Feature","properties":{"k":"hole","ref":"10","par":5},"geometry":{"type":"LineString","coordinates":[[-122.705431,45.603664],[-122.704993,45.601801],[-122.706415,45.599796]]}},{"type":"Feature","properties":{"k":"hole","ref":"11","par":4},"geometry":{"type":"LineString","coordinates":[[-122.707185,45.599829],[-122.709443,45.600425],[-122.711073,45.601487]]}},{"type":"Feature","properties":{"k":"hole","ref":"11","par":3},"geometry":{"type":"LineString","coordinates":[[-122.703547,45.600083],[-122.705444,45.599441]]}},{"type":"Feature","properties":{"k":"hole","ref":"12","par":5},"geometry":{"type":"LineString","coordinates":[[-122.705957,45.599266],[-122.708477,45.599452],[-122.711524,45.600748]]}},{"type":"Feature","properties":{"k":"hole","ref":"12","par":4},"geometry":{"type":"LineString","coordinates":[[-122.711377,45.602157],[-122.708766,45.601033],[-122.706826,45.600902]]}},{"type":"Feature","properties":{"k":"hole","ref":"13","par":4},"geometry":{"type":"LineString","coordinates":[[-122.711903,45.599859],[-122.708788,45.598985],[-122.707087,45.598568]]}},{"type":"Feature","properties":{"k":"hole","ref":"13","par":5},"geometry":{"type":"LineString","coordinates":[[-122.705821,45.601501],[-122.708795,45.601843],[-122.710829,45.603308]]}},{"type":"Feature","properties":{"k":"hole","ref":"14","par":4},"geometry":{"type":"LineString","coordinates":[[-122.706677,45.597761],[-122.709384,45.598203],[-122.71092,45.598615]]}},{"type":"Feature","properties":{"k":"hole","ref":"14","par":3},"geometry":{"type":"LineString","coordinates":[[-122.711301,45.604198],[-122.709237,45.603281]]}},{"type":"Feature","properties":{"k":"hole","ref":"15","par":3},"geometry":{"type":"LineString","coordinates":[[-122.711932,45.599397],[-122.711329,45.597943]]}},{"type":"Feature","properties":{"k":"hole","ref":"15","par":4},"geometry":{"type":"LineString","coordinates":[[-122.709674,45.602933],[-122.707382,45.602316],[-122.70617,45.602537]]}},{"type":"Feature","properties":{"k":"hole","ref":"16","par":3},"geometry":{"type":"LineString","coordinates":[[-122.705797,45.60299],[-122.707519,45.603858]]}},{"type":"Feature","properties":{"k":"hole","ref":"16","par":4},"geometry":{"type":"LineString","coordinates":[[-122.711392,45.597501],[-122.709039,45.597231],[-122.706979,45.597517]]}},{"type":"Feature","properties":{"k":"hole","ref":"17","par":5},"geometry":{"type":"LineString","coordinates":[[-122.706322,45.597426],[-122.704455,45.599123],[-122.701915,45.600174]]}},{"type":"Feature","properties":{"k":"hole","ref":"17","par":4},"geometry":{"type":"LineString","coordinates":[[-122.707361,45.604339],[-122.710045,45.604342],[-122.71102,45.605203]]}},{"type":"Feature","properties":{"k":"hole","ref":"18","par":4},"geometry":{"type":"LineString","coordinates":[[-122.701425,45.600531],[-122.702954,45.601882],[-122.703682,45.603484]]}},{"type":"Feature","properties":{"k":"hole","ref":"18","par":4},"geometry":{"type":"LineString","coordinates":[[-122.710792,45.605776],[-122.708675,45.605047],[-122.706655,45.604669]]}},{"type":"Feature","properties":{"k":"water"},"geometry":{"type":"Polygon","coordinates":[[[-122.705562,45.597459],[-122.705687,45.597393],[-122.705741,45.597342],[-122.705775,45.597325],[-122.705824,45.597322],[-122.705846,45.597332],[-122.705856,45.597387],[-122.705962,45.597463],[-122.706111,45.597506],[-122.706194,45.597587],[-122.706181,45.59767],[-122.706091,45.597807],[-122.706083,45.597972],[-122.706038,45.59807],[-122.705704,45.598221],[-122.705529,45.598375],[-122.705439,45.59847],[-122.705407,45.598611],[-122.705371,45.598656],[-122.705331,45.598673],[-122.705184,45.598683],[-122.704953,45.598741],[-122.704753,45.598781],[-122.704644,45.598819],[-122.704546,45.598865],[-122.70433,45.598947],[-122.703861,45.599075],[-122.703297,45.59927],[-122.702664,45.599456],[-122.702591,45.59949],[-122.702361,45.599626],[-122.702101,45.599809],[-122.70196,45.599925],[-122.701808,45.600024],[-122.701665,45.600095],[-122.701636,45.600121],[-122.701601,45.600181],[-122.701311,45.600427],[-122.701204,45.6005],[-122.7012,45.600546],[-122.701228,45.60059],[-122.701632,45.600791],[-122.701813,45.600865],[-122.70213,45.601012],[-122.702429,45.601247],[-122.702502,45.601315],[-122.702505,45.601399],[-122.702579,45.601616],[-122.702592,45.601784],[-122.702565,45.601887],[-122.702634,45.602093],[-122.702762,45.60225],[-122.702941,45.602404],[-122.703012,45.602442],[-122.703051,45.602473],[-122.703113,45.602543],[-122.703293,45.602885],[-122.703423,45.603057],[-122.70348,45.603109],[-122.703586,45.603241],[-122.703603,45.60329],[-122.703594,45.603319],[-122.703553,45.603369],[-122.703481,45.6034],[-122.703383,45.603431],[-122.703327,45.603431],[-122.703276,45.603414],[-122.703234,45.603349],[-122.703011,45.603129],[-122.702582,45.60251],[-122.702524,45.60226],[-122.702459,45.602144],[-122.702326,45.602003],[-122.702336,45.601902],[-122.702294,45.601793],[-122.702216,45.601642],[-122.702097,45.601455],[-122.701931,45.601298],[-122.701617,45.601058],[-122.701055,45.600679],[-122.700981,45.600655],[-122.700902,45.600679],[-122.700598,45.600904],[-122.700363,45.6011],[-122.700136,45.601369],[-122.700068,45.601413],[-122.699889,45.601498],[-122.699407,45.60175],[-122.699117,45.601783],[-122.698773,45.601717],[-122.697375,45.601423],[-122.696984,45.60139],[-122.696753,45.601298],[-122.696729,45.601162],[-122.696794,45.601029],[-122.696765,45.600944],[-122.696751,45.600932],[-122.696704,45.600936],[-122.696679,45.600918],[-122.696651,45.600841],[-122.696724,45.600785],[-122.696793,45.600773],[-122.696862,45.600786],[-122.696894,45.600805],[-122.696924,45.600805],[-122.69695,45.600827],[-122.696934,45.600845],[-122.696943,45.600861],[-122.696981,45.600877],[-122.69707,45.600869],[-122.697443,45.601071],[-122.69761,45.601195],[-122.697702,45.601275],[-122.698546,45.601501],[-122.699132,45.601599],[-122.69942,45.601665],[-122.69949,45.601649],[-122.699921,45.601403],[-122.699946,45.601365],[-122.700429,45.60085],[-122.700538,45.600758],[-122.700955,45.600498],[-122.701254,45.600263],[-122.701574,45.599981],[-122.702278,45.599479],[-122.702499,45.599356],[-122.70438,45.598743],[-122.704763,45.598604],[-122.704998,45.598529],[-122.705072,45.598487],[-122.705227,45.598317],[-122.705341,45.598212],[-122.705449,45.598132],[-122.705752,45.597986],[-122.705794,45.597933],[-122.70582,45.597835],[-122.705797,45.59774],[-122.705728,45.597666],[-122.705544,45.597501],[-122.705562,45.597459]]]}},{"type":"Feature","properties":{"k":"water"},"geometry":{"type":"Polygon","coordinates":[[[-122.711632,45.601284],[-122.711486,45.600944],[-122.711034,45.60053],[-122.710668,45.600358],[-122.710582,45.600368],[-122.710575,45.600437],[-122.710735,45.600819],[-122.710908,45.600926],[-122.711426,45.601102],[-122.711632,45.601284]]]}},{"type":"Feature","properties":{"k":"water"},"geometry":{"type":"Polygon","coordinates":[[[-122.710846,45.604672],[-122.710868,45.604682],[-122.710866,45.604775],[-122.710889,45.604832],[-122.710919,45.604852],[-122.71091,45.604866],[-122.710916,45.604892],[-122.710953,45.604917],[-122.711006,45.6049],[-122.711129,45.604927],[-122.711207,45.604911],[-122.711214,45.6049],[-122.711379,45.604856],[-122.711445,45.604849],[-122.71149,45.604824],[-122.71153,45.604718],[-122.711529,45.604679],[-122.711449,45.604634],[-122.711397,45.604681],[-122.711281,45.604715],[-122.711254,45.604693],[-122.711185,45.604695],[-122.71115,45.604707],[-122.711112,45.604709],[-122.710978,45.604664],[-122.710915,45.604605],[-122.710889,45.604601],[-122.710852,45.604618],[-122.710846,45.604672]]]}},{"type":"Feature","properties":{"k":"water"},"geometry":{"type":"Polygon","coordinates":[[[-122.705202,45.603947],[-122.705038,45.603845],[-122.70496,45.603759],[-122.704978,45.603716],[-122.705009,45.603682],[-122.705118,45.603658],[-122.705191,45.603665],[-122.705385,45.603749],[-122.70559,45.603813],[-122.705644,45.60384],[-122.705667,45.603873],[-122.70566,45.603935],[-122.705635,45.603969],[-122.705601,45.603997],[-122.705379,45.604005],[-122.705202,45.603947]]]}},{"type":"Feature","properties":{"k":"water"},"geometry":{"type":"Polygon","coordinates":[[[-122.704529,45.600142],[-122.704594,45.600155],[-122.70465,45.600154],[-122.704697,45.600142],[-122.704715,45.600084],[-122.704436,45.599922],[-122.704397,45.59987],[-122.704423,45.599819],[-122.704674,45.599606],[-122.70464,45.599529],[-122.704556,45.599507],[-122.704495,45.599502],[-122.70443,45.599509],[-122.703959,45.599623],[-122.703796,45.599698],[-122.703687,45.59976],[-122.703647,45.599804],[-122.703656,45.599859],[-122.703741,45.599942],[-122.703746,45.59999],[-122.703795,45.600069],[-122.703857,45.600124],[-122.703915,45.600142],[-122.704018,45.600155],[-122.704072,45.600202],[-122.704152,45.600297],[-122.704223,45.600305],[-122.704293,45.600281],[-122.704401,45.600204],[-122.704529,45.600142]]]}},{"type":"Feature","properties":{"k":"water"},"geometry":{"type":"Polygon","coordinates":[[[-122.711438,45.599066],[-122.711568,45.599044],[-122.711679,45.598973],[-122.711731,45.598888],[-122.711725,45.598779],[-122.711682,45.598645],[-122.711643,45.598284],[-122.711584,45.598188],[-122.711442,45.598106],[-122.711155,45.598068],[-122.709223,45.597533],[-122.70905,45.597506],[-122.708963,45.59753],[-122.708834,45.597626],[-122.708787,45.597687],[-122.70878,45.597741],[-122.708849,45.597827],[-122.709003,45.597848],[-122.70916,45.597833],[-122.709337,45.597846],[-122.710355,45.598243],[-122.710689,45.598467],[-122.710783,45.598487],[-122.710915,45.598472],[-122.710991,45.59844],[-122.711128,45.598436],[-122.711176,45.598497],[-122.71116,45.598715],[-122.711172,45.599004],[-122.711185,45.599051],[-122.711235,45.599086],[-122.71132,45.599082],[-122.711438,45.599066]]]}},{"type":"Feature","properties":{"k":"water"},"geometry":{"type":"Polygon","coordinates":[[[-122.7024,45.604119],[-122.702435,45.604064],[-122.702454,45.604003],[-122.702446,45.60391],[-122.702421,45.603824],[-122.702264,45.603572],[-122.702226,45.603538],[-122.702181,45.603514],[-122.702144,45.603506],[-122.702099,45.603509],[-122.701999,45.603536],[-122.701958,45.603581],[-122.701936,45.603669],[-122.701939,45.603753],[-122.701957,45.603792],[-122.701954,45.603835],[-122.701905,45.603898],[-122.701866,45.603973],[-122.701759,45.60402],[-122.701654,45.604039],[-122.701574,45.604068],[-122.701535,45.604089],[-122.701471,45.604143],[-122.701263,45.604216],[-122.701154,45.60428],[-122.701112,45.604314],[-122.701098,45.604411],[-122.701164,45.604484],[-122.701264,45.60451],[-122.701606,45.60448],[-122.701695,45.604489],[-122.701927,45.604629],[-122.701999,45.604649],[-122.702239,45.60459],[-122.702451,45.604514],[-122.702482,45.604487],[-122.702497,45.604453],[-122.702484,45.604426],[-122.702346,45.604331],[-122.702328,45.604299],[-122.702342,45.604197],[-122.7024,45.604119]]]}},{"type":"Feature","properties":{"k":"water"},"geometry":{"type":"Polygon","coordinates":[[[-122.705825,45.603327],[-122.70584,45.603261],[-122.705906,45.603238],[-122.706005,45.603234],[-122.706056,45.603246],[-122.706161,45.603287],[-122.70629,45.603369],[-122.70644,45.603499],[-122.706485,45.603595],[-122.706508,45.603713],[-122.70657,45.603785],[-122.706614,45.60382],[-122.706761,45.603862],[-122.706832,45.603869],[-122.706878,45.603854],[-122.706925,45.603878],[-122.706922,45.603912],[-122.706856,45.603997],[-122.706754,45.604055],[-122.706643,45.604141],[-122.706584,45.604151],[-122.7065,45.604122],[-122.706476,45.604077],[-122.706473,45.60403],[-122.706452,45.603988],[-122.706419,45.603964],[-122.706366,45.603979],[-122.706279,45.604047],[-122.706139,45.604097],[-122.706073,45.604105],[-122.706015,45.604092],[-122.705968,45.604065],[-122.705951,45.604013],[-122.705902,45.603973],[-122.705919,45.603871],[-122.705878,45.603834],[-122.705835,45.603829],[-122.705798,45.603834],[-122.705729,45.603767],[-122.705736,45.603732],[-122.705818,45.603635],[-122.705843,45.603574],[-122.705841,45.603454],[-122.705825,45.603327]]]}},{"type":"Feature","properties":{"k":"water"},"geometry":{"type":"Polygon","coordinates":[[[-122.71032,45.602927],[-122.710194,45.602899],[-122.710061,45.602936],[-122.709938,45.603083],[-122.709978,45.603171],[-122.710111,45.603227],[-122.710194,45.603289],[-122.710261,45.603396],[-122.71038,45.603436],[-122.710523,45.603417],[-122.710599,45.603352],[-122.710593,45.603187],[-122.710656,45.603129],[-122.710905,45.603071],[-122.710998,45.603057],[-122.711058,45.603124],[-122.711154,45.603155],[-122.71127,45.603089],[-122.711353,45.60307],[-122.711426,45.603083],[-122.711552,45.603124],[-122.711609,45.60312],[-122.711638,45.603088],[-122.711613,45.602852],[-122.711544,45.602861],[-122.711488,45.602908],[-122.711433,45.602939],[-122.71132,45.602985],[-122.711207,45.602956],[-122.711005,45.60295],[-122.710797,45.60298],[-122.710589,45.602962],[-122.71051,45.60292],[-122.710417,45.602931],[-122.710357,45.602952],[-122.71032,45.602927]]]}},{"type":"Feature","properties":{"k":"water"},"geometry":{"type":"Polygon","coordinates":[[[-122.707348,45.606271],[-122.707267,45.606214],[-122.707218,45.606192],[-122.707111,45.606203],[-122.707055,45.606285],[-122.706952,45.606372],[-122.706849,45.606428],[-122.706786,45.606472],[-122.70677,45.606535],[-122.706781,45.606584],[-122.706759,45.60664],[-122.706694,45.606734],[-122.706623,45.60682],[-122.70656,45.606832],[-122.706515,45.606859],[-122.70647,45.606906],[-122.706476,45.607001],[-122.706553,45.607106],[-122.706567,45.607278],[-122.706685,45.607408],[-122.706729,45.607522],[-122.706774,45.607579],[-122.706991,45.607683],[-122.707014,45.607733],[-122.707133,45.607763],[-122.707232,45.607769],[-122.70727,45.607748],[-122.707298,45.607697],[-122.707117,45.607474],[-122.707034,45.607403],[-122.707032,45.607327],[-122.707054,45.6073],[-122.707119,45.607278],[-122.707163,45.607224],[-122.707246,45.606999],[-122.707308,45.606967],[-122.707421,45.606938],[-122.707461,45.606881],[-122.707486,45.606821],[-122.707554,45.606763],[-122.70764,45.606722],[-122.707724,45.606641],[-122.707885,45.606521],[-122.708103,45.606375],[-122.708378,45.606225],[-122.708418,45.606167],[-122.708385,45.606145],[-122.708251,45.606188],[-122.707978,45.606327],[-122.707756,45.60647],[-122.707574,45.606408],[-122.707453,45.606353],[-122.707348,45.606271]]]}},{"type":"Feature","properties":{"k":"water"},"geometry":{"type":"Polygon","coordinates":[[[-122.70636,45.602783],[-122.70628,45.602883],[-122.706295,45.602936],[-122.706364,45.603008],[-122.706466,45.603081],[-122.70668,45.60319],[-122.706731,45.60327],[-122.70674,45.603336],[-122.706813,45.603453],[-122.706892,45.603717],[-122.706923,45.603761],[-122.707,45.603785],[-122.707077,45.603775],[-122.707263,45.603778],[-122.707368,45.60377],[-122.707477,45.603745],[-122.707625,45.603676],[-122.707696,45.603664],[-122.707866,45.603674],[-122.708045,45.603754],[-122.708104,45.603791],[-122.708099,45.603836],[-122.708138,45.603982],[-122.708192,45.604085],[-122.708264,45.604129],[-122.708476,45.604292],[-122.708512,45.604329],[-122.70851,45.604355],[-122.708534,45.604409],[-122.708594,45.604416],[-122.708646,45.604404],[-122.70872,45.604332],[-122.708762,45.604263],[-122.708776,45.604091],[-122.70884,45.604012],[-122.708912,45.604012],[-122.708973,45.604034],[-122.709185,45.604197],[-122.709337,45.604244],[-122.709485,45.604188],[-122.709599,45.604129],[-122.709743,45.604036],[-122.709897,45.604026],[-122.710003,45.604043],[-122.710095,45.60404],[-122.710165,45.604054],[-122.710272,45.604014],[-122.710306,45.603952],[-122.710297,45.603901],[-122.710248,45.603845],[-122.710101,45.603784],[-122.709886,45.603726],[-122.7097,45.603613],[-122.709493,45.603561],[-122.709366,45.603552],[-122.708961,45.603406],[-122.708865,45.603245],[-122.708711,45.603165],[-122.708533,45.603164],[-122.708452,45.603124],[-122.708482,45.603039],[-122.708555,45.602964],[-122.708716,45.602874],[-122.708742,45.602811],[-122.708725,45.60275],[-122.708692,45.602685],[-122.708622,45.60264],[-122.70853,45.602646],[-122.708434,45.602642],[-122.708379,45.602649],[-122.708312,45.602671],[-122.708252,45.602668],[-122.708168,45.602652],[-122.708085,45.602665],[-122.707959,45.602709],[-122.707824,45.602667],[-122.707645,45.602629],[-122.707582,45.602646],[-122.707486,45.602693],[-122.707423,45.602699],[-122.707348,45.60268],[-122.707234,45.602559],[-122.707159,45.60253],[-122.70708,45.602549],[-122.706933,45.602628],[-122.706877,45.602647],[-122.706855,45.602666],[-122.706811,45.602664],[-122.706724,45.602595],[-122.706682,45.602555],[-122.706632,45.602482],[-122.706583,45.602447],[-122.706497,45.602454],[-122.706438,45.602475],[-122.70639,45.602548],[-122.70642,45.602643],[-122.706412,45.60273],[-122.70636,45.602783]]]}},{"type":"Feature","properties":{"k":"path"},"geometry":{"type":"LineString","coordinates":[[-122.705187,45.604374],[-122.705314,45.604428],[-122.70541,45.604147],[-122.705059,45.603955],[-122.704937,45.603848],[-122.704875,45.60373],[-122.704701,45.603506],[-122.704647,45.603482],[-122.704634,45.603387],[-122.704554,45.603207],[-122.70455,45.603127],[-122.70463,45.602899],[-122.704626,45.602756],[-122.704634,45.602666],[-122.704674,45.602583],[-122.704688,45.602462],[-122.704647,45.602297],[-122.704642,45.602157],[-122.704452,45.601781],[-122.704441,45.601718],[-122.704457,45.601639],[-122.704462,45.601523],[-122.704395,45.601414],[-122.704374,45.601286],[-122.704304,45.601207],[-122.7042,45.601145],[-122.704071,45.601087],[-122.703907,45.600882],[-122.703754,45.600627],[-122.703627,45.600534],[-122.703521,45.600473],[-122.703426,45.600381],[-122.703332,45.600338],[-122.703281,45.600296],[-122.70328,45.600248],[-122.703317,45.60022],[-122.703406,45.600202],[-122.703533,45.600206],[-122.70363,45.600219],[-122.703694,45.600255],[-122.703949,45.600493],[-122.704029,45.60054],[-122.704133,45.60056],[-122.704232,45.600549],[-122.704378,45.6005],[-122.704834,45.600231],[-122.705149,45.599965],[-122.705247,45.599898],[-122.705598,45.599766],[-122.705671,45.599711],[-122.705814,45.599521],[-122.70583,45.599433],[-122.705818,45.599296],[-122.70585,45.59921],[-122.705946,45.59913],[-122.706378,45.598919],[-122.706536,45.598886],[-122.706756,45.598874],[-122.706902,45.598886],[-122.707027,45.598932],[-122.707214,45.599019],[-122.707668,45.599118],[-122.707795,45.59912],[-122.707936,45.599111],[-122.708058,45.599124],[-122.708254,45.599165],[-122.708534,45.599246],[-122.708895,45.599251],[-122.70899,45.599283],[-122.709124,45.599378],[-122.709188,45.599413],[-122.709343,45.599432],[-122.70945,45.599478],[-122.709677,45.599605],[-122.709817,45.599639],[-122.710072,45.599681],[-122.710429,45.599818],[-122.710616,45.599872],[-122.710885,45.599907],[-122.711018,45.599964],[-122.71119,45.599986],[-122.711297,45.60003],[-122.711507,45.600148],[-122.711692,45.60021],[-122.711777,45.600251],[-122.711822,45.600316],[-122.711882,45.600449],[-122.711875,45.600504],[-122.711842,45.600528],[-122.711797,45.600533],[-122.711761,45.600523],[-122.711731,45.600496],[-122.711728,45.600461],[-122.711759,45.6004],[-122.711822,45.600316]]}},{"type":"Feature","properties":{"k":"path"},"geometry":{"type":"LineString","coordinates":[[-122.710949,45.603083],[-122.710952,45.603102],[-122.711014,45.603145],[-122.71114,45.603203],[-122.711169,45.603251],[-122.711155,45.603413],[-122.711163,45.603521],[-122.711151,45.603637],[-122.711126,45.603681],[-122.711016,45.603777],[-122.711014,45.603809],[-122.711043,45.603837],[-122.711113,45.603857],[-122.711155,45.603895],[-122.711159,45.603943],[-122.711121,45.603972],[-122.711058,45.603974],[-122.710996,45.603943],[-122.710874,45.60384],[-122.710615,45.603725],[-122.710181,45.603466],[-122.7098,45.603216],[-122.709694,45.603134],[-122.709638,45.603056],[-122.709565,45.603032],[-122.709256,45.603004],[-122.709146,45.60295],[-122.708969,45.602906],[-122.708889,45.602862],[-122.708792,45.602693],[-122.708424,45.602405],[-122.708257,45.602297],[-122.708094,45.602228],[-122.707864,45.60217],[-122.707305,45.602104],[-122.707161,45.602099],[-122.707023,45.602114],[-122.706756,45.602169],[-122.706634,45.602172],[-122.706398,45.602147],[-122.706331,45.602152],[-122.705962,45.602236],[-122.705838,45.602293],[-122.705744,45.602372],[-122.705727,45.60246],[-122.705759,45.602576],[-122.705762,45.602686],[-122.705799,45.602788],[-122.70586,45.602879],[-122.705955,45.602948],[-122.706434,45.603166],[-122.706592,45.603288],[-122.706697,45.603424],[-122.706813,45.6037],[-122.706863,45.603777],[-122.706953,45.60383],[-122.707015,45.60389],[-122.707031,45.603953],[-122.707086,45.604028],[-122.70721,45.60409],[-122.707399,45.604135],[-122.707657,45.604239],[-122.708049,45.604283],[-122.708362,45.604352],[-122.70847,45.604463],[-122.708582,45.604533],[-122.708801,45.604602],[-122.709001,45.60463],[-122.709194,45.604637],[-122.709336,45.60467],[-122.709501,45.604746],[-122.709931,45.604973],[-122.710146,45.605037],[-122.71041,45.60517],[-122.710526,45.605273],[-122.710618,45.605387],[-122.710673,45.605423],[-122.710735,45.605436],[-122.710897,45.605425],[-122.710949,45.605441],[-122.710972,45.605483],[-122.710972,45.60552],[-122.710837,45.605619],[-122.710734,45.605653],[-122.710688,45.605655],[-122.710389,45.605568],[-122.710283,45.605519],[-122.710163,45.605505],[-122.709404,45.605501],[-122.709256,45.605486],[-122.708462,45.605267],[-122.707766,45.605015],[-122.707628,45.605004],[-122.707466,45.605004],[-122.707296,45.604988],[-122.707096,45.604954],[-122.706992,45.604958],[-122.706871,45.604991],[-122.706773,45.60499],[-122.706698,45.604971],[-122.706466,45.604852],[-122.706348,45.604801],[-122.706225,45.604782],[-122.706079,45.604776],[-122.705944,45.60476],[-122.706006,45.604812],[-122.706025,45.604876],[-122.706007,45.604922],[-122.705813,45.605109],[-122.705793,45.605162],[-122.705797,45.605193],[-122.705843,45.605229],[-122.706019,45.605282],[-122.706184,45.605358],[-122.706525,45.605477],[-122.706899,45.605584],[-122.70731,45.605779],[-122.707581,45.605954],[-122.707956,45.606111],[-122.708069,45.606126],[-122.708251,45.606097],[-122.708392,45.606089],[-122.709097,45.606179],[-122.709312,45.606197],[-122.709536,45.606174],[-122.709661,45.606174],[-122.709846,45.606212],[-122.710001,45.606222],[-122.710072,45.606239],[-122.710125,45.606277],[-122.710147,45.606343],[-122.710129,45.606392],[-122.709779,45.606689],[-122.709545,45.606838],[-122.709368,45.606892],[-122.709261,45.606893],[-122.709124,45.606862],[-122.70897,45.606839],[-122.708814,45.60684],[-122.708651,45.606878],[-122.708299,45.606928],[-122.708212,45.606965],[-122.708157,45.607034],[-122.708022,45.607264],[-122.707931,45.607365],[-122.707732,45.60751],[-122.70765,45.607654],[-122.707508,45.607767],[-122.707383,45.60784],[-122.707273,45.607859],[-122.707078,45.607858],[-122.707007,45.607865],[-122.706913,45.607892],[-122.706823,45.607944],[-122.706653,45.60814],[-122.706524,45.608316],[-122.706516,45.60836],[-122.706584,45.60843],[-122.706599,45.608465],[-122.706587,45.608511],[-122.70654,45.608556],[-122.706407,45.608599],[-122.706231,45.608632],[-122.706074,45.60865],[-122.705946,45.608641],[-122.705798,45.608608],[-122.705354,45.608576],[-122.705221,45.608581],[-122.705061,45.608619],[-122.704944,45.60863],[-122.704521,45.608597],[-122.704355,45.608599],[-122.704257,45.608584],[-122.7042,45.608548],[-122.704186,45.608514],[-122.704196,45.608485],[-122.704226,45.60847],[-122.704276,45.608464],[-122.704379,45.60847],[-122.704452,45.608461],[-122.704508,45.608436],[-122.704644,45.608347],[-122.704729,45.608319],[-122.705442,45.608174],[-122.705585,45.608121],[-122.705722,45.608035],[-122.706202,45.607815],[-122.70628,45.607744],[-122.706369,45.6076],[-122.706407,45.607498],[-122.706399,45.607361],[-122.706357,45.607239],[-122.70628,45.607122],[-122.706115,45.606954],[-122.706093,45.606909],[-122.7061,45.606869],[-122.706209,45.606621],[-122.706206,45.606581],[-122.706303,45.606396]]}},{"type":"Feature","properties":{"k":"path"},"geometry":{"type":"LineString","coordinates":[[-122.711723,45.600225],[-122.711734,45.600181],[-122.711794,45.600085],[-122.71178,45.600043],[-122.711619,45.599932],[-122.711583,45.59987],[-122.711518,45.599835],[-122.711223,45.599804],[-122.711114,45.599777],[-122.710949,45.599717],[-122.710707,45.599646],[-122.710605,45.599587],[-122.710505,45.59946],[-122.71039,45.599385],[-122.710264,45.599324],[-122.71016,45.599207],[-122.710068,45.599062],[-122.709873,45.598922],[-122.709749,45.598815],[-122.709655,45.598775],[-122.709386,45.598715],[-122.709195,45.598694],[-122.709041,45.598711],[-122.708796,45.598662],[-122.708617,45.598666],[-122.708486,45.598628],[-122.708353,45.598562],[-122.708215,45.598505],[-122.707864,45.598497],[-122.70779,45.598469],[-122.707683,45.598402],[-122.707554,45.598341],[-122.707445,45.59832],[-122.70721,45.59831],[-122.707154,45.598295],[-122.707126,45.598268],[-122.707121,45.598233],[-122.707138,45.59819],[-122.707205,45.598177],[-122.707291,45.598187],[-122.707484,45.598234],[-122.707579,45.598246],[-122.707679,45.59824],[-122.707825,45.598264],[-122.708088,45.598273],[-122.708353,45.598316],[-122.708577,45.598306],[-122.708987,45.598432],[-122.709158,45.598542],[-122.709242,45.598554],[-122.709344,45.598544],[-122.709459,45.598553],[-122.70973,45.598674],[-122.709921,45.598696],[-122.71011,45.598695],[-122.710225,45.598718],[-122.710312,45.59877],[-122.7105,45.598802],[-122.710762,45.59883],[-122.710807,45.598856],[-122.710913,45.598973],[-122.711012,45.599027],[-122.7111,45.599105],[-122.711211,45.599179],[-122.711345,45.599242],[-122.711534,45.599265],[-122.711652,45.599253],[-122.711735,45.599223],[-122.711808,45.599164],[-122.711863,45.599083],[-122.711882,45.598836],[-122.711843,45.598686],[-122.711817,45.598501],[-122.711867,45.598176],[-122.711867,45.598008],[-122.7117,45.597833],[-122.711608,45.597749],[-122.711503,45.597713],[-122.711179,45.597655],[-122.711116,45.597607],[-122.711078,45.597553],[-122.710893,45.597499],[-122.710811,45.597445],[-122.710649,45.597363],[-122.71052,45.597338],[-122.710357,45.597353],[-122.710253,45.597338],[-122.710153,45.597286],[-122.710087,45.597237],[-122.710008,45.59722],[-122.70991,45.597233],[-122.709725,45.597379],[-122.709506,45.597494],[-122.7094,45.597504],[-122.709104,45.59744],[-122.708942,45.597456],[-122.708773,45.597522],[-122.708649,45.597614],[-122.708551,45.597806],[-122.708464,45.59788],[-122.708316,45.59792],[-122.707956,45.597959],[-122.707825,45.597949],[-122.707744,45.597915],[-122.70768,45.597808],[-122.707634,45.597778],[-122.707552,45.597764],[-122.707408,45.597764],[-122.70723,45.597809],[-122.707088,45.597834],[-122.70699,45.597814],[-122.706913,45.597779],[-122.706805,45.597694],[-122.706677,45.597643],[-122.706574,45.597644],[-122.70651,45.597672],[-122.706484,45.597688],[-122.706465,45.597729],[-122.706448,45.597871],[-122.70642,45.597968],[-122.706351,45.598056],[-122.706252,45.598139],[-122.706172,45.598247],[-122.706079,45.59833],[-122.706004,45.598472],[-122.705761,45.598678],[-122.705721,45.598749],[-122.705706,45.598889],[-122.705668,45.598964],[-122.705501,45.599124],[-122.70541,45.599184],[-122.705313,45.599223],[-122.705059,45.599277],[-122.704894,45.599396],[-122.704773,45.599415],[-122.704397,45.59943],[-122.704144,45.599488],[-122.703829,45.59958],[-122.70366,45.599676],[-122.703541,45.599804],[-122.703451,45.599917],[-122.703357,45.599962],[-122.703231,45.599976],[-122.703094,45.599973],[-122.702979,45.600007],[-122.70284,45.600075],[-122.702768,45.600189],[-122.702716,45.600213],[-122.702603,45.600216],[-122.702521,45.60024],[-122.702429,45.600337],[-122.70236,45.600375],[-122.702252,45.600398],[-122.70217,45.600434],[-122.702087,45.600546],[-122.702031,45.600556],[-122.701961,45.600546],[-122.701914,45.600518],[-122.701847,45.60045],[-122.701803,45.600437],[-122.701751,45.600441],[-122.701707,45.600468],[-122.701683,45.600514],[-122.701694,45.600558],[-122.70178,45.600597],[-122.701895,45.600631],[-122.702134,45.600761],[-122.702339,45.60082],[-122.702388,45.600869],[-122.702459,45.601003],[-122.702571,45.601116],[-122.702669,45.601158],[-122.702798,45.601199],[-122.702879,45.601259],[-122.702956,45.601341],[-122.702973,45.601439],[-122.702963,45.601567],[-122.703013,45.601629],[-122.703163,45.601722],[-122.703323,45.601783],[-122.703385,45.601824],[-122.703435,45.601997],[-122.703555,45.602142],[-122.703671,45.602221],[-122.703707,45.602269],[-122.703694,45.602362],[-122.7037,45.602459],[-122.703743,45.602567],[-122.70397,45.602844],[-122.703968,45.602941],[-122.703949,45.603082],[-122.703987,45.603188],[-122.704082,45.60331],[-122.704104,45.603381],[-122.704149,45.603437],[-122.704335,45.603571]]}},{"type":"Feature","properties":{"k":"path"},"geometry":{"type":"LineString","coordinates":[[-122.704552,45.603182],[-122.704445,45.603217],[-122.704386,45.603254],[-122.704357,45.603311],[-122.704342,45.603389],[-122.70424,45.603499]]}},{"type":"Feature","properties":{"k":"path"},"geometry":{"type":"LineString","coordinates":[[-122.705097,45.60423],[-122.705187,45.604374],[-122.705046,45.604315],[-122.704874,45.604299],[-122.705097,45.60423],[-122.705517,45.604119],[-122.705659,45.604067],[-122.705732,45.603985],[-122.705761,45.603901],[-122.705744,45.603856],[-122.70544,45.60357],[-122.705196,45.603377],[-122.705141,45.603285],[-122.705042,45.602984],[-122.705027,45.602846],[-122.705055,45.602755],[-122.705239,45.602481],[-122.705337,45.602229],[-122.705482,45.601986],[-122.705656,45.601761],[-122.705628,45.601532],[-122.705684,45.601301],[-122.705795,45.601087],[-122.70592,45.600938],[-122.706045,45.60069],[-122.706207,45.60042],[-122.706384,45.600213],[-122.706563,45.600086],[-122.706776,45.599917],[-122.706836,45.599885],[-122.706931,45.59988],[-122.70717,45.599956],[-122.707421,45.600055],[-122.707947,45.600212],[-122.708212,45.600278],[-122.708411,45.600343],[-122.70917,45.600717],[-122.709431,45.600934],[-122.709603,45.601055],[-122.709728,45.601086],[-122.709936,45.601107],[-122.710129,45.60118],[-122.710418,45.601341],[-122.710552,45.601468],[-122.710618,45.601587],[-122.710708,45.601667],[-122.710814,45.60171],[-122.710922,45.601737],[-122.710972,45.601778],[-122.710964,45.601831],[-122.710906,45.601872],[-122.710845,45.60187],[-122.71021,45.601564],[-122.709779,45.601345],[-122.709544,45.601186],[-122.709404,45.601081],[-122.708759,45.600789],[-122.708333,45.600686],[-122.708118,45.600665],[-122.707466,45.600696],[-122.707288,45.60065],[-122.707079,45.600578],[-122.707005,45.600576],[-122.706789,45.600637],[-122.706585,45.600709],[-122.706433,45.600887],[-122.706268,45.601021],[-122.706251,45.601042],[-122.706265,45.601066],[-122.706419,45.601157],[-122.707138,45.601334],[-122.708258,45.601553],[-122.708495,45.60158],[-122.708758,45.601631],[-122.709085,45.601739],[-122.709482,45.601921],[-122.710227,45.602411],[-122.710374,45.602484],[-122.71057,45.602551],[-122.710697,45.602618],[-122.710784,45.602709],[-122.71085,45.602809],[-122.710925,45.602876],[-122.710937,45.602933]]}},{"type":"Feature","properties":{"k":"water"},"geometry":{"type":"Polygon","coordinates":[[[-122.705129,45.600486],[-122.705141,45.600411],[-122.705128,45.600366],[-122.705099,45.600345],[-122.705053,45.600335],[-122.704914,45.600349],[-122.704552,45.600484],[-122.704391,45.600575],[-122.704221,45.600649],[-122.704185,45.600682],[-122.704172,45.60071],[-122.704173,45.600743],[-122.704214,45.600794],[-122.704234,45.600803],[-122.704372,45.600806],[-122.704475,45.600845],[-122.704525,45.600886],[-122.704578,45.600901],[-122.704715,45.600899],[-122.704897,45.600801],[-122.705013,45.60069],[-122.705129,45.600486]]]}},{"type":"Feature","properties":{"k":"water"},"geometry":{"type":"Polygon","coordinates":[[[-122.708361,45.599821],[-122.708406,45.599784],[-122.708399,45.599718],[-122.708012,45.599499],[-122.707628,45.599255],[-122.7075,45.599262],[-122.707398,45.599232],[-122.70735,45.599166],[-122.707256,45.599121],[-122.707103,45.599134],[-122.706749,45.599058],[-122.706652,45.599065],[-122.706483,45.599153],[-122.706421,45.599174],[-122.706328,45.599188],[-122.706269,45.599235],[-122.706328,45.599298],[-122.706419,45.59933],[-122.707038,45.599431],[-122.707237,45.59948],[-122.707298,45.599553],[-122.707339,45.599628],[-122.707387,45.599664],[-122.707476,45.599669],[-122.707569,45.599654],[-122.70773,45.599664],[-122.708018,45.599718],[-122.708138,45.599786],[-122.708299,45.599846],[-122.708361,45.599821]]]}},{"type":"Feature","properties":{"k":"wood"},"geometry":{"type":"Polygon","coordinates":[[[-122.706098,45.609177],[-122.705974,45.609133],[-122.705811,45.609053],[-122.705779,45.609046],[-122.705749,45.609053],[-122.705713,45.60908],[-122.705682,45.609138],[-122.705648,45.609146],[-122.705478,45.60913],[-122.705402,45.6091],[-122.705357,45.609067],[-122.705346,45.608994],[-122.705328,45.60897],[-122.705299,45.608953],[-122.705064,45.60885],[-122.70486,45.608807],[-122.704814,45.608807],[-122.704738,45.608826],[-122.704571,45.608881],[-122.704406,45.608922],[-122.704166,45.608914],[-122.703875,45.608835],[-122.703392,45.608599],[-122.703408,45.608355],[-122.703252,45.60819],[-122.702695,45.608059],[-122.701804,45.607961],[-122.700828,45.607841],[-122.700393,45.607646],[-122.700254,45.607477],[-122.699905,45.607376],[-122.699454,45.607432],[-122.699009,45.607387],[-122.697818,45.607012],[-122.696609,45.606648],[-122.696365,45.606552],[-122.696209,45.60637],[-122.696118,45.606199],[-122.695949,45.60616],[-122.695882,45.606201],[-122.695884,45.606302],[-122.695941,45.606413],[-122.69593,45.606535],[-122.695825,45.606573],[-122.6956,45.606527],[-122.695431,45.606451],[-122.695281,45.606456],[-122.695007,45.606865],[-122.694825,45.607068],[-122.694817,45.607207],[-122.69527,45.607338],[-122.695812,45.607683],[-122.695823,45.60786],[-122.695914,45.607972],[-122.696391,45.608216],[-122.697196,45.60852],[-122.697995,45.608768],[-122.698575,45.608909],[-122.699417,45.60916],[-122.700254,45.609455],[-122.701525,45.609961],[-122.702319,45.610299],[-122.703065,45.610423],[-122.703912,45.610449],[-122.70513,45.610276],[-122.706133,45.609988],[-122.706358,45.609834],[-122.706434,45.609781],[-122.70652,45.609465],[-122.706964,45.609288],[-122.707678,45.608792],[-122.708388,45.608224],[-122.710639,45.606477],[-122.711023,45.606057],[-122.711494,45.605197],[-122.711388,45.605194],[-122.711159,45.605419],[-122.710622,45.606236],[-122.710233,45.606236],[-122.709952,45.606282],[-122.709893,45.606428],[-122.709793,45.606611],[-122.709497,45.606751],[-122.709204,45.607018],[-122.708658,45.60727],[-122.708139,45.607393],[-122.707787,45.607615],[-122.707611,45.607867],[-122.707303,45.607947],[-122.707022,45.608372],[-122.706915,45.608444],[-122.706922,45.608501],[-122.706974,45.608592],[-122.707049,45.608611],[-122.707088,45.608632],[-122.707119,45.608688],[-122.70708,45.608862],[-122.707044,45.60892],[-122.706952,45.609012],[-122.70682,45.609104],[-122.706679,45.609132],[-122.706504,45.609128],[-122.706473,45.609144],[-122.706418,45.609155],[-122.70634,45.609158],[-122.706205,45.609185],[-122.706098,45.609177]]]}},{"type":"Feature","properties":{"k":"water"},"geometry":{"type":"Polygon","coordinates":[[[-122.699435,45.60625],[-122.699507,45.60619],[-122.699649,45.606134],[-122.699716,45.60613],[-122.699786,45.606158],[-122.69981,45.60622],[-122.699955,45.60628],[-122.700001,45.60637],[-122.69996,45.606492],[-122.699853,45.606567],[-122.699706,45.606584],[-122.699574,45.606584],[-122.699453,45.606526],[-122.699368,45.606499],[-122.699306,45.606518],[-122.699032,45.606683],[-122.698952,45.606685],[-122.69881,45.606612],[-122.698657,45.606556],[-122.698507,45.606584],[-122.698225,45.606665],[-122.698051,45.606682],[-122.697946,45.606638],[-122.697892,45.606578],[-122.697799,45.60652],[-122.697469,45.606424],[-122.697375,45.606342],[-122.697255,45.60629],[-122.697202,45.606308],[-122.697145,45.606357],[-122.697082,45.606429],[-122.697073,45.606412],[-122.697144,45.606311],[-122.697178,45.606226],[-122.697165,45.606116],[-122.697066,45.606037],[-122.696938,45.606021],[-122.696909,45.606007],[-122.696899,45.605964],[-122.696992,45.605911],[-122.697163,45.605794],[-122.697235,45.605667],[-122.697286,45.605646],[-122.697347,45.605654],[-122.697401,45.605704],[-122.697457,45.605834],[-122.697486,45.605869],[-122.697668,45.605885],[-122.697709,45.605924],[-122.697752,45.606022],[-122.697811,45.606071],[-122.697957,45.606073],[-122.698024,45.60611],[-122.69808,45.606244],[-122.698123,45.606289],[-122.698179,45.606287],[-122.698183,45.606217],[-122.698242,45.606187],[-122.698316,45.606173],[-122.698445,45.606166],[-122.698566,45.606147],[-122.698701,45.606191],[-122.698839,45.606354],[-122.698967,45.606389],[-122.699157,45.606369],[-122.699348,45.606316],[-122.699403,45.606292],[-122.699435,45.60625]]]}},{"type":"Feature","properties":{"k":"path"},"geometry":{"type":"LineString","coordinates":[[-122.706206,45.606581],[-122.706073,45.606734],[-122.705895,45.606861],[-122.70559,45.607012],[-122.705374,45.607085],[-122.705281,45.607146],[-122.705199,45.607228],[-122.705002,45.607318],[-122.704729,45.607398],[-122.704611,45.60747],[-122.704465,45.607577],[-122.704221,45.607649],[-122.703976,45.607771],[-122.703671,45.607883],[-122.703514,45.607927],[-122.70306,45.607939],[-122.702623,45.607904],[-122.702429,45.607853],[-122.702149,45.607735],[-122.701938,45.607624],[-122.701829,45.607597],[-122.701587,45.6076],[-122.70107,45.607625],[-122.700847,45.607622],[-122.700723,45.607577],[-122.700651,45.607493],[-122.700546,45.607317],[-122.700532,45.607217],[-122.700572,45.607078],[-122.700609,45.607013],[-122.70062,45.606924],[-122.700584,45.606841],[-122.700498,45.606769],[-122.700367,45.606733],[-122.700227,45.606732],[-122.699998,45.606779],[-122.699522,45.606805],[-122.699352,45.606787],[-122.698906,45.606761],[-122.698643,45.606722],[-122.698473,45.606724],[-122.698073,45.606753],[-122.697879,45.60674],[-122.697642,45.606667],[-122.69707,45.606461],[-122.696938,45.606453],[-122.696714,45.606422],[-122.696594,45.606378],[-122.696527,45.606333],[-122.696514,45.60628],[-122.696542,45.606212],[-122.69661,45.606168],[-122.696714,45.606118],[-122.696775,45.606054],[-122.696921,45.605862],[-122.697199,45.605606],[-122.697277,45.605449],[-122.697306,45.605306],[-122.697263,45.605203],[-122.696928,45.604841],[-122.696551,45.604461],[-122.696545,45.604385],[-122.696594,45.604317],[-122.696665,45.604267],[-122.697015,45.604184],[-122.697119,45.604179],[-122.697184,45.604199],[-122.697234,45.604238],[-122.697377,45.604458],[-122.697532,45.604569],[-122.697601,45.604648],[-122.697722,45.604876],[-122.697876,45.605041],[-122.698082,45.605182],[-122.698261,45.605264],[-122.698454,45.605331],[-122.698794,45.605589],[-122.698932,45.605663],[-122.699479,45.605804],[-122.699731,45.60592],[-122.70012,45.606153],[-122.700538,45.606442],[-122.700777,45.606619],[-122.700823,45.606697],[-122.700819,45.606906],[-122.700858,45.606945],[-122.700913,45.606957],[-122.700969,45.606955],[-122.701116,45.606917],[-122.701425,45.606898],[-122.70154,45.606861],[-122.701882,45.606717],[-122.702052,45.606683],[-122.702187,45.606693],[-122.702345,45.606725],[-122.7025,45.606728],[-122.703105,45.606625],[-122.703597,45.606557],[-122.70371,45.606506],[-122.703845,45.606383],[-122.703952,45.60633],[-122.70491,45.605736],[-122.705028,45.605609],[-122.705059,45.605396],[-122.705338,45.605066],[-122.705354,45.604994],[-122.70533,45.604799],[-122.705385,45.604729],[-122.705503,45.604711],[-122.7057,45.604723],[-122.705944,45.60476]]}},{"type":"Feature","properties":{"k":"path"},"geometry":{"type":"LineString","coordinates":[[-122.70424,45.603499],[-122.704153,45.603623],[-122.704106,45.603714],[-122.704083,45.60383],[-122.704033,45.603863],[-122.703831,45.603906],[-122.703512,45.603952],[-122.703372,45.604012],[-122.703306,45.60408],[-122.703288,45.604149],[-122.703174,45.604244],[-122.703109,45.604261],[-122.703053,45.604246],[-122.703022,45.604205],[-122.703048,45.604162],[-122.703184,45.604073],[-122.703222,45.604034],[-122.703213,45.603976],[-122.7031,45.603883],[-122.703095,45.603797],[-122.703061,45.603735],[-122.702948,45.603669],[-122.702699,45.603395],[-122.702686,45.603207],[-122.702605,45.603064],[-122.702515,45.602982],[-122.702454,45.602872],[-122.702386,45.602793],[-122.702346,45.602719],[-122.702318,45.602469],[-122.702236,45.602214],[-122.702196,45.602149],[-122.702137,45.602118],[-122.701972,45.602084],[-122.701779,45.602034],[-122.701676,45.601984],[-122.70159,45.601833],[-122.701499,45.601764],[-122.701324,45.601691],[-122.701088,45.601489],[-122.701048,45.601411],[-122.701002,45.601381],[-122.700954,45.601374],[-122.700922,45.601406],[-122.700911,45.60147],[-122.700847,45.601602],[-122.700636,45.601785],[-122.700597,45.601853],[-122.700525,45.60189],[-122.700382,45.601912],[-122.700247,45.601957],[-122.700148,45.602041],[-122.700102,45.602162],[-122.70005,45.602192],[-122.699923,45.602196],[-122.69979,45.602188],[-122.699703,45.602201],[-122.699659,45.602252],[-122.699644,45.602338],[-122.699582,45.602405],[-122.69949,45.602455],[-122.699345,45.602476],[-122.699248,45.602462],[-122.699119,45.602459],[-122.699018,45.602481],[-122.698933,45.602479],[-122.69882,45.602423],[-122.698622,45.602368],[-122.698497,45.602285],[-122.698399,45.602262],[-122.698252,45.60219],[-122.698111,45.602165],[-122.697978,45.602108],[-122.697878,45.602097],[-122.697663,45.601993],[-122.697373,45.601781],[-122.697238,45.601694],[-122.696921,45.60163],[-122.696738,45.601564],[-122.69639,45.601393],[-122.696362,45.601342],[-122.696362,45.601291],[-122.69635,45.601249],[-122.696302,45.601232],[-122.696229,45.601245],[-122.696192,45.601287],[-122.696179,45.601348],[-122.696077,45.601424],[-122.696032,45.601537],[-122.695962,45.601649],[-122.695918,45.601714],[-122.695858,45.601768],[-122.695826,45.60181],[-122.695838,45.601891],[-122.695913,45.602031],[-122.695964,45.60209],[-122.696032,45.602116],[-122.69613,45.602117],[-122.696249,45.602165],[-122.696313,45.602229],[-122.696378,45.602263],[-122.69663,45.602332],[-122.696807,45.60235],[-122.696896,45.602384],[-122.697011,45.602483],[-122.697074,45.602524],[-122.697164,45.602533],[-122.697308,45.60251],[-122.697403,45.602519],[-122.697626,45.602635],[-122.697797,45.602698],[-122.697917,45.602784],[-122.698053,45.602824],[-122.69846,45.602852],[-122.698666,45.60283],[-122.69903,45.602716],[-122.69941,45.602722],[-122.699773,45.602826],[-122.699986,45.602866],[-122.700074,45.602913],[-122.700156,45.602937],[-122.700234,45.602923],[-122.700265,45.602874],[-122.700195,45.602722],[-122.700209,45.602658],[-122.700259,45.602629],[-122.700336,45.602627],[-122.700392,45.602664],[-122.700451,45.602767],[-122.700541,45.602822],[-122.700655,45.602849],[-122.700744,45.602903],[-122.700809,45.603059],[-122.700874,45.603109],[-122.700962,45.603136],[-122.701014,45.603182],[-122.701026,45.603246],[-122.701016,45.60334],[-122.701043,45.603397],[-122.701383,45.603664],[-122.701472,45.60372],[-122.701515,45.603791],[-122.701495,45.603883],[-122.701449,45.603967],[-122.701432,45.60403],[-122.701377,45.604083],[-122.701202,45.604156],[-122.701115,45.60418],[-122.700883,45.604173],[-122.700801,45.604152],[-122.700702,45.604078],[-122.70065,45.604052],[-122.7005,45.604039],[-122.700204,45.604057],[-122.700116,45.604037],[-122.700077,45.603996],[-122.700037,45.603884],[-122.69996,45.603794],[-122.699875,45.603762],[-122.699781,45.603754],[-122.699672,45.603761],[-122.6995,45.603714],[-122.699212,45.603742],[-122.699107,45.603731],[-122.69894,45.603667],[-122.698771,45.603547],[-122.698684,45.603527],[-122.698568,45.603542],[-122.698465,45.603565],[-122.698386,45.603562],[-122.698261,45.603521],[-122.698044,45.603394],[-122.697891,45.603359],[-122.697718,45.603283],[-122.697517,45.603223],[-122.697097,45.603076],[-122.696947,45.602974],[-122.696708,45.602893],[-122.69657,45.602835],[-122.696486,45.602702],[-122.696409,45.602613],[-122.696254,45.602519],[-122.696051,45.602373],[-122.695812,45.602179],[-122.695692,45.602101],[-122.695535,45.602076],[-122.695478,45.602031],[-122.695469,45.601957],[-122.695684,45.601769],[-122.695779,45.601607],[-122.695869,45.601483],[-122.696014,45.601349],[-122.696048,45.60126],[-122.696048,45.601199],[-122.695995,45.60109],[-122.695899,45.600958],[-122.695812,45.600909],[-122.695654,45.600872],[-122.695433,45.600748],[-122.695305,45.600623],[-122.695093,45.600497],[-122.694945,45.600436],[-122.694784,45.600422],[-122.694682,45.600385],[-122.694473,45.600365],[-122.694379,45.600326],[-122.694289,45.600307],[-122.694212,45.600324],[-122.694108,45.600387],[-122.693931,45.600602],[-122.693899,45.600778],[-122.693852,45.600841],[-122.693821,45.600973],[-122.693817,45.60112],[-122.693829,45.601197],[-122.693789,45.601265],[-122.693727,45.601325],[-122.693711,45.601474],[-122.693681,45.601515],[-122.693616,45.601572],[-122.693601,45.601628],[-122.693628,45.601695],[-122.693651,45.60181],[-122.693601,45.602103],[-122.693558,45.602226],[-122.693516,45.602294],[-122.693514,45.602368],[-122.693589,45.602471],[-122.693656,45.602512],[-122.693692,45.602571],[-122.693683,45.602682],[-122.693722,45.602731],[-122.693791,45.602771],[-122.693836,45.602816],[-122.693858,45.60306],[-122.693907,45.603089],[-122.693962,45.603087],[-122.694014,45.603059],[-122.694026,45.602955],[-122.694063,45.602912],[-122.694114,45.602894],[-122.694175,45.602916],[-122.694345,45.603109],[-122.69447,45.603183],[-122.694693,45.603251],[-122.694845,45.603243],[-122.695209,45.603289],[-122.695322,45.603352],[-122.695446,45.603384],[-122.695619,45.603393],[-122.695755,45.603435],[-122.695877,45.603494],[-122.695959,45.603511],[-122.69606,45.6035],[-122.696142,45.603506],[-122.696212,45.603549],[-122.696255,45.603621],[-122.696309,45.603674],[-122.696486,45.603745],[-122.696634,45.603757],[-122.696763,45.603733],[-122.69686,45.603723],[-122.696984,45.603764],[-122.697068,45.603856],[-122.697172,45.60395],[-122.697266,45.603991],[-122.697365,45.603991],[-122.697473,45.603967],[-122.69755,45.60397],[-122.697608,45.604001],[-122.697638,45.604052],[-122.697662,45.604128],[-122.697726,45.604183],[-122.697879,45.604215],[-122.698151,45.604194],[-122.698527,45.604233],[-122.698741,45.604267],[-122.698887,45.604334],[-122.699116,45.604543],[-122.699209,45.604605],[-122.699365,45.604626],[-122.699506,45.604654],[-122.699604,45.604713],[-122.699661,45.60484],[-122.69979,45.604981],[-122.699979,45.605102],[-122.700128,45.605209],[-122.700277,45.605253],[-122.700432,45.605243],[-122.700572,45.605273],[-122.70066,45.605323],[-122.700765,45.605335],[-122.700855,45.605302],[-122.700982,45.605229],[-122.701154,45.605193],[-122.701296,45.605146],[-122.701402,45.605033],[-122.701473,45.604998],[-122.701682,45.604973],[-122.701815,45.604917],[-122.702006,45.604881],[-122.702188,45.604834],[-122.702384,45.604831],[-122.70244,45.60479],[-122.702511,45.604633],[-122.702588,45.604576],[-122.702903,45.604486],[-122.703088,45.604446],[-122.703298,45.604366],[-122.703368,45.604351],[-122.703599,45.604402],[-122.703713,45.60441]]}},{"type":"Feature","properties":{"k":"path"},"geometry":{"type":"LineString","coordinates":[[-122.705503,45.604711],[-122.705421,45.604684],[-122.705364,45.604614],[-122.705314,45.604428]]}},{"type":"Feature","properties":{"k":"bunker"},"geometry":{"type":"Polygon","coordinates":[[[-122.704914,45.599255],[-122.704951,45.599254],[-122.704979,45.599228],[-122.704976,45.599198],[-122.70495,45.599187],[-122.704814,45.599195],[-122.704788,45.599202],[-122.704767,45.599224],[-122.70477,45.599244],[-122.704798,45.599261],[-122.704832,45.599257],[-122.704862,45.599225],[-122.704914,45.599255]]]}},{"type":"Feature","properties":{"k":"bunker"},"geometry":{"type":"Polygon","coordinates":[[[-122.705146,45.599092],[-122.705128,45.599109],[-122.705131,45.599137],[-122.705164,45.599153],[-122.705191,45.599149],[-122.70521,45.599126],[-122.705198,45.599096],[-122.70518,45.599088],[-122.705146,45.599092]]]}},{"type":"Feature","properties":{"k":"bunker"},"geometry":{"type":"Polygon","coordinates":[[[-122.705332,45.599055],[-122.705371,45.59905],[-122.705389,45.599019],[-122.705416,45.599007],[-122.70545,45.599015],[-122.705473,45.59903],[-122.705523,45.599031],[-122.705567,45.599009],[-122.705571,45.598986],[-122.705557,45.59897],[-122.705507,45.598957],[-122.705488,45.598918],[-122.705457,45.598917],[-122.705438,45.598929],[-122.705447,45.59896],[-122.705427,45.598979],[-122.705363,45.598982],[-122.705326,45.598995],[-122.705309,45.599026],[-122.705315,45.599044],[-122.705332,45.599055]]]}},{"type":"Feature","properties":{"k":"bunker"},"geometry":{"type":"Polygon","coordinates":[[[-122.703363,45.599826],[-122.703393,45.59981],[-122.703401,45.599793],[-122.703389,45.599756],[-122.703356,45.599732],[-122.703313,45.599731],[-122.703269,45.599718],[-122.703142,45.599717],[-122.703059,45.599748],[-122.703029,45.599775],[-122.703047,45.599805],[-122.703081,45.599807],[-122.703118,45.599767],[-122.703164,45.599777],[-122.703209,45.59975],[-122.70323,45.599749],[-122.703261,45.599786],[-122.703279,45.599785],[-122.703306,45.599765],[-122.70333,45.599773],[-122.70333,45.599812],[-122.703342,45.599823],[-122.703363,45.599826]]]}},{"type":"Feature","properties":{"k":"bunker"},"geometry":{"type":"Polygon","coordinates":[[[-122.70178,45.600163],[-122.701777,45.600138],[-122.701769,45.600129],[-122.701751,45.600126],[-122.701731,45.600145],[-122.701735,45.600157],[-122.701767,45.60017],[-122.70178,45.600163]]]}},{"type":"Feature","properties":{"k":"bunker"},"geometry":{"type":"Polygon","coordinates":[[[-122.702264,45.600221],[-122.702301,45.600194],[-122.702294,45.600175],[-122.702271,45.600166],[-122.702186,45.600194],[-122.70212,45.600169],[-122.702083,45.600167],[-122.702037,45.600186],[-122.702024,45.600203],[-122.702032,45.600218],[-122.702052,45.600223],[-122.702116,45.600219],[-122.702126,45.600232],[-122.702124,45.600253],[-122.702154,45.600268],[-122.702191,45.600259],[-122.702226,45.600224],[-122.702264,45.600221]]]}},{"type":"Feature","properties":{"k":"bunker"},"geometry":{"type":"Polygon","coordinates":[[[-122.700414,45.601352],[-122.700434,45.601349],[-122.700457,45.601332],[-122.700472,45.601293],[-122.700463,45.601269],[-122.70043,45.601259],[-122.700377,45.601279],[-122.700356,45.601296],[-122.700347,45.60132],[-122.700368,45.601343],[-122.700414,45.601352]]]}},{"type":"Feature","properties":{"k":"bunker"},"geometry":{"type":"Polygon","coordinates":[[[-122.700493,45.601739],[-122.700513,45.601729],[-122.700518,45.601717],[-122.700484,45.601664],[-122.700522,45.601627],[-122.700531,45.601608],[-122.700523,45.601588],[-122.700496,45.601578],[-122.70047,45.601582],[-122.700456,45.601593],[-122.700438,45.601655],[-122.700407,45.601693],[-122.700432,45.601732],[-122.700448,45.601739],[-122.700493,45.601739]]]}},{"type":"Feature","properties":{"k":"bunker"},"geometry":{"type":"Polygon","coordinates":[[[-122.69941,45.60236],[-122.699451,45.602353],[-122.69947,45.602329],[-122.699465,45.602314],[-122.699412,45.602275],[-122.699442,45.602223],[-122.699428,45.602202],[-122.699386,45.602197],[-122.699333,45.60224],[-122.699285,45.602232],[-122.699249,45.602237],[-122.699229,45.60227],[-122.699247,45.602293],[-122.699268,45.602303],[-122.699349,45.602318],[-122.699386,45.602353],[-122.69941,45.60236]]]}},{"type":"Feature","properties":{"k":"bunker"},"geometry":{"type":"Polygon","coordinates":[[[-122.697181,45.601941],[-122.697134,45.601927],[-122.697091,45.601938],[-122.697066,45.601969],[-122.697076,45.601999],[-122.697111,45.602016],[-122.69716,45.602011],[-122.697193,45.601973],[-122.697181,45.601941]]]}},{"type":"Feature","properties":{"k":"bunker"},"geometry":{"type":"Polygon","coordinates":[[[-122.696802,45.602082],[-122.696827,45.602064],[-122.696829,45.602041],[-122.696785,45.602018],[-122.696759,45.601969],[-122.696726,45.601956],[-122.696702,45.601957],[-122.696685,45.601981],[-122.696691,45.602],[-122.696723,45.602018],[-122.696752,45.602069],[-122.696778,45.602081],[-122.696802,45.602082]]]}},{"type":"Feature","properties":{"k":"bunker"},"geometry":{"type":"Polygon","coordinates":[[[-122.696607,45.601932],[-122.696635,45.601923],[-122.696653,45.601908],[-122.696656,45.601876],[-122.696642,45.601862],[-122.696558,45.601823],[-122.696496,45.601812],[-122.69645,45.60182],[-122.696417,45.601855],[-122.696411,45.601893],[-122.69644,45.601924],[-122.696461,45.601929],[-122.696527,45.60191],[-122.696557,45.601915],[-122.696585,45.601931],[-122.696607,45.601932]]]}},{"type":"Feature","properties":{"k":"bunker"},"geometry":{"type":"Polygon","coordinates":[[[-122.696284,45.601771],[-122.696309,45.601759],[-122.696336,45.601731],[-122.696311,45.601661],[-122.696265,45.601648],[-122.696221,45.601625],[-122.696198,45.601642],[-122.696192,45.60166],[-122.696135,45.601655],[-122.696112,45.601662],[-122.696101,45.601677],[-122.696112,45.601704],[-122.696141,45.601713],[-122.696206,45.601698],[-122.696233,45.601701],[-122.696247,45.601715],[-122.696226,45.601739],[-122.69623,45.601757],[-122.696253,45.601773],[-122.696284,45.601771]]]}},{"type":"Feature","properties":{"k":"bunker"},"geometry":{"type":"Polygon","coordinates":[[[-122.694482,45.600766],[-122.694508,45.600744],[-122.694511,45.600726],[-122.694496,45.600705],[-122.694467,45.6007],[-122.694435,45.600718],[-122.694432,45.600749],[-122.694457,45.600767],[-122.694482,45.600766]]]}},{"type":"Feature","properties":{"k":"bunker"},"geometry":{"type":"Polygon","coordinates":[[[-122.694178,45.600709],[-122.694228,45.600704],[-122.694274,45.600677],[-122.694285,45.600607],[-122.694247,45.600577],[-122.694211,45.600577],[-122.694186,45.600589],[-122.69419,45.60061],[-122.694222,45.600627],[-122.694227,45.600649],[-122.694208,45.600663],[-122.694164,45.600664],[-122.694153,45.600672],[-122.694153,45.600698],[-122.694178,45.600709]]]}},{"type":"Feature","properties":{"k":"bunker"},"geometry":{"type":"Polygon","coordinates":[[[-122.694148,45.601478],[-122.694166,45.601476],[-122.694186,45.601459],[-122.694188,45.601438],[-122.694169,45.601425],[-122.694139,45.601427],[-122.694115,45.601445],[-122.694111,45.601458],[-122.69412,45.601469],[-122.694148,45.601478]]]}},{"type":"Feature","properties":{"k":"bunker"},"geometry":{"type":"Polygon","coordinates":[[[-122.693964,45.601546],[-122.693999,45.601544],[-122.694014,45.601527],[-122.693988,45.601503],[-122.693965,45.601503],[-122.693944,45.60152],[-122.693943,45.601532],[-122.693964,45.601546]]]}},{"type":"Feature","properties":{"k":"bunker"},"geometry":{"type":"Polygon","coordinates":[[[-122.693792,45.601627],[-122.693827,45.601627],[-122.693839,45.601616],[-122.693841,45.601603],[-122.693828,45.601593],[-122.693796,45.601593],[-122.693785,45.601599],[-122.693782,45.601619],[-122.693792,45.601627]]]}},{"type":"Feature","properties":{"k":"bunker"},"geometry":{"type":"Polygon","coordinates":[[[-122.695424,45.601957],[-122.695441,45.601948],[-122.695444,45.601935],[-122.69542,45.60192],[-122.695397,45.601928],[-122.695392,45.601942],[-122.695404,45.601953],[-122.695424,45.601957]]]}},{"type":"Feature","properties":{"k":"bunker"},"geometry":{"type":"Polygon","coordinates":[[[-122.695297,45.602033],[-122.695326,45.602027],[-122.695346,45.602013],[-122.695348,45.602002],[-122.695317,45.601983],[-122.695275,45.601984],[-122.695248,45.602003],[-122.695251,45.602021],[-122.695297,45.602033]]]}},{"type":"Feature","properties":{"k":"bunker"},"geometry":{"type":"Polygon","coordinates":[[[-122.694757,45.602758],[-122.694767,45.602743],[-122.694759,45.602726],[-122.694734,45.602705],[-122.694683,45.602687],[-122.694655,45.602615],[-122.694619,45.602608],[-122.694596,45.602619],[-122.69459,45.602657],[-122.69464,45.60269],[-122.694657,45.60272],[-122.694721,45.602758],[-122.694757,45.602758]]]}},{"type":"Feature","properties":{"k":"bunker"},"geometry":{"type":"Polygon","coordinates":[[[-122.69435,45.602942],[-122.694382,45.602929],[-122.694383,45.602907],[-122.694354,45.602889],[-122.694323,45.602888],[-122.694303,45.602904],[-122.694302,45.602922],[-122.694315,45.602936],[-122.69435,45.602942]]]}},{"type":"Feature","properties":{"k":"bunker"},"geometry":{"type":"Polygon","coordinates":[[[-122.694637,45.603129],[-122.694661,45.603112],[-122.694658,45.603085],[-122.694647,45.603076],[-122.694554,45.603026],[-122.69452,45.603025],[-122.694498,45.603034],[-122.694489,45.603047],[-122.694496,45.603066],[-122.694519,45.603075],[-122.694588,45.603072],[-122.694592,45.603088],[-122.694579,45.603116],[-122.694605,45.603134],[-122.694637,45.603129]]]}},{"type":"Feature","properties":{"k":"bunker"},"geometry":{"type":"Polygon","coordinates":[[[-122.697301,45.60277],[-122.697311,45.602756],[-122.697307,45.602737],[-122.697278,45.602724],[-122.697249,45.602724],[-122.697229,45.602746],[-122.69723,45.602764],[-122.697265,45.602779],[-122.697301,45.60277]]]}},{"type":"Feature","properties":{"k":"bunker"},"geometry":{"type":"Polygon","coordinates":[[[-122.698326,45.603392],[-122.698377,45.603381],[-122.698398,45.603356],[-122.698385,45.603335],[-122.698358,45.603324],[-122.698329,45.603321],[-122.698296,45.603329],[-122.698268,45.603351],[-122.698276,45.603375],[-122.698326,45.603392]]]}},{"type":"Feature","properties":{"k":"bunker"},"geometry":{"type":"Polygon","coordinates":[[[-122.697995,45.602979],[-122.698035,45.602969],[-122.698047,45.602955],[-122.698043,45.602921],[-122.698015,45.602908],[-122.69797,45.602913],[-122.697949,45.602934],[-122.697949,45.602961],[-122.697957,45.60297],[-122.697995,45.602979]]]}},{"type":"Feature","properties":{"k":"bunker"},"geometry":{"type":"Polygon","coordinates":[[[-122.697737,45.602801],[-122.697776,45.602787],[-122.69779,45.602767],[-122.697786,45.602753],[-122.697754,45.602734],[-122.697729,45.602733],[-122.697703,45.602742],[-122.697694,45.602753],[-122.697698,45.602783],[-122.697722,45.6028],[-122.697737,45.602801]]]}},{"type":"Feature","properties":{"k":"bunker"},"geometry":{"type":"Polygon","coordinates":[[[-122.697315,45.603351],[-122.697352,45.603324],[-122.697348,45.6033],[-122.697333,45.603284],[-122.697311,45.603276],[-122.697276,45.603279],[-122.697254,45.603291],[-122.697243,45.603307],[-122.697248,45.603325],[-122.697286,45.603349],[-122.697315,45.603351]]]}},{"type":"Feature","properties":{"k":"bunker"},"geometry":{"type":"Polygon","coordinates":[[[-122.697168,45.603336],[-122.697175,45.603314],[-122.697152,45.603283],[-122.697124,45.603275],[-122.697097,45.603277],[-122.697071,45.603288],[-122.69706,45.603308],[-122.697064,45.603325],[-122.697081,45.603337],[-122.697097,45.603345],[-122.697145,45.603348],[-122.697168,45.603336]]]}},{"type":"Feature","properties":{"k":"bunker"},"geometry":{"type":"Polygon","coordinates":[[[-122.701033,45.603791],[-122.701081,45.603809],[-122.701124,45.603797],[-122.701141,45.60378],[-122.701124,45.603766],[-122.701076,45.603759],[-122.701049,45.603745],[-122.701044,45.603712],[-122.701016,45.603695],[-122.70092,45.60371],[-122.7009,45.603703],[-122.700851,45.603666],[-122.700802,45.603662],[-122.700765,45.603673],[-122.70075,45.603696],[-122.70075,45.603719],[-122.700765,45.603748],[-122.700786,45.603763],[-122.700825,45.603765],[-122.700875,45.603744],[-122.700896,45.603784],[-122.700923,45.603798],[-122.700989,45.603783],[-122.701033,45.603791]]]}},{"type":"Feature","properties":{"k":"bunker"},"geometry":{"type":"Polygon","coordinates":[[[-122.700715,45.603623],[-122.70075,45.603612],[-122.700748,45.603571],[-122.700756,45.603566],[-122.700808,45.60358],[-122.700826,45.603578],[-122.700841,45.603564],[-122.700829,45.603532],[-122.700771,45.603527],[-122.700771,45.603506],[-122.700798,45.603481],[-122.700786,45.603461],[-122.700767,45.603456],[-122.700701,45.603469],[-122.700679,45.603496],[-122.700699,45.603541],[-122.700662,45.603576],[-122.700658,45.603598],[-122.700673,45.603614],[-122.700715,45.603623]]]}},{"type":"Feature","properties":{"k":"bunker"},"geometry":{"type":"Polygon","coordinates":[[[-122.699428,45.60404],[-122.699465,45.604034],[-122.699491,45.60401],[-122.699491,45.603986],[-122.699465,45.603949],[-122.699425,45.603949],[-122.699395,45.603975],[-122.699346,45.603964],[-122.699319,45.603971],[-122.699311,45.603981],[-122.699316,45.604001],[-122.699332,45.604008],[-122.699369,45.604005],[-122.699406,45.604036],[-122.699428,45.60404]]]}},{"type":"Feature","properties":{"k":"bunker"},"geometry":{"type":"Polygon","coordinates":[[[-122.699381,45.604144],[-122.699424,45.60415],[-122.699457,45.604137],[-122.699466,45.60412],[-122.699449,45.604089],[-122.699361,45.604061],[-122.699321,45.604059],[-122.699298,45.604066],[-122.699272,45.604089],[-122.699274,45.604105],[-122.699304,45.604119],[-122.699355,45.604118],[-122.699381,45.604144]]]}},{"type":"Feature","properties":{"k":"bunker"},"geometry":{"type":"Polygon","coordinates":[[[-122.699799,45.604384],[-122.699855,45.60437],[-122.699873,45.604353],[-122.699879,45.604333],[-122.699847,45.604282],[-122.699813,45.604266],[-122.699787,45.604264],[-122.699748,45.604275],[-122.699744,45.60429],[-122.699788,45.604333],[-122.699762,45.604365],[-122.699765,45.604374],[-122.699799,45.604384]]]}},{"type":"Feature","properties":{"k":"bunker"},"geometry":{"type":"Polygon","coordinates":[[[-122.700507,45.604709],[-122.700551,45.604709],[-122.700581,45.604695],[-122.700588,45.604681],[-122.700576,45.60465],[-122.700542,45.604634],[-122.700496,45.60464],[-122.700442,45.604595],[-122.700404,45.604597],[-122.700376,45.604615],[-122.700367,45.604641],[-122.700374,45.60465],[-122.700433,45.604659],[-122.70046,45.604706],[-122.700507,45.604709]]]}},{"type":"Feature","properties":{"k":"bunker"},"geometry":{"type":"Polygon","coordinates":[[[-122.700959,45.604493],[-122.700993,45.604494],[-122.701003,45.604484],[-122.701014,45.604436],[-122.700986,45.604412],[-122.700942,45.604405],[-122.700913,45.60441],[-122.700897,45.60443],[-122.700914,45.604453],[-122.700906,45.604472],[-122.700894,45.604477],[-122.700851,45.604464],[-122.700815,45.604471],[-122.700795,45.604491],[-122.700789,45.604522],[-122.700804,45.604546],[-122.700862,45.604551],[-122.70089,45.604536],[-122.700908,45.6045],[-122.700959,45.604493]]]}},{"type":"Feature","properties":{"k":"bunker"},"geometry":{"type":"Polygon","coordinates":[[[-122.699983,45.604942],[-122.699986,45.604963],[-122.700004,45.604979],[-122.700033,45.604984],[-122.700066,45.604969],[-122.700072,45.604941],[-122.700065,45.604929],[-122.700037,45.604914],[-122.700002,45.604923],[-122.699983,45.604942]]]}},{"type":"Feature","properties":{"k":"bunker"},"geometry":{"type":"Polygon","coordinates":[[[-122.702703,45.604101],[-122.702735,45.604086],[-122.702747,45.604067],[-122.702735,45.604038],[-122.702704,45.604027],[-122.702668,45.604046],[-122.702657,45.604075],[-122.702664,45.604094],[-122.702703,45.604101]]]}},{"type":"Feature","properties":{"k":"bunker"},"geometry":{"type":"Polygon","coordinates":[[[-122.700889,45.604025],[-122.700934,45.604027],[-122.700951,45.604011],[-122.700959,45.603981],[-122.700939,45.603955],[-122.700897,45.603942],[-122.700867,45.603947],[-122.700847,45.603966],[-122.700866,45.604008],[-122.700889,45.604025]]]}},{"type":"Feature","properties":{"k":"bunker"},"geometry":{"type":"Polygon","coordinates":[[[-122.700769,45.60241],[-122.700817,45.602412],[-122.700844,45.6024],[-122.700847,45.60239],[-122.700823,45.602365],[-122.700761,45.602347],[-122.700755,45.602337],[-122.700773,45.602301],[-122.700764,45.602278],[-122.70073,45.602278],[-122.700705,45.602294],[-122.700644,45.602298],[-122.700635,45.602317],[-122.700652,45.602345],[-122.700689,45.602367],[-122.700717,45.602398],[-122.700769,45.60241]]]}},{"type":"Feature","properties":{"k":"bunker"},"geometry":{"type":"Polygon","coordinates":[[[-122.70068,45.602472],[-122.700729,45.602489],[-122.70076,45.602478],[-122.700764,45.602456],[-122.700745,45.602438],[-122.700708,45.602428],[-122.700683,45.602441],[-122.70068,45.602472]]]}},{"type":"Feature","properties":{"k":"bunker"},"geometry":{"type":"Polygon","coordinates":[[[-122.709456,45.606431],[-122.709517,45.606402],[-122.709523,45.606392],[-122.709515,45.606374],[-122.709489,45.606367],[-122.709459,45.60637],[-122.709407,45.606396],[-122.709339,45.606394],[-122.70931,45.606415],[-122.709317,45.606437],[-122.709342,45.606444],[-122.709383,45.606427],[-122.709456,45.606431]]]}},{"type":"Feature","properties":{"k":"bunker"},"geometry":{"type":"Polygon","coordinates":[[[-122.709346,45.606694],[-122.709406,45.606693],[-122.70942,45.606671],[-122.709402,45.606656],[-122.709339,45.606655],[-122.709314,45.606644],[-122.70931,45.606589],[-122.709281,45.606583],[-122.709266,45.606589],[-122.709252,45.606608],[-122.709261,45.606654],[-122.709292,45.606683],[-122.709346,45.606694]]]}},{"type":"Feature","properties":{"k":"bunker"},"geometry":{"type":"Polygon","coordinates":[[[-122.706831,45.604904],[-122.706889,45.604908],[-122.706941,45.604893],[-122.706956,45.604877],[-122.706953,45.604858],[-122.706924,45.604836],[-122.706851,45.60485],[-122.706787,45.604832],[-122.706755,45.604835],[-122.706744,45.604855],[-122.706756,45.604877],[-122.706831,45.604904]]]}},{"type":"Feature","properties":{"k":"bunker"},"geometry":{"type":"Polygon","coordinates":[[[-122.706951,45.604648],[-122.706959,45.604624],[-122.706929,45.604588],[-122.706899,45.604507],[-122.706861,45.604482],[-122.706836,45.604484],[-122.706825,45.604494],[-122.706827,45.604514],[-122.706864,45.604539],[-122.706872,45.604554],[-122.706833,45.604607],[-122.706844,45.604636],[-122.706889,45.604655],[-122.706951,45.604648]]]}},{"type":"Feature","properties":{"k":"bunker"},"geometry":{"type":"Polygon","coordinates":[[[-122.706488,45.604539],[-122.706517,45.604528],[-122.706548,45.60449],[-122.706552,45.604466],[-122.706539,45.604458],[-122.706488,45.60446],[-122.706444,45.604493],[-122.706443,45.604525],[-122.706488,45.604539]]]}},{"type":"Feature","properties":{"k":"bunker"},"geometry":{"type":"Polygon","coordinates":[[[-122.706547,45.605189],[-122.70663,45.605212],[-122.706657,45.605192],[-122.706649,45.605174],[-122.706584,45.605152],[-122.706547,45.605096],[-122.706523,45.605101],[-122.706512,45.605111],[-122.706505,45.605138],[-122.706515,45.605163],[-122.706547,45.605189]]]}},{"type":"Feature","properties":{"k":"bunker"},"geometry":{"type":"Polygon","coordinates":[[[-122.706359,45.60539],[-122.706383,45.605391],[-122.706399,45.605381],[-122.706405,45.605365],[-122.706394,45.605349],[-122.706318,45.60529],[-122.706293,45.605279],[-122.706268,45.605281],[-122.706249,45.605302],[-122.706252,45.605318],[-122.706312,45.605339],[-122.706333,45.605378],[-122.706359,45.60539]]]}},{"type":"Feature","properties":{"k":"bunker"},"geometry":{"type":"Polygon","coordinates":[[[-122.706076,45.605203],[-122.706095,45.605194],[-122.706093,45.605172],[-122.706029,45.60511],[-122.705983,45.605104],[-122.705964,45.60512],[-122.705973,45.605156],[-122.706024,45.605173],[-122.706062,45.605202],[-122.706076,45.605203]]]}},{"type":"Feature","properties":{"k":"bunker"},"geometry":{"type":"Polygon","coordinates":[[[-122.711074,45.605073],[-122.711109,45.605055],[-122.711116,45.605041],[-122.711112,45.605025],[-122.711082,45.605015],[-122.710954,45.605031],[-122.710932,45.605037],[-122.710924,45.605048],[-122.710933,45.605069],[-122.710957,45.605081],[-122.71102,45.60506],[-122.711074,45.605073]]]}},{"type":"Feature","properties":{"k":"bunker"},"geometry":{"type":"Polygon","coordinates":[[[-122.710809,45.605312],[-122.710841,45.605308],[-122.710849,45.605298],[-122.710844,45.605276],[-122.710792,45.605271],[-122.71074,45.605286],[-122.71074,45.605305],[-122.710749,45.605313],[-122.710809,45.605312]]]}},{"type":"Feature","properties":{"k":"bunker"},"geometry":{"type":"Polygon","coordinates":[[[-122.710716,45.605228],[-122.710759,45.605229],[-122.71078,45.605212],[-122.710776,45.605197],[-122.710728,45.605175],[-122.710713,45.605133],[-122.710701,45.605125],[-122.710664,45.605122],[-122.710638,45.605137],[-122.710637,45.60515],[-122.710673,45.605183],[-122.710675,45.605221],[-122.710716,45.605228]]]}},{"type":"Feature","properties":{"k":"bunker"},"geometry":{"type":"Polygon","coordinates":[[[-122.707226,45.603998],[-122.707273,45.603986],[-122.707284,45.603965],[-122.707257,45.603922],[-122.707283,45.603891],[-122.707289,45.603868],[-122.707262,45.603854],[-122.707218,45.60386],[-122.707219,45.603912],[-122.707187,45.603953],[-122.707188,45.603981],[-122.707226,45.603998]]]}},{"type":"Feature","properties":{"k":"bunker"},"geometry":{"type":"Polygon","coordinates":[[[-122.710976,45.603257],[-122.71101,45.603262],[-122.711029,45.603255],[-122.711042,45.603226],[-122.711028,45.603202],[-122.710925,45.603143],[-122.710854,45.603141],[-122.710839,45.603169],[-122.710858,45.603197],[-122.710874,45.603205],[-122.710944,45.603206],[-122.710962,45.603214],[-122.710976,45.603257]]]}},{"type":"Feature","properties":{"k":"bunker"},"geometry":{"type":"Polygon","coordinates":[[[-122.710795,45.603481],[-122.710813,45.603482],[-122.710834,45.603468],[-122.71083,45.603449],[-122.710799,45.603429],[-122.710737,45.603427],[-122.710679,45.603443],[-122.710679,45.603462],[-122.710697,45.603474],[-122.710757,45.603462],[-122.710795,45.603481]]]}},{"type":"Feature","properties":{"k":"bunker"},"geometry":{"type":"Polygon","coordinates":[[[-122.709354,45.603389],[-122.709412,45.603387],[-122.709414,45.603367],[-122.709393,45.603353],[-122.709362,45.603353],[-122.709277,45.603393],[-122.709267,45.603418],[-122.709278,45.603429],[-122.709309,45.603431],[-122.70933,45.603417],[-122.709336,45.603392],[-122.709354,45.603389]]]}},{"type":"Feature","properties":{"k":"bunker"},"geometry":{"type":"Polygon","coordinates":[[[-122.709535,45.603195],[-122.709562,45.603197],[-122.709573,45.60319],[-122.709577,45.603168],[-122.70956,45.603152],[-122.709512,45.603151],[-122.709467,45.603168],[-122.70939,45.60315],[-122.709363,45.603157],[-122.709362,45.603176],[-122.709396,45.603197],[-122.709431,45.603199],[-122.709495,45.603184],[-122.709535,45.603195]]]}},{"type":"Feature","properties":{"k":"bunker"},"geometry":{"type":"Polygon","coordinates":[[[-122.70907,45.603249],[-122.709147,45.603229],[-122.709159,45.603215],[-122.709153,45.603204],[-122.709142,45.603198],[-122.709092,45.603199],[-122.709062,45.603186],[-122.709029,45.603184],[-122.709019,45.603208],[-122.70907,45.603249]]]}},{"type":"Feature","properties":{"k":"bunker"},"geometry":{"type":"Polygon","coordinates":[[[-122.70607,45.602879],[-122.706107,45.602869],[-122.706145,45.602841],[-122.706193,45.602832],[-122.706206,45.602802],[-122.706237,45.602777],[-122.706238,45.602759],[-122.706163,45.602745],[-122.706133,45.602749],[-122.706127,45.602759],[-122.706138,45.602784],[-122.706131,45.602809],[-122.706054,45.602817],[-122.706036,45.602836],[-122.706029,45.602869],[-122.70607,45.602879]]]}},{"type":"Feature","properties":{"k":"bunker"},"geometry":{"type":"Polygon","coordinates":[[[-122.705985,45.602768],[-122.70602,45.602753],[-122.706032,45.602728],[-122.706025,45.602718],[-122.705997,45.602709],[-122.705953,45.602713],[-122.705893,45.602682],[-122.705861,45.602691],[-122.705849,45.602711],[-122.705858,45.602734],[-122.705934,45.602753],[-122.705962,45.602768],[-122.705985,45.602768]]]}},{"type":"Feature","properties":{"k":"bunker"},"geometry":{"type":"Polygon","coordinates":[[[-122.703387,45.600474],[-122.703373,45.600485],[-122.703362,45.600482],[-122.70335,45.600465],[-122.703322,45.600468],[-122.703308,45.600508],[-122.703333,45.600517],[-122.703373,45.600514],[-122.703393,45.600526],[-122.703421,45.600521],[-122.703437,45.600491],[-122.703431,45.600479],[-122.703413,45.600466],[-122.703387,45.600474]]]}},{"type":"Feature","properties":{"k":"bunker"},"geometry":{"type":"Polygon","coordinates":[[[-122.703209,45.60051],[-122.703241,45.600503],[-122.703263,45.600488],[-122.70327,45.600447],[-122.703263,45.60044],[-122.703243,45.60044],[-122.703214,45.600464],[-122.703203,45.60043],[-122.703174,45.600426],[-122.703154,45.600434],[-122.703142,45.600456],[-122.703175,45.600493],[-122.703209,45.60051]]]}},{"type":"Feature","properties":{"k":"bunker"},"geometry":{"type":"Polygon","coordinates":[[[-122.703021,45.600735],[-122.703035,45.600739],[-122.703069,45.600728],[-122.70307,45.600704],[-122.703043,45.600678],[-122.703068,45.600637],[-122.703023,45.600595],[-122.703033,45.600568],[-122.703023,45.600549],[-122.702977,45.600508],[-122.702937,45.600503],[-122.702899,45.600529],[-122.702901,45.600557],[-122.702961,45.600574],[-122.702971,45.600584],[-122.702962,45.600619],[-122.702966,45.600629],[-122.702996,45.600641],[-122.703,45.600654],[-122.702957,45.600687],[-122.702959,45.600694],[-122.702973,45.600707],[-122.703007,45.600717],[-122.703021,45.600735]]]}},{"type":"Feature","properties":{"k":"bunker"},"geometry":{"type":"Polygon","coordinates":[[[-122.705525,45.599639],[-122.705551,45.599637],[-122.705564,45.599627],[-122.705564,45.599617],[-122.705535,45.599595],[-122.705541,45.599571],[-122.705551,45.599565],[-122.705584,45.59957],[-122.705614,45.599561],[-122.705619,45.599541],[-122.705599,45.599528],[-122.705567,45.599528],[-122.70555,45.599536],[-122.705499,45.599606],[-122.705455,45.599619],[-122.705425,45.599646],[-122.705379,45.59966],[-122.705381,45.599685],[-122.705402,45.599703],[-122.705447,45.599706],[-122.705472,45.599684],[-122.705476,45.59964],[-122.7055,45.599634],[-122.705525,45.599639]]]}},{"type":"Feature","properties":{"k":"bunker"},"geometry":{"type":"Polygon","coordinates":[[[-122.706841,45.598685],[-122.706858,45.598678],[-122.706885,45.598685],[-122.706891,45.598703],[-122.706874,45.598718],[-122.706852,45.59872],[-122.706837,45.598711],[-122.706841,45.598685]]]}},{"type":"Feature","properties":{"k":"bunker"},"geometry":{"type":"Polygon","coordinates":[[[-122.706958,45.598499],[-122.706993,45.598492],[-122.707003,45.598472],[-122.706976,45.598457],[-122.706939,45.598457],[-122.70692,45.598467],[-122.70692,45.598483],[-122.706941,45.598497],[-122.706958,45.598499]]]}},{"type":"Feature","properties":{"k":"bunker"},"geometry":{"type":"Polygon","coordinates":[[[-122.707544,45.598542],[-122.707591,45.598535],[-122.707639,45.598496],[-122.707656,45.598464],[-122.707639,45.598443],[-122.707605,45.598438],[-122.707584,45.59845],[-122.707595,45.598489],[-122.707587,45.598499],[-122.70754,45.598498],[-122.707519,45.598507],[-122.707521,45.598533],[-122.707544,45.598542]]]}},{"type":"Feature","properties":{"k":"bunker"},"geometry":{"type":"Polygon","coordinates":[[[-122.707532,45.598891],[-122.707554,45.598884],[-122.707572,45.598859],[-122.707558,45.598844],[-122.707532,45.598841],[-122.707488,45.59885],[-122.707465,45.598847],[-122.707456,45.598837],[-122.70747,45.598807],[-122.707465,45.598792],[-122.707429,45.598787],[-122.70738,45.59881],[-122.707384,45.598823],[-122.707407,45.598838],[-122.707422,45.598889],[-122.707447,45.598895],[-122.707532,45.598891]]]}},{"type":"Feature","properties":{"k":"bunker"},"geometry":{"type":"Polygon","coordinates":[[[-122.707729,45.59902],[-122.70782,45.599033],[-122.707841,45.599027],[-122.707856,45.599009],[-122.707851,45.598984],[-122.707803,45.59896],[-122.707758,45.598961],[-122.707731,45.598968],[-122.707709,45.598989],[-122.707707,45.599006],[-122.707729,45.59902]]]}},{"type":"Feature","properties":{"k":"bunker"},"geometry":{"type":"Polygon","coordinates":[[[-122.7089,45.599431],[-122.708953,45.599442],[-122.708995,45.599423],[-122.708998,45.599411],[-122.708982,45.599388],[-122.708985,45.59935],[-122.70896,45.599339],[-122.708919,45.599359],[-122.708902,45.599359],[-122.70888,45.599326],[-122.708855,45.59931],[-122.708804,45.599315],[-122.708782,45.599332],[-122.708782,45.599353],[-122.708807,45.599377],[-122.708874,45.599386],[-122.70888,45.599412],[-122.7089,45.599431]]]}},{"type":"Feature","properties":{"k":"bunker"},"geometry":{"type":"Polygon","coordinates":[[[-122.709438,45.598901],[-122.70948,45.598897],[-122.70954,45.598869],[-122.709548,45.598839],[-122.709533,45.598819],[-122.709518,45.598813],[-122.709486,45.59882],[-122.709468,45.598844],[-122.709431,45.598854],[-122.709408,45.598846],[-122.709372,45.598818],[-122.709355,45.598813],[-122.709296,45.598818],[-122.709244,45.598786],[-122.709224,45.598785],[-122.709188,45.598804],[-122.709183,45.598814],[-122.709194,45.598834],[-122.709261,45.59885],[-122.709303,45.598878],[-122.709353,45.598886],[-122.709386,45.598878],[-122.709438,45.598901]]]}},{"type":"Feature","properties":{"k":"bunker"},"geometry":{"type":"Polygon","coordinates":[[[-122.708949,45.598901],[-122.708983,45.598895],[-122.709001,45.598872],[-122.708985,45.598809],[-122.708961,45.598798],[-122.708934,45.598807],[-122.708935,45.59885],[-122.708877,45.598874],[-122.708891,45.598898],[-122.708949,45.598901]]]}},{"type":"Feature","properties":{"k":"bunker"},"geometry":{"type":"Polygon","coordinates":[[[-122.711428,45.600352],[-122.711463,45.60041],[-122.711493,45.600428],[-122.711527,45.600429],[-122.711544,45.600407],[-122.711542,45.600395],[-122.711529,45.600373],[-122.711489,45.60035],[-122.711486,45.600309],[-122.711427,45.600289],[-122.711408,45.600254],[-122.711387,45.600238],[-122.711342,45.600234],[-122.711333,45.60019],[-122.711324,45.600184],[-122.711292,45.60018],[-122.711269,45.600189],[-122.711255,45.600203],[-122.711255,45.600234],[-122.711276,45.600263],[-122.711401,45.600322],[-122.711428,45.600352]]]}},{"type":"Feature","properties":{"k":"bunker"},"geometry":{"type":"Polygon","coordinates":[[[-122.710904,45.598747],[-122.710932,45.598752],[-122.710952,45.598744],[-122.710943,45.598721],[-122.710922,45.598715],[-122.710847,45.598725],[-122.710825,45.598742],[-122.710847,45.59876],[-122.710904,45.598747]]]}},{"type":"Feature","properties":{"k":"bunker"},"geometry":{"type":"Polygon","coordinates":[[[-122.710671,45.59869],[-122.710719,45.598685],[-122.710725,45.598664],[-122.710706,45.598653],[-122.71068,45.598649],[-122.71061,45.59867],[-122.710612,45.598686],[-122.710622,45.59869],[-122.710671,45.59869]]]}},{"type":"Feature","properties":{"k":"bunker"},"geometry":{"type":"Polygon","coordinates":[[[-122.709701,45.598575],[-122.709724,45.598576],[-122.709743,45.598564],[-122.709743,45.598516],[-122.709813,45.598505],[-122.709816,45.598481],[-122.70976,45.598474],[-122.709723,45.598458],[-122.709692,45.598463],[-122.70968,45.598481],[-122.709693,45.598512],[-122.709672,45.598551],[-122.709701,45.598575]]]}},{"type":"Feature","properties":{"k":"bunker"},"geometry":{"type":"Polygon","coordinates":[[[-122.706857,45.59759],[-122.706862,45.597582],[-122.706851,45.597571],[-122.706824,45.597568],[-122.706809,45.597576],[-122.70681,45.597593],[-122.706827,45.597605],[-122.706857,45.59759]]]}},{"type":"Feature","properties":{"k":"bunker"},"geometry":{"type":"Polygon","coordinates":[[[-122.707038,45.601104],[-122.707056,45.601118],[-122.707094,45.601112],[-122.707086,45.60107],[-122.707107,45.601054],[-122.70714,45.601047],[-122.707147,45.601034],[-122.707133,45.601012],[-122.707099,45.601013],[-122.70708,45.601033],[-122.707058,45.601042],[-122.706995,45.60102],[-122.706973,45.60102],[-122.706953,45.601031],[-122.706946,45.601047],[-122.706957,45.60106],[-122.707036,45.601072],[-122.707038,45.601104]]]}},{"type":"Feature","properties":{"k":"bunker"},"geometry":{"type":"Polygon","coordinates":[[[-122.707075,45.600833],[-122.707111,45.600831],[-122.707123,45.600816],[-122.70712,45.600804],[-122.707073,45.600766],[-122.707051,45.600719],[-122.707065,45.600679],[-122.707055,45.600659],[-122.707044,45.600653],[-122.707011,45.600658],[-122.706979,45.600688],[-122.706903,45.600688],[-122.706893,45.600709],[-122.706907,45.600727],[-122.706932,45.600731],[-122.706988,45.600724],[-122.707026,45.600742],[-122.707053,45.600782],[-122.707055,45.600822],[-122.707075,45.600833]]]}},{"type":"Feature","properties":{"k":"bunker"},"geometry":{"type":"Polygon","coordinates":[[[-122.70659,45.600994],[-122.706617,45.600986],[-122.706628,45.600974],[-122.706625,45.600958],[-122.706574,45.600907],[-122.706543,45.600907],[-122.706532,45.600915],[-122.706535,45.600931],[-122.706556,45.600948],[-122.706566,45.600987],[-122.70659,45.600994]]]}},{"type":"Feature","properties":{"k":"bunker"},"geometry":{"type":"Polygon","coordinates":[[[-122.708382,45.601206],[-122.708412,45.601202],[-122.708451,45.601162],[-122.708516,45.601165],[-122.708531,45.601159],[-122.708528,45.601137],[-122.708465,45.60113],[-122.708443,45.601095],[-122.708403,45.601093],[-122.708394,45.601101],[-122.708403,45.601134],[-122.708351,45.601177],[-122.708362,45.601203],[-122.708382,45.601206]]]}},{"type":"Feature","properties":{"k":"bunker"},"geometry":{"type":"Polygon","coordinates":[[[-122.708398,45.60133],[-122.708416,45.60133],[-122.708446,45.601314],[-122.70845,45.601283],[-122.708443,45.601267],[-122.708415,45.601247],[-122.708366,45.601244],[-122.708343,45.601268],[-122.708343,45.601286],[-122.70836,45.601316],[-122.708398,45.60133]]]}},{"type":"Feature","properties":{"k":"bunker"},"geometry":{"type":"Polygon","coordinates":[[[-122.706464,45.600003],[-122.706497,45.599997],[-122.706545,45.599968],[-122.70656,45.599942],[-122.706557,45.599931],[-122.706511,45.599922],[-122.706436,45.599959],[-122.706374,45.599941],[-122.706346,45.599943],[-122.706337,45.599952],[-122.706342,45.599976],[-122.706464,45.600003]]]}},{"type":"Feature","properties":{"k":"bunker"},"geometry":{"type":"Polygon","coordinates":[[[-122.706337,45.599676],[-122.706389,45.599674],[-122.706404,45.599667],[-122.706408,45.59964],[-122.706382,45.599628],[-122.706366,45.599631],[-122.70632,45.599665],[-122.706266,45.599673],[-122.70626,45.599694],[-122.706266,45.599701],[-122.706294,45.599704],[-122.706337,45.599676]]]}},{"type":"Feature","properties":{"k":"bunker"},"geometry":{"type":"Polygon","coordinates":[[[-122.706069,45.59993],[-122.706093,45.599922],[-122.706111,45.599905],[-122.706097,45.599863],[-122.706141,45.59982],[-122.706139,45.599805],[-122.706121,45.599794],[-122.706078,45.599797],[-122.706057,45.59982],[-122.706073,45.599869],[-122.706036,45.599908],[-122.706046,45.599924],[-122.706069,45.59993]]]}},{"type":"Feature","properties":{"k":"bunker"},"geometry":{"type":"Polygon","coordinates":[[[-122.705714,45.600219],[-122.705755,45.600217],[-122.705781,45.600194],[-122.70582,45.600109],[-122.705808,45.600086],[-122.705767,45.600091],[-122.705769,45.60013],[-122.705709,45.600197],[-122.705714,45.600219]]]}},{"type":"Feature","properties":{"k":"bunker"},"geometry":{"type":"Polygon","coordinates":[[[-122.70557,45.600344],[-122.705588,45.600347],[-122.705606,45.60034],[-122.70566,45.600297],[-122.705659,45.600276],[-122.705626,45.600269],[-122.705586,45.600289],[-122.705562,45.600315],[-122.70557,45.600344]]]}},{"type":"Feature","properties":{"k":"bunker"},"geometry":{"type":"Polygon","coordinates":[[[-122.705272,45.601742],[-122.705285,45.601755],[-122.705308,45.60176],[-122.705353,45.601754],[-122.70536,45.601744],[-122.705351,45.601711],[-122.705362,45.60168],[-122.705342,45.601661],[-122.705309,45.601649],[-122.705273,45.601655],[-122.705293,45.601694],[-122.705272,45.601721],[-122.705272,45.601742]]]}},{"type":"Feature","properties":{"k":"bunker"},"geometry":{"type":"Polygon","coordinates":[[[-122.704797,45.60155],[-122.704823,45.601539],[-122.704849,45.601477],[-122.704913,45.60146],[-122.704922,45.601452],[-122.704918,45.601435],[-122.704869,45.601425],[-122.704834,45.601434],[-122.704799,45.601454],[-122.704789,45.601468],[-122.704779,45.601538],[-122.704797,45.60155]]]}},{"type":"Feature","properties":{"k":"bunker"},"geometry":{"type":"Polygon","coordinates":[[[-122.704188,45.601475],[-122.704215,45.601479],[-122.704253,45.601466],[-122.704275,45.601411],[-122.704275,45.601388],[-122.704252,45.601376],[-122.704217,45.601372],[-122.704225,45.601337],[-122.704205,45.601316],[-122.704186,45.601307],[-122.704142,45.601302],[-122.704117,45.601313],[-122.704114,45.601338],[-122.704159,45.601403],[-122.704161,45.601452],[-122.704188,45.601475]]]}},{"type":"Feature","properties":{"k":"bunker"},"geometry":{"type":"Polygon","coordinates":[[[-122.703654,45.601679],[-122.703682,45.601684],[-122.703701,45.601678],[-122.703749,45.601622],[-122.703749,45.601603],[-122.703727,45.601574],[-122.70376,45.601538],[-122.703767,45.601511],[-122.703748,45.601488],[-122.703707,45.601474],[-122.703652,45.601472],[-122.703626,45.601481],[-122.703609,45.601515],[-122.70367,45.60157],[-122.703671,45.601585],[-122.703649,45.601595],[-122.703607,45.60158],[-122.703594,45.601581],[-122.703585,45.601599],[-122.703586,45.601611],[-122.703615,45.601627],[-122.703654,45.601679]]]}},{"type":"Feature","properties":{"k":"bunker"},"geometry":{"type":"Polygon","coordinates":[[[-122.70343,45.602325],[-122.70345,45.602323],[-122.703466,45.602311],[-122.703473,45.602296],[-122.703452,45.60226],[-122.703451,45.602241],[-122.703483,45.602205],[-122.703457,45.602167],[-122.703429,45.602159],[-122.703395,45.602166],[-122.70336,45.602197],[-122.703401,45.602257],[-122.703401,45.602303],[-122.703411,45.602317],[-122.70343,45.602325]]]}},{"type":"Feature","properties":{"k":"bunker"},"geometry":{"type":"Polygon","coordinates":[[[-122.703701,45.602988],[-122.703755,45.602986],[-122.703774,45.602971],[-122.703782,45.602952],[-122.703775,45.60293],[-122.703698,45.602879],[-122.703698,45.602865],[-122.703741,45.602832],[-122.703743,45.602815],[-122.703727,45.602799],[-122.703671,45.602772],[-122.703665,45.602758],[-122.703672,45.602746],[-122.703724,45.602721],[-122.703732,45.602703],[-122.703721,45.602676],[-122.703692,45.602653],[-122.70361,45.602628],[-122.703599,45.602608],[-122.703657,45.602577],[-122.703661,45.602561],[-122.703657,45.602546],[-122.70364,45.602536],[-122.703601,45.602531],[-122.703554,45.60254],[-122.703505,45.602559],[-122.703482,45.602586],[-122.703486,45.602614],[-122.703507,45.602637],[-122.703596,45.602668],[-122.7036,45.602688],[-122.703578,45.602705],[-122.703565,45.602731],[-122.703569,45.602756],[-122.703617,45.602795],[-122.703623,45.602841],[-122.703661,45.602893],[-122.70366,45.602956],[-122.703674,45.602975],[-122.703701,45.602988]]]}},{"type":"Feature","properties":{"k":"bunker"},"geometry":{"type":"Polygon","coordinates":[[[-122.703871,45.60344],[-122.703893,45.603441],[-122.703912,45.603432],[-122.703921,45.603411],[-122.703884,45.603377],[-122.70389,45.603347],[-122.703882,45.603323],[-122.703848,45.603317],[-122.703814,45.603336],[-122.703806,45.603352],[-122.703854,45.603432],[-122.703871,45.60344]]]}},{"type":"Feature","properties":{"k":"bunker"},"geometry":{"type":"Polygon","coordinates":[[[-122.703727,45.603681],[-122.703768,45.603681],[-122.703797,45.603633],[-122.703855,45.603627],[-122.70386,45.603612],[-122.703846,45.603581],[-122.703868,45.603567],[-122.703892,45.603569],[-122.703911,45.603561],[-122.703921,45.603549],[-122.703919,45.603529],[-122.703902,45.603519],[-122.703868,45.60352],[-122.703808,45.603586],[-122.703718,45.603625],[-122.703701,45.603654],[-122.703727,45.603681]]]}},{"type":"Feature","properties":{"k":"bunker"},"geometry":{"type":"Polygon","coordinates":[[[-122.70334,45.60354],[-122.703341,45.603561],[-122.703381,45.603591],[-122.703421,45.603592],[-122.703443,45.603579],[-122.703451,45.603549],[-122.703438,45.603529],[-122.703421,45.60352],[-122.703376,45.603514],[-122.70334,45.60354]]]}},{"type":"Feature","properties":{"k":"bunker"},"geometry":{"type":"Polygon","coordinates":[[[-122.711634,45.60076],[-122.711657,45.600764],[-122.711692,45.600754],[-122.711697,45.600728],[-122.711685,45.600717],[-122.711661,45.600709],[-122.711621,45.600722],[-122.711612,45.600735],[-122.711634,45.60076]]]}},{"type":"Feature","properties":{"k":"bunker"},"geometry":{"type":"Polygon","coordinates":[[[-122.71129,45.600666],[-122.711339,45.600663],[-122.711348,45.600647],[-122.711342,45.600631],[-122.711315,45.600622],[-122.711246,45.600636],[-122.711245,45.600659],[-122.711267,45.60067],[-122.71129,45.600666]]]}},{"type":"Feature","properties":{"k":"bunker"},"geometry":{"type":"Polygon","coordinates":[[[-122.711254,45.601456],[-122.711276,45.601453],[-122.711288,45.601436],[-122.71127,45.601412],[-122.711249,45.601408],[-122.711234,45.601413],[-122.711226,45.60144],[-122.711254,45.601456]]]}},{"type":"Feature","properties":{"k":"bunker"},"geometry":{"type":"Polygon","coordinates":[[[-122.711236,45.601613],[-122.71126,45.601611],[-122.711276,45.601598],[-122.711268,45.601572],[-122.711237,45.601571],[-122.711227,45.601578],[-122.71122,45.601603],[-122.711236,45.601613]]]}},{"type":"Feature","properties":{"k":"bunker"},"geometry":{"type":"Polygon","coordinates":[[[-122.711128,45.601308],[-122.711166,45.601301],[-122.711169,45.601279],[-122.711092,45.601248],[-122.711064,45.60121],[-122.711032,45.601207],[-122.71101,45.601228],[-122.711017,45.601252],[-122.711075,45.601273],[-122.711128,45.601308]]]}},{"type":"Feature","properties":{"k":"bunker"},"geometry":{"type":"Polygon","coordinates":[[[-122.710813,45.601529],[-122.710838,45.601517],[-122.710843,45.601505],[-122.710821,45.601463],[-122.710826,45.601412],[-122.710798,45.601395],[-122.71078,45.601396],[-122.710746,45.601407],[-122.710737,45.601423],[-122.710755,45.6015],[-122.710778,45.601526],[-122.710813,45.601529]]]}},{"type":"Feature","properties":{"k":"bunker"},"geometry":{"type":"Polygon","coordinates":[[[-122.708523,45.602102],[-122.708543,45.602133],[-122.708592,45.602134],[-122.708615,45.602115],[-122.708618,45.60207],[-122.708681,45.60204],[-122.708687,45.602025],[-122.708682,45.602012],[-122.708662,45.602003],[-122.70862,45.601999],[-122.708566,45.601959],[-122.708548,45.601957],[-122.708531,45.601965],[-122.708524,45.601985],[-122.70859,45.602009],[-122.708588,45.602036],[-122.708501,45.602043],[-122.708478,45.602067],[-122.708484,45.602079],[-122.708523,45.602102]]]}},{"type":"Feature","properties":{"k":"bunker"},"geometry":{"type":"Polygon","coordinates":[[[-122.709507,45.600766],[-122.709531,45.600769],[-122.709549,45.600763],[-122.709575,45.600742],[-122.709584,45.60072],[-122.70958,45.600707],[-122.709563,45.600698],[-122.709538,45.600692],[-122.709407,45.600688],[-122.709371,45.600694],[-122.709369,45.600705],[-122.709392,45.600722],[-122.709433,45.600726],[-122.709502,45.600719],[-122.70951,45.600737],[-122.709507,45.600766]]]}},{"type":"Feature","properties":{"k":"bunker"},"geometry":{"type":"Polygon","coordinates":[[[-122.709362,45.600808],[-122.709378,45.600812],[-122.709415,45.600803],[-122.709424,45.600792],[-122.70942,45.600778],[-122.709375,45.600747],[-122.709329,45.600741],[-122.709313,45.600746],[-122.709314,45.600771],[-122.709362,45.600808]]]}},{"type":"Feature","properties":{"k":"bunker"},"geometry":{"type":"Polygon","coordinates":[[[-122.705641,45.607639],[-122.70567,45.607614],[-122.705653,45.607569],[-122.70567,45.607538],[-122.705668,45.607527],[-122.70564,45.607518],[-122.705598,45.607525],[-122.705581,45.607535],[-122.705572,45.607564],[-122.705614,45.60759],[-122.705596,45.607606],[-122.705595,45.607633],[-122.705624,45.607643],[-122.705641,45.607639]]]}},{"type":"Feature","properties":{"k":"bunker"},"geometry":{"type":"Polygon","coordinates":[[[-122.705505,45.607524],[-122.705529,45.607518],[-122.705546,45.607498],[-122.705604,45.607471],[-122.70561,45.607456],[-122.705602,45.607442],[-122.705581,45.607432],[-122.705555,45.607432],[-122.705522,45.607467],[-122.705475,45.607481],[-122.705472,45.607512],[-122.705505,45.607524]]]}},{"type":"Feature","properties":{"k":"bunker"},"geometry":{"type":"Polygon","coordinates":[[[-122.705535,45.607292],[-122.705563,45.607298],[-122.705586,45.60729],[-122.705614,45.607258],[-122.705667,45.607255],[-122.70568,45.607242],[-122.705674,45.607225],[-122.705623,45.607206],[-122.705595,45.607214],[-122.705531,45.607256],[-122.705535,45.607292]]]}},{"type":"Feature","properties":{"k":"bunker"},"geometry":{"type":"Polygon","coordinates":[[[-122.704312,45.608348],[-122.704326,45.608351],[-122.704345,45.608381],[-122.704372,45.608391],[-122.704417,45.608379],[-122.704455,45.60838],[-122.704476,45.608365],[-122.704475,45.608355],[-122.704459,45.608344],[-122.704379,45.608307],[-122.704345,45.608305],[-122.704308,45.608314],[-122.704256,45.608303],[-122.704235,45.608314],[-122.704233,45.608333],[-122.704258,45.608348],[-122.704312,45.608348]]]}},{"type":"Feature","properties":{"k":"bunker"},"geometry":{"type":"Polygon","coordinates":[[[-122.704245,45.608143],[-122.704273,45.608139],[-122.704297,45.608126],[-122.7043,45.608106],[-122.704241,45.608062],[-122.704205,45.608003],[-122.704162,45.60797],[-122.704134,45.607963],[-122.704115,45.607973],[-122.704119,45.608012],[-122.704093,45.608032],[-122.70409,45.608051],[-122.704118,45.608071],[-122.704177,45.608067],[-122.704198,45.608123],[-122.704245,45.608143]]]}},{"type":"Feature","properties":{"k":"bunker"},"geometry":{"type":"Polygon","coordinates":[[[-122.703858,45.608083],[-122.703881,45.608063],[-122.70391,45.608006],[-122.703907,45.607994],[-122.703868,45.607984],[-122.70384,45.607999],[-122.7038,45.60806],[-122.703819,45.608079],[-122.703858,45.608083]]]}},{"type":"Feature","properties":{"k":"bunker"},"geometry":{"type":"Polygon","coordinates":[[[-122.703755,45.608256],[-122.703783,45.608261],[-122.703826,45.608242],[-122.703845,45.60821],[-122.703834,45.608191],[-122.703801,45.608186],[-122.703753,45.608215],[-122.703738,45.608242],[-122.703755,45.608256]]]}},{"type":"Feature","properties":{"k":"bunker"},"geometry":{"type":"Polygon","coordinates":[[[-122.703875,45.608466],[-122.703937,45.60844],[-122.703948,45.608416],[-122.703835,45.608353],[-122.703804,45.60837],[-122.703789,45.608396],[-122.703797,45.608409],[-122.703833,45.608418],[-122.703839,45.608459],[-122.703875,45.608466]]]}},{"type":"Feature","properties":{"k":"bunker"},"geometry":{"type":"Polygon","coordinates":[[[-122.703581,45.607498],[-122.70361,45.6075],[-122.70362,45.607491],[-122.70362,45.607471],[-122.703587,45.607448],[-122.703582,45.607407],[-122.703565,45.6074],[-122.703527,45.607402],[-122.703505,45.607414],[-122.703503,45.607428],[-122.70352,45.60745],[-122.703551,45.607464],[-122.703581,45.607498]]]}},{"type":"Feature","properties":{"k":"bunker"},"geometry":{"type":"Polygon","coordinates":[[[-122.706005,45.606566],[-122.706017,45.606578],[-122.706035,45.606582],[-122.706073,45.60658],[-122.706102,45.606541],[-122.706139,45.606526],[-122.706146,45.60651],[-122.706112,45.606474],[-122.706076,45.606465],[-122.706044,45.606477],[-122.706053,45.606518],[-122.706007,45.606554],[-122.706005,45.606566]]]}},{"type":"Feature","properties":{"k":"bunker"},"geometry":{"type":"Polygon","coordinates":[[[-122.705836,45.606767],[-122.705892,45.606774],[-122.70592,45.606759],[-122.705932,45.606731],[-122.705913,45.606706],[-122.705892,45.606706],[-122.705843,45.606733],[-122.705826,45.606735],[-122.705776,45.606716],[-122.705744,45.606726],[-122.70574,45.606753],[-122.705755,45.606763],[-122.705774,45.606771],[-122.705836,45.606767]]]}},{"type":"Feature","properties":{"k":"bunker"},"geometry":{"type":"Polygon","coordinates":[[[-122.705654,45.606511],[-122.705692,45.606496],[-122.705702,45.606478],[-122.705696,45.606409],[-122.705706,45.60637],[-122.705666,45.606333],[-122.705663,45.606318],[-122.705676,45.606288],[-122.705669,45.606276],[-122.705621,45.606267],[-122.705589,45.60629],[-122.705605,45.606326],[-122.705591,45.606379],[-122.705608,45.606435],[-122.705601,45.606446],[-122.705564,45.606458],[-122.705545,45.606479],[-122.705552,45.60649],[-122.705619,45.606496],[-122.705654,45.606511]]]}},{"type":"Feature","properties":{"k":"bunker"},"geometry":{"type":"Polygon","coordinates":[[[-122.704168,45.606488],[-122.704211,45.606494],[-122.704231,45.60648],[-122.704228,45.606432],[-122.70424,45.606393],[-122.704206,45.606367],[-122.70417,45.606369],[-122.70415,45.60639],[-122.704151,45.606403],[-122.704181,45.606426],[-122.704153,45.606469],[-122.704168,45.606488]]]}},{"type":"Feature","properties":{"k":"bunker"},"geometry":{"type":"Polygon","coordinates":[[[-122.701942,45.606954],[-122.701966,45.606952],[-122.701976,45.606943],[-122.70199,45.606911],[-122.702008,45.606896],[-122.702135,45.606881],[-122.70215,45.606874],[-122.702146,45.606854],[-122.70212,45.606846],[-122.702061,45.606855],[-122.702018,45.606838],[-122.701983,45.606836],[-122.701965,45.606855],[-122.701968,45.606892],[-122.701925,45.606938],[-122.701942,45.606954]]]}},{"type":"Feature","properties":{"k":"bunker"},"geometry":{"type":"Polygon","coordinates":[[[-122.701257,45.607337],[-122.70132,45.607302],[-122.701374,45.607288],[-122.701372,45.607245],[-122.701348,45.607222],[-122.701306,45.607226],[-122.701282,45.607256],[-122.701225,45.607279],[-122.701212,45.607305],[-122.701217,45.607322],[-122.701233,45.607333],[-122.701257,45.607337]]]}},{"type":"Feature","properties":{"k":"bunker"},"geometry":{"type":"Polygon","coordinates":[[[-122.700787,45.607277],[-122.700811,45.607264],[-122.700814,45.607247],[-122.700803,45.607226],[-122.700775,45.607222],[-122.70074,45.607236],[-122.700735,45.607258],[-122.700755,45.607276],[-122.700787,45.607277]]]}},{"type":"Feature","properties":{"k":"bunker"},"geometry":{"type":"Polygon","coordinates":[[[-122.701148,45.607097],[-122.701177,45.6071],[-122.701217,45.607092],[-122.70124,45.607071],[-122.701244,45.607044],[-122.701221,45.607025],[-122.701152,45.607015],[-122.701127,45.606988],[-122.701107,45.606983],[-122.701071,45.606998],[-122.701067,45.607023],[-122.701119,45.607053],[-122.701148,45.607097]]]}},{"type":"Feature","properties":{"k":"bunker"},"geometry":{"type":"Polygon","coordinates":[[[-122.70032,45.607172],[-122.70039,45.607185],[-122.7004,45.607179],[-122.700422,45.607116],[-122.700414,45.607109],[-122.70038,45.607105],[-122.700289,45.607149],[-122.70029,45.607164],[-122.70032,45.607172]]]}},{"type":"Feature","properties":{"k":"bunker"},"geometry":{"type":"Polygon","coordinates":[[[-122.700054,45.607177],[-122.700078,45.607189],[-122.700124,45.607191],[-122.70015,45.607185],[-122.700168,45.607167],[-122.700161,45.60715],[-122.70011,45.607126],[-122.700107,45.607103],[-122.700119,45.607073],[-122.700095,45.607061],[-122.700028,45.607083],[-122.699975,45.607081],[-122.699953,45.607093],[-122.699951,45.607114],[-122.699959,45.60712],[-122.700034,45.607134],[-122.700054,45.607177]]]}},{"type":"Feature","properties":{"k":"bunker"},"geometry":{"type":"Polygon","coordinates":[[[-122.700057,45.607013],[-122.700133,45.607015],[-122.700164,45.606991],[-122.70016,45.606961],[-122.700124,45.606947],[-122.700081,45.606969],[-122.700021,45.606979],[-122.700013,45.606986],[-122.700018,45.607002],[-122.700057,45.607013]]]}},{"type":"Feature","properties":{"k":"bunker"},"geometry":{"type":"Polygon","coordinates":[[[-122.700061,45.606915],[-122.700117,45.606915],[-122.700144,45.606904],[-122.700155,45.606865],[-122.700143,45.606849],[-122.700111,45.606841],[-122.700063,45.606865],[-122.699987,45.606882],[-122.699984,45.6069],[-122.699994,45.606907],[-122.700025,45.606917],[-122.700061,45.606915]]]}},{"type":"Feature","properties":{"k":"bunker"},"geometry":{"type":"Polygon","coordinates":[[[-122.70171,45.606425],[-122.701698,45.606443],[-122.701704,45.606456],[-122.701729,45.606465],[-122.701749,45.60646],[-122.70176,45.606447],[-122.701756,45.606432],[-122.701739,45.606422],[-122.70171,45.606425]]]}},{"type":"Feature","properties":{"k":"bunker"},"geometry":{"type":"Polygon","coordinates":[[[-122.701106,45.60669],[-122.701214,45.60672],[-122.701238,45.606702],[-122.701213,45.606678],[-122.701124,45.606653],[-122.701102,45.606661],[-122.701094,45.606673],[-122.701106,45.60669]]]}},{"type":"Feature","properties":{"k":"bunker"},"geometry":{"type":"Polygon","coordinates":[[[-122.700962,45.606489],[-122.70098,45.606491],[-122.701008,45.606478],[-122.701001,45.60645],[-122.700977,45.606428],[-122.700933,45.606442],[-122.700934,45.606459],[-122.700962,45.606489]]]}},{"type":"Feature","properties":{"k":"bunker"},"geometry":{"type":"Polygon","coordinates":[[[-122.697356,45.604649],[-122.697381,45.604636],[-122.697379,45.604623],[-122.697336,45.604598],[-122.697303,45.604564],[-122.697273,45.604548],[-122.697234,45.604557],[-122.697233,45.604585],[-122.697247,45.604597],[-122.6973,45.604618],[-122.697336,45.604646],[-122.697356,45.604649]]]}},{"type":"Feature","properties":{"k":"bunker"},"geometry":{"type":"Polygon","coordinates":[[[-122.696941,45.604706],[-122.696979,45.604703],[-122.696995,45.604696],[-122.697011,45.604654],[-122.696977,45.60462],[-122.696958,45.604576],[-122.69694,45.604565],[-122.6969,45.604561],[-122.696872,45.604574],[-122.696866,45.604601],[-122.696872,45.604615],[-122.696923,45.604642],[-122.696919,45.604684],[-122.696941,45.604706]]]}},{"type":"Feature","properties":{"k":"bunker"},"geometry":{"type":"Polygon","coordinates":[[[-122.697156,45.604443],[-122.697187,45.604441],[-122.697203,45.604418],[-122.697172,45.604345],[-122.697143,45.604333],[-122.697114,45.604347],[-122.697113,45.604375],[-122.697136,45.604398],[-122.697146,45.604436],[-122.697156,45.604443]]]}},{"type":"Feature","properties":{"k":"bunker"},"geometry":{"type":"Polygon","coordinates":[[[-122.696628,45.606006],[-122.696649,45.606006],[-122.696665,45.605997],[-122.696686,45.605954],[-122.696724,45.60594],[-122.696731,45.605929],[-122.696723,45.605893],[-122.696777,45.605868],[-122.696779,45.605855],[-122.696739,45.605829],[-122.696712,45.605823],[-122.696681,45.605828],[-122.69666,45.605843],[-122.696643,45.605901],[-122.69665,45.605934],[-122.696643,45.605949],[-122.696607,45.605972],[-122.696601,45.605987],[-122.696628,45.606006]]]}},{"type":"Feature","properties":{"k":"bunker"},"geometry":{"type":"Polygon","coordinates":[[[-122.696339,45.606029],[-122.696355,45.606037],[-122.696392,45.606028],[-122.696401,45.606013],[-122.696387,45.60598],[-122.696312,45.605941],[-122.696269,45.605944],[-122.696261,45.605959],[-122.696273,45.605985],[-122.696312,45.606001],[-122.696339,45.606029]]]}},{"type":"Feature","properties":{"k":"bunker"},"geometry":{"type":"Polygon","coordinates":[[[-122.696237,45.605815],[-122.696266,45.60581],[-122.696296,45.605778],[-122.696329,45.605765],[-122.696333,45.605741],[-122.696302,45.605733],[-122.696286,45.605738],[-122.696269,45.605767],[-122.69622,45.605793],[-122.696221,45.605807],[-122.696237,45.605815]]]}},{"type":"Feature","properties":{"k":"bunker"},"geometry":{"type":"Polygon","coordinates":[[[-122.70135,45.605586],[-122.701375,45.605595],[-122.701401,45.605594],[-122.701436,45.60556],[-122.701471,45.605556],[-122.70149,45.605542],[-122.701501,45.605526],[-122.701495,45.6055],[-122.701478,45.605486],[-122.701453,45.605481],[-122.701409,45.605495],[-122.701346,45.605563],[-122.70135,45.605586]]]}},{"type":"Feature","properties":{"k":"bunker"},"geometry":{"type":"Polygon","coordinates":[[[-122.70818,45.605813],[-122.708246,45.60577],[-122.708325,45.605786],[-122.708342,45.605767],[-122.708318,45.605748],[-122.708247,45.605747],[-122.708233,45.605738],[-122.708235,45.605711],[-122.708216,45.605682],[-122.708179,45.60567],[-122.708147,45.605678],[-122.708138,45.605691],[-122.70814,45.605705],[-122.708177,45.605736],[-122.708146,45.605786],[-122.708164,45.605809],[-122.70818,45.605813]]]}},{"type":"Feature","properties":{"k":"bunker"},"geometry":{"type":"Polygon","coordinates":[[[-122.709923,45.604541],[-122.709975,45.604567],[-122.710055,45.604583],[-122.710101,45.604607],[-122.710139,45.604608],[-122.710157,45.604589],[-122.710135,45.604567],[-122.710071,45.604563],[-122.710046,45.604538],[-122.709977,45.60452],[-122.709936,45.604515],[-122.709921,45.60452],[-122.709923,45.604541]]]}},{"type":"Feature","properties":{"k":"bunker"},"geometry":{"type":"Polygon","coordinates":[[[-122.71003,45.60479],[-122.71007,45.604785],[-122.710099,45.604769],[-122.710082,45.604733],[-122.710099,45.604708],[-122.71009,45.604697],[-122.71002,45.604682],[-122.709988,45.604666],[-122.709934,45.604615],[-122.709873,45.604587],[-122.709847,45.604584],[-122.709828,45.604593],[-122.709822,45.604607],[-122.709834,45.604633],[-122.709886,45.604654],[-122.709905,45.604695],[-122.709979,45.604691],[-122.709997,45.604704],[-122.710021,45.604731],[-122.710007,45.604775],[-122.71003,45.60479]]]}},{"type":"Feature","properties":{"k":"bunker"},"geometry":{"type":"Polygon","coordinates":[[[-122.709853,45.604815],[-122.709893,45.604832],[-122.709917,45.604833],[-122.709953,45.604822],[-122.70996,45.604813],[-122.709947,45.60479],[-122.709911,45.604777],[-122.709891,45.604745],[-122.709854,45.604736],[-122.709833,45.604743],[-122.709823,45.604756],[-122.709829,45.60479],[-122.709853,45.604815]]]}},{"type":"Feature","properties":{"k":"bunker"},"geometry":{"type":"Polygon","coordinates":[[[-122.706846,45.608896],[-122.706875,45.608891],[-122.706925,45.608861],[-122.706921,45.608836],[-122.706897,45.608827],[-122.706883,45.60883],[-122.706844,45.608857],[-122.706831,45.608874],[-122.706846,45.608896]]]}},{"type":"Feature","properties":{"k":"bunker"},"geometry":{"type":"Polygon","coordinates":[[[-122.706587,45.608773],[-122.706618,45.608739],[-122.706657,45.608715],[-122.706657,45.608698],[-122.706639,45.608687],[-122.706609,45.608688],[-122.706565,45.608715],[-122.706468,45.608695],[-122.706424,45.608699],[-122.706406,45.608713],[-122.706407,45.608744],[-122.706429,45.608748],[-122.706484,45.608739],[-122.706537,45.608774],[-122.706562,45.608778],[-122.706587,45.608773]]]}},{"type":"Feature","properties":{"k":"bunker"},"geometry":{"type":"Polygon","coordinates":[[[-122.708577,45.604714],[-122.70861,45.604717],[-122.708623,45.604709],[-122.708651,45.604654],[-122.708644,45.604632],[-122.708618,45.604629],[-122.708587,45.604654],[-122.708536,45.604647],[-122.708507,45.604651],[-122.708498,45.604663],[-122.708507,45.604683],[-122.708548,45.604689],[-122.708577,45.604714]]]}},{"type":"Feature","properties":{"k":"bunker"},"geometry":{"type":"Polygon","coordinates":[[[-122.708348,45.604758],[-122.708357,45.60472],[-122.708404,45.604676],[-122.708393,45.604649],[-122.708355,45.604648],[-122.708316,45.604681],[-122.708251,45.604681],[-122.708192,45.604698],[-122.708186,45.604711],[-122.708206,45.60473],[-122.708282,45.604718],[-122.708299,45.604725],[-122.70832,45.604756],[-122.708337,45.604763],[-122.708348,45.604758]]]}},{"type":"Feature","properties":{"k":"bunker"},"geometry":{"type":"Polygon","coordinates":[[[-122.705937,45.602452],[-122.70599,45.602399],[-122.705939,45.602349],[-122.705909,45.602348],[-122.705877,45.602373],[-122.705884,45.602406],[-122.70587,45.602436],[-122.705896,45.602456],[-122.705925,45.602458],[-122.705937,45.602452]]]}},{"type":"Feature","properties":{"k":"bunker"},"geometry":{"type":"Polygon","coordinates":[[[-122.706145,45.602354],[-122.706183,45.602367],[-122.706223,45.602362],[-122.70624,45.602351],[-122.706265,45.602304],[-122.706258,45.602272],[-122.706239,45.602261],[-122.706215,45.602263],[-122.706198,45.602269],[-122.70618,45.602305],[-122.706136,45.602312],[-122.706132,45.602341],[-122.706145,45.602354]]]}},{"type":"Feature","properties":{"k":"tee"},"geometry":{"type":"Polygon","coordinates":[[[-122.705668,45.605074],[-122.705799,45.60489],[-122.705805,45.60486],[-122.705799,45.604837],[-122.70578,45.60482],[-122.705748,45.604816],[-122.705713,45.604826],[-122.705665,45.604863],[-122.705547,45.605],[-122.705523,45.605047],[-122.705518,45.605074],[-122.705531,45.6051],[-122.705578,45.605116],[-122.705613,45.605115],[-122.705647,45.6051],[-122.705668,45.605074]]]}},{"type":"Feature","properties":{"k":"tee"},"geometry":{"type":"Polygon","coordinates":[[[-122.705413,45.605196],[-122.705316,45.605301],[-122.705263,45.605379],[-122.705265,45.605419],[-122.705276,45.605433],[-122.705298,45.605441],[-122.705343,45.605438],[-122.705408,45.605406],[-122.705448,45.605372],[-122.705534,45.605241],[-122.705541,45.605192],[-122.705504,45.605169],[-122.705474,45.605167],[-122.705413,45.605196]]]}},{"type":"Feature","properties":{"k":"tee"},"geometry":{"type":"Polygon","coordinates":[[[-122.700618,45.606573],[-122.700553,45.606526],[-122.700519,45.606524],[-122.700466,45.606537],[-122.700446,45.606558],[-122.700439,45.606583],[-122.700463,45.606613],[-122.700536,45.60667],[-122.700582,45.606674],[-122.700625,45.606664],[-122.700653,45.606642],[-122.700661,45.606619],[-122.700618,45.606573]]]}},{"type":"Feature","properties":{"k":"tee"},"geometry":{"type":"Polygon","coordinates":[[[-122.700357,45.606501],[-122.7003,45.606491],[-122.700119,45.606361],[-122.700105,45.606341],[-122.70011,45.606311],[-122.700134,45.606282],[-122.700182,45.606272],[-122.700232,45.606282],[-122.700415,45.606414],[-122.70043,45.606447],[-122.700423,45.606469],[-122.700394,45.606495],[-122.700357,45.606501]]]}},{"type":"Feature","properties":{"k":"tee"},"geometry":{"type":"Polygon","coordinates":[[[-122.700008,45.606215],[-122.699951,45.606209],[-122.699917,45.606192],[-122.699895,45.606162],[-122.699902,45.606141],[-122.699929,45.606122],[-122.69997,45.606125],[-122.70003,45.606155],[-122.700042,45.606178],[-122.700032,45.606204],[-122.700008,45.606215]]]}},{"type":"Feature","properties":{"k":"tee"},"geometry":{"type":"Polygon","coordinates":[[[-122.696671,45.604651],[-122.696602,45.604591],[-122.696567,45.604581],[-122.696527,45.604593],[-122.696518,45.604614],[-122.696528,45.604636],[-122.69672,45.604837],[-122.69692,45.605067],[-122.696955,45.605078],[-122.696995,45.605072],[-122.697018,45.60505],[-122.697012,45.60503],[-122.696671,45.604651]]]}},{"type":"Feature","properties":{"k":"tee"},"geometry":{"type":"Polygon","coordinates":[[[-122.697126,45.605265],[-122.697086,45.60526],[-122.69703,45.605194],[-122.697017,45.605167],[-122.697019,45.60514],[-122.697042,45.605131],[-122.697108,45.605132],[-122.697135,45.605148],[-122.697186,45.605232],[-122.697175,45.605259],[-122.697126,45.605265]]]}},{"type":"Feature","properties":{"k":"tee"},"geometry":{"type":"Polygon","coordinates":[[[-122.697215,45.605438],[-122.697179,45.605433],[-122.697163,45.605402],[-122.697169,45.605386],[-122.697196,45.605369],[-122.697224,45.605365],[-122.697254,45.605374],[-122.697255,45.605391],[-122.697251,45.605417],[-122.697215,45.605438]]]}},{"type":"Feature","properties":{"k":"tee"},"geometry":{"type":"Polygon","coordinates":[[[-122.696311,45.606312],[-122.696193,45.606282],[-122.696182,45.60624],[-122.696195,45.606229],[-122.69627,45.606233],[-122.69639,45.606265],[-122.6964,45.606281],[-122.696394,45.606309],[-122.696362,45.606319],[-122.696311,45.606312]]]}},{"type":"Feature","properties":{"k":"tee"},"geometry":{"type":"Polygon","coordinates":[[[-122.696708,45.606623],[-122.696447,45.606553],[-122.696409,45.606536],[-122.696393,45.606518],[-122.696396,45.606496],[-122.696441,45.606467],[-122.696485,45.606466],[-122.696813,45.606558],[-122.696844,45.606588],[-122.696849,45.606607],[-122.696841,45.606625],[-122.696813,45.606641],[-122.696764,45.606642],[-122.696708,45.606623]]]}},{"type":"Feature","properties":{"k":"tee"},"geometry":{"type":"Polygon","coordinates":[[[-122.697298,45.606697],[-122.697242,45.606699],[-122.697223,45.606678],[-122.697218,45.606652],[-122.697239,45.606629],[-122.697305,45.606616],[-122.69734,45.606628],[-122.697348,45.606666],[-122.697326,45.606688],[-122.697298,45.606697]]]}},{"type":"Feature","properties":{"k":"tee"},"geometry":{"type":"Polygon","coordinates":[[[-122.700896,45.607717],[-122.700818,45.60771],[-122.700782,45.607692],[-122.700777,45.607672],[-122.700791,45.607648],[-122.700827,45.607636],[-122.700951,45.607654],[-122.70096,45.607674],[-122.700949,45.607699],[-122.700922,45.607714],[-122.700896,45.607717]]]}},{"type":"Feature","properties":{"k":"tee"},"geometry":{"type":"Polygon","coordinates":[[[-122.701332,45.607743],[-122.701165,45.60774],[-122.701112,45.607727],[-122.701094,45.607718],[-122.701077,45.607694],[-122.701083,45.607675],[-122.701102,45.60766],[-122.701185,45.607648],[-122.701333,45.607643],[-122.701364,45.607654],[-122.701385,45.607693],[-122.701353,45.607734],[-122.701332,45.607743]]]}},{"type":"Feature","properties":{"k":"tee"},"geometry":{"type":"Polygon","coordinates":[[[-122.701629,45.607684],[-122.701528,45.607687],[-122.701507,45.607668],[-122.701504,45.607643],[-122.701513,45.607631],[-122.701623,45.607619],[-122.70165,45.607627],[-122.701662,45.607647],[-122.701656,45.60767],[-122.701629,45.607684]]]}},{"type":"Feature","properties":{"k":"tee"},"geometry":{"type":"Polygon","coordinates":[[[-122.706383,45.606719],[-122.706328,45.606783],[-122.706296,45.606806],[-122.70625,45.606806],[-122.706213,45.606797],[-122.7062,45.606778],[-122.706211,45.606733],[-122.706317,45.606552],[-122.706349,45.60653],[-122.706403,45.606524],[-122.706453,45.606531],[-122.706461,45.606572],[-122.706383,45.606719]]]}},{"type":"Feature","properties":{"k":"tee"},"geometry":{"type":"Polygon","coordinates":[[[-122.706647,45.606297],[-122.706617,45.606353],[-122.706588,45.606386],[-122.706556,45.606397],[-122.706522,45.606399],[-122.706491,45.606388],[-122.706478,45.606362],[-122.706584,45.606138],[-122.706652,45.606026],[-122.706672,45.606012],[-122.706716,45.606011],[-122.706754,45.606031],[-122.706771,45.606057],[-122.706726,45.606167],[-122.706647,45.606297]]]}},{"type":"Feature","properties":{"k":"tee"},"geometry":{"type":"Polygon","coordinates":[[[-122.704367,45.608804],[-122.704231,45.608792],[-122.704153,45.608781],[-122.704125,45.608769],[-122.704116,45.608742],[-122.704133,45.608702],[-122.704175,45.60869],[-122.704223,45.608688],[-122.704344,45.608695],[-122.704392,45.608706],[-122.704413,45.608728],[-122.704417,45.608754],[-122.704407,45.608781],[-122.704367,45.608804]]]}},{"type":"Feature","properties":{"k":"tee"},"geometry":{"type":"Polygon","coordinates":[[[-122.704644,45.608799],[-122.704589,45.608796],[-122.704543,45.608784],[-122.704519,45.608767],[-122.704507,45.608742],[-122.704507,45.608709],[-122.704525,45.608676],[-122.70456,45.608658],[-122.704621,45.608655],[-122.704694,45.608662],[-122.704727,45.608682],[-122.704747,45.608713],[-122.704739,45.608754],[-122.704718,45.60878],[-122.704692,45.608794],[-122.704644,45.608799]]]}},{"type":"Feature","properties":{"k":"tee"},"geometry":{"type":"Polygon","coordinates":[[[-122.705084,45.608819],[-122.705026,45.608816],[-122.704904,45.608794],[-122.704879,45.608776],[-122.70487,45.60875],[-122.704875,45.608728],[-122.704904,45.608709],[-122.705082,45.608731],[-122.705126,45.608744],[-122.705139,45.608765],[-122.705135,45.608789],[-122.705109,45.608814],[-122.705084,45.608819]]]}},{"type":"Feature","properties":{"k":"tee"},"geometry":{"type":"Polygon","coordinates":[[[-122.706962,45.608268],[-122.706842,45.608402],[-122.706801,45.608412],[-122.706777,45.60841],[-122.70673,45.60839],[-122.706716,45.608364],[-122.706737,45.608312],[-122.70679,45.608235],[-122.70685,45.608187],[-122.706881,45.608174],[-122.70691,45.608173],[-122.706967,45.608193],[-122.706981,45.608226],[-122.706962,45.608268]]]}},{"type":"Feature","properties":{"k":"tee"},"geometry":{"type":"Polygon","coordinates":[[[-122.706998,45.608049],[-122.706946,45.608039],[-122.706925,45.608011],[-122.706929,45.607981],[-122.706969,45.607948],[-122.707039,45.60794],[-122.707086,45.607965],[-122.707087,45.607997],[-122.70706,45.608027],[-122.706998,45.608049]]]}},{"type":"Feature","properties":{"k":"tee"},"geometry":{"type":"Polygon","coordinates":[[[-122.706278,45.608301],[-122.7062,45.608374],[-122.706133,45.608385],[-122.706107,45.608368],[-122.706109,45.608316],[-122.706192,45.608233],[-122.70627,45.608235],[-122.706292,45.608263],[-122.706278,45.608301]]]}},{"type":"Feature","properties":{"k":"tee"},"geometry":{"type":"Polygon","coordinates":[[[-122.710262,45.606164],[-122.709883,45.606104],[-122.709847,45.60608],[-122.709837,45.606049],[-122.709871,45.606029],[-122.709923,45.606026],[-122.710281,45.606082],[-122.710321,45.606107],[-122.710328,45.606129],[-122.710312,45.606151],[-122.710262,45.606164]]]}},{"type":"Feature","properties":{"k":"tee"},"geometry":{"type":"Polygon","coordinates":[[[-122.710572,45.606205],[-122.710481,45.606193],[-122.710426,45.606175],[-122.710415,45.606145],[-122.710422,45.606121],[-122.710453,45.606109],[-122.710514,45.606108],[-122.710626,45.606124],[-122.710661,45.606147],[-122.710657,45.606173],[-122.710626,45.606202],[-122.710572,45.606205]]]}},{"type":"Feature","properties":{"k":"tee"},"geometry":{"type":"Polygon","coordinates":[[[-122.705461,45.603705],[-122.705418,45.603708],[-122.705386,45.603686],[-122.705331,45.603632],[-122.70532,45.603612],[-122.705326,45.60359],[-122.705362,45.603574],[-122.7054,45.603577],[-122.705477,45.603649],[-122.70549,45.603673],[-122.705461,45.603705]]]}},{"type":"Feature","properties":{"k":"tee"},"geometry":{"type":"Polygon","coordinates":[[[-122.705412,45.603424],[-122.705358,45.603419],[-122.705261,45.603333],[-122.705216,45.603258],[-122.705215,45.603234],[-122.705238,45.60321],[-122.705271,45.603198],[-122.705354,45.603206],[-122.70541,45.603246],[-122.705479,45.603374],[-122.705468,45.603396],[-122.705412,45.603424]]]}},{"type":"Feature","properties":{"k":"tee"},"geometry":{"type":"Polygon","coordinates":[[[-122.705249,45.603074],[-122.705203,45.603076],[-122.705179,45.603066],[-122.705128,45.602999],[-122.70512,45.602919],[-122.705137,45.602893],[-122.705187,45.602876],[-122.705222,45.602882],[-122.705262,45.602909],[-122.7053,45.602966],[-122.705303,45.60302],[-122.705286,45.603055],[-122.705249,45.603074]]]}},{"type":"Feature","properties":{"k":"tee"},"geometry":{"type":"Polygon","coordinates":[[[-122.707209,45.599895],[-122.707172,45.599888],[-122.707087,45.599849],[-122.707074,45.599811],[-122.707086,45.599785],[-122.707126,45.599764],[-122.707181,45.599767],[-122.7073,45.599807],[-122.707327,45.599832],[-122.707326,45.599864],[-122.707303,45.599896],[-122.707267,45.599908],[-122.707209,45.599895]]]}},{"type":"Feature","properties":{"k":"tee"},"geometry":{"type":"Polygon","coordinates":[[[-122.70774,45.600057],[-122.707699,45.600053],[-122.707547,45.600011],[-122.707426,45.599969],[-122.707406,45.599937],[-122.707412,45.599902],[-122.707437,45.599867],[-122.707477,45.599863],[-122.707668,45.599907],[-122.707833,45.599973],[-122.707839,45.600005],[-122.707818,45.600033],[-122.70774,45.600057]]]}},{"type":"Feature","properties":{"k":"tee"},"geometry":{"type":"Polygon","coordinates":[[[-122.711377,45.602195],[-122.711307,45.602176],[-122.711283,45.602159],[-122.711271,45.602119],[-122.711312,45.602091],[-122.711355,45.602098],[-122.711439,45.602133],[-122.71145,45.602166],[-122.711441,45.602181],[-122.711414,45.602194],[-122.711377,45.602195]]]}},{"type":"Feature","properties":{"k":"tee"},"geometry":{"type":"Polygon","coordinates":[[[-122.710734,45.601982],[-122.710435,45.601848],[-122.710136,45.601692],[-122.710127,45.601651],[-122.710144,45.601632],[-122.710197,45.601631],[-122.710237,45.601646],[-122.71081,45.601914],[-122.710826,45.601936],[-122.710815,45.601956],[-122.710786,45.601981],[-122.710734,45.601982]]]}},{"type":"Feature","properties":{"k":"tee"},"geometry":{"type":"Polygon","coordinates":[[[-122.706237,45.601228],[-122.706166,45.601205],[-122.706134,45.601179],[-122.706139,45.601151],[-122.706167,45.601131],[-122.706217,45.601132],[-122.706339,45.601186],[-122.706341,45.601217],[-122.706309,45.601233],[-122.706237,45.601228]]]}},{"type":"Feature","properties":{"k":"tee"},"geometry":{"type":"Polygon","coordinates":[[[-122.706778,45.601364],[-122.706551,45.601301],[-122.706498,45.60128],[-122.706485,45.601254],[-122.706504,45.60123],[-122.706545,45.601227],[-122.706809,45.601294],[-122.706835,45.601315],[-122.706842,45.601343],[-122.706822,45.601363],[-122.706778,45.601364]]]}},{"type":"Feature","properties":{"k":"tee"},"geometry":{"type":"Polygon","coordinates":[[[-122.707326,45.601516],[-122.707281,45.601511],[-122.707257,45.601494],[-122.707249,45.601472],[-122.707257,45.601446],[-122.707282,45.60143],[-122.707313,45.601423],[-122.70737,45.601433],[-122.707427,45.601448],[-122.707447,45.60146],[-122.707452,45.601477],[-122.707416,45.601512],[-122.707396,45.601519],[-122.707326,45.601516]]]}},{"type":"Feature","properties":{"k":"tee"},"geometry":{"type":"Polygon","coordinates":[[[-122.711364,45.604234],[-122.711332,45.604246],[-122.711294,45.604242],[-122.711119,45.604167],[-122.711095,45.604144],[-122.711089,45.604116],[-122.711108,45.604089],[-122.711144,45.604074],[-122.711175,45.604072],[-122.711207,45.604076],[-122.711251,45.604098],[-122.711364,45.604176],[-122.711381,45.60421],[-122.711364,45.604234]]]}},{"type":"Feature","properties":{"k":"tee"},"geometry":{"type":"Polygon","coordinates":[[[-122.710866,45.604065],[-122.710641,45.603945],[-122.710626,45.603927],[-122.710626,45.603884],[-122.710652,45.603859],[-122.710705,45.603844],[-122.710736,45.603844],[-122.710768,45.603853],[-122.710855,45.603912],[-122.710913,45.603933],[-122.711026,45.604015],[-122.711032,45.604041],[-122.711022,45.604064],[-122.710981,45.604085],[-122.710949,45.604092],[-122.710918,45.604089],[-122.710866,45.604065]]]}},{"type":"Feature","properties":{"k":"tee"},"geometry":{"type":"Polygon","coordinates":[[[-122.709682,45.602979],[-122.709565,45.602958],[-122.709534,45.602941],[-122.709528,45.602903],[-122.709545,45.602872],[-122.709577,45.602862],[-122.709617,45.602862],[-122.709729,45.602886],[-122.709751,45.602907],[-122.709759,45.602936],[-122.709746,45.602964],[-122.709726,45.602978],[-122.709682,45.602979]]]}},{"type":"Feature","properties":{"k":"tee"},"geometry":{"type":"Polygon","coordinates":[[[-122.705864,45.603065],[-122.705782,45.603032],[-122.705753,45.603006],[-122.705758,45.602977],[-122.70577,45.602967],[-122.705813,45.60296],[-122.705923,45.602998],[-122.705954,45.60302],[-122.705958,45.603033],[-122.705937,45.603068],[-122.705908,45.603078],[-122.705864,45.603065]]]}},{"type":"Feature","properties":{"k":"tee"},"geometry":{"type":"Polygon","coordinates":[[[-122.706279,45.603243],[-122.706131,45.603172],[-122.706116,45.603155],[-122.706116,45.60313],[-122.706134,45.60311],[-122.706181,45.6031],[-122.706232,45.60311],[-122.706334,45.60316],[-122.706373,45.603189],[-122.706385,45.603225],[-122.706344,45.603255],[-122.706279,45.603243]]]}},{"type":"Feature","properties":{"k":"tee"},"geometry":{"type":"Polygon","coordinates":[[[-122.706584,45.603501],[-122.706549,45.603486],[-122.706449,45.603356],[-122.706446,45.603326],[-122.706477,45.603304],[-122.706524,45.603303],[-122.706574,45.603331],[-122.706646,45.603436],[-122.706657,45.60347],[-122.70663,45.6035],[-122.706584,45.603501]]]}},{"type":"Feature","properties":{"k":"tee"},"geometry":{"type":"Polygon","coordinates":[[[-122.706686,45.603659],[-122.706653,45.603654],[-122.706625,45.603635],[-122.706622,45.603605],[-122.706637,45.60359],[-122.706674,45.603579],[-122.706721,45.603593],[-122.706739,45.603615],[-122.706718,45.603651],[-122.706686,45.603659]]]}},{"type":"Feature","properties":{"k":"tee"},"geometry":{"type":"Polygon","coordinates":[[[-122.707653,45.604391],[-122.707341,45.604366],[-122.707313,45.60435],[-122.707296,45.604324],[-122.707301,45.604302],[-122.707335,45.604282],[-122.707677,45.604305],[-122.707708,45.604316],[-122.70773,45.604341],[-122.707714,45.604378],[-122.707653,45.604391]]]}},{"type":"Feature","properties":{"k":"tee"},"geometry":{"type":"Polygon","coordinates":[[[-122.707975,45.604424],[-122.707872,45.604416],[-122.707829,45.60439],[-122.707818,45.604372],[-122.707818,45.604341],[-122.707837,45.60432],[-122.707888,45.604309],[-122.708015,45.604316],[-122.708054,45.604326],[-122.708068,45.604364],[-122.708046,45.604401],[-122.707975,45.604424]]]}},{"type":"Feature","properties":{"k":"tee"},"geometry":{"type":"Polygon","coordinates":[[[-122.708302,45.604484],[-122.708242,45.604479],[-122.708211,45.604449],[-122.7082,45.604416],[-122.708206,45.604388],[-122.708243,45.604377],[-122.708309,45.604377],[-122.708353,45.604394],[-122.708369,45.604426],[-122.708355,45.604467],[-122.708302,45.604484]]]}},{"type":"Feature","properties":{"k":"tee"},"geometry":{"type":"Polygon","coordinates":[[[-122.710784,45.605828],[-122.710829,45.605836],[-122.710857,45.605827],[-122.710889,45.605791],[-122.710892,45.60577],[-122.710879,45.605757],[-122.710677,45.605686],[-122.710457,45.605624],[-122.710433,45.605619],[-122.710391,45.60563],[-122.710375,45.605655],[-122.710384,45.605685],[-122.7104,45.605701],[-122.710438,45.605719],[-122.710784,45.605828]]]}},{"type":"Feature","properties":{"k":"tee"},"geometry":{"type":"Polygon","coordinates":[[[-122.709767,45.605436],[-122.70985,45.60546],[-122.709903,45.605459],[-122.709957,45.605427],[-122.709956,45.605387],[-122.70991,45.605352],[-122.709815,45.605329],[-122.70975,45.605321],[-122.709694,45.605332],[-122.70967,45.605354],[-122.709673,45.605413],[-122.709767,45.605436]]]}},{"type":"Feature","properties":{"k":"wood"},"geometry":{"type":"Polygon","coordinates":[[[-122.707422,45.605464],[-122.706814,45.60525],[-122.706699,45.605216],[-122.706677,45.605176],[-122.70657,45.605076],[-122.706632,45.605008],[-122.706681,45.604996],[-122.706836,45.605027],[-122.707138,45.604996],[-122.707209,45.605139],[-122.707493,45.605359],[-122.707422,45.605464]]]}},{"type":"Feature","properties":{"k":"wood"},"geometry":{"type":"Polygon","coordinates":[[[-122.707923,45.60615],[-122.707457,45.605942],[-122.707133,45.605778],[-122.706366,45.60548],[-122.705732,45.605222],[-122.705488,45.605436],[-122.705209,45.605734],[-122.705195,45.606063],[-122.70567,45.605973],[-122.70598,45.606076],[-122.706264,45.606159],[-122.706535,45.606138],[-122.706788,45.606256],[-122.706872,45.606342],[-122.707169,45.606206],[-122.70732,45.6062],[-122.707684,45.606361],[-122.707892,45.606299],[-122.707923,45.60615]]]}},{"type":"Feature","properties":{"k":"wood"},"geometry":{"type":"Polygon","coordinates":[[[-122.699514,45.605501],[-122.697558,45.60433],[-122.697415,45.60442],[-122.697781,45.604897],[-122.698062,45.605135],[-122.698284,45.605242],[-122.698358,45.605446],[-122.698753,45.605601],[-122.699326,45.605722],[-122.699573,45.605615],[-122.699514,45.605501]]]}},{"type":"Feature","properties":{"k":"wood"},"geometry":{"type":"Polygon","coordinates":[[[-122.703962,45.60699],[-122.703629,45.607049],[-122.70271,45.607309],[-122.70274,45.607462],[-122.702964,45.60749],[-122.703262,45.607428],[-122.703286,45.607303],[-122.703649,45.607289],[-122.703783,45.60723],[-122.703887,45.607212],[-122.703986,45.607087],[-122.703962,45.60699]]]}},{"type":"Feature","properties":{"k":"wood"},"geometry":{"type":"Polygon","coordinates":[[[-122.705218,45.607501],[-122.705084,45.607573],[-122.70496,45.607605],[-122.70483,45.607553],[-122.704622,45.60741],[-122.704815,45.607299],[-122.705089,45.607164],[-122.705203,45.607174],[-122.705237,45.607275],[-122.705153,45.607327],[-122.705163,45.607421],[-122.705218,45.607501]]]}},{"type":"Feature","properties":{"k":"tee"},"geometry":{"type":"Polygon","coordinates":[[[-122.703445,45.604443],[-122.703418,45.604448],[-122.703354,45.604507],[-122.703252,45.604527],[-122.703241,45.604554],[-122.703258,45.604583],[-122.703297,45.604598],[-122.703339,45.6046],[-122.703358,45.604594],[-122.703488,45.604488],[-122.703486,45.604459],[-122.703472,45.604447],[-122.703445,45.604443]]]}},{"type":"Feature","properties":{"k":"tee"},"geometry":{"type":"Polygon","coordinates":[[[-122.703064,45.604621],[-122.702947,45.604627],[-122.702906,45.604599],[-122.702906,45.604562],[-122.702937,45.604537],[-122.702966,45.604527],[-122.703013,45.60452],[-122.703112,45.604521],[-122.703168,45.604554],[-122.703167,45.604592],[-122.70314,45.60461],[-122.703064,45.604621]]]}},{"type":"Feature","properties":{"k":"tee"},"geometry":{"type":"Polygon","coordinates":[[[-122.702848,45.60465],[-122.70282,45.604686],[-122.702759,45.604704],[-122.702693,45.604714],[-122.702652,45.604707],[-122.702614,45.604687],[-122.702598,45.604652],[-122.702602,45.604633],[-122.702637,45.604596],[-122.70267,45.604581],[-122.702762,45.60457],[-122.70282,45.604597],[-122.70284,45.604616],[-122.702848,45.60465]]]}},{"type":"Feature","properties":{"k":"tee"},"geometry":{"type":"Polygon","coordinates":[[[-122.70234,45.604774],[-122.702301,45.604779],[-122.702259,45.604765],[-122.702248,45.604732],[-122.702269,45.604704],[-122.702322,45.604692],[-122.702358,45.604706],[-122.702373,45.604739],[-122.70234,45.604774]]]}},{"type":"Feature","properties":{"k":"tee"},"geometry":{"type":"Polygon","coordinates":[[[-122.703967,45.600448],[-122.703897,45.600397],[-122.703794,45.600302],[-122.703787,45.600265],[-122.70387,45.600228],[-122.703938,45.600232],[-122.704002,45.600286],[-122.704102,45.600342],[-122.70415,45.600398],[-122.704198,45.60043],[-122.704204,45.600476],[-122.704156,45.600507],[-122.704106,45.600521],[-122.704056,45.600505],[-122.703967,45.600448]]]}},{"type":"Feature","properties":{"k":"green"},"geometry":{"type":"Polygon","coordinates":[[[-122.710864,45.598567],[-122.710787,45.59857],[-122.710759,45.598592],[-122.710752,45.598615],[-122.710761,45.59864],[-122.710809,45.598681],[-122.710972,45.598681],[-122.710997,45.598675],[-122.711037,45.598652],[-122.711065,45.598564],[-122.711051,45.598538],[-122.711032,45.59853],[-122.710987,45.598533],[-122.710864,45.598567]]]}},{"type":"Feature","properties":{"k":"tee"},"geometry":{"type":"Polygon","coordinates":[[[-122.711594,45.599227],[-122.711481,45.599231],[-122.711443,45.599222],[-122.711429,45.599209],[-122.711432,45.599177],[-122.711459,45.599164],[-122.71162,45.599127],[-122.711655,45.599131],[-122.711674,45.599179],[-122.71166,45.599206],[-122.711645,45.599216],[-122.711594,45.599227]]]}},{"type":"Feature","properties":{"k":"tee"},"geometry":{"type":"Polygon","coordinates":[[[-122.70695,45.598015],[-122.70697,45.597995],[-122.706964,45.597971],[-122.706919,45.597959],[-122.706874,45.597974],[-122.706865,45.598],[-122.706885,45.598018],[-122.706923,45.598023],[-122.70695,45.598015]]]}},{"type":"Feature","properties":{"k":"tee"},"geometry":{"type":"Polygon","coordinates":[[[-122.707562,45.598137],[-122.707248,45.598104],[-122.707224,45.598095],[-122.707213,45.598063],[-122.707228,45.59802],[-122.70729,45.597998],[-122.707344,45.597999],[-122.707583,45.598048],[-122.707603,45.598056],[-122.707629,45.598096],[-122.707594,45.598129],[-122.707562,45.598137]]]}},{"type":"Feature","properties":{"k":"tee"},"geometry":{"type":"Polygon","coordinates":[[[-122.707879,45.598187],[-122.707919,45.598132],[-122.707913,45.598091],[-122.707852,45.598066],[-122.707824,45.598066],[-122.707766,45.598084],[-122.707737,45.598124],[-122.707751,45.598178],[-122.707774,45.598192],[-122.707829,45.598199],[-122.707879,45.598187]]]}},{"type":"Feature","properties":{"k":"tee"},"geometry":{"type":"Polygon","coordinates":[[[-122.711821,45.599992],[-122.711836,45.599991],[-122.711857,45.599974],[-122.711844,45.59994],[-122.711779,45.599903],[-122.71174,45.599892],[-122.711692,45.599903],[-122.711689,45.599928],[-122.711715,45.599955],[-122.71176,45.599979],[-122.711821,45.599992]]]}},{"type":"Feature","properties":{"k":"tee"},"geometry":{"type":"Polygon","coordinates":[[[-122.711903,45.599896],[-122.711951,45.599886],[-122.711959,45.59987],[-122.711937,45.599835],[-122.711872,45.599836],[-122.711853,45.599849],[-122.71186,45.599881],[-122.711883,45.599894],[-122.711903,45.599896]]]}},{"type":"Feature","properties":{"k":"tee"},"geometry":{"type":"Polygon","coordinates":[[[-122.706392,45.599118],[-122.706562,45.599022],[-122.706572,45.599],[-122.706561,45.598964],[-122.706516,45.598937],[-122.706489,45.598936],[-122.706428,45.59895],[-122.706339,45.599011],[-122.706286,45.599035],[-122.706189,45.599046],[-122.706189,45.599086],[-122.706242,45.599112],[-122.706329,45.599131],[-122.706392,45.599118]]]}},{"type":"Feature","properties":{"k":"tee"},"geometry":{"type":"Polygon","coordinates":[[[-122.706904,45.599001],[-122.706965,45.598987],[-122.706966,45.598958],[-122.706934,45.598941],[-122.706847,45.598917],[-122.706799,45.598919],[-122.70677,45.59893],[-122.706761,45.598948],[-122.706769,45.59896],[-122.706815,45.598988],[-122.706904,45.599001]]]}},{"type":"Feature","properties":{"k":"tee"},"geometry":{"type":"Polygon","coordinates":[[[-122.706366,45.597498],[-122.706385,45.597488],[-122.706392,45.597472],[-122.706393,45.597432],[-122.706353,45.597383],[-122.706291,45.597376],[-122.70625,45.597398],[-122.706243,45.597411],[-122.706254,45.597446],[-122.706282,45.59748],[-122.706325,45.597501],[-122.706366,45.597498]]]}},{"type":"Feature","properties":{"k":"tee"},"geometry":{"type":"Polygon","coordinates":[[[-122.706269,45.598011],[-122.706312,45.598001],[-122.706344,45.59797],[-122.7064,45.597748],[-122.706406,45.597709],[-122.706392,45.597689],[-122.706354,45.59769],[-122.706322,45.5977],[-122.706299,45.597719],[-122.70623,45.597845],[-122.706211,45.597974],[-122.706239,45.598004],[-122.706269,45.598011]]]}},{"type":"Feature","properties":{"k":"tee"},"geometry":{"type":"Polygon","coordinates":[[[-122.711562,45.599759],[-122.711585,45.599752],[-122.711616,45.599691],[-122.711596,45.599596],[-122.711576,45.599576],[-122.711535,45.599564],[-122.711479,45.599557],[-122.711428,45.599566],[-122.711404,45.599588],[-122.711409,45.599615],[-122.711456,45.599649],[-122.711475,45.599682],[-122.711484,45.599747],[-122.711517,45.59977],[-122.711544,45.599771],[-122.711562,45.599759]]]}},{"type":"Feature","properties":{"k":"water"},"geometry":{"type":"Polygon","coordinates":[[[-122.711204,45.599643],[-122.711233,45.599609],[-122.711232,45.599579],[-122.711211,45.599562],[-122.711171,45.59946],[-122.711191,45.599352],[-122.711236,45.599294],[-122.711229,45.59928],[-122.711211,45.59927],[-122.711137,45.599286],[-122.711078,45.599274],[-122.710998,45.599274],[-122.710905,45.59929],[-122.710972,45.599325],[-122.710995,45.599365],[-122.71111,45.599424],[-122.711138,45.599482],[-122.711117,45.599506],[-122.71109,45.599519],[-122.711106,45.599591],[-122.71114,45.599625],[-122.711204,45.599643]]]}},{"type":"Feature","properties":{"k":"tee"},"geometry":{"type":"Polygon","coordinates":[[[-122.711061,45.59745],[-122.711108,45.597441],[-122.711127,45.597423],[-122.711113,45.597389],[-122.711066,45.597374],[-122.710994,45.59737],[-122.710958,45.597373],[-122.710934,45.597389],[-122.710941,45.59742],[-122.710961,45.597432],[-122.711061,45.59745]]]}},{"type":"Feature","properties":{"k":"water"},"geometry":{"type":"Polygon","coordinates":[[[-122.708367,45.597546],[-122.70853,45.597507],[-122.708627,45.597438],[-122.708627,45.597392],[-122.708596,45.597347],[-122.70845,45.597311],[-122.708423,45.597315],[-122.708324,45.5973],[-122.708028,45.597224],[-122.707685,45.597161],[-122.707595,45.597109],[-122.707554,45.597072],[-122.707412,45.597071],[-122.707364,45.597083],[-122.70725,45.597094],[-122.707201,45.597086],[-122.70714,45.597053],[-122.707073,45.597044],[-122.706957,45.597075],[-122.706897,45.597116],[-122.706757,45.597194],[-122.706706,45.597206],[-122.706626,45.597244],[-122.706617,45.597273],[-122.706652,45.597339],[-122.706731,45.597383],[-122.706959,45.597379],[-122.707004,45.597386],[-122.707141,45.597359],[-122.70724,45.597348],[-122.707301,45.597361],[-122.707337,45.597384],[-122.707451,45.597413],[-122.70747,45.597428],[-122.707513,45.597434],[-122.707593,45.597428],[-122.707757,45.597433],[-122.707856,45.597454],[-122.707903,45.597454],[-122.707941,45.597468],[-122.707997,45.597467],[-122.708033,45.597484],[-122.708082,45.59749],[-122.708112,45.597502],[-122.7082,45.597511],[-122.708314,45.597549],[-122.708367,45.597546]]]}},{"type":"Feature","properties":{"k":"bunker"},"geometry":{"type":"Polygon","coordinates":[[[-122.707093,45.597652],[-122.70708,45.597628],[-122.707054,45.597623],[-122.707034,45.597631],[-122.707013,45.59766],[-122.70702,45.597672],[-122.707054,45.597684],[-122.707072,45.597681],[-122.707093,45.597652]]]}},{"type":"Feature","properties":{"k":"bunker"},"geometry":{"type":"Polygon","coordinates":[[[-122.707238,45.597626],[-122.707225,45.597647],[-122.707242,45.597665],[-122.707283,45.597672],[-122.707298,45.597665],[-122.707308,45.59764],[-122.707297,45.597623],[-122.707272,45.597614],[-122.707238,45.597626]]]}},{"type":"Feature","properties":{"k":"bunker"},"geometry":{"type":"Polygon","coordinates":[[[-122.707232,45.59741],[-122.707203,45.59741],[-122.707188,45.597418],[-122.707198,45.597458],[-122.707216,45.597466],[-122.707242,45.597448],[-122.707232,45.59741]]]}},{"type":"Feature","properties":{"k":"tee"},"geometry":{"type":"Polygon","coordinates":[[[-122.704433,45.600413],[-122.704574,45.600324],[-122.704572,45.600292],[-122.704524,45.600285],[-122.704483,45.600302],[-122.704362,45.600373],[-122.704333,45.600405],[-122.704346,45.600423],[-122.704373,45.60043],[-122.704433,45.600413]]]}},{"type":"Feature","properties":{"k":"tee"},"geometry":{"type":"Polygon","coordinates":[[[-122.704942,45.603553],[-122.704962,45.603546],[-122.704976,45.603524],[-122.704975,45.60346],[-122.704948,45.603426],[-122.704898,45.603425],[-122.704867,45.603435],[-122.704851,45.60345],[-122.704848,45.603476],[-122.704903,45.60354],[-122.704942,45.603553]]]}},{"type":"Feature","properties":{"k":"tee"},"geometry":{"type":"Polygon","coordinates":[[[-122.704876,45.603372],[-122.704909,45.603355],[-122.704882,45.603286],[-122.704851,45.603261],[-122.704796,45.603264],[-122.704781,45.603297],[-122.704787,45.603316],[-122.70484,45.603368],[-122.704876,45.603372]]]}},{"type":"Feature","properties":{"k":"tee"},"geometry":{"type":"Polygon","coordinates":[[[-122.704776,45.60323],[-122.704803,45.603213],[-122.704813,45.603192],[-122.70481,45.60315],[-122.704792,45.603125],[-122.704759,45.603105],[-122.704714,45.603099],[-122.70468,45.603099],[-122.704633,45.603111],[-122.704617,45.603124],[-122.704613,45.603147],[-122.704627,45.603175],[-122.704653,45.603201],[-122.704709,45.60323],[-122.704776,45.60323]]]}},{"type":"Feature","properties":{"k":"tee"},"geometry":{"type":"Polygon","coordinates":[[[-122.701458,45.600579],[-122.701472,45.600579],[-122.70149,45.600567],[-122.701492,45.60054],[-122.701433,45.600499],[-122.701393,45.600503],[-122.701379,45.600515],[-122.701375,45.600538],[-122.701415,45.600569],[-122.701458,45.600579]]]}},{"type":"Feature","properties":{"k":"tee"},"geometry":{"type":"Polygon","coordinates":[[[-122.70201,45.600849],[-122.702033,45.600843],[-122.702055,45.600823],[-122.702058,45.600787],[-122.702043,45.600775],[-122.701815,45.600647],[-122.701744,45.600632],[-122.701702,45.600637],[-122.701689,45.60066],[-122.701706,45.600691],[-122.701871,45.600785],[-122.70192,45.600822],[-122.701983,45.60085],[-122.70201,45.600849]]]}},{"type":"Feature","properties":{"k":"tee"},"geometry":{"type":"Polygon","coordinates":[[[-122.711967,45.599449],[-122.711986,45.599442],[-122.712003,45.599417],[-122.712009,45.599385],[-122.712003,45.599368],[-122.71198,45.59935],[-122.711934,45.599337],[-122.71193,45.599296],[-122.711957,45.59927],[-122.711963,45.59924],[-122.711948,45.599212],[-122.711883,45.599204],[-122.711835,45.599221],[-122.711824,45.599242],[-122.71184,45.599287],[-122.7119,45.599304],[-122.711907,45.599333],[-122.711859,45.599376],[-122.711857,45.59941],[-122.711883,45.599438],[-122.711909,45.599449],[-122.711967,45.599449]]]}},{"type":"Feature","properties":{"k":"bunker"},"geometry":{"type":"Polygon","coordinates":[[[-122.708025,45.597876],[-122.708025,45.597853],[-122.708015,45.597844],[-122.707972,45.597842],[-122.707961,45.597865],[-122.707969,45.597886],[-122.708002,45.597892],[-122.708025,45.597876]]]}},{"type":"Feature","properties":{"k":"green"},"geometry":{"type":"Polygon","coordinates":[[[-122.705698,45.604627],[-122.705784,45.604541],[-122.705815,45.604529],[-122.705871,45.604522],[-122.705906,45.604504],[-122.705931,45.604467],[-122.705934,45.604436],[-122.70592,45.604405],[-122.705876,45.604374],[-122.70574,45.604345],[-122.705699,45.604286],[-122.705663,45.60425],[-122.705626,45.604235],[-122.705603,45.604233],[-122.705529,45.604255],[-122.705495,45.604283],[-122.705487,45.604309],[-122.705514,45.604394],[-122.705537,45.604431],[-122.705542,45.604465],[-122.705513,45.604589],[-122.705524,45.604614],[-122.705558,45.604634],[-122.70562,45.604643],[-122.705698,45.604627]]]}},{"type":"Feature","properties":{"k":"green"},"geometry":{"type":"Polygon","coordinates":[[[-122.706253,45.604358],[-122.706323,45.604308],[-122.706336,45.604287],[-122.706336,45.604259],[-122.706307,45.604208],[-122.706241,45.604184],[-122.706194,45.604192],[-122.706138,45.604217],[-122.706105,45.604243],[-122.706093,45.604264],[-122.706091,45.604295],[-122.706124,45.604349],[-122.706154,45.604363],[-122.70619,45.604373],[-122.706253,45.604358]]]}},{"type":"Feature","properties":{"k":"tee"},"geometry":{"type":"Polygon","coordinates":[[[-122.704444,45.605354],[-122.704568,45.605279],[-122.704656,45.605211],[-122.704825,45.605041],[-122.704937,45.604963],[-122.704925,45.604908],[-122.704778,45.60476],[-122.704783,45.604725],[-122.704719,45.604669],[-122.704599,45.604585],[-122.704478,45.604545],[-122.704412,45.604546],[-122.704332,45.604582],[-122.703997,45.604784],[-122.703853,45.604896],[-122.704051,45.605047],[-122.7042,45.605188],[-122.704338,45.605294],[-122.704444,45.605354]]]}},{"type":"Feature","properties":{"k":"tee"},"geometry":{"type":"Polygon","coordinates":[[[-122.699413,45.604974],[-122.699445,45.604955],[-122.699449,45.604928],[-122.699428,45.604907],[-122.699384,45.604898],[-122.699376,45.604887],[-122.699368,45.604865],[-122.69938,45.604827],[-122.699365,45.604766],[-122.699333,45.604737],[-122.699285,45.604714],[-122.699259,45.604708],[-122.699217,45.604711],[-122.699191,45.604734],[-122.699201,45.60477],[-122.699275,45.604835],[-122.699305,45.604855],[-122.699333,45.604862],[-122.699357,45.604892],[-122.699359,45.604901],[-122.69933,45.604933],[-122.699335,45.60495],[-122.699368,45.604974],[-122.699413,45.604974]]]}},{"type":"Feature","properties":{"k":"tee"},"geometry":{"type":"Polygon","coordinates":[[[-122.699839,45.605235],[-122.699865,45.605226],[-122.699869,45.6052],[-122.699848,45.605187],[-122.699822,45.605185],[-122.6998,45.605196],[-122.699795,45.605212],[-122.699815,45.605231],[-122.699839,45.605235]]]}},{"type":"Feature","properties":{"k":"tee"},"geometry":{"type":"Polygon","coordinates":[[[-122.693723,45.603246],[-122.69376,45.603238],[-122.693789,45.603221],[-122.693788,45.603168],[-122.693738,45.603133],[-122.69369,45.603128],[-122.693656,45.603132],[-122.69364,45.603138],[-122.693619,45.603165],[-122.693623,45.603193],[-122.693681,45.60324],[-122.693723,45.603246]]]}},{"type":"Feature","properties":{"k":"tee"},"geometry":{"type":"Polygon","coordinates":[[[-122.693707,45.603099],[-122.693729,45.603094],[-122.693741,45.603078],[-122.693758,45.603035],[-122.693758,45.602999],[-122.693737,45.60297],[-122.693681,45.60296],[-122.693643,45.60297],[-122.693621,45.602986],[-122.693609,45.60304],[-122.693618,45.603076],[-122.693641,45.603102],[-122.693691,45.603105],[-122.693707,45.603099]]]}},{"type":"Feature","properties":{"k":"tee"},"geometry":{"type":"Polygon","coordinates":[[[-122.69367,45.602925],[-122.693701,45.602917],[-122.693732,45.602894],[-122.693752,45.602842],[-122.693729,45.602812],[-122.693686,45.602795],[-122.693644,45.602799],[-122.693607,45.602812],[-122.693577,45.602851],[-122.693574,45.602867],[-122.693579,45.602883],[-122.693609,45.602908],[-122.69367,45.602925]]]}},{"type":"Feature","properties":{"k":"tee"},"geometry":{"type":"Polygon","coordinates":[[[-122.693552,45.602642],[-122.693598,45.602624],[-122.693615,45.602595],[-122.693607,45.602562],[-122.693602,45.602553],[-122.693554,45.602536],[-122.693498,45.602528],[-122.69346,45.602545],[-122.693442,45.602586],[-122.693463,45.602623],[-122.693495,45.602641],[-122.693552,45.602642]]]}},{"type":"Feature","properties":{"k":"tee"},"geometry":{"type":"Polygon","coordinates":[[[-122.695021,45.600647],[-122.695105,45.600628],[-122.695119,45.600619],[-122.695115,45.600572],[-122.694985,45.600518],[-122.694901,45.600503],[-122.69487,45.600516],[-122.694848,45.600536],[-122.694844,45.600563],[-122.694877,45.60061],[-122.694915,45.600636],[-122.69497,45.600654],[-122.695006,45.600654],[-122.695021,45.600647]]]}},{"type":"Feature","properties":{"k":"tee"},"geometry":{"type":"Polygon","coordinates":[[[-122.69597,45.60129],[-122.695988,45.601278],[-122.695994,45.601248],[-122.695974,45.601169],[-122.695954,45.601119],[-122.695843,45.60097],[-122.695786,45.600926],[-122.695733,45.600921],[-122.695681,45.600935],[-122.695673,45.600952],[-122.695693,45.600994],[-122.695781,45.601064],[-122.695868,45.601163],[-122.695908,45.60124],[-122.695935,45.60127],[-122.69597,45.60129]]]}},{"type":"Feature","properties":{"k":"tee"},"geometry":{"type":"Polygon","coordinates":[[[-122.695521,45.60092],[-122.695578,45.60093],[-122.695602,45.600925],[-122.695613,45.600897],[-122.695545,45.600856],[-122.695501,45.600841],[-122.695386,45.600754],[-122.695372,45.600729],[-122.695326,45.600696],[-122.695292,45.600682],[-122.695242,45.600692],[-122.695235,45.600702],[-122.695249,45.600734],[-122.695273,45.600753],[-122.695315,45.600812],[-122.695404,45.600881],[-122.695521,45.60092]]]}},{"type":"Feature","properties":{"k":"tee"},"geometry":{"type":"Polygon","coordinates":[[[-122.694985,45.602227],[-122.695007,45.602222],[-122.695027,45.602196],[-122.695024,45.602158],[-122.694966,45.602132],[-122.694937,45.602126],[-122.6949,45.602131],[-122.694861,45.602161],[-122.694869,45.602187],[-122.694935,45.602224],[-122.694985,45.602227]]]}},{"type":"Feature","properties":{"k":"tee"},"geometry":{"type":"Polygon","coordinates":[[[-122.695651,45.602287],[-122.695705,45.602284],[-122.695729,45.602272],[-122.695747,45.602245],[-122.695733,45.602209],[-122.695549,45.602111],[-122.695495,45.602109],[-122.695413,45.602134],[-122.695389,45.602164],[-122.69539,45.602186],[-122.695414,45.602225],[-122.695494,45.602261],[-122.695575,45.602283],[-122.695651,45.602287]]]}},{"type":"Feature","properties":{"k":"tee"},"geometry":{"type":"Polygon","coordinates":[[[-122.70164,45.603861],[-122.701722,45.603853],[-122.701739,45.603844],[-122.701752,45.603811],[-122.701746,45.603757],[-122.701735,45.603744],[-122.7017,45.603718],[-122.701669,45.603712],[-122.701648,45.603711],[-122.701585,45.60373],[-122.70155,45.603755],[-122.701542,45.603787],[-122.701548,45.603807],[-122.701596,45.603856],[-122.70164,45.603861]]]}},{"type":"Feature","properties":{"k":"tee"},"geometry":{"type":"Polygon","coordinates":[[[-122.701525,45.603699],[-122.701567,45.6037],[-122.701588,45.603693],[-122.701618,45.603658],[-122.701609,45.603639],[-122.70156,45.603585],[-122.701457,45.603494],[-122.701397,45.603486],[-122.701352,45.603499],[-122.701322,45.603519],[-122.701353,45.603575],[-122.701459,45.603671],[-122.701498,45.603693],[-122.701525,45.603699]]]}},{"type":"Feature","properties":{"k":"tee"},"geometry":{"type":"Polygon","coordinates":[[[-122.701245,45.603465],[-122.701283,45.603454],[-122.701294,45.603433],[-122.701226,45.603337],[-122.70119,45.603297],[-122.701157,45.603281],[-122.701107,45.603288],[-122.701089,45.603306],[-122.701082,45.603332],[-122.701088,45.603365],[-122.701109,45.603392],[-122.701152,45.603436],[-122.701196,45.60346],[-122.701245,45.603465]]]}},{"type":"Feature","properties":{"k":"tee"},"geometry":{"type":"Polygon","coordinates":[[[-122.701098,45.603161],[-122.701131,45.603156],[-122.701157,45.603139],[-122.701157,45.603106],[-122.701146,45.603083],[-122.70109,45.603032],[-122.701012,45.60304],[-122.700983,45.603061],[-122.70098,45.603085],[-122.700993,45.603116],[-122.701046,45.603154],[-122.701098,45.603161]]]}},{"type":"Feature","properties":{"k":"tee"},"geometry":{"type":"Polygon","coordinates":[[[-122.700387,45.603228],[-122.700428,45.60321],[-122.700451,45.603168],[-122.700441,45.603126],[-122.700368,45.603023],[-122.70034,45.603008],[-122.700225,45.602994],[-122.700172,45.603012],[-122.700146,45.603032],[-122.700133,45.603054],[-122.700168,45.603108],[-122.700264,45.603194],[-122.70033,45.603224],[-122.700387,45.603228]]]}},{"type":"Feature","properties":{"k":"tee"},"geometry":{"type":"Polygon","coordinates":[[[-122.699988,45.603049],[-122.700069,45.603029],[-122.700094,45.603012],[-122.700081,45.602968],[-122.700013,45.602924],[-122.699892,45.602877],[-122.699788,45.602882],[-122.699742,45.602934],[-122.699747,45.602976],[-122.699764,45.602996],[-122.699879,45.603031],[-122.699988,45.603049]]]}},{"type":"Feature","properties":{"k":"tee"},"geometry":{"type":"Polygon","coordinates":[[[-122.699532,45.602955],[-122.699564,45.602955],[-122.699601,45.602938],[-122.699641,45.602882],[-122.699626,45.602849],[-122.699541,45.602808],[-122.699381,45.602761],[-122.699345,45.602758],[-122.699293,45.602769],[-122.699253,45.602803],[-122.699245,45.602824],[-122.699251,45.602861],[-122.699298,45.602897],[-122.699381,45.602931],[-122.699532,45.602955]]]}},{"type":"Feature","properties":{"k":"tee"},"geometry":{"type":"Polygon","coordinates":[[[-122.69607,45.601049],[-122.696124,45.601041],[-122.696143,45.601029],[-122.696148,45.600985],[-122.69612,45.600968],[-122.696058,45.600971],[-122.696023,45.600992],[-122.696041,45.60104],[-122.69607,45.601049]]]}},{"type":"Feature","properties":{"k":"tee"},"geometry":{"type":"Polygon","coordinates":[[[-122.69649,45.601373],[-122.696518,45.601386],[-122.696575,45.60139],[-122.696597,45.601368],[-122.696589,45.60133],[-122.696555,45.601267],[-122.696569,45.601219],[-122.696659,45.601087],[-122.696645,45.601053],[-122.696629,45.601047],[-122.696564,45.601047],[-122.696509,45.60107],[-122.696473,45.601123],[-122.696455,45.601174],[-122.696442,45.601316],[-122.696471,45.601363],[-122.69649,45.601373]]]}},{"type":"Feature","properties":{"k":"tee"},"geometry":{"type":"Polygon","coordinates":[[[-122.69682,45.601537],[-122.696856,45.601515],[-122.696882,45.601457],[-122.69687,45.601442],[-122.696758,45.601406],[-122.696711,45.601405],[-122.696675,45.601434],[-122.69669,45.601468],[-122.696737,45.601507],[-122.696782,45.601531],[-122.69682,45.601537]]]}},{"type":"Feature","properties":{"k":"tee"},"geometry":{"type":"Polygon","coordinates":[[[-122.700952,45.600972],[-122.701019,45.600959],[-122.701032,45.600932],[-122.701033,45.600908],[-122.701007,45.600851],[-122.70098,45.600844],[-122.700902,45.600855],[-122.700891,45.600874],[-122.700915,45.600938],[-122.700952,45.600972]]]}},{"type":"Feature","properties":{"k":"tee"},"geometry":{"type":"Polygon","coordinates":[[[-122.701072,45.601159],[-122.701118,45.601146],[-122.701139,45.601098],[-122.701133,45.601084],[-122.701091,45.601036],[-122.70104,45.601025],[-122.700989,45.601035],[-122.700978,45.601043],[-122.700971,45.601068],[-122.700988,45.601115],[-122.701022,45.60115],[-122.701072,45.601159]]]}},{"type":"Feature","properties":{"k":"tee"},"geometry":{"type":"Polygon","coordinates":[[[-122.701238,45.601501],[-122.701282,45.60148],[-122.701296,45.601464],[-122.701298,45.601439],[-122.701221,45.601281],[-122.701165,45.601219],[-122.701058,45.601227],[-122.701043,45.601246],[-122.701047,45.601284],[-122.701156,45.601467],[-122.701193,45.601494],[-122.701238,45.601501]]]}},{"type":"Feature","properties":{"k":"tee"},"geometry":{"type":"Polygon","coordinates":[[[-122.696433,45.604536],[-122.696468,45.604535],[-122.696502,45.604521],[-122.69652,45.604484],[-122.696509,45.604443],[-122.696466,45.604394],[-122.696436,45.604376],[-122.696291,45.60438],[-122.696254,45.604408],[-122.696277,45.60445],[-122.696338,45.604504],[-122.696394,45.60453],[-122.696433,45.604536]]]}},{"type":"Feature","properties":{"k":"green"},"geometry":{"type":"Polygon","coordinates":[[[-122.701156,45.606484],[-122.701242,45.606456],[-122.701256,45.606442],[-122.701263,45.606427],[-122.701254,45.606392],[-122.701217,45.606361],[-122.701176,45.606355],[-122.701117,45.606363],[-122.701055,45.606383],[-122.701022,45.606408],[-122.701018,45.606427],[-122.701041,45.606462],[-122.701093,45.606485],[-122.701156,45.606484]]]}},{"type":"Feature","properties":{"k":"green"},"geometry":{"type":"Polygon","coordinates":[[[-122.701069,45.606827],[-122.701091,45.606831],[-122.701132,45.606816],[-122.701141,45.606791],[-122.701138,45.606761],[-122.701082,45.606723],[-122.701039,45.606716],[-122.701013,45.606721],[-122.700981,45.606737],[-122.70097,45.606779],[-122.70098,45.606795],[-122.701029,45.606824],[-122.701048,45.60683],[-122.701069,45.606827]]]}},{"type":"Feature","properties":{"k":"green"},"geometry":{"type":"Polygon","coordinates":[[[-122.701901,45.60651],[-122.701921,45.606508],[-122.70197,45.606481],[-122.701969,45.606432],[-122.701923,45.60639],[-122.701855,45.60638],[-122.701822,45.606393],[-122.701813,45.606407],[-122.701811,45.606461],[-122.701822,45.606483],[-122.701859,45.60651],[-122.701901,45.60651]]]}},{"type":"Feature","properties":{"k":"path"},"geometry":{"type":"LineString","coordinates":[[-122.705349,45.604952],[-122.705299,45.605001],[-122.705255,45.605017],[-122.705209,45.605027],[-122.705165,45.605025],[-122.705135,45.60501],[-122.70512,45.604987],[-122.705116,45.604926],[-122.70514,45.604818],[-122.705152,45.604801]]}},{"type":"Feature","properties":{"k":"tee"},"geometry":{"type":"Polygon","coordinates":[[[-122.705884,45.601556],[-122.705957,45.601544],[-122.705968,45.601527],[-122.705967,45.601499],[-122.705951,45.601484],[-122.705905,45.601467],[-122.705838,45.601457],[-122.705787,45.601465],[-122.705753,45.6015],[-122.705774,45.601532],[-122.705827,45.601551],[-122.705884,45.601556]]]}},{"type":"Feature","properties":{"k":"bunker"},"geometry":{"type":"Polygon","coordinates":[[[-122.706053,45.604372],[-122.706074,45.604372],[-122.706089,45.604348],[-122.706068,45.604312],[-122.706068,45.60427],[-122.706036,45.604256],[-122.705996,45.604273],[-122.705988,45.604293],[-122.706018,45.604349],[-122.706053,45.604372]]]}},{"type":"Feature","properties":{"k":"tee"},"geometry":{"type":"Polygon","coordinates":[[[-122.704425,45.603069],[-122.70446,45.603047],[-122.70445,45.603019],[-122.704416,45.603002],[-122.704376,45.603015],[-122.704363,45.603031],[-122.704365,45.603047],[-122.704402,45.60307],[-122.704425,45.603069]]]}},{"type":"Feature","properties":{"k":"path"},"geometry":{"type":"LineString","coordinates":[[-122.705641,45.603761],[-122.705636,45.603701],[-122.705711,45.60349],[-122.705719,45.603414],[-122.705693,45.603253],[-122.70571,45.603098],[-122.70571,45.602869],[-122.705733,45.602756],[-122.705771,45.60271]]}},{"type":"Feature","properties":{"k":"water"},"geometry":{"type":"Polygon","coordinates":[[[-122.711575,45.604585],[-122.71161,45.60441],[-122.711599,45.604188],[-122.711615,45.603917],[-122.711599,45.603707],[-122.71164,45.603263],[-122.711645,45.603107],[-122.711624,45.603121],[-122.711571,45.603136],[-122.711567,45.603202],[-122.711585,45.603291],[-122.71156,45.603493],[-122.711534,45.603551],[-122.711521,45.603929],[-122.711524,45.604027],[-122.711547,45.604109],[-122.71155,45.604189],[-122.711528,45.604251],[-122.711523,45.604326],[-122.711534,45.604414],[-122.711518,45.60461],[-122.711575,45.604585]]]}},{"type":"Feature","properties":{"k":"tee"},"geometry":{"type":"Polygon","coordinates":[[[-122.699019,45.604631],[-122.699067,45.604611],[-122.699067,45.604587],[-122.699033,45.604548],[-122.698988,45.604522],[-122.698932,45.604505],[-122.698899,45.604505],[-122.698872,45.604515],[-122.698856,45.604545],[-122.698892,45.604582],[-122.698987,45.604633],[-122.699019,45.604631]]]}},{"type":"Feature","properties":{"k":"green"},"geometry":{"type":"Polygon","coordinates":[[[-122.69445,45.602668],[-122.694489,45.602655],[-122.694519,45.602621],[-122.694596,45.602581],[-122.694625,45.602552],[-122.694621,45.602528],[-122.694595,45.602489],[-122.694562,45.602469],[-122.694508,45.602453],[-122.694474,45.602459],[-122.694351,45.602549],[-122.694332,45.602573],[-122.694331,45.602596],[-122.694364,45.602643],[-122.694417,45.602666],[-122.69445,45.602668]]]}},{"type":"Feature","properties":{"k":"water"},"geometry":{"type":"Polygon","coordinates":[[[-122.695694,45.602864],[-122.695789,45.602876],[-122.695917,45.602904],[-122.696009,45.602907],[-122.696068,45.602872],[-122.696113,45.602818],[-122.696131,45.602736],[-122.696133,45.602619],[-122.696114,45.602556],[-122.696074,45.602544],[-122.695911,45.602549],[-122.69581,45.602505],[-122.695759,45.602469],[-122.69571,45.602368],[-122.69567,45.602365],[-122.695593,45.602374],[-122.695511,45.602363],[-122.695434,45.602337],[-122.69538,45.602306],[-122.695332,45.602256],[-122.695232,45.602244],[-122.694942,45.602342],[-122.694892,45.602338],[-122.69485,45.602325],[-122.694766,45.602279],[-122.694712,45.602225],[-122.694697,45.602149],[-122.694722,45.60211],[-122.694779,45.602062],[-122.694832,45.601967],[-122.694926,45.60195],[-122.694946,45.601881],[-122.694965,45.601851],[-122.695004,45.601824],[-122.695073,45.6018],[-122.695277,45.601746],[-122.695336,45.601721],[-122.695434,45.601708],[-122.695483,45.601691],[-122.695518,45.601662],[-122.69556,45.601601],[-122.695556,45.601566],[-122.69558,45.601503],[-122.695604,45.601475],[-122.695706,45.60142],[-122.695754,45.601319],[-122.695754,45.601218],[-122.695691,45.60113],[-122.695649,45.601097],[-122.695599,45.601061],[-122.695547,45.60104],[-122.695384,45.601009],[-122.695269,45.600929],[-122.695226,45.600881],[-122.695149,45.600824],[-122.695101,45.600803],[-122.695065,45.600796],[-122.694958,45.600827],[-122.694912,45.600848],[-122.694883,45.600884],[-122.694876,45.600951],[-122.694935,45.601027],[-122.694966,45.601243],[-122.695021,45.601471],[-122.694998,45.60149],[-122.694917,45.601515],[-122.69489,45.601537],[-122.694824,45.601644],[-122.694739,45.601698],[-122.694709,45.601741],[-122.69469,45.601798],[-122.694654,45.601861],[-122.694634,45.601951],[-122.694606,45.602006],[-122.694531,45.602064],[-122.694503,45.60211],[-122.694496,45.60216],[-122.694454,45.602184],[-122.694435,45.602274],[-122.694456,45.602364],[-122.694538,45.602391],[-122.694618,45.602404],[-122.694663,45.602436],[-122.694725,45.602561],[-122.694736,45.602617],[-122.694772,45.60266],[-122.694842,45.602704],[-122.694909,45.60273],[-122.695049,45.602754],[-122.695161,45.60275],[-122.695255,45.602755],[-122.695328,45.602781],[-122.695443,45.602806],[-122.695587,45.602849],[-122.695694,45.602864]]]}},{"type":"Feature","properties":{"k":"tee"},"geometry":{"type":"Polygon","coordinates":[[[-122.695971,45.602449],[-122.69599,45.60242],[-122.695987,45.602401],[-122.695952,45.602363],[-122.695914,45.602347],[-122.695867,45.602358],[-122.695843,45.60239],[-122.695838,45.602414],[-122.695854,45.602444],[-122.695876,45.602455],[-122.695932,45.602464],[-122.695971,45.602449]]]}},{"type":"Feature","properties":{"k":"bunker"},"geometry":{"type":"Polygon","coordinates":[[[-122.702561,45.604371],[-122.702549,45.604391],[-122.702567,45.604404],[-122.702597,45.604403],[-122.702618,45.604391],[-122.702622,45.604378],[-122.702604,45.604359],[-122.702561,45.604371]]]}},{"type":"Feature","properties":{"k":"bunker"},"geometry":{"type":"Polygon","coordinates":[[[-122.702427,45.604213],[-122.702446,45.6042],[-122.702453,45.604183],[-122.702445,45.60417],[-122.702427,45.604166],[-122.702407,45.604171],[-122.702389,45.604197],[-122.702403,45.604215],[-122.702427,45.604213]]]}},{"type":"Feature","properties":{"k":"tee"},"geometry":{"type":"Polygon","coordinates":[[[-122.701431,45.601651],[-122.701482,45.601616],[-122.701491,45.601585],[-122.701484,45.601557],[-122.701434,45.601532],[-122.701364,45.601529],[-122.701322,45.601548],[-122.701315,45.601563],[-122.701308,45.601578],[-122.701322,45.601613],[-122.701366,45.601647],[-122.701406,45.601656],[-122.701431,45.601651]]]}},{"type":"Feature","properties":{"k":"path"},"geometry":{"type":"LineString","coordinates":[[-122.703837,45.600773],[-122.703848,45.600721],[-122.703891,45.60067],[-122.703963,45.600626],[-122.704197,45.600553]]}},{"type":"Feature","properties":{"k":"tee"},"geometry":{"type":"Polygon","coordinates":[[[-122.703537,45.60014],[-122.703604,45.600124],[-122.703628,45.600096],[-122.703635,45.600066],[-122.703617,45.600041],[-122.703599,45.600034],[-122.703519,45.600028],[-122.70348,45.600038],[-122.703449,45.600056],[-122.703438,45.600096],[-122.703447,45.600124],[-122.703498,45.600144],[-122.703537,45.60014]]]}},{"type":"Feature","properties":{"k":"path"},"geometry":{"type":"LineString","coordinates":[[-122.703284,45.600245],[-122.703266,45.60021],[-122.70331,45.600042],[-122.703342,45.59999],[-122.70339,45.599946]]}},{"type":"Feature","properties":{"k":"bunker"},"geometry":{"type":"Polygon","coordinates":[[[-122.705256,45.599578],[-122.705277,45.599564],[-122.705279,45.599544],[-122.705222,45.599502],[-122.705233,45.599482],[-122.705265,45.599471],[-122.705272,45.599459],[-122.705273,45.599443],[-122.705243,45.599415],[-122.705249,45.599404],[-122.705302,45.599385],[-122.7053,45.599364],[-122.705275,45.599353],[-122.705198,45.599368],[-122.705175,45.599398],[-122.705219,45.599448],[-122.705217,45.599461],[-122.705181,45.599498],[-122.705183,45.59952],[-122.705215,45.599548],[-122.705205,45.599566],[-122.705177,45.599586],[-122.705172,45.599596],[-122.70518,45.599615],[-122.705208,45.599618],[-122.705238,45.599606],[-122.705256,45.599578]]]}},{"type":"Feature","properties":{"k":"tee"},"geometry":{"type":"Polygon","coordinates":[[[-122.707522,45.599182],[-122.707561,45.599161],[-122.707558,45.599136],[-122.707527,45.599124],[-122.707487,45.59913],[-122.707471,45.599153],[-122.707473,45.599169],[-122.707501,45.599183],[-122.707522,45.599182]]]}},{"type":"Feature","properties":{"k":"bunker"},"geometry":{"type":"Polygon","coordinates":[[[-122.709381,45.599593],[-122.709395,45.599593],[-122.709402,45.599573],[-122.709359,45.599546],[-122.709366,45.599528],[-122.709358,45.599511],[-122.709319,45.599498],[-122.70928,45.599511],[-122.709285,45.599562],[-122.709255,45.599592],[-122.709255,45.599603],[-122.709273,45.599626],[-122.709315,45.599636],[-122.709336,45.599623],[-122.70934,45.599592],[-122.709364,45.599588],[-122.709381,45.599593]]]}},{"type":"Feature","properties":{"k":"tee"},"geometry":{"type":"Polygon","coordinates":[[[-122.710796,45.59961],[-122.710838,45.599605],[-122.710848,45.599597],[-122.710844,45.599562],[-122.710822,45.599543],[-122.710795,45.599536],[-122.710735,45.599538],[-122.710718,45.599558],[-122.710734,45.59959],[-122.710763,45.599608],[-122.710796,45.59961]]]}},{"type":"Feature","properties":{"k":"green"},"geometry":{"type":"Polygon","coordinates":[[[-122.707138,45.598658],[-122.707173,45.59865],[-122.707195,45.598631],[-122.70719,45.598587],[-122.707197,45.598561],[-122.707237,45.598525],[-122.707243,45.598504],[-122.707233,45.598483],[-122.707158,45.598444],[-122.707131,45.598437],[-122.707063,45.598463],[-122.707004,45.59853],[-122.706904,45.598582],[-122.706894,45.598605],[-122.706903,45.598622],[-122.706935,45.598636],[-122.707067,45.598639],[-122.707138,45.598658]]]}},{"type":"Feature","properties":{"k":"tee"},"geometry":{"type":"Polygon","coordinates":[[[-122.71175,45.59914],[-122.711814,45.599112],[-122.711841,45.599047],[-122.711833,45.599007],[-122.711794,45.598976],[-122.711741,45.598982],[-122.711718,45.598998],[-122.711695,45.599019],[-122.711676,45.599061],[-122.711678,45.599084],[-122.711703,45.59912],[-122.711718,45.599134],[-122.71175,45.59914]]]}},{"type":"Feature","properties":{"k":"tee"},"geometry":{"type":"Polygon","coordinates":[[[-122.711832,45.598912],[-122.711849,45.598902],[-122.711853,45.598881],[-122.711849,45.598807],[-122.711839,45.59877],[-122.711824,45.598758],[-122.711797,45.598756],[-122.711776,45.598766],[-122.711772,45.598784],[-122.711792,45.59885],[-122.711785,45.598886],[-122.711789,45.598903],[-122.71181,45.598915],[-122.711832,45.598912]]]}},{"type":"Feature","properties":{"k":"tee"},"geometry":{"type":"Polygon","coordinates":[[[-122.711406,45.597533],[-122.71145,45.597533],[-122.711468,45.597515],[-122.71145,45.59749],[-122.711301,45.597441],[-122.711253,45.597442],[-122.711237,45.597451],[-122.711248,45.597487],[-122.711303,45.597509],[-122.711406,45.597533]]]}},{"type":"Feature","properties":{"k":"tee"},"geometry":{"type":"Polygon","coordinates":[[[-122.710371,45.597271],[-122.710412,45.59728],[-122.710448,45.597277],[-122.710461,45.597266],[-122.71046,45.597242],[-122.710442,45.597225],[-122.710382,45.597203],[-122.710331,45.597199],[-122.710306,45.597209],[-122.710303,45.597242],[-122.710371,45.597271]]]}},{"type":"Feature","properties":{"k":"tee"},"geometry":{"type":"Polygon","coordinates":[[[-122.706109,45.598213],[-122.706152,45.598199],[-122.706167,45.598185],[-122.706169,45.598157],[-122.706146,45.598137],[-122.7061,45.598144],[-122.706081,45.598152],[-122.706072,45.598166],[-122.706066,45.598192],[-122.706075,45.598205],[-122.706109,45.598213]]]}},{"type":"Feature","properties":{"k":"tee"},"geometry":{"type":"Polygon","coordinates":[[[-122.702215,45.60093],[-122.702243,45.600926],[-122.702275,45.600897],[-122.702279,45.600868],[-122.702262,45.600845],[-122.702221,45.60084],[-122.702199,45.600847],[-122.702179,45.600856],[-122.702156,45.600885],[-122.702164,45.600918],[-122.702191,45.600931],[-122.702215,45.60093]]]}},{"type":"Feature","properties":{"k":"tee"},"geometry":{"type":"Polygon","coordinates":[[[-122.709419,45.602941],[-122.709453,45.602936],[-122.709494,45.602899],[-122.709494,45.602863],[-122.709478,45.602845],[-122.709457,45.602831],[-122.70938,45.602806],[-122.709326,45.602804],[-122.709285,45.602812],[-122.709248,45.602831],[-122.709235,45.602856],[-122.709244,45.602884],[-122.709287,45.602918],[-122.709315,45.602929],[-122.709419,45.602941]]]}},{"type":"Feature","properties":{"k":"tee"},"geometry":{"type":"Polygon","coordinates":[[[-122.709096,45.602869],[-122.709131,45.602872],[-122.709186,45.602846],[-122.709211,45.602791],[-122.7092,45.602768],[-122.709143,45.602729],[-122.709065,45.602723],[-122.708998,45.602765],[-122.708991,45.60279],[-122.709007,45.602823],[-122.709057,45.602861],[-122.709096,45.602869]]]}},{"type":"Feature","properties":{"k":"green"},"geometry":{"type":"Polygon","coordinates":[[[-122.706092,45.602404],[-122.706044,45.60242],[-122.705916,45.602527],[-122.705903,45.602552],[-122.705904,45.602597],[-122.705922,45.602617],[-122.70595,45.602632],[-122.706157,45.602707],[-122.706243,45.60272],[-122.706272,45.602714],[-122.706296,45.602689],[-122.70629,45.602586],[-122.7063,45.602541],[-122.706343,45.602458],[-122.706338,45.602433],[-122.706324,45.602418],[-122.706292,45.602404],[-122.706092,45.602404]]]}},{"type":"Feature","properties":{"k":"tee"},"geometry":{"type":"Polygon","coordinates":[[[-122.710243,45.60566],[-122.710295,45.605655],[-122.710317,45.605633],[-122.710316,45.605602],[-122.710308,45.605587],[-122.710263,45.605561],[-122.710204,45.605559],[-122.710165,45.605579],[-122.710154,45.605595],[-122.710157,45.605615],[-122.710179,45.605643],[-122.71022,45.605659],[-122.710243,45.60566]]]}},{"type":"Feature","properties":{"k":"fairway"},"geometry":{"type":"Polygon","coordinates":[[[-122.705917,45.604495],[-122.705938,45.604497],[-122.705985,45.604473],[-122.706016,45.604468],[-122.706057,45.604477],[-122.706103,45.604506],[-122.706147,45.604497],[-122.706169,45.604486],[-122.70618,45.604416],[-122.706237,45.604365],[-122.70619,45.604373],[-122.706154,45.604363],[-122.706124,45.604349],[-122.706106,45.604328],[-122.706094,45.604381],[-122.706076,45.604394],[-122.70601,45.604403],[-122.70596,45.604372],[-122.705937,45.604327],[-122.705885,45.604272],[-122.705791,45.604214],[-122.705745,45.604208],[-122.705643,45.60422],[-122.705603,45.604233],[-122.705626,45.604235],[-122.705663,45.60425],[-122.705699,45.604286],[-122.70574,45.604345],[-122.705876,45.604374],[-122.705897,45.604386],[-122.70592,45.604405],[-122.705934,45.604436],[-122.705917,45.604495]]]}},{"type":"Feature","properties":{"k":"tee"},"geometry":{"type":"Polygon","coordinates":[[[-122.704516,45.603432],[-122.704539,45.603429],[-122.704569,45.603409],[-122.704561,45.603365],[-122.704507,45.603283],[-122.704474,45.603269],[-122.704438,45.603271],[-122.704414,45.603297],[-122.704437,45.603394],[-122.704471,45.603426],[-122.704516,45.603432]]]}},{"type":"Feature","properties":{"k":"range"},"geometry":{"type":"Polygon","coordinates":[[[-122.703565,45.606436],[-122.704375,45.605873],[-122.704454,45.605803],[-122.704533,45.605712],[-122.704439,45.605372],[-122.70375,45.604811],[-122.703573,45.604764],[-122.703465,45.604745],[-122.703327,45.604772],[-122.702738,45.604929],[-122.702358,45.605018],[-122.701213,45.60531],[-122.701177,45.605337],[-122.701091,45.605896],[-122.701065,45.606005],[-122.70102,45.606076],[-122.701189,45.606153],[-122.701063,45.606278],[-122.700929,45.606221],[-122.700725,45.60635],[-122.700847,45.606492],[-122.70089,45.606702],[-122.700983,45.606842],[-122.701343,45.606789],[-122.70188,45.606567],[-122.702341,45.606591],[-122.703565,45.606436]]]}},{"type":"Feature","properties":{"k":"green"},"geometry":{"type":"Polygon","coordinates":[[[-122.699228,45.604078],[-122.699254,45.604023],[-122.699256,45.603982],[-122.699212,45.603948],[-122.699174,45.603945],[-122.69912,45.60396],[-122.69908,45.603988],[-122.698989,45.604062],[-122.698982,45.604088],[-122.698988,45.604102],[-122.699047,45.604143],[-122.699113,45.604176],[-122.699164,45.604182],[-122.699187,45.604179],[-122.699226,45.604154],[-122.699234,45.604134],[-122.699228,45.604078]]]}},{"type":"Feature","properties":{"k":"bunker"},"geometry":{"type":"Polygon","coordinates":[[[-122.694688,45.601234],[-122.694693,45.601204],[-122.694684,45.60119],[-122.694651,45.601175],[-122.694627,45.601174],[-122.694587,45.601201],[-122.69458,45.601234],[-122.694608,45.601255],[-122.694617,45.601276],[-122.694597,45.601318],[-122.694616,45.601335],[-122.694636,45.601339],[-122.694685,45.601332],[-122.694738,45.601349],[-122.694768,45.601347],[-122.694795,45.601326],[-122.694794,45.601309],[-122.694756,45.601294],[-122.694689,45.601295],[-122.694662,45.601275],[-122.694664,45.60126],[-122.694688,45.601234]]]}},{"type":"Feature","properties":{"k":"green"},"geometry":{"type":"Polygon","coordinates":[[[-122.694534,45.600527],[-122.694589,45.600555],[-122.694607,45.600619],[-122.69458,45.60066],[-122.694556,45.600675],[-122.694525,45.600677],[-122.694373,45.600652],[-122.694305,45.600566],[-122.694246,45.600525],[-122.694238,45.600493],[-122.694261,45.60046],[-122.694283,45.60045],[-122.694324,45.600447],[-122.694353,45.600453],[-122.694447,45.6005],[-122.694534,45.600527]]]}},{"type":"Feature","properties":{"k":"green"},"geometry":{"type":"Polygon","coordinates":[[[-122.695263,45.601901],[-122.6952,45.601971],[-122.695165,45.601991],[-122.695142,45.601994],[-122.695104,45.60199],[-122.695067,45.601972],[-122.695031,45.601941],[-122.69502,45.601916],[-122.69503,45.601891],[-122.695075,45.601861],[-122.695207,45.601818],[-122.695256,45.601809],[-122.695293,45.601824],[-122.695313,45.601857],[-122.695292,45.601884],[-122.695263,45.601901]]]}},{"type":"Feature","properties":{"k":"bunker"},"geometry":{"type":"Polygon","coordinates":[[[-122.695397,45.601751],[-122.695378,45.60174],[-122.695361,45.601747],[-122.695302,45.601776],[-122.6953,45.601794],[-122.695338,45.601803],[-122.695366,45.601796],[-122.695394,45.601776],[-122.695397,45.601751]]]}},{"type":"Feature","properties":{"k":"green"},"geometry":{"type":"Polygon","coordinates":[[[-122.701178,45.603967],[-122.701185,45.604063],[-122.70117,45.604083],[-122.701122,45.604101],[-122.701059,45.604094],[-122.70103,45.604082],[-122.701011,45.604061],[-122.700986,45.603958],[-122.70092,45.603904],[-122.700913,45.603884],[-122.70092,45.60386],[-122.700979,45.603842],[-122.701017,45.603843],[-122.7011,45.603861],[-122.701153,45.603895],[-122.701178,45.603967]]]}},{"type":"Feature","properties":{"k":"green"},"geometry":{"type":"Polygon","coordinates":[[[-122.700647,45.602391],[-122.700648,45.602438],[-122.700617,45.602475],[-122.700572,45.602485],[-122.700525,45.602476],[-122.700493,45.602442],[-122.700472,45.602371],[-122.700418,45.602311],[-122.700413,45.60229],[-122.700435,45.602256],[-122.700464,45.602242],[-122.700538,45.602246],[-122.70056,45.602262],[-122.700647,45.602391]]]}},{"type":"Feature","properties":{"k":"bunker"},"geometry":{"type":"Polygon","coordinates":[[[-122.697279,45.602398],[-122.697289,45.602427],[-122.697283,45.602442],[-122.697255,45.602459],[-122.697212,45.602464],[-122.697178,45.60245],[-122.697171,45.602403],[-122.697085,45.602384],[-122.697073,45.602362],[-122.697124,45.602319],[-122.697147,45.602317],[-122.697182,45.60233],[-122.697196,45.602359],[-122.697253,45.602378],[-122.697279,45.602398]]]}},{"type":"Feature","properties":{"k":"green"},"geometry":{"type":"Polygon","coordinates":[[[-122.696326,45.601929],[-122.696319,45.601948],[-122.696291,45.601965],[-122.69626,45.601969],[-122.696227,45.601966],[-122.696087,45.601929],[-122.696036,45.601892],[-122.696012,45.601841],[-122.696022,45.601792],[-122.696038,45.601771],[-122.696101,45.601751],[-122.696141,45.601753],[-122.696188,45.601771],[-122.696316,45.601883],[-122.696326,45.601929]]]}},{"type":"Feature","properties":{"k":"green"},"geometry":{"type":"Polygon","coordinates":[[[-122.700687,45.601262],[-122.700615,45.601425],[-122.70059,45.601436],[-122.70055,45.601437],[-122.700502,45.601419],[-122.700478,45.60139],[-122.700477,45.601376],[-122.700513,45.601314],[-122.70049,45.601209],[-122.70051,45.60118],[-122.700558,45.601164],[-122.700614,45.60117],[-122.700639,45.601181],[-122.700673,45.601219],[-122.700687,45.601262]]]}},{"type":"Feature","properties":{"k":"green"},"geometry":{"type":"Polygon","coordinates":[[[-122.702756,45.604204],[-122.702738,45.604254],[-122.702717,45.604272],[-122.702569,45.604333],[-122.702536,45.604339],[-122.702475,45.604336],[-122.702431,45.604311],[-122.702417,45.604292],[-122.702416,45.604256],[-122.702424,45.60424],[-122.702463,45.60421],[-122.702488,45.604118],[-122.702499,45.604105],[-122.702546,45.604086],[-122.702612,45.604092],[-122.702646,45.60412],[-122.702721,45.604146],[-122.702751,45.604178],[-122.702756,45.604204]]]}},{"type":"Feature","properties":{"k":"green"},"geometry":{"type":"Polygon","coordinates":[[[-122.703099,45.60041],[-122.703137,45.600352],[-122.703138,45.600332],[-122.703125,45.600313],[-122.703082,45.60029],[-122.703002,45.600293],[-122.702924,45.60033],[-122.702882,45.600369],[-122.702853,45.600431],[-122.702854,45.600463],[-122.702884,45.600478],[-122.702969,45.600469],[-122.703035,45.600503],[-122.703084,45.600504],[-122.703102,45.600492],[-122.703111,45.600471],[-122.703099,45.60041]]]}},{"type":"Feature","properties":{"k":"green"},"geometry":{"type":"Polygon","coordinates":[[[-122.705682,45.599433],[-122.705632,45.599381],[-122.705583,45.599361],[-122.705479,45.599348],[-122.705389,45.599366],[-122.705347,45.599396],[-122.705322,45.599438],[-122.705329,45.599602],[-122.705365,45.599616],[-122.705389,45.599613],[-122.705435,45.599582],[-122.705493,45.5995],[-122.705511,45.599487],[-122.705546,45.599472],[-122.705663,45.599475],[-122.705678,45.599462],[-122.705682,45.599433]]]}},{"type":"Feature","properties":{"k":"green"},"geometry":{"type":"Polygon","coordinates":[[[-122.711646,45.600809],[-122.711678,45.600828],[-122.711719,45.600877],[-122.711717,45.600922],[-122.711681,45.600939],[-122.711641,45.600937],[-122.711608,45.600919],[-122.711573,45.600863],[-122.711428,45.600819],[-122.711384,45.600788],[-122.711368,45.600769],[-122.711357,45.600718],[-122.711396,45.600656],[-122.711426,45.60064],[-122.711474,45.600631],[-122.711522,45.600641],[-122.711554,45.600684],[-122.71158,45.600769],[-122.711646,45.600809]]]}},{"type":"Feature","properties":{"k":"tee"},"geometry":{"type":"Polygon","coordinates":[[[-122.706001,45.599299],[-122.706022,45.599277],[-122.706013,45.599239],[-122.705964,45.599222],[-122.705914,45.599236],[-122.705893,45.599261],[-122.705907,45.599295],[-122.705955,45.599313],[-122.706001,45.599299]]]}},{"type":"Feature","properties":{"k":"bunker"},"geometry":{"type":"Polygon","coordinates":[[[-122.709342,45.599312],[-122.709302,45.599352],[-122.70928,45.599358],[-122.709256,45.599354],[-122.709219,45.599307],[-122.709149,45.599289],[-122.709136,45.599275],[-122.709142,45.599245],[-122.709158,45.599235],[-122.709208,45.599233],[-122.70923,45.599248],[-122.709248,45.599281],[-122.709267,45.599286],[-122.709337,45.599269],[-122.709354,45.599296],[-122.709342,45.599312]]]}},{"type":"Feature","properties":{"k":"bunker"},"geometry":{"type":"Polygon","coordinates":[[[-122.711531,45.597898],[-122.711532,45.597875],[-122.711515,45.597859],[-122.71147,45.59786],[-122.711452,45.597893],[-122.711463,45.597911],[-122.711491,45.597919],[-122.711531,45.597898]]]}},{"type":"Feature","properties":{"k":"green"},"geometry":{"type":"Polygon","coordinates":[[[-122.711469,45.597947],[-122.711518,45.597977],[-122.711527,45.598009],[-122.711502,45.598046],[-122.711461,45.598054],[-122.711407,45.598045],[-122.711347,45.598018],[-122.711234,45.598002],[-122.711199,45.597978],[-122.711178,45.597926],[-122.711197,45.597877],[-122.71123,45.597846],[-122.711273,45.597828],[-122.711317,45.597823],[-122.711364,45.597834],[-122.711408,45.597912],[-122.711469,45.597947]]]}},{"type":"Feature","properties":{"k":"tee"},"geometry":{"type":"Polygon","coordinates":[[[-122.70671,45.59779],[-122.706721,45.597769],[-122.706713,45.597741],[-122.706676,45.597726],[-122.706637,45.597736],[-122.706628,45.597765],[-122.706644,45.597785],[-122.706672,45.597796],[-122.70671,45.59779]]]}},{"type":"Feature","properties":{"k":"tee"},"geometry":{"type":"Polygon","coordinates":[[[-122.710686,45.597419],[-122.710625,45.597389],[-122.710568,45.597376],[-122.710533,45.597379],[-122.710529,45.597404],[-122.710586,45.59744],[-122.710669,45.59747],[-122.710708,45.59747],[-122.710726,45.597448],[-122.710686,45.597419]]]}},{"type":"Feature","properties":{"k":"green"},"geometry":{"type":"Polygon","coordinates":[[[-122.707097,45.597529],[-122.707061,45.597552],[-122.707016,45.597604],[-122.706966,45.597619],[-122.706941,45.597617],[-122.706916,45.597599],[-122.706902,45.597544],[-122.706824,45.597497],[-122.706813,45.597468],[-122.706848,45.597445],[-122.706973,45.597453],[-122.707076,45.597433],[-122.707124,45.597438],[-122.707145,45.59745],[-122.707154,45.597482],[-122.707097,45.597529]]]}},{"type":"Feature","properties":{"k":"green"},"geometry":{"type":"Polygon","coordinates":[[[-122.702028,45.600142],[-122.701978,45.60019],[-122.701979,45.600212],[-122.702012,45.600267],[-122.701996,45.600297],[-122.70195,45.600301],[-122.70189,45.600287],[-122.701838,45.600249],[-122.701827,45.600228],[-122.701844,45.600158],[-122.701839,45.600108],[-122.701847,45.600079],[-122.701867,45.600061],[-122.701912,45.600042],[-122.701943,45.600038],[-122.701996,45.600049],[-122.702041,45.600091],[-122.702042,45.600123],[-122.702028,45.600142]]]}},{"type":"Feature","properties":{"k":"green"},"geometry":{"type":"Polygon","coordinates":[[[-122.703782,45.603385],[-122.703812,45.603437],[-122.703819,45.60347],[-122.703813,45.603503],[-122.703767,45.603556],[-122.703735,45.603578],[-122.703691,45.6036],[-122.703658,45.603608],[-122.703634,45.603605],[-122.703578,45.603561],[-122.703516,45.603527],[-122.7035,45.603511],[-122.703501,45.603476],[-122.703532,45.603456],[-122.703605,45.603431],[-122.703694,45.603366],[-122.70374,45.603363],[-122.703766,45.603371],[-122.703782,45.603385]]]}},{"type":"Feature","properties":{"k":"green"},"geometry":{"type":"Polygon","coordinates":[[[-122.701157,45.607144],[-122.701204,45.607172],[-122.70121,45.607201],[-122.701201,45.607226],[-122.701154,45.607273],[-122.701081,45.607305],[-122.700999,45.607312],[-122.700958,45.607304],[-122.700891,45.607273],[-122.700866,45.607245],[-122.700848,45.607149],[-122.700871,45.6071],[-122.700919,45.607061],[-122.700976,45.60705],[-122.701003,45.607054],[-122.701034,45.607068],[-122.7011,45.607127],[-122.701157,45.607144]]]}},{"type":"Feature","properties":{"k":"green"},"geometry":{"type":"Polygon","coordinates":[[[-122.69656,45.605828],[-122.696597,45.60586],[-122.696599,45.605912],[-122.696548,45.605992],[-122.696531,45.60601],[-122.696508,45.60602],[-122.696456,45.60601],[-122.696393,45.605945],[-122.696296,45.605894],[-122.696276,45.605849],[-122.696309,45.605806],[-122.696375,45.605789],[-122.696458,45.605794],[-122.69656,45.605828]]]}},{"type":"Feature","properties":{"k":"green"},"geometry":{"type":"Polygon","coordinates":[[[-122.697176,45.604545],[-122.697184,45.604607],[-122.69717,45.604646],[-122.697148,45.604659],[-122.697118,45.604664],[-122.697089,45.604659],[-122.697048,45.604631],[-122.696998,45.604563],[-122.696877,45.604484],[-122.696865,45.604458],[-122.696884,45.604415],[-122.69695,45.604377],[-122.697011,45.604381],[-122.697037,45.604394],[-122.69715,45.604483],[-122.697172,45.604516],[-122.697176,45.604545]]]}},{"type":"Feature","properties":{"k":"green"},"geometry":{"type":"Polygon","coordinates":[[[-122.700489,45.606951],[-122.700439,45.60704],[-122.700395,45.60707],[-122.700276,45.607111],[-122.700246,45.607112],[-122.700203,45.607096],[-122.700189,45.607077],[-122.700191,45.607058],[-122.70023,45.606983],[-122.700214,45.606879],[-122.700231,45.606826],[-122.70026,45.606811],[-122.700296,45.606808],[-122.700377,45.60682],[-122.700451,45.606846],[-122.700472,45.60686],[-122.700489,45.606889],[-122.700489,45.606951]]]}},{"type":"Feature","properties":{"k":"fairway"},"geometry":{"type":"Polygon","coordinates":[[[-122.699642,45.606878],[-122.699578,45.60688],[-122.69929,45.606919],[-122.699086,45.60691],[-122.698983,45.606895],[-122.698675,45.606796],[-122.698576,45.606777],[-122.698334,45.606762],[-122.698177,45.606778],[-122.69811,45.606802],[-122.698067,45.60684],[-122.698046,45.606887],[-122.698037,45.606938],[-122.69807,45.606972],[-122.698138,45.607012],[-122.698222,45.607045],[-122.698317,45.607077],[-122.698761,45.60719],[-122.698899,45.607218],[-122.699047,45.607233],[-122.699177,45.607244],[-122.699311,45.607241],[-122.699571,45.607229],[-122.699664,45.607216],[-122.699748,45.607188],[-122.699811,45.607137],[-122.699845,45.607098],[-122.699865,45.607051],[-122.699856,45.606999],[-122.69983,45.60696],[-122.699783,45.606915],[-122.699723,45.60689],[-122.699642,45.606878]]]}},{"type":"Feature","properties":{"k":"green"},"geometry":{"type":"Polygon","coordinates":[[[-122.706058,45.606391],[-122.706011,45.606428],[-122.705977,45.606508],[-122.705961,45.606521],[-122.705911,45.606537],[-122.705874,45.606536],[-122.705836,45.60653],[-122.705777,45.606505],[-122.705751,45.606463],[-122.705759,45.606376],[-122.705729,45.606282],[-122.705741,45.606244],[-122.705759,45.606225],[-122.70579,45.606211],[-122.705863,45.606202],[-122.706051,45.606245],[-122.706078,45.60626],[-122.706103,45.606319],[-122.706103,45.606346],[-122.706088,45.606371],[-122.706058,45.606391]]]}},{"type":"Feature","properties":{"k":"green"},"geometry":{"type":"Polygon","coordinates":[[[-122.70419,45.608239],[-122.704144,45.608292],[-122.704116,45.608358],[-122.704097,45.608378],[-122.704034,45.608392],[-122.703949,45.608375],[-122.703904,45.608347],[-122.703874,45.608291],[-122.703882,45.608228],[-122.703875,45.608139],[-122.703882,45.60812],[-122.703918,45.608092],[-122.70396,45.608078],[-122.70404,45.608077],[-122.704069,45.608085],[-122.704095,45.608098],[-122.704126,45.608134],[-122.70419,45.608185],[-122.704201,45.608223],[-122.70419,45.608239]]]}},{"type":"Feature","properties":{"k":"bunker"},"geometry":{"type":"Polygon","coordinates":[[[-122.706528,45.608985],[-122.706496,45.60895],[-122.70646,45.608952],[-122.706456,45.608967],[-122.706476,45.608989],[-122.706515,45.608995],[-122.706528,45.608985]]]}},{"type":"Feature","properties":{"k":"green"},"geometry":{"type":"Polygon","coordinates":[[[-122.706825,45.608813],[-122.706861,45.608781],[-122.706865,45.608758],[-122.706846,45.608729],[-122.706789,45.60871],[-122.706744,45.608717],[-122.706719,45.608729],[-122.70667,45.608787],[-122.706552,45.608842],[-122.706539,45.608858],[-122.70654,45.608906],[-122.706565,45.608945],[-122.706644,45.608971],[-122.706695,45.608971],[-122.706737,45.608955],[-122.706766,45.608919],[-122.706789,45.608842],[-122.706825,45.608813]]]}},{"type":"Feature","properties":{"k":"green"},"geometry":{"type":"Polygon","coordinates":[[[-122.70967,45.606409],[-122.709713,45.606441],[-122.709722,45.60648],[-122.709694,45.606532],[-122.709658,45.606564],[-122.709593,45.6066],[-122.709539,45.606618],[-122.709478,45.606618],[-122.709412,45.606592],[-122.709365,45.60654],[-122.709368,45.606507],[-122.709392,45.606487],[-122.709531,45.606449],[-122.709597,45.606411],[-122.70963,45.606403],[-122.70967,45.606409]]]}},{"type":"Feature","properties":{"k":"green"},"geometry":{"type":"Polygon","coordinates":[[[-122.706437,45.605115],[-122.706442,45.605144],[-122.706496,45.605204],[-122.706505,45.605228],[-122.706483,45.605265],[-122.706425,45.605279],[-122.706384,45.605268],[-122.706306,45.605232],[-122.706228,45.605231],[-122.706196,45.605225],[-122.706176,45.605212],[-122.706136,45.605126],[-122.70611,45.605091],[-122.706112,45.605062],[-122.70614,45.605038],[-122.706207,45.605023],[-122.706289,45.605016],[-122.706323,45.60502],[-122.706359,45.605028],[-122.706407,45.605049],[-122.706434,45.605088],[-122.706437,45.605115]]]}},{"type":"Feature","properties":{"k":"green"},"geometry":{"type":"Polygon","coordinates":[[[-122.706603,45.599722],[-122.706661,45.599796],[-122.706659,45.599826],[-122.706627,45.599848],[-122.706529,45.59986],[-122.706288,45.599907],[-122.706237,45.599904],[-122.706204,45.599884],[-122.706194,45.599846],[-122.706204,45.599798],[-122.706222,45.59977],[-122.706257,45.599747],[-122.706415,45.599707],[-122.706461,45.599689],[-122.706519,45.599679],[-122.706565,45.599685],[-122.706603,45.599722]]]}},{"type":"Feature","properties":{"k":"green"},"geometry":{"type":"Polygon","coordinates":[[[-122.711187,45.60154],[-122.711166,45.601587],[-122.711113,45.60164],[-122.711055,45.601651],[-122.711019,45.601647],[-122.710999,45.601637],[-122.710989,45.601624],[-122.710978,45.601546],[-122.710932,45.60147],[-122.710917,45.601423],[-122.710922,45.601384],[-122.71097,45.601337],[-122.711006,45.601328],[-122.711076,45.601337],[-122.71115,45.601377],[-122.711183,45.601472],[-122.711187,45.60154]]]}},{"type":"Feature","properties":{"k":"green"},"geometry":{"type":"Polygon","coordinates":[[[-122.707017,45.600944],[-122.706916,45.600988],[-122.706866,45.601039],[-122.706843,45.601049],[-122.706785,45.601044],[-122.706763,45.601034],[-122.706726,45.600996],[-122.706653,45.600905],[-122.706645,45.600887],[-122.706652,45.600845],[-122.706776,45.600766],[-122.706854,45.600765],[-122.706895,45.600775],[-122.706966,45.600819],[-122.707033,45.600886],[-122.707033,45.600929],[-122.707017,45.600944]]]}},{"type":"Feature","properties":{"k":"fairway"},"geometry":{"type":"Polygon","coordinates":[[[-122.710433,45.602574],[-122.71019,45.602464],[-122.709861,45.602268],[-122.709655,45.60212],[-122.709322,45.601905],[-122.709168,45.601835],[-122.708948,45.601755],[-122.70866,45.601679],[-122.708242,45.601602],[-122.708151,45.601607],[-122.708083,45.601633],[-122.708039,45.601685],[-122.708027,45.601726],[-122.708051,45.601783],[-122.708111,45.601827],[-122.708184,45.60186],[-122.708275,45.60188],[-122.708618,45.601897],[-122.70871,45.601922],[-122.70877,45.60197],[-122.708814,45.60205],[-122.708873,45.602109],[-122.709492,45.602473],[-122.709834,45.602729],[-122.709986,45.602792],[-122.710149,45.602812],[-122.710307,45.602818],[-122.7104,45.602812],[-122.710487,45.602793],[-122.710541,45.602755],[-122.710556,45.60271],[-122.710542,45.60266],[-122.7105,45.602615],[-122.710433,45.602574]]]}},{"type":"Feature","properties":{"k":"green"},"geometry":{"type":"Polygon","coordinates":[[[-122.711009,45.60332],[-122.711037,45.603356],[-122.711044,45.603401],[-122.711022,45.603434],[-122.710987,45.603452],[-122.710958,45.603455],[-122.710928,45.603448],[-122.710847,45.6034],[-122.710696,45.603374],[-122.710659,45.603348],[-122.71065,45.603311],[-122.710677,45.60319],[-122.710691,45.603174],[-122.710731,45.603159],[-122.710791,45.603168],[-122.710848,45.603219],[-122.711009,45.60332]]]}},{"type":"Feature","properties":{"k":"green"},"geometry":{"type":"Polygon","coordinates":[[[-122.709416,45.603236],[-122.709465,45.603245],[-122.709477,45.603257],[-122.709481,45.603288],[-122.709472,45.603304],[-122.709452,45.603315],[-122.7094,45.603318],[-122.709334,45.60331],[-122.709285,45.603321],[-122.709204,45.603388],[-122.709152,45.603402],[-122.709095,45.603396],[-122.709056,45.603372],[-122.709048,45.603335],[-122.709058,45.603313],[-122.709095,45.603284],[-122.709151,45.603265],[-122.709192,45.60324],[-122.709205,45.603159],[-122.709229,45.603139],[-122.709274,45.603144],[-122.709332,45.603219],[-122.709383,45.603236],[-122.709416,45.603236]]]}},{"type":"Feature","properties":{"k":"green"},"geometry":{"type":"Polygon","coordinates":[[[-122.707797,45.603796],[-122.707813,45.603825],[-122.707802,45.60385],[-122.707782,45.60386],[-122.707608,45.603875],[-122.707585,45.603891],[-122.707559,45.603963],[-122.707502,45.603999],[-122.70742,45.604013],[-122.707397,45.604008],[-122.707362,45.603983],[-122.707349,45.603945],[-122.707352,45.603854],[-122.707388,45.603822],[-122.707495,45.603798],[-122.707639,45.603743],[-122.707686,45.603734],[-122.707745,45.603751],[-122.707797,45.603796]]]}},{"type":"Feature","properties":{"k":"green"},"geometry":{"type":"Polygon","coordinates":[[[-122.71119,45.605154],[-122.711189,45.6052],[-122.711156,45.605244],[-122.711089,45.605275],[-122.711006,45.605289],[-122.71095,45.605281],[-122.710909,45.60526],[-122.710832,45.605184],[-122.710819,45.605147],[-122.710838,45.605116],[-122.710883,45.605104],[-122.710971,45.605119],[-122.711099,45.605108],[-122.711173,45.605129],[-122.71119,45.605154]]]}},{"type":"Feature","properties":{"k":"green"},"geometry":{"type":"Polygon","coordinates":[[[-122.706913,45.604756],[-122.706895,45.604788],[-122.706855,45.604798],[-122.706749,45.604795],[-122.706669,45.604806],[-122.706581,45.60479],[-122.706534,45.604749],[-122.706516,45.60472],[-122.706502,45.604639],[-122.706526,45.604593],[-122.706592,45.604528],[-122.706634,45.604506],[-122.706684,45.604499],[-122.706715,45.604503],[-122.706761,45.604527],[-122.706782,45.604639],[-122.706798,45.604656],[-122.706888,45.604704],[-122.706913,45.604756]]]}},{"type":"Feature","properties":{"k":"tee"},"geometry":{"type":"Polygon","coordinates":[[[-122.693993,45.603282],[-122.693977,45.603275],[-122.693929,45.603278],[-122.693917,45.603302],[-122.693934,45.603323],[-122.693952,45.603329],[-122.693989,45.603322],[-122.694001,45.603296],[-122.693993,45.603282]]]}},{"type":"Feature","properties":{"k":"tee"},"geometry":{"type":"Polygon","coordinates":[[[-122.70334,45.604298],[-122.703313,45.604309],[-122.703281,45.604309],[-122.703258,45.604301],[-122.703245,45.604283],[-122.703259,45.604238],[-122.703288,45.604218],[-122.703317,45.604217],[-122.703357,45.604247],[-122.70336,45.604273],[-122.70334,45.604298]]]}}]}