{"type":"FeatureCollection","features":[{"type":"Feature","properties":{"k":"hole","ref":"1","par":5},"geometry":{"type":"LineString","coordinates":[[-116.328732,33.726025],[-116.326067,33.725619],[-116.324612,33.72513],[-116.323596,33.724764]]}},{"type":"Feature","properties":{"k":"hole","ref":"1","par":4},"geometry":{"type":"LineString","coordinates":[[-116.329412,33.726745],[-116.327425,33.727815],[-116.32624,33.727952]]}},{"type":"Feature","properties":{"k":"hole","ref":"2","par":4},"geometry":{"type":"LineString","coordinates":[[-116.328126,33.727001],[-116.324967,33.727655],[-116.324197,33.727727]]}},{"type":"Feature","properties":{"k":"hole","ref":"3","par":4},"geometry":{"type":"LineString","coordinates":[[-116.323829,33.728216],[-116.326578,33.728425],[-116.32773,33.728442]]}},{"type":"Feature","properties":{"k":"hole","ref":"4","par":5},"geometry":{"type":"LineString","coordinates":[[-116.328149,33.727838],[-116.330499,33.727456],[-116.332965,33.727586]]}},{"type":"Feature","properties":{"k":"hole","ref":"5","par":4},"geometry":{"type":"LineString","coordinates":[[-116.334098,33.727956],[-116.331087,33.727955],[-116.32941,33.728099]]}},{"type":"Feature","properties":{"k":"hole","ref":"6","par":3},"geometry":{"type":"LineString","coordinates":[[-116.328437,33.728423],[-116.330422,33.728443],[-116.330749,33.728418]]}},{"type":"Feature","properties":{"k":"hole","ref":"7","par":4},"geometry":{"type":"LineString","coordinates":[[-116.331845,33.728618],[-116.334739,33.728356],[-116.336123,33.728548]]}},{"type":"Feature","properties":{"k":"hole","ref":"8","par":4},"geometry":{"type":"LineString","coordinates":[[-116.336977,33.728293],[-116.334731,33.727845],[-116.333905,33.727538]]}},{"type":"Feature","properties":{"k":"hole","ref":"9","par":4},"geometry":{"type":"LineString","coordinates":[[-116.333728,33.72728],[-116.33077,33.726705],[-116.329577,33.726274]]}},{"type":"Feature","properties":{"k":"hole","ref":"10","par":4},"geometry":{"type":"LineString","coordinates":[[-116.329109,33.724734],[-116.332472,33.725517],[-116.333608,33.725766]]}},{"type":"Feature","properties":{"k":"hole","ref":"11","par":4},"geometry":{"type":"LineString","coordinates":[[-116.334053,33.725794],[-116.336391,33.726448],[-116.337428,33.726794]]}},{"type":"Feature","properties":{"k":"hole","ref":"12","par":4},"geometry":{"type":"LineString","coordinates":[[-116.337827,33.726505],[-116.338153,33.725147],[-116.33819,33.724422]]}},{"type":"Feature","properties":{"k":"hole","ref":"13","par":4},"geometry":{"type":"LineString","coordinates":[[-116.337442,33.723635],[-116.337352,33.725623],[-116.337503,33.726321]]}},{"type":"Feature","properties":{"k":"hole","ref":"14","par":5},"geometry":{"type":"LineString","coordinates":[[-116.336683,33.726195],[-116.336983,33.724053],[-116.337163,33.722141]]}},{"type":"Feature","properties":{"k":"hole","ref":"15","par":4},"geometry":{"type":"LineString","coordinates":[[-116.336342,33.721935],[-116.336141,33.724139],[-116.336176,33.725777]]}},{"type":"Feature","properties":{"k":"hole","ref":"16","par":3},"geometry":{"type":"LineString","coordinates":[[-116.335723,33.72589],[-116.33541,33.72466],[-116.335459,33.724442]]}},{"type":"Feature","properties":{"k":"hole","ref":"17","par":4},"geometry":{"type":"LineString","coordinates":[[-116.334625,33.725564],[-116.334948,33.723007],[-116.335532,33.722129]]}},{"type":"Feature","properties":{"k":"hole","ref":"18","par":4},"geometry":{"type":"LineString","coordinates":[[-116.333458,33.721856],[-116.330833,33.722307],[-116.330415,33.723235]]}},{"type":"Feature","properties":{"k":"water"},"geometry":{"type":"Polygon","coordinates":[[[-116.324468,33.722027],[-116.324455,33.722028],[-116.324465,33.722145],[-116.324601,33.722136],[-116.324611,33.722243],[-116.325051,33.722357],[-116.325098,33.722218],[-116.325388,33.722296],[-116.325411,33.722226],[-116.325536,33.722258],[-116.325524,33.722296],[-116.325543,33.722302],[-116.325594,33.722276],[-116.325634,33.722284],[-116.325659,33.722305],[-116.325676,33.722337],[-116.325694,33.72234],[-116.325712,33.722302],[-116.325829,33.722333],[-116.325822,33.722365],[-116.325861,33.722375],[-116.325883,33.722402],[-116.326203,33.722484],[-116.326175,33.722575],[-116.326248,33.722596],[-116.326263,33.722571],[-116.326636,33.722667],[-116.326627,33.722693],[-116.326714,33.722715],[-116.326746,33.72262],[-116.327024,33.722693],[-116.327072,33.722582],[-116.327089,33.722586],[-116.327089,33.722559],[-116.327052,33.722545],[-116.327052,33.722527],[-116.326976,33.722534],[-116.326911,33.722482],[-116.326803,33.722469],[-116.326757,33.722439],[-116.326726,33.72243],[-116.326694,33.722394],[-116.326675,33.722389],[-116.326594,33.722407],[-116.326425,33.722316],[-116.326245,33.722296],[-116.32611,33.722265],[-116.326009,33.722195],[-116.325945,33.722168],[-116.325904,33.722096],[-116.325847,33.722061],[-116.325594,33.722017],[-116.325341,33.722048],[-116.325321,33.722066],[-116.325274,33.722083],[-116.32508,33.722089],[-116.324958,33.722062],[-116.324897,33.722031],[-116.324788,33.721997],[-116.324762,33.721995],[-116.324728,33.722006],[-116.324558,33.722011],[-116.324468,33.722027]]]}},{"type":"Feature","properties":{"k":"water"},"geometry":{"type":"Polygon","coordinates":[[[-116.333869,33.722722],[-116.333816,33.72272],[-116.333754,33.722736],[-116.333714,33.722765],[-116.333614,33.722769],[-116.333582,33.722816],[-116.333579,33.722863],[-116.333633,33.722977],[-116.333684,33.723015],[-116.333783,33.722974],[-116.333821,33.723039],[-116.333703,33.723084],[-116.333797,33.723251],[-116.333802,33.723291],[-116.333791,33.723325],[-116.33374,33.723351],[-116.333633,33.723369],[-116.333596,33.72341],[-116.333539,33.723427],[-116.333494,33.723467],[-116.333445,33.723485],[-116.333327,33.723474],[-116.333201,33.723521],[-116.333172,33.723519],[-116.333161,33.723546],[-116.333118,33.723581],[-116.333086,33.723646],[-116.333075,33.723715],[-116.333081,33.723811],[-116.333046,33.723827],[-116.332965,33.723827],[-116.332914,33.723813],[-116.332887,33.723793],[-116.332869,33.723827],[-116.332826,33.723842],[-116.332815,33.723876],[-116.332842,33.723907],[-116.33288,33.723918],[-116.332917,33.723882],[-116.333027,33.723885],[-116.333049,33.723903],[-116.333049,33.723945],[-116.333022,33.723969],[-116.333003,33.724012],[-116.333032,33.724039],[-116.333183,33.723992],[-116.333223,33.723909],[-116.333223,33.72388],[-116.333239,33.723849],[-116.333212,33.723827],[-116.333169,33.72382],[-116.333142,33.7238],[-116.333142,33.723688],[-116.333153,33.723639],[-116.333185,33.723626],[-116.333285,33.723608],[-116.333317,33.723606],[-116.333346,33.723617],[-116.33344,33.723572],[-116.333483,33.72357],[-116.333558,33.723619],[-116.333574,33.723653],[-116.333547,33.723679],[-116.333566,33.723708],[-116.333668,33.723708],[-116.333714,33.723682],[-116.333767,33.723679],[-116.33381,33.723657],[-116.333877,33.723608],[-116.333917,33.723554],[-116.333893,33.723389],[-116.333915,33.723363],[-116.333928,33.723305],[-116.333928,33.723249],[-116.333896,33.723166],[-116.333856,33.723155],[-116.333832,33.723135],[-116.33384,33.723099],[-116.333912,33.722994],[-116.333934,33.722941],[-116.333917,33.722818],[-116.333899,33.722763],[-116.333869,33.722722]]]}},{"type":"Feature","properties":{"k":"clubhouse","name":"IW Club"},"geometry":{"type":"Polygon","coordinates":[[[-116.329929,33.724688],[-116.329867,33.724661],[-116.329857,33.72469],[-116.329548,33.724598],[-116.329481,33.724619],[-116.329406,33.724621],[-116.32932,33.724603],[-116.329234,33.724552],[-116.329189,33.724496],[-116.329175,33.724449],[-116.329133,33.724447],[-116.328982,33.72446],[-116.328969,33.724362],[-116.328902,33.724362],[-116.328899,33.724313],[-116.328851,33.724311],[-116.32884,33.724188],[-116.329135,33.724148],[-116.329146,33.724262],[-116.329253,33.724291],[-116.329261,33.724268],[-116.32947,33.724172],[-116.329559,33.724201],[-116.329629,33.724311],[-116.329819,33.724286],[-116.329883,33.724284],[-116.329932,33.7243],[-116.329889,33.724413],[-116.329959,33.724436],[-116.329894,33.724607],[-116.329959,33.724627],[-116.329929,33.724688]]]}},{"type":"Feature","properties":{"k":"path"},"geometry":{"type":"LineString","coordinates":[[-116.335096,33.724974],[-116.335075,33.724997],[-116.335044,33.725063],[-116.334974,33.725151],[-116.334892,33.725216],[-116.334837,33.725237],[-116.334794,33.725238],[-116.334767,33.725218],[-116.334789,33.725054],[-116.334779,33.725001],[-116.334697,33.724871],[-116.334681,33.724748],[-116.334563,33.724576],[-116.334496,33.724462],[-116.334486,33.724384],[-116.334486,33.724301],[-116.33451,33.724167],[-116.334506,33.724031],[-116.334549,33.723886],[-116.334567,33.72379],[-116.334592,33.72343],[-116.334581,33.72338],[-116.334498,33.723169],[-116.334502,33.723122],[-116.334516,33.723074],[-116.334562,33.722991],[-116.33464,33.722886],[-116.33465,33.722853],[-116.334645,33.722712],[-116.334652,33.722651],[-116.334714,33.722381],[-116.334749,33.722312],[-116.33488,33.722214],[-116.335129,33.722124],[-116.335161,33.722098],[-116.335171,33.722054],[-116.335165,33.722016],[-116.335146,33.721975],[-116.335092,33.721941],[-116.334987,33.721938],[-116.334838,33.721957],[-116.334678,33.721957],[-116.334544,33.721939],[-116.334341,33.721854],[-116.334222,33.721825],[-116.333755,33.721811],[-116.333715,33.721827],[-116.333701,33.721865],[-116.333713,33.72199],[-116.33369,33.722063],[-116.333637,33.722107],[-116.333588,33.722116],[-116.333547,33.722096],[-116.333439,33.721997],[-116.333379,33.721958],[-116.333273,33.721933],[-116.333005,33.721929],[-116.332943,33.721905],[-116.332874,33.721802],[-116.332801,33.721777],[-116.332036,33.721804],[-116.331902,33.721881],[-116.331837,33.721899],[-116.33163,33.721873],[-116.331544,33.72188],[-116.331403,33.721917],[-116.331187,33.721931],[-116.331083,33.721917],[-116.331008,33.721916],[-116.330831,33.721956],[-116.330718,33.721966],[-116.330654,33.722003],[-116.33056,33.722079],[-116.33042,33.72217],[-116.330397,33.722214],[-116.330405,33.722285],[-116.330435,33.722381],[-116.330428,33.722432],[-116.330407,33.722472],[-116.330356,33.722533],[-116.330334,33.722576],[-116.330357,33.722681],[-116.330354,33.722764]]}},{"type":"Feature","properties":{"k":"water"},"geometry":{"type":"Polygon","coordinates":[[[-116.331265,33.722578],[-116.331227,33.722537],[-116.331155,33.72252],[-116.331093,33.722537],[-116.331023,33.722578],[-116.330976,33.722575],[-116.330945,33.722626],[-116.330924,33.722677],[-116.330933,33.722788],[-116.330885,33.722825],[-116.330806,33.722837],[-116.330743,33.722825],[-116.330719,33.722769],[-116.330731,33.722707],[-116.330716,33.722653],[-116.33068,33.722622],[-116.33064,33.722641],[-116.330587,33.722687],[-116.330535,33.722709],[-116.330464,33.722758],[-116.330409,33.722757],[-116.330378,33.722771],[-116.330263,33.722772],[-116.330225,33.722787],[-116.330232,33.722817],[-116.330271,33.722828],[-116.33032,33.722827],[-116.330427,33.722796],[-116.330484,33.722794],[-116.330554,33.722758],[-116.3306,33.722748],[-116.330634,33.722713],[-116.330668,33.722695],[-116.330685,33.722722],[-116.330657,33.72282],[-116.330624,33.722855],[-116.330575,33.722926],[-116.330567,33.722993],[-116.330578,33.723045],[-116.330629,33.723118],[-116.330578,33.723136],[-116.330563,33.723154],[-116.330573,33.723186],[-116.330613,33.723222],[-116.330624,33.723251],[-116.330579,33.7233],[-116.330583,33.723334],[-116.330649,33.723374],[-116.330645,33.723444],[-116.330679,33.723472],[-116.33074,33.723486],[-116.330791,33.72347],[-116.330829,33.723446],[-116.330832,33.723393],[-116.330748,33.723345],[-116.330718,33.723344],[-116.330703,33.723327],[-116.33073,33.723324],[-116.330756,33.723305],[-116.330746,33.723282],[-116.330714,33.723273],[-116.33068,33.723222],[-116.330732,33.723219],[-116.33076,33.723203],[-116.330755,33.723186],[-116.330681,33.723164],[-116.330658,33.723142],[-116.330683,33.723122],[-116.33072,33.723129],[-116.330819,33.723206],[-116.33088,33.723223],[-116.330917,33.723258],[-116.330967,33.723268],[-116.331007,33.723263],[-116.331038,33.722901],[-116.331014,33.7228],[-116.331025,33.722745],[-116.331094,33.722695],[-116.331135,33.722693],[-116.331167,33.722679],[-116.331239,33.722668],[-116.331266,33.722624],[-116.331265,33.722578]]]}},{"type":"Feature","properties":{"k":"path"},"geometry":{"type":"LineString","coordinates":[[-116.330349,33.722827],[-116.330321,33.722901],[-116.330296,33.72293],[-116.330258,33.722959],[-116.330194,33.722975],[-116.33015,33.722996],[-116.330137,33.723019],[-116.330122,33.723136],[-116.330103,33.723182],[-116.330051,33.723211],[-116.329739,33.723253],[-116.329706,33.723268],[-116.329716,33.723443],[-116.329682,33.723481],[-116.32946,33.723601],[-116.329371,33.723684],[-116.32924,33.723717],[-116.329063,33.723742],[-116.328593,33.723766],[-116.328686,33.724457],[-116.328744,33.724503],[-116.328998,33.724601],[-116.329315,33.724705],[-116.329371,33.72477],[-116.329376,33.724857],[-116.329368,33.724906]]}},{"type":"Feature","properties":{"k":"stream"},"geometry":{"type":"LineString","coordinates":[[-116.341424,33.728764],[-116.336025,33.727162],[-116.333349,33.726377],[-116.322248,33.723816],[-116.317362,33.722656]]}},{"type":"Feature","properties":{"k":"tee"},"geometry":{"type":"Polygon","coordinates":[[[-116.328772,33.726057],[-116.328784,33.726007],[-116.328683,33.72599],[-116.328671,33.72604],[-116.328772,33.726057]]]}},{"type":"Feature","properties":{"k":"green"},"geometry":{"type":"Polygon","coordinates":[[[-116.323755,33.724784],[-116.323729,33.724746],[-116.323647,33.724729],[-116.323548,33.724674],[-116.323487,33.72468],[-116.323463,33.724695],[-116.323451,33.724717],[-116.323452,33.724747],[-116.323477,33.724779],[-116.323534,33.724809],[-116.323623,33.724835],[-116.323666,33.72484],[-116.323721,33.724834],[-116.32375,33.724812],[-116.323755,33.724784]]]}},{"type":"Feature","properties":{"k":"bunker"},"geometry":{"type":"Polygon","coordinates":[[[-116.325191,33.72542],[-116.325181,33.725439],[-116.325189,33.725453],[-116.325204,33.725461],[-116.325276,33.725469],[-116.325296,33.725454],[-116.325296,33.725436],[-116.32527,33.725409],[-116.325222,33.725398],[-116.325191,33.72542]]]}},{"type":"Feature","properties":{"k":"bunker"},"geometry":{"type":"Polygon","coordinates":[[[-116.326169,33.725398],[-116.326186,33.725414],[-116.326175,33.725429],[-116.32611,33.725463],[-116.326088,33.725462],[-116.326072,33.725445],[-116.32605,33.725436],[-116.326042,33.725416],[-116.326057,33.725392],[-116.325997,33.725372],[-116.325981,33.725349],[-116.325993,33.725336],[-116.326017,33.725332],[-116.326108,33.725346],[-116.326133,33.725364],[-116.326141,33.725382],[-116.326169,33.725398]]]}},{"type":"Feature","properties":{"k":"bunker"},"geometry":{"type":"Polygon","coordinates":[[[-116.323894,33.724783],[-116.323823,33.724794],[-116.323805,33.724775],[-116.323798,33.724736],[-116.323788,33.724729],[-116.323675,33.724716],[-116.323661,33.724709],[-116.323653,33.724685],[-116.323677,33.72467],[-116.32376,33.724671],[-116.323817,33.724685],[-116.32388,33.724717],[-116.323907,33.724743],[-116.323912,33.724767],[-116.323894,33.724783]]]}},{"type":"Feature","properties":{"k":"bunker"},"geometry":{"type":"Polygon","coordinates":[[[-116.325605,33.725638],[-116.325592,33.725672],[-116.325616,33.725697],[-116.325646,33.725703],[-116.325633,33.725722],[-116.325642,33.725747],[-116.325658,33.725755],[-116.325757,33.725749],[-116.325783,33.725733],[-116.325793,33.725707],[-116.325791,33.725673],[-116.325776,33.725648],[-116.325725,33.725618],[-116.325728,33.725564],[-116.325708,33.725532],[-116.325678,33.72551],[-116.325655,33.725507],[-116.325576,33.725523],[-116.325575,33.72555],[-116.325612,33.725575],[-116.325632,33.725604],[-116.325625,33.725625],[-116.325605,33.725638]]]}},{"type":"Feature","properties":{"k":"path"},"geometry":{"type":"LineString","coordinates":[[-116.315968,33.723655],[-116.316191,33.72368],[-116.316269,33.723701],[-116.316319,33.723736],[-116.316364,33.723795],[-116.316399,33.723905],[-116.316405,33.723982]]}},{"type":"Feature","properties":{"k":"path"},"geometry":{"type":"LineString","coordinates":[[-116.316413,33.724227],[-116.316438,33.724128],[-116.316405,33.723982],[-116.316479,33.723944],[-116.31674,33.723959],[-116.31684,33.723985]]}},{"type":"Feature","properties":{"k":"path"},"geometry":{"type":"LineString","coordinates":[[-116.316399,33.723905],[-116.316479,33.723944]]}},{"type":"Feature","properties":{"k":"green"},"geometry":{"type":"Polygon","coordinates":[[[-116.338269,33.724346],[-116.33824,33.724325],[-116.338195,33.724325],[-116.338139,33.724355],[-116.338097,33.724403],[-116.338089,33.724426],[-116.338091,33.72448],[-116.338103,33.724505],[-116.338145,33.724539],[-116.338178,33.724543],[-116.338212,33.724537],[-116.338251,33.724505],[-116.338271,33.724464],[-116.338284,33.724406],[-116.338284,33.724379],[-116.338269,33.724346]]]}},{"type":"Feature","properties":{"k":"bunker"},"geometry":{"type":"Polygon","coordinates":[[[-116.338048,33.724342],[-116.338031,33.724324],[-116.337998,33.724328],[-116.337973,33.724348],[-116.337969,33.72437],[-116.337983,33.724381],[-116.33801,33.72438],[-116.338038,33.724368],[-116.338048,33.724342]]]}},{"type":"Feature","properties":{"k":"bunker"},"geometry":{"type":"Polygon","coordinates":[[[-116.337988,33.724617],[-116.338004,33.724594],[-116.337996,33.724545],[-116.338003,33.724511],[-116.337993,33.724496],[-116.337973,33.724486],[-116.337944,33.724486],[-116.337925,33.724495],[-116.337913,33.724526],[-116.337933,33.724562],[-116.33792,33.724589],[-116.337928,33.724602],[-116.337923,33.724624],[-116.337905,33.724617],[-116.337899,33.7246],[-116.337878,33.724595],[-116.33786,33.724602],[-116.337852,33.724632],[-116.337863,33.724667],[-116.337877,33.724679],[-116.337949,33.724684],[-116.337971,33.724673],[-116.337981,33.724657],[-116.337979,33.724627],[-116.337988,33.724617]]]}},{"type":"Feature","properties":{"k":"bunker"},"geometry":{"type":"Polygon","coordinates":[[[-116.338202,33.724994],[-116.338183,33.724966],[-116.338177,33.724914],[-116.338159,33.724905],[-116.338138,33.72491],[-116.338108,33.72494],[-116.338145,33.725024],[-116.338158,33.725031],[-116.3382,33.725026],[-116.338208,33.725015],[-116.338202,33.724994]]]}},{"type":"Feature","properties":{"k":"bunker"},"geometry":{"type":"Polygon","coordinates":[[[-116.338386,33.725095],[-116.338381,33.725071],[-116.338388,33.725045],[-116.33838,33.725032],[-116.338361,33.725027],[-116.338332,33.725045],[-116.33833,33.725071],[-116.338316,33.725088],[-116.338298,33.725096],[-116.338294,33.72509],[-116.33832,33.725069],[-116.338297,33.725056],[-116.338271,33.725064],[-116.338255,33.725092],[-116.338278,33.725136],[-116.3383,33.725155],[-116.338319,33.725159],[-116.338355,33.725147],[-116.338364,33.725129],[-116.33835,33.725106],[-116.338373,33.725114],[-116.338383,33.725109],[-116.338386,33.725095]]]}},{"type":"Feature","properties":{"k":"bunker"},"geometry":{"type":"Polygon","coordinates":[[[-116.337998,33.725349],[-116.338015,33.725342],[-116.338009,33.725304],[-116.337988,33.72529],[-116.337959,33.725296],[-116.337943,33.725331],[-116.337961,33.725366],[-116.337962,33.72539],[-116.337977,33.725407],[-116.338041,33.725394],[-116.338054,33.725381],[-116.338054,33.725349],[-116.338047,33.725338],[-116.338032,33.725335],[-116.338011,33.72536],[-116.337996,33.725354],[-116.337998,33.725349]]]}},{"type":"Feature","properties":{"k":"tee"},"geometry":{"type":"Polygon","coordinates":[[[-116.337855,33.726521],[-116.337862,33.726495],[-116.337854,33.72648],[-116.337834,33.726472],[-116.337811,33.726471],[-116.337798,33.726479],[-116.337788,33.726506],[-116.337801,33.726525],[-116.337833,33.726532],[-116.337855,33.726521]]]}},{"type":"Feature","properties":{"k":"tee"},"geometry":{"type":"Polygon","coordinates":[[[-116.337878,33.726394],[-116.337847,33.726391],[-116.337817,33.726407],[-116.33781,33.726434],[-116.337835,33.726461],[-116.337868,33.726466],[-116.337899,33.726455],[-116.337907,33.726428],[-116.337896,33.726407],[-116.337878,33.726394]]]}},{"type":"Feature","properties":{"k":"tee"},"geometry":{"type":"Polygon","coordinates":[[[-116.337935,33.726296],[-116.337903,33.726281],[-116.337857,33.72629],[-116.33784,33.726316],[-116.337849,33.726343],[-116.337877,33.726359],[-116.33793,33.726347],[-116.337942,33.726322],[-116.337935,33.726296]]]}},{"type":"Feature","properties":{"k":"tee"},"geometry":{"type":"Polygon","coordinates":[[[-116.338045,33.726139],[-116.338031,33.726132],[-116.337985,33.726137],[-116.337969,33.726163],[-116.337984,33.726192],[-116.338014,33.726199],[-116.338042,33.726186],[-116.338053,33.726165],[-116.338045,33.726139]]]}},{"type":"Feature","properties":{"k":"rough"},"geometry":{"type":"Polygon","coordinates":[[[-116.337795,33.725978],[-116.337756,33.725983],[-116.337659,33.725961],[-116.337632,33.72605],[-116.337637,33.726103],[-116.337686,33.72621],[-116.337709,33.726296],[-116.337743,33.726304],[-116.337781,33.726341],[-116.337792,33.726382],[-116.337769,33.726478],[-116.337776,33.726517],[-116.337795,33.726538],[-116.337844,33.726546],[-116.337873,33.726526],[-116.337884,33.7265],[-116.337913,33.726483],[-116.337944,33.726484],[-116.337965,33.726447],[-116.33808,33.726348],[-116.338102,33.726304],[-116.338115,33.726255],[-116.338093,33.726138],[-116.338102,33.726026],[-116.338203,33.725841],[-116.338171,33.725775],[-116.338171,33.725724],[-116.338198,33.725684],[-116.33827,33.72565],[-116.338277,33.725595],[-116.338297,33.72554],[-116.338371,33.725383],[-116.338386,33.725213],[-116.33843,33.725065],[-116.338431,33.725008],[-116.338363,33.724807],[-116.338344,33.724702],[-116.338343,33.724634],[-116.338389,33.724457],[-116.338397,33.724395],[-116.338389,33.724337],[-116.338379,33.724298],[-116.338343,33.72425],[-116.338274,33.724231],[-116.338203,33.724223],[-116.338137,33.724242],[-116.338037,33.724292],[-116.337918,33.724373],[-116.337883,33.724411],[-116.337836,33.724419],[-116.337805,33.72444],[-116.33779,33.724493],[-116.33779,33.724577],[-116.337771,33.724659],[-116.337812,33.724668],[-116.337868,33.724704],[-116.337899,33.724739],[-116.3379,33.724788],[-116.337888,33.724814],[-116.337853,33.724847],[-116.337794,33.724851],[-116.337772,33.724864],[-116.33781,33.724952],[-116.337824,33.725047],[-116.337851,33.725066],[-116.337879,33.725044],[-116.337921,33.725031],[-116.33797,33.725046],[-116.337994,33.725095],[-116.337954,33.725219],[-116.337901,33.725301],[-116.337893,33.72534],[-116.337903,33.725416],[-116.337895,33.725463],[-116.337859,33.725524],[-116.337845,33.725569],[-116.337896,33.725796],[-116.337897,33.725865],[-116.337879,33.725911],[-116.337854,33.725942],[-116.337795,33.725978]]]}},{"type":"Feature","properties":{"k":"water"},"geometry":{"type":"Polygon","coordinates":[[[-116.337568,33.724849],[-116.337593,33.724815],[-116.337556,33.724692],[-116.337543,33.724607],[-116.337568,33.724502],[-116.33757,33.724421],[-116.337556,33.724359],[-116.337519,33.724317],[-116.337459,33.724285],[-116.337388,33.724281],[-116.337344,33.724305],[-116.33731,33.724362],[-116.337295,33.724431],[-116.337307,33.724652],[-116.337293,33.724704],[-116.337257,33.724742],[-116.33718,33.724799],[-116.33716,33.724825],[-116.337146,33.724861],[-116.33714,33.72495],[-116.337117,33.724992],[-116.337084,33.725027],[-116.337008,33.725077],[-116.336886,33.725134],[-116.336837,33.725167],[-116.336798,33.725211],[-116.336782,33.725272],[-116.336802,33.725321],[-116.336838,33.725363],[-116.336871,33.725386],[-116.336977,33.725417],[-116.337022,33.725413],[-116.337058,33.72539],[-116.337091,33.72536],[-116.337108,33.72533],[-116.337163,33.725198],[-116.337202,33.725162],[-116.337309,33.725103],[-116.337346,33.725069],[-116.337379,33.725019],[-116.337397,33.724966],[-116.337439,33.72493],[-116.337568,33.724849]]]}},{"type":"Feature","properties":{"k":"tee"},"geometry":{"type":"Polygon","coordinates":[[[-116.337501,33.723686],[-116.337499,33.723631],[-116.337486,33.723604],[-116.33746,33.723582],[-116.337429,33.723587],[-116.337407,33.723609],[-116.337392,33.723642],[-116.337403,33.723703],[-116.337421,33.72372],[-116.337456,33.723726],[-116.337483,33.723719],[-116.337501,33.723686]]]}},{"type":"Feature","properties":{"k":"tee"},"geometry":{"type":"Polygon","coordinates":[[[-116.337535,33.724048],[-116.337488,33.724008],[-116.337459,33.723994],[-116.337426,33.723995],[-116.33739,33.724028],[-116.337392,33.724056],[-116.33741,33.72408],[-116.337485,33.72414],[-116.33752,33.724143],[-116.337545,33.724133],[-116.337555,33.724118],[-116.337553,33.72408],[-116.337535,33.724048]]]}},{"type":"Feature","properties":{"k":"tee"},"geometry":{"type":"Polygon","coordinates":[[[-116.337752,33.724348],[-116.337732,33.724316],[-116.337709,33.724307],[-116.337686,33.724311],[-116.337675,33.724324],[-116.337679,33.724366],[-116.337702,33.724418],[-116.337732,33.724422],[-116.337745,33.724413],[-116.337756,33.724377],[-116.337752,33.724348]]]}},{"type":"Feature","properties":{"k":"tee"},"geometry":{"type":"Polygon","coordinates":[[[-116.337736,33.724527],[-116.337711,33.724512],[-116.337677,33.724526],[-116.337672,33.72454],[-116.337682,33.724568],[-116.337708,33.724574],[-116.337736,33.724562],[-116.337742,33.724541],[-116.337736,33.724527]]]}},{"type":"Feature","properties":{"k":"rough"},"geometry":{"type":"Polygon","coordinates":[[[-116.337598,33.724047],[-116.337566,33.724044],[-116.337504,33.724002],[-116.337465,33.723986],[-116.337423,33.723986],[-116.337389,33.723999],[-116.337369,33.724029],[-116.337373,33.724059],[-116.337392,33.724092],[-116.337417,33.724114],[-116.337449,33.724138],[-116.337489,33.724154],[-116.337526,33.724158],[-116.337628,33.72412],[-116.337598,33.724047]]]}},{"type":"Feature","properties":{"k":"rough"},"geometry":{"type":"Polygon","coordinates":[[[-116.33754,33.723758],[-116.337524,33.72373],[-116.337507,33.723624],[-116.337491,33.723582],[-116.337475,33.723569],[-116.337439,33.723562],[-116.337412,33.723572],[-116.337387,33.723599],[-116.337377,33.723634],[-116.337371,33.723677],[-116.33739,33.723723],[-116.337415,33.723737],[-116.337469,33.72375],[-116.337508,33.723778],[-116.33754,33.723758]]]}},{"type":"Feature","properties":{"k":"green"},"geometry":{"type":"Polygon","coordinates":[[[-116.337583,33.726208],[-116.337556,33.726191],[-116.337504,33.726193],[-116.337477,33.726205],[-116.337452,33.726226],[-116.337421,33.726269],[-116.337409,33.726324],[-116.33742,33.726373],[-116.337435,33.726394],[-116.337471,33.726419],[-116.33752,33.726416],[-116.337557,33.726395],[-116.337568,33.726379],[-116.337608,33.726263],[-116.337604,33.726231],[-116.337583,33.726208]]]}},{"type":"Feature","properties":{"k":"bunker"},"geometry":{"type":"Polygon","coordinates":[[[-116.33743,33.726196],[-116.337418,33.726175],[-116.337386,33.726171],[-116.33735,33.726223],[-116.3373,33.726241],[-116.337275,33.726295],[-116.337236,33.726318],[-116.337213,33.726342],[-116.337225,33.726383],[-116.337261,33.726388],[-116.337274,33.726378],[-116.337257,33.726354],[-116.337261,33.726342],[-116.337278,33.726368],[-116.337286,33.726367],[-116.337292,33.726352],[-116.3373,33.726353],[-116.337295,33.726376],[-116.337311,33.726388],[-116.337348,33.72639],[-116.337382,33.726381],[-116.337389,33.726362],[-116.33735,33.726308],[-116.337338,33.726306],[-116.337318,33.726327],[-116.337314,33.726311],[-116.33734,33.726293],[-116.337342,33.726268],[-116.337357,33.726276],[-116.337355,33.726299],[-116.33737,33.726297],[-116.337393,33.726266],[-116.3374,33.726227],[-116.337422,33.726214],[-116.33743,33.726196]]]}},{"type":"Feature","properties":{"k":"bunker"},"geometry":{"type":"Polygon","coordinates":[[[-116.336952,33.725483],[-116.336886,33.725465],[-116.336845,33.725423],[-116.336825,33.725417],[-116.336808,33.725426],[-116.336803,33.725441],[-116.336827,33.725462],[-116.336824,33.72547],[-116.336796,33.725465],[-116.336783,33.725475],[-116.336781,33.725493],[-116.336788,33.725502],[-116.336837,33.725523],[-116.336884,33.725504],[-116.33689,33.725513],[-116.336869,33.725535],[-116.336869,33.725549],[-116.336881,33.725562],[-116.336898,33.725565],[-116.336916,33.725561],[-116.336934,33.725533],[-116.336963,33.725518],[-116.336964,33.725491],[-116.336952,33.725483]]]}},{"type":"Feature","properties":{"k":"bunker"},"geometry":{"type":"Polygon","coordinates":[[[-116.337595,33.725715],[-116.337584,33.725694],[-116.33755,33.725685],[-116.337576,33.72568],[-116.337582,33.725669],[-116.337566,33.725643],[-116.337552,33.72564],[-116.337537,33.72565],[-116.33752,33.72568],[-116.337536,33.725757],[-116.337551,33.725772],[-116.337585,33.725767],[-116.337595,33.725715]]]}},{"type":"Feature","properties":{"k":"bunker"},"geometry":{"type":"Polygon","coordinates":[[[-116.337662,33.725383],[-116.337654,33.72536],[-116.337642,33.725355],[-116.337625,33.725358],[-116.337594,33.725387],[-116.337598,33.725402],[-116.337636,33.725418],[-116.337651,33.725418],[-116.337662,33.72541],[-116.337662,33.725383]]]}},{"type":"Feature","properties":{"k":"bunker"},"geometry":{"type":"Polygon","coordinates":[[[-116.336768,33.724871],[-116.336745,33.724841],[-116.336678,33.724835],[-116.336651,33.724857],[-116.336646,33.724872],[-116.336671,33.724907],[-116.336682,33.724911],[-116.336713,33.724896],[-116.336754,33.724899],[-116.336769,33.724882],[-116.336768,33.724871]]]}},{"type":"Feature","properties":{"k":"bunker"},"geometry":{"type":"Polygon","coordinates":[[[-116.33732,33.723803],[-116.337317,33.723764],[-116.337298,33.723725],[-116.337256,33.723712],[-116.337228,33.723718],[-116.33722,33.723714],[-116.337236,33.723696],[-116.337233,33.723682],[-116.337206,33.723661],[-116.337212,33.723645],[-116.337229,33.723669],[-116.337243,33.723672],[-116.337273,33.723655],[-116.337278,33.723615],[-116.337267,33.723598],[-116.337245,33.723582],[-116.337153,33.72358],[-116.33714,33.723595],[-116.337136,33.723613],[-116.337146,33.723637],[-116.337129,33.723689],[-116.33715,33.723735],[-116.337164,33.723749],[-116.337219,33.72376],[-116.337228,33.723774],[-116.337211,33.723802],[-116.337236,33.723841],[-116.337266,33.723843],[-116.337299,33.723833],[-116.33732,33.723803]]]}},{"type":"Feature","properties":{"k":"bunker"},"geometry":{"type":"Polygon","coordinates":[[[-116.336903,33.723871],[-116.336899,33.723811],[-116.336881,33.723801],[-116.33686,33.723801],[-116.33684,33.723814],[-116.336828,33.723835],[-116.336843,33.723879],[-116.336837,33.723921],[-116.336848,33.723928],[-116.336879,33.723921],[-116.336909,33.723924],[-116.336924,33.723915],[-116.33692,33.72389],[-116.336903,33.723871]]]}},{"type":"Feature","properties":{"k":"bunker"},"geometry":{"type":"Polygon","coordinates":[[[-116.336781,33.724051],[-116.336817,33.723991],[-116.336811,33.723978],[-116.336797,33.72397],[-116.336764,33.723985],[-116.336728,33.724037],[-116.336739,33.72406],[-116.336754,33.724066],[-116.336781,33.724051]]]}},{"type":"Feature","properties":{"k":"fairway"},"geometry":{"type":"Polygon","coordinates":[[[-116.337193,33.723261],[-116.337154,33.723208],[-116.337117,33.723185],[-116.337072,33.723177],[-116.337014,33.723188],[-116.336966,33.723214],[-116.336938,33.723244],[-116.336922,33.72329],[-116.336896,33.723451],[-116.336904,33.723549],[-116.336973,33.723748],[-116.336993,33.723823],[-116.336992,33.72386],[-116.336945,33.723948],[-116.33686,33.724068],[-116.336827,33.724133],[-116.336814,33.724215],[-116.336805,33.724438],[-116.336775,33.724583],[-116.336774,33.724626],[-116.33679,33.724713],[-116.336832,33.724811],[-116.336874,33.724866],[-116.336907,33.724886],[-116.336946,33.724896],[-116.336987,33.724892],[-116.337028,33.724877],[-116.337083,33.724826],[-116.337129,33.724748],[-116.33714,33.724708],[-116.337166,33.72447],[-116.337201,33.724323],[-116.337208,33.724271],[-116.337212,33.723952],[-116.337201,33.723901],[-116.337105,33.723725],[-116.337076,33.723618],[-116.337089,33.723528],[-116.337199,33.723333],[-116.337193,33.723261]]]}},{"type":"Feature","properties":{"k":"water"},"geometry":{"type":"Polygon","coordinates":[[[-116.337315,33.726095],[-116.337311,33.72606],[-116.337281,33.726033],[-116.337234,33.726013],[-116.33719,33.726012],[-116.337151,33.726024],[-116.337087,33.726029],[-116.337014,33.726026],[-116.336958,33.726011],[-116.336817,33.725834],[-116.336761,33.725694],[-116.336737,33.725656],[-116.336695,33.725626],[-116.33664,33.725623],[-116.336607,33.725641],[-116.336593,33.725669],[-116.336597,33.725709],[-116.336612,33.725743],[-116.336688,33.725797],[-116.336712,33.725828],[-116.336776,33.725927],[-116.336867,33.726115],[-116.336896,33.726152],[-116.337007,33.726197],[-116.337055,33.726258],[-116.33709,33.726278],[-116.337129,33.726287],[-116.33717,33.726282],[-116.337217,33.726263],[-116.337293,33.726185],[-116.337309,33.726153],[-116.337315,33.726095]]]}},{"type":"Feature","properties":{"k":"rough"},"geometry":{"type":"Polygon","coordinates":[[[-116.337312,33.723307],[-116.337243,33.723128],[-116.337217,33.723112],[-116.337176,33.72312],[-116.337144,33.723138],[-116.337102,33.723148],[-116.337057,33.72314],[-116.337017,33.723118],[-116.336967,33.723073],[-116.336959,33.723018],[-116.336935,33.72297],[-116.336935,33.722946],[-116.336916,33.722933],[-116.336885,33.722944],[-116.33688,33.722977],[-116.33692,33.723045],[-116.336927,33.723209],[-116.336899,33.723246],[-116.336817,33.723292],[-116.336789,33.723329],[-116.336808,33.723479],[-116.3368,33.723546],[-116.336781,33.723608],[-116.336717,33.723733],[-116.336701,33.723792],[-116.336661,33.724184],[-116.336667,33.724335],[-116.336659,33.724478],[-116.336631,33.724603],[-116.336623,33.72475],[-116.336584,33.725078],[-116.336546,33.725213],[-116.336539,33.725269],[-116.336557,33.725409],[-116.336547,33.725457],[-116.336523,33.725509],[-116.336622,33.725516],[-116.336675,33.725551],[-116.336762,33.725639],[-116.336823,33.725665],[-116.336934,33.725655],[-116.336992,33.725663],[-116.337044,33.725687],[-116.337064,33.725714],[-116.337084,33.725769],[-116.337074,33.725864],[-116.337091,33.725907],[-116.33712,33.72594],[-116.337223,33.725977],[-116.3373,33.72602],[-116.337347,33.726064],[-116.337367,33.726119],[-116.337365,33.726153],[-116.337338,33.726199],[-116.337277,33.726234],[-116.337246,33.726286],[-116.337195,33.726327],[-116.337182,33.726347],[-116.337189,33.726394],[-116.337163,33.726435],[-116.337176,33.726466],[-116.337211,33.726479],[-116.337245,33.726479],[-116.337338,33.726461],[-116.337521,33.726468],[-116.337581,33.726454],[-116.337613,33.726436],[-116.337642,33.726403],[-116.337658,33.72636],[-116.33766,33.726257],[-116.337653,33.726212],[-116.337605,33.726065],[-116.337609,33.726023],[-116.337684,33.725832],[-116.337676,33.72572],[-116.337658,33.725622],[-116.337663,33.725567],[-116.337727,33.725404],[-116.337739,33.725349],[-116.337742,33.725245],[-116.337793,33.725085],[-116.337797,33.725032],[-116.337791,33.724986],[-116.337724,33.7248],[-116.337728,33.724698],[-116.337762,33.724587],[-116.337762,33.724474],[-116.337774,33.724365],[-116.337761,33.724315],[-116.337741,33.724278],[-116.337715,33.724257],[-116.337683,33.72426],[-116.337657,33.724289],[-116.33765,33.724323],[-116.33768,33.724466],[-116.337656,33.724536],[-116.33765,33.724603],[-116.337635,33.724637],[-116.337648,33.72473],[-116.337645,33.724792],[-116.337624,33.724831],[-116.337527,33.72492],[-116.33744,33.724974],[-116.337334,33.725113],[-116.337226,33.7252],[-116.33711,33.72538],[-116.337071,33.725424],[-116.337006,33.72547],[-116.33695,33.725552],[-116.336914,33.725577],[-116.336877,33.725579],[-116.336838,33.725561],[-116.336777,33.725505],[-116.336769,33.725468],[-116.336786,33.725422],[-116.336794,33.725364],[-116.336773,33.725313],[-116.336762,33.725261],[-116.336789,33.725175],[-116.336813,33.725147],[-116.336989,33.725054],[-116.337084,33.724976],[-116.337099,33.724931],[-116.3371,33.724877],[-116.337113,33.724827],[-116.337179,33.724757],[-116.337203,33.724721],[-116.33721,33.724689],[-116.337205,33.724601],[-116.337215,33.724561],[-116.337267,33.724498],[-116.337277,33.724454],[-116.337278,33.724362],[-116.337324,33.724279],[-116.337358,33.724248],[-116.337365,33.724229],[-116.337373,33.724193],[-116.337363,33.724158],[-116.337307,33.724115],[-116.337287,33.724058],[-116.337283,33.724006],[-116.337298,33.723967],[-116.337294,33.723926],[-116.337302,33.723876],[-116.337334,33.723808],[-116.337331,33.723772],[-116.337298,33.723708],[-116.337292,33.723628],[-116.337273,33.723564],[-116.337277,33.723525],[-116.337309,33.723416],[-116.337312,33.723307]]]}},{"type":"Feature","properties":{"k":"tee"},"geometry":{"type":"Polygon","coordinates":[[[-116.336728,33.726208],[-116.336701,33.726162],[-116.336673,33.72615],[-116.336647,33.726159],[-116.336632,33.72618],[-116.33663,33.726205],[-116.336645,33.726223],[-116.336667,33.726234],[-116.336693,33.726238],[-116.336715,33.726233],[-116.336728,33.726208]]]}},{"type":"Feature","properties":{"k":"tee"},"geometry":{"type":"Polygon","coordinates":[[[-116.336674,33.726099],[-116.336675,33.726034],[-116.336611,33.725913],[-116.336581,33.725885],[-116.33655,33.725879],[-116.336516,33.725889],[-116.336499,33.725925],[-116.336505,33.725964],[-116.336539,33.726046],[-116.33658,33.726116],[-116.336605,33.726128],[-116.336634,33.726127],[-116.33666,33.726117],[-116.336674,33.726099]]]}},{"type":"Feature","properties":{"k":"tee"},"geometry":{"type":"Polygon","coordinates":[[[-116.336733,33.725171],[-116.336712,33.725167],[-116.336686,33.725172],[-116.336671,33.725184],[-116.336663,33.725201],[-116.336669,33.725223],[-116.336684,33.725235],[-116.336709,33.725239],[-116.336748,33.725228],[-116.33676,33.725196],[-116.336733,33.725171]]]}},{"type":"Feature","properties":{"k":"water"},"geometry":{"type":"Polygon","coordinates":[[[-116.337417,33.722373],[-116.337434,33.722342],[-116.337424,33.722285],[-116.337485,33.722179],[-116.337464,33.722152],[-116.337481,33.722046],[-116.337517,33.722006],[-116.337592,33.721998],[-116.337587,33.721973],[-116.337549,33.721967],[-116.337518,33.721993],[-116.337466,33.721999],[-116.337429,33.722018],[-116.337412,33.722041],[-116.337437,33.722093],[-116.337441,33.722125],[-116.337421,33.722156],[-116.337392,33.722176],[-116.337389,33.722237],[-116.337375,33.722265],[-116.337353,33.722287],[-116.337214,33.722324],[-116.337159,33.722352],[-116.337119,33.722384],[-116.337107,33.722412],[-116.337099,33.722461],[-116.337104,33.722521],[-116.337115,33.722555],[-116.337186,33.722644],[-116.337204,33.722696],[-116.337204,33.722755],[-116.337182,33.722835],[-116.337179,33.722926],[-116.337208,33.722996],[-116.337189,33.723031],[-116.337133,33.72306],[-116.337083,33.723066],[-116.337053,33.723053],[-116.337028,33.723018],[-116.337006,33.722947],[-116.33695,33.722866],[-116.336917,33.722862],[-116.336859,33.722882],[-116.336833,33.722915],[-116.336811,33.722968],[-116.336839,33.723018],[-116.336846,33.72305],[-116.336832,33.723081],[-116.336838,33.723113],[-116.336853,33.723138],[-116.336854,33.723178],[-116.336814,33.723208],[-116.336708,33.723232],[-116.33665,33.723212],[-116.336607,33.723206],[-116.336554,33.723182],[-116.336511,33.723156],[-116.336476,33.723111],[-116.336438,33.723002],[-116.336433,33.722915],[-116.336454,33.722786],[-116.336448,33.722714],[-116.336476,33.722646],[-116.336515,33.722591],[-116.336487,33.722525],[-116.336459,33.722519],[-116.336433,33.722419],[-116.336377,33.722343],[-116.336373,33.722317],[-116.336382,33.722288],[-116.336433,33.722237],[-116.336441,33.722198],[-116.336467,33.722171],[-116.336507,33.722164],[-116.336549,33.72217],[-116.336574,33.722142],[-116.336566,33.72203],[-116.336547,33.721952],[-116.336525,33.721936],[-116.336492,33.721943],[-116.336476,33.721974],[-116.336494,33.72201],[-116.336491,33.722084],[-116.336507,33.722119],[-116.336448,33.722122],[-116.336412,33.722131],[-116.336383,33.722182],[-116.336383,33.72224],[-116.336372,33.722262],[-116.336337,33.722293],[-116.336334,33.722314],[-116.336368,33.722365],[-116.336387,33.722419],[-116.336422,33.722461],[-116.336426,33.722511],[-116.336412,33.722538],[-116.336381,33.722569],[-116.336348,33.722588],[-116.336298,33.722588],[-116.336255,33.722597],[-116.336211,33.722624],[-116.336185,33.722652],[-116.336172,33.722699],[-116.336192,33.722804],[-116.336187,33.722826],[-116.336022,33.723069],[-116.335965,33.723194],[-116.335955,33.723248],[-116.335985,33.723316],[-116.336033,33.723347],[-116.336066,33.723354],[-116.336175,33.723351],[-116.336204,33.723342],[-116.336241,33.723318],[-116.336355,33.723226],[-116.336403,33.723196],[-116.336449,33.723183],[-116.336491,33.723195],[-116.336519,33.723221],[-116.336571,33.72323],[-116.336606,33.723261],[-116.336631,33.723273],[-116.336674,33.723279],[-116.336837,33.723257],[-116.336875,33.723242],[-116.3369,33.723221],[-116.336907,33.723196],[-116.3369,33.723122],[-116.336907,33.723069],[-116.336877,33.723022],[-116.336866,33.722983],[-116.336868,33.722942],[-116.336895,33.722916],[-116.336925,33.722905],[-116.336954,33.72292],[-116.336966,33.722945],[-116.336963,33.722966],[-116.336991,33.723061],[-116.337046,33.723115],[-116.33707,33.723124],[-116.337101,33.723125],[-116.337235,33.723082],[-116.337265,33.723054],[-116.337278,33.723024],[-116.337394,33.722938],[-116.337447,33.722875],[-116.337457,33.722827],[-116.337438,33.722761],[-116.33745,33.722696],[-116.337445,33.722654],[-116.33743,33.72261],[-116.337427,33.722555],[-116.337387,33.722503],[-116.337377,33.722465],[-116.337417,33.722373]]]}},{"type":"Feature","properties":{"k":"green"},"geometry":{"type":"Polygon","coordinates":[[[-116.337322,33.722035],[-116.33726,33.722022],[-116.337218,33.72203],[-116.337018,33.722118],[-116.336982,33.722153],[-116.336973,33.722186],[-116.33698,33.722212],[-116.337003,33.722241],[-116.337028,33.722256],[-116.337069,33.722261],[-116.337196,33.722214],[-116.337281,33.722206],[-116.337314,33.722194],[-116.33735,33.722158],[-116.337362,33.722111],[-116.337352,33.722063],[-116.337322,33.722035]]]}},{"type":"Feature","properties":{"k":"bunker"},"geometry":{"type":"Polygon","coordinates":[[[-116.337354,33.721965],[-116.337357,33.721932],[-116.337345,33.721924],[-116.33733,33.721921],[-116.337259,33.721936],[-116.337251,33.721931],[-116.337254,33.721906],[-116.337241,33.721897],[-116.337221,33.721896],[-116.337203,33.721905],[-116.337205,33.721928],[-116.33719,33.721936],[-116.337182,33.721933],[-116.337194,33.721924],[-116.337188,33.721908],[-116.337144,33.721906],[-116.337123,33.721916],[-116.33713,33.721956],[-116.337176,33.721962],[-116.337195,33.72198],[-116.337273,33.721974],[-116.337338,33.721991],[-116.337356,33.721981],[-116.337354,33.721965]]]}},{"type":"Feature","properties":{"k":"bunker"},"geometry":{"type":"Polygon","coordinates":[[[-116.33715,33.72202],[-116.337165,33.721992],[-116.337154,33.721981],[-116.33711,33.721968],[-116.33709,33.721978],[-116.337082,33.721975],[-116.337102,33.721952],[-116.337098,33.721943],[-116.337059,33.721941],[-116.337038,33.721958],[-116.337031,33.721977],[-116.337038,33.72199],[-116.337029,33.722],[-116.337,33.722013],[-116.336996,33.722005],[-116.337016,33.721995],[-116.337019,33.721985],[-116.337013,33.721976],[-116.336995,33.721973],[-116.336953,33.721999],[-116.336942,33.722012],[-116.336942,33.72205],[-116.336933,33.72207],[-116.336957,33.722091],[-116.336976,33.722091],[-116.337013,33.722074],[-116.337038,33.722045],[-116.337069,33.722037],[-116.337108,33.722038],[-116.33715,33.72202]]]}},{"type":"Feature","properties":{"k":"bunker"},"geometry":{"type":"Polygon","coordinates":[[[-116.337211,33.722262],[-116.337188,33.722247],[-116.337169,33.722253],[-116.337114,33.722293],[-116.33711,33.722322],[-116.337127,33.722332],[-116.337138,33.722327],[-116.33721,33.722279],[-116.337211,33.722262]]]}},{"type":"Feature","properties":{"k":"bunker"},"geometry":{"type":"Polygon","coordinates":[[[-116.3369,33.722352],[-116.336889,33.722321],[-116.33689,33.722281],[-116.336874,33.722263],[-116.33685,33.722257],[-116.33683,33.722263],[-116.336818,33.722279],[-116.33682,33.722296],[-116.336836,33.722316],[-116.336798,33.722354],[-116.336801,33.722373],[-116.336823,33.722384],[-116.336865,33.722391],[-116.336898,33.722371],[-116.3369,33.722352]]]}},{"type":"Feature","properties":{"k":"rough"},"geometry":{"type":"Polygon","coordinates":[[[-116.337326,33.722253],[-116.337351,33.722226],[-116.337385,33.722157],[-116.337408,33.722131],[-116.337411,33.722099],[-116.337392,33.722039],[-116.337427,33.721982],[-116.337436,33.721952],[-116.337406,33.721915],[-116.337365,33.721901],[-116.337273,33.721885],[-116.337193,33.721882],[-116.337084,33.721908],[-116.336995,33.721947],[-116.336935,33.721989],[-116.336819,33.72209],[-116.336769,33.722202],[-116.336738,33.722234],[-116.336716,33.72228],[-116.336699,33.722329],[-116.336684,33.722417],[-116.336689,33.72252],[-116.336761,33.722664],[-116.336775,33.722713],[-116.336748,33.722923],[-116.336754,33.722995],[-116.336777,33.723002],[-116.336794,33.722979],[-116.336808,33.722906],[-116.33684,33.722875],[-116.336914,33.722838],[-116.336957,33.722848],[-116.336993,33.72289],[-116.337058,33.723034],[-116.337087,33.723052],[-116.337165,33.723023],[-116.337186,33.723002],[-116.337188,33.722963],[-116.337168,33.722936],[-116.337158,33.722905],[-116.337156,33.722853],[-116.337161,33.722733],[-116.337173,33.722695],[-116.337166,33.722663],[-116.337109,33.722591],[-116.337092,33.722547],[-116.337086,33.722421],[-116.337101,33.722383],[-116.337157,33.722333],[-116.337231,33.722287],[-116.337326,33.722253]]]}},{"type":"Feature","properties":{"k":"water"},"geometry":{"type":"Polygon","coordinates":[[[-116.3363,33.72483],[-116.336295,33.724742],[-116.336281,33.724705],[-116.336242,33.72467],[-116.336191,33.724648],[-116.336147,33.724653],[-116.336024,33.724772],[-116.335963,33.724768],[-116.335933,33.724736],[-116.335866,33.724742],[-116.33578,33.72473],[-116.335775,33.72469],[-116.335826,33.724649],[-116.335864,33.724532],[-116.335844,33.724508],[-116.335818,33.724498],[-116.335805,33.724525],[-116.335821,33.724545],[-116.335809,33.724569],[-116.335786,33.72458],[-116.335768,33.724639],[-116.335698,33.724653],[-116.335661,33.724691],[-116.335651,33.724724],[-116.335598,33.724796],[-116.335592,33.724899],[-116.335648,33.72499],[-116.335674,33.724996],[-116.335751,33.724996],[-116.335787,33.725001],[-116.335805,33.725013],[-116.335838,33.725013],[-116.335864,33.725008],[-116.335906,33.724983],[-116.335932,33.724947],[-116.336005,33.724951],[-116.336036,33.724983],[-116.336078,33.724998],[-116.336127,33.725001],[-116.336207,33.724977],[-116.336243,33.724956],[-116.336273,33.724908],[-116.3363,33.72483]]]}},{"type":"Feature","properties":{"k":"green"},"geometry":{"type":"Polygon","coordinates":[[[-116.335594,33.724382],[-116.33556,33.724354],[-116.335487,33.72435],[-116.33541,33.72439],[-116.335385,33.724414],[-116.33535,33.724475],[-116.335343,33.724534],[-116.335367,33.724591],[-116.335388,33.724608],[-116.335418,33.724614],[-116.335453,33.724607],[-116.335496,33.724575],[-116.335594,33.724434],[-116.335599,33.724409],[-116.335594,33.724382]]]}},{"type":"Feature","properties":{"k":"green"},"geometry":{"type":"Polygon","coordinates":[[[-116.336234,33.725694],[-116.336216,33.725649],[-116.336194,33.725632],[-116.336161,33.725621],[-116.336105,33.725624],[-116.336084,33.725642],[-116.336075,33.725664],[-116.336074,33.725733],[-116.336091,33.725795],[-116.336131,33.725844],[-116.336209,33.72589],[-116.33626,33.725885],[-116.336279,33.72587],[-116.336287,33.725851],[-116.336285,33.725814],[-116.336234,33.725694]]]}},{"type":"Feature","properties":{"k":"green"},"geometry":{"type":"Polygon","coordinates":[[[-116.337492,33.726735],[-116.337466,33.726714],[-116.337406,33.726698],[-116.337339,33.726716],[-116.337303,33.726747],[-116.3373,33.72677],[-116.337308,33.726791],[-116.337376,33.726874],[-116.337422,33.726886],[-116.33747,33.726868],[-116.33749,33.726851],[-116.33751,33.726804],[-116.337492,33.726735]]]}},{"type":"Feature","properties":{"k":"green"},"geometry":{"type":"Polygon","coordinates":[[[-116.33569,33.722066],[-116.335676,33.722052],[-116.335648,33.722044],[-116.3356,33.722041],[-116.335557,33.72205],[-116.335471,33.722084],[-116.33539,33.722136],[-116.335341,33.722177],[-116.335332,33.722202],[-116.335333,33.722226],[-116.335343,33.722242],[-116.335359,33.722251],[-116.335409,33.722246],[-116.335639,33.722169],[-116.335697,33.722123],[-116.335699,33.722082],[-116.33569,33.722066]]]}},{"type":"Feature","properties":{"k":"green"},"geometry":{"type":"Polygon","coordinates":[[[-116.333671,33.725722],[-116.333613,33.72568],[-116.333549,33.725653],[-116.333514,33.725651],[-116.333483,33.72566],[-116.333463,33.725675],[-116.333456,33.725696],[-116.333472,33.725742],[-116.33353,33.725811],[-116.333602,33.725853],[-116.333647,33.725867],[-116.333674,33.725864],[-116.333696,33.725846],[-116.333705,33.725823],[-116.333708,33.725776],[-116.333671,33.725722]]]}},{"type":"Feature","properties":{"k":"tee"},"geometry":{"type":"Polygon","coordinates":[[[-116.329238,33.724748],[-116.329121,33.724708],[-116.329089,33.724706],[-116.329065,33.724721],[-116.32906,33.724747],[-116.329079,33.724767],[-116.329115,33.724784],[-116.329235,33.724817],[-116.329286,33.724816],[-116.3293,33.724796],[-116.329296,33.724781],[-116.329238,33.724748]]]}},{"type":"Feature","properties":{"k":"green"},"geometry":{"type":"Polygon","coordinates":[[[-116.329661,33.726229],[-116.329605,33.726207],[-116.32952,33.726209],[-116.329496,33.726222],[-116.329485,33.726239],[-116.329481,33.726258],[-116.329493,33.726299],[-116.329539,33.726333],[-116.329598,33.726353],[-116.329654,33.726357],[-116.329684,33.726352],[-116.329719,33.726329],[-116.329727,33.726291],[-116.329708,33.726261],[-116.329661,33.726229]]]}},{"type":"Feature","properties":{"k":"green"},"geometry":{"type":"Polygon","coordinates":[[[-116.333063,33.727545],[-116.333031,33.727524],[-116.332972,33.727519],[-116.332857,33.727542],[-116.332828,33.727554],[-116.332809,33.727581],[-116.332815,33.727598],[-116.332863,33.727636],[-116.332925,33.727661],[-116.332992,33.727668],[-116.333052,33.72765],[-116.333069,33.727633],[-116.33308,33.727614],[-116.333079,33.727591],[-116.333063,33.727545]]]}},{"type":"Feature","properties":{"k":"tee"},"geometry":{"type":"Polygon","coordinates":[[[-116.333492,33.727816],[-116.333487,33.727794],[-116.333465,33.727771],[-116.333433,33.727759],[-116.33338,33.727756],[-116.333329,33.727766],[-116.333303,33.727782],[-116.333289,33.727807],[-116.333295,33.727835],[-116.333312,33.727856],[-116.333337,33.727872],[-116.333366,33.727879],[-116.333407,33.72788],[-116.333442,33.727872],[-116.333466,33.727859],[-116.333492,33.727816]]]}},{"type":"Feature","properties":{"k":"green"},"geometry":{"type":"Polygon","coordinates":[[[-116.333985,33.727501],[-116.333959,33.727477],[-116.333875,33.727469],[-116.333816,33.727487],[-116.333801,33.7275],[-116.333792,33.727539],[-116.333825,33.727573],[-116.333896,33.727608],[-116.333949,33.727616],[-116.333973,33.727611],[-116.333996,33.727601],[-116.334009,33.727571],[-116.333985,33.727501]]]}},{"type":"Feature","properties":{"k":"rough"},"geometry":{"type":"Polygon","coordinates":[[[-116.328798,33.726068],[-116.328836,33.726049],[-116.328857,33.726011],[-116.328828,33.725952],[-116.328769,33.725915],[-116.328721,33.725904],[-116.328653,33.725929],[-116.328567,33.725934],[-116.328381,33.725885],[-116.328305,33.725921],[-116.328203,33.725896],[-116.328141,33.725901],[-116.328102,33.725871],[-116.328034,33.725843],[-116.327955,33.725863],[-116.327933,33.725883],[-116.32792,33.725922],[-116.327932,33.725976],[-116.327962,33.726021],[-116.328004,33.726049],[-116.328061,33.726063],[-116.328204,33.726053],[-116.328299,33.726058],[-116.328433,33.726075],[-116.328603,33.72607],[-116.328746,33.726083],[-116.328798,33.726068]]]}},{"type":"Feature","properties":{"k":"tee"},"geometry":{"type":"Polygon","coordinates":[[[-116.328575,33.725983],[-116.328566,33.726045],[-116.328431,33.726033],[-116.328441,33.725967],[-116.328575,33.725983]]]}},{"type":"Feature","properties":{"k":"tee"},"geometry":{"type":"Polygon","coordinates":[[[-116.32819,33.725968],[-116.32818,33.726024],[-116.328068,33.726013],[-116.328076,33.725953],[-116.32819,33.725968]]]}},{"type":"Feature","properties":{"k":"rough"},"geometry":{"type":"Polygon","coordinates":[[[-116.327665,33.725995],[-116.327773,33.725904],[-116.327777,33.72587],[-116.327734,33.725838],[-116.32757,33.725787],[-116.327366,33.725659],[-116.327313,33.725606],[-116.327244,33.725571],[-116.32698,33.725463],[-116.32691,33.72545],[-116.326821,33.725446],[-116.326651,33.725416],[-116.326546,33.725372],[-116.326283,33.72535],[-116.326184,33.725307],[-116.326078,33.72529],[-116.325894,33.725309],[-116.325813,33.72531],[-116.325751,33.725288],[-116.325673,33.725283],[-116.325626,33.725265],[-116.325612,33.725222],[-116.325578,33.725165],[-116.325549,33.725156],[-116.325499,33.725168],[-116.325452,33.725165],[-116.325335,33.725119],[-116.325279,33.725077],[-116.325169,33.725041],[-116.325067,33.725039],[-116.324922,33.725062],[-116.324846,33.725024],[-116.324819,33.724966],[-116.32473,33.724935],[-116.324634,33.724922],[-116.324573,33.724877],[-116.324482,33.724838],[-116.32439,33.724829],[-116.32432,33.724831],[-116.324253,33.724801],[-116.324197,33.724763],[-116.324104,33.724731],[-116.323995,33.72471],[-116.323776,33.724654],[-116.323672,33.724646],[-116.323508,33.724615],[-116.323425,33.724625],[-116.323363,33.724656],[-116.323342,33.72471],[-116.323323,33.724828],[-116.323335,33.724877],[-116.323404,33.724956],[-116.32348,33.725014],[-116.323534,33.725013],[-116.3236,33.725002],[-116.32367,33.725006],[-116.323795,33.724995],[-116.323857,33.725011],[-116.323965,33.725089],[-116.323977,33.725111],[-116.323967,33.725186],[-116.323993,33.725228],[-116.324028,33.725264],[-116.324084,33.725285],[-116.324149,33.725286],[-116.324211,33.7253],[-116.324272,33.725272],[-116.324319,33.725277],[-116.324346,33.725288],[-116.324409,33.725288],[-116.324499,33.725334],[-116.324584,33.725362],[-116.324783,33.725399],[-116.324913,33.725451],[-116.325114,33.725491],[-116.325281,33.725543],[-116.325349,33.725576],[-116.325449,33.725653],[-116.325484,33.725635],[-116.325502,33.725611],[-116.325546,33.725616],[-116.325572,33.725644],[-116.325571,33.725671],[-116.325583,33.725696],[-116.325608,33.725721],[-116.325612,33.725745],[-116.325597,33.725767],[-116.3256,33.725818],[-116.325657,33.725901],[-116.325704,33.725897],[-116.325741,33.725908],[-116.325766,33.725938],[-116.325807,33.725962],[-116.325885,33.725959],[-116.326035,33.726012],[-116.326195,33.726041],[-116.326334,33.726051],[-116.32637,33.726084],[-116.326409,33.726071],[-116.326447,33.726072],[-116.326477,33.726112],[-116.326453,33.726195],[-116.326457,33.726217],[-116.326616,33.726236],[-116.326697,33.726269],[-116.327063,33.72646],[-116.327108,33.726473],[-116.327162,33.726477],[-116.327196,33.72646],[-116.327209,33.726436],[-116.327206,33.726361],[-116.32717,33.726332],[-116.327118,33.726248],[-116.327087,33.726222],[-116.327091,33.726146],[-116.327147,33.726103],[-116.327164,33.726032],[-116.327319,33.726021],[-116.327462,33.726033],[-116.32754,33.726029],[-116.327563,33.726005],[-116.327595,33.725996],[-116.327665,33.725995]]]}},{"type":"Feature","properties":{"k":"tee"},"geometry":{"type":"Polygon","coordinates":[[[-116.327624,33.725923],[-116.327603,33.725967],[-116.3275,33.725938],[-116.327519,33.725893],[-116.327624,33.725923]]]}},{"type":"Feature","properties":{"k":"tee"},"geometry":{"type":"Polygon","coordinates":[[[-116.327267,33.725937],[-116.327247,33.725983],[-116.327154,33.725959],[-116.327176,33.72591],[-116.327267,33.725937]]]}},{"type":"Feature","properties":{"k":"green"},"geometry":{"type":"Polygon","coordinates":[[[-116.326399,33.727881],[-116.326335,33.727868],[-116.32624,33.727861],[-116.326202,33.727862],[-116.326169,33.727872],[-116.326122,33.727912],[-116.326113,33.72796],[-116.326123,33.727985],[-116.326145,33.728003],[-116.326207,33.728028],[-116.326239,33.728028],[-116.326302,33.72801],[-116.326402,33.727965],[-116.326421,33.727947],[-116.326435,33.727913],[-116.326428,33.727899],[-116.326399,33.727881]]]}},{"type":"Feature","properties":{"k":"green"},"geometry":{"type":"Polygon","coordinates":[[[-116.327848,33.728392],[-116.327804,33.728367],[-116.327768,33.72836],[-116.327566,33.728352],[-116.327519,33.72838],[-116.327502,33.728419],[-116.327506,33.728439],[-116.32752,33.72845],[-116.327619,33.728473],[-116.32767,33.728511],[-116.3277,33.728546],[-116.327722,33.728555],[-116.327752,33.728554],[-116.327774,33.728544],[-116.327864,33.728439],[-116.327865,33.728417],[-116.327848,33.728392]]]}},{"type":"Feature","properties":{"k":"green"},"geometry":{"type":"Polygon","coordinates":[[[-116.329476,33.728038],[-116.329419,33.728001],[-116.329388,33.727997],[-116.329357,33.728001],[-116.329332,33.728016],[-116.329315,33.728042],[-116.329306,33.728091],[-116.329308,33.728122],[-116.329331,33.72817],[-116.329359,33.728187],[-116.329436,33.728197],[-116.329523,33.728183],[-116.329547,33.728168],[-116.329559,33.72815],[-116.329554,33.728109],[-116.329523,33.728073],[-116.329476,33.728038]]]}},{"type":"Feature","properties":{"k":"tee"},"geometry":{"type":"Polygon","coordinates":[[[-116.336352,33.721908],[-116.336325,33.721913],[-116.33631,33.721931],[-116.336308,33.721944],[-116.336319,33.721961],[-116.336333,33.721967],[-116.336353,33.721968],[-116.336376,33.721953],[-116.336382,33.721937],[-116.336367,33.72191],[-116.336352,33.721908]]]}},{"type":"Feature","properties":{"k":"tee"},"geometry":{"type":"Polygon","coordinates":[[[-116.336344,33.722135],[-116.336307,33.722111],[-116.336278,33.722115],[-116.336255,33.722148],[-116.336247,33.722187],[-116.336269,33.722215],[-116.336313,33.722214],[-116.33633,33.722201],[-116.336347,33.722169],[-116.336344,33.722135]]]}},{"type":"Feature","properties":{"k":"tee"},"geometry":{"type":"Polygon","coordinates":[[[-116.336317,33.722384],[-116.336302,33.722369],[-116.336276,33.72236],[-116.336243,33.722364],[-116.336218,33.722377],[-116.336202,33.722392],[-116.336197,33.722414],[-116.336205,33.722448],[-116.336222,33.722466],[-116.336268,33.722476],[-116.33631,33.72246],[-116.336326,33.722436],[-116.336317,33.722384]]]}},{"type":"Feature","properties":{"k":"tee"},"geometry":{"type":"Polygon","coordinates":[[[-116.33604,33.722836],[-116.336007,33.722831],[-116.335987,33.722841],[-116.335972,33.722875],[-116.335992,33.7229],[-116.336013,33.722903],[-116.336047,33.722886],[-116.336054,33.722857],[-116.33604,33.722836]]]}},{"type":"Feature","properties":{"k":"bunker"},"geometry":{"type":"Polygon","coordinates":[[[-116.336082,33.723377],[-116.336066,33.723394],[-116.336058,33.723455],[-116.336038,33.723462],[-116.336006,33.72345],[-116.33596,33.723455],[-116.33594,33.723418],[-116.335929,33.723413],[-116.335924,33.723421],[-116.335936,33.723432],[-116.335937,33.723446],[-116.335932,33.723464],[-116.33598,33.723511],[-116.335977,33.723531],[-116.335961,33.723552],[-116.33594,33.723558],[-116.335896,33.723526],[-116.335892,33.723535],[-116.335913,33.723549],[-116.335918,33.723581],[-116.335917,33.7236],[-116.335903,33.723615],[-116.335885,33.723621],[-116.335871,33.723618],[-116.335851,33.723589],[-116.335813,33.723583],[-116.335795,33.723573],[-116.335785,33.723558],[-116.335788,33.723538],[-116.335853,33.723492],[-116.335853,33.723475],[-116.33583,33.723449],[-116.335834,33.723431],[-116.335874,33.72338],[-116.335859,33.723376],[-116.33585,33.723393],[-116.335838,33.723398],[-116.335813,33.723394],[-116.335796,33.723377],[-116.335793,33.723359],[-116.335804,33.723334],[-116.335827,33.723317],[-116.335847,33.723309],[-116.335889,33.723316],[-116.335946,33.723297],[-116.335972,33.723339],[-116.336,33.723363],[-116.336082,33.723377]]]}},{"type":"Feature","properties":{"k":"bunker"},"geometry":{"type":"Polygon","coordinates":[[[-116.33646,33.723637],[-116.33641,33.723598],[-116.336385,33.723598],[-116.336376,33.723608],[-116.336373,33.723624],[-116.336404,33.723669],[-116.336441,33.723674],[-116.336455,33.723666],[-116.336466,33.723646],[-116.33646,33.723637]]]}},{"type":"Feature","properties":{"k":"bunker"},"geometry":{"type":"Polygon","coordinates":[[[-116.336358,33.723795],[-116.336358,33.72378],[-116.336317,33.723819],[-116.336319,33.723857],[-116.336293,33.723871],[-116.336273,33.723849],[-116.336259,33.723801],[-116.336268,33.723789],[-116.3363,33.723782],[-116.336341,33.723725],[-116.336355,33.723722],[-116.336369,33.723724],[-116.336392,33.723754],[-116.336431,33.723776],[-116.336429,33.723805],[-116.336396,33.723822],[-116.336402,33.723839],[-116.336389,33.723858],[-116.336417,33.723893],[-116.336417,33.72391],[-116.336411,33.72392],[-116.336375,33.723927],[-116.336353,33.723948],[-116.336339,33.72395],[-116.336317,33.72394],[-116.336311,33.723917],[-116.336321,33.723887],[-116.336355,33.723836],[-116.336341,33.723822],[-116.336358,33.723795]]]}},{"type":"Feature","properties":{"k":"bunker"},"geometry":{"type":"Polygon","coordinates":[[[-116.336011,33.724155],[-116.336001,33.724124],[-116.335978,33.72411],[-116.335974,33.724092],[-116.335954,33.724084],[-116.335926,33.724094],[-116.335927,33.724123],[-116.335939,33.724133],[-116.335952,33.724169],[-116.335977,33.724176],[-116.336001,33.724167],[-116.336011,33.724155]]]}},{"type":"Feature","properties":{"k":"bunker"},"geometry":{"type":"Polygon","coordinates":[[[-116.335933,33.72423],[-116.335929,33.72421],[-116.335937,33.724194],[-116.335928,33.724144],[-116.335888,33.724103],[-116.335857,33.724108],[-116.335844,33.724119],[-116.33584,33.724144],[-116.335857,33.724162],[-116.335884,33.724163],[-116.33589,33.724171],[-116.335881,33.72418],[-116.335884,33.724195],[-116.335861,33.72421],[-116.335868,33.724242],[-116.335891,33.724257],[-116.335908,33.724259],[-116.335926,33.724251],[-116.335933,33.72423]]]}},{"type":"Feature","properties":{"k":"bunker"},"geometry":{"type":"Polygon","coordinates":[[[-116.336098,33.724323],[-116.336106,33.724301],[-116.336087,33.724282],[-116.33607,33.724279],[-116.336024,33.724289],[-116.336011,33.724299],[-116.336012,33.724311],[-116.336039,33.724326],[-116.336056,33.724352],[-116.336086,33.724349],[-116.336098,33.724323]]]}},{"type":"Feature","properties":{"k":"bunker"},"geometry":{"type":"Polygon","coordinates":[[[-116.336019,33.724389],[-116.336035,33.724351],[-116.335989,33.724312],[-116.335976,33.724312],[-116.335934,33.724356],[-116.335958,33.724372],[-116.335989,33.724409],[-116.336002,33.724411],[-116.336019,33.724389]]]}},{"type":"Feature","properties":{"k":"bunker"},"geometry":{"type":"Polygon","coordinates":[[[-116.336151,33.724438],[-116.336136,33.724415],[-116.336108,33.724399],[-116.33609,33.724399],[-116.336064,33.724424],[-116.336064,33.724438],[-116.33607,33.724446],[-116.336099,33.724443],[-116.336104,33.724449],[-116.336058,33.724467],[-116.336054,33.72449],[-116.33606,33.724498],[-116.336081,33.724511],[-116.336105,33.724505],[-116.336149,33.724453],[-116.336151,33.724438]]]}},{"type":"Feature","properties":{"k":"fairway"},"geometry":{"type":"Polygon","coordinates":[[[-116.336424,33.724557],[-116.336384,33.724328],[-116.33639,33.724186],[-116.336324,33.724051],[-116.33628,33.724007],[-116.336226,33.723926],[-116.336207,33.723873],[-116.336203,33.723827],[-116.336212,33.723772],[-116.336292,33.723625],[-116.33631,33.72356],[-116.33628,33.723497],[-116.336243,33.723474],[-116.336174,33.723467],[-116.33611,33.723497],[-116.336006,33.723593],[-116.335891,33.723669],[-116.335843,33.723714],[-116.335819,33.723748],[-116.335809,33.723794],[-116.335819,33.72389],[-116.335839,33.723941],[-116.335876,33.72399],[-116.335964,33.724054],[-116.336008,33.724103],[-116.336121,33.724268],[-116.336166,33.72436],[-116.336174,33.724409],[-116.336174,33.724517],[-116.336191,33.724559],[-116.336223,33.724595],[-116.33629,33.724627],[-116.336326,33.724631],[-116.336363,33.724626],[-116.33641,33.724598],[-116.336424,33.724557]]]}},{"type":"Feature","properties":{"k":"rough"},"geometry":{"type":"Polygon","coordinates":[[[-116.336401,33.722076],[-116.336391,33.721922],[-116.336366,33.721895],[-116.336321,33.721903],[-116.336294,33.721928],[-116.336293,33.722021],[-116.336283,33.722062],[-116.336237,33.722087],[-116.336201,33.722124],[-116.33619,33.722171],[-116.336215,33.722275],[-116.336211,33.722329],[-116.336184,33.722376],[-116.336085,33.72248],[-116.336056,33.722523],[-116.336043,33.722559],[-116.33601,33.722756],[-116.335987,33.722801],[-116.335957,33.72285],[-116.335806,33.723022],[-116.335775,33.723079],[-116.335714,33.723285],[-116.335674,33.723384],[-116.33567,33.723426],[-116.33571,33.723597],[-116.335585,33.723743],[-116.335558,33.72379],[-116.335548,33.72383],[-116.335562,33.723974],[-116.335583,33.724013],[-116.335612,33.724047],[-116.335775,33.724124],[-116.33587,33.724343],[-116.335988,33.724492],[-116.336011,33.724544],[-116.336019,33.724599],[-116.336015,33.724738],[-116.336047,33.724716],[-116.336077,33.724673],[-116.336117,33.724642],[-116.336174,33.724629],[-116.336239,33.724647],[-116.336287,33.724686],[-116.336315,33.724752],[-116.336326,33.724832],[-116.336308,33.724894],[-116.336252,33.724981],[-116.336189,33.725016],[-116.336103,33.725027],[-116.336065,33.725023],[-116.336022,33.725004],[-116.335989,33.724967],[-116.335978,33.725027],[-116.335954,33.725081],[-116.335885,33.725172],[-116.33587,33.725227],[-116.335922,33.725348],[-116.335939,33.725466],[-116.335934,33.725535],[-116.335904,33.72569],[-116.335962,33.725818],[-116.336015,33.725883],[-116.336022,33.725914],[-116.336076,33.725957],[-116.336085,33.725982],[-116.336161,33.726015],[-116.336315,33.726004],[-116.336409,33.725974],[-116.336425,33.725932],[-116.336451,33.725907],[-116.336412,33.72569],[-116.33642,33.72564],[-116.336455,33.72555],[-116.33651,33.725463],[-116.336521,33.725423],[-116.336525,33.725382],[-116.336505,33.725294],[-116.336505,33.725253],[-116.336559,33.725056],[-116.336569,33.724943],[-116.336538,33.724818],[-116.336544,33.724779],[-116.336591,33.724694],[-116.336602,33.724592],[-116.336638,33.724422],[-116.336632,33.724189],[-116.336667,33.723847],[-116.336691,33.723726],[-116.336711,33.723667],[-116.336765,33.723574],[-116.336778,33.723515],[-116.336773,33.723432],[-116.336742,33.723312],[-116.336657,33.723361],[-116.336627,33.723352],[-116.336605,33.723297],[-116.33649,33.72325],[-116.336467,33.723225],[-116.336435,33.723221],[-116.336397,33.72324],[-116.33625,33.72335],[-116.336191,33.723378],[-116.336095,33.723403],[-116.336066,33.723464],[-116.336022,33.723488],[-116.335974,33.723556],[-116.335916,33.723619],[-116.335883,33.723633],[-116.335833,33.723619],[-116.335789,33.723595],[-116.335769,33.723559],[-116.335779,33.723521],[-116.335803,33.72349],[-116.335809,33.723455],[-116.335787,33.72337],[-116.335789,33.723338],[-116.33582,33.723306],[-116.335868,33.723283],[-116.335895,33.723257],[-116.335924,33.723162],[-116.335926,33.723079],[-116.335943,33.723041],[-116.335997,33.722971],[-116.336017,33.722931],[-116.336071,33.722879],[-116.336114,33.72263],[-116.336135,33.722591],[-116.336175,33.722544],[-116.336289,33.722513],[-116.336337,33.722485],[-116.336356,33.722448],[-116.336364,33.722402],[-116.336347,33.722358],[-116.33632,33.722321],[-116.33632,33.72229],[-116.336359,33.722249],[-116.336376,33.722152],[-116.336401,33.722076]]]}},{"type":"Feature","properties":{"k":"water"},"geometry":{"type":"Polygon","coordinates":[[[-116.335825,33.722],[-116.335813,33.72197],[-116.335784,33.721973],[-116.335763,33.722006],[-116.335779,33.722052],[-116.335767,33.722151],[-116.335718,33.722279],[-116.335694,33.722314],[-116.33565,33.722325],[-116.335639,33.722344],[-116.335614,33.722354],[-116.335589,33.722345],[-116.335555,33.722374],[-116.335484,33.72238],[-116.335427,33.72241],[-116.335334,33.722489],[-116.335318,33.722529],[-116.335311,33.722598],[-116.335245,33.722656],[-116.335222,33.722718],[-116.33523,33.722765],[-116.335254,33.722801],[-116.335306,33.722816],[-116.335374,33.722824],[-116.335438,33.722819],[-116.33548,33.722801],[-116.335559,33.722715],[-116.335627,33.722679],[-116.335648,33.722655],[-116.335722,33.722613],[-116.335738,33.72258],[-116.335735,33.722519],[-116.335757,33.722496],[-116.33586,33.722443],[-116.33589,33.722417],[-116.335915,33.72238],[-116.335928,33.722335],[-116.335916,33.722302],[-116.335896,33.722276],[-116.335813,33.722228],[-116.335794,33.722192],[-116.335798,33.722165],[-116.335823,33.722119],[-116.335828,33.722075],[-116.335812,33.722041],[-116.335825,33.722]]]}},{"type":"Feature","properties":{"k":"tee"},"geometry":{"type":"Polygon","coordinates":[[[-116.335767,33.725902],[-116.335757,33.725866],[-116.335738,33.725851],[-116.335715,33.725849],[-116.335697,33.72586],[-116.335694,33.725879],[-116.335712,33.725914],[-116.335746,33.725923],[-116.335762,33.725916],[-116.335767,33.725902]]]}},{"type":"Feature","properties":{"k":"tee"},"geometry":{"type":"Polygon","coordinates":[[[-116.335654,33.725753],[-116.335636,33.725712],[-116.335591,33.725679],[-116.335564,33.725672],[-116.335507,33.725678],[-116.335484,33.725691],[-116.335473,33.725712],[-116.335477,33.725743],[-116.33549,33.725766],[-116.335514,33.72579],[-116.335564,33.725816],[-116.33559,33.72582],[-116.335622,33.725815],[-116.33564,33.725804],[-116.335652,33.725787],[-116.335654,33.725753]]]}},{"type":"Feature","properties":{"k":"tee"},"geometry":{"type":"Polygon","coordinates":[[[-116.335536,33.725577],[-116.335513,33.725572],[-116.335474,33.725586],[-116.335465,33.7256],[-116.335481,33.725629],[-116.335504,33.725634],[-116.335541,33.725622],[-116.335552,33.725596],[-116.335536,33.725577]]]}},{"type":"Feature","properties":{"k":"bunker"},"geometry":{"type":"Polygon","coordinates":[[[-116.335682,33.724562],[-116.335696,33.72454],[-116.335685,33.724514],[-116.33566,33.724517],[-116.335637,33.724536],[-116.335631,33.724531],[-116.335644,33.724501],[-116.335623,33.724488],[-116.335606,33.72449],[-116.335595,33.724497],[-116.335589,33.724532],[-116.335571,33.724546],[-116.335552,33.724583],[-116.335524,33.7246],[-116.335516,33.724621],[-116.335581,33.724641],[-116.335621,33.724623],[-116.335642,33.724626],[-116.335704,33.724593],[-116.3357,33.724579],[-116.335679,33.724575],[-116.335682,33.724562]]]}},{"type":"Feature","properties":{"k":"bunker"},"geometry":{"type":"Polygon","coordinates":[[[-116.335189,33.724607],[-116.335174,33.724604],[-116.335146,33.72462],[-116.335153,33.724652],[-116.335144,33.72468],[-116.335187,33.72472],[-116.335237,33.72469],[-116.335272,33.724686],[-116.335289,33.724624],[-116.335281,33.724606],[-116.33522,33.724599],[-116.335213,33.724613],[-116.335236,33.724629],[-116.335237,33.724646],[-116.335224,33.724658],[-116.335204,33.724657],[-116.335199,33.724645],[-116.335221,33.724649],[-116.335227,33.724635],[-116.335189,33.724607]]]}},{"type":"Feature","properties":{"k":"bunker"},"geometry":{"type":"Polygon","coordinates":[[[-116.335593,33.724704],[-116.335578,33.724683],[-116.335537,33.724682],[-116.335521,33.724696],[-116.33552,33.724723],[-116.335541,33.724739],[-116.335575,33.724738],[-116.335594,33.724722],[-116.335593,33.724704]]]}},{"type":"Feature","properties":{"k":"bunker"},"geometry":{"type":"Polygon","coordinates":[[[-116.335524,33.724845],[-116.335527,33.724811],[-116.335487,33.724788],[-116.335479,33.724743],[-116.335442,33.72474],[-116.335429,33.724755],[-116.335437,33.724802],[-116.335461,33.724818],[-116.335456,33.724824],[-116.335431,33.724825],[-116.33543,33.724854],[-116.335472,33.724879],[-116.335505,33.724884],[-116.33552,33.724875],[-116.335524,33.724845]]]}},{"type":"Feature","properties":{"k":"rough"},"geometry":{"type":"Polygon","coordinates":[[[-116.33563,33.724649],[-116.335662,33.724622],[-116.335697,33.724612],[-116.33572,33.724593],[-116.335685,33.724468],[-116.335695,33.724393],[-116.335674,33.724303],[-116.335624,33.724256],[-116.335577,33.724242],[-116.33549,33.724243],[-116.335438,33.724256],[-116.335341,33.724312],[-116.335247,33.724329],[-116.335203,33.72435],[-116.335183,33.724382],[-116.335179,33.724408],[-116.33519,33.724436],[-116.335176,33.724466],[-116.335137,33.724505],[-116.335097,33.724582],[-116.33504,33.724595],[-116.335004,33.724627],[-116.33498,33.724703],[-116.334968,33.724773],[-116.33498,33.72483],[-116.335012,33.72488],[-116.335056,33.724925],[-116.335124,33.724953],[-116.335143,33.725012],[-116.335197,33.725109],[-116.335254,33.725177],[-116.3353,33.725184],[-116.33536,33.725244],[-116.335383,33.725304],[-116.335396,33.725385],[-116.335389,33.725585],[-116.3354,33.725605],[-116.335431,33.725605],[-116.33544,33.725632],[-116.335418,33.72571],[-116.335431,33.725743],[-116.335483,33.725803],[-116.335625,33.725913],[-116.33567,33.725928],[-116.335747,33.725972],[-116.335774,33.725973],[-116.335796,33.725946],[-116.335789,33.725899],[-116.33576,33.725848],[-116.335729,33.725812],[-116.335708,33.725769],[-116.3357,33.725675],[-116.335632,33.725498],[-116.335627,33.725458],[-116.335623,33.725332],[-116.335637,33.725222],[-116.335629,33.725098],[-116.335613,33.725001],[-116.335578,33.724911],[-116.335573,33.724868],[-116.335591,33.724777],[-116.335628,33.724713],[-116.33563,33.724649]]]}},{"type":"Feature","properties":{"k":"green"},"geometry":{"type":"Polygon","coordinates":[[[-116.330489,33.723133],[-116.330483,33.723117],[-116.330454,33.723092],[-116.330409,33.723083],[-116.330366,33.723107],[-116.33032,33.723181],[-116.330315,33.723233],[-116.330323,33.723255],[-116.330357,33.723298],[-116.3304,33.72332],[-116.330447,33.723325],[-116.330481,33.723308],[-116.330498,33.723284],[-116.33051,33.723207],[-116.330489,33.723133]]]}},{"type":"Feature","properties":{"k":"tee"},"geometry":{"type":"Polygon","coordinates":[[[-116.334648,33.725543],[-116.334614,33.725537],[-116.3346,33.725546],[-116.334602,33.725575],[-116.334631,33.725582],[-116.334645,33.725578],[-116.334654,33.725556],[-116.334648,33.725543]]]}},{"type":"Feature","properties":{"k":"tee"},"geometry":{"type":"Polygon","coordinates":[[[-116.334694,33.725433],[-116.33466,33.72542],[-116.33462,33.725434],[-116.334611,33.725449],[-116.334619,33.72548],[-116.334648,33.725494],[-116.334685,33.725488],[-116.334702,33.725468],[-116.334694,33.725433]]]}},{"type":"Feature","properties":{"k":"tee"},"geometry":{"type":"Polygon","coordinates":[[[-116.334709,33.725283],[-116.334693,33.725248],[-116.334682,33.725241],[-116.33466,33.725239],[-116.334643,33.725245],[-116.334631,33.725263],[-116.334626,33.725302],[-116.334636,33.725345],[-116.334665,33.725357],[-116.334697,33.725346],[-116.334709,33.725319],[-116.334709,33.725283]]]}},{"type":"Feature","properties":{"k":"tee"},"geometry":{"type":"Polygon","coordinates":[[[-116.334729,33.725136],[-116.334734,33.725105],[-116.334722,33.725088],[-116.334706,33.725082],[-116.334686,33.725085],[-116.33466,33.725113],[-116.334653,33.725149],[-116.33467,33.725169],[-116.334699,33.725168],[-116.334722,33.725151],[-116.334729,33.725136]]]}},{"type":"Feature","properties":{"k":"bunker"},"geometry":{"type":"Polygon","coordinates":[[[-116.330358,33.723062],[-116.33035,33.723034],[-116.330315,33.723014],[-116.330271,33.723033],[-116.330234,33.723039],[-116.330223,33.723065],[-116.330232,33.723079],[-116.330245,33.723082],[-116.330267,33.723076],[-116.330276,33.723078],[-116.330276,33.723086],[-116.330247,33.723097],[-116.330213,33.723089],[-116.330202,33.723099],[-116.330203,33.72313],[-116.330235,33.723133],[-116.330224,33.723148],[-116.330208,33.723146],[-116.330192,33.723156],[-116.33019,33.723223],[-116.330211,33.723228],[-116.330265,33.723208],[-116.330275,33.723189],[-116.330275,33.723138],[-116.330313,33.723118],[-116.330358,33.723062]]]}},{"type":"Feature","properties":{"k":"bunker"},"geometry":{"type":"Polygon","coordinates":[[[-116.330286,33.723304],[-116.330295,33.723286],[-116.330279,33.723265],[-116.330242,33.723259],[-116.330207,33.723273],[-116.330205,33.723282],[-116.330225,33.723298],[-116.33024,33.723335],[-116.33025,33.723342],[-116.330264,33.723345],[-116.330282,33.723335],[-116.330286,33.723304]]]}},{"type":"Feature","properties":{"k":"bunker"},"geometry":{"type":"Polygon","coordinates":[[[-116.330507,33.723392],[-116.330485,33.723365],[-116.33045,33.723368],[-116.33041,33.723408],[-116.33041,33.723423],[-116.330447,33.723448],[-116.330462,33.723448],[-116.330472,33.723441],[-116.330474,33.723422],[-116.330506,33.723431],[-116.330526,33.723421],[-116.330522,33.7234],[-116.330507,33.723392]]]}},{"type":"Feature","properties":{"k":"rough"},"geometry":{"type":"Polygon","coordinates":[[[-116.330629,33.723428],[-116.330626,33.723378],[-116.330581,33.723342],[-116.330565,33.723316],[-116.330602,33.723239],[-116.330566,33.723197],[-116.330554,33.723162],[-116.330559,33.723128],[-116.330573,33.723104],[-116.330557,33.723044],[-116.330552,33.722971],[-116.330574,33.722896],[-116.330629,33.722825],[-116.330659,33.72276],[-116.330664,33.722717],[-116.330649,33.722714],[-116.330605,33.722759],[-116.330571,33.722773],[-116.330535,33.722778],[-116.330473,33.722811],[-116.330425,33.722817],[-116.330357,33.722843],[-116.330348,33.722886],[-116.3303,33.722957],[-116.330225,33.723001],[-116.330192,33.723053],[-116.330165,33.723076],[-116.33011,33.723203],[-116.330174,33.723244],[-116.330184,33.723281],[-116.33023,33.723345],[-116.330277,33.72337],[-116.330306,33.723402],[-116.330313,33.723424],[-116.330336,33.723442],[-116.330402,33.723436],[-116.330518,33.723485],[-116.330562,33.723491],[-116.33063,33.72347],[-116.330629,33.723428]]]}},{"type":"Feature","properties":{"k":"bunker"},"geometry":{"type":"Polygon","coordinates":[[[-116.335652,33.722277],[-116.335676,33.722262],[-116.335648,33.722226],[-116.33561,33.722228],[-116.335605,33.722235],[-116.335612,33.722251],[-116.335604,33.722266],[-116.335596,33.722266],[-116.335599,33.722243],[-116.335588,33.722229],[-116.33556,33.722231],[-116.335545,33.722245],[-116.335554,33.722289],[-116.335578,33.722311],[-116.335629,33.722296],[-116.335652,33.722277]]]}},{"type":"Feature","properties":{"k":"bunker"},"geometry":{"type":"Polygon","coordinates":[[[-116.33546,33.722313],[-116.335462,33.722285],[-116.33544,33.722272],[-116.335392,33.722283],[-116.335379,33.722297],[-116.335402,33.722332],[-116.33543,33.722348],[-116.335452,33.722335],[-116.33546,33.722313]]]}},{"type":"Feature","properties":{"k":"bunker"},"geometry":{"type":"Polygon","coordinates":[[[-116.335135,33.722259],[-116.335143,33.722244],[-116.335136,33.722228],[-116.335126,33.722222],[-116.335097,33.722228],[-116.335059,33.722283],[-116.335061,33.722301],[-116.33508,33.722309],[-116.335104,33.722305],[-116.335135,33.722259]]]}},{"type":"Feature","properties":{"k":"bunker"},"geometry":{"type":"Polygon","coordinates":[[[-116.335058,33.722235],[-116.335061,33.722219],[-116.335051,33.722211],[-116.334992,33.722219],[-116.334974,33.722253],[-116.334979,33.722279],[-116.335027,33.722285],[-116.335058,33.722235]]]}},{"type":"Feature","properties":{"k":"bunker"},"geometry":{"type":"Polygon","coordinates":[[[-116.334924,33.722426],[-116.33493,33.722409],[-116.334919,33.722391],[-116.334889,33.722391],[-116.33487,33.722376],[-116.334833,33.722382],[-116.334825,33.722403],[-116.334851,33.72241],[-116.334855,33.722419],[-116.334807,33.72242],[-116.334814,33.722494],[-116.334831,33.722503],[-116.334865,33.722494],[-116.334881,33.722475],[-116.33486,33.722448],[-116.334893,33.722458],[-116.334908,33.722449],[-116.334924,33.722426]]]}},{"type":"Feature","properties":{"k":"rough"},"geometry":{"type":"Polygon","coordinates":[[[-116.335751,33.722062],[-116.335742,33.722023],[-116.335759,33.721944],[-116.335731,33.721916],[-116.335643,33.721895],[-116.335502,33.7219],[-116.335368,33.721893],[-116.335321,33.721913],[-116.335192,33.722017],[-116.335188,33.722104],[-116.335163,33.722132],[-116.334951,33.722202],[-116.334861,33.722241],[-116.334785,33.722294],[-116.334747,33.722341],[-116.334628,33.7224],[-116.334545,33.722411],[-116.334507,33.722428],[-116.334471,33.722466],[-116.334441,33.722613],[-116.334441,33.722824],[-116.334399,33.722958],[-116.334406,33.72306],[-116.334397,33.723106],[-116.334427,33.723231],[-116.33442,33.723354],[-116.33445,33.72359],[-116.334387,33.723719],[-116.334386,33.723754],[-116.334406,33.723824],[-116.334406,33.723874],[-116.334381,33.723971],[-116.33438,33.724009],[-116.334393,33.724049],[-116.334386,33.724094],[-116.334311,33.724134],[-116.334283,33.72416],[-116.334254,33.724296],[-116.334207,33.724444],[-116.334214,33.724499],[-116.334247,33.724534],[-116.334291,33.724561],[-116.334361,33.724645],[-116.334398,33.724776],[-116.334419,33.724816],[-116.334525,33.724944],[-116.334566,33.724957],[-116.334613,33.724983],[-116.334638,33.725025],[-116.334638,33.725072],[-116.334591,33.72522],[-116.334609,33.725345],[-116.334579,33.725446],[-116.334577,33.725561],[-116.33459,33.725588],[-116.334627,33.725595],[-116.334657,33.725585],[-116.3347,33.725521],[-116.334731,33.725514],[-116.334761,33.725496],[-116.334764,33.725449],[-116.33474,33.725413],[-116.334751,33.725363],[-116.334817,33.725265],[-116.334791,33.725256],[-116.334756,33.725232],[-116.334742,33.725203],[-116.334771,33.725065],[-116.334816,33.725001],[-116.334826,33.724939],[-116.334802,33.724844],[-116.334807,33.724748],[-116.334835,33.724671],[-116.33492,33.724507],[-116.334975,33.724445],[-116.33502,33.724369],[-116.335088,33.724291],[-116.335114,33.724215],[-116.335122,33.724147],[-116.33515,33.724062],[-116.335216,33.723969],[-116.335301,33.723791],[-116.335313,33.723716],[-116.33531,33.72365],[-116.3354,33.723458],[-116.335419,33.723395],[-116.335411,33.723257],[-116.335364,33.723226],[-116.335307,33.723223],[-116.335245,33.723194],[-116.335215,33.72313],[-116.335229,33.723056],[-116.335312,33.722936],[-116.335306,33.722884],[-116.335221,33.722816],[-116.335209,33.722794],[-116.335204,33.722717],[-116.335218,33.722667],[-116.335284,33.722588],[-116.335301,33.722509],[-116.335363,33.722434],[-116.335447,33.72238],[-116.335635,33.722313],[-116.335678,33.722288],[-116.33575,33.722163],[-116.335757,33.722122],[-116.335751,33.722062]]]}},{"type":"Feature","properties":{"k":"tee"},"geometry":{"type":"Polygon","coordinates":[[[-116.333292,33.721893],[-116.333044,33.721894],[-116.333025,33.72189],[-116.333013,33.721863],[-116.333033,33.721841],[-116.333051,33.721839],[-116.333457,33.721829],[-116.333479,33.721831],[-116.333497,33.721852],[-116.33349,33.721878],[-116.333476,33.721888],[-116.333292,33.721893]]]}},{"type":"Feature","properties":{"k":"rough"},"geometry":{"type":"Polygon","coordinates":[[[-116.333519,33.721851],[-116.333508,33.721826],[-116.333489,33.72181],[-116.333464,33.721803],[-116.333366,33.721818],[-116.33329,33.721806],[-116.333243,33.721806],[-116.333111,33.721821],[-116.333028,33.721811],[-116.332964,33.721776],[-116.332921,33.721782],[-116.332909,33.721798],[-116.332915,33.721832],[-116.332945,33.721873],[-116.332972,33.721897],[-116.333031,33.72192],[-116.333297,33.72192],[-116.333375,33.72194],[-116.333491,33.721897],[-116.333512,33.721878],[-116.333519,33.721851]]]}},{"type":"Feature","properties":{"k":"bunker"},"geometry":{"type":"Polygon","coordinates":[[[-116.3309,33.722075],[-116.330894,33.722063],[-116.330922,33.722046],[-116.330923,33.722026],[-116.330865,33.721999],[-116.330805,33.722021],[-116.330799,33.72204],[-116.330816,33.722054],[-116.330855,33.722044],[-116.33086,33.722051],[-116.330851,33.722064],[-116.330808,33.722078],[-116.330813,33.722091],[-116.330836,33.722102],[-116.330844,33.722114],[-116.330869,33.722121],[-116.330909,33.722108],[-116.330921,33.722083],[-116.3309,33.722075]]]}},{"type":"Feature","properties":{"k":"bunker"},"geometry":{"type":"Polygon","coordinates":[[[-116.330782,33.722167],[-116.330781,33.722148],[-116.330768,33.722131],[-116.330757,33.72213],[-116.330753,33.722144],[-116.330742,33.722144],[-116.330745,33.722122],[-116.330765,33.722116],[-116.330739,33.722083],[-116.330708,33.72208],[-116.330697,33.722087],[-116.330693,33.722098],[-116.330712,33.72211],[-116.33071,33.722116],[-116.330671,33.722103],[-116.330654,33.722112],[-116.330655,33.72214],[-116.330719,33.722187],[-116.330758,33.722186],[-116.330782,33.722167]]]}},{"type":"Feature","properties":{"k":"bunker"},"geometry":{"type":"Polygon","coordinates":[[[-116.330692,33.72225],[-116.330694,33.72223],[-116.330647,33.722209],[-116.330625,33.722173],[-116.330601,33.722173],[-116.330567,33.722203],[-116.330563,33.722229],[-116.330569,33.72224],[-116.330603,33.722251],[-116.33063,33.722274],[-116.330674,33.722271],[-116.330685,33.722266],[-116.330692,33.72225]]]}},{"type":"Feature","properties":{"k":"fairway"},"geometry":{"type":"Polygon","coordinates":[[[-116.332142,33.722099],[-116.332162,33.722033],[-116.332144,33.721994],[-116.332104,33.721958],[-116.33205,33.721943],[-116.331956,33.721936],[-116.331835,33.721942],[-116.331706,33.721958],[-116.331149,33.722065],[-116.331073,33.722086],[-116.33098,33.722124],[-116.330793,33.722253],[-116.330689,33.722361],[-116.330657,33.722414],[-116.330644,33.722458],[-116.330645,33.722502],[-116.330666,33.722548],[-116.330694,33.72258],[-116.330729,33.722604],[-116.330782,33.722618],[-116.330827,33.722617],[-116.330874,33.7226],[-116.331008,33.722514],[-116.331285,33.722401],[-116.331506,33.722273],[-116.331619,33.722221],[-116.33174,33.722179],[-116.332059,33.72213],[-116.33211,33.72212],[-116.332142,33.722099]]]}},{"type":"Feature","properties":{"k":"rough"},"geometry":{"type":"Polygon","coordinates":[[[-116.332297,33.722118],[-116.332273,33.722047],[-116.332277,33.722011],[-116.332302,33.721983],[-116.332395,33.721962],[-116.332438,33.721938],[-116.332448,33.72191],[-116.332443,33.721863],[-116.332416,33.721837],[-116.332352,33.721825],[-116.332304,33.721829],[-116.332253,33.721842],[-116.33216,33.72189],[-116.332113,33.721902],[-116.332066,33.721902],[-116.332031,33.721892],[-116.332023,33.72187],[-116.332,33.721855],[-116.331894,33.72184],[-116.331809,33.721838],[-116.331769,33.721822],[-116.33169,33.721806],[-116.331588,33.721818],[-116.331525,33.721837],[-116.331422,33.721834],[-116.331344,33.721843],[-116.331273,33.721865],[-116.331205,33.721873],[-116.331061,33.721838],[-116.330962,33.721859],[-116.330862,33.721898],[-116.330728,33.721895],[-116.330668,33.721898],[-116.330638,33.721907],[-116.33059,33.721932],[-116.330516,33.721991],[-116.330491,33.722035],[-116.330485,33.722143],[-116.330446,33.722172],[-116.330423,33.722213],[-116.330422,33.72229],[-116.330438,33.722334],[-116.330446,33.722425],[-116.330434,33.722469],[-116.330375,33.722559],[-116.330363,33.722603],[-116.330388,33.722739],[-116.330427,33.722745],[-116.330477,33.722729],[-116.330641,33.722618],[-116.330679,33.722617],[-116.330715,33.722633],[-116.330738,33.72267],[-116.330747,33.722716],[-116.330743,33.722751],[-116.330753,33.722782],[-116.330771,33.722804],[-116.330801,33.722814],[-116.330864,33.722805],[-116.330896,33.722783],[-116.330908,33.722758],[-116.330905,33.722679],[-116.330932,33.722599],[-116.330958,33.722572],[-116.331035,33.722552],[-116.331098,33.722518],[-116.33115,33.722507],[-116.331314,33.722512],[-116.331445,33.722445],[-116.331466,33.722409],[-116.331538,33.722348],[-116.331674,33.722267],[-116.331762,33.722252],[-116.331852,33.722251],[-116.332032,33.722208],[-116.332204,33.72219],[-116.332274,33.722164],[-116.332297,33.722145],[-116.332297,33.722118]]]}},{"type":"Feature","properties":{"k":"fairway"},"geometry":{"type":"Polygon","coordinates":[[[-116.336912,33.726526],[-116.33668,33.726477],[-116.336567,33.726443],[-116.336435,33.726374],[-116.336293,33.726257],[-116.33626,33.726236],[-116.336209,33.726218],[-116.336014,33.726192],[-116.335754,33.726142],[-116.335662,33.726111],[-116.335589,33.726067],[-116.335542,33.726052],[-116.335493,33.726055],[-116.335448,33.726074],[-116.335421,33.726106],[-116.335414,33.726139],[-116.335423,33.726169],[-116.335446,33.726203],[-116.335481,33.726233],[-116.335583,33.726284],[-116.33608,33.726475],[-116.336417,33.726583],[-116.336853,33.726737],[-116.336904,33.726741],[-116.336941,33.726737],[-116.336976,33.726722],[-116.33703,33.726683],[-116.337055,33.726643],[-116.337056,33.726614],[-116.337047,33.726592],[-116.33702,33.726569],[-116.336981,33.726548],[-116.336912,33.726526]]]}},{"type":"Feature","properties":{"k":"bunker"},"geometry":{"type":"Polygon","coordinates":[[[-116.337669,33.726787],[-116.337654,33.726772],[-116.33762,33.726788],[-116.337625,33.726771],[-116.337648,33.726759],[-116.33763,33.726743],[-116.337587,33.726738],[-116.337569,33.726745],[-116.33756,33.726765],[-116.337586,33.726806],[-116.337593,33.726832],[-116.337533,33.72692],[-116.337548,33.726938],[-116.337588,33.726936],[-116.337619,33.726943],[-116.337642,33.726923],[-116.337642,33.726898],[-116.337628,33.726894],[-116.337612,33.726901],[-116.337607,33.726897],[-116.337627,33.726887],[-116.337657,33.726889],[-116.337662,33.726873],[-116.337653,33.726836],[-116.337674,33.726814],[-116.337669,33.726787]]]}},{"type":"Feature","properties":{"k":"bunker"},"geometry":{"type":"Polygon","coordinates":[[[-116.337292,33.726875],[-116.337293,33.726858],[-116.337274,33.726841],[-116.337243,33.726847],[-116.337252,33.726825],[-116.337227,33.726801],[-116.337198,33.726808],[-116.337181,33.726825],[-116.337186,33.726847],[-116.337241,33.726891],[-116.337279,33.726889],[-116.337292,33.726875]]]}},{"type":"Feature","properties":{"k":"bunker"},"geometry":{"type":"Polygon","coordinates":[[[-116.337099,33.726772],[-116.337091,33.726753],[-116.337103,33.726738],[-116.337104,33.72672],[-116.33709,33.726707],[-116.337071,33.726704],[-116.337053,33.726719],[-116.337041,33.726751],[-116.337063,33.726805],[-116.337082,33.726812],[-116.337098,33.726807],[-116.337107,33.726795],[-116.337099,33.726772]]]}},{"type":"Feature","properties":{"k":"bunker"},"geometry":{"type":"Polygon","coordinates":[[[-116.336546,33.726348],[-116.336565,33.726333],[-116.336568,33.726315],[-116.336494,33.726304],[-116.336524,33.726288],[-116.336518,33.726269],[-116.336471,33.726264],[-116.336425,33.726294],[-116.336422,33.726302],[-116.336438,33.726332],[-116.336445,33.726338],[-116.336479,33.72634],[-116.336501,33.72637],[-116.336525,33.726367],[-116.336546,33.726348]]]}},{"type":"Feature","properties":{"k":"bunker"},"geometry":{"type":"Polygon","coordinates":[[[-116.333825,33.725724],[-116.333854,33.72571],[-116.333849,33.725692],[-116.333809,33.72567],[-116.33378,33.725616],[-116.333762,33.725613],[-116.333737,33.725621],[-116.333721,33.725648],[-116.333696,33.725668],[-116.333697,33.72568],[-116.333731,33.725707],[-116.333755,33.725713],[-116.333763,33.725711],[-116.333761,33.725687],[-116.333768,33.725684],[-116.333787,33.725722],[-116.333805,33.725731],[-116.333825,33.725724]]]}},{"type":"Feature","properties":{"k":"bunker"},"geometry":{"type":"Polygon","coordinates":[[[-116.333437,33.725814],[-116.333443,33.725791],[-116.333429,33.725765],[-116.333374,33.725766],[-116.333417,33.725755],[-116.333405,33.725735],[-116.333381,33.725726],[-116.333299,33.72576],[-116.333282,33.725792],[-116.333289,33.725818],[-116.333306,33.72583],[-116.333331,33.725825],[-116.333338,33.725805],[-116.333347,33.725809],[-116.333342,33.725831],[-116.333358,33.725836],[-116.333437,33.725814]]]}},{"type":"Feature","properties":{"k":"bunker"},"geometry":{"type":"Polygon","coordinates":[[[-116.333214,33.725793],[-116.333209,33.725776],[-116.333162,33.725757],[-116.333145,33.725757],[-116.333123,33.725774],[-116.333141,33.725798],[-116.333196,33.725811],[-116.333205,33.725809],[-116.333214,33.725793]]]}},{"type":"Feature","properties":{"k":"bunker"},"geometry":{"type":"Polygon","coordinates":[[[-116.332942,33.725706],[-116.332943,33.725683],[-116.332923,33.72566],[-116.33289,33.725658],[-116.33282,33.725675],[-116.332817,33.72567],[-116.332831,33.725655],[-116.33282,33.725648],[-116.332788,33.725657],[-116.332761,33.72569],[-116.332788,33.725729],[-116.332813,33.725735],[-116.33285,33.725723],[-116.332852,33.725697],[-116.332864,33.725702],[-116.332866,33.725727],[-116.332889,33.725733],[-116.332942,33.725706]]]}},{"type":"Feature","properties":{"k":"bunker"},"geometry":{"type":"Polygon","coordinates":[[[-116.333119,33.725526],[-116.333113,33.725516],[-116.333064,33.725493],[-116.333003,33.725499],[-116.332983,33.725508],[-116.332984,33.725519],[-116.333003,33.725536],[-116.333063,33.725534],[-116.333099,33.72555],[-116.333115,33.725541],[-116.333119,33.725526]]]}},{"type":"Feature","properties":{"k":"bunker"},"geometry":{"type":"Polygon","coordinates":[[[-116.332593,33.725378],[-116.332615,33.725352],[-116.332588,33.725331],[-116.332566,33.725327],[-116.332516,33.725346],[-116.332537,33.725326],[-116.33252,33.725309],[-116.332477,33.725304],[-116.332441,33.725315],[-116.332471,33.725365],[-116.332505,33.725377],[-116.332528,33.725396],[-116.332576,33.725399],[-116.332593,33.725378]]]}},{"type":"Feature","properties":{"k":"tee"},"geometry":{"type":"Polygon","coordinates":[[[-116.330545,33.725031],[-116.330511,33.725015],[-116.330456,33.725004],[-116.330411,33.725015],[-116.330389,33.725045],[-116.330394,33.725083],[-116.330414,33.725113],[-116.330439,33.725128],[-116.330494,33.725138],[-116.330543,33.725134],[-116.330573,33.725118],[-116.330583,33.725094],[-116.330574,33.725065],[-116.330545,33.725031]]]}},{"type":"Feature","properties":{"k":"tee"},"geometry":{"type":"Polygon","coordinates":[[[-116.329803,33.72484],[-116.329771,33.724828],[-116.329688,33.724849],[-116.329661,33.724872],[-116.329662,33.724887],[-116.329685,33.724906],[-116.329732,33.724907],[-116.329794,33.724873],[-116.329806,33.724852],[-116.329803,33.72484]]]}},{"type":"Feature","properties":{"k":"tee"},"geometry":{"type":"Polygon","coordinates":[[[-116.32962,33.724876],[-116.329595,33.724859],[-116.329523,33.724856],[-116.3295,33.724864],[-116.329491,33.724887],[-116.329516,33.724907],[-116.329577,33.724914],[-116.329612,33.724906],[-116.32962,33.724897],[-116.32962,33.724876]]]}},{"type":"Feature","properties":{"k":"tee"},"geometry":{"type":"Polygon","coordinates":[[[-116.334333,33.725819],[-116.334307,33.725791],[-116.334213,33.725769],[-116.33404,33.725755],[-116.334009,33.725774],[-116.334007,33.725795],[-116.334037,33.725824],[-116.334153,33.72584],[-116.334273,33.725894],[-116.334292,33.725894],[-116.334329,33.725869],[-116.334333,33.725819]]]}},{"type":"Feature","properties":{"k":"tee"},"geometry":{"type":"Polygon","coordinates":[[[-116.334643,33.725944],[-116.334657,33.725919],[-116.334654,33.725902],[-116.334637,33.725886],[-116.334585,33.725867],[-116.334553,33.725864],[-116.334525,33.72587],[-116.334509,33.725882],[-116.334507,33.725923],[-116.334538,33.725944],[-116.334588,33.725957],[-116.334643,33.725944]]]}},{"type":"Feature","properties":{"k":"tee"},"geometry":{"type":"Polygon","coordinates":[[[-116.335148,33.725955],[-116.335132,33.72595],[-116.335094,33.725959],[-116.335081,33.725986],[-116.335093,33.726005],[-116.335138,33.72602],[-116.335169,33.72601],[-116.335177,33.725989],[-116.335173,33.725976],[-116.335148,33.725955]]]}},{"type":"Feature","properties":{"k":"fairway"},"geometry":{"type":"Polygon","coordinates":[[[-116.3329,33.725536],[-116.332884,33.725485],[-116.33286,33.725456],[-116.332822,33.725436],[-116.332771,33.72543],[-116.332583,33.725441],[-116.332526,33.725432],[-116.332211,33.725299],[-116.332098,33.72528],[-116.331899,33.725259],[-116.331512,33.725166],[-116.3314,33.725171],[-116.331354,33.725192],[-116.331333,33.725222],[-116.331328,33.725265],[-116.331343,33.725296],[-116.331373,33.725329],[-116.331424,33.725364],[-116.331482,33.725391],[-116.331607,33.725424],[-116.331992,33.725489],[-116.332229,33.725539],[-116.332464,33.725621],[-116.332559,33.725643],[-116.332671,33.725648],[-116.332818,33.725622],[-116.332855,33.725609],[-116.332879,33.725591],[-116.332897,33.725566],[-116.3329,33.725536]]]}},{"type":"Feature","properties":{"k":"rough"},"geometry":{"type":"Polygon","coordinates":[[[-116.334631,33.725737],[-116.334579,33.725724],[-116.334527,33.725697],[-116.334478,33.725683],[-116.334379,33.725705],[-116.334322,33.725729],[-116.334279,33.725766],[-116.334028,33.725747],[-116.334007,33.725761],[-116.333997,33.725781],[-116.334,33.725807],[-116.334024,33.72583],[-116.334111,33.725853],[-116.334142,33.725873],[-116.334166,33.725922],[-116.334203,33.725949],[-116.334298,33.725968],[-116.334481,33.725962],[-116.334694,33.726088],[-116.334814,33.726117],[-116.33498,33.726136],[-116.335055,33.726152],[-116.335165,33.726187],[-116.335294,33.726214],[-116.335362,33.72624],[-116.335606,33.726369],[-116.335634,33.726411],[-116.335686,33.726453],[-116.335737,33.726482],[-116.335851,33.726518],[-116.335915,33.726547],[-116.336001,33.726617],[-116.336043,33.726629],[-116.336202,33.726626],[-116.336249,33.726644],[-116.33631,33.726686],[-116.33635,33.726701],[-116.336503,33.726742],[-116.336672,33.726807],[-116.336912,33.726862],[-116.337196,33.726967],[-116.337292,33.726977],[-116.337403,33.726964],[-116.337529,33.727007],[-116.337627,33.726959],[-116.337665,33.72693],[-116.337687,33.726883],[-116.337701,33.726766],[-116.337687,33.726708],[-116.337664,33.726668],[-116.337617,33.72664],[-116.337556,33.726608],[-116.337422,33.726571],[-116.337343,33.72657],[-116.337218,33.726591],[-116.337166,33.726588],[-116.337119,33.726569],[-116.337065,33.726489],[-116.336974,33.726424],[-116.336873,33.726393],[-116.336736,33.726388],[-116.336666,33.726376],[-116.33663,33.726354],[-116.336599,33.726295],[-116.336424,33.726197],[-116.336391,33.726162],[-116.336379,33.726116],[-116.336351,33.72609],[-116.336289,33.726071],[-116.336206,33.726059],[-116.336032,33.726071],[-116.335864,33.72604],[-116.335682,33.72597],[-116.335615,33.725961],[-116.335523,33.725962],[-116.335456,33.725937],[-116.33542,33.725911],[-116.335179,33.725813],[-116.335148,33.725784],[-116.335163,33.725665],[-116.335154,33.725604],[-116.335127,33.725557],[-116.33507,33.725516],[-116.335035,33.725514],[-116.334955,33.725546],[-116.334875,33.72566],[-116.334851,33.725687],[-116.334812,33.725709],[-116.334731,33.725728],[-116.334631,33.725737]]]}},{"type":"Feature","properties":{"k":"rough"},"geometry":{"type":"Polygon","coordinates":[[[-116.333827,33.725915],[-116.333857,33.725882],[-116.333891,33.725741],[-116.333876,33.725705],[-116.333822,33.725669],[-116.333808,33.725649],[-116.333804,33.72559],[-116.333731,33.725555],[-116.333613,33.725537],[-116.333318,33.725525],[-116.333192,33.7255],[-116.332902,33.725424],[-116.33278,33.72534],[-116.332733,33.725319],[-116.332647,33.725295],[-116.332498,33.725266],[-116.332365,33.725268],[-116.332205,33.725215],[-116.332051,33.725189],[-116.331956,33.725144],[-116.331912,33.725131],[-116.331714,33.725127],[-116.331659,33.725107],[-116.331587,33.725068],[-116.331514,33.72507],[-116.331377,33.725094],[-116.331298,33.725098],[-116.331214,33.725086],[-116.331068,33.725044],[-116.330832,33.725027],[-116.330755,33.725002],[-116.330689,33.724993],[-116.330519,33.724996],[-116.330399,33.72498],[-116.330368,33.725008],[-116.330356,33.72505],[-116.330358,33.725095],[-116.330389,33.725141],[-116.330441,33.725172],[-116.330505,33.72518],[-116.330574,33.725206],[-116.3306,33.725271],[-116.33065,33.725317],[-116.33079,33.725388],[-116.331068,33.725427],[-116.331157,33.725453],[-116.331254,33.725491],[-116.331547,33.725529],[-116.331683,33.725559],[-116.331765,33.725604],[-116.331856,33.725634],[-116.332088,33.725663],[-116.332263,33.725667],[-116.332371,33.725679],[-116.33246,33.725698],[-116.332527,33.725729],[-116.332619,33.725791],[-116.332777,33.725852],[-116.332995,33.725881],[-116.333119,33.725934],[-116.33327,33.725972],[-116.333342,33.725982],[-116.333495,33.725981],[-116.33358,33.726013],[-116.333656,33.726012],[-116.333716,33.725999],[-116.333827,33.725915]]]}},{"type":"Feature","properties":{"k":"rough"},"geometry":{"type":"Polygon","coordinates":[[[-116.32987,33.724848],[-116.329881,33.724832],[-116.329878,33.724808],[-116.329853,33.724793],[-116.329813,33.724796],[-116.329729,33.724828],[-116.329679,33.724838],[-116.329518,33.724848],[-116.329479,33.72486],[-116.329467,33.724885],[-116.329484,33.72491],[-116.329523,33.724923],[-116.329725,33.724937],[-116.329794,33.724909],[-116.32987,33.724848]]]}},{"type":"Feature","properties":{"k":"rough"},"geometry":{"type":"Polygon","coordinates":[[[-116.329318,33.724806],[-116.32931,33.724773],[-116.329205,33.724724],[-116.329083,33.724695],[-116.329061,33.724702],[-116.329048,33.724719],[-116.329061,33.724768],[-116.329138,33.7248],[-116.32925,33.72483],[-116.329286,33.724829],[-116.329307,33.724821],[-116.329318,33.724806]]]}},{"type":"Feature","properties":{"k":"tee"},"geometry":{"type":"Polygon","coordinates":[[[-116.329439,33.726718],[-116.329411,33.726702],[-116.329361,33.726697],[-116.329315,33.726706],[-116.329273,33.72673],[-116.329252,33.726758],[-116.329246,33.726795],[-116.329257,33.72683],[-116.329281,33.726856],[-116.329326,33.726874],[-116.329386,33.72687],[-116.329436,33.726853],[-116.329465,33.726825],[-116.329474,33.726793],[-116.32947,33.72676],[-116.329439,33.726718]]]}},{"type":"Feature","properties":{"k":"tee"},"geometry":{"type":"Polygon","coordinates":[[[-116.328972,33.726941],[-116.328969,33.726924],[-116.328951,33.726907],[-116.328893,33.726904],[-116.328841,33.726932],[-116.328825,33.726954],[-116.328825,33.726982],[-116.328851,33.727004],[-116.328879,33.727008],[-116.328913,33.727],[-116.328961,33.72697],[-116.328972,33.726941]]]}},{"type":"Feature","properties":{"k":"tee"},"geometry":{"type":"Polygon","coordinates":[[[-116.328766,33.727035],[-116.328763,33.727013],[-116.328744,33.726995],[-116.328698,33.726991],[-116.328635,33.727015],[-116.328617,33.727037],[-116.328615,33.727058],[-116.328624,33.727075],[-116.328644,33.727086],[-116.328672,33.727089],[-116.328735,33.727063],[-116.328766,33.727035]]]}},{"type":"Feature","properties":{"k":"tee"},"geometry":{"type":"Polygon","coordinates":[[[-116.328205,33.727788],[-116.32812,33.727827],[-116.328099,33.727851],[-116.328101,33.727865],[-116.328131,33.727878],[-116.328154,33.727876],[-116.328343,33.727801],[-116.328363,33.727773],[-116.328351,33.727756],[-116.328323,33.727752],[-116.328205,33.727788]]]}},{"type":"Feature","properties":{"k":"bunker"},"geometry":{"type":"Polygon","coordinates":[[[-116.326891,33.727735],[-116.326896,33.727713],[-116.326885,33.727708],[-116.326851,33.72771],[-116.326809,33.727701],[-116.326793,33.727711],[-116.326788,33.727725],[-116.326815,33.727748],[-116.32681,33.727753],[-116.326776,33.727732],[-116.326738,33.727731],[-116.326714,33.727739],[-116.326711,33.727762],[-116.326719,33.727774],[-116.326789,33.727796],[-116.326835,33.727778],[-116.326891,33.727735]]]}},{"type":"Feature","properties":{"k":"bunker"},"geometry":{"type":"Polygon","coordinates":[[[-116.326172,33.727822],[-116.326167,33.727795],[-116.326153,33.727784],[-116.326116,33.727783],[-116.3261,33.727798],[-116.326116,33.727816],[-116.326081,33.727811],[-116.32602,33.72783],[-116.325992,33.727847],[-116.325991,33.727856],[-116.326001,33.727872],[-116.326021,33.727879],[-116.326045,33.727876],[-116.326074,33.727858],[-116.326079,33.72786],[-116.326071,33.727879],[-116.326089,33.727886],[-116.326162,33.72784],[-116.326172,33.727822]]]}},{"type":"Feature","properties":{"k":"bunker"},"geometry":{"type":"Polygon","coordinates":[[[-116.326095,33.728064],[-116.32606,33.727997],[-116.325997,33.727999],[-116.325968,33.728015],[-116.325969,33.728041],[-116.325994,33.728065],[-116.326056,33.728085],[-116.326088,33.728077],[-116.326095,33.728064]]]}},{"type":"Feature","properties":{"k":"bunker"},"geometry":{"type":"Polygon","coordinates":[[[-116.32648,33.728024],[-116.326465,33.727998],[-116.326441,33.72799],[-116.32641,33.728012],[-116.326369,33.728017],[-116.326353,33.728033],[-116.326355,33.728055],[-116.326334,33.728079],[-116.326337,33.728101],[-116.326363,33.728112],[-116.326387,33.728107],[-116.326425,33.728071],[-116.326466,33.728054],[-116.32648,33.728024]]]}},{"type":"Feature","properties":{"k":"tee"},"geometry":{"type":"Polygon","coordinates":[[[-116.328122,33.726957],[-116.32809,33.726962],[-116.328064,33.726989],[-116.328074,33.727014],[-116.328103,33.727031],[-116.328168,33.727029],[-116.328183,33.727009],[-116.328184,33.726981],[-116.328161,33.726964],[-116.328122,33.726957]]]}},{"type":"Feature","properties":{"k":"tee"},"geometry":{"type":"Polygon","coordinates":[[[-116.32769,33.726977],[-116.327634,33.726974],[-116.32755,33.72699],[-116.327512,33.727009],[-116.327493,33.72705],[-116.327507,33.727071],[-116.327527,33.727079],[-116.327564,33.727081],[-116.32774,33.727051],[-116.327756,33.727036],[-116.327758,33.727018],[-116.327745,33.726999],[-116.32769,33.726977]]]}},{"type":"Feature","properties":{"k":"tee"},"geometry":{"type":"Polygon","coordinates":[[[-116.327342,33.727094],[-116.327336,33.727077],[-116.327318,33.72706],[-116.32725,33.727055],[-116.327224,33.727066],[-116.32721,33.727084],[-116.327206,33.727108],[-116.327214,33.727129],[-116.327231,33.727143],[-116.327285,33.727144],[-116.327326,33.727123],[-116.327342,33.727094]]]}},{"type":"Feature","properties":{"k":"tee"},"geometry":{"type":"Polygon","coordinates":[[[-116.327016,33.727218],[-116.326936,33.727232],[-116.326912,33.72725],[-116.326905,33.727269],[-116.326911,33.727285],[-116.326948,33.727303],[-116.327004,33.727302],[-116.327025,33.727293],[-116.32705,33.727272],[-116.327052,33.727252],[-116.327046,33.727235],[-116.327016,33.727218]]]}},{"type":"Feature","properties":{"k":"green"},"geometry":{"type":"Polygon","coordinates":[[[-116.324299,33.727672],[-116.324223,33.727646],[-116.32419,33.72764],[-116.32416,33.727644],[-116.324042,33.727714],[-116.324034,33.727732],[-116.32404,33.727749],[-116.324056,33.727761],[-116.324217,33.727818],[-116.324279,33.727826],[-116.32431,33.727822],[-116.324333,33.727811],[-116.324354,33.727788],[-116.324363,33.727761],[-116.32436,33.727734],[-116.324347,33.727709],[-116.324299,33.727672]]]}},{"type":"Feature","properties":{"k":"bunker"},"geometry":{"type":"Polygon","coordinates":[[[-116.324814,33.727521],[-116.324848,33.727512],[-116.324857,33.7275],[-116.324847,33.727472],[-116.324827,33.72746],[-116.324811,33.72746],[-116.324781,33.727485],[-116.324769,33.727461],[-116.324751,33.727462],[-116.324739,33.727472],[-116.324737,33.727489],[-116.32477,33.727532],[-116.324795,33.727533],[-116.324814,33.727521]]]}},{"type":"Feature","properties":{"k":"bunker"},"geometry":{"type":"Polygon","coordinates":[[[-116.324725,33.727571],[-116.324722,33.727554],[-116.324699,33.727543],[-116.324626,33.72755],[-116.324629,33.727541],[-116.324653,33.727536],[-116.324657,33.727519],[-116.32465,33.727507],[-116.324626,33.727492],[-116.324547,33.727479],[-116.324518,33.72749],[-116.324503,33.727505],[-116.324508,33.727524],[-116.324524,33.727537],[-116.324585,33.727527],[-116.324583,33.727536],[-116.324568,33.727539],[-116.324558,33.727548],[-116.324578,33.727585],[-116.324589,33.727591],[-116.324638,33.727585],[-116.324707,33.727594],[-116.324725,33.727571]]]}},{"type":"Feature","properties":{"k":"bunker"},"geometry":{"type":"Polygon","coordinates":[[[-116.324336,33.727603],[-116.324329,33.727553],[-116.324303,33.72755],[-116.324283,33.72757],[-116.324278,33.727549],[-116.324261,33.727545],[-116.324229,33.727566],[-116.32423,33.72758],[-116.324242,33.72759],[-116.324231,33.727596],[-116.32423,33.72761],[-116.324249,33.727623],[-116.324327,33.727633],[-116.324338,33.727617],[-116.324336,33.727603]]]}},{"type":"Feature","properties":{"k":"bunker"},"geometry":{"type":"Polygon","coordinates":[[[-116.324046,33.727674],[-116.324065,33.727663],[-116.324065,33.727654],[-116.324048,33.727637],[-116.32404,33.727614],[-116.323983,33.727616],[-116.323977,33.727627],[-116.323993,33.72765],[-116.323994,33.727686],[-116.324016,33.727686],[-116.324046,33.727674]]]}},{"type":"Feature","properties":{"k":"bunker"},"geometry":{"type":"Polygon","coordinates":[[[-116.32395,33.727754],[-116.323949,33.727733],[-116.323982,33.727683],[-116.323978,33.727655],[-116.323958,33.727637],[-116.323931,33.727646],[-116.323927,33.727676],[-116.323915,33.727671],[-116.32391,33.727653],[-116.323878,33.727654],[-116.323834,33.72769],[-116.323783,33.727695],[-116.323764,33.727722],[-116.323777,33.72774],[-116.323831,33.727746],[-116.32387,33.727716],[-116.32389,33.727714],[-116.323893,33.727724],[-116.323878,33.727724],[-116.323867,33.727735],[-116.323877,33.727753],[-116.323875,33.727781],[-116.323899,33.727798],[-116.323952,33.727784],[-116.32395,33.727754]]]}},{"type":"Feature","properties":{"k":"bunker"},"geometry":{"type":"Polygon","coordinates":[[[-116.324043,33.727838],[-116.323989,33.72782],[-116.323958,33.727834],[-116.32395,33.727853],[-116.323979,33.727873],[-116.324013,33.727874],[-116.324047,33.727884],[-116.324079,33.72788],[-116.324092,33.727867],[-116.324094,33.727852],[-116.324081,33.727841],[-116.324043,33.727838]]]}},{"type":"Feature","properties":{"k":"bunker"},"geometry":{"type":"Polygon","coordinates":[[[-116.324561,33.72779],[-116.324516,33.727763],[-116.324473,33.727764],[-116.324447,33.727747],[-116.324426,33.727752],[-116.324411,33.727766],[-116.324429,33.727793],[-116.324435,33.727823],[-116.324458,33.727836],[-116.324502,33.727827],[-116.324545,33.72784],[-116.324571,33.727834],[-116.324581,33.727807],[-116.324561,33.72779]]]}},{"type":"Feature","properties":{"k":"tee"},"geometry":{"type":"Polygon","coordinates":[[[-116.323913,33.728209],[-116.323905,33.728193],[-116.323881,33.728182],[-116.323848,33.728178],[-116.32381,33.728185],[-116.323794,33.728199],[-116.323792,33.72822],[-116.323818,33.728248],[-116.32387,33.728254],[-116.323906,33.728238],[-116.323913,33.728209]]]}},{"type":"Feature","properties":{"k":"tee"},"geometry":{"type":"Polygon","coordinates":[[[-116.324287,33.728225],[-116.324269,33.728212],[-116.324229,33.728202],[-116.32408,33.728198],[-116.324045,33.728202],[-116.324025,33.728213],[-116.324012,33.728245],[-116.324029,33.728276],[-116.324053,33.728286],[-116.324217,33.728301],[-116.324247,33.728298],[-116.324287,33.728274],[-116.324294,33.728261],[-116.324287,33.728225]]]}},{"type":"Feature","properties":{"k":"tee"},"geometry":{"type":"Polygon","coordinates":[[[-116.324576,33.728257],[-116.324526,33.728257],[-116.324505,33.728271],[-116.324498,33.728305],[-116.324509,33.728325],[-116.32453,33.728338],[-116.324575,33.728338],[-116.324603,33.728315],[-116.324603,33.728282],[-116.324576,33.728257]]]}},{"type":"Feature","properties":{"k":"bunker"},"geometry":{"type":"Polygon","coordinates":[[[-116.327878,33.728301],[-116.327882,33.728267],[-116.32787,33.728243],[-116.327854,33.728239],[-116.327834,33.728249],[-116.327823,33.728235],[-116.3278,33.728229],[-116.32777,33.728241],[-116.327772,33.728304],[-116.327851,33.728321],[-116.327878,33.728301]]]}},{"type":"Feature","properties":{"k":"bunker"},"geometry":{"type":"Polygon","coordinates":[[[-116.327971,33.728509],[-116.327963,33.72849],[-116.327913,33.728465],[-116.327844,33.728504],[-116.327832,33.728533],[-116.327834,33.728546],[-116.327854,33.728565],[-116.327877,33.728569],[-116.327907,33.728546],[-116.327893,33.728526],[-116.327908,33.728525],[-116.327919,33.728538],[-116.327941,33.72854],[-116.327962,33.728529],[-116.327971,33.728509]]]}},{"type":"Feature","properties":{"k":"bunker"},"geometry":{"type":"Polygon","coordinates":[[[-116.327645,33.728616],[-116.327639,33.728587],[-116.327622,33.728582],[-116.327588,33.72859],[-116.327576,33.728608],[-116.327584,33.728633],[-116.327655,33.728679],[-116.327688,33.728671],[-116.327709,33.728655],[-116.327717,33.728627],[-116.327706,33.728609],[-116.327678,33.728599],[-116.327658,33.728606],[-116.327654,33.728626],[-116.327645,33.728616]]]}},{"type":"Feature","properties":{"k":"bunker"},"geometry":{"type":"Polygon","coordinates":[[[-116.327618,33.728529],[-116.327618,33.728508],[-116.32759,33.728497],[-116.327517,33.728515],[-116.32745,33.72851],[-116.327426,33.728528],[-116.327475,33.728594],[-116.327495,33.728605],[-116.327518,33.7286],[-116.327534,33.728586],[-116.327512,33.728555],[-116.327548,33.728567],[-116.327568,33.728547],[-116.327598,33.728546],[-116.327618,33.728529]]]}},{"type":"Feature","properties":{"k":"bunker"},"geometry":{"type":"Polygon","coordinates":[[[-116.326813,33.728505],[-116.326809,33.728484],[-116.326781,33.728474],[-116.326732,33.728485],[-116.326706,33.728482],[-116.326676,33.728505],[-116.32669,33.728532],[-116.326735,33.728525],[-116.326735,33.728541],[-116.326755,33.728552],[-116.326773,33.728547],[-116.326786,33.728526],[-116.326813,33.728505]]]}},{"type":"Feature","properties":{"k":"bunker"},"geometry":{"type":"Polygon","coordinates":[[[-116.326261,33.728679],[-116.326249,33.72866],[-116.326238,33.728657],[-116.326201,33.728664],[-116.326161,33.728662],[-116.326148,33.728674],[-116.326162,33.728687],[-116.326232,33.728698],[-116.326246,33.728696],[-116.326261,33.728679]]]}},{"type":"Feature","properties":{"k":"bunker"},"geometry":{"type":"Polygon","coordinates":[[[-116.3257,33.728311],[-116.325721,33.728279],[-116.325713,33.728258],[-116.325701,33.728251],[-116.325642,33.728248],[-116.325629,33.728254],[-116.325621,33.728272],[-116.325589,33.728284],[-116.325573,33.728303],[-116.325585,33.728328],[-116.325596,33.728329],[-116.325627,33.728319],[-116.32567,33.728329],[-116.325691,33.728323],[-116.3257,33.728311]]]}},{"type":"Feature","properties":{"k":"bunker"},"geometry":{"type":"Polygon","coordinates":[[[-116.325619,33.728377],[-116.325634,33.728365],[-116.325633,33.728347],[-116.325616,33.728342],[-116.325596,33.728348],[-116.32558,33.728345],[-116.325558,33.72831],[-116.32553,33.728303],[-116.325507,33.728311],[-116.3255,33.72832],[-116.325501,33.728353],[-116.325474,33.728355],[-116.325456,33.728366],[-116.325452,33.72838],[-116.325457,33.728397],[-116.325473,33.728411],[-116.325518,33.728409],[-116.325557,33.728427],[-116.325586,33.728414],[-116.32558,33.728382],[-116.325619,33.728377]]]}},{"type":"Feature","properties":{"k":"rough"},"geometry":{"type":"Polygon","coordinates":[[[-116.329515,33.726839],[-116.329509,33.726792],[-116.32948,33.726736],[-116.329434,33.7267],[-116.329365,33.72668],[-116.329304,33.726674],[-116.32927,33.726648],[-116.329196,33.726658],[-116.329099,33.726694],[-116.328978,33.726778],[-116.328986,33.726805],[-116.329053,33.726849],[-116.32907,33.726903],[-116.329059,33.726955],[-116.329021,33.727009],[-116.32896,33.727059],[-116.328911,33.727066],[-116.328914,33.727038],[-116.328979,33.726992],[-116.329002,33.726953],[-116.329,33.726913],[-116.328974,33.726879],[-116.328924,33.726864],[-116.328871,33.726866],[-116.328769,33.726929],[-116.328716,33.726943],[-116.328649,33.72695],[-116.328611,33.726966],[-116.328517,33.727038],[-116.328484,33.727053],[-116.328446,33.727089],[-116.328416,33.72715],[-116.32839,33.727167],[-116.328329,33.727176],[-116.328259,33.727146],[-116.328215,33.727151],[-116.328165,33.727183],[-116.327981,33.727346],[-116.327913,33.727383],[-116.327846,33.727404],[-116.327671,33.727411],[-116.327599,33.727425],[-116.327537,33.727457],[-116.327431,33.727546],[-116.32736,33.727575],[-116.327273,33.727592],[-116.327182,33.7276],[-116.326943,33.727653],[-116.32678,33.72765],[-116.326553,33.727683],[-116.3265,33.727745],[-116.326452,33.727755],[-116.326418,33.727738],[-116.32641,33.727699],[-116.326431,33.727663],[-116.326498,33.727634],[-116.326473,33.727621],[-116.326459,33.727587],[-116.32647,33.727563],[-116.32642,33.727586],[-116.326342,33.727605],[-116.326259,33.727603],[-116.32607,33.727627],[-116.325998,33.727654],[-116.326064,33.727728],[-116.326065,33.727761],[-116.326016,33.727787],[-116.325985,33.727822],[-116.325974,33.727853],[-116.325966,33.727902],[-116.325979,33.727928],[-116.325966,33.727966],[-116.325944,33.727985],[-116.325927,33.728021],[-116.325922,33.728061],[-116.325971,33.728112],[-116.325973,33.728148],[-116.325938,33.728191],[-116.325873,33.7282],[-116.325807,33.728189],[-116.32567,33.72814],[-116.325593,33.728091],[-116.325566,33.728057],[-116.325639,33.727956],[-116.325634,33.727904],[-116.325579,33.727879],[-116.325382,33.727885],[-116.325308,33.727879],[-116.325175,33.727844],[-116.325101,33.727843],[-116.324945,33.727867],[-116.324872,33.727885],[-116.324775,33.727922],[-116.324669,33.727943],[-116.324716,33.727967],[-116.324761,33.728008],[-116.32484,33.728149],[-116.324848,33.728236],[-116.324825,33.728342],[-116.324748,33.72847],[-116.324747,33.728519],[-116.324784,33.728557],[-116.324834,33.72858],[-116.325019,33.728615],[-116.325202,33.728636],[-116.325372,33.728686],[-116.325456,33.7287],[-116.325789,33.728721],[-116.325896,33.728714],[-116.32598,33.728696],[-116.326077,33.728696],[-116.326286,33.728728],[-116.326383,33.728732],[-116.32668,33.728673],[-116.326771,33.728675],[-116.326861,33.728699],[-116.326947,33.72874],[-116.327025,33.728763],[-116.32711,33.728767],[-116.3273,33.728751],[-116.327355,33.728693],[-116.327422,33.728689],[-116.327488,33.728706],[-116.327531,33.728726],[-116.327588,33.72873],[-116.32781,33.728677],[-116.327875,33.728704],[-116.327972,33.728713],[-116.32805,33.728716],[-116.328119,33.728701],[-116.328155,33.728664],[-116.328164,33.728621],[-116.328158,33.728531],[-116.328074,33.728384],[-116.327973,33.728339],[-116.327935,33.728311],[-116.327888,33.728209],[-116.327838,33.728178],[-116.327792,33.728172],[-116.327743,33.728153],[-116.327722,33.728112],[-116.327742,33.728079],[-116.32781,33.728049],[-116.327825,33.728012],[-116.327816,33.727971],[-116.32782,33.727944],[-116.327881,33.7279],[-116.32794,33.727874],[-116.327969,33.727877],[-116.328016,33.727857],[-116.328058,33.7278],[-116.328097,33.72776],[-116.328125,33.727743],[-116.328133,33.727711],[-116.328163,33.727675],[-116.328254,33.727655],[-116.32836,33.727597],[-116.328419,33.727591],[-116.328602,33.72749],[-116.328648,33.727527],[-116.328638,33.727567],[-116.328587,33.727595],[-116.328531,33.727602],[-116.328472,33.727652],[-116.328366,33.727713],[-116.328267,33.727742],[-116.328117,33.727813],[-116.328094,33.727831],[-116.32808,33.727858],[-116.328084,33.72788],[-116.328141,33.727893],[-116.328396,33.727809],[-116.328557,33.727801],[-116.328596,33.727791],[-116.328686,33.727709],[-116.328726,33.727698],[-116.328794,33.727703],[-116.328864,33.727721],[-116.328926,33.727716],[-116.328958,33.727698],[-116.32909,33.727584],[-116.329111,33.72755],[-116.329114,33.727527],[-116.329103,33.727514],[-116.329017,33.727492],[-116.328967,33.727469],[-116.328935,33.727429],[-116.328922,33.727391],[-116.328929,33.727344],[-116.328947,33.727294],[-116.328984,33.727257],[-116.329104,33.727163],[-116.329264,33.726988],[-116.329391,33.726896],[-116.329469,33.726872],[-116.329515,33.726839]]]}},{"type":"Feature","properties":{"k":"rough"},"geometry":{"type":"Polygon","coordinates":[[[-116.328212,33.727122],[-116.328219,33.727103],[-116.328193,33.727053],[-116.328201,33.726993],[-116.328184,33.726961],[-116.328137,33.726938],[-116.328027,33.726952],[-116.32799,33.726948],[-116.327964,33.726925],[-116.327956,33.726845],[-116.32792,33.726818],[-116.327851,33.726807],[-116.327765,33.72681],[-116.32765,33.726786],[-116.327585,33.726785],[-116.327528,33.726845],[-116.327512,33.7269],[-116.327461,33.726919],[-116.327175,33.726926],[-116.327104,33.72694],[-116.326966,33.726985],[-116.326809,33.726987],[-116.326734,33.727006],[-116.326637,33.72707],[-116.326577,33.727086],[-116.326526,33.727087],[-116.326465,33.727078],[-116.326406,33.727086],[-116.326311,33.727133],[-116.32625,33.727147],[-116.326198,33.72717],[-116.326144,33.72718],[-116.326114,33.727183],[-116.326006,33.727142],[-116.325932,33.727141],[-116.325874,33.727154],[-116.325806,33.727232],[-116.325738,33.727278],[-116.325691,33.727265],[-116.325643,33.727222],[-116.325613,33.727208],[-116.325565,33.727239],[-116.325552,33.727278],[-116.325508,33.727302],[-116.325389,33.727314],[-116.32534,33.727329],[-116.325304,33.727353],[-116.325277,33.72736],[-116.325244,33.727352],[-116.325192,33.727355],[-116.324915,33.727428],[-116.324853,33.727415],[-116.324799,33.727385],[-116.324736,33.727377],[-116.324625,33.72738],[-116.32426,33.727441],[-116.324162,33.727467],[-116.323925,33.727565],[-116.323753,33.727697],[-116.323748,33.727736],[-116.323776,33.727765],[-116.323939,33.727865],[-116.323996,33.727889],[-116.324288,33.727944],[-116.324383,33.727942],[-116.324663,33.727908],[-116.32477,33.727885],[-116.324898,33.727842],[-116.32506,33.727817],[-116.325205,33.727815],[-116.325259,33.727835],[-116.325312,33.727841],[-116.3255,33.727842],[-116.325582,33.727834],[-116.325636,33.727818],[-116.325863,33.727676],[-116.325932,33.72764],[-116.326192,33.72757],[-116.326397,33.727565],[-116.326556,33.727458],[-116.326636,33.727415],[-116.326808,33.727363],[-116.3269,33.727387],[-116.326939,33.727431],[-116.326928,33.727536],[-116.326887,33.727623],[-116.326959,33.727628],[-116.327155,33.727584],[-116.327306,33.727559],[-116.327384,33.727536],[-116.327557,33.727417],[-116.327625,33.727394],[-116.327781,33.727385],[-116.327859,33.727374],[-116.327918,33.727352],[-116.327974,33.727318],[-116.328118,33.727183],[-116.328212,33.727122]]]}},{"type":"Feature","properties":{"k":"tee"},"geometry":{"type":"Polygon","coordinates":[[[-116.328485,33.728418],[-116.328458,33.728397],[-116.328428,33.728397],[-116.328411,33.728408],[-116.328405,33.728426],[-116.328414,33.728441],[-116.328464,33.72845],[-116.328483,33.728434],[-116.328485,33.728418]]]}},{"type":"Feature","properties":{"k":"tee"},"geometry":{"type":"Polygon","coordinates":[[[-116.328784,33.728423],[-116.328752,33.728396],[-116.328714,33.728392],[-116.328683,33.7284],[-116.328668,33.728412],[-116.328665,33.72843],[-116.328688,33.728458],[-116.328741,33.728469],[-116.328778,33.728455],[-116.328784,33.728423]]]}},{"type":"Feature","properties":{"k":"tee"},"geometry":{"type":"Polygon","coordinates":[[[-116.329143,33.72843],[-116.329092,33.728403],[-116.329052,33.728403],[-116.329016,33.728411],[-116.32899,33.728426],[-116.32898,33.728449],[-116.328988,33.728472],[-116.32903,33.728501],[-116.329086,33.728513],[-116.329133,33.728493],[-116.329147,33.728458],[-116.329143,33.72843]]]}},{"type":"Feature","properties":{"k":"tee"},"geometry":{"type":"Polygon","coordinates":[[[-116.329341,33.72844],[-116.329302,33.728426],[-116.329272,33.728429],[-116.329241,33.728454],[-116.329241,33.728489],[-116.329267,33.72851],[-116.329288,33.728515],[-116.329332,33.728505],[-116.32935,33.728482],[-116.329341,33.72844]]]}},{"type":"Feature","properties":{"k":"water"},"geometry":{"type":"Polygon","coordinates":[[[-116.330918,33.728691],[-116.330947,33.728676],[-116.330962,33.728649],[-116.330941,33.728621],[-116.330908,33.728604],[-116.330789,33.728625],[-116.330694,33.728625],[-116.330622,33.728611],[-116.330559,33.728585],[-116.330475,33.72858],[-116.330451,33.72857],[-116.330385,33.728578],[-116.330315,33.728576],[-116.330283,33.728587],[-116.330244,33.728587],[-116.330233,33.728573],[-116.330202,33.728558],[-116.330123,33.728547],[-116.330091,33.728521],[-116.330082,33.728496],[-116.330092,33.728467],[-116.33015,33.728449],[-116.330184,33.728424],[-116.330201,33.728406],[-116.330204,33.728383],[-116.330185,33.72836],[-116.33009,33.728329],[-116.329966,33.728326],[-116.329894,33.728308],[-116.329856,33.728288],[-116.329817,33.728302],[-116.329754,33.72836],[-116.329711,33.728372],[-116.329642,33.728376],[-116.329602,33.728388],[-116.329556,33.728412],[-116.329539,33.728436],[-116.329533,33.728462],[-116.329542,33.728483],[-116.32959,33.728516],[-116.329707,33.728504],[-116.329865,33.728586],[-116.32998,33.728591],[-116.330051,33.728576],[-116.330083,33.72858],[-116.330156,33.72861],[-116.330267,33.728624],[-116.330338,33.728668],[-116.330373,33.728677],[-116.330487,33.728649],[-116.33062,33.728641],[-116.330716,33.728672],[-116.330761,33.728672],[-116.330819,33.728656],[-116.330833,33.728678],[-116.330856,33.728691],[-116.330918,33.728691]]]}},{"type":"Feature","properties":{"k":"green"},"geometry":{"type":"Polygon","coordinates":[[[-116.330834,33.728344],[-116.330817,33.728333],[-116.330761,33.728327],[-116.330627,33.728352],[-116.330606,33.728366],[-116.330593,33.72841],[-116.330614,33.728461],[-116.330644,33.728497],[-116.33069,33.728519],[-116.330717,33.72852],[-116.330767,33.728507],[-116.330805,33.728486],[-116.330838,33.728449],[-116.330858,33.728408],[-116.330852,33.728364],[-116.330834,33.728344]]]}},{"type":"Feature","properties":{"k":"rough"},"geometry":{"type":"Polygon","coordinates":[[[-116.328815,33.728431],[-116.328805,33.728412],[-116.328775,33.728395],[-116.328686,33.72838],[-116.328661,33.728343],[-116.328614,33.728315],[-116.328508,33.728308],[-116.328476,33.728313],[-116.328426,33.728336],[-116.328396,33.728377],[-116.32839,33.728413],[-116.328396,33.72844],[-116.328421,33.728459],[-116.32847,33.728466],[-116.32858,33.728464],[-116.328775,33.728476],[-116.32881,33.728464],[-116.328818,33.728446],[-116.328815,33.728431]]]}},{"type":"Feature","properties":{"k":"rough"},"geometry":{"type":"Polygon","coordinates":[[[-116.329585,33.728703],[-116.329613,33.728688],[-116.329623,33.728664],[-116.329611,33.728638],[-116.329574,33.728619],[-116.329512,33.728604],[-116.329448,33.728562],[-116.329391,33.728445],[-116.329363,33.728421],[-116.329317,33.72841],[-116.329222,33.728412],[-116.329201,33.728434],[-116.329198,33.72849],[-116.329187,33.728517],[-116.329155,33.728536],[-116.329144,33.728528],[-116.329171,33.728487],[-116.329176,33.728458],[-116.329165,33.728424],[-116.329145,33.728404],[-116.32908,33.728392],[-116.329039,33.728394],[-116.329001,33.7284],[-116.328974,33.728412],[-116.328962,33.728427],[-116.328954,33.72845],[-116.32897,33.728474],[-116.329247,33.728623],[-116.32932,33.728643],[-116.329385,33.728643],[-116.32949,33.728693],[-116.32953,33.728703],[-116.329585,33.728703]]]}},{"type":"Feature","properties":{"k":"bunker"},"geometry":{"type":"Polygon","coordinates":[[[-116.329985,33.727793],[-116.329957,33.72775],[-116.329933,33.727742],[-116.329904,33.727744],[-116.3299,33.727751],[-116.329913,33.727772],[-116.329859,33.727744],[-116.32984,33.727748],[-116.329817,33.727775],[-116.329841,33.727799],[-116.329899,33.727797],[-116.329943,33.72782],[-116.329969,33.727813],[-116.329985,33.727793]]]}},{"type":"Feature","properties":{"k":"bunker"},"geometry":{"type":"Polygon","coordinates":[[[-116.329918,33.727868],[-116.329944,33.727856],[-116.329951,33.727837],[-116.329908,33.727812],[-116.329885,33.727812],[-116.329878,33.727818],[-116.329889,33.727846],[-116.329871,33.727835],[-116.329869,33.727817],[-116.329858,33.72781],[-116.329824,33.727817],[-116.329798,33.727792],[-116.329771,33.727794],[-116.329731,33.727815],[-116.329728,33.727827],[-116.329739,33.727845],[-116.329777,33.727844],[-116.329779,33.72785],[-116.329764,33.727851],[-116.32976,33.727861],[-116.329739,33.72786],[-116.329729,33.727877],[-116.329758,33.727901],[-116.329841,33.727885],[-116.329891,33.7279],[-116.329918,33.727868]]]}},{"type":"Feature","properties":{"k":"bunker"},"geometry":{"type":"Polygon","coordinates":[[[-116.329425,33.727929],[-116.329427,33.727909],[-116.329413,33.727885],[-116.329358,33.72788],[-116.329341,33.727895],[-116.329363,33.727914],[-116.329345,33.727912],[-116.329326,33.727893],[-116.329294,33.72789],[-116.329223,33.727937],[-116.329207,33.727958],[-116.329232,33.727993],[-116.32925,33.727999],[-116.329288,33.727974],[-116.329317,33.727964],[-116.329304,33.727939],[-116.329359,33.727965],[-116.329392,33.727953],[-116.329425,33.727929]]]}},{"type":"Feature","properties":{"k":"bunker"},"geometry":{"type":"Polygon","coordinates":[[[-116.329243,33.728158],[-116.329263,33.728122],[-116.329249,33.7281],[-116.329216,33.728102],[-116.329178,33.728124],[-116.329162,33.728145],[-116.329164,33.728154],[-116.329198,33.728169],[-116.329188,33.728175],[-116.32915,33.728163],[-116.329143,33.728168],[-116.329141,33.728191],[-116.329166,33.728205],[-116.329147,33.728212],[-116.329153,33.72824],[-116.329181,33.728242],[-116.329234,33.728215],[-116.329234,33.728172],[-116.329243,33.728158]]]}},{"type":"Feature","properties":{"k":"bunker"},"geometry":{"type":"Polygon","coordinates":[[[-116.329101,33.728256],[-116.329129,33.728216],[-116.329107,33.728187],[-116.329078,33.728179],[-116.329017,33.728206],[-116.329018,33.728223],[-116.329043,33.728231],[-116.329074,33.728262],[-116.329101,33.728256]]]}},{"type":"Feature","properties":{"k":"bunker"},"geometry":{"type":"Polygon","coordinates":[[[-116.329311,33.728274],[-116.329297,33.728254],[-116.329287,33.728251],[-116.329192,33.728266],[-116.329177,33.728288],[-116.32918,33.728296],[-116.329199,33.728301],[-116.329204,33.728323],[-116.329297,33.728322],[-116.329314,33.728318],[-116.32933,33.728302],[-116.329311,33.728274]]]}},{"type":"Feature","properties":{"k":"rough"},"geometry":{"type":"Polygon","coordinates":[[[-116.331072,33.728248],[-116.331037,33.728238],[-116.330956,33.728179],[-116.330845,33.728134],[-116.330757,33.728138],[-116.330584,33.728193],[-116.330476,33.728199],[-116.330397,33.728179],[-116.330351,33.728129],[-116.330322,33.728052],[-116.330305,33.727955],[-116.330264,33.727888],[-116.330194,33.727834],[-116.329949,33.727731],[-116.329832,33.727721],[-116.329725,33.727741],[-116.329623,33.727776],[-116.329429,33.727803],[-116.329301,33.727833],[-116.329193,33.727879],[-116.329145,33.727924],[-116.329109,33.727997],[-116.329059,33.728061],[-116.329024,33.728101],[-116.328982,33.728131],[-116.328973,33.728168],[-116.32913,33.728289],[-116.329239,33.72834],[-116.329275,33.728346],[-116.32932,33.728344],[-116.32943,33.72832],[-116.329605,33.728272],[-116.329708,33.728215],[-116.329744,33.728208],[-116.32976,33.728187],[-116.329796,33.728175],[-116.329897,33.728165],[-116.329928,33.728154],[-116.329997,33.728157],[-116.330067,33.728194],[-116.330119,33.728207],[-116.330161,33.728208],[-116.330257,33.728181],[-116.330316,33.728184],[-116.330344,33.728218],[-116.330363,33.728259],[-116.330361,33.728287],[-116.330331,33.728318],[-116.330249,33.728359],[-116.330216,33.728427],[-116.330188,33.72845],[-116.33013,33.728473],[-116.330116,33.728496],[-116.330122,33.728518],[-116.330147,33.728535],[-116.330246,33.728554],[-116.330269,33.728567],[-116.330391,33.728564],[-116.330423,33.728551],[-116.330461,33.72855],[-116.330494,33.728564],[-116.330559,33.728566],[-116.330628,33.728591],[-116.330726,33.72861],[-116.3308,33.728607],[-116.330849,33.728595],[-116.330888,33.728566],[-116.330926,33.728569],[-116.330972,33.728609],[-116.331,33.728623],[-116.331018,33.728619],[-116.331036,33.728585],[-116.331058,33.728571],[-116.331088,33.728565],[-116.331109,33.728547],[-116.33118,33.728431],[-116.331184,33.728379],[-116.331167,33.728341],[-116.331072,33.728248]]]}},{"type":"Feature","properties":{"k":"green"},"geometry":{"type":"Polygon","coordinates":[[[-116.336231,33.728533],[-116.336205,33.728496],[-116.336171,33.728471],[-116.336121,33.728465],[-116.336031,33.728491],[-116.336005,33.728506],[-116.335992,33.728534],[-116.335996,33.728555],[-116.336047,33.728608],[-116.336101,33.728636],[-116.33613,33.728639],[-116.33618,33.72863],[-116.336228,33.728603],[-116.336246,33.728575],[-116.336231,33.728533]]]}},{"type":"Feature","properties":{"k":"tee"},"geometry":{"type":"Polygon","coordinates":[[[-116.336963,33.728234],[-116.336901,33.728222],[-116.336873,33.728227],[-116.336851,33.728241],[-116.336842,33.728263],[-116.336847,33.72829],[-116.33687,33.728314],[-116.336928,33.728335],[-116.336962,33.728336],[-116.336995,33.728324],[-116.337012,33.728307],[-116.337015,33.728291],[-116.337006,33.728268],[-116.336963,33.728234]]]}},{"type":"Feature","properties":{"k":"rough"},"geometry":{"type":"Polygon","coordinates":[[[-116.336912,33.728402],[-116.336982,33.728383],[-116.337018,33.728365],[-116.337047,33.728338],[-116.337064,33.728314],[-116.337059,33.728251],[-116.337017,33.728211],[-116.336956,33.728185],[-116.336874,33.728178],[-116.336837,33.728185],[-116.336814,33.728197],[-116.336796,33.728221],[-116.336789,33.728246],[-116.3368,33.728302],[-116.336807,33.72832],[-116.336884,33.728368],[-116.336912,33.728402]]]}},{"type":"Feature","properties":{"k":"fairway"},"geometry":{"type":"Polygon","coordinates":[[[-116.332225,33.727424],[-116.332204,33.727398],[-116.33214,33.727362],[-116.331971,33.727325],[-116.331849,33.727319],[-116.331597,33.727329],[-116.331375,33.727366],[-116.331024,33.727446],[-116.330953,33.727449],[-116.330869,33.727439],[-116.330678,33.727366],[-116.33035,33.727257],[-116.330133,33.727194],[-116.330001,33.727173],[-116.329907,33.727175],[-116.329817,33.727198],[-116.329544,33.727327],[-116.329501,33.727355],[-116.329478,33.727385],[-116.329477,33.727441],[-116.329505,33.727472],[-116.329564,33.727502],[-116.329655,33.727512],[-116.329751,33.727505],[-116.329873,33.727483],[-116.329962,33.727447],[-116.330106,33.727356],[-116.330183,33.727346],[-116.330245,33.727365],[-116.330449,33.727511],[-116.330603,33.727573],[-116.330772,33.727592],[-116.331053,33.727595],[-116.331155,33.727589],[-116.331439,33.727549],[-116.331533,33.72754],[-116.331637,33.727541],[-116.331727,33.727548],[-116.331824,33.727567],[-116.33207,33.727626],[-116.332133,33.727617],[-116.332182,33.72759],[-116.332216,33.727555],[-116.332234,33.727506],[-116.332225,33.727424]]]}},{"type":"Feature","properties":{"k":"tee"},"geometry":{"type":"Polygon","coordinates":[[[-116.328609,33.727637],[-116.328558,33.727628],[-116.328531,33.727639],[-116.32852,33.727658],[-116.328525,33.727677],[-116.328543,33.727693],[-116.328592,33.727691],[-116.328615,33.727666],[-116.328609,33.727637]]]}},{"type":"Feature","properties":{"k":"tee"},"geometry":{"type":"Polygon","coordinates":[[[-116.32892,33.727642],[-116.328889,33.727625],[-116.328866,33.727626],[-116.328838,33.727652],[-116.328841,33.727673],[-116.328855,33.727688],[-116.328878,33.727696],[-116.328904,33.727693],[-116.328924,33.727662],[-116.32892,33.727642]]]}},{"type":"Feature","properties":{"k":"tee"},"geometry":{"type":"Polygon","coordinates":[[[-116.332809,33.728092],[-116.332762,33.728069],[-116.332686,33.728057],[-116.332645,33.72806],[-116.332622,33.728072],[-116.332616,33.728085],[-116.332621,33.728109],[-116.332649,33.728127],[-116.332766,33.728149],[-116.332794,33.728145],[-116.332812,33.728133],[-116.332818,33.728118],[-116.332809,33.728092]]]}},{"type":"Feature","properties":{"k":"tee"},"geometry":{"type":"Polygon","coordinates":[[[-116.331916,33.728612],[-116.331892,33.728588],[-116.331864,33.728584],[-116.331813,33.728594],[-116.331802,33.728605],[-116.3318,33.728621],[-116.331814,33.728635],[-116.331853,33.728643],[-116.331898,33.728634],[-116.331916,33.728612]]]}},{"type":"Feature","properties":{"k":"tee"},"geometry":{"type":"Polygon","coordinates":[[[-116.332123,33.728458],[-116.332117,33.728441],[-116.332093,33.728428],[-116.332069,33.728425],[-116.332022,33.728439],[-116.332015,33.728461],[-116.332024,33.728486],[-116.332039,33.728496],[-116.332083,33.728502],[-116.332117,33.728485],[-116.332123,33.728458]]]}},{"type":"Feature","properties":{"k":"tee"},"geometry":{"type":"Polygon","coordinates":[[[-116.332512,33.728414],[-116.332499,33.728404],[-116.332474,33.728399],[-116.332418,33.728405],[-116.332396,33.728415],[-116.332382,33.728449],[-116.332392,33.728468],[-116.332425,33.728484],[-116.332477,33.728485],[-116.332509,33.728477],[-116.332529,33.728451],[-116.332512,33.728414]]]}},{"type":"Feature","properties":{"k":"tee"},"geometry":{"type":"Polygon","coordinates":[[[-116.332805,33.728399],[-116.332758,33.728381],[-116.33273,33.728385],[-116.33269,33.728406],[-116.332685,33.728439],[-116.332712,33.728461],[-116.332789,33.728459],[-116.332805,33.728451],[-116.332818,33.728429],[-116.332805,33.728399]]]}},{"type":"Feature","properties":{"k":"fairway"},"geometry":{"type":"Polygon","coordinates":[[[-116.332345,33.727913],[-116.33228,33.727864],[-116.332223,33.727849],[-116.331781,33.727869],[-116.331712,33.727866],[-116.33155,33.727837],[-116.331346,33.727812],[-116.331133,33.727812],[-116.331058,33.72782],[-116.330983,33.727839],[-116.330914,33.727871],[-116.330781,33.727908],[-116.330607,33.72791],[-116.330524,33.727919],[-116.330487,33.727938],[-116.330466,33.727962],[-116.330458,33.727999],[-116.330477,33.728052],[-116.330505,33.728069],[-116.330541,33.728079],[-116.330801,33.728048],[-116.331026,33.728045],[-116.331195,33.728047],[-116.331448,33.728074],[-116.331651,33.72808],[-116.332279,33.728035],[-116.332342,33.728006],[-116.332362,33.72798],[-116.332364,33.727947],[-116.332345,33.727913]]]}},{"type":"Feature","properties":{"k":"water"},"geometry":{"type":"Polygon","coordinates":[[[-116.332956,33.727855],[-116.332912,33.727849],[-116.332863,33.727815],[-116.332779,33.727728],[-116.332764,33.727693],[-116.332744,33.72758],[-116.332706,33.727501],[-116.332721,33.727416],[-116.332688,33.727379],[-116.332635,33.727358],[-116.332586,33.727365],[-116.332538,33.727393],[-116.332472,33.727457],[-116.332454,33.727488],[-116.332435,33.727564],[-116.332448,33.727601],[-116.332564,33.727685],[-116.332594,33.727781],[-116.332648,33.727853],[-116.332687,33.727885],[-116.33282,33.727954],[-116.332867,33.727962],[-116.332924,33.727953],[-116.332991,33.727966],[-116.333036,33.727993],[-116.333139,33.728077],[-116.333239,33.728119],[-116.333292,33.728127],[-116.333322,33.728124],[-116.333352,33.7281],[-116.333398,33.728084],[-116.333471,33.728069],[-116.333499,33.728039],[-116.333526,33.728033],[-116.333565,33.728046],[-116.333699,33.728038],[-116.333785,33.728064],[-116.333888,33.728059],[-116.333923,33.728047],[-116.333962,33.728017],[-116.333984,33.727987],[-116.333987,33.727944],[-116.333974,33.727903],[-116.33395,33.727877],[-116.333902,33.727855],[-116.33376,33.727815],[-116.333692,33.727769],[-116.333627,33.727748],[-116.333591,33.727716],[-116.333576,33.7276],[-116.333539,33.727515],[-116.333447,33.727351],[-116.333424,33.727252],[-116.333388,33.727203],[-116.333345,33.727165],[-116.333283,33.72713],[-116.333224,33.727111],[-116.333146,33.727087],[-116.333059,33.727074],[-116.33299,33.727079],[-116.332865,33.727131],[-116.332806,33.727133],[-116.332673,33.727099],[-116.332621,33.727123],[-116.332584,33.727161],[-116.332593,33.727204],[-116.33265,33.72723],[-116.332711,33.727247],[-116.332885,33.727278],[-116.332957,33.727271],[-116.333074,33.727244],[-116.333128,33.727242],[-116.333183,33.727247],[-116.333227,33.727269],[-116.333275,33.727354],[-116.333344,33.727424],[-116.333421,33.727478],[-116.333436,33.727513],[-116.333449,33.72756],[-116.333443,33.727608],[-116.3334,33.727672],[-116.333406,33.727701],[-116.333427,33.727719],[-116.333503,33.727725],[-116.333525,33.727743],[-116.333553,33.727785],[-116.333553,33.727814],[-116.333522,33.727881],[-116.333467,33.727909],[-116.333383,33.727923],[-116.333299,33.727916],[-116.333228,33.727864],[-116.333187,33.727811],[-116.333153,33.727806],[-116.333088,33.727827],[-116.333029,33.727855],[-116.332956,33.727855]]]}},{"type":"Feature","properties":{"k":"bunker"},"geometry":{"type":"Polygon","coordinates":[[[-116.330222,33.727427],[-116.330208,33.727408],[-116.330175,33.727409],[-116.33015,33.727401],[-116.330128,33.727406],[-116.330138,33.727427],[-116.33018,33.727454],[-116.330209,33.727452],[-116.330222,33.727427]]]}},{"type":"Feature","properties":{"k":"bunker"},"geometry":{"type":"Polygon","coordinates":[[[-116.330263,33.727555],[-116.330264,33.727531],[-116.330252,33.727519],[-116.330237,33.727512],[-116.330191,33.727515],[-116.330218,33.727499],[-116.330214,33.727474],[-116.330161,33.727458],[-116.330128,33.727433],[-116.330099,33.727432],[-116.330083,33.727451],[-116.330039,33.727455],[-116.330021,33.727476],[-116.330024,33.727517],[-116.33006,33.727529],[-116.330072,33.727524],[-116.330081,33.727498],[-116.330089,33.727499],[-116.330092,33.727525],[-116.330106,33.727536],[-116.330114,33.727563],[-116.330134,33.727576],[-116.330158,33.727576],[-116.33017,33.727549],[-116.330179,33.727558],[-116.330177,33.727576],[-116.330206,33.727583],[-116.330248,33.727573],[-116.330263,33.727555]]]}},{"type":"Feature","properties":{"k":"bunker"},"geometry":{"type":"Polygon","coordinates":[[[-116.330938,33.727812],[-116.330946,33.727772],[-116.330935,33.727759],[-116.330892,33.727747],[-116.330872,33.727754],[-116.330864,33.727767],[-116.330862,33.727776],[-116.330883,33.72779],[-116.330877,33.727801],[-116.330863,33.727793],[-116.330836,33.727801],[-116.330792,33.727787],[-116.330759,33.727789],[-116.330733,33.727839],[-116.330756,33.727858],[-116.330777,33.727859],[-116.330809,33.727843],[-116.330866,33.727846],[-116.33091,33.727838],[-116.330933,33.727825],[-116.330938,33.727812]]]}},{"type":"Feature","properties":{"k":"bunker"},"geometry":{"type":"Polygon","coordinates":[[[-116.333207,33.727586],[-116.333182,33.727544],[-116.333207,33.727546],[-116.333219,33.72752],[-116.333194,33.727501],[-116.333163,33.727492],[-116.33315,33.727489],[-116.333133,33.727497],[-116.333122,33.727508],[-116.333108,33.727556],[-116.333138,33.727601],[-116.333151,33.727612],[-116.33317,33.727615],[-116.333201,33.727604],[-116.333207,33.727586]]]}},{"type":"Feature","properties":{"k":"bunker"},"geometry":{"type":"Polygon","coordinates":[[[-116.332894,33.727755],[-116.332916,33.727723],[-116.332907,33.727697],[-116.332894,33.727689],[-116.332815,33.727681],[-116.332806,33.727698],[-116.332831,33.727719],[-116.332849,33.72776],[-116.332873,33.727775],[-116.332885,33.727774],[-116.332894,33.727755]]]}},{"type":"Feature","properties":{"k":"bunker"},"geometry":{"type":"Polygon","coordinates":[[[-116.332832,33.727517],[-116.33286,33.727515],[-116.33287,33.727492],[-116.332861,33.727476],[-116.332834,33.727474],[-116.332829,33.727451],[-116.332813,33.727434],[-116.332786,33.72743],[-116.332769,33.727441],[-116.332777,33.727491],[-116.332767,33.727526],[-116.332783,33.727542],[-116.332794,33.727543],[-116.332832,33.727517]]]}},{"type":"Feature","properties":{"k":"rough"},"geometry":{"type":"Polygon","coordinates":[[[-116.33324,33.727695],[-116.333219,33.727627],[-116.333231,33.727563],[-116.333227,33.727525],[-116.333208,33.727487],[-116.333166,33.727439],[-116.333122,33.727405],[-116.333079,33.727377],[-116.333045,33.727371],[-116.333005,33.72737],[-116.33291,33.727398],[-116.332869,33.727398],[-116.332768,33.727368],[-116.332746,33.727399],[-116.332719,33.727517],[-116.332754,33.727579],[-116.332776,33.727704],[-116.332861,33.727797],[-116.332931,33.727835],[-116.33296,33.727841],[-116.332982,33.727838],[-116.333002,33.727808],[-116.333026,33.727791],[-116.333208,33.72772],[-116.33324,33.727695]]]}},{"type":"Feature","properties":{"k":"rough"},"geometry":{"type":"Polygon","coordinates":[[[-116.332396,33.727627],[-116.332415,33.727589],[-116.332431,33.727492],[-116.33245,33.727444],[-116.33245,33.727405],[-116.332425,33.727358],[-116.332298,33.727327],[-116.332234,33.727283],[-116.332168,33.727257],[-116.332094,33.727238],[-116.331967,33.727226],[-116.331618,33.727241],[-116.331487,33.727239],[-116.331377,33.727225],[-116.331145,33.727228],[-116.330913,33.727192],[-116.330693,33.727265],[-116.330587,33.727277],[-116.330507,33.727261],[-116.330334,33.72719],[-116.330238,33.727166],[-116.330147,33.727157],[-116.330062,33.727135],[-116.329891,33.727066],[-116.329786,33.727053],[-116.32972,33.727082],[-116.329594,33.727196],[-116.329526,33.727234],[-116.329361,33.727269],[-116.329292,33.727302],[-116.329191,33.72743],[-116.329153,33.727541],[-116.329122,33.727595],[-116.329076,33.727642],[-116.328962,33.727731],[-116.329043,33.727733],[-116.329159,33.727747],[-116.329206,33.727788],[-116.329217,33.727822],[-116.3292,33.727853],[-116.329362,33.727793],[-116.329636,33.727749],[-116.329736,33.727717],[-116.329838,33.727699],[-116.329922,33.727702],[-116.330003,33.727721],[-116.330252,33.727837],[-116.330304,33.727886],[-116.33033,33.727935],[-116.330365,33.728084],[-116.330399,33.728136],[-116.330452,33.728167],[-116.330526,33.728176],[-116.330607,33.728164],[-116.330675,33.728136],[-116.330756,33.728116],[-116.330854,33.728108],[-116.330922,33.72812],[-116.331035,33.7282],[-116.331104,33.728215],[-116.331189,33.728184],[-116.331268,33.728172],[-116.331428,33.728192],[-116.331498,33.728197],[-116.331636,33.728186],[-116.331838,33.728214],[-116.331906,33.728213],[-116.332043,33.728161],[-116.332101,33.728151],[-116.332398,33.728157],[-116.332451,33.728143],[-116.332493,33.728121],[-116.332579,33.728],[-116.332584,33.727936],[-116.332548,33.72787],[-116.332464,33.727806],[-116.332349,33.72775],[-116.33235,33.727693],[-116.332396,33.727627]]]}},{"type":"Feature","properties":{"k":"tee"},"geometry":{"type":"Polygon","coordinates":[[[-116.334093,33.72792],[-116.334067,33.727927],[-116.334054,33.727942],[-116.334051,33.727966],[-116.334063,33.727987],[-116.334083,33.727998],[-116.33411,33.728001],[-116.33414,33.727991],[-116.334157,33.727947],[-116.334147,33.72793],[-116.334128,33.727921],[-116.334093,33.72792]]]}},{"type":"Feature","properties":{"k":"bunker"},"geometry":{"type":"Polygon","coordinates":[[[-116.334689,33.728541],[-116.334684,33.728517],[-116.334654,33.728508],[-116.334625,33.728485],[-116.334609,33.728485],[-116.334571,33.728542],[-116.334579,33.728561],[-116.334592,33.728564],[-116.334616,33.728549],[-116.334624,33.728553],[-116.334594,33.728581],[-116.334636,33.7286],[-116.334714,33.728578],[-116.334717,33.728565],[-116.334689,33.728541]]]}},{"type":"Feature","properties":{"k":"bunker"},"geometry":{"type":"Polygon","coordinates":[[[-116.335062,33.728346],[-116.335071,33.72837],[-116.335089,33.72838],[-116.335139,33.72836],[-116.335145,33.728343],[-116.335132,33.728331],[-116.335104,33.728342],[-116.335085,33.728321],[-116.335113,33.728329],[-116.335127,33.72832],[-116.335123,33.728308],[-116.335063,33.728283],[-116.335045,33.728289],[-116.335041,33.728281],[-116.335055,33.728265],[-116.335053,33.728251],[-116.335045,33.728244],[-116.33502,33.728242],[-116.334989,33.728293],[-116.334994,33.728317],[-116.335001,33.728321],[-116.335027,33.728318],[-116.335062,33.728346]]]}},{"type":"Feature","properties":{"k":"bunker"},"geometry":{"type":"Polygon","coordinates":[[[-116.335681,33.728645],[-116.335679,33.728618],[-116.33564,33.728609],[-116.335624,33.728586],[-116.335632,33.728566],[-116.335641,33.728589],[-116.335654,33.72859],[-116.335686,33.728559],[-116.335686,33.728544],[-116.335665,33.728531],[-116.335576,33.728546],[-116.33554,33.728573],[-116.335509,33.728583],[-116.335494,33.728604],[-116.335511,33.728628],[-116.335546,33.728634],[-116.335564,33.728627],[-116.335572,33.7286],[-116.335585,33.728592],[-116.335588,33.728621],[-116.335604,33.728625],[-116.335583,33.728633],[-116.33558,33.728645],[-116.335614,33.728669],[-116.335672,33.728654],[-116.335681,33.728645]]]}},{"type":"Feature","properties":{"k":"bunker"},"geometry":{"type":"Polygon","coordinates":[[[-116.33599,33.728624],[-116.335964,33.72859],[-116.335934,33.728589],[-116.33592,33.728609],[-116.335894,33.728622],[-116.335889,33.728644],[-116.335909,33.728656],[-116.335977,33.728656],[-116.335995,33.72864],[-116.33599,33.728624]]]}},{"type":"Feature","properties":{"k":"bunker"},"geometry":{"type":"Polygon","coordinates":[[[-116.335195,33.727696],[-116.335182,33.727681],[-116.335162,33.727675],[-116.335128,33.72768],[-116.33512,33.72769],[-116.335118,33.727707],[-116.335142,33.727729],[-116.33514,33.727746],[-116.335148,33.727762],[-116.335189,33.727761],[-116.335228,33.72774],[-116.335226,33.727721],[-116.335195,33.727696]]]}},{"type":"Feature","properties":{"k":"bunker"},"geometry":{"type":"Polygon","coordinates":[[[-116.33507,33.72772],[-116.335051,33.72768],[-116.335039,33.727674],[-116.335003,33.727678],[-116.334995,33.727684],[-116.334991,33.727704],[-116.335022,33.727736],[-116.335065,33.727734],[-116.33507,33.72772]]]}},{"type":"Feature","properties":{"k":"bunker"},"geometry":{"type":"Polygon","coordinates":[[[-116.33498,33.727744],[-116.334994,33.727731],[-116.334977,33.727714],[-116.334924,33.727717],[-116.33489,33.727701],[-116.334859,33.727705],[-116.33484,33.727731],[-116.334852,33.727747],[-116.334895,33.727752],[-116.33498,33.727744]]]}},{"type":"Feature","properties":{"k":"bunker"},"geometry":{"type":"Polygon","coordinates":[[[-116.334922,33.727698],[-116.334937,33.727671],[-116.334927,33.727642],[-116.334919,33.727634],[-116.3349,33.727631],[-116.334875,33.72764],[-116.334885,33.72762],[-116.334877,33.727607],[-116.334846,33.727593],[-116.33481,33.727595],[-116.334792,33.727605],[-116.334784,33.727626],[-116.334773,33.727629],[-116.334741,33.727626],[-116.334724,33.727604],[-116.334703,33.727604],[-116.334688,33.72762],[-116.334694,33.727657],[-116.334708,33.727677],[-116.334746,33.72768],[-116.33477,33.727691],[-116.334858,33.727677],[-116.334922,33.727698]]]}},{"type":"Feature","properties":{"k":"bunker"},"geometry":{"type":"Polygon","coordinates":[[[-116.334096,33.727496],[-116.334086,33.727478],[-116.334072,33.727476],[-116.334037,33.727497],[-116.334044,33.727522],[-116.334038,33.72755],[-116.334062,33.727569],[-116.334088,33.727562],[-116.334133,33.727525],[-116.334128,33.727508],[-116.334096,33.727496]]]}},{"type":"Feature","properties":{"k":"bunker"},"geometry":{"type":"Polygon","coordinates":[[[-116.333831,33.727443],[-116.333833,33.727421],[-116.333813,33.727403],[-116.333749,33.727422],[-116.333744,33.72743],[-116.333768,33.727445],[-116.333782,33.72747],[-116.333811,33.727465],[-116.333831,33.727443]]]}},{"type":"Feature","properties":{"k":"bunker"},"geometry":{"type":"Polygon","coordinates":[[[-116.333725,33.727432],[-116.333719,33.727406],[-116.333709,33.727397],[-116.333662,33.727383],[-116.333626,33.72739],[-116.33362,33.727402],[-116.333625,33.727421],[-116.33365,33.727431],[-116.333668,33.727455],[-116.333706,33.727456],[-116.333725,33.727432]]]}},{"type":"Feature","properties":{"k":"bunker"},"geometry":{"type":"Polygon","coordinates":[[[-116.333753,33.727516],[-116.333764,33.727476],[-116.333753,33.72746],[-116.333741,33.727458],[-116.333707,33.727475],[-116.333681,33.727469],[-116.333657,33.727479],[-116.333657,33.727491],[-116.333694,33.727537],[-116.333737,33.72754],[-116.333753,33.727516]]]}},{"type":"Feature","properties":{"k":"tee"},"geometry":{"type":"Polygon","coordinates":[[[-116.336387,33.728015],[-116.336355,33.728014],[-116.336331,33.728023],[-116.33632,33.728043],[-116.336323,33.728068],[-116.336352,33.728102],[-116.336379,33.728111],[-116.336416,33.728109],[-116.336444,33.728096],[-116.336452,33.728084],[-116.336458,33.728067],[-116.336451,33.728044],[-116.336416,33.728019],[-116.336387,33.728015]]]}},{"type":"Feature","properties":{"k":"tee"},"geometry":{"type":"Polygon","coordinates":[[[-116.336206,33.728035],[-116.336202,33.727998],[-116.336184,33.727982],[-116.336124,33.727976],[-116.3361,33.727983],[-116.336086,33.727998],[-116.336087,33.728033],[-116.336122,33.728057],[-116.336176,33.728055],[-116.336206,33.728035]]]}},{"type":"Feature","properties":{"k":"tee"},"geometry":{"type":"Polygon","coordinates":[[[-116.333744,33.727251],[-116.33371,33.727239],[-116.333688,33.727244],[-116.333674,33.727254],[-116.333671,33.727285],[-116.333698,33.727304],[-116.333718,33.727308],[-116.333753,33.7273],[-116.33376,33.727286],[-116.333744,33.727251]]]}},{"type":"Feature","properties":{"k":"tee"},"geometry":{"type":"Polygon","coordinates":[[[-116.333534,33.727172],[-116.333491,33.727169],[-116.33346,33.727185],[-116.333457,33.727214],[-116.333475,33.727234],[-116.33351,33.727243],[-116.333547,33.727233],[-116.333559,33.727207],[-116.333549,33.727183],[-116.333534,33.727172]]]}},{"type":"Feature","properties":{"k":"tee"},"geometry":{"type":"Polygon","coordinates":[[[-116.332878,33.727001],[-116.332863,33.726992],[-116.332805,33.726989],[-116.332769,33.727008],[-116.332768,33.727031],[-116.332781,33.727045],[-116.332803,33.727053],[-116.332848,33.727056],[-116.332869,33.727049],[-116.332889,33.727026],[-116.332878,33.727001]]]}},{"type":"Feature","properties":{"k":"tee"},"geometry":{"type":"Polygon","coordinates":[[[-116.332657,33.726979],[-116.332612,33.726967],[-116.33257,33.726975],[-116.332552,33.726998],[-116.332557,33.727013],[-116.332581,33.727028],[-116.332633,33.727032],[-116.332663,33.727014],[-116.332657,33.726979]]]}},{"type":"Feature","properties":{"k":"bunker"},"geometry":{"type":"Polygon","coordinates":[[[-116.332053,33.726938],[-116.332078,33.726928],[-116.332072,33.726867],[-116.331996,33.726848],[-116.331965,33.726856],[-116.331952,33.726878],[-116.331959,33.726896],[-116.332013,33.726914],[-116.332031,33.726937],[-116.332053,33.726938]]]}},{"type":"Feature","properties":{"k":"bunker"},"geometry":{"type":"Polygon","coordinates":[[[-116.332274,33.726931],[-116.332288,33.726914],[-116.332289,33.726899],[-116.332272,33.726883],[-116.332204,33.726888],[-116.332193,33.726894],[-116.332185,33.726922],[-116.332178,33.726906],[-116.332124,33.726873],[-116.332098,33.72688],[-116.332083,33.726896],[-116.332094,33.726931],[-116.33214,33.726928],[-116.332148,33.726952],[-116.33217,33.726963],[-116.332191,33.726962],[-116.332229,33.72694],[-116.332258,33.72694],[-116.332274,33.726931]]]}},{"type":"Feature","properties":{"k":"bunker"},"geometry":{"type":"Polygon","coordinates":[[[-116.332134,33.72698],[-116.33214,33.726963],[-116.332122,33.726944],[-116.332101,33.72694],[-116.332036,33.726952],[-116.332004,33.726925],[-116.331979,33.726933],[-116.331973,33.726944],[-116.331977,33.726967],[-116.332022,33.726991],[-116.332062,33.726989],[-116.3321,33.726998],[-116.332119,33.726993],[-116.332134,33.72698]]]}},{"type":"Feature","properties":{"k":"bunker"},"geometry":{"type":"Polygon","coordinates":[[[-116.330534,33.726755],[-116.330561,33.726708],[-116.330553,33.726694],[-116.330515,33.726674],[-116.330486,33.726643],[-116.330473,33.726641],[-116.33046,33.726659],[-116.330448,33.726646],[-116.330428,33.726639],[-116.330409,33.726645],[-116.330399,33.726655],[-116.3304,33.726669],[-116.33044,33.726688],[-116.330429,33.726697],[-116.330398,33.726694],[-116.330382,33.7267],[-116.330382,33.726727],[-116.330396,33.726742],[-116.330414,33.726745],[-116.330466,33.726732],[-116.330455,33.726766],[-116.330465,33.72678],[-116.330497,33.726788],[-116.330524,33.726777],[-116.330534,33.726755]]]}},{"type":"Feature","properties":{"k":"bunker"},"geometry":{"type":"Polygon","coordinates":[[[-116.330168,33.726318],[-116.330194,33.726282],[-116.330174,33.726263],[-116.33014,33.726269],[-116.330108,33.726248],[-116.330093,33.726247],[-116.330083,33.726251],[-116.330082,33.726265],[-116.330046,33.726269],[-116.330031,33.726287],[-116.330041,33.726308],[-116.330065,33.726316],[-116.330112,33.726317],[-116.330146,33.726328],[-116.330168,33.726318]]]}},{"type":"Feature","properties":{"k":"bunker"},"geometry":{"type":"Polygon","coordinates":[[[-116.329675,33.726154],[-116.32967,33.726132],[-116.329642,33.72612],[-116.329619,33.72613],[-116.329594,33.726157],[-116.329607,33.726178],[-116.329636,33.726185],[-116.329662,33.726178],[-116.329675,33.726154]]]}},{"type":"Feature","properties":{"k":"bunker"},"geometry":{"type":"Polygon","coordinates":[[[-116.329439,33.726199],[-116.329455,33.726171],[-116.329445,33.726157],[-116.329364,33.726188],[-116.329347,33.726219],[-116.329361,33.726233],[-116.329387,33.726234],[-116.329439,33.726199]]]}},{"type":"Feature","properties":{"k":"bunker"},"geometry":{"type":"Polygon","coordinates":[[[-116.329437,33.726329],[-116.329438,33.726309],[-116.329412,33.726253],[-116.329345,33.726263],[-116.329338,33.726281],[-116.329377,33.726304],[-116.329394,33.726331],[-116.32942,33.726337],[-116.329437,33.726329]]]}},{"type":"Feature","properties":{"k":"rough"},"geometry":{"type":"Polygon","coordinates":[[[-116.332868,33.727067],[-116.332918,33.727035],[-116.332913,33.727001],[-116.332897,33.726974],[-116.332843,33.726965],[-116.332726,33.726978],[-116.332619,33.726955],[-116.332578,33.726954],[-116.332531,33.726964],[-116.332465,33.726887],[-116.33242,33.726864],[-116.332198,33.726864],[-116.332055,33.726824],[-116.331963,33.726818],[-116.331792,33.726832],[-116.331731,33.72681],[-116.33158,33.726688],[-116.331505,33.726653],[-116.331374,33.726664],[-116.331095,33.726541],[-116.331043,33.726503],[-116.330941,33.726483],[-116.330868,33.726486],[-116.330779,33.726471],[-116.330698,33.726421],[-116.330608,33.726383],[-116.3305,33.726356],[-116.330446,33.726327],[-116.330393,33.726277],[-116.330327,33.72624],[-116.330108,33.726212],[-116.330037,33.726193],[-116.329923,33.726126],[-116.329886,33.726093],[-116.329829,33.726064],[-116.329754,33.726047],[-116.329621,33.726098],[-116.32956,33.726094],[-116.329492,33.726112],[-116.329411,33.726115],[-116.329342,33.726099],[-116.329274,33.726137],[-116.329257,33.726201],[-116.329261,33.726281],[-116.329281,33.726345],[-116.329322,33.726398],[-116.329405,33.726447],[-116.329453,33.726473],[-116.329542,33.726445],[-116.329604,33.726458],[-116.329666,33.726499],[-116.329695,33.726551],[-116.329741,33.726596],[-116.329805,33.726624],[-116.329897,33.726648],[-116.329962,33.726677],[-116.330099,33.726686],[-116.330179,33.726707],[-116.330246,33.726709],[-116.330313,33.72672],[-116.330477,33.726796],[-116.330539,33.7268],[-116.330596,33.726814],[-116.330646,33.726852],[-116.330686,33.726896],[-116.330734,33.726926],[-116.330831,33.727017],[-116.330885,33.727051],[-116.33096,33.727061],[-116.331025,33.727105],[-116.331085,33.727172],[-116.331127,33.727186],[-116.331189,33.727193],[-116.331338,33.727184],[-116.331559,33.727204],[-116.331769,33.727192],[-116.331963,33.727191],[-116.332129,33.727209],[-116.332348,33.727204],[-116.332423,33.727183],[-116.332541,33.727134],[-116.332557,33.727102],[-116.332553,33.727063],[-116.332572,33.727048],[-116.332688,33.727043],[-116.332801,33.727067],[-116.332868,33.727067]]]}},{"type":"Feature","properties":{"k":"rough"},"geometry":{"type":"Polygon","coordinates":[[[-116.333771,33.727319],[-116.333777,33.727294],[-116.33377,33.727264],[-116.333758,33.727237],[-116.333733,33.727224],[-116.333635,33.727237],[-116.333591,33.727232],[-116.33359,33.727205],[-116.333558,33.727166],[-116.333527,33.727154],[-116.333496,33.727153],[-116.333464,33.727156],[-116.333442,33.727168],[-116.333432,33.727193],[-116.333439,33.727213],[-116.333453,33.727235],[-116.333484,33.727253],[-116.333529,33.727258],[-116.333592,33.727247],[-116.333635,33.727254],[-116.333664,33.727297],[-116.333686,33.727312],[-116.333712,33.72732],[-116.333771,33.727319]]]}},{"type":"Feature","properties":{"k":"rough"},"geometry":{"type":"Polygon","coordinates":[[[-116.333965,33.727412],[-116.333853,33.727375],[-116.333798,33.727387],[-116.333744,33.727389],[-116.333691,33.727374],[-116.333627,33.727377],[-116.333604,33.727402],[-116.33364,33.727461],[-116.333663,33.727551],[-116.333696,33.72759],[-116.333752,33.727632],[-116.333992,33.727752],[-116.334025,33.7278],[-116.334042,33.727857],[-116.334033,33.727984],[-116.334063,33.728026],[-116.334125,33.728026],[-116.334176,33.728003],[-116.334189,33.727962],[-116.334133,33.727885],[-116.334132,33.727847],[-116.334186,33.727832],[-116.334273,33.727858],[-116.334327,33.727909],[-116.334371,33.727977],[-116.334352,33.728062],[-116.334297,33.728092],[-116.334232,33.728101],[-116.334175,33.728092],[-116.33412,33.728094],[-116.334064,33.728104],[-116.33393,33.728067],[-116.333866,33.72808],[-116.333776,33.728152],[-116.333715,33.728188],[-116.333659,33.728209],[-116.333429,33.728247],[-116.33323,33.728265],[-116.333042,33.728296],[-116.332971,33.728281],[-116.332937,33.728248],[-116.332853,33.728095],[-116.332797,33.728058],[-116.332739,33.728042],[-116.332621,33.728034],[-116.332569,33.728058],[-116.33252,33.728123],[-116.33247,33.728165],[-116.332463,33.72821],[-116.33239,33.728282],[-116.332249,33.728385],[-116.332183,33.728383],[-116.332088,33.728356],[-116.331972,33.728372],[-116.331919,33.728401],[-116.331899,33.728428],[-116.331909,33.72847],[-116.331963,33.728573],[-116.332066,33.728685],[-116.332123,33.728688],[-116.332265,33.728747],[-116.332347,33.728744],[-116.33244,33.728723],[-116.332552,33.728671],[-116.332618,33.728652],[-116.332654,33.72862],[-116.332724,33.728589],[-116.332897,33.72859],[-116.332952,33.728601],[-116.332996,33.728598],[-116.333069,33.728565],[-116.333135,33.728566],[-116.333181,33.728578],[-116.333227,33.728619],[-116.333264,33.728634],[-116.333358,33.728647],[-116.333453,33.728644],[-116.333649,33.72861],[-116.333797,33.728547],[-116.334027,33.728505],[-116.334104,33.728499],[-116.334164,33.728498],[-116.334228,33.728516],[-116.334369,33.728594],[-116.334477,33.728633],[-116.334611,33.728648],[-116.334665,33.728665],[-116.334701,33.728654],[-116.334784,33.72865],[-116.334861,33.728658],[-116.334921,33.728674],[-116.335033,33.728724],[-116.335076,33.728735],[-116.335142,33.728736],[-116.335276,33.728694],[-116.335438,33.728698],[-116.33551,33.728671],[-116.335599,33.728677],[-116.335712,33.72867],[-116.335806,33.728682],[-116.3359,33.728681],[-116.336086,33.728696],[-116.336163,33.728687],[-116.33628,33.728647],[-116.336403,33.728627],[-116.336449,33.728593],[-116.33646,33.728564],[-116.336445,33.728521],[-116.336402,33.72848],[-116.336265,33.728431],[-116.336181,33.728387],[-116.336113,33.728377],[-116.336023,33.728376],[-116.335899,33.728394],[-116.335858,33.728383],[-116.335813,33.728359],[-116.335773,33.728352],[-116.33567,33.728371],[-116.335597,33.728361],[-116.335566,33.728339],[-116.33554,33.728299],[-116.335517,33.728217],[-116.335516,33.728187],[-116.335544,33.728164],[-116.335614,33.728151],[-116.335755,33.728152],[-116.335888,33.728177],[-116.335945,33.728179],[-116.336106,33.72823],[-116.33615,33.728225],[-116.33621,33.728177],[-116.336247,33.728131],[-116.33629,33.72811],[-116.336394,33.728124],[-116.336438,33.72812],[-116.336468,33.728104],[-116.336478,33.728072],[-116.336468,33.728033],[-116.336441,33.728012],[-116.33637,33.727996],[-116.33627,33.728],[-116.336219,33.727984],[-116.336134,33.727914],[-116.336081,33.7279],[-116.336021,33.727897],[-116.335938,33.727855],[-116.335905,33.727816],[-116.335896,33.727793],[-116.335865,33.727764],[-116.335797,33.727748],[-116.335703,33.727753],[-116.335583,33.727792],[-116.335553,33.727796],[-116.335502,33.727789],[-116.335476,33.727759],[-116.335339,33.727644],[-116.335231,33.727592],[-116.334984,33.727566],[-116.334758,33.727511],[-116.334669,33.727496],[-116.334591,33.727491],[-116.334499,33.727471],[-116.334316,33.727413],[-116.334023,33.727419],[-116.333965,33.727412]]]}},{"type":"Feature","properties":{"k":"path"},"geometry":{"type":"LineString","coordinates":[[-116.32874,33.72632],[-116.328982,33.726424],[-116.329126,33.726496],[-116.329168,33.726529],[-116.329189,33.72658],[-116.329185,33.726632],[-116.329027,33.726724],[-116.328749,33.726917],[-116.328576,33.726952],[-116.32818,33.727162],[-116.328091,33.727224],[-116.32796,33.727344],[-116.327892,33.727379],[-116.327821,33.727395],[-116.327661,33.727403],[-116.327582,33.727419],[-116.327523,33.727451],[-116.327467,33.727499],[-116.327385,33.727549],[-116.327304,33.727576],[-116.327216,33.727585],[-116.327031,33.727627],[-116.326927,33.727643],[-116.326726,33.727629],[-116.326658,33.727617],[-116.326573,33.727625],[-116.326503,33.727727],[-116.326469,33.727741],[-116.326442,33.727733],[-116.326439,33.727709],[-116.326464,33.727672],[-116.326503,33.727653],[-116.326712,33.727556],[-116.326784,33.727532],[-116.326965,33.727496],[-116.327034,33.727474],[-116.327336,33.727322],[-116.327421,33.727257],[-116.327454,33.727211],[-116.32747,33.727163],[-116.327458,33.727108],[-116.327416,33.727064],[-116.327351,33.727031],[-116.327276,33.727018],[-116.327194,33.727022],[-116.32713,33.727058],[-116.327105,33.727116],[-116.327129,33.727235],[-116.327116,33.727287],[-116.327072,33.72733],[-116.326981,33.727363],[-116.326797,33.72738],[-116.326655,33.727423],[-116.326579,33.72746],[-116.326448,33.727552],[-116.326394,33.727579],[-116.32611,33.727604],[-116.325999,33.727634],[-116.325814,33.727723],[-116.325664,33.72782],[-116.325584,33.727853],[-116.325485,33.72787],[-116.32538,33.727867],[-116.325114,33.72783],[-116.324991,33.727845],[-116.324839,33.727878],[-116.32475,33.727914],[-116.324668,33.727931],[-116.324544,33.727941],[-116.324452,33.72797],[-116.324418,33.728005],[-116.324405,33.728075],[-116.324411,33.728199],[-116.324438,33.7283],[-116.324487,33.728378],[-116.324546,33.72846],[-116.324606,33.728516],[-116.324692,33.728569],[-116.324782,33.728595],[-116.325004,33.728629],[-116.325097,33.728642],[-116.325198,33.728647],[-116.32537,33.7287],[-116.325453,33.728713],[-116.325629,33.72872],[-116.325796,33.72874],[-116.326036,33.72871],[-116.32623,33.728734],[-116.326421,33.72874],[-116.326678,33.728684],[-116.326764,33.728689],[-116.326841,33.728707],[-116.326973,33.728765],[-116.327042,33.728778],[-116.327126,33.72878],[-116.327286,33.728763],[-116.327445,33.728776],[-116.327783,33.728704],[-116.327876,33.728673],[-116.327991,33.728606],[-116.328036,33.728561],[-116.328065,33.72851],[-116.328067,33.728457],[-116.327985,33.728309],[-116.327921,33.728141],[-116.327914,33.728079],[-116.327932,33.728015],[-116.327961,33.727984],[-116.328019,33.727951],[-116.328106,33.727918],[-116.328326,33.727846],[-116.328451,33.727821],[-116.328661,33.727838],[-116.328894,33.727755],[-116.328956,33.727719],[-116.329089,33.727607],[-116.329134,33.727551],[-116.329169,33.727438],[-116.329201,33.727388],[-116.32925,33.72733],[-116.329308,33.727279],[-116.329374,33.727248],[-116.329502,33.72722],[-116.329569,33.727193],[-116.32973,33.727057],[-116.329787,33.72704],[-116.329844,33.727037],[-116.329919,33.727055],[-116.330061,33.727122],[-116.330147,33.727143],[-116.330231,33.727151],[-116.330322,33.727171],[-116.330456,33.72723],[-116.330533,33.727253],[-116.330604,33.727258],[-116.330687,33.72725],[-116.330881,33.727187],[-116.33096,33.727179],[-116.331133,33.727211],[-116.331223,33.727216],[-116.331408,33.72721],[-116.331515,33.727224],[-116.331613,33.727224],[-116.331873,33.727208],[-116.332053,33.727213],[-116.332148,33.727226],[-116.332191,33.727239]]}},{"type":"Feature","properties":{"k":"path"},"geometry":{"type":"LineString","coordinates":[[-116.332191,33.727239],[-116.332283,33.727131],[-116.332409,33.727002],[-116.33248,33.726965],[-116.332549,33.726936],[-116.332636,33.726936],[-116.332707,33.72695],[-116.332794,33.726954],[-116.332871,33.72695],[-116.333024,33.727017],[-116.333135,33.727053],[-116.333242,33.727072],[-116.333386,33.727121],[-116.333524,33.72714],[-116.333587,33.727172],[-116.333611,33.727213],[-116.333626,33.72727],[-116.333656,33.727306],[-116.333715,33.727337],[-116.333856,33.727357],[-116.333966,33.727391],[-116.334053,33.727405],[-116.33431,33.727401],[-116.3344,33.727421],[-116.334552,33.727472],[-116.334732,33.727492],[-116.334979,33.72755],[-116.335223,33.727578],[-116.335332,33.727621],[-116.335528,33.72773],[-116.335581,33.727745],[-116.335618,33.727748],[-116.335789,33.727739],[-116.335967,33.72776],[-116.336039,33.727775],[-116.336205,33.727851],[-116.336406,33.727877],[-116.336495,33.72793],[-116.336577,33.728006],[-116.336647,33.728091],[-116.336712,33.728179],[-116.336771,33.728296],[-116.336884,33.7284],[-116.336902,33.728442],[-116.336901,33.728487],[-116.336869,33.728528],[-116.336825,33.728558],[-116.336688,33.72862],[-116.336604,33.728636],[-116.336365,33.728647],[-116.336149,33.728699],[-116.33608,33.728706],[-116.335864,33.728696],[-116.33581,33.728707],[-116.335729,33.728749],[-116.335678,33.728764],[-116.335621,33.72876],[-116.335553,33.728738],[-116.335496,33.728703],[-116.335436,33.728677],[-116.335358,33.728666],[-116.335157,33.72868],[-116.33487,33.72873],[-116.334806,33.728735],[-116.334606,33.728667],[-116.334441,33.728644],[-116.334374,33.728621],[-116.334242,33.728542],[-116.334172,33.728521],[-116.334085,33.728513],[-116.333792,33.728563],[-116.333625,33.72863],[-116.333541,33.72865],[-116.333376,33.728665],[-116.333221,33.728644],[-116.333146,33.728644],[-116.333013,33.728684],[-116.332959,33.728684],[-116.332849,33.728631],[-116.332782,33.728612],[-116.332716,33.728618],[-116.332679,33.728642],[-116.332622,33.728729],[-116.332583,33.728751],[-116.332416,33.728776],[-116.332316,33.728777],[-116.332236,33.728773],[-116.332152,33.72876],[-116.332077,33.728721],[-116.331969,33.728625],[-116.331919,33.728561],[-116.331889,33.72849],[-116.331857,33.728442],[-116.331796,33.728392],[-116.331738,33.728385],[-116.331645,33.728442],[-116.33159,33.728446],[-116.331535,33.728426],[-116.331479,33.72839],[-116.331408,33.728365],[-116.331327,33.728353],[-116.331275,33.72836],[-116.331233,33.728383],[-116.331111,33.72857],[-116.331069,33.728583],[-116.331037,33.728622],[-116.331027,33.728664],[-116.330997,33.728711],[-116.330965,33.728746],[-116.330927,33.728766],[-116.330829,33.728769],[-116.330662,33.728745],[-116.330568,33.72874],[-116.330479,33.728745],[-116.330418,33.728764],[-116.330336,33.728777],[-116.330256,33.728777],[-116.330138,33.728766],[-116.329924,33.728701],[-116.32982,33.728694],[-116.329745,33.728706],[-116.329637,33.72874],[-116.329572,33.728738],[-116.329527,33.728729],[-116.329231,33.728626],[-116.329057,33.728541],[-116.328786,33.728376],[-116.328707,33.728343],[-116.328647,33.728305],[-116.328624,33.728261],[-116.328625,33.728216],[-116.328659,33.728184],[-116.32872,33.72816],[-116.328903,33.728146],[-116.328969,33.728121],[-116.32902,33.728079],[-116.329068,33.728027],[-116.329125,33.72793],[-116.329163,33.72789],[-116.32922,33.727853],[-116.329301,33.727821],[-116.329386,33.727797],[-116.329653,33.727754],[-116.329801,33.727713],[-116.329885,33.727711],[-116.329984,33.727731],[-116.330214,33.727829],[-116.330269,33.727872],[-116.330311,33.727924],[-116.330347,33.728065],[-116.330373,33.728129],[-116.330416,33.728164],[-116.330475,33.728184],[-116.330547,33.728188],[-116.330784,33.728124],[-116.330854,33.728122],[-116.330912,33.728137],[-116.331014,33.728208],[-116.331074,33.728228],[-116.331135,33.72822],[-116.331271,33.728185],[-116.331461,33.728205],[-116.331627,33.728198],[-116.33171,33.728203],[-116.331878,33.728225],[-116.331949,33.728211],[-116.332064,33.72817],[-116.332131,33.728162],[-116.332391,33.728172],[-116.332457,33.728157],[-116.332499,33.72813],[-116.332601,33.728007],[-116.332668,33.728],[-116.332905,33.728021],[-116.332954,33.72799],[-116.33296,33.727972]]}},{"type":"Feature","properties":{"k":"path"},"geometry":{"type":"LineString","coordinates":[[-116.333,33.727846],[-116.333015,33.72782],[-116.333055,33.727792],[-116.333189,33.727741],[-116.333254,33.727708],[-116.333307,33.727663],[-116.333347,33.727609],[-116.333369,33.727565],[-116.333363,33.727512],[-116.333246,33.72744],[-116.333147,33.727338],[-116.333088,33.727311],[-116.333043,33.727312],[-116.332986,33.727331],[-116.332925,33.727365],[-116.332874,33.727376],[-116.332822,33.727371],[-116.332671,33.727322],[-116.332581,33.727311],[-116.332395,33.727324],[-116.332272,33.727281],[-116.332191,33.727239]]}},{"type":"Feature","properties":{"k":"path"},"geometry":{"type":"LineString","coordinates":[[-116.328881,33.726128],[-116.328964,33.726122],[-116.329033,33.726129],[-116.329109,33.726162],[-116.329159,33.726253],[-116.329174,33.72635],[-116.329197,33.726406],[-116.329285,33.726475],[-116.329364,33.726524],[-116.329417,33.726539],[-116.329513,33.726475],[-116.329571,33.726468],[-116.329625,33.726489],[-116.329741,33.726609],[-116.329942,33.726685],[-116.330003,33.726695],[-116.330067,33.726695],[-116.330197,33.726723],[-116.330257,33.726722],[-116.330322,33.726736],[-116.330447,33.726795],[-116.330559,33.726813],[-116.330597,33.726829],[-116.330783,33.726986],[-116.330883,33.727107],[-116.33096,33.727179]]}},{"type":"Feature","properties":{"k":"path"},"geometry":{"type":"LineString","coordinates":[[-116.330051,33.724738],[-116.330095,33.724772],[-116.33027,33.724871],[-116.330336,33.724918],[-116.330492,33.724979],[-116.330713,33.724969],[-116.330886,33.724978],[-116.331118,33.725032],[-116.331182,33.725035],[-116.331328,33.725024],[-116.331414,33.72503],[-116.331481,33.725044],[-116.33157,33.725048],[-116.331745,33.725104],[-116.331865,33.725101],[-116.33194,33.725108],[-116.332096,33.725183],[-116.332196,33.725198],[-116.33238,33.725258],[-116.332537,33.72526],[-116.332695,33.725298],[-116.332787,33.725327],[-116.332941,33.725419],[-116.333216,33.725493],[-116.333399,33.725518],[-116.333639,33.725527],[-116.333795,33.725565],[-116.333847,33.72559],[-116.334008,33.725715],[-116.334046,33.725733],[-116.334283,33.725744],[-116.334334,33.725755],[-116.334393,33.725789],[-116.334419,33.725856],[-116.334428,33.725921],[-116.334482,33.72599],[-116.334603,33.726051],[-116.334657,33.726092],[-116.33472,33.726114],[-116.33501,33.72616],[-116.335276,33.726228],[-116.335562,33.726363],[-116.335646,33.726447],[-116.335718,33.726492],[-116.335894,33.726558],[-116.335982,33.726628],[-116.336043,33.726646],[-116.336155,33.726637],[-116.336222,33.726649],[-116.336334,33.726713],[-116.33647,33.726749],[-116.3367,33.726824],[-116.336891,33.726871],[-116.337223,33.726992],[-116.337304,33.726998],[-116.337349,33.726986],[-116.337412,33.726985],[-116.337533,33.727025],[-116.337597,33.727038],[-116.337665,33.727033],[-116.337749,33.727013],[-116.337794,33.726982],[-116.337822,33.726937],[-116.337846,33.726862],[-116.337864,33.726717],[-116.337944,33.726522],[-116.337972,33.726469],[-116.338073,33.72637],[-116.338108,33.726323],[-116.338125,33.726264],[-116.338112,33.726071],[-116.338121,33.726009],[-116.338247,33.725789],[-116.338288,33.72567],[-116.338309,33.725549],[-116.338391,33.725347],[-116.3384,33.725208],[-116.338447,33.72505],[-116.338446,33.725006],[-116.338391,33.724831],[-116.338364,33.724707],[-116.338362,33.72464],[-116.33837,33.724586],[-116.338411,33.724464],[-116.338419,33.7244],[-116.338408,33.724342],[-116.338394,33.724288],[-116.338357,33.724236],[-116.338279,33.724215],[-116.338182,33.724207],[-116.338088,33.724223],[-116.337934,33.724294],[-116.337877,33.724336],[-116.337818,33.724397],[-116.337786,33.724455],[-116.337771,33.724591],[-116.337743,33.724731],[-116.337743,33.724811],[-116.337802,33.724972],[-116.337807,33.725047],[-116.337801,33.725109],[-116.337759,33.725248],[-116.337746,33.725405],[-116.337687,33.725546],[-116.337677,33.725602],[-116.337702,33.7258],[-116.337686,33.725879],[-116.337645,33.725954],[-116.337619,33.726072],[-116.337671,33.726217],[-116.337686,33.726295],[-116.337676,33.726365],[-116.337637,33.726435],[-116.337562,33.726481],[-116.33747,33.726494],[-116.337323,33.726483],[-116.337178,33.726495],[-116.337138,33.726459],[-116.337114,33.726416],[-116.33706,33.726373],[-116.33681,33.726283],[-116.33673,33.726262],[-116.336653,33.726252],[-116.336614,33.72623],[-116.336569,33.726178],[-116.33648,33.726022],[-116.336466,33.725944],[-116.336468,33.725863],[-116.336429,33.725704],[-116.336457,33.725594],[-116.336489,33.725523],[-116.336521,33.725476],[-116.336539,33.725408],[-116.336527,33.725256],[-116.336574,33.725036],[-116.33662,33.72458],[-116.336649,33.72444],[-116.336654,33.724366],[-116.336644,33.724179],[-116.336684,33.723821],[-116.336699,33.723751],[-116.336786,33.723559],[-116.33679,33.723496],[-116.336763,33.723307]]}},{"type":"Feature","properties":{"k":"path"},"geometry":{"type":"LineString","coordinates":[[-116.337786,33.724455],[-116.337786,33.724365],[-116.337764,33.724287],[-116.337641,33.724103],[-116.337614,33.724039],[-116.337595,33.723954],[-116.337559,33.723871],[-116.337538,33.723787]]}},{"type":"Feature","properties":{"k":"path"},"geometry":{"type":"LineString","coordinates":[[-116.337764,33.724287],[-116.337838,33.724305],[-116.337934,33.724294]]}},{"type":"Feature","properties":{"k":"path"},"geometry":{"type":"LineString","coordinates":[[-116.336744,33.723184],[-116.336734,33.723074],[-116.336736,33.722938],[-116.336759,33.722727],[-116.336748,33.72267],[-116.336678,33.722557],[-116.336667,33.722504],[-116.336667,33.722432],[-116.336702,33.722272],[-116.336757,33.722171],[-116.336772,33.722125],[-116.336753,33.72208],[-116.336684,33.722059],[-116.336467,33.722054],[-116.336374,33.722042],[-116.336309,33.722041],[-116.336241,33.722057],[-116.336191,33.722102],[-116.336171,33.722172],[-116.336184,33.722224],[-116.336188,33.722292],[-116.336169,33.722354],[-116.336043,33.72252],[-116.336023,33.722579],[-116.33601,33.722699],[-116.335989,33.72276],[-116.335914,33.722877],[-116.335775,33.723042],[-116.335747,33.723093],[-116.335701,33.723276],[-116.335672,33.723343],[-116.335656,33.723415],[-116.335663,33.723477],[-116.335686,33.723539],[-116.335693,33.723593],[-116.335683,33.723676],[-116.335635,33.723902],[-116.335645,33.72396],[-116.335677,33.724023],[-116.335769,33.724149],[-116.335825,33.724296],[-116.335863,33.724365],[-116.335962,33.724493],[-116.335993,33.72456],[-116.336002,33.724638],[-116.335994,33.724745]]}},{"type":"Feature","properties":{"k":"path"},"geometry":{"type":"LineString","coordinates":[[-116.335968,33.724965],[-116.335954,33.725043],[-116.335865,33.725176],[-116.33586,33.72523],[-116.335874,33.725294],[-116.335906,33.725368],[-116.335921,33.72546],[-116.335917,33.725533],[-116.335879,33.725695],[-116.335875,33.72577],[-116.335881,33.725831],[-116.335902,33.725907],[-116.335899,33.725946],[-116.33587,33.726001],[-116.335823,33.726009],[-116.335762,33.725994],[-116.335614,33.725925],[-116.335462,33.725808],[-116.335403,33.725736],[-116.335362,33.725646],[-116.335302,33.725548],[-116.335275,33.725455],[-116.335269,33.72533],[-116.335255,33.725263],[-116.335222,33.725186],[-116.335096,33.724974],[-116.335053,33.724743],[-116.33507,33.724612],[-116.335094,33.724543],[-116.335154,33.724447]]}}]}