{"type":"FeatureCollection","features":[{"type":"Feature","properties":{"k":"hole","ref":"1","par":5},"geometry":{"type":"LineString","coordinates":[[-117.927991,34.021456],[-117.93021,34.022162],[-117.931049,34.023258],[-117.931688,34.023865]]}},{"type":"Feature","properties":{"k":"hole","ref":"2","par":4},"geometry":{"type":"LineString","coordinates":[[-117.931786,34.024385],[-117.928837,34.024049],[-117.928378,34.024494]]}},{"type":"Feature","properties":{"k":"hole","ref":"3","par":4},"geometry":{"type":"LineString","coordinates":[[-117.928465,34.024903],[-117.930895,34.024938],[-117.931845,34.025335]]}},{"type":"Feature","properties":{"k":"hole","ref":"4","par":4},"geometry":{"type":"LineString","coordinates":[[-117.930571,34.025534],[-117.9332,34.026913],[-117.934585,34.027388]]}},{"type":"Feature","properties":{"k":"hole","ref":"5","par":3},"geometry":{"type":"LineString","coordinates":[[-117.933984,34.027575],[-117.931725,34.026985]]}},{"type":"Feature","properties":{"k":"hole","ref":"6","par":4},"geometry":{"type":"LineString","coordinates":[[-117.931019,34.026957],[-117.928495,34.026],[-117.926479,34.025543]]}},{"type":"Feature","properties":{"k":"hole","ref":"7","par":4},"geometry":{"type":"LineString","coordinates":[[-117.924526,34.025265],[-117.921875,34.024399],[-117.920251,34.024339]]}},{"type":"Feature","properties":{"k":"hole","ref":"8","par":5},"geometry":{"type":"LineString","coordinates":[[-117.920935,34.023885],[-117.923734,34.024158],[-117.924711,34.024358],[-117.925764,34.02443]]}},{"type":"Feature","properties":{"k":"hole","ref":"9","par":3},"geometry":{"type":"LineString","coordinates":[[-117.926305,34.02499],[-117.92728,34.024435]]}},{"type":"Feature","properties":{"k":"hole","ref":"10","par":5},"geometry":{"type":"LineString","coordinates":[[-117.928413,34.020721],[-117.930607,34.019513],[-117.932177,34.018991],[-117.933353,34.018898]]}},{"type":"Feature","properties":{"k":"hole","ref":"11","par":4},"geometry":{"type":"LineString","coordinates":[[-117.933265,34.01802],[-117.935206,34.018746],[-117.936202,34.019138]]}},{"type":"Feature","properties":{"k":"hole","ref":"12","par":4},"geometry":{"type":"LineString","coordinates":[[-117.93659,34.019818],[-117.934239,34.020128],[-117.932123,34.020082]]}},{"type":"Feature","properties":{"k":"hole","ref":"13","par":3},"geometry":{"type":"LineString","coordinates":[[-117.931813,34.019798],[-117.930006,34.020661]]}},{"type":"Feature","properties":{"k":"hole","ref":"14","par":4},"geometry":{"type":"LineString","coordinates":[[-117.931055,34.020767],[-117.933267,34.020911],[-117.934562,34.020852]]}},{"type":"Feature","properties":{"k":"hole","ref":"15","par":3},"geometry":{"type":"LineString","coordinates":[[-117.934651,34.021366],[-117.936258,34.020471]]}},{"type":"Feature","properties":{"k":"hole","ref":"16","par":4},"geometry":{"type":"LineString","coordinates":[[-117.936708,34.021203],[-117.935097,34.022862],[-117.933697,34.023093]]}},{"type":"Feature","properties":{"k":"hole","ref":"17","par":4},"geometry":{"type":"LineString","coordinates":[[-117.933103,34.022894],[-117.934979,34.021868],[-117.935985,34.021156]]}},{"type":"Feature","properties":{"k":"hole","ref":"18","par":5},"geometry":{"type":"LineString","coordinates":[[-117.934892,34.02141],[-117.932295,34.021516],[-117.929794,34.021434],[-117.928528,34.021276]]}},{"type":"Feature","properties":{"k":"water"},"geometry":{"type":"Polygon","coordinates":[[[-117.931329,34.022525],[-117.931248,34.022618],[-117.931149,34.022673],[-117.931098,34.022689],[-117.931034,34.022666],[-117.930995,34.022633],[-117.930885,34.02246],[-117.930675,34.022064],[-117.930587,34.021839],[-117.930599,34.021767],[-117.930682,34.021694],[-117.930776,34.021652],[-117.9313,34.021629],[-117.931436,34.021631],[-117.931516,34.021649],[-117.931621,34.021684],[-117.931653,34.021722],[-117.931774,34.02198],[-117.931782,34.022046],[-117.931774,34.022086],[-117.931735,34.022136],[-117.931616,34.022236],[-117.931397,34.02244],[-117.931329,34.022525]]]}},{"type":"Feature","properties":{"k":"water"},"geometry":{"type":"Polygon","coordinates":[[[-117.929317,34.024899],[-117.929263,34.02493],[-117.929172,34.024903],[-117.928882,34.024761],[-117.928828,34.024726],[-117.928695,34.024591],[-117.928657,34.024537],[-117.928645,34.024481],[-117.928519,34.024422],[-117.928468,34.024383],[-117.928375,34.024339],[-117.92835,34.024315],[-117.928344,34.024276],[-117.928357,34.024254],[-117.928394,34.024234],[-117.928445,34.02423],[-117.928524,34.024267],[-117.928662,34.024262],[-117.928795,34.024286],[-117.928915,34.024338],[-117.928968,34.024432],[-117.928984,34.024526],[-117.929022,34.024565],[-117.929123,34.024614],[-117.929198,34.024726],[-117.929269,34.024778],[-117.929333,34.024845],[-117.929317,34.024899]]]}},{"type":"Feature","properties":{"k":"green"},"geometry":{"type":"Polygon","coordinates":[[[-117.931592,34.023862],[-117.93158,34.023968],[-117.931584,34.024005],[-117.931604,34.024031],[-117.931637,34.024051],[-117.931677,34.024057],[-117.931697,34.024053],[-117.931757,34.024016],[-117.931779,34.023979],[-117.931797,34.02381],[-117.931755,34.02373],[-117.931715,34.023699],[-117.931691,34.023693],[-117.931638,34.023697],[-117.931607,34.023722],[-117.931592,34.023763],[-117.931592,34.023862]]]}},{"type":"Feature","properties":{"k":"green"},"geometry":{"type":"Polygon","coordinates":[[[-117.928712,34.021433],[-117.92874,34.021402],[-117.928746,34.021367],[-117.928739,34.021337],[-117.928649,34.021255],[-117.928615,34.021208],[-117.928593,34.021199],[-117.928465,34.021201],[-117.928386,34.021183],[-117.928336,34.021188],[-117.928318,34.021201],[-117.928306,34.021223],[-117.928305,34.021262],[-117.928331,34.021291],[-117.928382,34.021305],[-117.928485,34.021314],[-117.928513,34.021336],[-117.928529,34.021372],[-117.92856,34.021394],[-117.928657,34.021441],[-117.928697,34.02144],[-117.928712,34.021433]]]}},{"type":"Feature","properties":{"k":"fairway"},"geometry":{"type":"Polygon","coordinates":[[[-117.92758,34.021632],[-117.927604,34.02164],[-117.927616,34.02167],[-117.927594,34.021693],[-117.92757,34.021696],[-117.927542,34.021677],[-117.92754,34.021656],[-117.927555,34.021638],[-117.92758,34.021632]]]}},{"type":"Feature","properties":{"k":"fairway"},"geometry":{"type":"Polygon","coordinates":[[[-117.927956,34.021718],[-117.927926,34.021701],[-117.927843,34.021685],[-117.9278,34.021699],[-117.927784,34.021716],[-117.927779,34.021749],[-117.927797,34.021772],[-117.927816,34.021781],[-117.92791,34.021802],[-117.927954,34.021787],[-117.927966,34.02177],[-117.927971,34.021749],[-117.927956,34.021718]]]}},{"type":"Feature","properties":{"k":"fairway"},"geometry":{"type":"Polygon","coordinates":[[[-117.928115,34.021814],[-117.928148,34.021807],[-117.928162,34.021797],[-117.928172,34.021769],[-117.928158,34.021741],[-117.928127,34.021728],[-117.928093,34.021733],[-117.928068,34.021766],[-117.928085,34.021803],[-117.928115,34.021814]]]}},{"type":"Feature","properties":{"k":"fairway"},"geometry":{"type":"Polygon","coordinates":[[[-117.928324,34.021777],[-117.928346,34.02178],[-117.928367,34.021771],[-117.928376,34.021754],[-117.928363,34.021728],[-117.92833,34.021723],[-117.928312,34.021735],[-117.928306,34.021753],[-117.928324,34.021777]]]}},{"type":"Feature","properties":{"k":"tee"},"geometry":{"type":"Polygon","coordinates":[[[-117.927976,34.0215],[-117.928009,34.021508],[-117.928033,34.021502],[-117.928049,34.021488],[-117.928052,34.02147],[-117.928045,34.021449],[-117.92801,34.021428],[-117.927949,34.021418],[-117.927926,34.021432],[-117.927927,34.021461],[-117.927943,34.021484],[-117.927976,34.0215]]]}},{"type":"Feature","properties":{"k":"tee"},"geometry":{"type":"Polygon","coordinates":[[[-117.928151,34.021571],[-117.928198,34.021588],[-117.928237,34.02159],[-117.928255,34.021573],[-117.928254,34.021557],[-117.928241,34.021538],[-117.928159,34.021504],[-117.928116,34.021498],[-117.928095,34.021503],[-117.928088,34.021536],[-117.928101,34.021552],[-117.928151,34.021571]]]}},{"type":"Feature","properties":{"k":"tee"},"geometry":{"type":"Polygon","coordinates":[[[-117.934849,34.021408],[-117.934859,34.021428],[-117.934896,34.02144],[-117.934919,34.02143],[-117.93493,34.0214],[-117.934906,34.021375],[-117.934879,34.021373],[-117.934856,34.021386],[-117.934849,34.021408]]]}},{"type":"Feature","properties":{"k":"tee"},"geometry":{"type":"Polygon","coordinates":[[[-117.934658,34.021444],[-117.934691,34.021437],[-117.934721,34.021385],[-117.934706,34.02133],[-117.934672,34.021298],[-117.934645,34.021299],[-117.934627,34.02131],[-117.934613,34.021345],[-117.934614,34.021421],[-117.934634,34.02144],[-117.934658,34.021444]]]}},{"type":"Feature","properties":{"k":"tee"},"geometry":{"type":"Polygon","coordinates":[[[-117.934148,34.021515],[-117.934208,34.02152],[-117.93423,34.021515],[-117.93424,34.021498],[-117.93423,34.021471],[-117.934195,34.021462],[-117.93413,34.021462],[-117.934116,34.021495],[-117.934132,34.021512],[-117.934148,34.021515]]]}},{"type":"Feature","properties":{"k":"tee"},"geometry":{"type":"Polygon","coordinates":[[[-117.933957,34.0215],[-117.933823,34.021495],[-117.933803,34.02148],[-117.933805,34.021454],[-117.933816,34.021439],[-117.933846,34.021432],[-117.933959,34.021439],[-117.93398,34.021451],[-117.933988,34.021472],[-117.933976,34.021494],[-117.933957,34.0215]]]}},{"type":"Feature","properties":{"k":"tee"},"geometry":{"type":"Polygon","coordinates":[[[-117.933508,34.021475],[-117.933527,34.021505],[-117.933544,34.021514],[-117.933582,34.021515],[-117.933599,34.021509],[-117.933621,34.021485],[-117.933623,34.021455],[-117.933604,34.02143],[-117.933588,34.021423],[-117.933547,34.021422],[-117.933516,34.021442],[-117.933508,34.021475]]]}},{"type":"Feature","properties":{"k":"tee"},"geometry":{"type":"Polygon","coordinates":[[[-117.931765,34.024332],[-117.931734,34.024349],[-117.931723,34.024379],[-117.931728,34.024395],[-117.93175,34.024416],[-117.931801,34.024419],[-117.931827,34.0244],[-117.931833,34.024386],[-117.931829,34.024357],[-117.931802,34.024335],[-117.931765,34.024332]]]}},{"type":"Feature","properties":{"k":"tee"},"geometry":{"type":"Polygon","coordinates":[[[-117.931484,34.024401],[-117.931563,34.024399],[-117.93158,34.02438],[-117.931578,34.024364],[-117.931557,34.024342],[-117.931483,34.024319],[-117.931444,34.024318],[-117.931426,34.024345],[-117.931429,34.024378],[-117.931484,34.024401]]]}},{"type":"Feature","properties":{"k":"tee"},"geometry":{"type":"Polygon","coordinates":[[[-117.931006,34.024148],[-117.931075,34.024262],[-117.931101,34.024275],[-117.931132,34.024263],[-117.931145,34.024251],[-117.931146,34.024234],[-117.931076,34.024116],[-117.931051,34.024102],[-117.931017,34.0241],[-117.931,34.024129],[-117.931006,34.024148]]]}},{"type":"Feature","properties":{"k":"tee"},"geometry":{"type":"Polygon","coordinates":[[[-117.930706,34.024066],[-117.930727,34.024102],[-117.930758,34.02411],[-117.93079,34.0241],[-117.930807,34.024076],[-117.930802,34.024048],[-117.930791,34.024037],[-117.930761,34.024026],[-117.93073,34.024032],[-117.930706,34.024066]]]}},{"type":"Feature","properties":{"k":"fairway"},"geometry":{"type":"Polygon","coordinates":[[[-117.930967,34.023919],[-117.930998,34.023947],[-117.93102,34.023953],[-117.931063,34.023947],[-117.931093,34.023921],[-117.931099,34.023885],[-117.931091,34.023868],[-117.931059,34.023844],[-117.931036,34.023839],[-117.930992,34.023849],[-117.930964,34.02388],[-117.930967,34.023919]]]}},{"type":"Feature","properties":{"k":"fairway"},"geometry":{"type":"Polygon","coordinates":[[[-117.930788,34.023853],[-117.930789,34.02387],[-117.930813,34.023886],[-117.930833,34.023884],[-117.930849,34.023864],[-117.93084,34.023842],[-117.930821,34.023835],[-117.930801,34.023839],[-117.930788,34.023853]]]}},{"type":"Feature","properties":{"k":"fairway"},"geometry":{"type":"Polygon","coordinates":[[[-117.929232,34.024531],[-117.929278,34.02451],[-117.929299,34.024488],[-117.929306,34.024451],[-117.929299,34.024412],[-117.929223,34.024282],[-117.929177,34.024132],[-117.929069,34.023985],[-117.929007,34.023854],[-117.928981,34.023816],[-117.928947,34.023793],[-117.928764,34.02374],[-117.928731,34.023748],[-117.928664,34.023787],[-117.928636,34.023831],[-117.928585,34.023982],[-117.928539,34.024022],[-117.928455,34.024061],[-117.928448,34.024097],[-117.928425,34.024132],[-117.928422,34.024167],[-117.928436,34.024193],[-117.928492,34.024227],[-117.928527,34.024233],[-117.928817,34.024246],[-117.928858,34.024262],[-117.92891,34.024288],[-117.928951,34.024325],[-117.929019,34.024393],[-117.929079,34.024482],[-117.929113,34.02451],[-117.929181,34.02453],[-117.929232,34.024531]]]}},{"type":"Feature","properties":{"k":"green"},"geometry":{"type":"Polygon","coordinates":[[[-117.928577,34.024579],[-117.928582,34.024534],[-117.928555,34.024491],[-117.928378,34.02438],[-117.928315,34.024363],[-117.928269,34.024368],[-117.928247,34.024378],[-117.928226,34.024411],[-117.928221,34.024466],[-117.928235,34.024514],[-117.928261,34.024543],[-117.928332,34.024575],[-117.928504,34.024608],[-117.928561,34.0246],[-117.928577,34.024579]]]}},{"type":"Feature","properties":{"k":"tee"},"geometry":{"type":"Polygon","coordinates":[[[-117.928526,34.024945],[-117.928556,34.024938],[-117.928557,34.024908],[-117.928534,34.024885],[-117.928422,34.02488],[-117.928397,34.024893],[-117.928396,34.024911],[-117.928413,34.024931],[-117.928526,34.024945]]]}},{"type":"Feature","properties":{"k":"tee"},"geometry":{"type":"Polygon","coordinates":[[[-117.928852,34.024976],[-117.92888,34.02498],[-117.928893,34.024975],[-117.928905,34.024956],[-117.928902,34.024935],[-117.928869,34.024907],[-117.928819,34.02488],[-117.928735,34.024855],[-117.928701,34.02485],[-117.928669,34.024859],[-117.928661,34.024886],[-117.928671,34.024909],[-117.928699,34.024924],[-117.928783,34.02494],[-117.928852,34.024976]]]}},{"type":"Feature","properties":{"k":"tee"},"geometry":{"type":"Polygon","coordinates":[[[-117.929007,34.025046],[-117.929037,34.025061],[-117.92906,34.025055],[-117.929074,34.025039],[-117.929073,34.025019],[-117.929058,34.025004],[-117.929023,34.025003],[-117.929006,34.025017],[-117.929007,34.025046]]]}},{"type":"Feature","properties":{"k":"green"},"geometry":{"type":"Polygon","coordinates":[[[-117.931759,34.025377],[-117.931805,34.025421],[-117.931845,34.025433],[-117.931896,34.025424],[-117.931917,34.025392],[-117.931906,34.025319],[-117.931868,34.02525],[-117.931836,34.025229],[-117.931792,34.025213],[-117.931721,34.025206],[-117.931701,34.025227],[-117.931702,34.025273],[-117.931759,34.025377]]]}},{"type":"Feature","properties":{"k":"fairway"},"geometry":{"type":"Polygon","coordinates":[[[-117.929693,34.024843],[-117.929695,34.024885],[-117.929715,34.024919],[-117.929756,34.024953],[-117.929811,34.024973],[-117.930014,34.024987],[-117.930323,34.02507],[-117.930454,34.025075],[-117.930704,34.025052],[-117.93085,34.02507],[-117.930977,34.025059],[-117.931055,34.025068],[-117.931118,34.025086],[-117.931341,34.025216],[-117.931458,34.025293],[-117.931493,34.025308],[-117.931536,34.025303],[-117.93156,34.025289],[-117.931573,34.025274],[-117.931575,34.025255],[-117.931605,34.025227],[-117.931675,34.025225],[-117.931698,34.025248],[-117.931709,34.025213],[-117.931745,34.025205],[-117.931549,34.025022],[-117.931509,34.025006],[-117.93137,34.024973],[-117.931303,34.02494],[-117.931278,34.024941],[-117.931204,34.024965],[-117.931141,34.024959],[-117.931109,34.024947],[-117.931087,34.024929],[-117.930969,34.024802],[-117.930917,34.024776],[-117.930785,34.024763],[-117.930622,34.024724],[-117.930459,34.024714],[-117.930165,34.024734],[-117.929813,34.024738],[-117.929758,34.02475],[-117.929721,34.024775],[-117.929703,34.024803],[-117.929693,34.024843]]]}},{"type":"Feature","properties":{"k":"tee"},"geometry":{"type":"Polygon","coordinates":[[[-117.930543,34.025554],[-117.930564,34.02557],[-117.930604,34.025568],[-117.930621,34.025552],[-117.930619,34.025519],[-117.930584,34.025501],[-117.930555,34.025508],[-117.930539,34.025529],[-117.930543,34.025554]]]}},{"type":"Feature","properties":{"k":"tee"},"geometry":{"type":"Polygon","coordinates":[[[-117.930711,34.025696],[-117.930752,34.025703],[-117.930788,34.025686],[-117.930804,34.025654],[-117.930792,34.025621],[-117.930777,34.025609],[-117.930759,34.025602],[-117.93072,34.025604],[-117.93069,34.025624],[-117.93068,34.025656],[-117.930696,34.025686],[-117.930711,34.025696]]]}},{"type":"Feature","properties":{"k":"tee"},"geometry":{"type":"Polygon","coordinates":[[[-117.930919,34.025801],[-117.930957,34.025804],[-117.930975,34.025797],[-117.930998,34.025771],[-117.930996,34.025739],[-117.93097,34.025714],[-117.930932,34.025709],[-117.930915,34.025714],[-117.930889,34.025736],[-117.930885,34.025766],[-117.930903,34.025793],[-117.930919,34.025801]]]}},{"type":"Feature","properties":{"k":"tee"},"geometry":{"type":"Polygon","coordinates":[[[-117.931018,34.025945],[-117.931058,34.025929],[-117.931068,34.025905],[-117.931046,34.025872],[-117.931017,34.025865],[-117.930977,34.025886],[-117.930972,34.025912],[-117.930988,34.025935],[-117.931018,34.025945]]]}},{"type":"Feature","properties":{"k":"tee"},"geometry":{"type":"Polygon","coordinates":[[[-117.931116,34.02613],[-117.93115,34.026124],[-117.931164,34.026114],[-117.931178,34.026087],[-117.931169,34.026059],[-117.931157,34.026047],[-117.931124,34.026037],[-117.931092,34.026044],[-117.931066,34.02608],[-117.931074,34.026107],[-117.931116,34.02613]]]}},{"type":"Feature","properties":{"k":"green"},"geometry":{"type":"Polygon","coordinates":[[[-117.93474,34.027414],[-117.934691,34.027435],[-117.934473,34.027478],[-117.934436,34.027471],[-117.934419,34.027459],[-117.934397,34.027425],[-117.934394,34.027396],[-117.934419,34.027363],[-117.93449,34.027308],[-117.934518,34.027295],[-117.934552,34.027291],[-117.934669,34.027307],[-117.934737,34.027326],[-117.934762,34.027361],[-117.934761,34.02738],[-117.93474,34.027414]]]}},{"type":"Feature","properties":{"k":"path"},"geometry":{"type":"LineString","coordinates":[[-117.928255,34.020404],[-117.928299,34.020476],[-117.928299,34.02054],[-117.928253,34.020655],[-117.928197,34.02076],[-117.928046,34.020967],[-117.927958,34.021108],[-117.927891,34.021251],[-117.927745,34.021621],[-117.927721,34.021719],[-117.927707,34.021981],[-117.927731,34.022058],[-117.927793,34.022153],[-117.927875,34.022194],[-117.928109,34.022283],[-117.928207,34.022308],[-117.928317,34.022321],[-117.928376,34.022313],[-117.928444,34.022314],[-117.928513,34.022343],[-117.928546,34.02238],[-117.928574,34.02243],[-117.928574,34.022476],[-117.92861,34.022536]]}},{"type":"Feature","properties":{"k":"bunker"},"geometry":{"type":"Polygon","coordinates":[[[-117.92845,34.024695],[-117.928471,34.024672],[-117.928472,34.02466],[-117.928469,34.024637],[-117.928451,34.024621],[-117.928356,34.024609],[-117.928311,34.024634],[-117.928318,34.024671],[-117.928364,34.024706],[-117.928418,34.02471],[-117.92845,34.024695]]]}},{"type":"Feature","properties":{"k":"bunker"},"geometry":{"type":"Polygon","coordinates":[[[-117.928606,34.021515],[-117.928587,34.021512],[-117.928546,34.021485],[-117.928548,34.021457],[-117.928564,34.021445],[-117.92861,34.021443],[-117.928638,34.021458],[-117.92864,34.021494],[-117.928606,34.021515]]]}},{"type":"Feature","properties":{"k":"bunker"},"geometry":{"type":"Polygon","coordinates":[[[-117.928791,34.021282],[-117.928759,34.021293],[-117.928729,34.021285],[-117.928721,34.021266],[-117.928675,34.021242],[-117.928673,34.02121],[-117.92869,34.021198],[-117.928723,34.021196],[-117.928757,34.021198],[-117.928792,34.021212],[-117.928809,34.021254],[-117.928791,34.021282]]]}},{"type":"Feature","properties":{"k":"bunker"},"geometry":{"type":"Polygon","coordinates":[[[-117.928531,34.021169],[-117.928547,34.02115],[-117.928531,34.021128],[-117.928472,34.02111],[-117.928445,34.021115],[-117.928432,34.021127],[-117.928435,34.021152],[-117.928465,34.021175],[-117.928493,34.021181],[-117.928531,34.021169]]]}},{"type":"Feature","properties":{"k":"bunker"},"geometry":{"type":"Polygon","coordinates":[[[-117.928483,34.02143],[-117.928493,34.021398],[-117.928481,34.021345],[-117.928441,34.021332],[-117.928392,34.021338],[-117.928384,34.021359],[-117.928409,34.021397],[-117.928406,34.021419],[-117.928414,34.021431],[-117.928443,34.021442],[-117.928473,34.021438],[-117.928483,34.02143]]]}},{"type":"Feature","properties":{"k":"bunker"},"geometry":{"type":"Polygon","coordinates":[[[-117.929078,34.021598],[-117.929041,34.021603],[-117.928997,34.021602],[-117.928982,34.021595],[-117.92898,34.021564],[-117.929028,34.021519],[-117.929063,34.021516],[-117.929086,34.021533],[-117.929098,34.021572],[-117.929078,34.021598]]]}},{"type":"Feature","properties":{"k":"bunker"},"geometry":{"type":"Polygon","coordinates":[[[-117.929926,34.021643],[-117.929813,34.021636],[-117.929797,34.021624],[-117.929791,34.021606],[-117.9298,34.021576],[-117.929821,34.021564],[-117.929881,34.021557],[-117.92992,34.021555],[-117.929941,34.021563],[-117.929959,34.021589],[-117.929959,34.021604],[-117.929948,34.021625],[-117.929926,34.021643]]]}},{"type":"Feature","properties":{"k":"bunker"},"geometry":{"type":"Polygon","coordinates":[[[-117.929943,34.02183],[-117.929897,34.021842],[-117.929851,34.021837],[-117.929809,34.021845],[-117.929779,34.021843],[-117.929752,34.021828],[-117.929742,34.021782],[-117.929758,34.021765],[-117.929815,34.021747],[-117.929892,34.02175],[-117.929946,34.021773],[-117.929957,34.0218],[-117.929943,34.02183]]]}},{"type":"Feature","properties":{"k":"bunker"},"geometry":{"type":"Polygon","coordinates":[[[-117.930109,34.022315],[-117.930091,34.022357],[-117.93013,34.022441],[-117.930119,34.022506],[-117.93015,34.02253],[-117.930176,34.022539],[-117.930212,34.022536],[-117.930244,34.022512],[-117.930252,34.022487],[-117.930227,34.022379],[-117.930196,34.022333],[-117.930181,34.022323],[-117.930136,34.022312],[-117.930109,34.022315]]]}},{"type":"Feature","properties":{"k":"bunker"},"geometry":{"type":"Polygon","coordinates":[[[-117.931044,34.023497],[-117.931023,34.023507],[-117.930997,34.023509],[-117.930971,34.023498],[-117.93092,34.023457],[-117.930842,34.023443],[-117.930816,34.023418],[-117.930818,34.023391],[-117.930852,34.023366],[-117.93089,34.02336],[-117.930928,34.023368],[-117.931018,34.023402],[-117.93105,34.023431],[-117.931058,34.023452],[-117.931044,34.023497]]]}},{"type":"Feature","properties":{"k":"bunker"},"geometry":{"type":"Polygon","coordinates":[[[-117.931307,34.023671],[-117.931299,34.023691],[-117.931306,34.023715],[-117.931373,34.023755],[-117.931402,34.023785],[-117.931485,34.023807],[-117.931522,34.023804],[-117.931538,34.023795],[-117.931549,34.023764],[-117.931539,34.023736],[-117.931524,34.023723],[-117.931417,34.023692],[-117.931375,34.023646],[-117.931329,34.023646],[-117.931307,34.023671]]]}},{"type":"Feature","properties":{"k":"bunker"},"geometry":{"type":"Polygon","coordinates":[[[-117.931802,34.02363],[-117.93176,34.023671],[-117.931675,34.023673],[-117.931568,34.02365],[-117.931546,34.023628],[-117.931546,34.023616],[-117.931552,34.023596],[-117.931576,34.023576],[-117.931675,34.023579],[-117.931765,34.02357],[-117.931799,34.023592],[-117.931802,34.02363]]]}},{"type":"Feature","properties":{"k":"bunker"},"geometry":{"type":"Polygon","coordinates":[[[-117.928192,34.024486],[-117.928155,34.0245],[-117.928124,34.024487],[-117.928109,34.02444],[-117.92812,34.024423],[-117.928151,34.024411],[-117.928183,34.024414],[-117.928203,34.024455],[-117.928192,34.024486]]]}},{"type":"Feature","properties":{"k":"bunker"},"geometry":{"type":"Polygon","coordinates":[[[-117.92822,34.024376],[-117.928183,34.024378],[-117.928142,34.024359],[-117.928138,34.02433],[-117.928163,34.024303],[-117.928209,34.024292],[-117.928243,34.024296],[-117.928253,34.024341],[-117.92822,34.024376]]]}},{"type":"Feature","properties":{"k":"bunker"},"geometry":{"type":"Polygon","coordinates":[[[-117.931263,34.024913],[-117.931238,34.024935],[-117.931208,34.024947],[-117.93117,34.024948],[-117.931133,34.024933],[-117.931084,34.024889],[-117.931048,34.024834],[-117.93105,34.024808],[-117.931066,34.02478],[-117.931093,34.024773],[-117.931128,34.024778],[-117.931175,34.02483],[-117.931257,34.024857],[-117.931271,34.024879],[-117.931263,34.024913]]]}},{"type":"Feature","properties":{"k":"bunker"},"geometry":{"type":"Polygon","coordinates":[[[-117.931545,34.024935],[-117.931488,34.024943],[-117.931453,34.024958],[-117.9314,34.024957],[-117.931363,34.024933],[-117.931362,34.024906],[-117.931387,34.024874],[-117.931422,34.024863],[-117.931487,34.02486],[-117.931535,34.024873],[-117.931556,34.024892],[-117.931561,34.024917],[-117.931545,34.024935]]]}},{"type":"Feature","properties":{"k":"bunker"},"geometry":{"type":"Polygon","coordinates":[[[-117.931672,34.025292],[-117.931641,34.025296],[-117.93162,34.02529],[-117.931594,34.02527],[-117.931593,34.025255],[-117.931612,34.025237],[-117.931661,34.02524],[-117.93168,34.025262],[-117.93168,34.025285],[-117.931672,34.025292]]]}},{"type":"Feature","properties":{"k":"bunker"},"geometry":{"type":"Polygon","coordinates":[[[-117.931685,34.025391],[-117.93165,34.025395],[-117.931611,34.025383],[-117.931588,34.025356],[-117.931596,34.025327],[-117.931615,34.025315],[-117.931642,34.02531],[-117.93169,34.025327],[-117.931708,34.025349],[-117.931707,34.025368],[-117.931685,34.025391]]]}},{"type":"Feature","properties":{"k":"bunker"},"geometry":{"type":"Polygon","coordinates":[[[-117.931863,34.025166],[-117.931846,34.025181],[-117.931815,34.025191],[-117.931733,34.025162],[-117.931712,34.025141],[-117.931709,34.025129],[-117.931723,34.02509],[-117.931757,34.025077],[-117.931806,34.025086],[-117.93187,34.025124],[-117.931875,34.025142],[-117.931863,34.025166]]]}},{"type":"Feature","properties":{"k":"bunker"},"geometry":{"type":"Polygon","coordinates":[[[-117.932038,34.025277],[-117.93198,34.025289],[-117.931951,34.025286],[-117.931931,34.025255],[-117.931931,34.025238],[-117.931982,34.025195],[-117.932013,34.025187],[-117.932031,34.025191],[-117.932053,34.025211],[-117.932063,34.025235],[-117.932062,34.025255],[-117.932038,34.025277]]]}},{"type":"Feature","properties":{"k":"bunker"},"geometry":{"type":"Polygon","coordinates":[[[-117.932049,34.025407],[-117.932021,34.025434],[-117.932004,34.025436],[-117.931981,34.025427],[-117.931959,34.02539],[-117.931963,34.02535],[-117.932,34.025331],[-117.932026,34.025329],[-117.932044,34.025341],[-117.932055,34.025352],[-117.932049,34.025407]]]}},{"type":"Feature","properties":{"k":"bunker"},"geometry":{"type":"Polygon","coordinates":[[[-117.9333,34.027068],[-117.933256,34.027088],[-117.933213,34.027081],[-117.933193,34.02704],[-117.933195,34.02702],[-117.933233,34.027002],[-117.933289,34.02701],[-117.933304,34.027017],[-117.933315,34.027035],[-117.9333,34.027068]]]}},{"type":"Feature","properties":{"k":"bunker"},"geometry":{"type":"Polygon","coordinates":[[[-117.93444,34.027325],[-117.934398,34.02734],[-117.934356,34.027337],[-117.934329,34.027312],[-117.934334,34.027287],[-117.934374,34.027252],[-117.934415,34.027249],[-117.934452,34.027294],[-117.93445,34.027314],[-117.93444,34.027325]]]}},{"type":"Feature","properties":{"k":"bunker"},"geometry":{"type":"Polygon","coordinates":[[[-117.934749,34.027256],[-117.934691,34.027275],[-117.934627,34.027265],[-117.934582,34.027242],[-117.934569,34.027219],[-117.934572,34.027197],[-117.93459,34.027179],[-117.934621,34.027168],[-117.93473,34.027164],[-117.934752,34.02718],[-117.934764,34.027208],[-117.934763,34.027231],[-117.934749,34.027256]]]}},{"type":"Feature","properties":{"k":"bunker"},"geometry":{"type":"Polygon","coordinates":[[[-117.934757,34.027493],[-117.934743,34.027513],[-117.934681,34.027537],[-117.934635,34.027533],[-117.934609,34.027515],[-117.934625,34.027474],[-117.934733,34.027438],[-117.934769,34.027454],[-117.93477,34.027473],[-117.934757,34.027493]]]}},{"type":"Feature","properties":{"k":"bunker"},"geometry":{"type":"Polygon","coordinates":[[[-117.934367,34.027469],[-117.934343,34.027499],[-117.934321,34.027502],[-117.934287,34.027493],[-117.934258,34.027472],[-117.934267,34.027418],[-117.934329,34.02741],[-117.934362,34.027434],[-117.934367,34.027469]]]}},{"type":"Feature","properties":{"k":"tee"},"geometry":{"type":"Polygon","coordinates":[[[-117.934044,34.027606],[-117.933902,34.027597],[-117.933908,34.027536],[-117.93405,34.027546],[-117.934044,34.027606]]]}},{"type":"Feature","properties":{"k":"tee"},"geometry":{"type":"Polygon","coordinates":[[[-117.933818,34.0276],[-117.933514,34.027575],[-117.933522,34.027508],[-117.933826,34.027532],[-117.933818,34.0276]]]}},{"type":"Feature","properties":{"k":"tee"},"geometry":{"type":"Polygon","coordinates":[[[-117.93308,34.027539],[-117.93276,34.027453],[-117.932797,34.02736],[-117.933117,34.027446],[-117.93308,34.027539]]]}},{"type":"Feature","properties":{"k":"fairway"},"geometry":{"type":"Polygon","coordinates":[[[-117.931977,34.027063],[-117.931995,34.027033],[-117.931995,34.02701],[-117.931968,34.026984],[-117.932052,34.026982],[-117.932164,34.027032],[-117.932188,34.027053],[-117.932196,34.027083],[-117.932171,34.027112],[-117.932132,34.027118],[-117.93205,34.027094],[-117.932001,34.027064],[-117.931977,34.027063]]]}},{"type":"Feature","properties":{"k":"green"},"geometry":{"type":"Polygon","coordinates":[[[-117.931996,34.027023],[-117.931985,34.027054],[-117.931968,34.027069],[-117.93187,34.027063],[-117.931796,34.027073],[-117.931717,34.027047],[-117.931624,34.027049],[-117.931585,34.027038],[-117.931551,34.027013],[-117.931545,34.026967],[-117.931565,34.026941],[-117.9316,34.026921],[-117.931657,34.026907],[-117.931704,34.02691],[-117.931813,34.026945],[-117.931941,34.026971],[-117.93198,34.02699],[-117.931996,34.027023]]]}},{"type":"Feature","properties":{"k":"tee"},"geometry":{"type":"Polygon","coordinates":[[[-117.930916,34.02695],[-117.931087,34.027021],[-117.931118,34.02697],[-117.930947,34.026899],[-117.930916,34.02695]]]}},{"type":"Feature","properties":{"k":"tee"},"geometry":{"type":"Polygon","coordinates":[[[-117.930816,34.026936],[-117.93064,34.02687],[-117.930681,34.026794],[-117.930857,34.026859],[-117.930816,34.026936]]]}},{"type":"Feature","properties":{"k":"tee"},"geometry":{"type":"Polygon","coordinates":[[[-117.930536,34.026866],[-117.930206,34.026762],[-117.930241,34.026686],[-117.930571,34.026789],[-117.930536,34.026866]]]}},{"type":"Feature","properties":{"k":"fairway"},"geometry":{"type":"Polygon","coordinates":[[[-117.929367,34.026321],[-117.929286,34.026392],[-117.929237,34.026406],[-117.929173,34.026401],[-117.928945,34.026339],[-117.928854,34.026292],[-117.92879,34.02624],[-117.928697,34.026199],[-117.928611,34.026175],[-117.928356,34.026055],[-117.928204,34.025998],[-117.928069,34.025935],[-117.927975,34.025912],[-117.927797,34.025855],[-117.927743,34.025848],[-117.927717,34.025854],[-117.927706,34.025867],[-117.927706,34.025885],[-117.927733,34.025912],[-117.927816,34.02594],[-117.928018,34.025983],[-117.92819,34.026085],[-117.928403,34.026161],[-117.928503,34.026188],[-117.928532,34.02621],[-117.928543,34.026249],[-117.928538,34.026271],[-117.928504,34.026315],[-117.928445,34.026338],[-117.928419,34.026336],[-117.92836,34.026301],[-117.92823,34.026248],[-117.928145,34.026225],[-117.928025,34.026213],[-117.927942,34.026189],[-117.927836,34.026133],[-117.927706,34.026049],[-117.927496,34.025964],[-117.92742,34.025918],[-117.927384,34.025884],[-117.92735,34.025824],[-117.927346,34.025786],[-117.927359,34.025722],[-117.927385,34.025661],[-117.927417,34.025621],[-117.927473,34.025581],[-117.927593,34.025559],[-117.927634,34.025571],[-117.927704,34.025617],[-117.927755,34.025697],[-117.927804,34.025741],[-117.92786,34.025768],[-117.927916,34.025774],[-117.928038,34.025748],[-117.928071,34.025752],[-117.928278,34.025827],[-117.928353,34.02587],[-117.928442,34.02591],[-117.928523,34.025924],[-117.928609,34.025928],[-117.928704,34.025949],[-117.928817,34.026023],[-117.928882,34.026051],[-117.929076,34.026051],[-117.929172,34.026067],[-117.929268,34.026114],[-117.929325,34.026162],[-117.929369,34.026233],[-117.929374,34.026301],[-117.929367,34.026321]]]}},{"type":"Feature","properties":{"k":"bunker"},"geometry":{"type":"Polygon","coordinates":[[[-117.928819,34.026315],[-117.928811,34.026332],[-117.928767,34.026359],[-117.928721,34.026362],[-117.928605,34.026295],[-117.928592,34.026263],[-117.928599,34.026232],[-117.928627,34.026212],[-117.928646,34.02621],[-117.928712,34.026224],[-117.928755,34.026255],[-117.928813,34.026278],[-117.928821,34.026291],[-117.928819,34.026315]]]}},{"type":"Feature","properties":{"k":"bunker"},"geometry":{"type":"Polygon","coordinates":[[[-117.927965,34.025748],[-117.92791,34.025753],[-117.927861,34.025746],[-117.927817,34.025714],[-117.927823,34.025682],[-117.927833,34.025671],[-117.927874,34.02566],[-117.927947,34.025669],[-117.927972,34.025708],[-117.927974,34.025739],[-117.927965,34.025748]]]}},{"type":"Feature","properties":{"k":"bunker"},"geometry":{"type":"Polygon","coordinates":[[[-117.926727,34.025679],[-117.926661,34.025711],[-117.926619,34.025716],[-117.926586,34.025703],[-117.926551,34.025702],[-117.926523,34.025681],[-117.926521,34.025664],[-117.926531,34.025647],[-117.926574,34.02562],[-117.926625,34.025607],[-117.926679,34.025605],[-117.926703,34.025611],[-117.926736,34.025633],[-117.926738,34.025665],[-117.926727,34.025679]]]}},{"type":"Feature","properties":{"k":"green"},"geometry":{"type":"Polygon","coordinates":[[[-117.926674,34.02552],[-117.926671,34.025548],[-117.926629,34.025581],[-117.926605,34.025593],[-117.926534,34.025608],[-117.926466,34.025636],[-117.926415,34.025638],[-117.926359,34.025622],[-117.926315,34.025589],[-117.926304,34.025571],[-117.926317,34.025534],[-117.926336,34.025513],[-117.926406,34.025483],[-117.926513,34.025476],[-117.926592,34.025459],[-117.92665,34.025483],[-117.926674,34.02552]]]}},{"type":"Feature","properties":{"k":"tee"},"geometry":{"type":"Polygon","coordinates":[[[-117.924703,34.025291],[-117.924668,34.025357],[-117.92435,34.025241],[-117.924385,34.025176],[-117.924703,34.025291]]]}},{"type":"Feature","properties":{"k":"tee"},"geometry":{"type":"Polygon","coordinates":[[[-117.924222,34.025203],[-117.924257,34.025193],[-117.924277,34.025156],[-117.924253,34.02512],[-117.924221,34.025113],[-117.924188,34.025123],[-117.924175,34.025135],[-117.924168,34.025165],[-117.924187,34.025192],[-117.924222,34.025203]]]}},{"type":"Feature","properties":{"k":"tee"},"geometry":{"type":"Polygon","coordinates":[[[-117.92408,34.025152],[-117.923939,34.025108],[-117.923965,34.02505],[-117.924106,34.025094],[-117.92408,34.025152]]]}},{"type":"Feature","properties":{"k":"tee"},"geometry":{"type":"Polygon","coordinates":[[[-117.923805,34.025012],[-117.923819,34.025035],[-117.923802,34.02507],[-117.923774,34.02508],[-117.923733,34.025064],[-117.923726,34.025027],[-117.923746,34.025006],[-117.923777,34.025],[-117.923805,34.025012]]]}},{"type":"Feature","properties":{"k":"bunker"},"geometry":{"type":"Polygon","coordinates":[[[-117.922733,34.024771],[-117.922705,34.024796],[-117.922663,34.024802],[-117.922597,34.024771],[-117.922545,34.024767],[-117.922506,34.024755],[-117.922481,34.024732],[-117.922479,34.024706],[-117.92251,34.024676],[-117.922539,34.024672],[-117.922594,34.024678],[-117.922706,34.024714],[-117.922732,34.024749],[-117.922733,34.024771]]]}},{"type":"Feature","properties":{"k":"bunker"},"geometry":{"type":"Polygon","coordinates":[[[-117.922817,34.024406],[-117.922804,34.024419],[-117.922781,34.024425],[-117.922746,34.024429],[-117.922732,34.024424],[-117.922709,34.024402],[-117.922696,34.024371],[-117.922691,34.024356],[-117.922698,34.02433],[-117.922712,34.02432],[-117.922746,34.024317],[-117.922798,34.024335],[-117.922817,34.024361],[-117.922817,34.024406]]]}},{"type":"Feature","properties":{"k":"bunker"},"geometry":{"type":"Polygon","coordinates":[[[-117.92236,34.024294],[-117.922341,34.024312],[-117.922289,34.024339],[-117.922242,34.024344],[-117.92217,34.024327],[-117.922128,34.024299],[-117.922119,34.024264],[-117.922135,34.02424],[-117.922162,34.02423],[-117.922301,34.024232],[-117.922354,34.02425],[-117.922363,34.024272],[-117.92236,34.024294]]]}},{"type":"Feature","properties":{"k":"bunker"},"geometry":{"type":"Polygon","coordinates":[[[-117.921518,34.024611],[-117.921488,34.02464],[-117.921448,34.024646],[-117.921377,34.024603],[-117.921318,34.024583],[-117.921289,34.024564],[-117.921278,34.024526],[-117.921282,34.024497],[-117.921308,34.02448],[-117.921336,34.024479],[-117.921365,34.024488],[-117.921518,34.024581],[-117.921525,34.024589],[-117.921518,34.024611]]]}},{"type":"Feature","properties":{"k":"bunker"},"geometry":{"type":"Polygon","coordinates":[[[-117.92055,34.024368],[-117.920469,34.024421],[-117.920439,34.024426],[-117.920419,34.024411],[-117.920422,34.024368],[-117.920457,34.02433],[-117.9205,34.024321],[-117.920532,34.024322],[-117.920552,34.024347],[-117.92055,34.024368]]]}},{"type":"Feature","properties":{"k":"bunker"},"geometry":{"type":"Polygon","coordinates":[[[-117.920317,34.024234],[-117.920273,34.024246],[-117.920253,34.024238],[-117.920252,34.024226],[-117.92027,34.024209],[-117.920305,34.024203],[-117.920317,34.024216],[-117.920317,34.024234]]]}},{"type":"Feature","properties":{"k":"green"},"geometry":{"type":"Polygon","coordinates":[[[-117.920469,34.024288],[-117.920452,34.024314],[-117.920376,34.024389],[-117.920359,34.024401],[-117.920322,34.024412],[-117.920223,34.024414],[-117.920151,34.024402],[-117.920128,34.024385],[-117.920113,34.024355],[-117.920117,34.024328],[-117.920141,34.0243],[-117.920186,34.024287],[-117.920285,34.024295],[-117.920339,34.024274],[-117.920374,34.02425],[-117.920427,34.024234],[-117.920465,34.024248],[-117.920469,34.024288]]]}},{"type":"Feature","properties":{"k":"fairway"},"geometry":{"type":"Polygon","coordinates":[[[-117.92044,34.024234],[-117.920488,34.024206],[-117.920592,34.024195],[-117.92065,34.024204],[-117.920672,34.024224],[-117.920679,34.024245],[-117.920668,34.024268],[-117.920627,34.024286],[-117.920491,34.024295],[-117.920461,34.024303],[-117.920471,34.024262],[-117.920465,34.024248],[-117.92044,34.024234]]]}},{"type":"Feature","properties":{"k":"fairway"},"geometry":{"type":"Polygon","coordinates":[[[-117.922943,34.024603],[-117.922906,34.024668],[-117.922841,34.024708],[-117.922813,34.024714],[-117.922584,34.024651],[-117.922346,34.024644],[-117.922284,34.024633],[-117.92215,34.024563],[-117.922081,34.024541],[-117.921821,34.024586],[-117.921683,34.024582],[-117.921556,34.024554],[-117.921516,34.024536],[-117.921424,34.024476],[-117.921379,34.024457],[-117.921276,34.024446],[-117.921186,34.02446],[-117.921137,34.024452],[-117.921099,34.024419],[-117.921085,34.024381],[-117.921091,34.024355],[-117.921127,34.024325],[-117.921226,34.024316],[-117.921419,34.024343],[-117.921511,34.024349],[-117.921595,34.024332],[-117.921712,34.024282],[-117.921823,34.024254],[-117.921888,34.024253],[-117.921965,34.024266],[-117.922137,34.024345],[-117.9222,34.02436],[-117.922246,34.02436],[-117.922289,34.024351],[-117.922432,34.024287],[-117.922512,34.024285],[-117.922607,34.024347],[-117.922706,34.024431],[-117.92274,34.02445],[-117.922858,34.024437],[-117.922902,34.024451],[-117.922938,34.024474],[-117.922961,34.024516],[-117.922963,34.024558],[-117.922956,34.024588],[-117.922943,34.024603]]]}},{"type":"Feature","properties":{"k":"tee"},"geometry":{"type":"Polygon","coordinates":[[[-117.921144,34.023942],[-117.920733,34.023891],[-117.920745,34.023824],[-117.921156,34.023876],[-117.921144,34.023942]]]}},{"type":"Feature","properties":{"k":"tee"},"geometry":{"type":"Polygon","coordinates":[[[-117.921266,34.023939],[-117.921455,34.023963],[-117.921467,34.023899],[-117.921277,34.023876],[-117.921266,34.023939]]]}},{"type":"Feature","properties":{"k":"tee"},"geometry":{"type":"Polygon","coordinates":[[[-117.921781,34.023988],[-117.921619,34.023969],[-117.921628,34.023917],[-117.92179,34.023936],[-117.921781,34.023988]]]}},{"type":"Feature","properties":{"k":"bunker"},"geometry":{"type":"Polygon","coordinates":[[[-117.923528,34.024022],[-117.923517,34.024038],[-117.923444,34.024058],[-117.923403,34.024047],[-117.923375,34.02403],[-117.92336,34.024005],[-117.923364,34.023987],[-117.923389,34.023964],[-117.923452,34.023953],[-117.923524,34.023995],[-117.923528,34.024022]]]}},{"type":"Feature","properties":{"k":"bunker"},"geometry":{"type":"Polygon","coordinates":[[[-117.923966,34.024365],[-117.923918,34.024379],[-117.923859,34.024357],[-117.923796,34.024346],[-117.923766,34.024329],[-117.92376,34.024316],[-117.923768,34.02429],[-117.9238,34.024273],[-117.923837,34.024271],[-117.923938,34.024302],[-117.923966,34.024332],[-117.923966,34.024365]]]}},{"type":"Feature","properties":{"k":"bunker"},"geometry":{"type":"Polygon","coordinates":[[[-117.924173,34.024476],[-117.924114,34.024502],[-117.924083,34.024506],[-117.924052,34.024498],[-117.924032,34.02448],[-117.92401,34.024437],[-117.924009,34.024408],[-117.924021,34.024384],[-117.924053,34.024375],[-117.92409,34.024383],[-117.924115,34.024415],[-117.924175,34.024448],[-117.924173,34.024476]]]}},{"type":"Feature","properties":{"k":"bunker"},"geometry":{"type":"Polygon","coordinates":[[[-117.925379,34.024599],[-117.925366,34.024625],[-117.925351,34.024631],[-117.925303,34.02463],[-117.925262,34.024617],[-117.925226,34.024588],[-117.925216,34.024521],[-117.925244,34.024501],[-117.925287,34.024504],[-117.92532,34.024524],[-117.925375,34.024584],[-117.925379,34.024599]]]}},{"type":"Feature","properties":{"k":"bunker"},"geometry":{"type":"Polygon","coordinates":[[[-117.925605,34.024632],[-117.925523,34.024639],[-117.925491,34.024627],[-117.925427,34.02456],[-117.925415,34.024513],[-117.925417,34.024491],[-117.92545,34.024474],[-117.925494,34.024478],[-117.925522,34.02451],[-117.925592,34.024542],[-117.925609,34.024559],[-117.92562,34.024593],[-117.925605,34.024632]]]}},{"type":"Feature","properties":{"k":"bunker"},"geometry":{"type":"Polygon","coordinates":[[[-117.925649,34.024334],[-117.925621,34.024366],[-117.925571,34.024383],[-117.925526,34.024378],[-117.925513,34.024369],[-117.925496,34.024338],[-117.925509,34.024296],[-117.925539,34.024265],[-117.925584,34.024253],[-117.925607,34.024253],[-117.925636,34.024273],[-117.925652,34.024304],[-117.925649,34.024334]]]}},{"type":"Feature","properties":{"k":"fairway"},"geometry":{"type":"Polygon","coordinates":[[[-117.925609,34.024405],[-117.925554,34.024407],[-117.925518,34.0244],[-117.925491,34.024382],[-117.925477,34.024352],[-117.92547,34.024288],[-117.925439,34.024258],[-117.925397,34.02424],[-117.925314,34.024236],[-117.925175,34.024247],[-117.925086,34.024246],[-117.924896,34.024211],[-117.924856,34.02421],[-117.924743,34.024228],[-117.924672,34.024209],[-117.924515,34.024121],[-117.924345,34.024108],[-117.924196,34.024139],[-117.924158,34.024133],[-117.924048,34.024069],[-117.92383,34.024051],[-117.92366,34.024018],[-117.923598,34.024031],[-117.923557,34.024052],[-117.923492,34.024071],[-117.923435,34.024074],[-117.923362,34.024044],[-117.923255,34.023936],[-117.923171,34.023905],[-117.92309,34.023902],[-117.92297,34.023924],[-117.922816,34.023924],[-117.92276,34.023911],[-117.922579,34.023847],[-117.92244,34.023823],[-117.922377,34.02383],[-117.922305,34.023857],[-117.922278,34.02391],[-117.922273,34.023949],[-117.922278,34.023971],[-117.922287,34.023988],[-117.922316,34.024007],[-117.922382,34.024024],[-117.922569,34.024045],[-117.922794,34.024114],[-117.922961,34.024143],[-117.923081,34.024179],[-117.923339,34.024274],[-117.923529,34.024366],[-117.923642,34.02441],[-117.92391,34.024494],[-117.923957,34.024482],[-117.92397,34.024444],[-117.923962,34.024419],[-117.923923,34.024396],[-117.923757,34.024343],[-117.923746,34.024323],[-117.923752,34.024287],[-117.923772,34.024267],[-117.923794,34.024258],[-117.923863,34.024254],[-117.92406,34.024287],[-117.924091,34.024301],[-117.924211,34.024408],[-117.924273,34.024441],[-117.924353,34.024469],[-117.92455,34.024495],[-117.924903,34.024504],[-117.925083,34.02454],[-117.92514,34.024531],[-117.925229,34.024496],[-117.925371,34.024492],[-117.925425,34.02448],[-117.925464,34.024462],[-117.925507,34.024468],[-117.925573,34.024502],[-117.925556,34.024473],[-117.925557,34.024458],[-117.925576,34.024429],[-117.925609,34.024405]]]}},{"type":"Feature","properties":{"k":"green"},"geometry":{"type":"Polygon","coordinates":[[[-117.925827,34.024442],[-117.92581,34.024465],[-117.925706,34.02454],[-117.92566,34.02454],[-117.925595,34.024519],[-117.925562,34.02449],[-117.925556,34.024473],[-117.925564,34.024442],[-117.925588,34.024418],[-117.925739,34.024332],[-117.925781,34.024335],[-117.925817,34.024351],[-117.925838,34.024393],[-117.925827,34.024442]]]}},{"type":"Feature","properties":{"k":"tee"},"geometry":{"type":"Polygon","coordinates":[[[-117.926422,34.025046],[-117.92643,34.025062],[-117.926424,34.025079],[-117.9264,34.025103],[-117.926357,34.02511],[-117.926321,34.025091],[-117.926217,34.024952],[-117.926205,34.024908],[-117.926214,34.024877],[-117.926232,34.024868],[-117.926272,34.024874],[-117.926322,34.02492],[-117.926422,34.025046]]]}},{"type":"Feature","properties":{"k":"tee"},"geometry":{"type":"Polygon","coordinates":[[[-117.926506,34.024992],[-117.926482,34.025017],[-117.926451,34.025021],[-117.926303,34.024863],[-117.926298,34.024832],[-117.926304,34.024807],[-117.92632,34.024789],[-117.926353,34.024778],[-117.926395,34.024779],[-117.92642,34.024789],[-117.926445,34.024824],[-117.926505,34.024954],[-117.926506,34.024992]]]}},{"type":"Feature","properties":{"k":"tee"},"geometry":{"type":"Polygon","coordinates":[[[-117.926645,34.02475],[-117.926638,34.024763],[-117.926565,34.024803],[-117.926529,34.024808],[-117.926512,34.024802],[-117.926501,34.024789],[-117.926509,34.024761],[-117.926616,34.02471],[-117.926631,34.02471],[-117.926647,34.024725],[-117.926645,34.02475]]]}},{"type":"Feature","properties":{"k":"green"},"geometry":{"type":"Polygon","coordinates":[[[-117.927428,34.024127],[-117.927397,34.024142],[-117.927385,34.024159],[-117.927371,34.024221],[-117.927355,34.024246],[-117.927329,34.024267],[-117.927265,34.024287],[-117.927239,34.024307],[-117.92721,34.024395],[-117.927162,34.024498],[-117.927168,34.02455],[-117.927196,34.024577],[-117.927269,34.024575],[-117.927308,34.024552],[-117.927346,34.024511],[-117.927355,34.024469],[-117.927326,34.024386],[-117.927337,34.024332],[-117.927373,34.024296],[-117.927417,34.024271],[-117.927468,34.024204],[-117.927464,34.02415],[-117.927457,34.02414],[-117.927428,34.024127]]]}},{"type":"Feature","properties":{"k":"bunker"},"geometry":{"type":"Polygon","coordinates":[[[-117.927126,34.024548],[-117.927112,34.024565],[-117.927084,34.024576],[-117.927011,34.024566],[-117.927,34.024547],[-117.927004,34.024505],[-117.927023,34.024487],[-117.927041,34.024484],[-117.927117,34.02449],[-117.927126,34.024501],[-117.927126,34.024548]]]}},{"type":"Feature","properties":{"k":"bunker"},"geometry":{"type":"Polygon","coordinates":[[[-117.927185,34.024378],[-117.927157,34.024399],[-117.927138,34.024402],[-117.927099,34.024386],[-117.927084,34.024364],[-117.927089,34.024321],[-117.927118,34.024305],[-117.927172,34.024306],[-117.927183,34.024312],[-117.927196,34.024334],[-117.927185,34.024378]]]}},{"type":"Feature","properties":{"k":"bunker"},"geometry":{"type":"Polygon","coordinates":[[[-117.92735,34.024226],[-117.927307,34.024254],[-117.927256,34.024256],[-117.927238,34.024229],[-117.927244,34.024181],[-117.927256,34.024169],[-117.927301,34.024154],[-117.927341,34.02416],[-117.92736,34.024183],[-117.92735,34.024226]]]}},{"type":"Feature","properties":{"k":"bunker"},"geometry":{"type":"Polygon","coordinates":[[[-117.927606,34.024184],[-117.927571,34.024203],[-117.927512,34.024186],[-117.9275,34.024154],[-117.927527,34.024111],[-117.927556,34.024102],[-117.927594,34.024117],[-117.927611,34.024148],[-117.927606,34.024184]]]}},{"type":"Feature","properties":{"k":"path"},"geometry":{"type":"LineString","coordinates":[[-117.927793,34.021505],[-117.927954,34.02158],[-117.928153,34.021637],[-117.928411,34.021684],[-117.928451,34.021698],[-117.928488,34.02172],[-117.928522,34.021757],[-117.928622,34.021912],[-117.928664,34.021948],[-117.928707,34.021978],[-117.928935,34.022103],[-117.929015,34.022129],[-117.929186,34.022168],[-117.929337,34.022227],[-117.929625,34.022256],[-117.929705,34.022274],[-117.92976,34.022304],[-117.929976,34.022482],[-117.930176,34.022701],[-117.930333,34.022966],[-117.930579,34.023259],[-117.930715,34.023391],[-117.930827,34.023536],[-117.930869,34.023561],[-117.930946,34.023585],[-117.931225,34.023717],[-117.931279,34.023761],[-117.931471,34.024028],[-117.931594,34.024148],[-117.931656,34.024184],[-117.931727,34.024211],[-117.931815,34.024225],[-117.931968,34.024277],[-117.93202,34.024288],[-117.932072,34.024283],[-117.932123,34.024261],[-117.932193,34.024215],[-117.932287,34.024072],[-117.932344,34.023951]]}},{"type":"Feature","properties":{"k":"path"},"geometry":{"type":"LineString","coordinates":[[-117.931756,34.024215],[-117.931707,34.024265],[-117.931669,34.024282],[-117.931622,34.024297],[-117.931532,34.024297],[-117.931404,34.024236],[-117.931262,34.024216],[-117.931198,34.024195],[-117.931177,34.024182],[-117.931121,34.024073],[-117.9311,34.024059],[-117.93107,34.024048],[-117.930852,34.024015],[-117.930688,34.023944],[-117.930634,34.023936],[-117.930589,34.023943],[-117.930562,34.023957],[-117.930487,34.024129],[-117.930467,34.024155],[-117.930415,34.024184],[-117.930388,34.024187],[-117.930361,34.02418],[-117.93031,34.024155],[-117.930232,34.024064],[-117.930209,34.02405],[-117.930157,34.024043],[-117.930092,34.024071],[-117.930065,34.024101],[-117.930043,34.024187],[-117.930062,34.024347],[-117.930043,34.02438],[-117.930006,34.024397],[-117.929921,34.024391],[-117.929787,34.024333],[-117.929737,34.024295],[-117.929693,34.024247],[-117.929616,34.024127],[-117.929568,34.024102],[-117.929375,34.024047],[-117.929317,34.024022],[-117.92928,34.023997],[-117.929248,34.023972],[-117.929047,34.023731],[-117.929015,34.023713],[-117.928858,34.02366],[-117.928779,34.023642],[-117.928726,34.023639],[-117.928684,34.023653],[-117.928652,34.023678],[-117.928542,34.023827],[-117.928312,34.024044],[-117.928211,34.024229],[-117.928127,34.02429],[-117.928093,34.024325],[-117.92807,34.024367],[-117.928064,34.024437],[-117.928081,34.024487],[-117.928115,34.024541],[-117.928323,34.024757],[-117.92839,34.024789],[-117.928573,34.024842],[-117.928594,34.02486],[-117.928637,34.024936],[-117.928792,34.024982],[-117.928856,34.025043],[-117.928897,34.025068],[-117.928999,34.025093],[-117.929227,34.025079],[-117.929318,34.02506],[-117.929384,34.02498],[-117.929486,34.024824],[-117.929563,34.024752],[-117.929628,34.024718],[-117.929692,34.024699],[-117.929766,34.024687],[-117.929906,34.024676],[-117.93011,34.024674],[-117.930399,34.024614],[-117.930557,34.024617],[-117.93065,34.024635],[-117.930793,34.024689],[-117.930848,34.024699],[-117.931029,34.024704],[-117.931178,34.024724],[-117.931344,34.024779],[-117.931552,34.024821],[-117.931601,34.024841],[-117.931635,34.024881],[-117.931701,34.024926],[-117.93174,34.024964],[-117.931811,34.025003],[-117.932015,34.025094],[-117.932074,34.025135],[-117.932103,34.025201],[-117.932113,34.025295],[-117.932081,34.025417],[-117.932052,34.025459],[-117.931987,34.025486],[-117.931917,34.025497],[-117.931723,34.02549],[-117.931443,34.025463],[-117.93141,34.025472],[-117.931282,34.02554],[-117.931234,34.025553],[-117.931174,34.025562],[-117.930996,34.025568],[-117.930947,34.02556],[-117.930862,34.025513],[-117.930819,34.025481],[-117.930754,34.02547],[-117.930726,34.025489],[-117.930739,34.025536],[-117.930869,34.025625],[-117.930929,34.025653],[-117.931037,34.025683],[-117.931136,34.025691],[-117.931179,34.0257],[-117.931193,34.02571],[-117.931202,34.025726],[-117.931199,34.025739],[-117.931153,34.025805],[-117.931134,34.025863],[-117.93114,34.025929],[-117.931168,34.025959],[-117.931201,34.025965],[-117.931279,34.025953],[-117.931366,34.025952],[-117.931547,34.02601],[-117.931868,34.02606],[-117.93203,34.026096],[-117.932195,34.026104],[-117.932378,34.026129],[-117.932451,34.026161],[-117.932728,34.026328],[-117.932879,34.026387],[-117.932903,34.026403],[-117.932912,34.02642],[-117.932906,34.026463],[-117.932883,34.026472],[-117.932741,34.026452]]}},{"type":"Feature","properties":{"k":"path"},"geometry":{"type":"LineString","coordinates":[[-117.932741,34.026452],[-117.932461,34.026373],[-117.932377,34.026356],[-117.932277,34.026346],[-117.932229,34.026355],[-117.932167,34.026378],[-117.932118,34.026407],[-117.932065,34.026443],[-117.931991,34.026508],[-117.931949,34.026591],[-117.931945,34.026622],[-117.931955,34.026655],[-117.931977,34.026688],[-117.932021,34.026725],[-117.932058,34.026744],[-117.932228,34.02679],[-117.932333,34.026835],[-117.932473,34.02693],[-117.932602,34.027003],[-117.93264,34.027037],[-117.932736,34.027099],[-117.932853,34.027139],[-117.93327,34.027251],[-117.93331,34.027252],[-117.933427,34.027276],[-117.933507,34.027277],[-117.933654,34.027298],[-117.933954,34.027368],[-117.934066,34.027414],[-117.934155,34.027468],[-117.934324,34.027554],[-117.934451,34.027611],[-117.934592,34.027658],[-117.934716,34.027657],[-117.934775,34.027649],[-117.934858,34.027623],[-117.935007,34.027524],[-117.935022,34.027481],[-117.935014,34.027432],[-117.934895,34.027145],[-117.934877,34.02705],[-117.934898,34.026962],[-117.934931,34.0269]]}},{"type":"Feature","properties":{"k":"path"},"geometry":{"type":"LineString","coordinates":[[-117.93425,34.027518],[-117.934216,34.027538],[-117.934183,34.027541],[-117.934143,34.027526],[-117.934122,34.027503],[-117.934093,34.027487],[-117.934052,34.027477],[-117.934005,34.027486],[-117.933824,34.027475],[-117.933543,34.027439],[-117.933095,34.02737],[-117.932782,34.027307],[-117.932757,34.027313],[-117.93256,34.027437],[-117.932437,34.027466],[-117.93237,34.027465],[-117.932316,34.027448],[-117.932272,34.027423],[-117.931895,34.027369],[-117.931716,34.027297],[-117.931648,34.027277],[-117.931364,34.027141],[-117.931299,34.027095],[-117.931173,34.026965],[-117.931129,34.026933],[-117.930977,34.026854],[-117.930781,34.02678],[-117.930618,34.026731],[-117.930206,34.026633],[-117.930106,34.026625],[-117.929979,34.026587],[-117.929898,34.026533],[-117.929819,34.02646],[-117.929663,34.026344],[-117.92945,34.026152],[-117.929244,34.026009],[-117.929096,34.025963],[-117.928883,34.025923],[-117.928697,34.025865],[-117.928023,34.0256],[-117.927919,34.025567],[-117.927745,34.02548],[-117.927524,34.025435],[-117.927357,34.025392],[-117.927062,34.025333],[-117.926987,34.025302],[-117.926871,34.025313],[-117.926768,34.025308],[-117.926697,34.025295],[-117.926539,34.02525],[-117.926484,34.025251],[-117.926428,34.02527],[-117.926277,34.025383],[-117.926212,34.025404],[-117.926153,34.025408],[-117.926064,34.02539],[-117.925993,34.025345],[-117.92595,34.025287],[-117.925922,34.025232],[-117.925907,34.025047],[-117.925883,34.024914],[-117.925858,34.024849],[-117.925757,34.024772],[-117.925699,34.024741],[-117.925624,34.024746],[-117.925278,34.02471],[-117.925113,34.024708],[-117.925074,34.024693],[-117.924919,34.024731],[-117.924788,34.024949],[-117.924752,34.025053],[-117.924722,34.025172],[-117.924704,34.025197],[-117.924672,34.025207],[-117.924616,34.025205],[-117.924568,34.025194],[-117.924455,34.025145],[-117.924415,34.02514],[-117.924374,34.025146],[-117.924348,34.025157],[-117.924291,34.025216],[-117.924266,34.025233],[-117.924229,34.025245],[-117.92418,34.025237],[-117.923985,34.025162],[-117.923752,34.025104],[-117.923642,34.025056],[-117.923596,34.025024],[-117.923534,34.024994],[-117.923488,34.024984],[-117.923343,34.024971],[-117.923272,34.024976],[-117.923132,34.024948],[-117.922935,34.024926],[-117.922683,34.024886],[-117.9226,34.024862],[-117.922458,34.024839],[-117.922339,34.024839],[-117.922272,34.024823],[-117.921913,34.0248],[-117.921847,34.024802],[-117.921754,34.024775],[-117.921492,34.024723],[-117.9211,34.024661],[-117.920857,34.024631],[-117.920591,34.024573],[-117.919961,34.024431],[-117.919935,34.024415],[-117.919919,34.02439],[-117.919921,34.024296],[-117.919954,34.024214],[-117.920006,34.024156],[-117.920212,34.024059],[-117.920359,34.024006],[-117.920443,34.023952],[-117.92062,34.023956],[-117.92075,34.023948],[-117.920813,34.023951],[-117.921018,34.024003],[-117.921717,34.024042],[-117.922027,34.024095],[-117.922104,34.02412],[-117.922175,34.024124],[-117.922228,34.024119],[-117.922479,34.024076],[-117.922557,34.024097],[-117.922818,34.024211],[-117.922896,34.024236],[-117.923015,34.024262],[-117.923183,34.024277],[-117.923291,34.024341],[-117.92369,34.024489],[-117.923943,34.024532],[-117.924275,34.02455],[-117.924618,34.024595],[-117.924864,34.024592],[-117.924933,34.024613],[-117.925074,34.024693]]}},{"type":"Feature","properties":{"k":"path"},"geometry":{"type":"LineString","coordinates":[[-117.925699,34.024741],[-117.925785,34.024725],[-117.925844,34.024705],[-117.926094,34.024599],[-117.92618,34.024598],[-117.926542,34.024657],[-117.926592,34.024649],[-117.926708,34.024605],[-117.926725,34.024586],[-117.926721,34.024481],[-117.926764,34.024401],[-117.926851,34.024323],[-117.92704,34.024213],[-117.927067,34.024166],[-117.927111,34.024055],[-117.927128,34.024034],[-117.927236,34.023961],[-117.927294,34.02389],[-117.92729,34.023782],[-117.927275,34.023734],[-117.927204,34.023605],[-117.927109,34.023468],[-117.926974,34.023371],[-117.926884,34.023347],[-117.926633,34.023315]]}},{"type":"Feature","properties":{"k":"path"},"geometry":{"type":"LineString","coordinates":[[-117.927294,34.02389],[-117.927445,34.023957],[-117.927587,34.024003],[-117.927797,34.024003],[-117.927902,34.023974],[-117.928136,34.02388],[-117.928317,34.023794],[-117.928378,34.023755],[-117.928458,34.023682],[-117.928606,34.023619],[-117.928684,34.02361],[-117.928779,34.023642]]}},{"type":"Feature","properties":{"k":"tee"},"geometry":{"type":"Polygon","coordinates":[[[-117.928373,34.020783],[-117.928326,34.02073],[-117.928461,34.020649],[-117.928507,34.020702],[-117.928373,34.020783]]]}},{"type":"Feature","properties":{"k":"tee"},"geometry":{"type":"Polygon","coordinates":[[[-117.928659,34.02081],[-117.928616,34.02076],[-117.928723,34.020696],[-117.928766,34.020745],[-117.928659,34.02081]]]}},{"type":"Feature","properties":{"k":"tee"},"geometry":{"type":"Polygon","coordinates":[[[-117.928957,34.0206],[-117.928919,34.020553],[-117.929089,34.020459],[-117.929126,34.020506],[-117.928957,34.0206]]]}},{"type":"Feature","properties":{"k":"tee"},"geometry":{"type":"Polygon","coordinates":[[[-117.929328,34.020354],[-117.929355,34.020364],[-117.929369,34.020398],[-117.929355,34.02042],[-117.929327,34.020429],[-117.929299,34.020423],[-117.929278,34.020392],[-117.929288,34.020369],[-117.929328,34.020354]]]}},{"type":"Feature","properties":{"k":"water"},"geometry":{"type":"Polygon","coordinates":[[[-117.933185,34.018983],[-117.933192,34.019036],[-117.933182,34.019084],[-117.933168,34.019095],[-117.933102,34.019129],[-117.932945,34.019177],[-117.932779,34.019194],[-117.93268,34.019191],[-117.932604,34.019179],[-117.932548,34.019143],[-117.932555,34.019061],[-117.932566,34.019038],[-117.932622,34.018965],[-117.932669,34.018941],[-117.932773,34.018932],[-117.932832,34.018943],[-117.93291,34.018943],[-117.932953,34.018928],[-117.933031,34.018884],[-117.933066,34.018878],[-117.933131,34.018897],[-117.933177,34.01895],[-117.933185,34.018983]]]}},{"type":"Feature","properties":{"k":"green"},"geometry":{"type":"Polygon","coordinates":[[[-117.933428,34.01891],[-117.933439,34.018972],[-117.933459,34.019014],[-117.933458,34.019048],[-117.933424,34.019064],[-117.93336,34.019056],[-117.933313,34.019041],[-117.933284,34.01902],[-117.933243,34.018923],[-117.933168,34.01885],[-117.933159,34.018803],[-117.933165,34.018784],[-117.933201,34.018765],[-117.933242,34.018764],[-117.933341,34.018797],[-117.933402,34.01883],[-117.933423,34.018863],[-117.933428,34.01891]]]}},{"type":"Feature","properties":{"k":"bunker"},"geometry":{"type":"Polygon","coordinates":[[[-117.933591,34.018977],[-117.933573,34.019003],[-117.933556,34.019013],[-117.9335,34.019006],[-117.933465,34.018972],[-117.933457,34.018949],[-117.933455,34.018914],[-117.933464,34.018899],[-117.933492,34.018882],[-117.93353,34.018882],[-117.933542,34.018889],[-117.933586,34.018951],[-117.933591,34.018977]]]}},{"type":"Feature","properties":{"k":"bunker"},"geometry":{"type":"Polygon","coordinates":[[[-117.933438,34.018772],[-117.933431,34.018789],[-117.933413,34.018795],[-117.933375,34.01879],[-117.933331,34.018775],[-117.933315,34.018754],[-117.93332,34.018716],[-117.933348,34.018704],[-117.933385,34.018706],[-117.933422,34.018727],[-117.933437,34.018753],[-117.933438,34.018772]]]}},{"type":"Feature","properties":{"k":"bunker"},"geometry":{"type":"Polygon","coordinates":[[[-117.930892,34.019717],[-117.930881,34.019778],[-117.930862,34.0198],[-117.930823,34.019805],[-117.93078,34.019795],[-117.930748,34.01976],[-117.930749,34.019728],[-117.930786,34.019666],[-117.930829,34.019642],[-117.930875,34.019648],[-117.930898,34.019661],[-117.930902,34.019686],[-117.930892,34.019717]]]}},{"type":"Feature","properties":{"k":"bunker"},"geometry":{"type":"Polygon","coordinates":[[[-117.931211,34.01952],[-117.931176,34.019541],[-117.9311,34.019548],[-117.93107,34.019528],[-117.931058,34.019505],[-117.93107,34.019476],[-117.931112,34.019446],[-117.931149,34.019431],[-117.931186,34.019429],[-117.931202,34.019433],[-117.931221,34.019458],[-117.931225,34.019484],[-117.931211,34.01952]]]}},{"type":"Feature","properties":{"k":"bunker"},"geometry":{"type":"Polygon","coordinates":[[[-117.931162,34.019195],[-117.931132,34.019222],[-117.931043,34.019244],[-117.930971,34.019237],[-117.930958,34.019224],[-117.930963,34.019196],[-117.930993,34.019169],[-117.931021,34.019161],[-117.931066,34.019165],[-117.931114,34.019147],[-117.931142,34.019149],[-117.931162,34.019162],[-117.931162,34.019195]]]}},{"type":"Feature","properties":{"k":"fairway"},"geometry":{"type":"Polygon","coordinates":[[[-117.933161,34.018824],[-117.933131,34.018794],[-117.9331,34.018803],[-117.933022,34.018851],[-117.93292,34.018883],[-117.932683,34.018899],[-117.932637,34.018915],[-117.93256,34.018967],[-117.932492,34.019114],[-117.932454,34.019138],[-117.932252,34.019199],[-117.932159,34.019245],[-117.932047,34.019289],[-117.931972,34.019304],[-117.931827,34.01932],[-117.931599,34.019371],[-117.931359,34.019392],[-117.931309,34.019405],[-117.931234,34.019412],[-117.931151,34.01941],[-117.931105,34.019429],[-117.931066,34.019455],[-117.931005,34.019537],[-117.930957,34.019576],[-117.930764,34.019656],[-117.930725,34.019731],[-117.930723,34.019762],[-117.930748,34.019818],[-117.930749,34.019846],[-117.93074,34.019861],[-117.930689,34.019898],[-117.930589,34.019953],[-117.930445,34.020015],[-117.930278,34.020058],[-117.930251,34.020059],[-117.930086,34.020017],[-117.930048,34.019988],[-117.93002,34.019905],[-117.930029,34.019868],[-117.93016,34.019644],[-117.930329,34.019528],[-117.930397,34.01946],[-117.930509,34.019309],[-117.93053,34.019286],[-117.930555,34.019273],[-117.930629,34.019256],[-117.930666,34.019256],[-117.930869,34.019282],[-117.931369,34.019213],[-117.931438,34.019191],[-117.931597,34.019176],[-117.931682,34.019143],[-117.931726,34.019115],[-117.9318,34.019025],[-117.931825,34.018964],[-117.931863,34.018915],[-117.931911,34.018865],[-117.932004,34.018808],[-117.932052,34.018796],[-117.932112,34.018794],[-117.93219,34.018804],[-117.932277,34.018772],[-117.932499,34.018729],[-117.93285,34.018645],[-117.932949,34.018639],[-117.933005,34.018643],[-117.933059,34.018657],[-117.933238,34.018737],[-117.933258,34.018766],[-117.933224,34.018763],[-117.933176,34.018774],[-117.933165,34.018784],[-117.933161,34.018824]]]}},{"type":"Feature","properties":{"k":"tee"},"geometry":{"type":"Polygon","coordinates":[[[-117.933353,34.018183],[-117.933338,34.018208],[-117.933307,34.018232],[-117.933262,34.018234],[-117.933229,34.018206],[-117.933226,34.018155],[-117.933249,34.018126],[-117.93328,34.018106],[-117.933347,34.018104],[-117.933369,34.018121],[-117.933373,34.018136],[-117.933353,34.018183]]]}},{"type":"Feature","properties":{"k":"tee"},"geometry":{"type":"Polygon","coordinates":[[[-117.933342,34.018039],[-117.933323,34.018051],[-117.933235,34.018076],[-117.933197,34.018111],[-117.933168,34.018161],[-117.933139,34.018178],[-117.933121,34.018175],[-117.933079,34.018146],[-117.933076,34.018116],[-117.933114,34.018056],[-117.93319,34.017966],[-117.933208,34.017957],[-117.933227,34.017952],[-117.93327,34.017955],[-117.933339,34.017987],[-117.933352,34.017996],[-117.933357,34.018017],[-117.933342,34.018039]]]}},{"type":"Feature","properties":{"k":"tee"},"geometry":{"type":"Polygon","coordinates":[[[-117.933838,34.018329],[-117.933821,34.018348],[-117.933781,34.018352],[-117.933753,34.018328],[-117.933754,34.018305],[-117.933787,34.018282],[-117.933817,34.018286],[-117.933836,34.018304],[-117.933838,34.018329]]]}},{"type":"Feature","properties":{"k":"bunker"},"geometry":{"type":"Polygon","coordinates":[[[-117.935224,34.019028],[-117.935209,34.019042],[-117.935178,34.019049],[-117.935121,34.019036],[-117.93509,34.019005],[-117.935097,34.018957],[-117.935148,34.018943],[-117.935199,34.018957],[-117.935228,34.018991],[-117.935224,34.019028]]]}},{"type":"Feature","properties":{"k":"bunker"},"geometry":{"type":"Polygon","coordinates":[[[-117.935375,34.018983],[-117.935366,34.019012],[-117.935344,34.019023],[-117.935312,34.019021],[-117.935291,34.018998],[-117.935299,34.018955],[-117.935327,34.01894],[-117.935363,34.018945],[-117.935375,34.018983]]]}},{"type":"Feature","properties":{"k":"bunker"},"geometry":{"type":"Polygon","coordinates":[[[-117.936078,34.018976],[-117.936058,34.018996],[-117.936032,34.018998],[-117.935999,34.01899],[-117.935963,34.018959],[-117.93596,34.018925],[-117.935972,34.018916],[-117.935994,34.018912],[-117.936048,34.01892],[-117.93607,34.01894],[-117.936078,34.018976]]]}},{"type":"Feature","properties":{"k":"bunker"},"geometry":{"type":"Polygon","coordinates":[[[-117.936232,34.018938],[-117.936225,34.018956],[-117.936213,34.018966],[-117.936161,34.018974],[-117.936134,34.01895],[-117.936131,34.018913],[-117.936144,34.018896],[-117.936184,34.018888],[-117.936214,34.018906],[-117.936232,34.018938]]]}},{"type":"Feature","properties":{"k":"bunker"},"geometry":{"type":"Polygon","coordinates":[[[-117.936419,34.01907],[-117.936397,34.019132],[-117.936372,34.019144],[-117.936333,34.019139],[-117.936293,34.019118],[-117.936269,34.019089],[-117.936262,34.019047],[-117.936268,34.019014],[-117.936308,34.018972],[-117.936375,34.018978],[-117.936422,34.019006],[-117.936428,34.019034],[-117.936419,34.01907]]]}},{"type":"Feature","properties":{"k":"bunker"},"geometry":{"type":"Polygon","coordinates":[[[-117.936215,34.019317],[-117.936192,34.019368],[-117.936155,34.019376],[-117.936129,34.019368],[-117.936109,34.01935],[-117.936082,34.01932],[-117.936079,34.019301],[-117.936103,34.01927],[-117.936141,34.019258],[-117.936157,34.019261],[-117.936205,34.019296],[-117.936215,34.019317]]]}},{"type":"Feature","properties":{"k":"bunker"},"geometry":{"type":"Polygon","coordinates":[[[-117.936125,34.019217],[-117.936108,34.019231],[-117.936019,34.019264],[-117.935992,34.019259],[-117.93597,34.019239],[-117.935972,34.019216],[-117.935986,34.019197],[-117.936055,34.019166],[-117.936099,34.019171],[-117.936116,34.01918],[-117.936128,34.019197],[-117.936125,34.019217]]]}},{"type":"Feature","properties":{"k":"bunker"},"geometry":{"type":"Polygon","coordinates":[[[-117.936027,34.019129],[-117.936027,34.019144],[-117.936014,34.019156],[-117.935974,34.019174],[-117.935943,34.019175],[-117.935877,34.019126],[-117.935861,34.019093],[-117.935861,34.019074],[-117.935887,34.01904],[-117.935922,34.019036],[-117.935954,34.019062],[-117.935973,34.019091],[-117.936016,34.01911],[-117.936027,34.019129]]]}},{"type":"Feature","properties":{"k":"tee"},"geometry":{"type":"Polygon","coordinates":[[[-117.933509,34.018073],[-117.933479,34.018088],[-117.933457,34.018084],[-117.933441,34.01807],[-117.933442,34.018041],[-117.933471,34.018024],[-117.933496,34.018028],[-117.933512,34.018043],[-117.933509,34.018073]]]}},{"type":"Feature","properties":{"k":"green"},"geometry":{"type":"Polygon","coordinates":[[[-117.936309,34.019244],[-117.936295,34.01926],[-117.93627,34.019271],[-117.936239,34.019268],[-117.936215,34.019254],[-117.936188,34.019222],[-117.936161,34.019167],[-117.936057,34.019111],[-117.936031,34.019088],[-117.936013,34.01906],[-117.936014,34.019037],[-117.936031,34.01903],[-117.936127,34.019033],[-117.936188,34.019012],[-117.936228,34.019017],[-117.936238,34.019034],[-117.936229,34.019087],[-117.936239,34.019116],[-117.936256,34.019136],[-117.936298,34.019158],[-117.936319,34.019186],[-117.936321,34.019225],[-117.936309,34.019244]]]}},{"type":"Feature","properties":{"k":"fairway"},"geometry":{"type":"Polygon","coordinates":[[[-117.936031,34.01903],[-117.935885,34.018912],[-117.935841,34.018893],[-117.93576,34.018879],[-117.935731,34.018867],[-117.935608,34.018793],[-117.935432,34.01864],[-117.935361,34.018586],[-117.935336,34.018575],[-117.935278,34.018567],[-117.935243,34.018572],[-117.935179,34.018592],[-117.93508,34.018643],[-117.935051,34.018649],[-117.935016,34.018644],[-117.934997,34.01863],[-117.934971,34.018592],[-117.934938,34.018481],[-117.934908,34.018423],[-117.934845,34.018367],[-117.934748,34.018311],[-117.934706,34.018299],[-117.934425,34.018273],[-117.934338,34.018238],[-117.934241,34.01818],[-117.934192,34.018162],[-117.934148,34.01818],[-117.934132,34.018202],[-117.934119,34.018261],[-117.934137,34.018308],[-117.934373,34.018529],[-117.934459,34.018586],[-117.93463,34.018662],[-117.934741,34.018735],[-117.934896,34.01889],[-117.934966,34.01894],[-117.935017,34.018989],[-117.935042,34.019],[-117.935073,34.018994],[-117.935084,34.018952],[-117.935105,34.018932],[-117.935141,34.018927],[-117.935267,34.018938],[-117.93534,34.018924],[-117.935361,34.018926],[-117.93542,34.018962],[-117.935584,34.019023],[-117.935735,34.019064],[-117.935813,34.019065],[-117.935913,34.019029],[-117.935945,34.019034],[-117.936018,34.019069],[-117.936014,34.019037],[-117.936031,34.01903]]]}},{"type":"Feature","properties":{"k":"tee"},"geometry":{"type":"Polygon","coordinates":[[[-117.936691,34.019847],[-117.936684,34.019776],[-117.936474,34.01979],[-117.936481,34.019862],[-117.936691,34.019847]]]}},{"type":"Feature","properties":{"k":"tee"},"geometry":{"type":"Polygon","coordinates":[[[-117.936529,34.019646],[-117.936506,34.01959],[-117.936214,34.019671],[-117.936236,34.019727],[-117.936529,34.019646]]]}},{"type":"Feature","properties":{"k":"tee"},"geometry":{"type":"Polygon","coordinates":[[[-117.935975,34.019886],[-117.93596,34.019905],[-117.935921,34.019909],[-117.935901,34.019895],[-117.935895,34.019874],[-117.935906,34.019854],[-117.935943,34.019845],[-117.935966,34.019855],[-117.935975,34.019886]]]}},{"type":"Feature","properties":{"k":"bunker"},"geometry":{"type":"Polygon","coordinates":[[[-117.934039,34.020035],[-117.933997,34.020071],[-117.933937,34.020065],[-117.933861,34.02007],[-117.933835,34.020056],[-117.933825,34.020028],[-117.933849,34.019989],[-117.9339,34.019982],[-117.933935,34.019959],[-117.933983,34.019954],[-117.934003,34.019958],[-117.934032,34.019979],[-117.934042,34.020007],[-117.934039,34.020035]]]}},{"type":"Feature","properties":{"k":"bunker"},"geometry":{"type":"Polygon","coordinates":[[[-117.934278,34.020324],[-117.934268,34.020354],[-117.93425,34.020369],[-117.93422,34.020377],[-117.93413,34.020371],[-117.934105,34.020348],[-117.934106,34.020299],[-117.934129,34.020283],[-117.934203,34.020281],[-117.934236,34.020272],[-117.934264,34.020284],[-117.934278,34.020324]]]}},{"type":"Feature","properties":{"k":"bunker"},"geometry":{"type":"Polygon","coordinates":[[[-117.932414,34.020302],[-117.932407,34.02033],[-117.932387,34.020346],[-117.932354,34.020351],[-117.932322,34.020341],[-117.932298,34.02032],[-117.932282,34.020292],[-117.932288,34.020246],[-117.932315,34.020227],[-117.932367,34.020237],[-117.932405,34.020274],[-117.932414,34.020302]]]}},{"type":"Feature","properties":{"k":"bunker"},"geometry":{"type":"Polygon","coordinates":[[[-117.932396,34.020026],[-117.932381,34.020057],[-117.932346,34.020076],[-117.932316,34.020079],[-117.93229,34.020074],[-117.932244,34.02005],[-117.932228,34.020035],[-117.932225,34.020015],[-117.932234,34.019998],[-117.932252,34.019991],[-117.932345,34.01998],[-117.932372,34.019984],[-117.932396,34.020026]]]}},{"type":"Feature","properties":{"k":"bunker"},"geometry":{"type":"Polygon","coordinates":[[[-117.932239,34.019936],[-117.932211,34.019965],[-117.932179,34.019977],[-117.932127,34.01995],[-117.932118,34.019921],[-117.932143,34.0199],[-117.932204,34.019892],[-117.932233,34.019906],[-117.932239,34.019936]]]}},{"type":"Feature","properties":{"k":"green"},"geometry":{"type":"Polygon","coordinates":[[[-117.932308,34.020184],[-117.932269,34.020211],[-117.932221,34.020217],[-117.932176,34.020209],[-117.932107,34.020152],[-117.931989,34.020078],[-117.93197,34.020039],[-117.931973,34.020001],[-117.931994,34.019984],[-117.93205,34.019969],[-117.932096,34.019973],[-117.932146,34.019994],[-117.932228,34.020068],[-117.932298,34.020099],[-117.93231,34.020113],[-117.932321,34.020152],[-117.932308,34.020184]]]}},{"type":"Feature","properties":{"k":"fairway"},"geometry":{"type":"Polygon","coordinates":[[[-117.932269,34.020211],[-117.932298,34.020195],[-117.932318,34.020166],[-117.932318,34.020133],[-117.932298,34.020099],[-117.932336,34.020111],[-117.932364,34.020109],[-117.932427,34.020043],[-117.932482,34.020028],[-117.932714,34.020068],[-117.932891,34.020083],[-117.933014,34.020083],[-117.933231,34.020041],[-117.933353,34.02004],[-117.933791,34.020099],[-117.933893,34.020105],[-117.933964,34.020097],[-117.934017,34.02008],[-117.934042,34.020063],[-117.93409,34.020001],[-117.934114,34.019987],[-117.934272,34.01996],[-117.934509,34.019896],[-117.934783,34.019898],[-117.935161,34.019851],[-117.935289,34.019824],[-117.935404,34.019811],[-117.935494,34.019824],[-117.935522,34.019835],[-117.935548,34.019868],[-117.935551,34.0199],[-117.935541,34.019934],[-117.935531,34.01995],[-117.9355,34.019968],[-117.935453,34.019979],[-117.935307,34.019983],[-117.935189,34.020001],[-117.935097,34.020024],[-117.934968,34.020077],[-117.93477,34.020188],[-117.934534,34.020293],[-117.934492,34.020304],[-117.934402,34.020306],[-117.934335,34.020293],[-117.934264,34.020261],[-117.934185,34.020251],[-117.934102,34.02026],[-117.93406,34.020272],[-117.933963,34.020336],[-117.933872,34.020371],[-117.933642,34.020395],[-117.933522,34.020418],[-117.9334,34.020425],[-117.933289,34.020411],[-117.93304,34.020316],[-117.932935,34.020301],[-117.932842,34.020306],[-117.932794,34.020326],[-117.932717,34.020336],[-117.932577,34.020331],[-117.93249,34.020294],[-117.932379,34.020229],[-117.932269,34.020211]]]}},{"type":"Feature","properties":{"k":"tee"},"geometry":{"type":"Polygon","coordinates":[[[-117.931754,34.019851],[-117.931727,34.019787],[-117.931858,34.019748],[-117.931886,34.019812],[-117.931754,34.019851]]]}},{"type":"Feature","properties":{"k":"tee"},"geometry":{"type":"Polygon","coordinates":[[[-117.931554,34.019832],[-117.931506,34.019758],[-117.931677,34.019681],[-117.931726,34.019755],[-117.931554,34.019832]]]}},{"type":"Feature","properties":{"k":"tee"},"geometry":{"type":"Polygon","coordinates":[[[-117.931454,34.019878],[-117.931445,34.019917],[-117.931422,34.019937],[-117.931392,34.019946],[-117.931359,34.019943],[-117.931332,34.019928],[-117.931312,34.019892],[-117.931323,34.019855],[-117.931345,34.019837],[-117.931375,34.019828],[-117.93142,34.019836],[-117.931443,34.019854],[-117.931454,34.019878]]]}},{"type":"Feature","properties":{"k":"tee"},"geometry":{"type":"Polygon","coordinates":[[[-117.931266,34.020036],[-117.931243,34.02005],[-117.931202,34.020046],[-117.93118,34.020016],[-117.931186,34.019993],[-117.931224,34.019973],[-117.931254,34.019979],[-117.931276,34.020012],[-117.931266,34.020036]]]}},{"type":"Feature","properties":{"k":"tee"},"geometry":{"type":"Polygon","coordinates":[[[-117.931494,34.020131],[-117.93146,34.020148],[-117.931402,34.02014],[-117.931387,34.020129],[-117.93137,34.020099],[-117.931369,34.020083],[-117.931384,34.020052],[-117.931434,34.020029],[-117.931489,34.020044],[-117.931514,34.020086],[-117.931494,34.020131]]]}},{"type":"Feature","properties":{"k":"bunker"},"geometry":{"type":"Polygon","coordinates":[[[-117.930288,34.02077],[-117.930268,34.020797],[-117.930232,34.020806],[-117.930182,34.020777],[-117.930178,34.02076],[-117.930194,34.02074],[-117.930239,34.020728],[-117.930285,34.020744],[-117.930288,34.02077]]]}},{"type":"Feature","properties":{"k":"bunker"},"geometry":{"type":"Polygon","coordinates":[[[-117.930172,34.020824],[-117.930164,34.020842],[-117.930152,34.020847],[-117.930091,34.020855],[-117.930069,34.020845],[-117.930059,34.020818],[-117.930071,34.020794],[-117.930088,34.020783],[-117.930132,34.020777],[-117.930166,34.020794],[-117.930172,34.020824]]]}},{"type":"Feature","properties":{"k":"bunker"},"geometry":{"type":"Polygon","coordinates":[[[-117.929999,34.020829],[-117.929986,34.020868],[-117.929916,34.0209],[-117.929853,34.020895],[-117.929824,34.020877],[-117.929815,34.020861],[-117.92982,34.020837],[-117.929836,34.020826],[-117.92991,34.020821],[-117.929965,34.020795],[-117.929992,34.020806],[-117.929999,34.020829]]]}},{"type":"Feature","properties":{"k":"bunker"},"geometry":{"type":"Polygon","coordinates":[[[-117.9299,34.020757],[-117.929862,34.020795],[-117.929834,34.020803],[-117.929807,34.020795],[-117.929795,34.020779],[-117.929791,34.020734],[-117.929767,34.020695],[-117.92978,34.020661],[-117.929798,34.020652],[-117.929828,34.020654],[-117.929882,34.020673],[-117.929905,34.020714],[-117.9299,34.020757]]]}},{"type":"Feature","properties":{"k":"bunker"},"geometry":{"type":"Polygon","coordinates":[[[-117.929881,34.020588],[-117.929867,34.020608],[-117.929845,34.020619],[-117.929817,34.020618],[-117.929799,34.020605],[-117.929801,34.020586],[-117.929845,34.020552],[-117.929878,34.020557],[-117.929885,34.020574],[-117.929881,34.020588]]]}},{"type":"Feature","properties":{"k":"bunker"},"geometry":{"type":"Polygon","coordinates":[[[-117.930225,34.020602],[-117.930216,34.020628],[-117.930185,34.02065],[-117.930132,34.020646],[-117.930111,34.020636],[-117.930095,34.020603],[-117.930101,34.020569],[-117.930067,34.020516],[-117.93008,34.020491],[-117.930116,34.020479],[-117.930173,34.020522],[-117.930198,34.020524],[-117.930227,34.020562],[-117.930225,34.020602]]]}},{"type":"Feature","properties":{"k":"green"},"geometry":{"type":"Polygon","coordinates":[[[-117.93019,34.020706],[-117.930153,34.020728],[-117.930076,34.020742],[-117.930028,34.020761],[-117.929985,34.020766],[-117.929952,34.020759],[-117.929935,34.020738],[-117.929918,34.020653],[-117.929917,34.020601],[-117.929932,34.020561],[-117.929961,34.020539],[-117.929979,34.020535],[-117.930027,34.020547],[-117.930048,34.020566],[-117.930075,34.020638],[-117.930098,34.020667],[-117.930131,34.020681],[-117.930185,34.020688],[-117.93019,34.020706]]]}},{"type":"Feature","properties":{"k":"fairway"},"geometry":{"type":"Polygon","coordinates":[[[-117.930034,34.020995],[-117.929996,34.021007],[-117.929972,34.020998],[-117.929957,34.020967],[-117.929969,34.020946],[-117.929995,34.020935],[-117.930025,34.02094],[-117.930045,34.020972],[-117.930034,34.020995]]]}},{"type":"Feature","properties":{"k":"tee"},"geometry":{"type":"Polygon","coordinates":[[[-117.930917,34.020799],[-117.930925,34.020715],[-117.931162,34.020732],[-117.931153,34.020816],[-117.930917,34.020799]]]}},{"type":"Feature","properties":{"k":"tee"},"geometry":{"type":"Polygon","coordinates":[[[-117.931428,34.020826],[-117.931431,34.020734],[-117.931256,34.02073],[-117.931253,34.020822],[-117.931428,34.020826]]]}},{"type":"Feature","properties":{"k":"tee"},"geometry":{"type":"Polygon","coordinates":[[[-117.931626,34.020777],[-117.931625,34.020809],[-117.931616,34.020823],[-117.931582,34.020841],[-117.931543,34.020838],[-117.931527,34.020829],[-117.931509,34.0208],[-117.931516,34.020768],[-117.931545,34.020746],[-117.931584,34.020744],[-117.931602,34.020751],[-117.931626,34.020777]]]}},{"type":"Feature","properties":{"k":"green"},"geometry":{"type":"Polygon","coordinates":[[[-117.934713,34.020806],[-117.934706,34.02082],[-117.934649,34.020862],[-117.934606,34.020922],[-117.934588,34.020932],[-117.934437,34.020977],[-117.934415,34.020977],[-117.934374,34.020956],[-117.934352,34.020902],[-117.934359,34.020864],[-117.93441,34.020828],[-117.934504,34.020795],[-117.934564,34.020739],[-117.934623,34.020722],[-117.934651,34.020722],[-117.93469,34.020735],[-117.934717,34.020768],[-117.93472,34.020794],[-117.934713,34.020806]]]}},{"type":"Feature","properties":{"k":"bunker"},"geometry":{"type":"Polygon","coordinates":[[[-117.934462,34.02076],[-117.934413,34.020797],[-117.934357,34.020801],[-117.934337,34.02083],[-117.934302,34.020846],[-117.934254,34.020845],[-117.934232,34.020814],[-117.934238,34.020778],[-117.934255,34.020751],[-117.934309,34.020728],[-117.934323,34.020729],[-117.934358,34.020717],[-117.934436,34.020712],[-117.93446,34.02073],[-117.934462,34.02076]]]}},{"type":"Feature","properties":{"k":"bunker"},"geometry":{"type":"Polygon","coordinates":[[[-117.934295,34.021078],[-117.934253,34.021109],[-117.934201,34.021119],[-117.934164,34.021109],[-117.934128,34.021115],[-117.9341,34.021109],[-117.934079,34.021094],[-117.934061,34.021077],[-117.934057,34.021059],[-117.934074,34.021023],[-117.934102,34.021002],[-117.934161,34.020995],[-117.934216,34.021018],[-117.934284,34.021035],[-117.934301,34.021051],[-117.934295,34.021078]]]}},{"type":"Feature","properties":{"k":"bunker"},"geometry":{"type":"Polygon","coordinates":[[[-117.933762,34.02119],[-117.933737,34.02121],[-117.933691,34.021211],[-117.933652,34.021177],[-117.933609,34.021166],[-117.933594,34.021135],[-117.933595,34.021109],[-117.933645,34.021079],[-117.933705,34.02108],[-117.933765,34.02114],[-117.933762,34.02119]]]}},{"type":"Feature","properties":{"k":"bunker"},"geometry":{"type":"Polygon","coordinates":[[[-117.932737,34.020771],[-117.932715,34.020787],[-117.932681,34.020791],[-117.932616,34.020767],[-117.932612,34.020747],[-117.932626,34.02072],[-117.932656,34.02071],[-117.93268,34.020711],[-117.932736,34.020742],[-117.932737,34.020771]]]}},{"type":"Feature","properties":{"k":"fairway"},"geometry":{"type":"Polygon","coordinates":[[[-117.934415,34.020977],[-117.934291,34.021018],[-117.934196,34.020987],[-117.934133,34.02098],[-117.934079,34.020998],[-117.934058,34.021018],[-117.934032,34.021066],[-117.933993,34.021093],[-117.933932,34.021108],[-117.933837,34.021103],[-117.933719,34.02106],[-117.933657,34.021055],[-117.933627,34.02106],[-117.933519,34.021105],[-117.933482,34.021105],[-117.933121,34.021049],[-117.93295,34.021045],[-117.932652,34.021003],[-117.932347,34.020917],[-117.932279,34.020915],[-117.932124,34.020941],[-117.932062,34.020934],[-117.932002,34.020917],[-117.931981,34.020903],[-117.931964,34.02088],[-117.931954,34.020836],[-117.931963,34.020799],[-117.931984,34.020767],[-117.932092,34.020731],[-117.93218,34.020716],[-117.932435,34.02072],[-117.932494,34.020728],[-117.93263,34.0208],[-117.932682,34.020812],[-117.932812,34.020776],[-117.933164,34.02074],[-117.933256,34.02074],[-117.933399,34.020779],[-117.93354,34.020806],[-117.933591,34.020804],[-117.933668,34.020788],[-117.933726,34.020788],[-117.93384,34.02082],[-117.933901,34.020826],[-117.933958,34.020821],[-117.934067,34.020786],[-117.934109,34.020786],[-117.934145,34.020795],[-117.934255,34.020862],[-117.934333,34.020868],[-117.934374,34.020849],[-117.934351,34.020883],[-117.934356,34.020918],[-117.934374,34.020956],[-117.934415,34.020977]]]}},{"type":"Feature","properties":{"k":"tee"},"geometry":{"type":"Polygon","coordinates":[[[-117.935021,34.021137],[-117.935016,34.021174],[-117.934986,34.021197],[-117.934862,34.021224],[-117.934833,34.021206],[-117.934822,34.02119],[-117.934823,34.021168],[-117.934837,34.02115],[-117.934935,34.021084],[-117.934985,34.021073],[-117.935004,34.021079],[-117.93502,34.021094],[-117.935021,34.021137]]]}},{"type":"Feature","properties":{"k":"tee"},"geometry":{"type":"Polygon","coordinates":[[[-117.935145,34.020934],[-117.935118,34.020978],[-117.935065,34.021],[-117.935035,34.020999],[-117.934984,34.020975],[-117.93496,34.02093],[-117.934962,34.020905],[-117.934996,34.020862],[-117.935055,34.020846],[-117.935113,34.020864],[-117.935133,34.020884],[-117.935145,34.020934]]]}},{"type":"Feature","properties":{"k":"tee"},"geometry":{"type":"Polygon","coordinates":[[[-117.935296,34.020828],[-117.935314,34.020835],[-117.935339,34.020861],[-117.935339,34.020895],[-117.935314,34.020922],[-117.935273,34.02093],[-117.935235,34.020915],[-117.935223,34.020901],[-117.935218,34.020867],[-117.935238,34.020839],[-117.935275,34.020826],[-117.935296,34.020828]]]}},{"type":"Feature","properties":{"k":"fairway"},"geometry":{"type":"Polygon","coordinates":[[[-117.935434,34.020619],[-117.935452,34.020626],[-117.935461,34.020648],[-117.935452,34.020662],[-117.935424,34.020668],[-117.935403,34.020652],[-117.935403,34.020636],[-117.935415,34.020623],[-117.935434,34.020619]]]}},{"type":"Feature","properties":{"k":"fairway"},"geometry":{"type":"Polygon","coordinates":[[[-117.936159,34.020424],[-117.936192,34.020396],[-117.936218,34.020322],[-117.936258,34.020293],[-117.936304,34.020295],[-117.93635,34.020315],[-117.936362,34.020347],[-117.936332,34.020413],[-117.936346,34.02048],[-117.936317,34.020442],[-117.936279,34.02042],[-117.936227,34.020415],[-117.936159,34.020424]]]}},{"type":"Feature","properties":{"k":"green"},"geometry":{"type":"Polygon","coordinates":[[[-117.936498,34.02062],[-117.93649,34.020646],[-117.936473,34.020665],[-117.936421,34.020683],[-117.936387,34.020684],[-117.93635,34.020659],[-117.936334,34.020615],[-117.936309,34.020592],[-117.936267,34.020578],[-117.936177,34.020586],[-117.936131,34.020574],[-117.936101,34.020553],[-117.936094,34.020535],[-117.93612,34.020445],[-117.936159,34.020424],[-117.936227,34.020415],[-117.936299,34.020428],[-117.936388,34.020531],[-117.936478,34.020582],[-117.936492,34.020595],[-117.936498,34.02062]]]}},{"type":"Feature","properties":{"k":"bunker"},"geometry":{"type":"Polygon","coordinates":[[[-117.936311,34.020637],[-117.936305,34.020649],[-117.936284,34.020657],[-117.936258,34.020633],[-117.936231,34.020625],[-117.936232,34.020611],[-117.93625,34.020602],[-117.936292,34.020605],[-117.936306,34.020617],[-117.936311,34.020637]]]}},{"type":"Feature","properties":{"k":"bunker"},"geometry":{"type":"Polygon","coordinates":[[[-117.936077,34.020482],[-117.936052,34.020501],[-117.936029,34.020503],[-117.936013,34.020496],[-117.936006,34.020477],[-117.936025,34.020449],[-117.93605,34.020441],[-117.936074,34.020449],[-117.936082,34.020464],[-117.936077,34.020482]]]}},{"type":"Feature","properties":{"k":"bunker"},"geometry":{"type":"Polygon","coordinates":[[[-117.936181,34.020371],[-117.936169,34.020391],[-117.936131,34.0204],[-117.936099,34.02039],[-117.936087,34.020373],[-117.936103,34.020348],[-117.936154,34.020333],[-117.936182,34.020343],[-117.936181,34.020371]]]}},{"type":"Feature","properties":{"k":"bunker"},"geometry":{"type":"Polygon","coordinates":[[[-117.936496,34.020484],[-117.936469,34.020507],[-117.936413,34.020505],[-117.936377,34.020488],[-117.936358,34.020454],[-117.936357,34.020437],[-117.93638,34.020419],[-117.936413,34.020412],[-117.936443,34.020436],[-117.936461,34.020438],[-117.936484,34.020454],[-117.936496,34.020469],[-117.936496,34.020484]]]}},{"type":"Feature","properties":{"k":"water"},"geometry":{"type":"Polygon","coordinates":[[[-117.936413,34.020739],[-117.936391,34.020738],[-117.936311,34.020701],[-117.936255,34.020659],[-117.936215,34.020639],[-117.935996,34.020573],[-117.935956,34.020572],[-117.935895,34.02059],[-117.935847,34.020635],[-117.93583,34.020683],[-117.935845,34.020735],[-117.935861,34.020755],[-117.93593,34.020794],[-117.936007,34.020801],[-117.93617,34.020846],[-117.936282,34.020859],[-117.936352,34.020846],[-117.936432,34.020781],[-117.936513,34.020776],[-117.936543,34.020755],[-117.936556,34.020731],[-117.936602,34.020702],[-117.936603,34.020674],[-117.936585,34.020656],[-117.936557,34.020656],[-117.936413,34.020739]]]}},{"type":"Feature","properties":{"k":"tee"},"geometry":{"type":"Polygon","coordinates":[[[-117.936751,34.021301],[-117.936667,34.021301],[-117.936666,34.021113],[-117.93675,34.021113],[-117.936751,34.021301]]]}},{"type":"Feature","properties":{"k":"tee"},"geometry":{"type":"Polygon","coordinates":[[[-117.936709,34.021445],[-117.936675,34.021477],[-117.936651,34.021485],[-117.9366,34.02148],[-117.936563,34.021451],[-117.936554,34.02141],[-117.936562,34.021389],[-117.936578,34.021371],[-117.936628,34.021352],[-117.93668,34.021364],[-117.936712,34.0214],[-117.936709,34.021445]]]}},{"type":"Feature","properties":{"k":"tee"},"geometry":{"type":"Polygon","coordinates":[[[-117.936631,34.02162],[-117.936628,34.021652],[-117.936617,34.021666],[-117.936582,34.021682],[-117.936542,34.021675],[-117.936517,34.021649],[-117.936517,34.021617],[-117.93654,34.021592],[-117.936557,34.021586],[-117.936576,34.021584],[-117.93661,34.021594],[-117.936631,34.02162]]]}},{"type":"Feature","properties":{"k":"bunker"},"geometry":{"type":"Polygon","coordinates":[[[-117.935399,34.022928],[-117.935355,34.022943],[-117.935339,34.022963],[-117.935298,34.022983],[-117.935258,34.022978],[-117.935237,34.022939],[-117.935243,34.022909],[-117.935264,34.022886],[-117.935307,34.022866],[-117.935352,34.022857],[-117.935403,34.02287],[-117.935411,34.022906],[-117.935399,34.022928]]]}},{"type":"Feature","properties":{"k":"bunker"},"geometry":{"type":"Polygon","coordinates":[[[-117.935004,34.022694],[-117.934972,34.022716],[-117.934935,34.022713],[-117.934889,34.022678],[-117.9349,34.022636],[-117.934936,34.022616],[-117.93498,34.022618],[-117.935004,34.022648],[-117.935004,34.022694]]]}},{"type":"Feature","properties":{"k":"bunker"},"geometry":{"type":"Polygon","coordinates":[[[-117.934843,34.022954],[-117.934828,34.022968],[-117.934768,34.022991],[-117.934737,34.022995],[-117.93472,34.022988],[-117.934711,34.022964],[-117.934724,34.022919],[-117.934711,34.022884],[-117.934718,34.022861],[-117.934739,34.022845],[-117.934766,34.022837],[-117.934801,34.02284],[-117.934816,34.022851],[-117.934847,34.022924],[-117.934843,34.022954]]]}},{"type":"Feature","properties":{"k":"bunker"},"geometry":{"type":"Polygon","coordinates":[[[-117.933897,34.023091],[-117.933893,34.023112],[-117.933878,34.023126],[-117.93383,34.023148],[-117.933781,34.02315],[-117.933765,34.02314],[-117.933768,34.023099],[-117.933834,34.023044],[-117.933862,34.023041],[-117.933885,34.023052],[-117.9339,34.023069],[-117.933897,34.023091]]]}},{"type":"Feature","properties":{"k":"bunker"},"geometry":{"type":"Polygon","coordinates":[[[-117.93362,34.023303],[-117.93361,34.023321],[-117.933577,34.02334],[-117.933532,34.02335],[-117.933514,34.02335],[-117.933493,34.02334],[-117.933482,34.023325],[-117.933483,34.023285],[-117.933496,34.023236],[-117.933517,34.02321],[-117.933551,34.023199],[-117.933571,34.023201],[-117.933587,34.023214],[-117.933619,34.023261],[-117.93362,34.023303]]]}},{"type":"Feature","properties":{"k":"bunker"},"geometry":{"type":"Polygon","coordinates":[[[-117.93361,34.023022],[-117.933584,34.023035],[-117.933546,34.023038],[-117.933514,34.023032],[-117.933509,34.023019],[-117.933543,34.022968],[-117.933584,34.022949],[-117.9336,34.022952],[-117.933621,34.022973],[-117.933623,34.022997],[-117.93361,34.023022]]]}},{"type":"Feature","properties":{"k":"bunker"},"geometry":{"type":"Polygon","coordinates":[[[-117.933873,34.022935],[-117.933837,34.022941],[-117.933801,34.022923],[-117.933782,34.022891],[-117.933789,34.022876],[-117.933821,34.022866],[-117.933867,34.022881],[-117.933877,34.022889],[-117.933883,34.022914],[-117.933873,34.022935]]]}},{"type":"Feature","properties":{"k":"green"},"geometry":{"type":"Polygon","coordinates":[[[-117.933834,34.022994],[-117.933815,34.023032],[-117.933742,34.0231],[-117.933739,34.023136],[-117.933747,34.023182],[-117.933733,34.023218],[-117.933694,34.023246],[-117.933673,34.023251],[-117.933641,34.023244],[-117.933581,34.023156],[-117.933581,34.023098],[-117.933604,34.023063],[-117.933641,34.023029],[-117.93367,34.022967],[-117.933709,34.022933],[-117.933729,34.022926],[-117.933774,34.022928],[-117.933825,34.02297],[-117.933834,34.022994]]]}},{"type":"Feature","properties":{"k":"tee"},"geometry":{"type":"Polygon","coordinates":[[[-117.93315,34.022953],[-117.93309,34.022967],[-117.933038,34.02282],[-117.933099,34.022806],[-117.93315,34.022953]]]}},{"type":"Feature","properties":{"k":"tee"},"geometry":{"type":"Polygon","coordinates":[[[-117.933502,34.022861],[-117.933417,34.022875],[-117.933377,34.022706],[-117.933462,34.022692],[-117.933502,34.022861]]]}},{"type":"Feature","properties":{"k":"tee"},"geometry":{"type":"Polygon","coordinates":[[[-117.933709,34.02266],[-117.933725,34.022698],[-117.933721,34.022717],[-117.933693,34.022747],[-117.933672,34.022755],[-117.933626,34.022753],[-117.933591,34.022729],[-117.933581,34.022692],[-117.933587,34.022673],[-117.933621,34.022644],[-117.933668,34.022639],[-117.933709,34.02266]]]}},{"type":"Feature","properties":{"k":"bunker"},"geometry":{"type":"Polygon","coordinates":[[[-117.935872,34.021101],[-117.935883,34.021122],[-117.935878,34.021137],[-117.935867,34.02115],[-117.93584,34.021156],[-117.935803,34.021131],[-117.935792,34.021103],[-117.935791,34.021072],[-117.935814,34.021052],[-117.935856,34.021055],[-117.93587,34.021075],[-117.935872,34.021101]]]}},{"type":"Feature","properties":{"k":"bunker"},"geometry":{"type":"Polygon","coordinates":[[[-117.936113,34.021308],[-117.936109,34.021322],[-117.936077,34.021344],[-117.936037,34.021352],[-117.936006,34.021322],[-117.936004,34.021291],[-117.936041,34.021252],[-117.936069,34.021248],[-117.936106,34.021269],[-117.936115,34.021283],[-117.936113,34.021308]]]}},{"type":"Feature","properties":{"k":"bunker"},"geometry":{"type":"Polygon","coordinates":[[[-117.935963,34.021443],[-117.935948,34.021468],[-117.935912,34.021482],[-117.935826,34.021483],[-117.935759,34.021455],[-117.935734,34.021424],[-117.935735,34.021405],[-117.935763,34.021364],[-117.935794,34.021356],[-117.935811,34.021359],[-117.935851,34.021378],[-117.935924,34.021386],[-117.935956,34.02141],[-117.935963,34.021443]]]}},{"type":"Feature","properties":{"k":"bunker"},"geometry":{"type":"Polygon","coordinates":[[[-117.935729,34.021286],[-117.935705,34.021312],[-117.935646,34.021331],[-117.935614,34.021315],[-117.935599,34.021298],[-117.935598,34.021286],[-117.93562,34.021246],[-117.935665,34.021236],[-117.935723,34.021246],[-117.935736,34.021265],[-117.935729,34.021286]]]}},{"type":"Feature","properties":{"k":"bunker"},"geometry":{"type":"Polygon","coordinates":[[[-117.935417,34.021489],[-117.935394,34.021514],[-117.935303,34.021547],[-117.935245,34.021537],[-117.935227,34.021503],[-117.935241,34.021465],[-117.935254,34.021456],[-117.935345,34.02142],[-117.935375,34.021423],[-117.935392,34.021434],[-117.935414,34.021462],[-117.935417,34.021489]]]}},{"type":"Feature","properties":{"k":"bunker"},"geometry":{"type":"Polygon","coordinates":[[[-117.935606,34.021658],[-117.93558,34.021689],[-117.935561,34.021698],[-117.935424,34.02172],[-117.935386,34.021715],[-117.935371,34.021706],[-117.935364,34.021681],[-117.935377,34.021654],[-117.935407,34.021635],[-117.935547,34.021603],[-117.935595,34.021612],[-117.935608,34.021644],[-117.935606,34.021658]]]}},{"type":"Feature","properties":{"k":"bunker"},"geometry":{"type":"Polygon","coordinates":[[[-117.934724,34.021853],[-117.9347,34.021872],[-117.934629,34.021878],[-117.934576,34.021901],[-117.934531,34.021908],[-117.934487,34.021884],[-117.934484,34.021874],[-117.93449,34.021847],[-117.934507,34.02182],[-117.934577,34.021807],[-117.934606,34.021783],[-117.934661,34.02176],[-117.934697,34.021766],[-117.934723,34.021786],[-117.934731,34.021813],[-117.934724,34.021853]]]}},{"type":"Feature","properties":{"k":"green"},"geometry":{"type":"Polygon","coordinates":[[[-117.93608,34.02116],[-117.936019,34.021233],[-117.935887,34.021356],[-117.935835,34.021351],[-117.935804,34.021333],[-117.935773,34.021302],[-117.935759,34.021268],[-117.935763,34.021223],[-117.935793,34.021204],[-117.935852,34.021193],[-117.935884,34.021176],[-117.935922,34.021089],[-117.93597,34.021052],[-117.935994,34.021048],[-117.936035,34.021053],[-117.936065,34.021073],[-117.936087,34.021131],[-117.93608,34.02116]]]}},{"type":"Feature","properties":{"k":"bunker"},"geometry":{"type":"Polygon","coordinates":[[[-117.932408,34.021346],[-117.932396,34.021362],[-117.93236,34.021382],[-117.932293,34.021393],[-117.932224,34.021369],[-117.932204,34.021346],[-117.932203,34.021331],[-117.932225,34.021297],[-117.932302,34.021291],[-117.932363,34.021274],[-117.932385,34.021277],[-117.932408,34.021295],[-117.932415,34.021323],[-117.932408,34.021346]]]}},{"type":"Feature","properties":{"k":"bunker"},"geometry":{"type":"Polygon","coordinates":[[[-117.930986,34.02126],[-117.931008,34.021305],[-117.931006,34.021332],[-117.930969,34.02135],[-117.930916,34.021341],[-117.930896,34.021318],[-117.930891,34.021259],[-117.93088,34.021234],[-117.930819,34.021209],[-117.930799,34.02119],[-117.930796,34.021177],[-117.930807,34.021153],[-117.930857,34.021128],[-117.930914,34.021137],[-117.930987,34.021217],[-117.930986,34.02126]]]}},{"type":"Feature","properties":{"k":"green"},"geometry":{"type":"Polygon","coordinates":[[[-117.929636,34.022791],[-117.929631,34.022813],[-117.929619,34.022825],[-117.929596,34.022827],[-117.929539,34.022818],[-117.9295,34.022802],[-117.929437,34.022755],[-117.929424,34.022733],[-117.929414,34.022677],[-117.929422,34.02265],[-117.929464,34.022636],[-117.929513,34.022646],[-117.929576,34.02273],[-117.929628,34.022756],[-117.929636,34.022791]]]}},{"type":"Feature","properties":{"k":"green"},"geometry":{"type":"Polygon","coordinates":[[[-117.929984,34.022962],[-117.930082,34.022984],[-117.930097,34.023007],[-117.930089,34.023029],[-117.930073,34.023046],[-117.930041,34.023058],[-117.929993,34.023056],[-117.929957,34.023042],[-117.929938,34.023024],[-117.929871,34.022994],[-117.929843,34.022969],[-117.929833,34.022952],[-117.929834,34.022921],[-117.929861,34.022892],[-117.929901,34.022894],[-117.929939,34.022931],[-117.929984,34.022962]]]}},{"type":"Feature","properties":{"k":"bunker"},"geometry":{"type":"Polygon","coordinates":[[[-117.929696,34.022703],[-117.929686,34.022714],[-117.929665,34.02272],[-117.929597,34.022713],[-117.929583,34.022706],[-117.929558,34.022674],[-117.929558,34.022643],[-117.929581,34.022616],[-117.929604,34.022615],[-117.929694,34.022675],[-117.929696,34.022703]]]}},{"type":"Feature","properties":{"k":"bunker"},"geometry":{"type":"Polygon","coordinates":[[[-117.930069,34.022919],[-117.930044,34.022939],[-117.930005,34.022938],[-117.929978,34.02291],[-117.929935,34.022891],[-117.92993,34.022858],[-117.92994,34.022846],[-117.929984,34.022848],[-117.930047,34.022885],[-117.930069,34.022919]]]}},{"type":"Feature","properties":{"k":"green"},"geometry":{"type":"Polygon","coordinates":[[[-117.928469,34.022246],[-117.928462,34.022256],[-117.928444,34.022261],[-117.928376,34.022256],[-117.92831,34.022271],[-117.928256,34.02227],[-117.928096,34.022206],[-117.928064,34.022202],[-117.928029,34.022187],[-117.928008,34.022148],[-117.92803,34.022123],[-117.928077,34.022121],[-117.928175,34.022167],[-117.928256,34.022171],[-117.928444,34.022219],[-117.928469,34.022234],[-117.928469,34.022246]]]}},{"type":"Feature","properties":{"k":"path"},"geometry":{"type":"LineString","coordinates":[[-117.928105,34.020889],[-117.92823,34.020836],[-117.928368,34.020825],[-117.928517,34.020799],[-117.928596,34.020734],[-117.9287,34.020611],[-117.928812,34.020502],[-117.928912,34.020439],[-117.929003,34.020357],[-117.929108,34.020296],[-117.929358,34.020217],[-117.929479,34.020118],[-117.929789,34.019942],[-117.929932,34.019852],[-117.929992,34.019797],[-117.930023,34.019737],[-117.930086,34.019517],[-117.930187,34.019443],[-117.930249,34.019416],[-117.930393,34.019258],[-117.930457,34.019219],[-117.930627,34.019185],[-117.930708,34.019177],[-117.930762,34.019158],[-117.930792,34.019123],[-117.930848,34.019019],[-117.930888,34.018966],[-117.930911,34.018953],[-117.930946,34.018946],[-117.931016,34.018946],[-117.931229,34.018957],[-117.931329,34.019002],[-117.931453,34.019119],[-117.93149,34.019138],[-117.931537,34.019144],[-117.931576,34.019139],[-117.931653,34.019098],[-117.93169,34.019055],[-117.931796,34.018863],[-117.931882,34.018772],[-117.932061,34.018673],[-117.932206,34.018608],[-117.932432,34.018556],[-117.932527,34.018499],[-117.932586,34.018484],[-117.93266,34.018485],[-117.932742,34.018496],[-117.932938,34.018542],[-117.933011,34.018549],[-117.933065,34.018549],[-117.933138,34.018529],[-117.933201,34.018471],[-117.933218,34.018438],[-117.933225,34.0184],[-117.933222,34.018369],[-117.933179,34.018272],[-117.933176,34.018223],[-117.933187,34.018177],[-117.933207,34.018134],[-117.933246,34.018099],[-117.933296,34.018077],[-117.933352,34.018077],[-117.933421,34.018099],[-117.933518,34.018141],[-117.933572,34.018147],[-117.93369,34.018147],[-117.933763,34.018156],[-117.933849,34.018186],[-117.933902,34.018216],[-117.934063,34.018319],[-117.934128,34.018373],[-117.934186,34.018429],[-117.934329,34.0186],[-117.934363,34.018627],[-117.934451,34.018666],[-117.934571,34.018703],[-117.934637,34.018741],[-117.934795,34.018864],[-117.934945,34.019021],[-117.935075,34.019073],[-117.935125,34.019081],[-117.935185,34.019083],[-117.935465,34.019061],[-117.935537,34.019065],[-117.935654,34.019097],[-117.935706,34.019133],[-117.935833,34.019245],[-117.935948,34.019358],[-117.935981,34.019404],[-117.93605,34.019466],[-117.936106,34.019482],[-117.936193,34.019484],[-117.936423,34.019473],[-117.936505,34.019486],[-117.936568,34.019538],[-117.936588,34.019569],[-117.936592,34.019616],[-117.936574,34.019647],[-117.936532,34.019684],[-117.936221,34.019755],[-117.935956,34.019774],[-117.935836,34.019803],[-117.935791,34.01982],[-117.935746,34.01986],[-117.935729,34.019901],[-117.935702,34.019935],[-117.935644,34.019979],[-117.93555,34.020009],[-117.935298,34.020029],[-117.935213,34.020044],[-117.935122,34.020075],[-117.934947,34.020145],[-117.934521,34.020396],[-117.934455,34.020411],[-117.934353,34.020421],[-117.933933,34.020419],[-117.933841,34.02043],[-117.933691,34.02046],[-117.933592,34.020499],[-117.933531,34.020532],[-117.933481,34.020546],[-117.933382,34.020552],[-117.933301,34.020532],[-117.933259,34.020509],[-117.933148,34.020414],[-117.933049,34.020378],[-117.932963,34.020366],[-117.932851,34.020374],[-117.93241,34.02045],[-117.932355,34.020454],[-117.932298,34.02044],[-117.932056,34.020315],[-117.931969,34.020289],[-117.931705,34.020232],[-117.931685,34.020208],[-117.931675,34.020168],[-117.931675,34.020107],[-117.931712,34.019908],[-117.931689,34.019858],[-117.93166,34.019847],[-117.931622,34.019847],[-117.93159,34.019856],[-117.931542,34.019887],[-117.931349,34.02003],[-117.931101,34.020351],[-117.930852,34.020508],[-117.930641,34.020689],[-117.930505,34.020776],[-117.93048,34.020806],[-117.930457,34.020877],[-117.930454,34.020912],[-117.930411,34.02102],[-117.930344,34.021138],[-117.930332,34.02118]]}},{"type":"Feature","properties":{"k":"path"},"geometry":{"type":"LineString","coordinates":[[-117.930442,34.02094],[-117.930727,34.020898],[-117.931009,34.020898],[-117.931269,34.020885],[-117.931683,34.020892],[-117.931764,34.020862],[-117.931927,34.020756],[-117.932057,34.02069],[-117.932106,34.020671],[-117.932209,34.02066],[-117.932349,34.02068],[-117.932422,34.020682],[-117.932599,34.020669],[-117.932803,34.020694],[-117.932951,34.020698],[-117.933227,34.020681],[-117.933356,34.020704],[-117.933955,34.020731],[-117.934022,34.020728],[-117.934292,34.020663],[-117.934555,34.020639],[-117.934705,34.020634],[-117.934795,34.020646],[-117.934887,34.020667],[-117.935053,34.020739],[-117.935109,34.020747],[-117.935201,34.020738],[-117.935278,34.020706],[-117.93534,34.020692],[-117.935384,34.020691],[-117.935564,34.020713],[-117.935637,34.020698],[-117.935704,34.020669],[-117.935734,34.020646],[-117.93587,34.020334],[-117.935975,34.02025],[-117.936032,34.020221],[-117.936103,34.020205],[-117.936198,34.020201],[-117.936306,34.02021],[-117.936398,34.020236],[-117.936486,34.020289],[-117.936564,34.020358],[-117.936615,34.020427],[-117.936685,34.020646],[-117.936689,34.020746],[-117.936677,34.020786],[-117.936546,34.020955],[-117.936509,34.021131],[-117.936515,34.021239],[-117.936508,34.021287],[-117.936486,34.021337],[-117.93642,34.021412],[-117.936408,34.021437],[-117.936417,34.02151],[-117.936412,34.021549],[-117.936371,34.021631],[-117.936399,34.021779],[-117.936401,34.021839],[-117.93638,34.0219],[-117.936349,34.021957],[-117.936306,34.022007],[-117.936165,34.022128],[-117.936046,34.022263],[-117.935851,34.022539],[-117.935717,34.022665],[-117.935564,34.022894],[-117.935444,34.023048],[-117.935355,34.023102],[-117.935138,34.023191],[-117.93506,34.023207],[-117.934995,34.023212],[-117.934883,34.023205],[-117.934824,34.023187],[-117.93467,34.023084],[-117.934587,34.023064],[-117.934491,34.023071],[-117.934341,34.023105],[-117.93418,34.023163],[-117.933837,34.023358],[-117.933668,34.023414],[-117.933498,34.023441],[-117.933397,34.023429],[-117.933369,34.023406],[-117.933357,34.023359],[-117.933353,34.023267],[-117.933378,34.023065],[-117.933413,34.022982],[-117.933516,34.022888],[-117.933541,34.022828],[-117.933539,34.022763],[-117.933512,34.022625],[-117.933543,34.022555],[-117.933578,34.022515],[-117.933645,34.02247],[-117.933755,34.022423],[-117.933846,34.022372],[-117.9339,34.022332],[-117.933938,34.022281],[-117.933997,34.022131],[-117.934047,34.022072],[-117.934293,34.021908],[-117.934505,34.021742],[-117.934568,34.021722],[-117.934628,34.021721],[-117.934747,34.021735],[-117.934812,34.02173],[-117.934882,34.021714],[-117.934949,34.02168],[-117.935013,34.021629],[-117.935085,34.021534],[-117.935154,34.021471],[-117.935356,34.021365],[-117.9354,34.021333],[-117.935416,34.021285],[-117.9354,34.021245],[-117.935377,34.021214],[-117.935338,34.021196],[-117.935261,34.021184],[-117.935193,34.021198],[-117.934948,34.021296],[-117.93483,34.021334],[-117.934793,34.021357],[-117.934754,34.021399],[-117.934724,34.021454],[-117.934664,34.021521],[-117.934591,34.02153],[-117.934525,34.021495],[-117.934477,34.021457],[-117.934315,34.021408],[-117.934197,34.021385],[-117.933951,34.021362],[-117.933637,34.021346],[-117.933439,34.021306],[-117.93297,34.021295],[-117.932884,34.021273],[-117.932706,34.021197],[-117.932537,34.021189],[-117.932317,34.021143],[-117.931983,34.021142],[-117.931838,34.021129],[-117.931519,34.02105],[-117.931393,34.021034],[-117.930898,34.021027],[-117.930481,34.021152],[-117.930239,34.021201],[-117.9302,34.021204],[-117.93015,34.021196],[-117.930073,34.021164],[-117.929971,34.021117],[-117.929895,34.021072],[-117.929719,34.02104],[-117.929572,34.021039],[-117.929316,34.021059],[-117.929087,34.021063],[-117.928979,34.021073],[-117.928866,34.021098],[-117.928789,34.0211],[-117.928526,34.021032],[-117.928508,34.021013],[-117.928503,34.020988],[-117.928511,34.020956],[-117.928555,34.020909],[-117.928574,34.020851],[-117.928559,34.020829],[-117.928488,34.020806]]}},{"type":"Feature","properties":{"k":"fairway"},"geometry":{"type":"Polygon","coordinates":[[[-117.930469,34.020603],[-117.930481,34.020639],[-117.930476,34.020671],[-117.930455,34.020704],[-117.930421,34.020728],[-117.930384,34.020731],[-117.930303,34.020719],[-117.930274,34.020681],[-117.930293,34.020649],[-117.930305,34.020578],[-117.930245,34.020523],[-117.930206,34.02051],[-117.930156,34.020453],[-117.93017,34.020418],[-117.930191,34.020393],[-117.930231,34.02038],[-117.93027,34.02038],[-117.930313,34.020386],[-117.930344,34.020408],[-117.930385,34.020503],[-117.930469,34.020603]]]}},{"type":"Feature","properties":{"k":"path"},"geometry":{"type":"LineString","coordinates":[[-117.929143,34.02384],[-117.929259,34.023889],[-117.92944,34.023946],[-117.929596,34.023968],[-117.929805,34.023973],[-117.929966,34.023964],[-117.930312,34.023884],[-117.930653,34.023784],[-117.930783,34.023761],[-117.930914,34.023728],[-117.930961,34.023693],[-117.930958,34.023654],[-117.930937,34.023623],[-117.930738,34.023545],[-117.930638,34.023535],[-117.930484,34.023496],[-117.930346,34.023414],[-117.930104,34.023295],[-117.930047,34.02326],[-117.92997,34.023186],[-117.929893,34.023146],[-117.929795,34.023114],[-117.929636,34.02304],[-117.929376,34.022899],[-117.929331,34.022864],[-117.929281,34.022804],[-117.929242,34.022724],[-117.929268,34.022553],[-117.929254,34.022514],[-117.929224,34.022476],[-117.929164,34.022479],[-117.929116,34.02247],[-117.929061,34.022437],[-117.928964,34.022417],[-117.928891,34.022434],[-117.92883,34.022472],[-117.9288,34.02252],[-117.9287,34.022579],[-117.928646,34.022572],[-117.92861,34.022536]]}}]}