{"type":"FeatureCollection","features":[{"type":"Feature","properties":{"k":"hole","ref":"1","par":4,"hcp":5},"geometry":{"type":"LineString","coordinates":[[-118.899346,34.303551],[-118.899891,34.301237],[-118.900722,34.300855]]}},{"type":"Feature","properties":{"k":"hole","ref":"1","par":5,"hcp":5},"geometry":{"type":"LineString","coordinates":[[-118.900967,34.305365],[-118.89752,34.306256],[-118.895803,34.306956]]}},{"type":"Feature","properties":{"k":"hole","ref":"1","par":4,"hcp":2},"geometry":{"type":"LineString","coordinates":[[-118.896969,34.304447],[-118.895385,34.302404],[-118.894077,34.301841]]}},{"type":"Feature","properties":{"k":"hole","ref":"2","par":4,"hcp":7},"geometry":{"type":"LineString","coordinates":[[-118.90027,34.300061],[-118.897689,34.300424],[-118.896616,34.300741]]}},{"type":"Feature","properties":{"k":"hole","ref":"2","par":3,"hcp":6},"geometry":{"type":"LineString","coordinates":[[-118.895693,34.30764],[-118.897627,34.30745]]}},{"type":"Feature","properties":{"k":"hole","ref":"2","par":4,"hcp":8},"geometry":{"type":"LineString","coordinates":[[-118.893689,34.302473],[-118.893163,34.304927],[-118.89265,34.305356]]}},{"type":"Feature","properties":{"k":"hole","ref":"3","par":5,"hcp":2},"geometry":{"type":"LineString","coordinates":[[-118.895698,34.300401],[-118.899223,34.299656],[-118.901137,34.299575]]}},{"type":"Feature","properties":{"k":"hole","ref":"3","par":4,"hcp":4},"geometry":{"type":"LineString","coordinates":[[-118.897541,34.307831],[-118.899753,34.307173],[-118.90076,34.306038]]}},{"type":"Feature","properties":{"k":"hole","ref":"3","par":3,"hcp":6},"geometry":{"type":"LineString","coordinates":[[-118.88895,34.305718],[-118.889749,34.304424]]}},{"type":"Feature","properties":{"k":"hole","ref":"4","par":3,"hcp":9},"geometry":{"type":"LineString","coordinates":[[-118.902082,34.29978],[-118.903383,34.298907]]}},{"type":"Feature","properties":{"k":"hole","ref":"4","par":4,"hcp":2},"geometry":{"type":"LineString","coordinates":[[-118.902213,34.30503],[-118.903001,34.306695],[-118.904656,34.307414]]}},{"type":"Feature","properties":{"k":"hole","ref":"4","par":5,"hcp":1},"geometry":{"type":"LineString","coordinates":[[-118.892093,34.303333],[-118.888965,34.303654],[-118.887539,34.303696],[-118.886312,34.303723]]}},{"type":"Feature","properties":{"k":"hole","ref":"5","par":5,"hcp":1},"geometry":{"type":"LineString","coordinates":[[-118.902491,34.298326],[-118.905856,34.297434],[-118.908774,34.297621]]}},{"type":"Feature","properties":{"k":"hole","ref":"5","par":4,"hcp":9},"geometry":{"type":"LineString","coordinates":[[-118.904576,34.306789],[-118.903895,34.305225],[-118.904238,34.304451]]}},{"type":"Feature","properties":{"k":"hole","ref":"5","par":4,"hcp":4},"geometry":{"type":"LineString","coordinates":[[-118.886429,34.305756],[-118.884834,34.303922],[-118.884022,34.303083]]}},{"type":"Feature","properties":{"k":"hole","ref":"6","par":3,"hcp":3},"geometry":{"type":"LineString","coordinates":[[-118.908947,34.297176],[-118.91111,34.297369]]}},{"type":"Feature","properties":{"k":"hole","ref":"6","par":3,"hcp":7},"geometry":{"type":"LineString","coordinates":[[-118.903005,34.302917],[-118.904366,34.301669]]}},{"type":"Feature","properties":{"k":"hole","ref":"6","par":4,"hcp":7},"geometry":{"type":"LineString","coordinates":[[-118.885217,34.30311],[-118.887111,34.303061],[-118.888329,34.302848]]}},{"type":"Feature","properties":{"k":"hole","ref":"7","par":5,"hcp":8},"geometry":{"type":"LineString","coordinates":[[-118.909864,34.298165],[-118.907356,34.299331],[-118.906087,34.300886]]}},{"type":"Feature","properties":{"k":"hole","ref":"7","par":4,"hcp":1},"geometry":{"type":"LineString","coordinates":[[-118.904898,34.301381],[-118.906118,34.299021],[-118.907524,34.298445]]}},{"type":"Feature","properties":{"k":"hole","ref":"7","par":4,"hcp":3},"geometry":{"type":"LineString","coordinates":[[-118.888469,34.302239],[-118.891375,34.302078],[-118.89228,34.301489]]}},{"type":"Feature","properties":{"k":"hole","ref":"8","par":4,"hcp":6},"geometry":{"type":"LineString","coordinates":[[-118.905794,34.301382],[-118.904772,34.303292],[-118.903848,34.303562]]}},{"type":"Feature","properties":{"k":"hole","ref":"8","par":4,"hcp":3},"geometry":{"type":"LineString","coordinates":[[-118.906553,34.297891],[-118.904836,34.299234],[-118.903903,34.300811]]}},{"type":"Feature","properties":{"k":"hole","ref":"8","par":3,"hcp":9},"geometry":{"type":"LineString","coordinates":[[-118.892504,34.30073],[-118.894064,34.301016]]}},{"type":"Feature","properties":{"k":"hole","ref":"9","par":3,"hcp":4},"geometry":{"type":"LineString","coordinates":[[-118.901674,34.304616],[-118.899726,34.304588]]}},{"type":"Feature","properties":{"k":"hole","ref":"9","par":5,"hcp":8},"geometry":{"type":"LineString","coordinates":[[-118.903117,34.301169],[-118.900425,34.302612],[-118.89983,34.303884]]}},{"type":"Feature","properties":{"k":"hole","ref":"9","par":5,"hcp":5},"geometry":{"type":"LineString","coordinates":[[-118.894272,34.300361],[-118.896244,34.301969],[-118.897031,34.303001],[-118.897269,34.303815]]}},{"type":"Feature","properties":{"k":"tee"},"geometry":{"type":"Polygon","coordinates":[[[-118.896937,34.304506],[-118.89706,34.304454],[-118.897023,34.304393],[-118.896897,34.304439],[-118.896937,34.304506]]]}},{"type":"Feature","properties":{"k":"tee"},"geometry":{"type":"Polygon","coordinates":[[[-118.896869,34.304249],[-118.896812,34.304138],[-118.896731,34.30417],[-118.896785,34.304273],[-118.896869,34.304249]]]}},{"type":"Feature","properties":{"k":"tee"},"geometry":{"type":"Polygon","coordinates":[[[-118.896711,34.304008],[-118.89665,34.303899],[-118.896554,34.30394],[-118.896617,34.304044],[-118.896711,34.304008]]]}},{"type":"Feature","properties":{"k":"tee"},"geometry":{"type":"Polygon","coordinates":[[[-118.89664,34.303736],[-118.896577,34.303624],[-118.896497,34.303657],[-118.896562,34.303761],[-118.89664,34.303736]]]}},{"type":"Feature","properties":{"k":"tee"},"geometry":{"type":"Polygon","coordinates":[[[-118.896465,34.30348],[-118.896403,34.303389],[-118.896322,34.303429],[-118.896383,34.303518],[-118.896465,34.30348]]]}},{"type":"Feature","properties":{"k":"bunker"},"geometry":{"type":"Polygon","coordinates":[[[-118.89415,34.302079],[-118.894172,34.302012],[-118.894171,34.301994],[-118.89415,34.301979],[-118.894112,34.301981],[-118.894089,34.301958],[-118.894062,34.301949],[-118.894031,34.301958],[-118.894018,34.301987],[-118.893981,34.301962],[-118.893963,34.301962],[-118.893952,34.30197],[-118.893955,34.302005],[-118.893993,34.30202],[-118.894003,34.302041],[-118.894045,34.302049],[-118.894058,34.302044],[-118.894073,34.30202],[-118.894086,34.302023],[-118.894091,34.30203],[-118.89408,34.302057],[-118.894087,34.302073],[-118.894115,34.302087],[-118.89415,34.302079]]]}},{"type":"Feature","properties":{"k":"green"},"geometry":{"type":"Polygon","coordinates":[[[-118.894184,34.301916],[-118.89424,34.301888],[-118.894249,34.301871],[-118.894244,34.301848],[-118.894206,34.301788],[-118.894162,34.301756],[-118.894117,34.301735],[-118.894065,34.301727],[-118.894018,34.301738],[-118.893932,34.301796],[-118.893902,34.301831],[-118.8939,34.301854],[-118.893911,34.301873],[-118.893965,34.301901],[-118.894133,34.30192],[-118.894184,34.301916]]]}},{"type":"Feature","properties":{"k":"water"},"geometry":{"type":"Polygon","coordinates":[[[-118.896273,34.302832],[-118.896289,34.30285],[-118.89641,34.302897],[-118.896428,34.302915],[-118.896453,34.302981],[-118.896518,34.302979],[-118.896535,34.302964],[-118.896565,34.302907],[-118.896574,34.302863],[-118.896559,34.302804],[-118.896631,34.302714],[-118.896616,34.30267],[-118.896648,34.302639],[-118.896642,34.302553],[-118.89659,34.302483],[-118.896546,34.302448],[-118.896361,34.302332],[-118.896118,34.302329],[-118.896039,34.302346],[-118.895939,34.302352],[-118.895928,34.302363],[-118.895922,34.302461],[-118.895949,34.30254],[-118.89604,34.302628],[-118.896127,34.302677],[-118.896177,34.30276],[-118.896273,34.302832]]]}},{"type":"Feature","properties":{"k":"green"},"geometry":{"type":"Polygon","coordinates":[[[-118.896231,34.304614],[-118.896276,34.304601],[-118.896316,34.304562],[-118.896307,34.304531],[-118.896279,34.304509],[-118.896233,34.304503],[-118.896181,34.304514],[-118.89615,34.304528],[-118.896137,34.304546],[-118.89615,34.304594],[-118.896189,34.304611],[-118.896231,34.304614]]]}},{"type":"Feature","properties":{"k":"bunker"},"geometry":{"type":"Polygon","coordinates":[[[-118.896355,34.304496],[-118.896362,34.304515],[-118.896382,34.304521],[-118.896395,34.304518],[-118.896416,34.304487],[-118.896396,34.304449],[-118.896364,34.304433],[-118.896336,34.304436],[-118.896315,34.304464],[-118.896322,34.304479],[-118.896355,34.304496]]]}},{"type":"Feature","properties":{"k":"bunker"},"geometry":{"type":"Polygon","coordinates":[[[-118.896231,34.304474],[-118.896239,34.30445],[-118.896233,34.304437],[-118.896217,34.304429],[-118.896189,34.304428],[-118.896169,34.304414],[-118.896154,34.304413],[-118.896135,34.30444],[-118.896102,34.304453],[-118.896108,34.304475],[-118.896135,34.30449],[-118.896169,34.304478],[-118.896204,34.304481],[-118.896231,34.304474]]]}},{"type":"Feature","properties":{"k":"tee"},"geometry":{"type":"Polygon","coordinates":[[[-118.896355,34.303849],[-118.896337,34.303785],[-118.896258,34.3038],[-118.896263,34.303865],[-118.896355,34.303849]]]}},{"type":"Feature","properties":{"k":"fairway"},"geometry":{"type":"Polygon","coordinates":[[[-118.896301,34.304427],[-118.896327,34.304417],[-118.896356,34.30439],[-118.89639,34.304268],[-118.896427,34.304174],[-118.896434,34.30411],[-118.896427,34.304056],[-118.896402,34.30401],[-118.896365,34.303991],[-118.896326,34.303986],[-118.896257,34.304006],[-118.896236,34.304032],[-118.896231,34.304091],[-118.89625,34.304183],[-118.89622,34.30425],[-118.896165,34.304331],[-118.896179,34.304379],[-118.8962,34.304396],[-118.896301,34.304427]]]}},{"type":"Feature","properties":{"k":"bunker"},"geometry":{"type":"Polygon","coordinates":[[[-118.89645,34.304339],[-118.896464,34.304334],[-118.896489,34.304339],[-118.896508,34.304329],[-118.896516,34.304285],[-118.896501,34.304267],[-118.896479,34.304265],[-118.896461,34.30428],[-118.896422,34.304279],[-118.896404,34.30429],[-118.896399,34.304316],[-118.896409,34.304331],[-118.896428,34.304341],[-118.89645,34.304339]]]}},{"type":"Feature","properties":{"k":"bunker"},"geometry":{"type":"Polygon","coordinates":[[[-118.896202,34.30421],[-118.896223,34.304207],[-118.896233,34.304192],[-118.896214,34.304166],[-118.89622,34.304144],[-118.896207,34.304121],[-118.896191,34.304115],[-118.896169,34.304118],[-118.896158,34.30413],[-118.89616,34.304152],[-118.896132,34.304173],[-118.896134,34.304193],[-118.896178,34.304212],[-118.896202,34.30421]]]}},{"type":"Feature","properties":{"k":"tee"},"geometry":{"type":"Polygon","coordinates":[[[-118.893701,34.302539],[-118.893741,34.302442],[-118.89368,34.302421],[-118.893631,34.302516],[-118.893701,34.302539]]]}},{"type":"Feature","properties":{"k":"tee"},"geometry":{"type":"Polygon","coordinates":[[[-118.893597,34.302732],[-118.893649,34.302625],[-118.893588,34.302602],[-118.893529,34.302708],[-118.893597,34.302732]]]}},{"type":"Feature","properties":{"k":"tee"},"geometry":{"type":"Polygon","coordinates":[[[-118.893499,34.30294],[-118.893544,34.302841],[-118.893479,34.302816],[-118.89343,34.302915],[-118.893499,34.30294]]]}},{"type":"Feature","properties":{"k":"tee"},"geometry":{"type":"Polygon","coordinates":[[[-118.893454,34.303179],[-118.89347,34.303045],[-118.893403,34.30303],[-118.893372,34.30317],[-118.893454,34.303179]]]}},{"type":"Feature","properties":{"k":"tee"},"geometry":{"type":"Polygon","coordinates":[[[-118.893468,34.303406],[-118.893496,34.303285],[-118.893413,34.30327],[-118.893392,34.303395],[-118.893468,34.303406]]]}},{"type":"Feature","properties":{"k":"bunker"},"geometry":{"type":"Polygon","coordinates":[[[-118.893517,34.303915],[-118.893543,34.303903],[-118.893551,34.303887],[-118.893524,34.303836],[-118.893523,34.303811],[-118.893488,34.303776],[-118.893443,34.303777],[-118.893416,34.303799],[-118.893415,34.303834],[-118.893438,34.303857],[-118.893473,34.303868],[-118.89347,34.303895],[-118.89348,34.30391],[-118.893496,34.303917],[-118.893517,34.303915]]]}},{"type":"Feature","properties":{"k":"bunker"},"geometry":{"type":"Polygon","coordinates":[[[-118.893609,34.304024],[-118.893626,34.30401],[-118.893617,34.303966],[-118.893586,34.303947],[-118.893546,34.303954],[-118.89353,34.303977],[-118.893537,34.304003],[-118.893589,34.304025],[-118.893609,34.304024]]]}},{"type":"Feature","properties":{"k":"bunker"},"geometry":{"type":"Polygon","coordinates":[[[-118.893451,34.304067],[-118.893461,34.304058],[-118.893463,34.304032],[-118.893438,34.303975],[-118.893421,34.303963],[-118.893387,34.303967],[-118.89336,34.303986],[-118.89336,34.304012],[-118.893375,34.304025],[-118.8934,34.304029],[-118.893405,34.304047],[-118.893423,34.304063],[-118.893451,34.304067]]]}},{"type":"Feature","properties":{"k":"bunker"},"geometry":{"type":"Polygon","coordinates":[[[-118.893581,34.304168],[-118.893607,34.304152],[-118.893618,34.304129],[-118.893611,34.304109],[-118.893576,34.304095],[-118.893544,34.304107],[-118.893534,34.30413],[-118.893551,34.30416],[-118.893581,34.304168]]]}},{"type":"Feature","properties":{"k":"bunker"},"geometry":{"type":"Polygon","coordinates":[[[-118.893457,34.305078],[-118.893476,34.305067],[-118.893492,34.30504],[-118.893469,34.304969],[-118.89348,34.304967],[-118.893521,34.304983],[-118.893541,34.304971],[-118.893549,34.304953],[-118.893506,34.304904],[-118.893501,34.30487],[-118.893495,34.304868],[-118.89347,34.30487],[-118.893449,34.304885],[-118.893425,34.304947],[-118.893439,34.305017],[-118.893418,34.305042],[-118.893417,34.305058],[-118.893431,34.305075],[-118.893457,34.305078]]]}},{"type":"Feature","properties":{"k":"bunker"},"geometry":{"type":"Polygon","coordinates":[[[-118.892736,34.305228],[-118.892754,34.305217],[-118.892751,34.305195],[-118.89274,34.305185],[-118.892722,34.305183],[-118.892705,34.305198],[-118.892704,34.305213],[-118.892714,34.305225],[-118.892736,34.305228]]]}},{"type":"Feature","properties":{"k":"bunker"},"geometry":{"type":"Polygon","coordinates":[[[-118.892676,34.305159],[-118.892685,34.30515],[-118.892685,34.305123],[-118.892671,34.305111],[-118.892648,34.305111],[-118.892612,34.30514],[-118.892569,34.305137],[-118.89255,34.30516],[-118.892562,34.305189],[-118.892484,34.3052],[-118.892468,34.305219],[-118.89247,34.305236],[-118.892486,34.305246],[-118.892514,34.305241],[-118.892528,34.305254],[-118.892551,34.305256],[-118.892565,34.305251],[-118.892575,34.305223],[-118.892599,34.305238],[-118.89262,34.305237],[-118.892633,34.305229],[-118.892639,34.305212],[-118.89262,34.305178],[-118.892676,34.305159]]]}},{"type":"Feature","properties":{"k":"tee"},"geometry":{"type":"Polygon","coordinates":[[[-118.892125,34.303399],[-118.892127,34.303286],[-118.892024,34.303289],[-118.892032,34.303398],[-118.892125,34.303399]]]}},{"type":"Feature","properties":{"k":"tee"},"geometry":{"type":"Polygon","coordinates":[[[-118.891988,34.303459],[-118.89198,34.303372],[-118.89185,34.303378],[-118.891856,34.303466],[-118.891988,34.303459]]]}},{"type":"Feature","properties":{"k":"tee"},"geometry":{"type":"Polygon","coordinates":[[[-118.89168,34.303487],[-118.891677,34.3034],[-118.891515,34.303404],[-118.891522,34.303502],[-118.89168,34.303487]]]}},{"type":"Feature","properties":{"k":"tee"},"geometry":{"type":"Polygon","coordinates":[[[-118.891419,34.303532],[-118.89141,34.303438],[-118.891259,34.303443],[-118.891272,34.303548],[-118.891419,34.303532]]]}},{"type":"Feature","properties":{"k":"tee"},"geometry":{"type":"Polygon","coordinates":[[[-118.891018,34.303598],[-118.890892,34.303598],[-118.89089,34.30371],[-118.891021,34.303707],[-118.891018,34.303598]]]}},{"type":"Feature","properties":{"k":"tee"},"geometry":{"type":"Polygon","coordinates":[[[-118.888977,34.305784],[-118.889052,34.305692],[-118.888918,34.305622],[-118.888844,34.305716],[-118.888977,34.305784]]]}},{"type":"Feature","properties":{"k":"tee"},"geometry":{"type":"Polygon","coordinates":[[[-118.88925,34.305724],[-118.889319,34.305652],[-118.889151,34.305562],[-118.889091,34.305638],[-118.88925,34.305724]]]}},{"type":"Feature","properties":{"k":"tee"},"geometry":{"type":"Polygon","coordinates":[[[-118.889391,34.305578],[-118.889461,34.305491],[-118.889304,34.305426],[-118.88924,34.305519],[-118.889391,34.305578]]]}},{"type":"Feature","properties":{"k":"tee"},"geometry":{"type":"Polygon","coordinates":[[[-118.888474,34.305673],[-118.888606,34.305642],[-118.88858,34.305537],[-118.888446,34.305561],[-118.888474,34.305673]]]}},{"type":"Feature","properties":{"k":"tee"},"geometry":{"type":"Polygon","coordinates":[[[-118.889493,34.305407],[-118.889537,34.305326],[-118.889388,34.305278],[-118.889344,34.305363],[-118.889493,34.305407]]]}},{"type":"Feature","properties":{"k":"bunker"},"geometry":{"type":"Polygon","coordinates":[[[-118.889883,34.304703],[-118.88993,34.304706],[-118.889945,34.304701],[-118.889957,34.304678],[-118.889952,34.30466],[-118.889907,34.304599],[-118.889872,34.304586],[-118.889837,34.304609],[-118.889835,34.304639],[-118.889845,34.304673],[-118.889883,34.304703]]]}},{"type":"Feature","properties":{"k":"bunker"},"geometry":{"type":"Polygon","coordinates":[[[-118.889937,34.304518],[-118.889978,34.304512],[-118.889996,34.304485],[-118.889964,34.304441],[-118.889991,34.304409],[-118.88999,34.304391],[-118.889976,34.304375],[-118.889951,34.304368],[-118.889904,34.304377],[-118.889884,34.304402],[-118.889887,34.304432],[-118.889903,34.304458],[-118.889887,34.304476],[-118.889885,34.304494],[-118.889905,34.304516],[-118.889937,34.304518]]]}},{"type":"Feature","properties":{"k":"bunker"},"geometry":{"type":"Polygon","coordinates":[[[-118.889591,34.304368],[-118.889584,34.304325],[-118.889605,34.30429],[-118.889604,34.304267],[-118.889577,34.30424],[-118.889544,34.304236],[-118.889509,34.304263],[-118.889508,34.304276],[-118.88954,34.304322],[-118.889532,34.304339],[-118.889507,34.304356],[-118.889499,34.304376],[-118.889513,34.304391],[-118.889561,34.304403],[-118.889587,34.30439],[-118.889591,34.304368]]]}},{"type":"Feature","properties":{"k":"bunker"},"geometry":{"type":"Polygon","coordinates":[[[-118.889616,34.30454],[-118.889611,34.30453],[-118.889583,34.304517],[-118.889567,34.304519],[-118.889536,34.304539],[-118.889519,34.304535],[-118.889518,34.30452],[-118.88958,34.304474],[-118.889583,34.304445],[-118.889574,34.304434],[-118.889537,34.30442],[-118.889492,34.304434],[-118.88948,34.304457],[-118.889487,34.304492],[-118.889467,34.304531],[-118.889476,34.304558],[-118.889523,34.304578],[-118.8896,34.30458],[-118.889619,34.304562],[-118.889616,34.30454]]]}},{"type":"Feature","properties":{"k":"bunker"},"geometry":{"type":"Polygon","coordinates":[[[-118.889191,34.303508],[-118.889213,34.303505],[-118.889257,34.303464],[-118.889282,34.303463],[-118.889308,34.303471],[-118.889344,34.303463],[-118.889372,34.303469],[-118.889387,34.303459],[-118.889393,34.303437],[-118.889368,34.30342],[-118.889307,34.303434],[-118.889275,34.303432],[-118.889214,34.3034],[-118.889183,34.303399],[-118.889165,34.303418],[-118.889181,34.303454],[-118.889178,34.303496],[-118.889191,34.303508]]]}},{"type":"Feature","properties":{"k":"bunker"},"geometry":{"type":"Polygon","coordinates":[[[-118.889408,34.303399],[-118.889414,34.30337],[-118.889405,34.30336],[-118.889368,34.303366],[-118.889336,34.303355],[-118.889315,34.303361],[-118.88931,34.303389],[-118.889321,34.303407],[-118.889344,34.303407],[-118.889376,34.303395],[-118.889408,34.303399]]]}},{"type":"Feature","properties":{"k":"bunker"},"geometry":{"type":"Polygon","coordinates":[[[-118.887714,34.303569],[-118.887742,34.303548],[-118.887745,34.303536],[-118.887739,34.303521],[-118.887707,34.303505],[-118.887674,34.303512],[-118.887631,34.303504],[-118.887598,34.303528],[-118.887548,34.303515],[-118.887526,34.303525],[-118.887518,34.303538],[-118.887521,34.30356],[-118.887547,34.303575],[-118.887614,34.303578],[-118.887665,34.303568],[-118.887714,34.303569]]]}},{"type":"Feature","properties":{"k":"bunker"},"geometry":{"type":"Polygon","coordinates":[[[-118.887305,34.303821],[-118.887313,34.303788],[-118.887298,34.303763],[-118.887266,34.303752],[-118.887203,34.303755],[-118.887153,34.303728],[-118.887118,34.303733],[-118.887113,34.303755],[-118.887138,34.303771],[-118.887105,34.303776],[-118.887089,34.303793],[-118.887095,34.303811],[-118.887128,34.303828],[-118.887156,34.303824],[-118.8872,34.303799],[-118.887231,34.303795],[-118.887195,34.303832],[-118.887203,34.303847],[-118.88723,34.303855],[-118.887274,34.303847],[-118.887305,34.303821]]]}},{"type":"Feature","properties":{"k":"bunker"},"geometry":{"type":"Polygon","coordinates":[[[-118.886528,34.303626],[-118.886539,34.303607],[-118.886529,34.303585],[-118.886497,34.303579],[-118.886475,34.30359],[-118.886472,34.303608],[-118.886489,34.303626],[-118.886508,34.303631],[-118.886528,34.303626]]]}},{"type":"Feature","properties":{"k":"bunker"},"geometry":{"type":"Polygon","coordinates":[[[-118.886448,34.303578],[-118.886457,34.303561],[-118.886449,34.303542],[-118.886398,34.303515],[-118.886339,34.303513],[-118.886318,34.303524],[-118.886314,34.303551],[-118.886325,34.303563],[-118.886388,34.303565],[-118.886421,34.303583],[-118.886448,34.303578]]]}},{"type":"Feature","properties":{"k":"tee"},"geometry":{"type":"Polygon","coordinates":[[[-118.886547,34.305777],[-118.886486,34.305681],[-118.886343,34.305727],[-118.886406,34.305826],[-118.886547,34.305777]]]}},{"type":"Feature","properties":{"k":"tee"},"geometry":{"type":"Polygon","coordinates":[[[-118.886125,34.30574],[-118.886083,34.305637],[-118.885902,34.305691],[-118.885946,34.30579],[-118.886125,34.30574]]]}},{"type":"Feature","properties":{"k":"tee"},"geometry":{"type":"Polygon","coordinates":[[[-118.885772,34.305622],[-118.885736,34.305538],[-118.885567,34.305574],[-118.8856,34.305661],[-118.885772,34.305622]]]}},{"type":"Feature","properties":{"k":"tee"},"geometry":{"type":"Polygon","coordinates":[[[-118.885557,34.305338],[-118.885389,34.305381],[-118.885432,34.305464],[-118.885589,34.305429],[-118.885557,34.305338]]]}},{"type":"Feature","properties":{"k":"tee"},"geometry":{"type":"Polygon","coordinates":[[[-118.885421,34.305219],[-118.885366,34.305105],[-118.885215,34.305157],[-118.885273,34.305265],[-118.885421,34.305219]]]}},{"type":"Feature","properties":{"k":"bunker"},"geometry":{"type":"Polygon","coordinates":[[[-118.885297,34.304568],[-118.885308,34.30455],[-118.885302,34.304508],[-118.885293,34.304496],[-118.885269,34.304496],[-118.885246,34.304523],[-118.885235,34.304498],[-118.885222,34.30449],[-118.885199,34.304489],[-118.885182,34.304498],[-118.885172,34.304525],[-118.885187,34.304553],[-118.885205,34.30456],[-118.885245,34.304561],[-118.885271,34.304572],[-118.885297,34.304568]]]}},{"type":"Feature","properties":{"k":"bunker"},"geometry":{"type":"Polygon","coordinates":[[[-118.884684,34.304503],[-118.8847,34.30449],[-118.884699,34.304448],[-118.884678,34.304429],[-118.884652,34.304428],[-118.884626,34.304459],[-118.884625,34.304478],[-118.884652,34.304495],[-118.884684,34.304503]]]}},{"type":"Feature","properties":{"k":"bunker"},"geometry":{"type":"Polygon","coordinates":[[[-118.884494,34.30431],[-118.884509,34.304279],[-118.88449,34.304225],[-118.884471,34.304212],[-118.884444,34.304213],[-118.884428,34.304225],[-118.884427,34.304248],[-118.884456,34.304301],[-118.884471,34.304309],[-118.884494,34.30431]]]}},{"type":"Feature","properties":{"k":"bunker"},"geometry":{"type":"Polygon","coordinates":[[[-118.884501,34.304112],[-118.884523,34.3041],[-118.884531,34.304067],[-118.884521,34.304044],[-118.884497,34.304036],[-118.88448,34.30404],[-118.884438,34.304069],[-118.884425,34.304095],[-118.884436,34.30411],[-118.884459,34.304119],[-118.884501,34.304112]]]}},{"type":"Feature","properties":{"k":"bunker"},"geometry":{"type":"Polygon","coordinates":[[[-118.884113,34.303317],[-118.884122,34.303306],[-118.88412,34.303283],[-118.884095,34.303258],[-118.884067,34.30325],[-118.884006,34.303248],[-118.88397,34.303212],[-118.883936,34.303191],[-118.883906,34.303191],[-118.883889,34.303203],[-118.883885,34.303222],[-118.883894,34.303239],[-118.883948,34.303259],[-118.883953,34.303286],[-118.883967,34.303298],[-118.883992,34.303306],[-118.884046,34.303307],[-118.88407,34.303323],[-118.884113,34.303317]]]}},{"type":"Feature","properties":{"k":"green"},"geometry":{"type":"Polygon","coordinates":[[[-118.892682,34.305267],[-118.892485,34.305316],[-118.892461,34.305339],[-118.892467,34.305374],[-118.89248,34.305386],[-118.892518,34.3054],[-118.892586,34.30541],[-118.892654,34.305411],[-118.892737,34.305389],[-118.892796,34.30534],[-118.892807,34.305318],[-118.892802,34.305295],[-118.892762,34.30527],[-118.892682,34.305267]]]}},{"type":"Feature","properties":{"k":"green"},"geometry":{"type":"Polygon","coordinates":[[[-118.889769,34.304579],[-118.88979,34.304572],[-118.889821,34.304543],[-118.889835,34.304483],[-118.88983,34.304365],[-118.889804,34.304327],[-118.889774,34.304318],[-118.889683,34.30434],[-118.889657,34.30436],[-118.889646,34.304388],[-118.889655,34.304462],[-118.889678,34.304533],[-118.889719,34.304571],[-118.889742,34.30458],[-118.889769,34.304579]]]}},{"type":"Feature","properties":{"k":"green"},"geometry":{"type":"Polygon","coordinates":[[[-118.88646,34.303664],[-118.886429,34.303631],[-118.886395,34.303617],[-118.886356,34.303614],[-118.886299,34.303621],[-118.886262,34.303662],[-118.886193,34.303713],[-118.886179,34.303746],[-118.886186,34.303786],[-118.886216,34.303811],[-118.88626,34.303825],[-118.886343,34.303801],[-118.886419,34.303759],[-118.886461,34.303726],[-118.886473,34.303695],[-118.88646,34.303664]]]}},{"type":"Feature","properties":{"k":"green"},"geometry":{"type":"Polygon","coordinates":[[[-118.884127,34.303176],[-118.884148,34.303133],[-118.884149,34.303088],[-118.88413,34.303047],[-118.884089,34.303014],[-118.884022,34.302991],[-118.883955,34.302988],[-118.883903,34.303006],[-118.883872,34.303032],[-118.883861,34.303051],[-118.883862,34.303085],[-118.883903,34.303126],[-118.884025,34.303185],[-118.884065,34.303197],[-118.884098,34.303194],[-118.884127,34.303176]]]}},{"type":"Feature","properties":{"k":"tee"},"geometry":{"type":"Polygon","coordinates":[[[-118.885025,34.30313],[-118.885195,34.30318],[-118.885277,34.303193],[-118.885557,34.303181],[-118.885719,34.303144],[-118.885767,34.303121],[-118.8858,34.303081],[-118.885806,34.303048],[-118.885796,34.303024],[-118.885766,34.302997],[-118.885727,34.302994],[-118.885546,34.303053],[-118.885455,34.303059],[-118.885313,34.303052],[-118.885135,34.303029],[-118.885035,34.303032],[-118.885005,34.30305],[-118.884993,34.303073],[-118.884996,34.303099],[-118.885025,34.30313]]]}},{"type":"Feature","properties":{"k":"bunker"},"geometry":{"type":"Polygon","coordinates":[[[-118.886995,34.303222],[-118.887027,34.30319],[-118.887022,34.303176],[-118.887006,34.303167],[-118.886986,34.303163],[-118.886923,34.303173],[-118.886901,34.303192],[-118.886904,34.303212],[-118.886914,34.303219],[-118.886995,34.303222]]]}},{"type":"Feature","properties":{"k":"bunker"},"geometry":{"type":"Polygon","coordinates":[[[-118.887465,34.303201],[-118.887497,34.303185],[-118.887496,34.303157],[-118.887475,34.303146],[-118.887432,34.303148],[-118.887422,34.303162],[-118.887423,34.30319],[-118.887441,34.303201],[-118.887465,34.303201]]]}},{"type":"Feature","properties":{"k":"bunker"},"geometry":{"type":"Polygon","coordinates":[[[-118.887792,34.303102],[-118.887801,34.303087],[-118.887788,34.303061],[-118.887808,34.303044],[-118.887807,34.303029],[-118.887794,34.303016],[-118.887775,34.303014],[-118.88776,34.303022],[-118.887743,34.30305],[-118.887707,34.303062],[-118.887704,34.303086],[-118.887715,34.303097],[-118.887748,34.303094],[-118.887774,34.303108],[-118.887792,34.303102]]]}},{"type":"Feature","properties":{"k":"bunker"},"geometry":{"type":"Polygon","coordinates":[[[-118.887887,34.302999],[-118.887907,34.302978],[-118.887933,34.302975],[-118.887945,34.302962],[-118.887938,34.302945],[-118.887916,34.302934],[-118.887904,34.302912],[-118.887856,34.302931],[-118.887847,34.302947],[-118.887858,34.302998],[-118.887873,34.303004],[-118.887887,34.302999]]]}},{"type":"Feature","properties":{"k":"bunker"},"geometry":{"type":"Polygon","coordinates":[[[-118.888244,34.303078],[-118.888262,34.303064],[-118.888265,34.303033],[-118.888242,34.303008],[-118.88819,34.302987],[-118.888181,34.302927],[-118.888146,34.302904],[-118.888146,34.302896],[-118.888172,34.302874],[-118.888169,34.302853],[-118.88815,34.302842],[-118.888097,34.302853],[-118.888082,34.30287],[-118.888079,34.302891],[-118.888091,34.302933],[-118.888115,34.302959],[-118.888127,34.30301],[-118.888179,34.303039],[-118.888198,34.303074],[-118.888244,34.303078]]]}},{"type":"Feature","properties":{"k":"green"},"geometry":{"type":"Polygon","coordinates":[[[-118.888402,34.302954],[-118.888413,34.302883],[-118.888388,34.302783],[-118.888354,34.302749],[-118.888299,34.30272],[-118.88827,34.30271],[-118.888236,34.302714],[-118.888215,34.302731],[-118.888209,34.302756],[-118.888234,34.302841],[-118.88824,34.302911],[-118.888249,34.302934],[-118.888287,34.302964],[-118.88833,34.302977],[-118.888369,34.302975],[-118.888402,34.302954]]]}},{"type":"Feature","properties":{"k":"tee"},"geometry":{"type":"Polygon","coordinates":[[[-118.888509,34.302295],[-118.888516,34.302176],[-118.888405,34.302171],[-118.8884,34.302287],[-118.888509,34.302295]]]}},{"type":"Feature","properties":{"k":"tee"},"geometry":{"type":"Polygon","coordinates":[[[-118.888677,34.302353],[-118.888649,34.30216],[-118.888581,34.302161],[-118.888598,34.302355],[-118.888677,34.302353]]]}},{"type":"Feature","properties":{"k":"tee"},"geometry":{"type":"Polygon","coordinates":[[[-118.88893,34.302529],[-118.888869,34.302405],[-118.888769,34.302436],[-118.888876,34.30256],[-118.888928,34.302537],[-118.88893,34.302529]]]}},{"type":"Feature","properties":{"k":"tee"},"geometry":{"type":"Polygon","coordinates":[[[-118.889523,34.30254],[-118.889421,34.302562],[-118.889451,34.30266],[-118.889557,34.302643],[-118.889523,34.30254]]]}},{"type":"Feature","properties":{"k":"tee"},"geometry":{"type":"Polygon","coordinates":[[[-118.889843,34.302536],[-118.889816,34.302459],[-118.889679,34.302492],[-118.889708,34.302572],[-118.889843,34.302536]]]}},{"type":"Feature","properties":{"k":"green"},"geometry":{"type":"Polygon","coordinates":[[[-118.892398,34.301367],[-118.89235,34.301363],[-118.892288,34.301385],[-118.892135,34.301496],[-118.892128,34.301536],[-118.892162,34.301579],[-118.892211,34.301601],[-118.892242,34.301605],[-118.892298,34.301574],[-118.892419,34.301458],[-118.892415,34.301394],[-118.892398,34.301367]]]}},{"type":"Feature","properties":{"k":"bunker"},"geometry":{"type":"Polygon","coordinates":[[[-118.892117,34.301452],[-118.892146,34.301449],[-118.89216,34.30143],[-118.892154,34.301399],[-118.892129,34.301384],[-118.892107,34.301388],[-118.892092,34.301417],[-118.892095,34.30144],[-118.892117,34.301452]]]}},{"type":"Feature","properties":{"k":"bunker"},"geometry":{"type":"Polygon","coordinates":[[[-118.892228,34.301359],[-118.892258,34.30135],[-118.892266,34.301333],[-118.892257,34.301318],[-118.892226,34.301313],[-118.89222,34.301304],[-118.892232,34.301296],[-118.892268,34.301291],[-118.892286,34.301268],[-118.892296,34.301271],[-118.892303,34.301294],[-118.892317,34.301305],[-118.892345,34.301308],[-118.892364,34.301295],[-118.892365,34.301268],[-118.892324,34.301239],[-118.89232,34.30121],[-118.892307,34.301201],[-118.892288,34.301198],[-118.89227,34.301205],[-118.892245,34.301261],[-118.89217,34.301268],[-118.892148,34.30128],[-118.892159,34.301309],[-118.892187,34.301325],[-118.892203,34.301349],[-118.892228,34.301359]]]}},{"type":"Feature","properties":{"k":"bunker"},"geometry":{"type":"Polygon","coordinates":[[[-118.892497,34.301442],[-118.892511,34.301418],[-118.892508,34.301398],[-118.892498,34.30139],[-118.892472,34.301391],[-118.892461,34.301401],[-118.892461,34.301423],[-118.892476,34.301438],[-118.892497,34.301442]]]}},{"type":"Feature","properties":{"k":"bunker"},"geometry":{"type":"Polygon","coordinates":[[[-118.892429,34.301629],[-118.892454,34.30161],[-118.892445,34.301567],[-118.892475,34.301548],[-118.892485,34.301531],[-118.892479,34.301493],[-118.892442,34.301508],[-118.892405,34.301536],[-118.892385,34.301571],[-118.892405,34.301616],[-118.892429,34.301629]]]}},{"type":"Feature","properties":{"k":"tee"},"geometry":{"type":"Polygon","coordinates":[[[-118.892558,34.300706],[-118.892464,34.300698],[-118.892446,34.300764],[-118.892544,34.300779],[-118.892558,34.300706]]]}},{"type":"Feature","properties":{"k":"tee"},"geometry":{"type":"Polygon","coordinates":[[[-118.892698,34.300778],[-118.892701,34.300674],[-118.89259,34.300671],[-118.892582,34.300772],[-118.892698,34.300778]]]}},{"type":"Feature","properties":{"k":"tee"},"geometry":{"type":"Polygon","coordinates":[[[-118.892746,34.300759],[-118.8929,34.300759],[-118.892891,34.300658],[-118.892752,34.300663],[-118.892746,34.300759]]]}},{"type":"Feature","properties":{"k":"tee"},"geometry":{"type":"Polygon","coordinates":[[[-118.892957,34.300756],[-118.893127,34.300745],[-118.89313,34.300674],[-118.892948,34.30065],[-118.892957,34.300756]]]}},{"type":"Feature","properties":{"k":"green"},"geometry":{"type":"Polygon","coordinates":[[[-118.894062,34.301131],[-118.894106,34.301108],[-118.89417,34.301048],[-118.894191,34.301022],[-118.894196,34.300991],[-118.894173,34.300967],[-118.894129,34.300951],[-118.893997,34.300915],[-118.893948,34.30092],[-118.893923,34.300937],[-118.893925,34.300972],[-118.89397,34.301032],[-118.894009,34.301112],[-118.894028,34.301127],[-118.894062,34.301131]]]}},{"type":"Feature","properties":{"k":"bunker"},"geometry":{"type":"Polygon","coordinates":[[[-118.893863,34.300854],[-118.893875,34.30084],[-118.893873,34.300826],[-118.893859,34.300815],[-118.893836,34.300812],[-118.893816,34.300784],[-118.893783,34.300786],[-118.893754,34.300814],[-118.89376,34.300828],[-118.893806,34.300841],[-118.893831,34.300858],[-118.893863,34.300854]]]}},{"type":"Feature","properties":{"k":"bunker"},"geometry":{"type":"Polygon","coordinates":[[[-118.894047,34.300872],[-118.894075,34.300868],[-118.894095,34.300849],[-118.894096,34.300831],[-118.894082,34.300815],[-118.894036,34.300812],[-118.894016,34.300828],[-118.894014,34.300854],[-118.894025,34.300866],[-118.894047,34.300872]]]}},{"type":"Feature","properties":{"k":"bunker"},"geometry":{"type":"Polygon","coordinates":[[[-118.893895,34.301151],[-118.893922,34.301142],[-118.89393,34.301124],[-118.893929,34.301111],[-118.893898,34.301083],[-118.893915,34.301059],[-118.893914,34.301043],[-118.893896,34.301033],[-118.89386,34.301028],[-118.893836,34.301],[-118.893816,34.30099],[-118.893776,34.300999],[-118.893768,34.301038],[-118.893787,34.301052],[-118.893843,34.301068],[-118.893849,34.301124],[-118.893872,34.301147],[-118.893895,34.301151]]]}},{"type":"Feature","properties":{"k":"tee"},"geometry":{"type":"Polygon","coordinates":[[[-118.894283,34.300423],[-118.894344,34.300373],[-118.894277,34.300312],[-118.89421,34.300358],[-118.894283,34.300423]]]}},{"type":"Feature","properties":{"k":"tee"},"geometry":{"type":"Polygon","coordinates":[[[-118.894574,34.300555],[-118.894668,34.300491],[-118.894605,34.300426],[-118.894514,34.300486],[-118.894574,34.300555]]]}},{"type":"Feature","properties":{"k":"tee"},"geometry":{"type":"Polygon","coordinates":[[[-118.894954,34.300642],[-118.894864,34.300547],[-118.894759,34.300613],[-118.894841,34.3007],[-118.894954,34.300642]]]}},{"type":"Feature","properties":{"k":"tee"},"geometry":{"type":"Polygon","coordinates":[[[-118.895133,34.300847],[-118.895061,34.300764],[-118.894936,34.300832],[-118.895011,34.300922],[-118.895133,34.300847]]]}},{"type":"Feature","properties":{"k":"tee"},"geometry":{"type":"Polygon","coordinates":[[[-118.895379,34.301026],[-118.895324,34.300959],[-118.895201,34.301025],[-118.895262,34.301095],[-118.895379,34.301026]]]}},{"type":"Feature","properties":{"k":"green"},"geometry":{"type":"Polygon","coordinates":[[[-118.897312,34.303928],[-118.897365,34.303916],[-118.897386,34.303899],[-118.897401,34.303865],[-118.897394,34.303832],[-118.897355,34.303779],[-118.897278,34.303714],[-118.89725,34.3037],[-118.897208,34.3037],[-118.897182,34.303723],[-118.897144,34.303807],[-118.897155,34.303868],[-118.897175,34.303895],[-118.897209,34.303916],[-118.897257,34.303927],[-118.897312,34.303928]]]}},{"type":"Feature","properties":{"k":"bunker"},"geometry":{"type":"Polygon","coordinates":[[[-118.897413,34.303726],[-118.897478,34.303703],[-118.897473,34.303683],[-118.897446,34.303667],[-118.897439,34.303653],[-118.897472,34.303634],[-118.897472,34.303623],[-118.897453,34.303602],[-118.897387,34.303581],[-118.897379,34.303547],[-118.897369,34.303539],[-118.897345,34.303531],[-118.897311,34.303536],[-118.89729,34.303551],[-118.897281,34.303584],[-118.897289,34.303598],[-118.897333,34.303611],[-118.897338,34.303619],[-118.897317,34.303643],[-118.897317,34.30366],[-118.897333,34.303672],[-118.897372,34.303681],[-118.897389,34.303714],[-118.897413,34.303726]]]}},{"type":"Feature","properties":{"k":"bunker"},"geometry":{"type":"Polygon","coordinates":[[[-118.89746,34.303757],[-118.897478,34.30381],[-118.897499,34.303831],[-118.897539,34.303836],[-118.897573,34.30382],[-118.897584,34.303787],[-118.897558,34.303758],[-118.897493,34.303734],[-118.89746,34.303757]]]}},{"type":"Feature","properties":{"k":"bunker"},"geometry":{"type":"Polygon","coordinates":[[[-118.896979,34.303428],[-118.896958,34.303418],[-118.896914,34.303421],[-118.896892,34.303437],[-118.896882,34.303462],[-118.896891,34.303486],[-118.89693,34.303528],[-118.896932,34.303579],[-118.896957,34.303603],[-118.896974,34.303608],[-118.897012,34.303596],[-118.897023,34.303571],[-118.897012,34.303536],[-118.896965,34.303502],[-118.896966,34.303485],[-118.896986,34.303474],[-118.896992,34.303461],[-118.896979,34.303428]]]}},{"type":"Feature","properties":{"k":"bunker"},"geometry":{"type":"Polygon","coordinates":[[[-118.896939,34.303692],[-118.896953,34.30368],[-118.896955,34.30365],[-118.896921,34.303641],[-118.896899,34.303656],[-118.896895,34.303675],[-118.896916,34.303689],[-118.896939,34.303692]]]}},{"type":"Feature","properties":{"k":"tee"},"geometry":{"type":"Polygon","coordinates":[[[-118.898517,34.30376],[-118.898489,34.303663],[-118.897876,34.303727],[-118.897914,34.303867],[-118.898517,34.30376]]]}},{"type":"Feature","properties":{"k":"tee"},"geometry":{"type":"Polygon","coordinates":[[[-118.897854,34.303678],[-118.898383,34.30364],[-118.898831,34.30346],[-118.898766,34.303358],[-118.89833,34.303512],[-118.897827,34.303549],[-118.897854,34.303678]]]}},{"type":"Feature","properties":{"k":"green"},"geometry":{"type":"Polygon","coordinates":[[[-118.898618,34.303713],[-118.898745,34.30367],[-118.898763,34.303658],[-118.898787,34.303622],[-118.89879,34.303584],[-118.898781,34.303574],[-118.898754,34.30356],[-118.8987,34.303567],[-118.8986,34.303612],[-118.898578,34.303629],[-118.898541,34.303663],[-118.898538,34.303689],[-118.89857,34.303714],[-118.898618,34.303713]]]}},{"type":"Feature","properties":{"k":"green"},"geometry":{"type":"Polygon","coordinates":[[[-118.898873,34.30416],[-118.898913,34.304186],[-118.89897,34.304191],[-118.899121,34.30409],[-118.899147,34.30403],[-118.899138,34.30391],[-118.899123,34.303887],[-118.899102,34.303871],[-118.899074,34.303868],[-118.899036,34.303885],[-118.899024,34.303921],[-118.899038,34.30397],[-118.899038,34.303998],[-118.899024,34.304024],[-118.898972,34.304039],[-118.898937,34.304026],[-118.898892,34.303985],[-118.898818,34.303891],[-118.898765,34.303858],[-118.898724,34.303849],[-118.898686,34.303852],[-118.898597,34.303891],[-118.898554,34.303941],[-118.898554,34.303971],[-118.89857,34.303998],[-118.898598,34.304013],[-118.898667,34.30402],[-118.898735,34.30404],[-118.898799,34.304083],[-118.898873,34.30416]]]}},{"type":"Feature","properties":{"k":"green"},"geometry":{"type":"Polygon","coordinates":[[[-118.897895,34.303162],[-118.897948,34.303148],[-118.897967,34.303135],[-118.897983,34.303118],[-118.898006,34.303069],[-118.897977,34.303017],[-118.897922,34.30299],[-118.897884,34.302987],[-118.897829,34.302998],[-118.897808,34.303016],[-118.897789,34.303077],[-118.897797,34.303101],[-118.897825,34.303137],[-118.897845,34.303153],[-118.897895,34.303162]]]}},{"type":"Feature","properties":{"k":"green"},"geometry":{"type":"Polygon","coordinates":[[[-118.898406,34.303032],[-118.898437,34.303025],[-118.898492,34.302991],[-118.898509,34.302955],[-118.898495,34.302913],[-118.898478,34.302898],[-118.898399,34.302877],[-118.898324,34.3029],[-118.898297,34.30294],[-118.898306,34.302979],[-118.898332,34.30301],[-118.898349,34.30302],[-118.898406,34.303032]]]}},{"type":"Feature","properties":{"k":"green"},"geometry":{"type":"Polygon","coordinates":[[[-118.898018,34.302484],[-118.898104,34.302487],[-118.898195,34.30247],[-118.898229,34.302437],[-118.898233,34.30239],[-118.898209,34.302362],[-118.898137,34.302334],[-118.898083,34.302337],[-118.898033,34.302349],[-118.897973,34.302385],[-118.897953,34.302419],[-118.897952,34.302437],[-118.897968,34.30246],[-118.897996,34.30248],[-118.898018,34.302484]]]}},{"type":"Feature","properties":{"k":"green"},"geometry":{"type":"Polygon","coordinates":[[[-118.897687,34.302357],[-118.897709,34.302347],[-118.897758,34.302301],[-118.897763,34.302254],[-118.897733,34.302215],[-118.897681,34.302196],[-118.897657,34.302197],[-118.897631,34.302207],[-118.897594,34.302241],[-118.897586,34.30226],[-118.897588,34.302296],[-118.897607,34.302338],[-118.897624,34.302351],[-118.89765,34.302358],[-118.897687,34.302357]]]}},{"type":"Feature","properties":{"k":"green"},"geometry":{"type":"Polygon","coordinates":[[[-118.898011,34.302047],[-118.898045,34.30204],[-118.898063,34.302028],[-118.898103,34.30195],[-118.898104,34.301893],[-118.898084,34.301868],[-118.898055,34.301853],[-118.898011,34.301854],[-118.897987,34.301865],[-118.897957,34.301891],[-118.897938,34.301927],[-118.897936,34.301964],[-118.897951,34.302013],[-118.89797,34.302038],[-118.898011,34.302047]]]}},{"type":"Feature","properties":{"k":"green"},"geometry":{"type":"Polygon","coordinates":[[[-118.89785,34.30176],[-118.897867,34.301746],[-118.897882,34.301715],[-118.897876,34.301677],[-118.897861,34.301659],[-118.897817,34.301643],[-118.897762,34.301645],[-118.897715,34.301657],[-118.897685,34.30168],[-118.897672,34.301733],[-118.897697,34.301775],[-118.897733,34.301786],[-118.897755,34.301786],[-118.89785,34.30176]]]}},{"type":"Feature","properties":{"k":"tee"},"geometry":{"type":"Polygon","coordinates":[[[-118.898037,34.301104],[-118.898019,34.301009],[-118.89733,34.301139],[-118.897365,34.30123],[-118.898037,34.301104]]]}},{"type":"Feature","properties":{"k":"green"},"geometry":{"type":"Polygon","coordinates":[[[-118.897099,34.301286],[-118.897124,34.301264],[-118.897142,34.301231],[-118.89715,34.30119],[-118.897141,34.30117],[-118.897109,34.301155],[-118.897064,34.301153],[-118.897012,34.301165],[-118.896956,34.3012],[-118.896942,34.301252],[-118.896947,34.301269],[-118.896969,34.301289],[-118.897023,34.301299],[-118.897099,34.301286]]]}},{"type":"Feature","properties":{"k":"bunker"},"geometry":{"type":"Polygon","coordinates":[[[-118.897118,34.301395],[-118.89719,34.30138],[-118.897234,34.301355],[-118.897248,34.301335],[-118.897264,34.301299],[-118.897245,34.301277],[-118.897234,34.301227],[-118.897223,34.301221],[-118.897209,34.301216],[-118.897177,34.301222],[-118.897163,34.301251],[-118.897169,34.301273],[-118.897198,34.301297],[-118.897196,34.301313],[-118.897137,34.301316],[-118.897124,34.301333],[-118.89711,34.301336],[-118.897099,34.301322],[-118.897079,34.30132],[-118.897053,34.30132],[-118.897038,34.301329],[-118.897033,34.301343],[-118.897045,34.30137],[-118.89707,34.301384],[-118.897118,34.301395]]]}},{"type":"Feature","properties":{"k":"tee"},"geometry":{"type":"Polygon","coordinates":[[[-118.901004,34.305335],[-118.900931,34.305348],[-118.900943,34.305391],[-118.901015,34.305379],[-118.901004,34.305335]]]}},{"type":"Feature","properties":{"k":"tee"},"geometry":{"type":"Polygon","coordinates":[[[-118.900767,34.305441],[-118.900752,34.305377],[-118.900628,34.305397],[-118.900643,34.30546],[-118.900767,34.305441]]]}},{"type":"Feature","properties":{"k":"tee"},"geometry":{"type":"Polygon","coordinates":[[[-118.900525,34.305509],[-118.900511,34.305447],[-118.900357,34.305471],[-118.900371,34.305533],[-118.900525,34.305509]]]}},{"type":"Feature","properties":{"k":"tee"},"geometry":{"type":"Polygon","coordinates":[[[-118.900067,34.305721],[-118.900044,34.305651],[-118.899924,34.305678],[-118.899947,34.305748],[-118.900067,34.305721]]]}},{"type":"Feature","properties":{"k":"tee"},"geometry":{"type":"Polygon","coordinates":[[[-118.899843,34.305899],[-118.899747,34.305911],[-118.899758,34.305972],[-118.899854,34.30596],[-118.899843,34.305899]]]}},{"type":"Feature","properties":{"k":"tee"},"geometry":{"type":"Polygon","coordinates":[[[-118.89575,34.30768],[-118.895748,34.307603],[-118.895644,34.307606],[-118.895646,34.307682],[-118.89575,34.30768]]]}},{"type":"Feature","properties":{"k":"tee"},"geometry":{"type":"Polygon","coordinates":[[[-118.895908,34.307634],[-118.895888,34.307547],[-118.895772,34.307565],[-118.895791,34.307652],[-118.895908,34.307634]]]}},{"type":"Feature","properties":{"k":"tee"},"geometry":{"type":"Polygon","coordinates":[[[-118.896065,34.307634],[-118.896061,34.307542],[-118.895951,34.307546],[-118.895955,34.307638],[-118.896065,34.307634]]]}},{"type":"Feature","properties":{"k":"tee"},"geometry":{"type":"Polygon","coordinates":[[[-118.896223,34.30759],[-118.896223,34.307527],[-118.896135,34.307527],[-118.896135,34.30759],[-118.896223,34.30759]]]}},{"type":"Feature","properties":{"k":"tee"},"geometry":{"type":"Polygon","coordinates":[[[-118.897594,34.307846],[-118.897587,34.307788],[-118.89747,34.307797],[-118.897477,34.307856],[-118.897594,34.307846]]]}},{"type":"Feature","properties":{"k":"tee"},"geometry":{"type":"Polygon","coordinates":[[[-118.897848,34.30781],[-118.89783,34.307739],[-118.897717,34.307758],[-118.897735,34.307829],[-118.897848,34.30781]]]}},{"type":"Feature","properties":{"k":"tee"},"geometry":{"type":"Polygon","coordinates":[[[-118.898119,34.307735],[-118.898094,34.307656],[-118.897959,34.307685],[-118.897984,34.307764],[-118.898119,34.307735]]]}},{"type":"Feature","properties":{"k":"tee"},"geometry":{"type":"Polygon","coordinates":[[[-118.898391,34.307698],[-118.898381,34.307632],[-118.898257,34.307645],[-118.898268,34.307711],[-118.898391,34.307698]]]}},{"type":"Feature","properties":{"k":"tee"},"geometry":{"type":"Polygon","coordinates":[[[-118.898589,34.307649],[-118.898687,34.307647],[-118.898685,34.307581],[-118.898587,34.307583],[-118.898589,34.307649]]]}},{"type":"Feature","properties":{"k":"tee"},"geometry":{"type":"Polygon","coordinates":[[[-118.902306,34.305025],[-118.902292,34.304973],[-118.902177,34.304994],[-118.902191,34.305046],[-118.902306,34.305025]]]}},{"type":"Feature","properties":{"k":"tee"},"geometry":{"type":"Polygon","coordinates":[[[-118.902228,34.305168],[-118.902209,34.305095],[-118.902096,34.305115],[-118.902116,34.305189],[-118.902228,34.305168]]]}},{"type":"Feature","properties":{"k":"tee"},"geometry":{"type":"Polygon","coordinates":[[[-118.902301,34.30546],[-118.902284,34.30536],[-118.902187,34.305371],[-118.902204,34.305471],[-118.902301,34.30546]]]}},{"type":"Feature","properties":{"k":"tee"},"geometry":{"type":"Polygon","coordinates":[[[-118.902295,34.305656],[-118.902267,34.305578],[-118.902196,34.305595],[-118.902223,34.305673],[-118.902295,34.305656]]]}},{"type":"Feature","properties":{"k":"tee"},"geometry":{"type":"Polygon","coordinates":[[[-118.902637,34.306494],[-118.902768,34.306446],[-118.902741,34.306398],[-118.902611,34.306446],[-118.902637,34.306494]]]}},{"type":"Feature","properties":{"k":"tee"},"geometry":{"type":"Polygon","coordinates":[[[-118.904618,34.306836],[-118.904622,34.306737],[-118.90452,34.306735],[-118.904517,34.306834],[-118.904618,34.306836]]]}},{"type":"Feature","properties":{"k":"tee"},"geometry":{"type":"Polygon","coordinates":[[[-118.904236,34.306686],[-118.904276,34.306566],[-118.90418,34.306545],[-118.90414,34.306664],[-118.904236,34.306686]]]}},{"type":"Feature","properties":{"k":"tee"},"geometry":{"type":"Polygon","coordinates":[[[-118.903809,34.306392],[-118.903866,34.306278],[-118.903785,34.306251],[-118.903729,34.306365],[-118.903809,34.306392]]]}},{"type":"Feature","properties":{"k":"tee"},"geometry":{"type":"Polygon","coordinates":[[[-118.903349,34.30583],[-118.903293,34.305788],[-118.903227,34.305848],[-118.903283,34.30589],[-118.903349,34.30583]]]}},{"type":"Feature","properties":{"k":"tee"},"geometry":{"type":"Polygon","coordinates":[[[-118.903025,34.302964],[-118.903064,34.302908],[-118.902988,34.302871],[-118.902949,34.302926],[-118.903025,34.302964]]]}},{"type":"Feature","properties":{"k":"tee"},"geometry":{"type":"Polygon","coordinates":[[[-118.903104,34.302854],[-118.903181,34.302776],[-118.903097,34.30272],[-118.90302,34.302798],[-118.903104,34.302854]]]}},{"type":"Feature","properties":{"k":"tee"},"geometry":{"type":"Polygon","coordinates":[[[-118.903423,34.302826],[-118.903328,34.302767],[-118.903251,34.302851],[-118.903346,34.30291],[-118.903423,34.302826]]]}},{"type":"Feature","properties":{"k":"tee"},"geometry":{"type":"Polygon","coordinates":[[[-118.903633,34.302706],[-118.903686,34.302619],[-118.903629,34.302595],[-118.903576,34.302682],[-118.903633,34.302706]]]}},{"type":"Feature","properties":{"k":"tee"},"geometry":{"type":"Polygon","coordinates":[[[-118.904036,34.302535],[-118.904095,34.302443],[-118.904022,34.302411],[-118.903964,34.302503],[-118.904036,34.302535]]]}},{"type":"Feature","properties":{"k":"tee"},"geometry":{"type":"Polygon","coordinates":[[[-118.904927,34.301416],[-118.904949,34.301344],[-118.904859,34.301325],[-118.904837,34.301397],[-118.904927,34.301416]]]}},{"type":"Feature","properties":{"k":"tee"},"geometry":{"type":"Polygon","coordinates":[[[-118.905004,34.301202],[-118.905062,34.301092],[-118.904985,34.301065],[-118.904928,34.301175],[-118.905004,34.301202]]]}},{"type":"Feature","properties":{"k":"tee"},"geometry":{"type":"Polygon","coordinates":[[[-118.905081,34.300985],[-118.905135,34.300869],[-118.905034,34.300837],[-118.904979,34.300953],[-118.905081,34.300985]]]}},{"type":"Feature","properties":{"k":"tee"},"geometry":{"type":"Polygon","coordinates":[[[-118.905124,34.300777],[-118.905214,34.300814],[-118.905281,34.300702],[-118.905191,34.300665],[-118.905124,34.300777]]]}},{"type":"Feature","properties":{"k":"tee"},"geometry":{"type":"Polygon","coordinates":[[[-118.905435,34.300568],[-118.905478,34.30047],[-118.9054,34.300447],[-118.905357,34.300544],[-118.905435,34.300568]]]}},{"type":"Feature","properties":{"k":"tee"},"geometry":{"type":"Polygon","coordinates":[[[-118.90663,34.297891],[-118.906595,34.297832],[-118.906463,34.297885],[-118.906498,34.297944],[-118.90663,34.297891]]]}},{"type":"Feature","properties":{"k":"tee"},"geometry":{"type":"Polygon","coordinates":[[[-118.906205,34.297874],[-118.906141,34.297814],[-118.90603,34.297896],[-118.906094,34.297956],[-118.906205,34.297874]]]}},{"type":"Feature","properties":{"k":"tee"},"geometry":{"type":"Polygon","coordinates":[[[-118.905582,34.298035],[-118.905519,34.297986],[-118.905424,34.298071],[-118.905487,34.298119],[-118.905582,34.298035]]]}},{"type":"Feature","properties":{"k":"tee"},"geometry":{"type":"Polygon","coordinates":[[[-118.905389,34.298092],[-118.905468,34.298146],[-118.905378,34.298235],[-118.905299,34.298181],[-118.905389,34.298092]]]}},{"type":"Feature","properties":{"k":"tee"},"geometry":{"type":"Polygon","coordinates":[[[-118.905283,34.298209],[-118.905357,34.298253],[-118.905288,34.298333],[-118.905214,34.298289],[-118.905283,34.298209]]]}},{"type":"Feature","properties":{"k":"tee"},"geometry":{"type":"Polygon","coordinates":[[[-118.903184,34.301187],[-118.903156,34.301118],[-118.903043,34.301149],[-118.903071,34.301219],[-118.903184,34.301187]]]}},{"type":"Feature","properties":{"k":"tee"},"geometry":{"type":"Polygon","coordinates":[[[-118.902799,34.301187],[-118.902773,34.301124],[-118.902633,34.301164],[-118.90266,34.301227],[-118.902799,34.301187]]]}},{"type":"Feature","properties":{"k":"tee"},"geometry":{"type":"Polygon","coordinates":[[[-118.901891,34.300968],[-118.901921,34.300911],[-118.901773,34.300859],[-118.901744,34.300916],[-118.901891,34.300968]]]}},{"type":"Feature","properties":{"k":"tee"},"geometry":{"type":"Polygon","coordinates":[[[-118.901537,34.301094],[-118.901497,34.301044],[-118.901398,34.301097],[-118.901437,34.301147],[-118.901537,34.301094]]]}},{"type":"Feature","properties":{"k":"tee"},"geometry":{"type":"Polygon","coordinates":[[[-118.901099,34.301422],[-118.901174,34.301362],[-118.901115,34.301312],[-118.90104,34.301373],[-118.901099,34.301422]]]}},{"type":"Feature","properties":{"k":"tee"},"geometry":{"type":"Polygon","coordinates":[[[-118.899383,34.3036],[-118.899397,34.303513],[-118.899312,34.303504],[-118.899298,34.303591],[-118.899383,34.3036]]]}},{"type":"Feature","properties":{"k":"tee"},"geometry":{"type":"Polygon","coordinates":[[[-118.899285,34.30341],[-118.899368,34.30342],[-118.899383,34.303338],[-118.8993,34.303327],[-118.899285,34.30341]]]}},{"type":"Feature","properties":{"k":"tee"},"geometry":{"type":"Polygon","coordinates":[[[-118.899417,34.303187],[-118.899454,34.303086],[-118.899358,34.303062],[-118.899321,34.303163],[-118.899417,34.303187]]]}},{"type":"Feature","properties":{"k":"tee"},"geometry":{"type":"Polygon","coordinates":[[[-118.899421,34.302949],[-118.89945,34.302845],[-118.899364,34.30283],[-118.899336,34.302933],[-118.899421,34.302949]]]}},{"type":"Feature","properties":{"k":"tee"},"geometry":{"type":"Polygon","coordinates":[[[-118.899389,34.302011],[-118.899416,34.301957],[-118.899354,34.301936],[-118.899327,34.30199],[-118.899389,34.302011]]]}},{"type":"Feature","properties":{"k":"tee"},"geometry":{"type":"Polygon","coordinates":[[[-118.900325,34.300093],[-118.900331,34.300031],[-118.900233,34.300025],[-118.900227,34.300087],[-118.900325,34.300093]]]}},{"type":"Feature","properties":{"k":"tee"},"geometry":{"type":"Polygon","coordinates":[[[-118.90017,34.300101],[-118.900168,34.300027],[-118.900044,34.300028],[-118.900045,34.300102],[-118.90017,34.300101]]]}},{"type":"Feature","properties":{"k":"tee"},"geometry":{"type":"Polygon","coordinates":[[[-118.899875,34.300139],[-118.899859,34.300071],[-118.899724,34.300092],[-118.89974,34.300161],[-118.899875,34.300139]]]}},{"type":"Feature","properties":{"k":"tee"},"geometry":{"type":"Polygon","coordinates":[[[-118.899392,34.300309],[-118.899386,34.300247],[-118.899276,34.300255],[-118.899282,34.300316],[-118.899392,34.300309]]]}},{"type":"Feature","properties":{"k":"tee"},"geometry":{"type":"Polygon","coordinates":[[[-118.899127,34.300413],[-118.899119,34.300354],[-118.899025,34.300363],[-118.899034,34.300422],[-118.899127,34.300413]]]}},{"type":"Feature","properties":{"k":"tee"},"geometry":{"type":"Polygon","coordinates":[[[-118.896465,34.300469],[-118.896436,34.300413],[-118.896293,34.300464],[-118.896322,34.30052],[-118.896465,34.300469]]]}},{"type":"Feature","properties":{"k":"tee"},"geometry":{"type":"Polygon","coordinates":[[[-118.896632,34.300319],[-118.896586,34.30028],[-118.896509,34.300341],[-118.896555,34.30038],[-118.896632,34.300319]]]}},{"type":"Feature","properties":{"k":"tee"},"geometry":{"type":"Polygon","coordinates":[[[-118.896888,34.300212],[-118.897002,34.300184],[-118.896977,34.300116],[-118.896864,34.300144],[-118.896888,34.300212]]]}},{"type":"Feature","properties":{"k":"tee"},"geometry":{"type":"Polygon","coordinates":[[[-118.902046,34.299837],[-118.902154,34.29978],[-118.902105,34.299717],[-118.901997,34.299774],[-118.902046,34.299837]]]}},{"type":"Feature","properties":{"k":"tee"},"geometry":{"type":"Polygon","coordinates":[[[-118.902165,34.299602],[-118.90213,34.29952],[-118.902005,34.299557],[-118.90204,34.299638],[-118.902165,34.299602]]]}},{"type":"Feature","properties":{"k":"tee"},"geometry":{"type":"Polygon","coordinates":[[[-118.902226,34.299392],[-118.902198,34.299315],[-118.902079,34.299344],[-118.902108,34.299422],[-118.902226,34.299392]]]}},{"type":"Feature","properties":{"k":"tee"},"geometry":{"type":"Polygon","coordinates":[[[-118.902303,34.299138],[-118.902326,34.299223],[-118.902188,34.299248],[-118.902165,34.299163],[-118.902303,34.299138]]]}},{"type":"Feature","properties":{"k":"tee"},"geometry":{"type":"Polygon","coordinates":[[[-118.902383,34.299056],[-118.902466,34.299041],[-118.902448,34.298971],[-118.902365,34.298985],[-118.902383,34.299056]]]}},{"type":"Feature","properties":{"k":"tee"},"geometry":{"type":"Polygon","coordinates":[[[-118.902593,34.298346],[-118.902568,34.298271],[-118.902436,34.298301],[-118.902461,34.298376],[-118.902593,34.298346]]]}},{"type":"Feature","properties":{"k":"tee"},"geometry":{"type":"Polygon","coordinates":[[[-118.902974,34.298271],[-118.902943,34.298195],[-118.902818,34.29823],[-118.902849,34.298306],[-118.902974,34.298271]]]}},{"type":"Feature","properties":{"k":"tee"},"geometry":{"type":"Polygon","coordinates":[[[-118.903376,34.29827],[-118.903334,34.298192],[-118.903197,34.298243],[-118.90324,34.298321],[-118.903376,34.29827]]]}},{"type":"Feature","properties":{"k":"tee"},"geometry":{"type":"Polygon","coordinates":[[[-118.903818,34.298064],[-118.903785,34.297991],[-118.903611,34.298044],[-118.903644,34.298117],[-118.903818,34.298064]]]}},{"type":"Feature","properties":{"k":"tee"},"geometry":{"type":"Polygon","coordinates":[[[-118.904107,34.297954],[-118.904083,34.297872],[-118.903973,34.297893],[-118.903996,34.297975],[-118.904107,34.297954]]]}},{"type":"Feature","properties":{"k":"tee"},"geometry":{"type":"Polygon","coordinates":[[[-118.908869,34.297206],[-118.909007,34.297235],[-118.909034,34.297146],[-118.908896,34.297117],[-118.908869,34.297206]]]}},{"type":"Feature","properties":{"k":"tee"},"geometry":{"type":"Polygon","coordinates":[[[-118.909161,34.297337],[-118.909207,34.297247],[-118.909101,34.29721],[-118.909054,34.2973],[-118.909161,34.297337]]]}},{"type":"Feature","properties":{"k":"tee"},"geometry":{"type":"Polygon","coordinates":[[[-118.909299,34.297123],[-118.909162,34.297082],[-118.909131,34.297155],[-118.909267,34.297196],[-118.909299,34.297123]]]}},{"type":"Feature","properties":{"k":"tee"},"geometry":{"type":"Polygon","coordinates":[[[-118.909525,34.297433],[-118.909547,34.29737],[-118.909441,34.297345],[-118.909419,34.297408],[-118.909525,34.297433]]]}},{"type":"Feature","properties":{"k":"tee"},"geometry":{"type":"Polygon","coordinates":[[[-118.910381,34.297086],[-118.910256,34.29704],[-118.910213,34.297118],[-118.910339,34.297165],[-118.910381,34.297086]]]}},{"type":"Feature","properties":{"k":"tee"},"geometry":{"type":"Polygon","coordinates":[[[-118.90989,34.298105],[-118.909934,34.298167],[-118.909823,34.29822],[-118.909779,34.298158],[-118.90989,34.298105]]]}},{"type":"Feature","properties":{"k":"tee"},"geometry":{"type":"Polygon","coordinates":[[[-118.909823,34.298665],[-118.909783,34.29859],[-118.909516,34.298689],[-118.909557,34.298764],[-118.909823,34.298665]]]}},{"type":"Feature","properties":{"k":"tee"},"geometry":{"type":"Polygon","coordinates":[[[-118.909254,34.298825],[-118.909229,34.298761],[-118.909086,34.298799],[-118.909111,34.298863],[-118.909254,34.298825]]]}},{"type":"Feature","properties":{"k":"tee"},"geometry":{"type":"Polygon","coordinates":[[[-118.908857,34.298957],[-118.908827,34.298882],[-118.908706,34.298915],[-118.908736,34.29899],[-118.908857,34.298957]]]}},{"type":"Feature","properties":{"k":"tee"},"geometry":{"type":"Polygon","coordinates":[[[-118.908576,34.299042],[-118.908532,34.29895],[-118.908389,34.298996],[-118.908433,34.299089],[-118.908576,34.299042]]]}},{"type":"Feature","properties":{"k":"tee"},"geometry":{"type":"Polygon","coordinates":[[[-118.905771,34.301332],[-118.905862,34.301376],[-118.90582,34.301433],[-118.90573,34.301389],[-118.905771,34.301332]]]}},{"type":"Feature","properties":{"k":"tee"},"geometry":{"type":"Polygon","coordinates":[[[-118.905734,34.30156],[-118.905668,34.301532],[-118.905581,34.301671],[-118.905648,34.301699],[-118.905734,34.30156]]]}},{"type":"Feature","properties":{"k":"tee"},"geometry":{"type":"Polygon","coordinates":[[[-118.905541,34.301932],[-118.9056,34.301831],[-118.905514,34.301798],[-118.905456,34.301898],[-118.905541,34.301932]]]}},{"type":"Feature","properties":{"k":"tee"},"geometry":{"type":"Polygon","coordinates":[[[-118.905449,34.302149],[-118.905496,34.302065],[-118.905423,34.302037],[-118.905376,34.302121],[-118.905449,34.302149]]]}},{"type":"Feature","properties":{"k":"tee"},"geometry":{"type":"Polygon","coordinates":[[[-118.905335,34.302523],[-118.905423,34.302543],[-118.905402,34.302607],[-118.905315,34.302588],[-118.905335,34.302523]]]}},{"type":"Feature","properties":{"k":"tee"},"geometry":{"type":"Polygon","coordinates":[[[-118.901747,34.304655],[-118.901747,34.304585],[-118.901624,34.304584],[-118.901624,34.304655],[-118.901747,34.304655]]]}},{"type":"Feature","properties":{"k":"tee"},"geometry":{"type":"Polygon","coordinates":[[[-118.901591,34.304492],[-118.901584,34.304407],[-118.901431,34.304415],[-118.901438,34.304501],[-118.901591,34.304492]]]}},{"type":"Feature","properties":{"k":"tee"},"geometry":{"type":"Polygon","coordinates":[[[-118.901445,34.304331],[-118.901431,34.304249],[-118.901281,34.304266],[-118.901295,34.304348],[-118.901445,34.304331]]]}},{"type":"Feature","properties":{"k":"tee"},"geometry":{"type":"Polygon","coordinates":[[[-118.901015,34.304266],[-118.901005,34.304206],[-118.900872,34.304221],[-118.900882,34.304282],[-118.901015,34.304266]]]}},{"type":"Feature","properties":{"k":"tee"},"geometry":{"type":"Polygon","coordinates":[[[-118.900755,34.304119],[-118.900734,34.30406],[-118.900621,34.304088],[-118.900642,34.304147],[-118.900755,34.304119]]]}},{"type":"Feature","properties":{"k":"clubhouse"},"geometry":{"type":"Polygon","coordinates":[[[-118.898076,34.304402],[-118.898027,34.304309],[-118.898056,34.304294],[-118.898014,34.304232],[-118.89798,34.30424],[-118.897921,34.304149],[-118.897178,34.30446],[-118.897252,34.304575],[-118.897227,34.304585],[-118.897275,34.304656],[-118.897297,34.304649],[-118.897338,34.30471],[-118.897812,34.304518],[-118.897837,34.304554],[-118.897957,34.304503],[-118.897937,34.304459],[-118.898076,34.304402]]]}},{"type":"Feature","properties":{"k":"water"},"geometry":{"type":"Polygon","coordinates":[[[-118.901346,34.304645],[-118.901364,34.304625],[-118.90138,34.304573],[-118.901321,34.304436],[-118.901293,34.304412],[-118.901174,34.304366],[-118.901134,34.30433],[-118.901024,34.304311],[-118.900953,34.304325],[-118.900885,34.304351],[-118.900861,34.30435],[-118.90083,34.304335],[-118.900758,34.304279],[-118.900615,34.304227],[-118.900582,34.304201],[-118.900557,34.30415],[-118.900462,34.304113],[-118.900126,34.304086],[-118.900068,34.304098],[-118.900036,34.304113],[-118.900009,34.304138],[-118.899996,34.304182],[-118.900006,34.304251],[-118.900076,34.30437],[-118.900081,34.304421],[-118.900072,34.304447],[-118.900049,34.304474],[-118.899974,34.304512],[-118.899933,34.304547],[-118.899907,34.304607],[-118.899903,34.304671],[-118.899929,34.304751],[-118.899968,34.304787],[-118.899994,34.304798],[-118.900033,34.304806],[-118.900281,34.304814],[-118.900487,34.304896],[-118.900615,34.304896],[-118.900751,34.304828],[-118.900794,34.304814],[-118.900937,34.304805],[-118.900982,34.304793],[-118.901127,34.304689],[-118.901286,34.304679],[-118.901316,34.304669],[-118.901346,34.304645]]]}},{"type":"Feature","properties":{"k":"stream"},"geometry":{"type":"LineString","coordinates":[[-118.899047,34.304822],[-118.899117,34.304829],[-118.899139,34.30484],[-118.899207,34.304833],[-118.899292,34.304856],[-118.899412,34.304864],[-118.8995,34.304883],[-118.899579,34.304929],[-118.899668,34.304939],[-118.899689,34.30493],[-118.899722,34.304878],[-118.899743,34.304869],[-118.899765,34.304843],[-118.899787,34.304835],[-118.899798,34.304814],[-118.899873,34.304761],[-118.899882,34.304706],[-118.899909,34.304699]]}},{"type":"Feature","properties":{"k":"green"},"geometry":{"type":"Polygon","coordinates":[[[-118.900587,34.300891],[-118.900617,34.300911],[-118.900792,34.300906],[-118.900833,34.300878],[-118.900837,34.300834],[-118.900815,34.300809],[-118.90077,34.300803],[-118.900616,34.300844],[-118.900595,34.30086],[-118.900587,34.300891]]]}},{"type":"Feature","properties":{"k":"bunker"},"geometry":{"type":"Polygon","coordinates":[[[-118.900335,34.301187],[-118.900363,34.301166],[-118.900358,34.301137],[-118.900334,34.30112],[-118.900294,34.301122],[-118.900272,34.301144],[-118.900274,34.301178],[-118.900299,34.301194],[-118.900335,34.301187]]]}},{"type":"Feature","properties":{"k":"bunker"},"geometry":{"type":"Polygon","coordinates":[[[-118.90049,34.301138],[-118.900526,34.301109],[-118.900535,34.301086],[-118.90052,34.301053],[-118.900491,34.301043],[-118.900459,34.30106],[-118.900457,34.301094],[-118.900408,34.301088],[-118.900393,34.301099],[-118.900389,34.301113],[-118.900398,34.301139],[-118.900418,34.301155],[-118.900453,34.301156],[-118.90049,34.301138]]]}},{"type":"Feature","properties":{"k":"bunker"},"geometry":{"type":"Polygon","coordinates":[[[-118.90057,34.301048],[-118.9006,34.30105],[-118.900643,34.301036],[-118.900689,34.300997],[-118.900691,34.300983],[-118.900682,34.30097],[-118.900648,34.300958],[-118.900609,34.30097],[-118.90057,34.300972],[-118.900554,34.300984],[-118.900551,34.300999],[-118.90057,34.301048]]]}},{"type":"Feature","properties":{"k":"green"},"geometry":{"type":"Polygon","coordinates":[[[-118.896511,34.300776],[-118.896537,34.300819],[-118.896559,34.300836],[-118.896619,34.300846],[-118.896674,34.300839],[-118.896708,34.30082],[-118.896734,34.300785],[-118.896738,34.30075],[-118.896717,34.300693],[-118.896687,34.300662],[-118.896657,34.300649],[-118.896619,34.300645],[-118.896571,34.300655],[-118.896535,34.300677],[-118.896508,34.300707],[-118.896502,34.300743],[-118.896511,34.300776]]]}},{"type":"Feature","properties":{"k":"fairway"},"geometry":{"type":"Polygon","coordinates":[[[-118.89782,34.299888],[-118.897878,34.299971],[-118.897899,34.299978],[-118.897946,34.299975],[-118.898083,34.29993],[-118.898161,34.299916],[-118.89825,34.299922],[-118.898411,34.29996],[-118.898523,34.299959],[-118.898668,34.299941],[-118.898864,34.299967],[-118.899012,34.299957],[-118.899105,34.299924],[-118.899277,34.2998],[-118.899334,34.299778],[-118.899411,34.299771],[-118.899641,34.299799],[-118.900084,34.299705],[-118.90013,34.299671],[-118.900148,34.29962],[-118.900144,34.299567],[-118.90011,34.299426],[-118.900058,34.29935],[-118.899986,34.299321],[-118.899927,34.299318],[-118.89977,34.299359],[-118.899607,34.29946],[-118.899541,34.299482],[-118.899227,34.299509],[-118.899084,34.299531],[-118.898992,34.299524],[-118.898868,34.299486],[-118.898823,34.299481],[-118.898596,34.299558],[-118.898533,34.299563],[-118.898441,34.299543],[-118.898287,34.299482],[-118.898205,34.299478],[-118.898142,34.299489],[-118.898112,34.299498],[-118.898001,34.299571],[-118.897848,34.299651],[-118.897817,34.299678],[-118.89779,34.299751],[-118.89782,34.299888]]]}},{"type":"Feature","properties":{"k":"green"},"geometry":{"type":"Polygon","coordinates":[[[-118.901269,34.299434],[-118.901245,34.299424],[-118.901209,34.299429],[-118.901165,34.299449],[-118.901132,34.299473],[-118.901084,34.299574],[-118.90101,34.299673],[-118.901004,34.29972],[-118.901025,34.299747],[-118.901051,34.29975],[-118.901081,34.299742],[-118.901123,34.299706],[-118.901181,34.299594],[-118.901278,34.299487],[-118.90128,34.299455],[-118.901269,34.299434]]]}},{"type":"Feature","properties":{"k":"bunker"},"geometry":{"type":"Polygon","coordinates":[[[-118.900882,34.299751],[-118.900908,34.299734],[-118.900914,34.299676],[-118.900886,34.299659],[-118.900836,34.299664],[-118.90078,34.299689],[-118.900762,34.299707],[-118.900764,34.299746],[-118.900788,34.299766],[-118.900819,34.299768],[-118.900832,34.299751],[-118.900845,34.299745],[-118.900882,34.299751]]]}},{"type":"Feature","properties":{"k":"green"},"geometry":{"type":"Polygon","coordinates":[[[-118.903277,34.299001],[-118.903307,34.299013],[-118.903339,34.299013],[-118.903384,34.298999],[-118.903421,34.298975],[-118.90346,34.298929],[-118.903486,34.298883],[-118.903486,34.298857],[-118.903462,34.298826],[-118.903427,34.298814],[-118.903388,34.29882],[-118.903334,34.298848],[-118.903278,34.298896],[-118.903252,34.298926],[-118.903247,34.298958],[-118.903256,34.298985],[-118.903277,34.299001]]]}},{"type":"Feature","properties":{"k":"bunker"},"geometry":{"type":"Polygon","coordinates":[[[-118.903307,34.299132],[-118.903323,34.299143],[-118.903358,34.299149],[-118.903454,34.299128],[-118.903491,34.299113],[-118.903527,34.299082],[-118.903586,34.299063],[-118.903628,34.29904],[-118.903653,34.299011],[-118.903664,34.298982],[-118.903654,34.298946],[-118.903629,34.29891],[-118.903594,34.29889],[-118.903565,34.298898],[-118.903546,34.298929],[-118.903548,34.298944],[-118.903581,34.298975],[-118.90357,34.298995],[-118.903471,34.299018],[-118.903453,34.299038],[-118.90344,34.299075],[-118.903425,34.299084],[-118.903404,34.299089],[-118.903362,34.299075],[-118.903326,34.299084],[-118.903304,34.299112],[-118.903307,34.299132]]]}},{"type":"Feature","properties":{"k":"bunker"},"geometry":{"type":"Polygon","coordinates":[[[-118.904982,34.297733],[-118.905001,34.297743],[-118.905026,34.297745],[-118.905112,34.297722],[-118.905196,34.297716],[-118.905206,34.297705],[-118.905269,34.29768],[-118.905279,34.297659],[-118.905276,34.297641],[-118.905259,34.297622],[-118.905236,34.297619],[-118.905156,34.297656],[-118.905114,34.297664],[-118.905077,34.297682],[-118.90503,34.29768],[-118.905004,34.297686],[-118.904979,34.297704],[-118.904976,34.297723],[-118.904982,34.297733]]]}},{"type":"Feature","properties":{"k":"green"},"geometry":{"type":"Polygon","coordinates":[[[-118.908709,34.297524],[-118.908661,34.297528],[-118.908632,34.297557],[-118.908643,34.297604],[-118.908668,34.297639],[-118.908709,34.297668],[-118.908778,34.2977],[-118.908826,34.297706],[-118.908845,34.297701],[-118.908888,34.297663],[-118.90889,34.297641],[-118.908881,34.297616],[-118.908848,34.29759],[-118.908709,34.297524]]]}},{"type":"Feature","properties":{"k":"bunker"},"geometry":{"type":"Polygon","coordinates":[[[-118.908508,34.297797],[-118.908546,34.297781],[-118.908555,34.297752],[-118.908568,34.297742],[-118.908592,34.297742],[-118.90862,34.297759],[-118.908646,34.297758],[-118.908677,34.297728],[-118.908676,34.297714],[-118.908652,34.297701],[-118.908581,34.297688],[-118.908578,34.297642],[-118.908543,34.297611],[-118.908497,34.297619],[-118.908476,34.297646],[-118.908478,34.297661],[-118.908501,34.29769],[-118.908471,34.297729],[-118.908465,34.297765],[-118.908476,34.297789],[-118.908508,34.297797]]]}},{"type":"Feature","properties":{"k":"green"},"geometry":{"type":"Polygon","coordinates":[[[-118.911209,34.297405],[-118.911179,34.297349],[-118.911121,34.297295],[-118.911067,34.297277],[-118.91104,34.297276],[-118.911,34.297286],[-118.910972,34.297304],[-118.910967,34.297334],[-118.910976,34.297367],[-118.911019,34.297404],[-118.911119,34.297458],[-118.911169,34.297473],[-118.911192,34.297468],[-118.911212,34.297435],[-118.911209,34.297405]]]}},{"type":"Feature","properties":{"k":"bunker"},"geometry":{"type":"Polygon","coordinates":[[[-118.910756,34.297466],[-118.910803,34.297458],[-118.91081,34.297427],[-118.910785,34.297399],[-118.910735,34.297388],[-118.910712,34.297392],[-118.910662,34.29742],[-118.910618,34.29741],[-118.910575,34.297421],[-118.91055,34.297447],[-118.910544,34.29747],[-118.910551,34.297494],[-118.910567,34.297504],[-118.910604,34.297505],[-118.910663,34.297475],[-118.910699,34.297504],[-118.910715,34.297507],[-118.91075,34.297498],[-118.910756,34.297466]]]}},{"type":"Feature","properties":{"k":"bunker"},"geometry":{"type":"Polygon","coordinates":[[[-118.911026,34.297547],[-118.911045,34.297562],[-118.911083,34.297557],[-118.911098,34.297539],[-118.911101,34.297518],[-118.91109,34.2975],[-118.911026,34.29745],[-118.910993,34.297443],[-118.910959,34.297451],[-118.910939,34.297478],[-118.910951,34.297507],[-118.910974,34.297521],[-118.911018,34.297523],[-118.911026,34.297547]]]}},{"type":"Feature","properties":{"k":"bunker"},"geometry":{"type":"Polygon","coordinates":[[[-118.911248,34.297317],[-118.911265,34.297288],[-118.911228,34.297238],[-118.911233,34.297201],[-118.911221,34.297176],[-118.911188,34.297162],[-118.911147,34.297173],[-118.911119,34.297171],[-118.91108,34.297143],[-118.911059,34.297146],[-118.911036,34.297161],[-118.911016,34.297198],[-118.911023,34.297225],[-118.911041,34.297234],[-118.911092,34.297235],[-118.911118,34.297253],[-118.911145,34.297262],[-118.911185,34.297307],[-118.911205,34.297319],[-118.911227,34.297323],[-118.911248,34.297317]]]}},{"type":"Feature","properties":{"k":"bunker"},"geometry":{"type":"Polygon","coordinates":[[[-118.907496,34.299565],[-118.907533,34.299558],[-118.907566,34.299524],[-118.907604,34.299511],[-118.907656,34.299527],[-118.907683,34.299525],[-118.907703,34.299504],[-118.907694,34.299464],[-118.907673,34.299446],[-118.907647,34.299437],[-118.907541,34.299446],[-118.907483,34.299486],[-118.907466,34.299517],[-118.907462,34.29955],[-118.907472,34.299561],[-118.907496,34.299565]]]}},{"type":"Feature","properties":{"k":"bunker"},"geometry":{"type":"Polygon","coordinates":[[[-118.906386,34.300733],[-118.906401,34.30077],[-118.906431,34.300778],[-118.906454,34.300769],[-118.906469,34.300746],[-118.906437,34.30069],[-118.9064,34.300675],[-118.906374,34.300688],[-118.906365,34.300704],[-118.906366,34.300717],[-118.906386,34.300733]]]}},{"type":"Feature","properties":{"k":"green"},"geometry":{"type":"Polygon","coordinates":[[[-118.906202,34.300897],[-118.906209,34.300846],[-118.906183,34.300808],[-118.906129,34.300786],[-118.906093,34.300789],[-118.906064,34.300802],[-118.905984,34.3009],[-118.90597,34.300935],[-118.905973,34.300964],[-118.906008,34.300993],[-118.906047,34.300997],[-118.906087,34.300988],[-118.906165,34.300949],[-118.906202,34.300897]]]}},{"type":"Feature","properties":{"k":"fairway"},"geometry":{"type":"Polygon","coordinates":[[[-118.905321,34.302625],[-118.905256,34.302581],[-118.905209,34.302581],[-118.905189,34.302591],[-118.905093,34.302681],[-118.904997,34.302753],[-118.904935,34.302864],[-118.904808,34.303014],[-118.904741,34.303136],[-118.904706,34.30317],[-118.904591,34.303241],[-118.904533,34.303303],[-118.904487,34.303394],[-118.904475,34.303448],[-118.904489,34.303516],[-118.904519,34.303546],[-118.90456,34.303556],[-118.904578,34.30355],[-118.904799,34.303414],[-118.904904,34.303271],[-118.905034,34.303243],[-118.905073,34.303219],[-118.905088,34.303189],[-118.905084,34.303088],[-118.90509,34.303067],[-118.905147,34.303022],[-118.905203,34.302989],[-118.905227,34.302965],[-118.905277,34.302872],[-118.905341,34.302688],[-118.905338,34.302654],[-118.905321,34.302625]]]}},{"type":"Feature","properties":{"k":"bunker"},"geometry":{"type":"Polygon","coordinates":[[[-118.9052,34.303126],[-118.905225,34.303112],[-118.905224,34.303082],[-118.905203,34.303061],[-118.905166,34.303061],[-118.905145,34.303081],[-118.905139,34.303114],[-118.905155,34.303124],[-118.9052,34.303126]]]}},{"type":"Feature","properties":{"k":"bunker"},"geometry":{"type":"Polygon","coordinates":[[[-118.905072,34.30337],[-118.905085,34.303345],[-118.905119,34.303326],[-118.905132,34.303307],[-118.905124,34.303288],[-118.905095,34.303274],[-118.905042,34.303288],[-118.905003,34.30328],[-118.904981,34.303284],[-118.904928,34.303319],[-118.904896,34.303367],[-118.904909,34.303398],[-118.904943,34.303412],[-118.904967,34.303404],[-118.904977,34.303355],[-118.904997,34.303344],[-118.90505,34.303373],[-118.905072,34.30337]]]}},{"type":"Feature","properties":{"k":"bunker"},"geometry":{"type":"Polygon","coordinates":[[[-118.904755,34.303521],[-118.904785,34.303499],[-118.90483,34.303499],[-118.904842,34.303492],[-118.904854,34.303475],[-118.904847,34.303457],[-118.904808,34.303441],[-118.904774,34.303443],[-118.904745,34.303455],[-118.904725,34.303475],[-118.904723,34.303493],[-118.904742,34.30352],[-118.904755,34.303521]]]}},{"type":"Feature","properties":{"k":"green"},"geometry":{"type":"Polygon","coordinates":[[[-118.903785,34.303494],[-118.903797,34.303659],[-118.903807,34.303675],[-118.903835,34.30369],[-118.903855,34.303695],[-118.903881,34.303689],[-118.903897,34.303675],[-118.9039,34.303647],[-118.903881,34.303494],[-118.903858,34.303443],[-118.903829,34.30343],[-118.903804,34.303437],[-118.903787,34.303462],[-118.903785,34.303494]]]}},{"type":"Feature","properties":{"k":"bunker"},"geometry":{"type":"Polygon","coordinates":[[[-118.903938,34.303447],[-118.903957,34.303445],[-118.903976,34.303433],[-118.903992,34.303419],[-118.904003,34.303389],[-118.904042,34.303368],[-118.904037,34.30332],[-118.904012,34.303312],[-118.903952,34.303329],[-118.903915,34.303295],[-118.903874,34.30329],[-118.90387,34.303338],[-118.903914,34.30338],[-118.903915,34.303432],[-118.903938,34.303447]]]}},{"type":"Feature","properties":{"k":"green"},"geometry":{"type":"Polygon","coordinates":[[[-118.89975,34.30445],[-118.899703,34.304466],[-118.899633,34.304527],[-118.899608,34.304556],[-118.899596,34.304586],[-118.899613,34.304627],[-118.899653,34.304674],[-118.899693,34.304703],[-118.899725,34.304715],[-118.899766,34.30471],[-118.89981,34.304675],[-118.899848,34.304559],[-118.899843,34.304514],[-118.89983,34.304484],[-118.899789,34.304457],[-118.89975,34.30445]]]}},{"type":"Feature","properties":{"k":"bunker"},"geometry":{"type":"Polygon","coordinates":[[[-118.899586,34.304851],[-118.899611,34.304865],[-118.899646,34.304863],[-118.89967,34.304872],[-118.899685,34.304868],[-118.899711,34.304825],[-118.899705,34.304773],[-118.899679,34.304755],[-118.899636,34.304744],[-118.899592,34.304757],[-118.899565,34.30478],[-118.899559,34.3048],[-118.899571,34.304837],[-118.899586,34.304851]]]}},{"type":"Feature","properties":{"k":"bunker"},"geometry":{"type":"Polygon","coordinates":[[[-118.899559,34.304752],[-118.899573,34.304735],[-118.899581,34.3047],[-118.899573,34.304668],[-118.899524,34.304638],[-118.899481,34.304645],[-118.89946,34.304668],[-118.899453,34.304722],[-118.899459,34.304734],[-118.899488,34.304762],[-118.899518,34.304772],[-118.899559,34.304752]]]}},{"type":"Feature","properties":{"k":"bunker"},"geometry":{"type":"Polygon","coordinates":[[[-118.899484,34.304491],[-118.899568,34.304488],[-118.899639,34.304447],[-118.899651,34.304419],[-118.899641,34.30439],[-118.899646,34.304375],[-118.899666,34.304369],[-118.899697,34.304375],[-118.899735,34.304365],[-118.899754,34.304342],[-118.899762,34.304304],[-118.899738,34.304273],[-118.899685,34.304254],[-118.899621,34.304265],[-118.899594,34.304249],[-118.899569,34.304246],[-118.899547,34.304257],[-118.899535,34.304289],[-118.899555,34.304346],[-118.899468,34.304445],[-118.899465,34.304471],[-118.899484,34.304491]]]}},{"type":"Feature","properties":{"k":"bunker"},"geometry":{"type":"Polygon","coordinates":[[[-118.896506,34.306802],[-118.896531,34.306795],[-118.896605,34.306733],[-118.896607,34.306706],[-118.896589,34.306683],[-118.89655,34.306681],[-118.896521,34.306712],[-118.896483,34.306711],[-118.896456,34.306728],[-118.89645,34.306747],[-118.896456,34.306763],[-118.896478,34.306793],[-118.896506,34.306802]]]}},{"type":"Feature","properties":{"k":"bunker"},"geometry":{"type":"Polygon","coordinates":[[[-118.896009,34.306736],[-118.896038,34.306727],[-118.896061,34.306669],[-118.896099,34.306661],[-118.89612,34.306643],[-118.896128,34.306611],[-118.896108,34.30657],[-118.896072,34.306569],[-118.89603,34.306616],[-118.895966,34.306615],[-118.895921,34.306651],[-118.89592,34.306668],[-118.895933,34.306687],[-118.895984,34.306731],[-118.896009,34.306736]]]}},{"type":"Feature","properties":{"k":"green"},"geometry":{"type":"Polygon","coordinates":[[[-118.895892,34.306865],[-118.895857,34.306855],[-118.8958,34.306865],[-118.895747,34.306888],[-118.895706,34.306926],[-118.89569,34.306963],[-118.895691,34.306988],[-118.895707,34.30701],[-118.895753,34.307043],[-118.895802,34.307053],[-118.895854,34.307048],[-118.89592,34.306983],[-118.895932,34.306959],[-118.895932,34.306914],[-118.895912,34.306877],[-118.895892,34.306865]]]}},{"type":"Feature","properties":{"k":"green"},"geometry":{"type":"Polygon","coordinates":[[[-118.897675,34.307524],[-118.897728,34.307509],[-118.897755,34.307494],[-118.897785,34.307462],[-118.89779,34.307428],[-118.897779,34.307406],[-118.897722,34.307376],[-118.897671,34.307371],[-118.897491,34.307413],[-118.897449,34.307429],[-118.897435,34.307455],[-118.897437,34.307492],[-118.897451,34.307512],[-118.897505,34.30755],[-118.897675,34.307524]]]}},{"type":"Feature","properties":{"k":"fairway"},"geometry":{"type":"Polygon","coordinates":[[[-118.898839,34.307619],[-118.898903,34.307647],[-118.898979,34.307652],[-118.899164,34.307696],[-118.899236,34.307696],[-118.899295,34.307676],[-118.899479,34.307514],[-118.899823,34.307326],[-118.90014,34.307108],[-118.900333,34.306998],[-118.900375,34.306958],[-118.900393,34.30693],[-118.900387,34.306866],[-118.900371,34.306831],[-118.900334,34.306805],[-118.90007,34.30672],[-118.900015,34.306711],[-118.899894,34.306735],[-118.89975,34.306798],[-118.89969,34.306846],[-118.899578,34.30697],[-118.899498,34.307085],[-118.899356,34.307227],[-118.899299,34.307266],[-118.898918,34.307459],[-118.898848,34.307504],[-118.898829,34.307522],[-118.89882,34.307549],[-118.898818,34.307581],[-118.898839,34.307619]]]}},{"type":"Feature","properties":{"k":"green"},"geometry":{"type":"Polygon","coordinates":[[[-118.900627,34.306098],[-118.900652,34.306127],[-118.900708,34.306137],[-118.900873,34.306075],[-118.900902,34.306057],[-118.900919,34.30603],[-118.900923,34.306007],[-118.900913,34.305976],[-118.90088,34.305952],[-118.900839,34.305944],[-118.900798,34.305945],[-118.900759,34.305957],[-118.900656,34.306008],[-118.900636,34.306025],[-118.900621,34.306069],[-118.900627,34.306098]]]}},{"type":"Feature","properties":{"k":"fairway"},"geometry":{"type":"Polygon","coordinates":[[[-118.902805,34.306429],[-118.902732,34.306484],[-118.902625,34.30653],[-118.902603,34.30655],[-118.902589,34.306588],[-118.902609,34.306638],[-118.902659,34.30668],[-118.902809,34.306756],[-118.902879,34.306815],[-118.902954,34.306901],[-118.903084,34.307121],[-118.903157,34.307198],[-118.903214,34.307236],[-118.903278,34.307261],[-118.903369,34.307266],[-118.903411,34.307259],[-118.903437,34.307247],[-118.903474,34.307203],[-118.903472,34.30715],[-118.90346,34.307126],[-118.903306,34.306953],[-118.903246,34.30686],[-118.903198,34.306664],[-118.903175,34.306471],[-118.903155,34.306431],[-118.903132,34.306404],[-118.903081,34.306374],[-118.902994,34.306355],[-118.902933,34.306363],[-118.902882,34.306379],[-118.902805,34.306429]]]}},{"type":"Feature","properties":{"k":"fairway"},"geometry":{"type":"Polygon","coordinates":[[[-118.904114,34.307202],[-118.904136,34.307157],[-118.904117,34.307101],[-118.903959,34.306991],[-118.903892,34.306923],[-118.903858,34.306912],[-118.903835,34.306915],[-118.903777,34.306931],[-118.903755,34.306944],[-118.903739,34.306989],[-118.903744,34.307023],[-118.903792,34.307108],[-118.903865,34.307173],[-118.903936,34.307215],[-118.904004,34.307231],[-118.904063,34.307229],[-118.904114,34.307202]]]}},{"type":"Feature","properties":{"k":"green"},"geometry":{"type":"Polygon","coordinates":[[[-118.904675,34.307319],[-118.904613,34.307323],[-118.904572,34.307341],[-118.904547,34.307378],[-118.904545,34.307413],[-118.904559,34.307442],[-118.904587,34.307471],[-118.904666,34.307527],[-118.904702,34.307532],[-118.904735,34.30752],[-118.904748,34.307497],[-118.904737,34.307377],[-118.90472,34.307341],[-118.904675,34.307319]]]}},{"type":"Feature","properties":{"k":"bunker"},"geometry":{"type":"Polygon","coordinates":[[[-118.904111,34.305011],[-118.904139,34.304994],[-118.90414,34.304958],[-118.904092,34.304943],[-118.904109,34.304914],[-118.904098,34.304894],[-118.904082,34.304885],[-118.904048,34.304886],[-118.904026,34.304898],[-118.904011,34.304926],[-118.904026,34.304973],[-118.904066,34.305005],[-118.904111,34.305011]]]}},{"type":"Feature","properties":{"k":"bunker"},"geometry":{"type":"Polygon","coordinates":[[[-118.904458,34.304583],[-118.904472,34.304557],[-118.90446,34.304529],[-118.90441,34.304497],[-118.904378,34.3045],[-118.904361,34.30451],[-118.904352,34.304529],[-118.904353,34.30455],[-118.904379,34.304587],[-118.904424,34.304598],[-118.904458,34.304583]]]}},{"type":"Feature","properties":{"k":"green"},"geometry":{"type":"Polygon","coordinates":[[[-118.904344,34.304418],[-118.904347,34.304386],[-118.904313,34.304361],[-118.904265,34.30435],[-118.904237,34.304352],[-118.904203,34.304367],[-118.90419,34.304379],[-118.904125,34.304508],[-118.904123,34.304529],[-118.904138,34.304564],[-118.904185,34.304584],[-118.904235,34.304578],[-118.904266,34.304561],[-118.904344,34.304418]]]}},{"type":"Feature","properties":{"k":"bunker"},"geometry":{"type":"Polygon","coordinates":[[[-118.904458,34.301877],[-118.904483,34.301857],[-118.904486,34.301836],[-118.904467,34.301812],[-118.904433,34.301808],[-118.904408,34.301826],[-118.904409,34.301857],[-118.90443,34.301879],[-118.904458,34.301877]]]}},{"type":"Feature","properties":{"k":"bunker"},"geometry":{"type":"Polygon","coordinates":[[[-118.904569,34.301777],[-118.904592,34.301771],[-118.904599,34.301762],[-118.904601,34.301731],[-118.904576,34.301709],[-118.904561,34.301706],[-118.904544,34.30171],[-118.904511,34.301742],[-118.904508,34.301765],[-118.904528,34.301786],[-118.904543,34.301787],[-118.904569,34.301777]]]}},{"type":"Feature","properties":{"k":"green"},"geometry":{"type":"Polygon","coordinates":[[[-118.904257,34.301747],[-118.904285,34.301774],[-118.904324,34.301785],[-118.904359,34.30178],[-118.904408,34.301755],[-118.904427,34.301741],[-118.904443,34.301706],[-118.904499,34.301641],[-118.904511,34.301598],[-118.904488,34.301583],[-118.904452,34.301577],[-118.904335,34.301597],[-118.90427,34.301624],[-118.904247,34.301643],[-118.904235,34.301666],[-118.904235,34.3017],[-118.904257,34.301747]]]}},{"type":"Feature","properties":{"k":"green"},"geometry":{"type":"Polygon","coordinates":[[[-118.907658,34.298368],[-118.907623,34.298351],[-118.907582,34.298354],[-118.907423,34.298429],[-118.907405,34.298441],[-118.907395,34.298467],[-118.907406,34.298511],[-118.907435,34.298532],[-118.907473,34.298542],[-118.907528,34.298533],[-118.90758,34.298509],[-118.907612,34.298489],[-118.907652,34.298444],[-118.907664,34.298414],[-118.907658,34.298368]]]}},{"type":"Feature","properties":{"k":"bunker"},"geometry":{"type":"Polygon","coordinates":[[[-118.903833,34.300598],[-118.90387,34.300577],[-118.903891,34.300534],[-118.90394,34.300468],[-118.903941,34.300438],[-118.903931,34.300413],[-118.903908,34.300388],[-118.903889,34.300382],[-118.903853,34.300388],[-118.903835,34.300414],[-118.903846,34.300429],[-118.903882,34.300439],[-118.903883,34.30045],[-118.903829,34.300462],[-118.903825,34.300479],[-118.903842,34.300505],[-118.903806,34.30052],[-118.903792,34.300534],[-118.903803,34.30059],[-118.903833,34.300598]]]}},{"type":"Feature","properties":{"k":"bunker"},"geometry":{"type":"Polygon","coordinates":[[[-118.904254,34.300777],[-118.9043,34.300759],[-118.904325,34.300714],[-118.904367,34.300687],[-118.904417,34.300603],[-118.90442,34.300582],[-118.904407,34.300546],[-118.904435,34.300522],[-118.904441,34.300503],[-118.904438,34.300433],[-118.904413,34.300408],[-118.904365,34.300411],[-118.904335,34.300431],[-118.904326,34.300469],[-118.90435,34.300502],[-118.904347,34.300531],[-118.904331,34.300552],[-118.904296,34.300571],[-118.904275,34.300592],[-118.904281,34.300659],[-118.904268,34.300669],[-118.90423,34.300673],[-118.904205,34.300698],[-118.904209,34.300755],[-118.904222,34.300767],[-118.904254,34.300777]]]}},{"type":"Feature","properties":{"k":"green"},"geometry":{"type":"Polygon","coordinates":[[[-118.9039,34.300733],[-118.903831,34.300765],[-118.903776,34.300807],[-118.903761,34.300845],[-118.903778,34.300879],[-118.903814,34.300891],[-118.903906,34.300882],[-118.903952,34.300862],[-118.904025,34.300815],[-118.904031,34.300783],[-118.904021,34.300761],[-118.904001,34.300742],[-118.903949,34.300726],[-118.9039,34.300733]]]}},{"type":"Feature","properties":{"k":"bunker"},"geometry":{"type":"Polygon","coordinates":[[[-118.90412,34.300989],[-118.904146,34.301],[-118.904177,34.301001],[-118.904211,34.300981],[-118.904219,34.30096],[-118.904212,34.300911],[-118.904237,34.300889],[-118.90425,34.300857],[-118.904247,34.300839],[-118.904229,34.300822],[-118.904171,34.300831],[-118.904118,34.300818],[-118.904092,34.300836],[-118.904085,34.300858],[-118.904091,34.300874],[-118.904139,34.300895],[-118.904146,34.300905],[-118.904142,34.300922],[-118.904103,34.300955],[-118.904105,34.300971],[-118.90412,34.300989]]]}},{"type":"Feature","properties":{"k":"bunker"},"geometry":{"type":"Polygon","coordinates":[[[-118.904047,34.301001],[-118.903983,34.300992],[-118.90395,34.30094],[-118.903919,34.300922],[-118.903874,34.300924],[-118.903841,34.300952],[-118.903841,34.300974],[-118.903861,34.301003],[-118.903951,34.301028],[-118.903981,34.301071],[-118.904002,34.30108],[-118.904038,34.301081],[-118.904059,34.301063],[-118.904065,34.301037],[-118.904047,34.301001]]]}},{"type":"Feature","properties":{"k":"bunker"},"geometry":{"type":"Polygon","coordinates":[[[-118.900994,34.302098],[-118.900961,34.302081],[-118.900917,34.302082],[-118.90089,34.302098],[-118.900876,34.302126],[-118.900842,34.302126],[-118.900819,34.302135],[-118.900806,34.302147],[-118.900803,34.30217],[-118.900824,34.302198],[-118.900812,34.302205],[-118.900763,34.302204],[-118.900718,34.302231],[-118.900701,34.302255],[-118.900699,34.302271],[-118.900723,34.302319],[-118.900745,34.302331],[-118.900771,34.302328],[-118.900788,34.302312],[-118.900798,34.302285],[-118.900847,34.302285],[-118.900877,34.302271],[-118.900903,34.302236],[-118.900891,34.302195],[-118.900895,34.302182],[-118.900916,34.30217],[-118.900961,34.302173],[-118.900983,34.302161],[-118.901004,34.302132],[-118.900994,34.302098]]]}},{"type":"Feature","properties":{"k":"bunker"},"geometry":{"type":"Polygon","coordinates":[[[-118.900595,34.302438],[-118.900631,34.302439],[-118.900677,34.302392],[-118.900675,34.302371],[-118.900642,34.302347],[-118.900613,34.302346],[-118.9006,34.302353],[-118.900569,34.30239],[-118.900569,34.302417],[-118.900595,34.302438]]]}},{"type":"Feature","properties":{"k":"bunker"},"geometry":{"type":"Polygon","coordinates":[[[-118.899839,34.303619],[-118.899849,34.303665],[-118.899871,34.303681],[-118.899897,34.303681],[-118.899937,34.303671],[-118.899947,34.303647],[-118.899941,34.303625],[-118.899902,34.303596],[-118.89994,34.303579],[-118.899937,34.303547],[-118.899914,34.303532],[-118.899887,34.30353],[-118.899858,34.303543],[-118.899788,34.303558],[-118.899779,34.303584],[-118.899784,34.303596],[-118.899801,34.303609],[-118.899839,34.303619]]]}},{"type":"Feature","properties":{"k":"bunker"},"geometry":{"type":"Polygon","coordinates":[[[-118.899706,34.303795],[-118.899738,34.3038],[-118.899763,34.303791],[-118.899781,34.303774],[-118.899787,34.303754],[-118.899749,34.303683],[-118.899709,34.303661],[-118.899677,34.303661],[-118.899642,34.303676],[-118.89962,34.303708],[-118.899616,34.30374],[-118.899635,34.303766],[-118.899596,34.303792],[-118.899591,34.303829],[-118.899617,34.303851],[-118.899658,34.30385],[-118.899693,34.303829],[-118.899706,34.303795]]]}},{"type":"Feature","properties":{"k":"green"},"geometry":{"type":"Polygon","coordinates":[[[-118.899701,34.303884],[-118.899681,34.303917],[-118.899685,34.303954],[-118.899697,34.303971],[-118.899759,34.303989],[-118.899807,34.303988],[-118.899854,34.303971],[-118.899902,34.303932],[-118.899937,34.303875],[-118.899936,34.30382],[-118.899903,34.303791],[-118.899866,34.303788],[-118.899811,34.303808],[-118.899701,34.303884]]]}},{"type":"Feature","properties":{"k":"rough"},"geometry":{"type":"Polygon","coordinates":[[[-118.8988,34.304151],[-118.898853,34.304221],[-118.898897,34.304243],[-118.898927,34.304243],[-118.898997,34.30422],[-118.89915,34.304116],[-118.899177,34.304077],[-118.899184,34.303933],[-118.899167,34.303861],[-118.899148,34.30384],[-118.899121,34.303828],[-118.899086,34.303829],[-118.898952,34.303873],[-118.898928,34.303899],[-118.898888,34.303906],[-118.898783,34.303848],[-118.898733,34.303833],[-118.898685,34.303832],[-118.898602,34.303857],[-118.898546,34.303895],[-118.898491,34.303955],[-118.898485,34.304008],[-118.898498,34.30404],[-118.898534,34.304057],[-118.898624,34.304062],[-118.89872,34.304084],[-118.8988,34.304151]]]}},{"type":"Feature","properties":{"k":"rough"},"geometry":{"type":"Polygon","coordinates":[[[-118.896131,34.304664],[-118.896248,34.304662],[-118.896316,34.304634],[-118.896367,34.304598],[-118.896378,34.304566],[-118.896412,34.304543],[-118.896465,34.304556],[-118.896522,34.304561],[-118.896575,34.304536],[-118.896608,34.304484],[-118.896635,34.304395],[-118.896722,34.304348],[-118.896741,34.304347],[-118.896756,34.304405],[-118.896893,34.304536],[-118.896929,34.304546],[-118.897004,34.304531],[-118.897115,34.304428],[-118.897067,34.304338],[-118.897066,34.304278],[-118.897134,34.304284],[-118.897199,34.304264],[-118.897237,34.304236],[-118.897289,34.30424],[-118.897331,34.304203],[-118.897379,34.304187],[-118.897415,34.304159],[-118.897458,34.304154],[-118.897512,34.304118],[-118.897555,34.304118],[-118.897572,34.304094],[-118.897627,34.304089],[-118.897693,34.304041],[-118.897749,34.304038],[-118.897768,34.304017],[-118.897755,34.303955],[-118.897731,34.303906],[-118.897666,34.30384],[-118.897661,34.303703],[-118.897591,34.30355],[-118.89757,34.303439],[-118.89742,34.303342],[-118.897339,34.303201],[-118.897316,34.303126],[-118.897293,34.303003],[-118.897249,34.302672],[-118.897154,34.302517],[-118.89707,34.302455],[-118.896817,34.301977],[-118.896697,34.301793],[-118.896593,34.301705],[-118.896485,34.301632],[-118.896242,34.301518],[-118.896108,34.301436],[-118.895963,34.301388],[-118.895842,34.301319],[-118.895713,34.301153],[-118.895697,34.301096],[-118.895665,34.301049],[-118.895596,34.301011],[-118.895501,34.300975],[-118.895347,34.300872],[-118.895193,34.300795],[-118.894982,34.300618],[-118.894869,34.300492],[-118.894828,34.300463],[-118.894632,34.300413],[-118.894538,34.300374],[-118.894437,34.300347],[-118.894328,34.300299],[-118.894253,34.300287],[-118.894181,34.300315],[-118.894149,34.300365],[-118.894195,34.300419],[-118.894336,34.300466],[-118.894423,34.300463],[-118.894539,34.30057],[-118.894632,34.300598],[-118.894712,34.300683],[-118.894742,34.300707],[-118.894765,34.300711],[-118.894873,34.300804],[-118.894895,34.300853],[-118.894973,34.300921],[-118.894988,34.300966],[-118.895041,34.300975],[-118.895062,34.300986],[-118.895179,34.301068],[-118.895428,34.301395],[-118.895455,34.301404],[-118.895477,34.301423],[-118.895502,34.301458],[-118.89555,34.301607],[-118.895591,34.301674],[-118.895654,34.301822],[-118.895663,34.301906],[-118.895648,34.30197],[-118.895611,34.302049],[-118.895581,34.302085],[-118.895475,34.302163],[-118.895385,34.302172],[-118.895285,34.302166],[-118.89518,34.302137],[-118.894977,34.302099],[-118.894832,34.302058],[-118.894798,34.302021],[-118.894806,34.30198],[-118.894788,34.301912],[-118.894693,34.301826],[-118.894666,34.30179],[-118.894581,34.301777],[-118.894535,34.301754],[-118.894486,34.301764],[-118.894372,34.301746],[-118.89427,34.301718],[-118.894246,34.301674],[-118.894207,34.301634],[-118.894128,34.30161],[-118.894065,34.301604],[-118.893889,34.301606],[-118.893781,34.301624],[-118.893722,34.301676],[-118.893672,34.301797],[-118.893718,34.301883],[-118.893783,34.301972],[-118.89387,34.302033],[-118.893929,34.302047],[-118.893942,34.30209],[-118.893983,34.30211],[-118.894064,34.302124],[-118.894116,34.302145],[-118.894156,34.302189],[-118.894248,34.30233],[-118.894313,34.302374],[-118.894436,34.302407],[-118.894512,34.302413],[-118.894712,34.302448],[-118.894882,34.302488],[-118.894949,34.30251],[-118.895126,34.302603],[-118.895231,34.302711],[-118.895364,34.303049],[-118.895433,34.303101],[-118.89548,34.303151],[-118.895518,34.303214],[-118.895601,34.303245],[-118.895757,34.303285],[-118.895912,34.303345],[-118.895962,34.303381],[-118.896054,34.303423],[-118.896192,34.303631],[-118.896229,34.303731],[-118.896169,34.303885],[-118.896163,34.303981],[-118.896082,34.304321],[-118.896047,34.30451],[-118.895991,34.304606],[-118.89604,34.304646],[-118.896131,34.304664]]]}},{"type":"Feature","properties":{"k":"rough"},"geometry":{"type":"Polygon","coordinates":[[[-118.893718,34.302383],[-118.893613,34.302369],[-118.893473,34.3026],[-118.893436,34.302732],[-118.893363,34.302817],[-118.893343,34.302871],[-118.893263,34.302977],[-118.89325,34.303016],[-118.893256,34.303061],[-118.893295,34.30321],[-118.89331,34.303322],[-118.893309,34.303426],[-118.893292,34.30354],[-118.89322,34.303753],[-118.892983,34.304011],[-118.892941,34.304084],[-118.892912,34.304271],[-118.892905,34.304567],[-118.892869,34.304786],[-118.892845,34.304859],[-118.892816,34.304902],[-118.892734,34.304964],[-118.892648,34.30499],[-118.892431,34.30502],[-118.89231,34.30505],[-118.89232,34.305076],[-118.892352,34.305112],[-118.892418,34.30516],[-118.892419,34.305214],[-118.892376,34.305262],[-118.892265,34.305301],[-118.892221,34.305322],[-118.892184,34.305357],[-118.892181,34.305392],[-118.892199,34.305414],[-118.892229,34.305434],[-118.892282,34.305453],[-118.892453,34.305497],[-118.892688,34.305528],[-118.892878,34.305545],[-118.892982,34.305539],[-118.893171,34.30549],[-118.893233,34.305445],[-118.893355,34.305323],[-118.893566,34.305031],[-118.893591,34.304986],[-118.893602,34.304936],[-118.893597,34.304875],[-118.893554,34.304712],[-118.893567,34.304386],[-118.893576,34.30427],[-118.893671,34.304039],[-118.89367,34.303978],[-118.893665,34.30391],[-118.893488,34.303687],[-118.89353,34.303612],[-118.893493,34.303524],[-118.893501,34.303464],[-118.893496,34.303417],[-118.893518,34.303359],[-118.893513,34.303229],[-118.893494,34.30318],[-118.893485,34.303122],[-118.893498,34.303043],[-118.893555,34.302899],[-118.893671,34.302679],[-118.89368,34.302633],[-118.893751,34.30255],[-118.893768,34.302495],[-118.893772,34.302438],[-118.89376,34.302398],[-118.893718,34.302383]]]}},{"type":"Feature","properties":{"k":"rough"},"geometry":{"type":"Polygon","coordinates":[[[-118.888805,34.305748],[-118.888911,34.305796],[-118.888968,34.305805],[-118.889039,34.305775],[-118.889082,34.305723],[-118.889133,34.305711],[-118.889222,34.305758],[-118.889288,34.305733],[-118.889351,34.305696],[-118.88941,34.305642],[-118.889519,34.305477],[-118.889613,34.305233],[-118.889672,34.305136],[-118.890125,34.30466],[-118.890114,34.304583],[-118.890043,34.304499],[-118.890062,34.304425],[-118.890055,34.304383],[-118.88998,34.304305],[-118.889978,34.304227],[-118.889955,34.304175],[-118.889892,34.304148],[-118.889752,34.304173],[-118.889621,34.30417],[-118.889504,34.304236],[-118.889353,34.304525],[-118.889257,34.304681],[-118.889202,34.304898],[-118.889217,34.304964],[-118.889274,34.305062],[-118.889311,34.305093],[-118.88933,34.305141],[-118.889327,34.305216],[-118.889242,34.305368],[-118.88921,34.30541],[-118.889163,34.305518],[-118.88911,34.30552],[-118.889086,34.305531],[-118.889085,34.305562],[-118.889048,34.305602],[-118.888977,34.305598],[-118.888928,34.30558],[-118.888885,34.305586],[-118.888834,34.30564],[-118.888803,34.305698],[-118.888805,34.305748]]]}},{"type":"Feature","properties":{"k":"rough"},"geometry":{"type":"Polygon","coordinates":[[[-118.891802,34.303518],[-118.891964,34.303491],[-118.892003,34.303465],[-118.892026,34.303439],[-118.892117,34.303413],[-118.892159,34.303389],[-118.892187,34.303302],[-118.892159,34.30328],[-118.892062,34.303251],[-118.892019,34.303254],[-118.891983,34.303268],[-118.891959,34.303286],[-118.891887,34.303288],[-118.891837,34.303303],[-118.891779,34.303305],[-118.891726,34.303323],[-118.891687,34.303347],[-118.891623,34.30332],[-118.891581,34.303319],[-118.891494,34.303376],[-118.891451,34.303395],[-118.891329,34.303391],[-118.891238,34.303396],[-118.89122,34.303415],[-118.891198,34.303469],[-118.891132,34.303498],[-118.891103,34.303533],[-118.891073,34.30354],[-118.890981,34.303519],[-118.890945,34.303525],[-118.89081,34.303578],[-118.890727,34.303596],[-118.890685,34.303582],[-118.890664,34.303553],[-118.890616,34.303549],[-118.890567,34.303557],[-118.890529,34.303571],[-118.890504,34.303562],[-118.890487,34.303542],[-118.890437,34.303538],[-118.890411,34.303524],[-118.890392,34.303498],[-118.890323,34.303452],[-118.890313,34.303434],[-118.890271,34.303437],[-118.890244,34.303427],[-118.890187,34.303374],[-118.890105,34.303333],[-118.890021,34.3033],[-118.889892,34.303282],[-118.889804,34.303281],[-118.889745,34.303296],[-118.88964,34.303275],[-118.889582,34.303295],[-118.889478,34.303267],[-118.889412,34.303261],[-118.889357,34.303275],[-118.889155,34.303353],[-118.888966,34.303309],[-118.888874,34.303318],[-118.888827,34.303311],[-118.888692,34.30335],[-118.888568,34.303418],[-118.888369,34.303511],[-118.888247,34.303516],[-118.888157,34.303514],[-118.887929,34.303474],[-118.887854,34.303454],[-118.887708,34.303395],[-118.887422,34.303375],[-118.887074,34.303403],[-118.886809,34.303374],[-118.886598,34.303389],[-118.886382,34.303377],[-118.88618,34.303415],[-118.886126,34.303432],[-118.886083,34.303467],[-118.885981,34.303591],[-118.885954,34.303637],[-118.885943,34.303684],[-118.885965,34.303779],[-118.886043,34.303865],[-118.886091,34.303895],[-118.886201,34.303931],[-118.886382,34.303949],[-118.886497,34.303944],[-118.886765,34.303857],[-118.886821,34.303852],[-118.88701,34.303868],[-118.88736,34.303959],[-118.887544,34.304017],[-118.887725,34.304041],[-118.887958,34.304014],[-118.88832,34.303939],[-118.888464,34.303924],[-118.888825,34.304001],[-118.888974,34.304009],[-118.889139,34.303993],[-118.889406,34.303922],[-118.889643,34.303887],[-118.889747,34.303903],[-118.890073,34.303908],[-118.890293,34.303856],[-118.890367,34.303857],[-118.890547,34.303895],[-118.890615,34.303902],[-118.890715,34.303872],[-118.890877,34.303784],[-118.891003,34.303743],[-118.891123,34.303681],[-118.891291,34.303619],[-118.891517,34.303549],[-118.891672,34.303535],[-118.891759,34.303501],[-118.891802,34.303518]]]}},{"type":"Feature","properties":{"k":"rough"},"geometry":{"type":"Polygon","coordinates":[[[-118.886585,34.305764],[-118.886519,34.305685],[-118.886484,34.305663],[-118.886433,34.305664],[-118.886342,34.305695],[-118.886316,34.305717],[-118.886306,34.305743],[-118.886331,34.305797],[-118.886329,34.30582],[-118.886356,34.305839],[-118.886397,34.305849],[-118.886431,34.305848],[-118.886564,34.30579],[-118.886591,34.305776],[-118.886585,34.305764]]]}},{"type":"Feature","properties":{"k":"rough"},"geometry":{"type":"Polygon","coordinates":[[[-118.886157,34.305799],[-118.886123,34.30565],[-118.886078,34.305587],[-118.885976,34.305611],[-118.885894,34.305651],[-118.885878,34.30567],[-118.885861,34.305706],[-118.885919,34.305799],[-118.885991,34.305821],[-118.886157,34.305799]]]}},{"type":"Feature","properties":{"k":"rough"},"geometry":{"type":"Polygon","coordinates":[[[-118.885764,34.305714],[-118.885752,34.30567],[-118.885805,34.305608],[-118.885801,34.30557],[-118.885787,34.305545],[-118.885762,34.305524],[-118.885726,34.305513],[-118.885685,34.305514],[-118.885555,34.305537],[-118.885524,34.305551],[-118.88551,34.305576],[-118.885502,34.305618],[-118.885558,34.305665],[-118.885596,34.305681],[-118.885764,34.305714]]]}},{"type":"Feature","properties":{"k":"rough"},"geometry":{"type":"Polygon","coordinates":[[[-118.885416,34.305507],[-118.885598,34.305449],[-118.885633,34.305423],[-118.885626,34.305393],[-118.885603,34.305327],[-118.885571,34.305289],[-118.885499,34.30523],[-118.885453,34.305153],[-118.885444,34.305117],[-118.885409,34.30508],[-118.885303,34.305058],[-118.885275,34.305037],[-118.88527,34.305023],[-118.885391,34.305015],[-118.885519,34.305136],[-118.885632,34.305301],[-118.885748,34.305343],[-118.88585,34.305324],[-118.885882,34.305295],[-118.885929,34.305225],[-118.885935,34.305127],[-118.885905,34.305116],[-118.885813,34.305047],[-118.885734,34.304962],[-118.885661,34.304925],[-118.885597,34.304839],[-118.885436,34.304655],[-118.885398,34.304533],[-118.885353,34.304479],[-118.885311,34.304448],[-118.885273,34.304351],[-118.885299,34.304309],[-118.885303,34.304252],[-118.88532,34.304195],[-118.885316,34.304136],[-118.88528,34.303993],[-118.885279,34.303938],[-118.885245,34.303878],[-118.885201,34.303743],[-118.885174,34.303703],[-118.885153,34.303635],[-118.885158,34.303571],[-118.885139,34.303531],[-118.885024,34.303517],[-118.884921,34.303486],[-118.88487,34.303461],[-118.88482,34.303461],[-118.884705,34.303389],[-118.884646,34.303368],[-118.884508,34.303237],[-118.884451,34.303216],[-118.884374,34.303211],[-118.884341,34.303182],[-118.884319,34.303114],[-118.884309,34.303045],[-118.884274,34.302987],[-118.884214,34.302927],[-118.884135,34.302872],[-118.884075,34.302844],[-118.88401,34.302846],[-118.883816,34.302972],[-118.883687,34.303074],[-118.883659,34.303125],[-118.883643,34.303178],[-118.883644,34.303268],[-118.883678,34.303331],[-118.883831,34.303424],[-118.88415,34.303639],[-118.884223,34.303713],[-118.884214,34.30379],[-118.884185,34.303894],[-118.884123,34.303967],[-118.884108,34.304039],[-118.884132,34.304112],[-118.88413,34.304155],[-118.884225,34.304264],[-118.884304,34.304328],[-118.88436,34.304412],[-118.884477,34.304524],[-118.884583,34.304587],[-118.88473,34.304647],[-118.884822,34.304736],[-118.88491,34.304864],[-118.884958,34.304951],[-118.885029,34.305045],[-118.885261,34.305314],[-118.885323,34.30541],[-118.885416,34.305507]]]}},{"type":"Feature","properties":{"k":"rough"},"geometry":{"type":"Polygon","coordinates":[[[-118.885192,34.303202],[-118.885323,34.303208],[-118.885553,34.3032],[-118.885717,34.303167],[-118.885805,34.303111],[-118.885838,34.303045],[-118.88584,34.303014],[-118.885812,34.302977],[-118.88576,34.302955],[-118.885745,34.302955],[-118.885666,34.303003],[-118.885606,34.303021],[-118.885476,34.303043],[-118.885345,34.303039],[-118.885057,34.303005],[-118.884925,34.303008],[-118.884922,34.303028],[-118.884932,34.303072],[-118.884957,34.303108],[-118.884998,34.303141],[-118.885055,34.303164],[-118.885192,34.303202]]]}},{"type":"Feature","properties":{"k":"rough"},"geometry":{"type":"Polygon","coordinates":[[[-118.886317,34.303153],[-118.886553,34.303209],[-118.886688,34.303229],[-118.886992,34.303262],[-118.887109,34.303261],[-118.887343,34.30325],[-118.887401,34.303256],[-118.887477,34.303232],[-118.88756,34.303188],[-118.887753,34.303223],[-118.887884,34.303177],[-118.88797,34.303157],[-118.888076,34.303143],[-118.888115,34.303107],[-118.888126,34.303074],[-118.88815,34.303054],[-118.888187,34.303083],[-118.88827,34.303121],[-118.88833,34.303138],[-118.888412,34.303131],[-118.888503,34.303027],[-118.888537,34.302967],[-118.888551,34.302919],[-118.888611,34.3028],[-118.888609,34.302713],[-118.888563,34.302629],[-118.888503,34.302573],[-118.888437,34.302541],[-118.888338,34.302524],[-118.888293,34.302504],[-118.888229,34.302495],[-118.888084,34.302546],[-118.888031,34.30259],[-118.887921,34.302621],[-118.887799,34.302622],[-118.88714,34.302686],[-118.886911,34.302728],[-118.886841,34.302734],[-118.886699,34.302775],[-118.88638,34.302775],[-118.886337,34.302803],[-118.886295,34.302865],[-118.886252,34.303014],[-118.886249,34.303066],[-118.886268,34.303111],[-118.886317,34.303153]]]}},{"type":"Feature","properties":{"k":"rough"},"geometry":{"type":"Polygon","coordinates":[[[-118.888372,34.302355],[-118.888486,34.302355],[-118.888626,34.302379],[-118.888724,34.302423],[-118.888806,34.302479],[-118.888861,34.302543],[-118.88888,34.302582],[-118.888917,34.302563],[-118.888942,34.302514],[-118.888935,34.302478],[-118.888909,34.302427],[-118.888843,34.302388],[-118.888751,34.302372],[-118.888681,34.30225],[-118.888692,34.302201],[-118.888684,34.302159],[-118.88866,34.302123],[-118.888576,34.302119],[-118.888446,34.302141],[-118.888353,34.302165],[-118.888373,34.302311],[-118.888372,34.302355]]]}},{"type":"Feature","properties":{"k":"rough"},"geometry":{"type":"Polygon","coordinates":[[[-118.889471,34.302705],[-118.889653,34.302673],[-118.88981,34.302596],[-118.889926,34.302562],[-118.890115,34.302486],[-118.89022,34.302454],[-118.890293,34.302449],[-118.89049,34.302488],[-118.890576,34.302497],[-118.890621,34.302497],[-118.890668,34.302479],[-118.890756,34.302473],[-118.890819,34.302449],[-118.890895,34.302445],[-118.891067,34.30246],[-118.89116,34.302459],[-118.891181,34.302465],[-118.891231,34.302458],[-118.891286,34.302483],[-118.891339,34.302491],[-118.891429,34.302479],[-118.891579,34.302407],[-118.891705,34.302327],[-118.891734,34.302299],[-118.891799,34.302271],[-118.891804,34.302237],[-118.891822,34.302223],[-118.891847,34.302218],[-118.891884,34.302179],[-118.891953,34.302066],[-118.892106,34.301895],[-118.89222,34.301832],[-118.892311,34.301792],[-118.892476,34.30167],[-118.892509,34.301622],[-118.892531,34.301554],[-118.892557,34.301408],[-118.89254,34.301377],[-118.892469,34.301283],[-118.892417,34.301228],[-118.892364,34.301148],[-118.892352,34.301166],[-118.892334,34.30117],[-118.892251,34.301169],[-118.8922,34.301192],[-118.89214,34.301246],[-118.892038,34.301408],[-118.891998,34.301487],[-118.891959,34.30153],[-118.891605,34.301715],[-118.891547,34.301732],[-118.891482,34.301731],[-118.89142,34.301711],[-118.891309,34.301655],[-118.891271,34.301655],[-118.891198,34.301687],[-118.891174,34.30168],[-118.891114,34.301713],[-118.891069,34.301753],[-118.891032,34.301771],[-118.890989,34.301762],[-118.890915,34.301768],[-118.890733,34.301871],[-118.890671,34.301961],[-118.890602,34.302005],[-118.890476,34.30203],[-118.890348,34.302033],[-118.890306,34.302073],[-118.890253,34.302107],[-118.890171,34.302142],[-118.890088,34.302147],[-118.889898,34.302142],[-118.889823,34.302152],[-118.889675,34.302206],[-118.889558,34.302267],[-118.889545,34.302292],[-118.889536,34.302338],[-118.889581,34.302444],[-118.889589,34.302474],[-118.889581,34.302495],[-118.889448,34.302497],[-118.889393,34.302525],[-118.889379,34.302549],[-118.889425,34.302661],[-118.889471,34.302705]]]}},{"type":"Feature","properties":{"k":"rough"},"geometry":{"type":"Polygon","coordinates":[[[-118.892484,34.300798],[-118.892706,34.300809],[-118.892824,34.300804],[-118.892878,34.30079],[-118.893044,34.300766],[-118.893218,34.300761],[-118.893238,34.300745],[-118.893238,34.300719],[-118.893077,34.300626],[-118.893023,34.300612],[-118.892648,34.300646],[-118.892463,34.300672],[-118.8924,34.300715],[-118.892394,34.300735],[-118.8924,34.300757],[-118.892428,34.300782],[-118.892484,34.300798]]]}},{"type":"Feature","properties":{"k":"rough"},"geometry":{"type":"Polygon","coordinates":[[[-118.89358,34.300814],[-118.893621,34.300893],[-118.893651,34.300928],[-118.893702,34.301045],[-118.893782,34.301165],[-118.893812,34.30119],[-118.893879,34.301224],[-118.893945,34.301242],[-118.894076,34.301223],[-118.894147,34.301186],[-118.894216,34.301097],[-118.894308,34.301007],[-118.89435,34.300982],[-118.894375,34.300955],[-118.894374,34.30086],[-118.894344,34.300822],[-118.894155,34.300783],[-118.893842,34.300756],[-118.893609,34.300786],[-118.893587,34.300793],[-118.89358,34.300814]]]}},{"type":"Feature","properties":{"k":"rough"},"geometry":{"type":"Polygon","coordinates":[[[-118.899358,34.303651],[-118.899386,34.303633],[-118.899415,34.303589],[-118.899422,34.303522],[-118.899399,34.303458],[-118.899413,34.303371],[-118.89941,34.303315],[-118.899389,34.303298],[-118.899266,34.303284],[-118.899253,34.303268],[-118.899257,34.303245],[-118.899275,34.303224],[-118.899311,34.303213],[-118.899405,34.303209],[-118.899442,34.303187],[-118.899473,34.303149],[-118.899483,34.303088],[-118.899477,34.303059],[-118.899447,34.303037],[-118.899366,34.303032],[-118.899313,34.303018],[-118.899316,34.302997],[-118.899336,34.302987],[-118.899412,34.302994],[-118.899483,34.302968],[-118.89953,34.302823],[-118.899498,34.302798],[-118.899419,34.302773],[-118.899335,34.302777],[-118.899271,34.302817],[-118.899281,34.303028],[-118.899257,34.30314],[-118.899225,34.30323],[-118.89922,34.303275],[-118.899255,34.303489],[-118.89925,34.303594],[-118.899275,34.303621],[-118.899358,34.303651]]]}},{"type":"Feature","properties":{"k":"rough"},"geometry":{"type":"Polygon","coordinates":[[[-118.899708,34.302413],[-118.899568,34.30244],[-118.899439,34.302428],[-118.899332,34.302407],[-118.899288,34.30238],[-118.899276,34.302108],[-118.899243,34.302045],[-118.899241,34.301979],[-118.899222,34.301927],[-118.89922,34.301869],[-118.899285,34.301819],[-118.89936,34.301784],[-118.8994,34.301734],[-118.899421,34.301694],[-118.899411,34.301595],[-118.899444,34.301526],[-118.899545,34.301387],[-118.899601,34.301213],[-118.899693,34.301056],[-118.899882,34.300965],[-118.900013,34.300923],[-118.900221,34.300875],[-118.900326,34.300812],[-118.900674,34.300669],[-118.900834,34.300651],[-118.900922,34.300676],[-118.901007,34.30073],[-118.901026,34.30076],[-118.901002,34.300857],[-118.900972,34.300889],[-118.900901,34.300929],[-118.900744,34.300996],[-118.900686,34.301046],[-118.900559,34.301112],[-118.900508,34.301153],[-118.900405,34.301213],[-118.9003,34.301236],[-118.900149,34.301286],[-118.900087,34.301293],[-118.900059,34.301313],[-118.900033,34.301375],[-118.900009,34.30155],[-118.899965,34.301774],[-118.89991,34.301918],[-118.899866,34.301964],[-118.899843,34.302035],[-118.899827,34.302168],[-118.89978,34.302321],[-118.899756,34.302378],[-118.899708,34.302413]]]}},{"type":"Feature","properties":{"k":"rough"},"geometry":{"type":"Polygon","coordinates":[[[-118.900394,34.300123],[-118.900382,34.300086],[-118.900351,34.300037],[-118.900292,34.299982],[-118.90025,34.29998],[-118.900221,34.300002],[-118.900138,34.299974],[-118.90009,34.299968],[-118.899986,34.299998],[-118.899785,34.300029],[-118.899628,34.300103],[-118.899462,34.300127],[-118.899407,34.300143],[-118.899365,34.300142],[-118.899263,34.300119],[-118.899211,34.300089],[-118.899208,34.300048],[-118.899215,34.299995],[-118.899253,34.299931],[-118.899304,34.299878],[-118.899395,34.299852],[-118.899548,34.299853],[-118.899751,34.299836],[-118.899812,34.299814],[-118.899878,34.299813],[-118.900002,34.29977],[-118.900075,34.299761],[-118.900177,34.299768],[-118.90025,34.299788],[-118.900362,34.299845],[-118.900414,34.299883],[-118.900454,34.299927],[-118.900521,34.299953],[-118.900625,34.299966],[-118.900869,34.299952],[-118.901007,34.299923],[-118.901091,34.299874],[-118.901109,34.299855],[-118.901148,34.299769],[-118.901202,34.299698],[-118.901236,34.299605],[-118.901322,34.299533],[-118.901363,34.299486],[-118.901396,34.299399],[-118.901398,34.299366],[-118.901378,34.299323],[-118.901331,34.299291],[-118.901292,34.299282],[-118.901243,34.299301],[-118.901166,34.299353],[-118.901103,34.299415],[-118.900985,34.299564],[-118.900938,34.299569],[-118.900891,34.299629],[-118.900824,34.299648],[-118.900763,34.299646],[-118.900708,34.299634],[-118.900661,34.29961],[-118.900621,34.299568],[-118.90056,34.299466],[-118.900505,34.299446],[-118.9003,34.299449],[-118.900273,34.299436],[-118.900202,34.299344],[-118.900177,34.299299],[-118.900144,34.299267],[-118.899987,34.299234],[-118.899875,34.299234],[-118.899751,34.299257],[-118.899609,34.299338],[-118.899471,34.299389],[-118.899341,34.299413],[-118.899203,34.299413],[-118.899019,34.299393],[-118.898881,34.29939],[-118.898679,34.299478],[-118.89853,34.299501],[-118.898477,34.29949],[-118.89842,34.299462],[-118.898313,34.299391],[-118.898259,34.29937],[-118.898205,34.299373],[-118.897954,34.299481],[-118.897779,34.29959],[-118.897713,34.299651],[-118.897645,34.29976],[-118.897607,34.2998],[-118.897462,34.299873],[-118.897162,34.299947],[-118.896843,34.300096],[-118.896667,34.300189],[-118.896586,34.300235],[-118.896548,34.300278],[-118.896486,34.300327],[-118.896317,34.300389],[-118.896279,34.300428],[-118.896263,34.300508],[-118.896349,34.300555],[-118.896367,34.300611],[-118.896326,34.300784],[-118.896376,34.300866],[-118.896415,34.300897],[-118.896531,34.300919],[-118.896664,34.300934],[-118.896725,34.30093],[-118.896908,34.300881],[-118.896984,34.300851],[-118.897285,34.300807],[-118.897385,34.300779],[-118.89748,34.300771],[-118.897558,34.300743],[-118.897722,34.300723],[-118.897952,34.300719],[-118.89818,34.300727],[-118.898271,34.300704],[-118.898308,34.300719],[-118.898345,34.300719],[-118.898565,34.300695],[-118.898721,34.300692],[-118.899245,34.300556],[-118.899432,34.300483],[-118.899511,34.300405],[-118.899533,34.300372],[-118.899704,34.300222],[-118.899863,34.300153],[-118.899963,34.300133],[-118.900082,34.30012],[-118.900214,34.300114],[-118.900394,34.300123]]]}},{"type":"Feature","properties":{"k":"rough"},"geometry":{"type":"Polygon","coordinates":[[[-118.902057,34.29986],[-118.902081,34.299858],[-118.902118,34.29984],[-118.90218,34.299785],[-118.902152,34.299701],[-118.902152,34.299676],[-118.902221,34.299588],[-118.902237,34.299442],[-118.902249,34.29941],[-118.902336,34.299347],[-118.902433,34.299294],[-118.902693,34.299178],[-118.902745,34.299166],[-118.902919,34.2992],[-118.902987,34.299218],[-118.903064,34.299249],[-118.903104,34.299253],[-118.903154,34.299227],[-118.90322,34.299215],[-118.903277,34.299185],[-118.903414,34.299167],[-118.903488,34.299144],[-118.903656,34.299053],[-118.90369,34.299],[-118.903702,34.298934],[-118.903691,34.298892],[-118.903645,34.298821],[-118.90367,34.298744],[-118.903653,34.298695],[-118.90362,34.298667],[-118.903536,34.298644],[-118.903502,34.298648],[-118.903431,34.298636],[-118.90334,34.298632],[-118.903237,34.298639],[-118.903238,34.298663],[-118.902921,34.298807],[-118.90258,34.298868],[-118.902454,34.298924],[-118.9024,34.298964],[-118.902334,34.298996],[-118.902309,34.299047],[-118.902274,34.299087],[-118.902167,34.29913],[-118.902143,34.299202],[-118.902092,34.299274],[-118.902091,34.299309],[-118.902044,34.29938],[-118.902074,34.299467],[-118.90204,34.29951],[-118.901994,34.299526],[-118.901983,34.29954],[-118.901963,34.299627],[-118.902024,34.299665],[-118.902032,34.299681],[-118.902031,34.299704],[-118.901965,34.299746],[-118.901962,34.299776],[-118.901975,34.299809],[-118.902008,34.299844],[-118.902057,34.29986]]]}},{"type":"Feature","properties":{"k":"rough"},"geometry":{"type":"Polygon","coordinates":[[[-118.9026,34.298418],[-118.902631,34.298377],[-118.90272,34.298357],[-118.903019,34.298362],[-118.903047,34.298268],[-118.903102,34.298258],[-118.903164,34.298278],[-118.90325,34.298357],[-118.903324,34.298344],[-118.903392,34.298319],[-118.903444,34.298296],[-118.903475,34.29827],[-118.903407,34.298255],[-118.903376,34.298194],[-118.903355,34.298169],[-118.903296,34.298161],[-118.903192,34.298184],[-118.903142,34.29823],[-118.903112,34.298235],[-118.903041,34.29823],[-118.903004,34.29822],[-118.902942,34.298181],[-118.902874,34.298179],[-118.902726,34.298207],[-118.902653,34.29824],[-118.902474,34.298252],[-118.902406,34.29827],[-118.902381,34.298339],[-118.902431,34.298408],[-118.90252,34.298431],[-118.9026,34.298418]]]}},{"type":"Feature","properties":{"k":"rough"},"geometry":{"type":"Polygon","coordinates":[[[-118.903605,34.298128],[-118.903632,34.298164],[-118.903729,34.29812],[-118.904005,34.298025],[-118.904076,34.297989],[-118.904262,34.297933],[-118.904556,34.297934],[-118.904639,34.297943],[-118.90471,34.297938],[-118.904765,34.297913],[-118.904837,34.297794],[-118.90491,34.297747],[-118.904939,34.297737],[-118.905008,34.297747],[-118.904983,34.297735],[-118.904972,34.297722],[-118.904974,34.297706],[-118.905002,34.297684],[-118.90503,34.297677],[-118.905075,34.297679],[-118.905246,34.297614],[-118.905264,34.297621],[-118.905283,34.297646],[-118.905283,34.297659],[-118.905499,34.297617],[-118.905633,34.297611],[-118.905973,34.29764],[-118.906251,34.297653],[-118.906649,34.297716],[-118.906883,34.297763],[-118.907079,34.297767],[-118.907274,34.297786],[-118.907628,34.297845],[-118.907684,34.297839],[-118.907807,34.297848],[-118.908028,34.297927],[-118.908205,34.297966],[-118.908307,34.297959],[-118.908383,34.29794],[-118.908585,34.297849],[-118.908693,34.297815],[-118.908777,34.297804],[-118.909023,34.297821],[-118.909066,34.29779],[-118.909086,34.29773],[-118.909113,34.297614],[-118.909097,34.297509],[-118.909128,34.297435],[-118.90901,34.297331],[-118.908882,34.29725],[-118.908802,34.297218],[-118.908757,34.297206],[-118.90869,34.297203],[-118.908607,34.29719],[-118.908538,34.2972],[-118.908469,34.297192],[-118.908321,34.297135],[-118.908125,34.297091],[-118.907887,34.297105],[-118.907781,34.297143],[-118.907702,34.297187],[-118.907621,34.297195],[-118.907502,34.297266],[-118.907424,34.297275],[-118.907181,34.297275],[-118.906812,34.297259],[-118.906577,34.297228],[-118.906481,34.297232],[-118.906357,34.297215],[-118.906301,34.297199],[-118.906063,34.29717],[-118.90602,34.297171],[-118.905767,34.297072],[-118.905682,34.297052],[-118.905591,34.297046],[-118.90552,34.29706],[-118.905442,34.297098],[-118.905208,34.297121],[-118.90512,34.297143],[-118.905044,34.297179],[-118.904972,34.297189],[-118.904901,34.297211],[-118.904827,34.297218],[-118.904768,34.297214],[-118.904599,34.297297],[-118.904481,34.297396],[-118.904399,34.297416],[-118.904308,34.297429],[-118.904208,34.297424],[-118.904078,34.297401],[-118.90403,34.297403],[-118.903975,34.297423],[-118.903921,34.297461],[-118.90388,34.297522],[-118.903848,34.297575],[-118.903822,34.297652],[-118.903809,34.297747],[-118.903825,34.297795],[-118.903822,34.297914],[-118.903813,34.297946],[-118.903798,34.297961],[-118.903707,34.297975],[-118.903647,34.298012],[-118.903576,34.298038],[-118.903564,34.298056],[-118.903566,34.298066],[-118.903605,34.298128]]]}},{"type":"Feature","properties":{"k":"rough"},"geometry":{"type":"Polygon","coordinates":[[[-118.909388,34.297471],[-118.909562,34.297517],[-118.909596,34.297501],[-118.909622,34.297472],[-118.909612,34.297368],[-118.909591,34.297347],[-118.909502,34.297325],[-118.909459,34.297322],[-118.909399,34.29734],[-118.909377,34.297375],[-118.909364,34.297443],[-118.909388,34.297471]]]}},{"type":"Feature","properties":{"k":"rough"},"geometry":{"type":"Polygon","coordinates":[[[-118.910179,34.297089],[-118.910189,34.29721],[-118.910181,34.297231],[-118.910189,34.297281],[-118.910205,34.297316],[-118.910277,34.297368],[-118.910314,34.297405],[-118.910422,34.297554],[-118.910453,34.29762],[-118.910489,34.297646],[-118.91055,34.297663],[-118.910592,34.297665],[-118.910774,34.29763],[-118.910808,34.297635],[-118.910834,34.297649],[-118.910845,34.29768],[-118.910922,34.297692],[-118.910974,34.297655],[-118.911034,34.29764],[-118.911203,34.297622],[-118.911256,34.297602],[-118.911321,34.297562],[-118.911347,34.297479],[-118.911333,34.297386],[-118.911338,34.297337],[-118.911329,34.297273],[-118.911319,34.297254],[-118.91123,34.297236],[-118.91123,34.297184],[-118.911204,34.297163],[-118.911176,34.29716],[-118.911152,34.297171],[-118.911115,34.297168],[-118.911093,34.297145],[-118.911057,34.297144],[-118.911019,34.297112],[-118.910981,34.29711],[-118.910931,34.297094],[-118.910907,34.297078],[-118.910843,34.297057],[-118.910819,34.297038],[-118.910759,34.297046],[-118.910624,34.297021],[-118.910524,34.297017],[-118.910421,34.296996],[-118.910294,34.297001],[-118.910208,34.297055],[-118.910179,34.297089]]]}},{"type":"Feature","properties":{"k":"rough"},"geometry":{"type":"Polygon","coordinates":[[[-118.909896,34.298318],[-118.909982,34.298273],[-118.910004,34.298245],[-118.910031,34.298144],[-118.910049,34.298124],[-118.910103,34.298093],[-118.910035,34.298109],[-118.909917,34.29806],[-118.909878,34.298051],[-118.90973,34.298145],[-118.909762,34.298254],[-118.909783,34.298294],[-118.909798,34.298303],[-118.909808,34.298293],[-118.90981,34.298262],[-118.909817,34.298259],[-118.909875,34.298312],[-118.909896,34.298318]]]}},{"type":"Feature","properties":{"k":"rough"},"geometry":{"type":"Polygon","coordinates":[[[-118.909821,34.298674],[-118.909838,34.29863],[-118.909831,34.298601],[-118.909817,34.298584],[-118.909765,34.29856],[-118.909704,34.298565],[-118.90967,34.298571],[-118.909588,34.298631],[-118.909555,34.298646],[-118.909512,34.298662],[-118.909433,34.298676],[-118.909415,34.298693],[-118.909409,34.298719],[-118.909416,34.29874],[-118.909436,34.298761],[-118.909463,34.298773],[-118.909503,34.298812],[-118.90954,34.298811],[-118.909821,34.298674]]]}},{"type":"Feature","properties":{"k":"rough"},"geometry":{"type":"Polygon","coordinates":[[[-118.9093,34.298843],[-118.909316,34.298816],[-118.909345,34.298795],[-118.909348,34.298762],[-118.90934,34.298735],[-118.90931,34.298712],[-118.909264,34.298716],[-118.908938,34.298827],[-118.908639,34.29891],[-118.908469,34.298938],[-118.908391,34.298935],[-118.908346,34.298949],[-118.908326,34.298978],[-118.908278,34.298989],[-118.908206,34.298995],[-118.90815,34.298989],[-118.908061,34.298929],[-118.908007,34.298908],[-118.907809,34.298898],[-118.907514,34.29892],[-118.907458,34.298988],[-118.907386,34.299035],[-118.907291,34.299026],[-118.907237,34.299038],[-118.907197,34.299104],[-118.907152,34.299134],[-118.907126,34.299218],[-118.907098,34.299258],[-118.907044,34.299263],[-118.90699,34.299278],[-118.906796,34.299413],[-118.90677,34.29945],[-118.906711,34.299481],[-118.906697,34.299537],[-118.906592,34.299785],[-118.906546,34.299832],[-118.906483,34.299874],[-118.906461,34.299929],[-118.906464,34.299972],[-118.906327,34.300163],[-118.906291,34.300233],[-118.906202,34.300368],[-118.906146,34.300426],[-118.906117,34.300492],[-118.906054,34.300593],[-118.90602,34.300687],[-118.905883,34.300915],[-118.905814,34.301082],[-118.905816,34.301115],[-118.905843,34.301143],[-118.905912,34.301179],[-118.906025,34.301219],[-118.906087,34.301263],[-118.90616,34.301205],[-118.906309,34.30102],[-118.906383,34.300914],[-118.906479,34.300805],[-118.906537,34.300764],[-118.906695,34.30068],[-118.906743,34.300626],[-118.906776,34.300559],[-118.90682,34.300356],[-118.906859,34.300263],[-118.907126,34.299923],[-118.907243,34.299819],[-118.907533,34.299614],[-118.907592,34.299591],[-118.907747,34.299559],[-118.907809,34.29953],[-118.907871,34.299496],[-118.908025,34.299385],[-118.908566,34.299094],[-118.90863,34.299072],[-118.908799,34.299031],[-118.90912,34.298904],[-118.909257,34.298868],[-118.9093,34.298843]]]}},{"type":"Feature","properties":{"k":"rough"},"geometry":{"type":"Polygon","coordinates":[[[-118.905951,34.301339],[-118.90575,34.301293],[-118.905718,34.301301],[-118.905682,34.301396],[-118.905692,34.301443],[-118.905683,34.301463],[-118.905694,34.301514],[-118.905638,34.301547],[-118.905525,34.301684],[-118.905495,34.301758],[-118.905371,34.301954],[-118.905363,34.302051],[-118.9053,34.302212],[-118.905269,34.302257],[-118.90523,34.302269],[-118.905234,34.302336],[-118.905226,34.302377],[-118.905155,34.302486],[-118.905137,34.302534],[-118.905109,34.302579],[-118.90506,34.302631],[-118.905017,34.302653],[-118.904914,34.30278],[-118.904841,34.302833],[-118.904739,34.302979],[-118.904624,34.303119],[-118.904573,34.303167],[-118.904505,34.303214],[-118.904472,34.303297],[-118.904423,34.303383],[-118.904411,34.303426],[-118.90443,34.303672],[-118.904657,34.303602],[-118.904812,34.30358],[-118.904889,34.303559],[-118.905136,34.303376],[-118.905211,34.30327],[-118.905241,34.303213],[-118.905298,34.303035],[-118.905329,34.302876],[-118.905435,34.302575],[-118.905453,34.30245],[-118.905447,34.30233],[-118.905453,34.302221],[-118.905493,34.302089],[-118.905545,34.301959],[-118.905634,34.301788],[-118.905687,34.301654],[-118.905757,34.301555],[-118.905951,34.301339]]]}},{"type":"Feature","properties":{"k":"rough"},"geometry":{"type":"Polygon","coordinates":[[[-118.903869,34.303304],[-118.90382,34.303261],[-118.903741,34.303245],[-118.9037,34.303262],[-118.903638,34.303355],[-118.903657,34.303428],[-118.90363,34.303562],[-118.90364,34.303633],[-118.903669,34.303742],[-118.903754,34.30381],[-118.903806,34.303827],[-118.904041,34.303764],[-118.904,34.30373],[-118.903976,34.303664],[-118.903966,34.303565],[-118.903929,34.303522],[-118.903929,34.303444],[-118.903915,34.303432],[-118.903914,34.30338],[-118.903873,34.303345],[-118.903869,34.303304]]]}},{"type":"Feature","properties":{"k":"rough"},"geometry":{"type":"Polygon","coordinates":[[[-118.901408,34.304537],[-118.901425,34.304554],[-118.901485,34.30458],[-118.901573,34.304648],[-118.901615,34.30469],[-118.901656,34.304712],[-118.901755,34.304675],[-118.901774,34.304621],[-118.90176,34.304588],[-118.90171,34.304554],[-118.901693,34.304524],[-118.901704,34.304504],[-118.90172,34.304496],[-118.901726,34.304462],[-118.901686,34.304463],[-118.901653,34.304446],[-118.901619,34.304384],[-118.901582,34.304341],[-118.901423,34.30422],[-118.901356,34.304198],[-118.901253,34.304207],[-118.901218,34.304343],[-118.901226,34.30436],[-118.901285,34.304398],[-118.901306,34.304402],[-118.90137,34.304394],[-118.901357,34.304497],[-118.901377,34.304523],[-118.901408,34.304537]]]}},{"type":"Feature","properties":{"k":"rough"},"geometry":{"type":"Polygon","coordinates":[[[-118.900834,34.304314],[-118.900871,34.30433],[-118.900982,34.304306],[-118.901103,34.304254],[-118.901129,34.304222],[-118.901102,34.304192],[-118.901015,34.304162],[-118.900804,34.304049],[-118.900707,34.304009],[-118.900661,34.304008],[-118.9005,34.304043],[-118.900513,34.304075],[-118.900549,34.304123],[-118.900588,34.304157],[-118.900628,34.304176],[-118.900666,34.304181],[-118.900693,34.304199],[-118.900706,34.30422],[-118.900744,34.30421],[-118.900797,34.304166],[-118.900822,34.304161],[-118.900837,34.304176],[-118.90082,34.304208],[-118.90079,34.304231],[-118.90078,34.304254],[-118.90079,34.304282],[-118.900834,34.304314]]]}},{"type":"Feature","properties":{"k":"rough"},"geometry":{"type":"Polygon","coordinates":[[[-118.899671,34.304877],[-118.899695,34.304875],[-118.89976,34.304831],[-118.899848,34.304755],[-118.89986,34.304701],[-118.899894,34.304672],[-118.899908,34.304582],[-118.899929,34.304547],[-118.899967,34.30451],[-118.900038,34.304475],[-118.900068,34.304436],[-118.900074,34.304391],[-118.899997,34.304253],[-118.899983,34.304182],[-118.899988,34.304151],[-118.900004,34.304114],[-118.900043,34.30406],[-118.900093,34.304016],[-118.900136,34.303993],[-118.900144,34.3039],[-118.900197,34.303823],[-118.900244,34.303794],[-118.900286,34.303713],[-118.900352,34.303324],[-118.900354,34.303143],[-118.900377,34.303086],[-118.900464,34.302973],[-118.900655,34.302797],[-118.900791,34.302719],[-118.90102,34.302526],[-118.901149,34.302392],[-118.901212,34.302318],[-118.901244,34.302268],[-118.901257,34.30218],[-118.901236,34.30212],[-118.90115,34.302016],[-118.901056,34.301921],[-118.901023,34.301902],[-118.900928,34.301872],[-118.900873,34.30187],[-118.900823,34.301879],[-118.900802,34.301872],[-118.90078,34.30185],[-118.900802,34.301775],[-118.900831,34.301744],[-118.900827,34.301713],[-118.900735,34.301671],[-118.900708,34.30167],[-118.900678,34.301687],[-118.900419,34.30201],[-118.900289,34.302079],[-118.900224,34.302169],[-118.900214,34.302202],[-118.900211,34.302305],[-118.90022,34.302335],[-118.900171,34.302553],[-118.900156,34.30259],[-118.900105,34.302665],[-118.900032,34.302724],[-118.899958,34.302745],[-118.899939,34.302761],[-118.899885,34.302779],[-118.899717,34.302936],[-118.899703,34.302962],[-118.899704,34.303031],[-118.899681,34.303111],[-118.899662,34.303145],[-118.899615,34.303187],[-118.899604,34.303223],[-118.899597,34.303257],[-118.899603,34.303441],[-118.899567,34.303525],[-118.899468,34.303642],[-118.899396,34.303779],[-118.899411,34.303974],[-118.899426,34.304019],[-118.899446,34.304052],[-118.899543,34.304148],[-118.899654,34.304214],[-118.899656,34.304248],[-118.899619,34.304259],[-118.899569,34.30424],[-118.899539,34.304257],[-118.899529,34.304294],[-118.899547,34.304346],[-118.899461,34.304442],[-118.899456,34.304466],[-118.899463,34.30448],[-118.899452,34.304496],[-118.89942,34.304507],[-118.899377,34.3046],[-118.899416,34.304664],[-118.899449,34.304674],[-118.899447,34.304725],[-118.899458,34.304745],[-118.899497,34.304773],[-118.899539,34.304785],[-118.899561,34.304841],[-118.899582,34.304859],[-118.89961,34.304871],[-118.899645,34.304868],[-118.899671,34.304877]]]}},{"type":"Feature","properties":{"k":"rough"},"geometry":{"type":"Polygon","coordinates":[[[-118.900978,34.305407],[-118.901024,34.305379],[-118.901031,34.305355],[-118.901014,34.305334],[-118.900983,34.30532],[-118.900922,34.305314],[-118.900819,34.305321],[-118.900698,34.305349],[-118.900543,34.305329],[-118.900496,34.305339],[-118.900475,34.305403],[-118.900443,34.305421],[-118.900314,34.305444],[-118.9002,34.3055],[-118.900099,34.305507],[-118.900042,34.305521],[-118.89979,34.305636],[-118.899529,34.305733],[-118.899304,34.30577],[-118.899165,34.305785],[-118.899096,34.305767],[-118.899002,34.305769],[-118.89894,34.305763],[-118.89877,34.305769],[-118.898657,34.305781],[-118.898492,34.305811],[-118.898428,34.305831],[-118.898329,34.305836],[-118.898113,34.305877],[-118.89775,34.305991],[-118.897674,34.305994],[-118.897506,34.306054],[-118.897376,34.306067],[-118.897316,34.306085],[-118.897165,34.306099],[-118.896908,34.30616],[-118.896693,34.306237],[-118.896184,34.306401],[-118.895807,34.306604],[-118.895658,34.306691],[-118.895647,34.306717],[-118.895575,34.306783],[-118.89554,34.306863],[-118.89555,34.306905],[-118.895554,34.307065],[-118.895535,34.307117],[-118.89555,34.30714],[-118.895683,34.307161],[-118.895855,34.307141],[-118.896007,34.307094],[-118.896151,34.307081],[-118.89621,34.30706],[-118.896309,34.307022],[-118.896325,34.307009],[-118.896339,34.306979],[-118.896418,34.306925],[-118.896455,34.306881],[-118.896514,34.30684],[-118.896536,34.306797],[-118.896612,34.306729],[-118.89669,34.306692],[-118.896802,34.306653],[-118.896942,34.306582],[-118.897027,34.306548],[-118.897124,34.306523],[-118.89741,34.306482],[-118.897496,34.306483],[-118.897642,34.306502],[-118.897795,34.306537],[-118.897891,34.306545],[-118.897984,34.306508],[-118.898016,34.306491],[-118.898054,34.306457],[-118.898094,34.306451],[-118.898135,34.30646],[-118.898253,34.306533],[-118.898319,34.306553],[-118.898368,34.306547],[-118.898414,34.306529],[-118.898446,34.306505],[-118.898524,34.306474],[-118.898561,34.306475],[-118.89866,34.306457],[-118.898699,34.306432],[-118.898742,34.306337],[-118.898767,34.306327],[-118.898835,34.306318],[-118.899009,34.306269],[-118.899067,34.306242],[-118.899135,34.306227],[-118.89924,34.306175],[-118.899477,34.306094],[-118.899575,34.306066],[-118.899766,34.306036],[-118.899884,34.305998],[-118.899915,34.305981],[-118.899933,34.305927],[-118.899932,34.305903],[-118.899902,34.30583],[-118.899899,34.30581],[-118.899908,34.305794],[-118.900066,34.305734],[-118.900211,34.305619],[-118.900259,34.305617],[-118.900523,34.305532],[-118.900595,34.305498],[-118.900682,34.305492],[-118.90071,34.305474],[-118.900926,34.3054],[-118.900978,34.305407]]]}},{"type":"Feature","properties":{"k":"rough"},"geometry":{"type":"Polygon","coordinates":[[[-118.895739,34.307712],[-118.895861,34.307654],[-118.895951,34.307685],[-118.896004,34.307671],[-118.896036,34.307656],[-118.896081,34.307653],[-118.896108,34.307663],[-118.896161,34.307665],[-118.896201,34.307653],[-118.896265,34.307611],[-118.89628,34.307598],[-118.896288,34.307559],[-118.89624,34.307495],[-118.896163,34.307477],[-118.896127,34.307477],[-118.895815,34.307531],[-118.895722,34.307524],[-118.895685,34.307544],[-118.895634,34.307596],[-118.895621,34.30766],[-118.895638,34.307709],[-118.895651,34.307723],[-118.895739,34.307712]]]}},{"type":"Feature","properties":{"k":"rough"},"geometry":{"type":"Polygon","coordinates":[[[-118.898161,34.307553],[-118.898089,34.307547],[-118.898042,34.307532],[-118.898035,34.307478],[-118.898045,34.307443],[-118.897973,34.307368],[-118.897912,34.307337],[-118.89774,34.307306],[-118.897253,34.307347],[-118.89719,34.307366],[-118.897073,34.30747],[-118.897028,34.307524],[-118.896996,34.307598],[-118.896983,34.307705],[-118.89697,34.307729],[-118.896908,34.307741],[-118.896893,34.307778],[-118.896912,34.307813],[-118.897026,34.307861],[-118.897135,34.307901],[-118.897224,34.307909],[-118.897319,34.307898],[-118.897409,34.307877],[-118.897771,34.307874],[-118.89797,34.307817],[-118.898027,34.307807],[-118.898119,34.307803],[-118.898183,34.307769],[-118.898244,34.307768],[-118.898391,34.307729],[-118.898511,34.307707],[-118.898686,34.307712],[-118.898798,34.307705],[-118.898873,34.307713],[-118.899014,34.307751],[-118.899163,34.307776],[-118.899197,34.307778],[-118.899242,34.307766],[-118.899311,34.307725],[-118.899361,34.307707],[-118.899457,34.307599],[-118.899549,34.307541],[-118.899742,34.307503],[-118.899958,34.307399],[-118.900036,34.307333],[-118.900143,34.307261],[-118.90017,34.307251],[-118.900216,34.307253],[-118.900453,34.30713],[-118.90054,34.307019],[-118.900574,34.306937],[-118.900571,34.306866],[-118.90054,34.306752],[-118.900516,34.306703],[-118.900477,34.306682],[-118.900383,34.306672],[-118.900305,34.306651],[-118.900283,34.306627],[-118.900274,34.306599],[-118.900185,34.306638],[-118.900117,34.306618],[-118.900008,34.306614],[-118.899854,34.30665],[-118.899643,34.306738],[-118.899562,34.30679],[-118.899469,34.306893],[-118.899467,34.306924],[-118.899438,34.306962],[-118.899399,34.307004],[-118.899341,34.307039],[-118.899323,34.307072],[-118.899272,34.30712],[-118.899158,34.307195],[-118.899013,34.307255],[-118.89892,34.307303],[-118.898799,34.30739],[-118.898542,34.307508],[-118.898396,34.307518],[-118.898235,34.307555],[-118.898161,34.307553]]]}},{"type":"Feature","properties":{"k":"tee"},"geometry":{"type":"Polygon","coordinates":[[[-118.897008,34.307735],[-118.896923,34.307753],[-118.896939,34.307804],[-118.897024,34.307786],[-118.897008,34.307735]]]}},{"type":"Feature","properties":{"k":"rough"},"geometry":{"type":"Polygon","coordinates":[[[-118.900318,34.30622],[-118.90039,34.306252],[-118.90045,34.30627],[-118.900493,34.306274],[-118.900523,34.30627],[-118.900555,34.306253],[-118.90072,34.306196],[-118.900862,34.306188],[-118.900906,34.306174],[-118.901002,34.306112],[-118.901039,34.306066],[-118.901136,34.305983],[-118.901157,34.305943],[-118.901165,34.305879],[-118.901088,34.30591],[-118.901014,34.305921],[-118.90098,34.305915],[-118.900863,34.305864],[-118.900836,34.30586],[-118.900729,34.30587],[-118.900625,34.305898],[-118.900406,34.305909],[-118.900366,34.305929],[-118.900325,34.305968],[-118.900262,34.306059],[-118.90026,34.306076],[-118.900318,34.30622]]]}},{"type":"Feature","properties":{"k":"rough"},"geometry":{"type":"Polygon","coordinates":[[[-118.902036,34.305091],[-118.902186,34.304966],[-118.90224,34.304945],[-118.902302,34.304953],[-118.902341,34.304975],[-118.902351,34.305004],[-118.902344,34.305026],[-118.902303,34.305072],[-118.902265,34.305088],[-118.902246,34.305121],[-118.902272,34.305212],[-118.902325,34.305308],[-118.902353,34.305409],[-118.902353,34.305453],[-118.902312,34.305533],[-118.902322,34.305648],[-118.902316,34.305665],[-118.902283,34.305686],[-118.902215,34.305696],[-118.902193,34.305689],[-118.902125,34.305623],[-118.902105,34.305611],[-118.902058,34.30561],[-118.902095,34.305581],[-118.902121,34.30553],[-118.902082,34.305268],[-118.902067,34.305213],[-118.902053,34.305175],[-118.902029,34.305149],[-118.902003,34.305138],[-118.902036,34.305091]]]}},{"type":"Feature","properties":{"k":"rough"},"geometry":{"type":"Polygon","coordinates":[[[-118.90247,34.306587],[-118.902555,34.306475],[-118.902588,34.306444],[-118.902669,34.306405],[-118.902956,34.306319],[-118.90303,34.306312],[-118.90316,34.306315],[-118.903182,34.306342],[-118.903227,34.306473],[-118.903243,34.306651],[-118.903279,34.306797],[-118.903343,34.306924],[-118.903504,34.307091],[-118.903543,34.307144],[-118.903571,34.307212],[-118.903574,34.307268],[-118.903547,34.307311],[-118.903467,34.307329],[-118.903374,34.307331],[-118.903294,34.307315],[-118.903197,34.307309],[-118.903066,34.307242],[-118.903009,34.307187],[-118.90285,34.30698],[-118.902808,34.306905],[-118.90247,34.306587]]]}},{"type":"Feature","properties":{"k":"rough"},"geometry":{"type":"Polygon","coordinates":[[[-118.903667,34.306871],[-118.903666,34.306913],[-118.903681,34.306957],[-118.903711,34.307029],[-118.903763,34.30711],[-118.903927,34.30723],[-118.904077,34.307271],[-118.904316,34.307311],[-118.904359,34.307333],[-118.904409,34.307449],[-118.904477,34.307505],[-118.904696,34.307635],[-118.904727,34.307643],[-118.904773,34.307617],[-118.904865,34.307553],[-118.904889,34.307524],[-118.904909,34.307478],[-118.904917,34.307349],[-118.904907,34.307305],[-118.904875,34.307278],[-118.904832,34.307257],[-118.904829,34.30721],[-118.904766,34.307141],[-118.904714,34.307114],[-118.904644,34.307102],[-118.904507,34.3071],[-118.90438,34.30707],[-118.904246,34.307057],[-118.904135,34.30702],[-118.904066,34.306962],[-118.904006,34.306937],[-118.903993,34.306893],[-118.903942,34.306874],[-118.903832,34.306869],[-118.903809,34.306848],[-118.903718,34.306834],[-118.903684,34.306845],[-118.903667,34.306871]]]}},{"type":"Feature","properties":{"k":"rough"},"geometry":{"type":"Polygon","coordinates":[[[-118.904496,34.306867],[-118.90457,34.306901],[-118.904606,34.306891],[-118.904638,34.306869],[-118.90466,34.306834],[-118.904667,34.306794],[-118.904656,34.306744],[-118.904635,34.306712],[-118.904602,34.306699],[-118.904553,34.306692],[-118.904487,34.306716],[-118.904467,34.306741],[-118.904442,34.306821],[-118.904496,34.306867]]]}},{"type":"Feature","properties":{"k":"rough"},"geometry":{"type":"Polygon","coordinates":[[[-118.904294,34.306715],[-118.904314,34.306657],[-118.904359,34.306572],[-118.904339,34.306546],[-118.904275,34.306515],[-118.904201,34.306505],[-118.904152,34.306521],[-118.904117,34.30656],[-118.904115,34.306614],[-118.904142,34.30668],[-118.904182,34.306712],[-118.904294,34.306715]]]}},{"type":"Feature","properties":{"k":"rough"},"geometry":{"type":"Polygon","coordinates":[[[-118.903761,34.306432],[-118.903845,34.306399],[-118.903903,34.306294],[-118.903895,34.306252],[-118.903866,34.306219],[-118.903817,34.306199],[-118.903746,34.30622],[-118.903729,34.306235],[-118.903702,34.3063],[-118.903696,34.306435],[-118.903712,34.306446],[-118.903727,34.306447],[-118.903761,34.306432]]]}},{"type":"Feature","properties":{"k":"rough"},"geometry":{"type":"Polygon","coordinates":[[[-118.90326,34.305923],[-118.903312,34.305941],[-118.903369,34.305932],[-118.903438,34.305902],[-118.903494,34.305861],[-118.903537,34.305845],[-118.903675,34.305824],[-118.90378,34.305775],[-118.90396,34.305707],[-118.904022,34.30567],[-118.904104,34.305608],[-118.904231,34.305486],[-118.904357,34.305382],[-118.904403,34.305277],[-118.904448,34.305132],[-118.904507,34.305],[-118.904578,34.304917],[-118.904641,34.304825],[-118.904737,34.304619],[-118.90473,34.304538],[-118.904644,34.304333],[-118.904576,34.304281],[-118.904445,34.304222],[-118.904315,34.30421],[-118.904239,34.304214],[-118.904156,34.304229],[-118.904074,34.304254],[-118.90401,34.304346],[-118.903947,34.304486],[-118.903868,34.3046],[-118.903774,34.30469],[-118.903698,34.304849],[-118.903616,34.30498],[-118.903557,34.305045],[-118.903536,34.305102],[-118.903494,34.305152],[-118.903383,34.305322],[-118.903349,34.305396],[-118.903297,34.305477],[-118.903272,34.305608],[-118.903275,34.305697],[-118.903212,34.305852],[-118.903211,34.305878],[-118.903232,34.305906],[-118.90326,34.305923]]]}},{"type":"Feature","properties":{"k":"rough"},"geometry":{"type":"Polygon","coordinates":[[[-118.902948,34.302959],[-118.902979,34.302974],[-118.903019,34.302978],[-118.903082,34.302922],[-118.903086,34.302898],[-118.902983,34.302851],[-118.90296,34.302864],[-118.902933,34.302912],[-118.902929,34.302935],[-118.902948,34.302959]]]}},{"type":"Feature","properties":{"k":"rough"},"geometry":{"type":"Polygon","coordinates":[[[-118.902993,34.302817],[-118.903048,34.30283],[-118.903089,34.302856],[-118.903116,34.302863],[-118.903157,34.302855],[-118.903184,34.302859],[-118.903253,34.302915],[-118.90329,34.302928],[-118.903353,34.302932],[-118.903411,34.302881],[-118.903438,34.302816],[-118.903423,34.302791],[-118.903374,34.302761],[-118.903346,34.302726],[-118.903276,34.302723],[-118.903265,34.302781],[-118.903209,34.302771],[-118.90319,34.302726],[-118.903169,34.302702],[-118.903116,34.302683],[-118.90308,34.302688],[-118.903051,34.302702],[-118.902972,34.302773],[-118.902973,34.302801],[-118.902993,34.302817]]]}},{"type":"Feature","properties":{"k":"rough"},"geometry":{"type":"Polygon","coordinates":[[[-118.903537,34.302566],[-118.903569,34.302612],[-118.903566,34.302674],[-118.903573,34.3027],[-118.903621,34.302711],[-118.903641,34.302705],[-118.903668,34.302678],[-118.903695,34.302623],[-118.903693,34.302603],[-118.903659,34.302583],[-118.903605,34.302573],[-118.903606,34.302557],[-118.903537,34.302566]]]}},{"type":"Feature","properties":{"k":"rough"},"geometry":{"type":"Polygon","coordinates":[[[-118.903888,34.302356],[-118.90393,34.30237],[-118.903947,34.302401],[-118.903953,34.302511],[-118.903974,34.302548],[-118.904028,34.302555],[-118.904058,34.302545],[-118.904107,34.302468],[-118.90411,34.302421],[-118.904044,34.302378],[-118.904006,34.302337],[-118.903888,34.302356]]]}},{"type":"Feature","properties":{"k":"rough"},"geometry":{"type":"Polygon","coordinates":[[[-118.904088,34.302165],[-118.904235,34.302174],[-118.904301,34.302156],[-118.90434,34.30213],[-118.90445,34.302002],[-118.90456,34.3018],[-118.904616,34.301757],[-118.904615,34.301728],[-118.904592,34.30169],[-118.904636,34.301617],[-118.904657,34.301539],[-118.904639,34.301489],[-118.904595,34.301461],[-118.904603,34.301424],[-118.904641,34.301395],[-118.904694,34.301386],[-118.904848,34.301439],[-118.90491,34.301435],[-118.904953,34.301419],[-118.904969,34.301393],[-118.904969,34.301328],[-118.905008,34.301273],[-118.905056,34.301164],[-118.905083,34.301124],[-118.905093,34.301072],[-118.905081,34.300983],[-118.905154,34.300858],[-118.905206,34.300827],[-118.905261,34.300781],[-118.905345,34.300657],[-118.905407,34.300601],[-118.90549,34.300544],[-118.905511,34.300477],[-118.905474,34.300397],[-118.905484,34.300342],[-118.905544,34.300278],[-118.905728,34.300162],[-118.905773,34.30011],[-118.905862,34.299884],[-118.905898,34.299812],[-118.905969,34.29954],[-118.906023,34.29947],[-118.906102,34.299434],[-118.906192,34.299444],[-118.906256,34.299396],[-118.906319,34.299323],[-118.90643,34.299163],[-118.906488,34.299108],[-118.906553,34.299087],[-118.906616,34.299048],[-118.906789,34.298852],[-118.906931,34.298714],[-118.907049,34.298656],[-118.907139,34.298643],[-118.907308,34.298686],[-118.907399,34.298685],[-118.907506,34.298662],[-118.907603,34.298616],[-118.907816,34.298466],[-118.907915,34.298364],[-118.907921,34.298328],[-118.907904,34.298282],[-118.907867,34.298241],[-118.907762,34.298184],[-118.907714,34.29818],[-118.907511,34.298237],[-118.907432,34.298291],[-118.907262,34.29835],[-118.906982,34.298412],[-118.906873,34.298404],[-118.906669,34.29841],[-118.906574,34.29847],[-118.906496,34.298541],[-118.906425,34.29858],[-118.906225,34.298627],[-118.90605,34.298719],[-118.905936,34.298739],[-118.905856,34.298785],[-118.905781,34.298854],[-118.905709,34.29894],[-118.905675,34.299014],[-118.905638,34.299187],[-118.905517,34.299474],[-118.90536,34.299627],[-118.905264,34.299779],[-118.905193,34.299912],[-118.905021,34.300366],[-118.904995,34.300624],[-118.904957,34.300714],[-118.904931,34.300894],[-118.904872,34.301135],[-118.904796,34.30133],[-118.904747,34.301359],[-118.904553,34.301382],[-118.904446,34.301456],[-118.904399,34.301479],[-118.904306,34.30145],[-118.904255,34.301443],[-118.904141,34.301455],[-118.904063,34.301475],[-118.903972,34.301529],[-118.903964,34.30157],[-118.90397,34.301625],[-118.904029,34.301736],[-118.904041,34.301783],[-118.904062,34.302004],[-118.904046,34.302046],[-118.904038,34.302129],[-118.904053,34.302152],[-118.904088,34.302165]]]}},{"type":"Feature","properties":{"k":"rough"},"geometry":{"type":"Polygon","coordinates":[[[-118.906354,34.297949],[-118.906396,34.297984],[-118.906444,34.297998],[-118.90651,34.297999],[-118.906586,34.297975],[-118.906635,34.297938],[-118.906667,34.297898],[-118.906672,34.297849],[-118.906648,34.297809],[-118.906617,34.297795],[-118.90657,34.297791],[-118.906406,34.297863],[-118.906354,34.297872],[-118.906309,34.297868],[-118.906112,34.297801],[-118.906066,34.297813],[-118.905929,34.297898],[-118.905873,34.29791],[-118.905925,34.297976],[-118.90597,34.297999],[-118.906009,34.298015],[-118.906128,34.298033],[-118.906196,34.298017],[-118.906333,34.297944],[-118.906354,34.297949]]]}},{"type":"Feature","properties":{"k":"rough"},"geometry":{"type":"Polygon","coordinates":[[[-118.905555,34.298113],[-118.905611,34.298068],[-118.905627,34.298028],[-118.905633,34.297984],[-118.905585,34.297955],[-118.905493,34.297933],[-118.90535,34.298065],[-118.905167,34.298278],[-118.90505,34.298361],[-118.904977,34.298463],[-118.904924,34.298497],[-118.904848,34.298565],[-118.9048,34.298597],[-118.904756,34.298662],[-118.904702,34.298689],[-118.904534,34.298891],[-118.904517,34.298938],[-118.904522,34.298965],[-118.904451,34.298995],[-118.90441,34.299087],[-118.904352,34.299146],[-118.904345,34.29921],[-118.904351,34.299263],[-118.904276,34.299368],[-118.904255,34.299418],[-118.904242,34.299516],[-118.904251,34.299552],[-118.904227,34.299604],[-118.904198,34.299639],[-118.904155,34.29977],[-118.90394,34.299999],[-118.903879,34.30012],[-118.903844,34.300219],[-118.903799,34.300285],[-118.903729,34.300365],[-118.903689,34.300427],[-118.903597,34.300655],[-118.903549,34.300854],[-118.903516,34.300909],[-118.903496,34.300969],[-118.903491,34.301024],[-118.903569,34.301079],[-118.903706,34.301088],[-118.903947,34.301074],[-118.903976,34.301085],[-118.904031,34.30109],[-118.904125,34.30105],[-118.904218,34.300986],[-118.904235,34.300942],[-118.904286,34.300873],[-118.90438,34.30071],[-118.904427,34.300607],[-118.904506,34.30047],[-118.904538,34.30037],[-118.904671,34.300084],[-118.904741,34.299835],[-118.90479,34.299724],[-118.904854,34.299638],[-118.905147,34.299339],[-118.905216,34.299157],[-118.90531,34.299021],[-118.905338,34.298955],[-118.905383,34.298762],[-118.905422,34.298705],[-118.905482,34.298654],[-118.905528,34.298599],[-118.905548,34.298553],[-118.905548,34.298493],[-118.905453,34.298411],[-118.905406,34.298302],[-118.905406,34.298256],[-118.905469,34.298184],[-118.905555,34.298113]]]}},{"type":"Feature","properties":{"k":"rough"},"geometry":{"type":"Polygon","coordinates":[[[-118.902954,34.301127],[-118.902969,34.301142],[-118.902982,34.301205],[-118.902996,34.301217],[-118.903027,34.301229],[-118.903089,34.301232],[-118.903165,34.301216],[-118.903221,34.301183],[-118.903236,34.301119],[-118.903275,34.301087],[-118.903214,34.301078],[-118.903175,34.301081],[-118.903018,34.301125],[-118.902954,34.301127]]]}},{"type":"Feature","properties":{"k":"rough"},"geometry":{"type":"Polygon","coordinates":[[[-118.90287,34.301113],[-118.902812,34.3012],[-118.902636,34.301259],[-118.902571,34.301227],[-118.902562,34.301207],[-118.902608,34.301148],[-118.902629,34.301106],[-118.902618,34.301085],[-118.902589,34.301061],[-118.90255,34.301058],[-118.902512,34.301067],[-118.902455,34.301102],[-118.902422,34.301112],[-118.90233,34.301098],[-118.902243,34.301072],[-118.90221,34.301052],[-118.902171,34.301022],[-118.902153,34.300988],[-118.902269,34.300979],[-118.902508,34.300979],[-118.902567,34.30101],[-118.902662,34.301077],[-118.902819,34.301098],[-118.90287,34.301113]]]}},{"type":"Feature","properties":{"k":"rough"},"geometry":{"type":"Polygon","coordinates":[[[-118.901944,34.300982],[-118.901962,34.300974],[-118.901974,34.300955],[-118.901944,34.300905],[-118.901933,34.300867],[-118.901885,34.300818],[-118.901856,34.300812],[-118.901781,34.300829],[-118.901701,34.30087],[-118.901677,34.300925],[-118.901691,34.300951],[-118.901774,34.30098],[-118.901891,34.300987],[-118.901944,34.300982]]]}},{"type":"Feature","properties":{"k":"rough"},"geometry":{"type":"Polygon","coordinates":[[[-118.901297,34.301106],[-118.901428,34.301164],[-118.901451,34.301166],[-118.901483,34.30116],[-118.90152,34.301142],[-118.90158,34.301085],[-118.901527,34.300983],[-118.901368,34.301045],[-118.901337,34.301065],[-118.901297,34.301106]]]}},{"type":"Feature","properties":{"k":"rough"},"geometry":{"type":"Polygon","coordinates":[[[-118.900931,34.30142],[-118.900984,34.301459],[-118.90106,34.301466],[-118.901144,34.301424],[-118.901208,34.301366],[-118.901218,34.301344],[-118.901217,34.301261],[-118.901204,34.30121],[-118.901047,34.301277],[-118.900957,34.30133],[-118.900917,34.301364],[-118.900931,34.30142]]]}},{"type":"Feature","properties":{"k":"path"},"geometry":{"type":"LineString","coordinates":[[-118.897142,34.304345],[-118.897055,34.304298],[-118.897014,34.304262],[-118.896933,34.304148],[-118.896901,34.304067],[-118.896771,34.303927],[-118.89675,34.30388],[-118.896736,34.303789],[-118.896692,34.303781],[-118.896222,34.30391],[-118.896182,34.303931],[-118.896149,34.303963],[-118.896108,34.304112],[-118.896021,34.304513],[-118.895952,34.304605]]}},{"type":"Feature","properties":{"k":"path"},"geometry":{"type":"LineString","coordinates":[[-118.896736,34.303789],[-118.896728,34.303704],[-118.896697,34.303633],[-118.896687,34.303585],[-118.896664,34.303544],[-118.896629,34.303498],[-118.896454,34.303332],[-118.896393,34.303306],[-118.896341,34.303298],[-118.896284,34.303305],[-118.896121,34.303349],[-118.896063,34.30335],[-118.896011,34.303337],[-118.895852,34.303258],[-118.8956,34.303176],[-118.895559,34.303152],[-118.895502,34.303095],[-118.895404,34.302965],[-118.895349,34.302871],[-118.895295,34.302743],[-118.89525,34.302666],[-118.895185,34.302592],[-118.895104,34.302531],[-118.894953,34.302466],[-118.894849,34.302436],[-118.89466,34.302417],[-118.894506,34.302428],[-118.89446,34.302425],[-118.894373,34.30241],[-118.894309,34.302388],[-118.894275,34.30237],[-118.894233,34.302332],[-118.894099,34.302151],[-118.894052,34.30213],[-118.893998,34.302139],[-118.893969,34.302168],[-118.893961,34.3022],[-118.894052,34.302381],[-118.894056,34.302427],[-118.894038,34.302464],[-118.894006,34.302486],[-118.893983,34.302493],[-118.893927,34.302486],[-118.893895,34.302466],[-118.893803,34.302367],[-118.893758,34.302336],[-118.893693,34.302336],[-118.893658,34.302352],[-118.893627,34.30239],[-118.893582,34.30247],[-118.893512,34.302604],[-118.893469,34.302711],[-118.893314,34.302958],[-118.893289,34.303046],[-118.893339,34.303291],[-118.893341,34.3034],[-118.893329,34.303509],[-118.893296,34.30363],[-118.893234,34.303779],[-118.893173,34.303857],[-118.893054,34.303974],[-118.893031,34.304027],[-118.89303,34.304049],[-118.893051,34.304099],[-118.893077,34.304126],[-118.893108,34.304143],[-118.893207,34.304167],[-118.893359,34.304185],[-118.893429,34.304204],[-118.893478,34.304228],[-118.893553,34.304297],[-118.893583,34.304379],[-118.893566,34.304694],[-118.893616,34.304887],[-118.893615,34.304963],[-118.893608,34.304989],[-118.893575,34.305045],[-118.893364,34.305335],[-118.893204,34.305486],[-118.893152,34.305514],[-118.892991,34.305557],[-118.892827,34.305558],[-118.892484,34.305515],[-118.892332,34.305488],[-118.892205,34.305445],[-118.892162,34.305402],[-118.892159,34.305376],[-118.892185,34.305323],[-118.892218,34.305297],[-118.892338,34.305252],[-118.892371,34.305233],[-118.89239,34.305205],[-118.89239,34.305176],[-118.892378,34.305154],[-118.892348,34.305127],[-118.892308,34.305107],[-118.892268,34.305103],[-118.89221,34.305119],[-118.892169,34.30514],[-118.891882,34.305299],[-118.891551,34.305404],[-118.891508,34.305426],[-118.891478,34.30546],[-118.89143,34.305585],[-118.891384,34.305649],[-118.891356,34.305666],[-118.891266,34.30569],[-118.891086,34.305752],[-118.890927,34.30577],[-118.890394,34.305789],[-118.890198,34.305809]]}},{"type":"Feature","properties":{"k":"path"},"geometry":{"type":"LineString","coordinates":[[-118.890198,34.305809],[-118.890063,34.305813],[-118.889556,34.305861],[-118.889371,34.305863],[-118.889196,34.305833],[-118.88913,34.305829],[-118.888885,34.305859],[-118.888745,34.305859],[-118.888695,34.305852],[-118.888581,34.305817],[-118.888534,34.305787],[-118.888459,34.305719],[-118.888422,34.305639],[-118.888393,34.30552],[-118.888365,34.305443],[-118.888302,34.305357]]}},{"type":"Feature","properties":{"k":"path"},"geometry":{"type":"LineString","coordinates":[[-118.88913,34.305829],[-118.889196,34.305788],[-118.889314,34.305742],[-118.889374,34.305699],[-118.889436,34.30563],[-118.889512,34.30552],[-118.889581,34.305362],[-118.889597,34.305299],[-118.88964,34.305208],[-118.889684,34.30514],[-118.890006,34.304801],[-118.890114,34.304701],[-118.890146,34.304656],[-118.890187,34.304526],[-118.890284,34.304388],[-118.890338,34.304327],[-118.890406,34.304278],[-118.890539,34.304212],[-118.89063,34.304158],[-118.890683,34.304106],[-118.890782,34.30397],[-118.890938,34.303863],[-118.890964,34.303836],[-118.890987,34.303783],[-118.891042,34.303741],[-118.891206,34.303664],[-118.891508,34.303564],[-118.89157,34.303553],[-118.891737,34.303559],[-118.891767,34.303552],[-118.891779,34.303533],[-118.891766,34.303517],[-118.891732,34.303522],[-118.891683,34.303548],[-118.891655,34.303553]]}},{"type":"Feature","properties":{"k":"path"},"geometry":{"type":"LineString","coordinates":[[-118.891042,34.303741],[-118.890854,34.30381],[-118.8907,34.303893],[-118.890623,34.303911],[-118.890583,34.303911],[-118.890349,34.303863],[-118.890268,34.303855],[-118.890066,34.303902],[-118.88962,34.303879],[-118.889508,34.303892],[-118.889214,34.303967],[-118.889089,34.303984],[-118.888938,34.303987],[-118.888815,34.303977],[-118.888706,34.303958],[-118.88853,34.303913],[-118.888463,34.303906],[-118.888358,34.303918],[-118.887959,34.303996],[-118.887749,34.304013],[-118.887668,34.304009],[-118.88755,34.303988],[-118.887329,34.303911],[-118.886876,34.303819],[-118.886798,34.303827],[-118.88667,34.303858],[-118.886422,34.303952],[-118.886389,34.303956],[-118.886191,34.303943],[-118.886157,34.303947],[-118.886122,34.30396],[-118.886066,34.303994],[-118.886027,34.304029],[-118.885939,34.304112],[-118.88587,34.304197],[-118.885847,34.304236],[-118.885828,34.30431],[-118.885828,34.30438],[-118.885838,34.304419],[-118.885889,34.304502],[-118.88598,34.304588],[-118.886147,34.304726],[-118.886188,34.304778],[-118.886228,34.304854],[-118.886482,34.305248],[-118.886559,34.305356],[-118.886679,34.305494],[-118.886698,34.30553],[-118.886715,34.305613],[-118.886691,34.305721],[-118.886675,34.305747],[-118.886637,34.305773],[-118.88645,34.305853],[-118.886389,34.30586],[-118.886363,34.305855],[-118.886281,34.305816],[-118.886246,34.305808],[-118.886006,34.305834],[-118.885948,34.305827],[-118.885904,34.305808],[-118.885797,34.305743],[-118.885743,34.305721],[-118.885571,34.305686],[-118.885504,34.305643],[-118.885313,34.305414],[-118.885251,34.305325],[-118.885119,34.305163],[-118.884976,34.305006],[-118.88493,34.304935],[-118.884805,34.304696],[-118.88475,34.304634],[-118.884528,34.304478],[-118.884453,34.304399],[-118.884327,34.30421],[-118.884175,34.304099],[-118.884154,34.304075],[-118.884133,34.304027],[-118.884145,34.303971],[-118.884158,34.303945],[-118.88421,34.303897],[-118.884313,34.303829],[-118.884347,34.303783],[-118.884353,34.303738],[-118.884347,34.303712],[-118.884322,34.303669],[-118.884231,34.303599],[-118.883755,34.3034],[-118.883685,34.303358],[-118.883646,34.303316],[-118.883634,34.303286],[-118.883626,34.303185],[-118.883647,34.303104],[-118.883676,34.303056],[-118.883704,34.303029],[-118.88398,34.302849],[-118.884049,34.302814],[-118.884104,34.302796],[-118.884151,34.302799],[-118.884184,34.302811],[-118.884277,34.30289],[-118.884375,34.302949],[-118.884514,34.302999],[-118.884582,34.303011],[-118.884747,34.303018],[-118.884914,34.302993],[-118.884966,34.302991],[-118.885122,34.302997],[-118.885372,34.303028],[-118.885519,34.303027],[-118.885642,34.302996],[-118.885708,34.302961],[-118.88579,34.302896],[-118.885912,34.302765],[-118.885991,34.302719],[-118.886033,34.302712],[-118.88628,34.302715],[-118.886549,34.302781],[-118.886909,34.302797],[-118.887442,34.302787],[-118.887778,34.302739],[-118.887857,34.302712],[-118.887952,34.302649],[-118.887996,34.302591],[-118.888044,34.302478],[-118.888077,34.302442],[-118.888197,34.30239],[-118.888255,34.302375],[-118.888336,34.302367],[-118.888512,34.302373],[-118.888623,34.302396],[-118.88873,34.302448],[-118.888796,34.3025],[-118.888837,34.302545],[-118.888872,34.302602],[-118.88888,34.302671],[-118.888861,34.30274],[-118.888746,34.303002],[-118.888742,34.303047],[-118.888757,34.303077],[-118.888792,34.303107],[-118.888818,34.303115],[-118.888892,34.303117],[-118.888968,34.303086],[-118.88899,34.30307],[-118.889253,34.302826],[-118.889354,34.302751],[-118.88942,34.302726],[-118.889649,34.302687],[-118.88983,34.302607],[-118.890263,34.302457],[-118.890372,34.302426],[-118.890435,34.302416],[-118.89064,34.302411],[-118.891163,34.302371],[-118.891488,34.302367],[-118.891576,34.302344],[-118.891631,34.30231],[-118.891735,34.302202],[-118.891821,34.302137],[-118.891918,34.302024],[-118.892022,34.301934],[-118.892179,34.301831],[-118.892379,34.301753],[-118.892412,34.301734],[-118.892476,34.301684],[-118.892514,34.301631],[-118.892533,34.301585],[-118.892569,34.301428],[-118.892542,34.301349],[-118.89245,34.301235],[-118.892408,34.301166],[-118.892399,34.301136],[-118.892404,34.301082],[-118.892424,34.301066],[-118.892571,34.301028],[-118.892731,34.300972],[-118.892749,34.300952],[-118.892754,34.300927],[-118.892743,34.300904],[-118.892718,34.300892],[-118.892651,34.300878],[-118.892442,34.300804],[-118.892414,34.300789],[-118.892391,34.300768],[-118.892381,34.300745],[-118.89238,34.300723],[-118.8924,34.300686],[-118.89246,34.300658],[-118.892538,34.30064],[-118.89301,34.3006],[-118.893085,34.300614],[-118.893314,34.300739],[-118.893423,34.300769],[-118.893505,34.300777],[-118.893581,34.300776],[-118.893849,34.300742],[-118.894122,34.300768],[-118.894361,34.300806],[-118.894421,34.300799],[-118.894466,34.300768],[-118.894471,34.300732],[-118.89446,34.300716],[-118.894407,34.300678],[-118.894133,34.300532],[-118.893979,34.300462],[-118.893957,34.300424],[-118.893962,34.300408],[-118.89399,34.300378],[-118.894245,34.300274],[-118.894332,34.300283],[-118.89447,34.300346],[-118.894522,34.300355],[-118.894645,34.300401],[-118.894814,34.30044],[-118.894861,34.300459],[-118.8951,34.300702],[-118.895201,34.300781],[-118.895357,34.300864],[-118.895523,34.300964],[-118.89564,34.301017],[-118.895679,34.301043],[-118.895719,34.301114],[-118.895734,34.301236],[-118.89575,34.301276],[-118.895778,34.301326],[-118.895811,34.301359],[-118.895944,34.301436],[-118.896163,34.301521],[-118.896218,34.30155],[-118.896507,34.301773],[-118.896543,34.301809],[-118.896658,34.301932],[-118.896841,34.302164],[-118.896902,34.302263],[-118.896927,34.302347],[-118.896976,34.302444],[-118.897034,34.302508],[-118.89714,34.302592],[-118.897213,34.302691],[-118.897245,34.302746],[-118.897275,34.302829],[-118.897334,34.303147],[-118.897356,34.303214],[-118.89743,34.303339],[-118.897559,34.303419],[-118.897583,34.30345],[-118.89762,34.303572],[-118.897669,34.303686],[-118.897677,34.303822],[-118.897775,34.303962],[-118.897859,34.304037]]}},{"type":"Feature","properties":{"k":"path"},"geometry":{"type":"LineString","coordinates":[[-118.897583,34.30345],[-118.89761,34.303356],[-118.897571,34.303165],[-118.897526,34.303067],[-118.897467,34.302863],[-118.897423,34.302815],[-118.897401,34.302773],[-118.897299,34.302356],[-118.897146,34.302067],[-118.89699,34.301823],[-118.896959,34.301596],[-118.896936,34.301513],[-118.896849,34.301286],[-118.896837,34.301186],[-118.89686,34.301136],[-118.896901,34.301109],[-118.896955,34.301102],[-118.897073,34.301106],[-118.897198,34.301095],[-118.897334,34.3011],[-118.89748,34.301057],[-118.897649,34.30104],[-118.897857,34.300956],[-118.897971,34.300954],[-118.898002,34.300959],[-118.89804,34.300978],[-118.898082,34.300984],[-118.898103,34.300968],[-118.898106,34.300955],[-118.898099,34.300942],[-118.898069,34.300932],[-118.897971,34.300954]]}},{"type":"Feature","properties":{"k":"path"},"geometry":{"type":"LineString","coordinates":[[-118.898196,34.304073],[-118.898454,34.303933],[-118.89849,34.303897],[-118.898573,34.303844],[-118.898627,34.303824],[-118.898748,34.303796]]}},{"type":"Feature","properties":{"k":"path"},"geometry":{"type":"LineString","coordinates":[[-118.898748,34.303796],[-118.898903,34.303757],[-118.899,34.303742],[-118.899061,34.303722],[-118.899197,34.303643],[-118.899232,34.303636],[-118.899235,34.303479],[-118.899203,34.303255],[-118.89925,34.3031],[-118.899263,34.302966],[-118.899255,34.302895],[-118.899196,34.302637],[-118.899197,34.302587],[-118.899219,34.302492],[-118.899275,34.302367],[-118.899225,34.301999],[-118.899251,34.301952],[-118.899294,34.301904],[-118.899462,34.301749],[-118.899484,34.301708],[-118.899524,34.301522],[-118.899553,34.301466],[-118.899629,34.301367],[-118.89974,34.301148],[-118.899769,34.301109],[-118.899858,34.301041],[-118.899962,34.301002],[-118.90017,34.300965],[-118.900234,34.30095],[-118.900296,34.300924],[-118.900319,34.300906],[-118.900405,34.300802],[-118.90051,34.30072],[-118.900846,34.300525],[-118.900909,34.300456],[-118.901021,34.300293],[-118.901115,34.300207],[-118.901217,34.300149],[-118.901229,34.300121],[-118.901227,34.300096],[-118.901209,34.300079],[-118.901168,34.300062],[-118.901063,34.300059],[-118.900588,34.300144],[-118.900509,34.300146],[-118.90019,34.300126],[-118.899939,34.300149],[-118.899821,34.300181],[-118.899778,34.300201],[-118.899313,34.300455],[-118.899193,34.300484],[-118.899029,34.300545],[-118.898912,34.300571],[-118.898697,34.300604],[-118.898548,34.300646],[-118.898321,34.300681],[-118.897723,34.300683],[-118.897522,34.30073],[-118.89738,34.300735],[-118.897239,34.300786],[-118.897101,34.300794],[-118.897051,34.300817],[-118.896971,34.300868],[-118.896898,34.300897],[-118.896773,34.300932],[-118.896686,34.300946],[-118.896552,34.300934],[-118.896301,34.300895],[-118.896267,34.30088],[-118.896233,34.300861],[-118.896212,34.300838],[-118.896192,34.300798],[-118.896191,34.300776],[-118.896211,34.300733],[-118.896296,34.300651],[-118.896385,34.300544],[-118.896515,34.300461],[-118.89657,34.300399],[-118.896613,34.300367],[-118.896731,34.300295],[-118.896758,34.300238],[-118.896786,34.300125],[-118.896837,34.300079],[-118.89714,34.29994],[-118.897447,34.299864],[-118.897508,34.299839],[-118.897616,34.299773],[-118.897714,34.299634],[-118.897778,34.299576],[-118.89796,34.29946],[-118.898111,34.299403],[-118.898177,34.29937],[-118.898244,34.299358],[-118.898268,34.299362],[-118.898322,34.299382],[-118.898449,34.299465],[-118.898529,34.299484],[-118.898665,34.299467],[-118.89883,34.29941],[-118.89913,34.299445],[-118.899371,34.299449],[-118.899469,34.299435],[-118.899575,34.299403],[-118.899775,34.299289],[-118.899849,34.299266],[-118.899965,34.299256],[-118.900058,34.299269],[-118.90011,34.299292],[-118.900137,34.299315],[-118.900309,34.299596],[-118.900418,34.299821],[-118.90046,34.299878],[-118.900515,34.299914],[-118.900712,34.299937],[-118.900962,34.299937],[-118.90102,34.299947],[-118.901235,34.300017],[-118.901292,34.30005],[-118.901347,34.300095],[-118.901438,34.300135],[-118.901669,34.300198],[-118.90173,34.300198],[-118.901799,34.300181],[-118.902009,34.300105],[-118.902089,34.300059],[-118.9021,34.300029],[-118.902093,34.299995],[-118.902076,34.299971],[-118.902047,34.299951],[-118.901939,34.299902],[-118.901869,34.299844],[-118.901827,34.299752],[-118.901822,34.299668],[-118.901848,34.29952],[-118.901875,34.299457],[-118.901925,34.299387],[-118.902038,34.299265],[-118.902148,34.299094],[-118.902214,34.29904],[-118.902386,34.298957],[-118.902503,34.298881],[-118.902633,34.298845],[-118.902851,34.298809],[-118.903177,34.298724],[-118.903208,34.298709],[-118.90323,34.298684],[-118.903228,34.29866],[-118.903195,34.298633],[-118.902909,34.298625],[-118.902794,34.298591],[-118.902683,34.298531],[-118.902638,34.298493],[-118.902618,34.298449],[-118.902634,34.298407],[-118.90269,34.298378],[-118.902748,34.298372],[-118.903192,34.298393],[-118.903389,34.298341],[-118.903456,34.298307],[-118.90361,34.29819],[-118.903809,34.298099],[-118.903862,34.298065],[-118.903877,34.298041],[-118.903889,34.297995],[-118.903875,34.297892],[-118.903882,34.297826],[-118.904005,34.297601],[-118.90404,34.297569],[-118.904095,34.297551],[-118.904167,34.297551],[-118.9043,34.297566],[-118.90447,34.297546],[-118.90455,34.297512],[-118.904688,34.29739],[-118.904755,34.297345],[-118.904999,34.297311],[-118.905211,34.297216],[-118.905409,34.297167],[-118.905536,34.297124],[-118.905591,34.297119],[-118.90564,34.297125],[-118.905735,34.297155],[-118.90579,34.297181],[-118.90594,34.297291],[-118.906004,34.297308],[-118.906088,34.297315],[-118.906192,34.297311],[-118.906336,34.29736],[-118.9064,34.297364],[-118.906635,34.297366],[-118.906785,34.297359],[-118.906964,34.297387],[-118.907115,34.297359],[-118.907201,34.297379],[-118.907324,34.297424],[-118.907401,34.297435],[-118.907474,34.297423],[-118.907659,34.297339],[-118.907989,34.297163],[-118.908093,34.29714],[-118.908205,34.297144],[-118.908265,34.297157],[-118.908475,34.297225],[-118.908705,34.297253],[-118.908898,34.297293],[-118.909016,34.297371],[-118.909167,34.29749],[-118.909236,34.297528],[-118.909273,34.297536],[-118.909309,34.297532],[-118.909396,34.297497],[-118.909454,34.297496],[-118.909603,34.297578]]}},{"type":"Feature","properties":{"k":"path"},"geometry":{"type":"LineString","coordinates":[[-118.896196,34.300764],[-118.896181,34.300743],[-118.896119,34.300692],[-118.896011,34.300647],[-118.896003,34.300635],[-118.896011,34.300608],[-118.896034,34.300598],[-118.896056,34.3006],[-118.896176,34.300635],[-118.896296,34.300651]]}},{"type":"Feature","properties":{"k":"path"},"geometry":{"type":"LineString","coordinates":[[-118.901217,34.300149],[-118.901304,34.300124],[-118.901402,34.300123]]}},{"type":"Feature","properties":{"k":"path"},"geometry":{"type":"LineString","coordinates":[[-118.901825,34.299723],[-118.901957,34.299557],[-118.901959,34.299472],[-118.901948,34.299429],[-118.901925,34.299387]]}},{"type":"Feature","properties":{"k":"path"},"geometry":{"type":"LineString","coordinates":[[-118.909955,34.297659],[-118.910039,34.297666],[-118.910068,34.297657],[-118.910091,34.297636],[-118.910139,34.297558],[-118.910165,34.297494],[-118.910152,34.297357],[-118.910166,34.297293],[-118.910177,34.297275],[-118.910219,34.297246],[-118.910246,34.297237],[-118.910282,34.297237],[-118.910315,34.297248],[-118.910339,34.297267],[-118.910365,34.297309],[-118.910408,34.297558],[-118.910424,34.2976],[-118.910448,34.297634],[-118.910496,34.297658],[-118.910584,34.297674],[-118.910785,34.297646],[-118.910806,34.297652],[-118.910823,34.297687],[-118.910821,34.297708],[-118.910799,34.297744],[-118.910753,34.297779],[-118.910673,34.297806],[-118.910497,34.297848],[-118.910428,34.297877],[-118.910228,34.29804],[-118.910074,34.298122],[-118.910051,34.298143],[-118.910008,34.298269],[-118.90997,34.298297],[-118.909871,34.298349],[-118.909834,34.298403],[-118.909825,34.298441],[-118.909826,34.298505],[-118.909854,34.29864],[-118.909852,34.298658],[-118.909829,34.298685],[-118.909519,34.298835],[-118.909184,34.298905],[-118.908843,34.299034],[-118.908622,34.299091],[-118.908572,34.299112],[-118.908024,34.299408],[-118.907836,34.299537],[-118.907743,34.299579],[-118.907614,34.299603],[-118.907537,34.299633],[-118.907238,34.299847],[-118.907151,34.299923],[-118.906865,34.300293],[-118.906837,34.300373],[-118.90679,34.300573],[-118.906745,34.300655],[-118.906672,34.300716],[-118.906544,34.300785],[-118.906485,34.300829],[-118.906168,34.30122],[-118.906112,34.301271],[-118.905927,34.30139],[-118.905725,34.301633],[-118.905536,34.30204],[-118.905493,34.302151],[-118.90547,34.302265],[-118.905471,34.302481],[-118.905458,34.302584],[-118.905354,34.302859],[-118.905305,34.303088],[-118.905235,34.303274],[-118.905175,34.30336],[-118.90513,34.303404],[-118.904889,34.30359],[-118.904745,34.303604],[-118.904648,34.303623],[-118.904281,34.30373],[-118.903879,34.303835],[-118.903647,34.303949],[-118.903581,34.303974],[-118.903161,34.304004],[-118.902767,34.304071],[-118.902483,34.30418],[-118.902316,34.304276],[-118.902235,34.304307]]}},{"type":"Feature","properties":{"k":"path"},"geometry":{"type":"LineString","coordinates":[[-118.910815,34.297722],[-118.910841,34.297753],[-118.910843,34.297796],[-118.910802,34.29781],[-118.910741,34.297784]]}},{"type":"Feature","properties":{"k":"path"},"geometry":{"type":"LineString","coordinates":[[-118.905277,34.303573],[-118.904874,34.303592]]}},{"type":"Feature","properties":{"k":"path"},"geometry":{"type":"LineString","coordinates":[[-118.904315,34.303801],[-118.904281,34.30373]]}},{"type":"Feature","properties":{"k":"path"},"geometry":{"type":"LineString","coordinates":[[-118.899593,34.304195],[-118.899551,34.304181],[-118.899501,34.304141],[-118.899441,34.304074],[-118.899401,34.304014],[-118.899389,34.303963],[-118.899379,34.303816],[-118.899383,34.303759],[-118.899394,34.30373],[-118.899591,34.303559],[-118.899608,34.303537],[-118.899771,34.303282],[-118.899832,34.303058],[-118.899862,34.302993],[-118.899897,34.302951],[-118.900019,34.302862],[-118.900053,34.302824],[-118.900099,34.30273],[-118.900181,34.302631],[-118.900196,34.302585],[-118.900194,34.30251],[-118.900233,34.302384],[-118.900237,34.302238],[-118.900269,34.302149],[-118.900288,34.302121],[-118.900435,34.301974],[-118.900567,34.301811],[-118.900685,34.301652],[-118.900773,34.301506],[-118.900912,34.30135],[-118.901024,34.301272],[-118.901179,34.301208],[-118.901211,34.301189],[-118.901313,34.301065],[-118.901344,34.301045],[-118.901417,34.301008],[-118.901556,34.300954],[-118.901708,34.300845],[-118.90181,34.300805],[-118.901839,34.3008],[-118.901861,34.300799],[-118.901906,34.300814],[-118.902009,34.300933],[-118.902082,34.300968],[-118.902144,34.300975],[-118.902249,34.300966],[-118.902414,34.30097],[-118.902497,34.300963],[-118.902544,34.300981],[-118.902648,34.301052],[-118.902708,34.301076],[-118.902825,34.301084],[-118.90292,34.301105],[-118.903003,34.301111],[-118.903169,34.30107],[-118.903205,34.301065],[-118.903308,34.301072],[-118.903387,34.30105],[-118.903433,34.301014],[-118.903485,34.300946],[-118.903552,34.300791],[-118.903588,34.300639],[-118.903645,34.300531],[-118.903711,34.300444],[-118.903867,34.300303],[-118.903939,34.300174],[-118.904064,34.29998],[-118.904215,34.299846],[-118.904254,34.299801],[-118.904304,34.299725],[-118.904338,34.299638],[-118.904352,34.299516],[-118.904368,34.299458],[-118.904443,34.299316],[-118.904476,34.299163],[-118.904502,34.299104],[-118.904696,34.298923],[-118.904751,34.298795],[-118.904783,34.298755],[-118.904897,34.298648],[-118.90502,34.298472],[-118.90511,34.298312],[-118.905299,34.298093],[-118.905476,34.29792],[-118.905549,34.297888],[-118.905688,34.297871],[-118.905838,34.297896],[-118.905884,34.297896],[-118.905927,34.297882],[-118.906059,34.297802],[-118.906104,34.297789],[-118.906132,34.297792],[-118.906283,34.297847],[-118.90635,34.297857],[-118.9064,34.297851],[-118.906524,34.297792],[-118.906573,34.29778],[-118.906628,34.297781],[-118.906668,34.297797],[-118.90671,34.297843],[-118.906732,34.297999],[-118.906751,34.298045],[-118.906779,34.298077],[-118.906817,34.298099],[-118.90687,34.298115],[-118.907229,34.298167],[-118.907273,34.298181],[-118.907326,34.298228],[-118.907352,34.298274],[-118.907354,34.29831],[-118.907337,34.298341],[-118.907296,34.298369],[-118.907237,34.298392],[-118.907083,34.298422],[-118.906907,34.298473],[-118.906774,34.298492],[-118.9067,34.298519],[-118.906588,34.298602],[-118.906498,34.298659],[-118.906223,34.298753],[-118.906136,34.29879],[-118.906052,34.298838],[-118.905973,34.298902],[-118.905795,34.299082],[-118.905727,34.299186],[-118.905665,34.299351],[-118.905603,34.299464],[-118.905483,34.299626],[-118.905348,34.299769],[-118.90529,34.299884],[-118.905212,34.300001],[-118.90516,34.300193],[-118.905067,34.300388],[-118.905057,34.300459],[-118.905061,34.300628],[-118.905051,34.30067],[-118.905027,34.300718],[-118.904931,34.30086],[-118.90491,34.30091],[-118.904842,34.301168],[-118.90479,34.301308],[-118.904764,34.301335],[-118.904727,34.301351],[-118.904614,34.301357],[-118.904563,34.301369],[-118.904412,34.301458],[-118.904209,34.301501],[-118.904131,34.301525],[-118.904081,34.301557],[-118.904065,34.301583],[-118.904057,34.301624],[-118.904085,34.301764],[-118.904083,34.301814],[-118.904021,34.302118],[-118.904031,34.30215],[-118.904049,34.302163],[-118.904125,34.302197],[-118.904153,34.302218],[-118.904165,34.302248],[-118.904148,34.302278],[-118.904073,34.302309],[-118.903838,34.302352],[-118.903756,34.302357],[-118.903613,34.302346],[-118.903577,34.302353],[-118.903555,34.302381],[-118.903564,34.302413],[-118.903664,34.302489],[-118.903674,34.302516],[-118.903663,34.302528],[-118.903584,34.302546],[-118.903362,34.302541],[-118.903289,34.30255],[-118.90327,34.302575],[-118.903311,34.302643],[-118.903317,34.302669],[-118.903298,34.302701],[-118.903262,34.302708],[-118.903195,34.302686],[-118.903107,34.302668],[-118.903048,34.302686],[-118.902889,34.30281],[-118.902622,34.302956],[-118.902556,34.303003],[-118.902502,34.303055],[-118.902413,34.30319]]}},{"type":"Feature","properties":{"k":"path"},"geometry":{"type":"LineString","coordinates":[[-118.899437,34.303687],[-118.899377,34.303682],[-118.899261,34.303638],[-118.899232,34.303636]]}},{"type":"Feature","properties":{"k":"path"},"geometry":{"type":"LineString","coordinates":[[-118.899593,34.304195],[-118.899514,34.304198],[-118.899484,34.304208],[-118.899392,34.30428],[-118.899338,34.30435],[-118.899332,34.304421],[-118.899351,34.304534],[-118.899321,34.304623],[-118.899322,34.304668],[-118.899374,34.304741],[-118.899461,34.304823],[-118.89948,34.304856]]}},{"type":"Feature","properties":{"k":"path"},"geometry":{"type":"LineString","coordinates":[[-118.899484,34.304208],[-118.899507,34.304178],[-118.899501,34.304141]]}},{"type":"Feature","properties":{"k":"path"},"geometry":{"type":"LineString","coordinates":[[-118.899483,34.304897],[-118.899491,34.305032],[-118.899459,34.305087],[-118.89942,34.305105],[-118.898528,34.3053],[-118.8985,34.30531],[-118.898461,34.30534],[-118.898442,34.3054]]}},{"type":"Feature","properties":{"k":"path"},"geometry":{"type":"LineString","coordinates":[[-118.898477,34.305557],[-118.898518,34.305564],[-118.898807,34.305529],[-118.898894,34.305531],[-118.89905,34.305548],[-118.899178,34.30554],[-118.899265,34.30552],[-118.899401,34.305451],[-118.899596,34.305407],[-118.899644,34.30541],[-118.899703,34.305433],[-118.899746,34.305438],[-118.899887,34.305376],[-118.899972,34.305314],[-118.900045,34.305284],[-118.900123,34.305283],[-118.900376,34.305314],[-118.900407,34.30532],[-118.900441,34.305347],[-118.900438,34.305388],[-118.900418,34.3054],[-118.900304,34.30543],[-118.900187,34.305489],[-118.900089,34.305497],[-118.900025,34.305515],[-118.899751,34.305687],[-118.899683,34.305724],[-118.899611,34.305753],[-118.899037,34.305847],[-118.898972,34.305849],[-118.89874,34.30583],[-118.898444,34.305883],[-118.898279,34.305887],[-118.898105,34.305955],[-118.897891,34.306013],[-118.897721,34.306083],[-118.897589,34.306119],[-118.897448,34.306147],[-118.897069,34.3062],[-118.897017,34.306215],[-118.896655,34.306355],[-118.896502,34.306391],[-118.896122,34.306514],[-118.895967,34.306572],[-118.895886,34.306615],[-118.895697,34.306728],[-118.895621,34.306799],[-118.895583,34.306888],[-118.895547,34.307033],[-118.895509,34.307133],[-118.89551,34.307176],[-118.895531,34.307221],[-118.895644,34.307335],[-118.895667,34.307381],[-118.895675,34.307439],[-118.895691,34.307482],[-118.895729,34.307506],[-118.895782,34.307515],[-118.895838,34.30751],[-118.895934,34.307492],[-118.896083,34.307475],[-118.896182,34.307443],[-118.896231,34.307442],[-118.896282,34.307458],[-118.896318,34.307481],[-118.896368,34.307532],[-118.896393,34.307545]]}},{"type":"Feature","properties":{"k":"path"},"geometry":{"type":"LineString","coordinates":[[-118.896973,34.30768],[-118.89703,34.307698],[-118.897069,34.307727],[-118.897124,34.307825],[-118.897154,34.307852],[-118.897245,34.307855],[-118.897293,34.307838],[-118.89746,34.307747],[-118.897543,34.307728],[-118.897673,34.307716],[-118.897756,34.307681],[-118.897868,34.307621],[-118.897975,34.307587],[-118.898152,34.307567],[-118.898313,34.307519],[-118.898381,34.307507],[-118.898663,34.307503],[-118.898731,34.307487],[-118.898821,34.307454],[-118.898966,34.30735],[-118.899038,34.307309],[-118.899205,34.307247],[-118.899299,34.307193],[-118.899439,34.307054],[-118.899508,34.306958],[-118.899613,34.306787],[-118.899676,34.306747],[-118.899838,34.30668],[-118.899928,34.306626],[-118.899975,34.306608],[-118.900057,34.306609],[-118.900168,34.306658],[-118.900196,34.306661],[-118.900222,34.306655],[-118.900252,34.306619],[-118.900261,34.306586]]}},{"type":"Feature","properties":{"k":"path"},"geometry":{"type":"LineString","coordinates":[[-118.900303,34.306315],[-118.900307,34.306216],[-118.900278,34.306128],[-118.900279,34.306075],[-118.900304,34.306039],[-118.900374,34.305979],[-118.900431,34.305948],[-118.900525,34.305913],[-118.900772,34.305853],[-118.900852,34.30585],[-118.900989,34.305901],[-118.90102,34.305906],[-118.901061,34.305903],[-118.901141,34.305876],[-118.901264,34.305804],[-118.901291,34.30578],[-118.901332,34.305735],[-118.901426,34.305593],[-118.901499,34.305513],[-118.901561,34.30548],[-118.90179,34.305408],[-118.901856,34.305374],[-118.901897,34.305308],[-118.901898,34.30523],[-118.901916,34.305179],[-118.901933,34.305164],[-118.901959,34.305155],[-118.902005,34.305155],[-118.902024,34.305164],[-118.90205,34.3052],[-118.90207,34.305267],[-118.902102,34.305488],[-118.902101,34.305551],[-118.902083,34.305573],[-118.90203,34.305607],[-118.901876,34.305671],[-118.901842,34.3057],[-118.901826,34.305767],[-118.901838,34.305859],[-118.901823,34.305984],[-118.901825,34.30601],[-118.901843,34.306051]]}},{"type":"Feature","properties":{"k":"path"},"geometry":{"type":"LineString","coordinates":[[-118.902007,34.306329],[-118.902033,34.306396],[-118.90203,34.306454],[-118.902037,34.306499],[-118.90205,34.306522],[-118.902087,34.30655],[-118.90216,34.306571],[-118.902305,34.306551],[-118.902402,34.306561],[-118.902523,34.30662],[-118.902634,34.306701],[-118.902732,34.30675],[-118.902824,34.306805],[-118.902888,34.306869],[-118.903108,34.307231],[-118.903155,34.307282],[-118.903211,34.307313],[-118.903492,34.307397],[-118.903532,34.307403],[-118.903728,34.307381],[-118.903996,34.30742],[-118.904066,34.307422],[-118.904112,34.307411],[-118.904144,34.307387]]}},{"type":"Feature","properties":{"k":"path"},"geometry":{"type":"LineString","coordinates":[[-118.904187,34.307325],[-118.904242,34.307183],[-118.904271,34.30715],[-118.904298,34.307136],[-118.904335,34.30713],[-118.904414,34.307141],[-118.904574,34.307145],[-118.904702,34.307186],[-118.904749,34.307191],[-118.90478,34.307175],[-118.9048,34.307152],[-118.904804,34.307126],[-118.904794,34.307095],[-118.904754,34.307037],[-118.90466,34.306957],[-118.904453,34.306859],[-118.90436,34.306802],[-118.904317,34.306765],[-118.904307,34.306728],[-118.904312,34.306707],[-118.904382,34.306555],[-118.904377,34.306506],[-118.904345,34.306463],[-118.904311,34.306441],[-118.904253,34.306425],[-118.904067,34.306422],[-118.903995,34.306411],[-118.903959,34.306379],[-118.903923,34.306273],[-118.903888,34.306217],[-118.903874,34.306204],[-118.903779,34.306179],[-118.903763,34.306167],[-118.903754,34.306141],[-118.903796,34.3061],[-118.903811,34.306072],[-118.903797,34.30604],[-118.903745,34.306018],[-118.903581,34.305998],[-118.903454,34.305967],[-118.903413,34.305932],[-118.903398,34.30589],[-118.903417,34.305845],[-118.903474,34.305811],[-118.903669,34.305779],[-118.903798,34.305704],[-118.90391,34.305673],[-118.90402,34.305625],[-118.904228,34.305422],[-118.904315,34.305318],[-118.90434,34.305267],[-118.904415,34.305013],[-118.904527,34.304878],[-118.904569,34.304805],[-118.904595,34.304708],[-118.904602,34.304575],[-118.90462,34.304453],[-118.904615,34.304398],[-118.904588,34.304328],[-118.904533,34.304255],[-118.904406,34.304139],[-118.90437,34.304049]]}},{"type":"Feature","properties":{"k":"rough"},"geometry":{"type":"Polygon","coordinates":[[[-118.898152,34.304035],[-118.898135,34.304049],[-118.898122,34.304085],[-118.898136,34.30412],[-118.898173,34.304142],[-118.898196,34.304145],[-118.898243,34.30413],[-118.898267,34.304094],[-118.898258,34.304054],[-118.89822,34.304027],[-118.898195,34.304024],[-118.898152,34.304035]]]}},{"type":"Feature","properties":{"k":"rough"},"geometry":{"type":"Polygon","coordinates":[[[-118.909172,34.297371],[-118.90924,34.297263],[-118.909272,34.297229],[-118.909321,34.297194],[-118.909342,34.297165],[-118.909307,34.297098],[-118.909199,34.297059],[-118.909142,34.297055],[-118.909111,34.297077],[-118.909057,34.297086],[-118.908904,34.297085],[-118.908853,34.297106],[-118.908779,34.297196],[-118.90879,34.297205],[-118.90892,34.297255],[-118.908965,34.29728],[-118.90903,34.297337],[-118.909083,34.297366],[-118.909138,34.297378],[-118.909172,34.297371]]]}},{"type":"Feature","properties":{"k":"path"},"geometry":{"type":"LineString","coordinates":[[-118.898748,34.303796],[-118.898775,34.30382],[-118.898861,34.303852],[-118.898864,34.303871],[-118.898877,34.303883],[-118.898893,34.303889],[-118.898921,34.303882],[-118.898924,34.303853],[-118.898906,34.303846],[-118.898861,34.303852]]}},{"type":"Feature","properties":{"k":"path"},"geometry":{"type":"LineString","coordinates":[[-118.899483,34.304897],[-118.89948,34.304856]]}},{"type":"Feature","properties":{"k":"path"},"geometry":{"type":"LineString","coordinates":[[-118.904315,34.303801],[-118.90437,34.304049]]}},{"type":"Feature","properties":{"k":"path"},"geometry":{"type":"LineString","coordinates":[[-118.901843,34.306051],[-118.902007,34.306329]]}},{"type":"Feature","properties":{"k":"path"},"geometry":{"type":"LineString","coordinates":[[-118.900303,34.306315],[-118.900261,34.306586]]}},{"type":"Feature","properties":{"k":"path"},"geometry":{"type":"LineString","coordinates":[[-118.896393,34.307545],[-118.896973,34.30768]]}},{"type":"Feature","properties":{"k":"path"},"geometry":{"type":"LineString","coordinates":[[-118.904187,34.307325],[-118.904144,34.307387]]}},{"type":"Feature","properties":{"k":"path"},"geometry":{"type":"LineString","coordinates":[[-118.902413,34.30319],[-118.902416,34.303226],[-118.902466,34.303328],[-118.902527,34.303569],[-118.90254,34.303659],[-118.90253,34.303712],[-118.902503,34.303781],[-118.902344,34.304035],[-118.902304,34.304079],[-118.902222,34.304137],[-118.902171,34.304202],[-118.90217,34.304249],[-118.902179,34.304269],[-118.902195,34.304286],[-118.902235,34.304307],[-118.902197,34.304322],[-118.902121,34.304344],[-118.902068,34.304348],[-118.902,34.304335],[-118.901895,34.304294],[-118.901845,34.3043],[-118.901809,34.30433],[-118.901785,34.304392],[-118.901751,34.304436],[-118.90173,34.304447],[-118.90169,34.304444],[-118.90166,34.30442],[-118.90163,34.304364],[-118.901573,34.30431],[-118.901423,34.304201],[-118.901372,34.304185],[-118.901209,34.304195],[-118.901093,34.304174],[-118.901035,34.304154],[-118.900779,34.304018],[-118.900685,34.30399],[-118.900393,34.304048],[-118.900123,34.304046],[-118.900068,34.304054],[-118.9,34.304093],[-118.899917,34.30419],[-118.899847,34.304228],[-118.899795,34.304232],[-118.899717,34.304226],[-118.899593,34.304195]]}}]}