{"type":"FeatureCollection","features":[{"type":"Feature","properties":{"k":"hole","ref":"1","par":4},"geometry":{"type":"LineString","coordinates":[[-117.431281,34.0277],[-117.430399,34.026064],[-117.429593,34.024844]]}},{"type":"Feature","properties":{"k":"hole","ref":"2","par":4},"geometry":{"type":"LineString","coordinates":[[-117.430411,34.024904],[-117.431915,34.026632],[-117.431889,34.027652]]}},{"type":"Feature","properties":{"k":"hole","ref":"3","par":4,"hcp":3},"geometry":{"type":"LineString","coordinates":[[-117.43386,34.029513],[-117.433935,34.031234],[-117.433621,34.031728]]}},{"type":"Feature","properties":{"k":"hole","ref":"4","par":5,"hcp":11},"geometry":{"type":"LineString","coordinates":[[-117.433878,34.033832],[-117.432285,34.032237],[-117.431842,34.030545],[-117.431127,34.029826]]}},{"type":"Feature","properties":{"k":"hole","ref":"5","par":3,"hcp":17},"geometry":{"type":"LineString","coordinates":[[-117.43167,34.028995],[-117.432697,34.02997]]}},{"type":"Feature","properties":{"k":"hole","ref":"6","par":4,"hcp":15},"geometry":{"type":"LineString","coordinates":[[-117.43395,34.029339],[-117.434787,34.027327],[-117.433754,34.02634]]}},{"type":"Feature","properties":{"k":"hole","ref":"7","par":3,"hcp":5},"geometry":{"type":"LineString","coordinates":[[-117.434083,34.025747],[-117.436235,34.025735]]}},{"type":"Feature","properties":{"k":"hole","ref":"8","par":4,"hcp":13},"geometry":{"type":"LineString","coordinates":[[-117.43418,34.025301],[-117.433892,34.023438],[-117.432591,34.022234]]}},{"type":"Feature","properties":{"k":"hole","ref":"9","par":4,"hcp":1},"geometry":{"type":"LineString","coordinates":[[-117.434158,34.021276],[-117.436593,34.020283],[-117.437809,34.019963]]}},{"type":"Feature","properties":{"k":"hole","ref":"10","par":5,"hcp":18},"geometry":{"type":"LineString","coordinates":[[-117.438773,34.019812],[-117.436292,34.021128],[-117.434669,34.02172],[-117.434097,34.022379]]}},{"type":"Feature","properties":{"k":"hole","ref":"11","par":4,"hcp":6},"geometry":{"type":"LineString","coordinates":[[-117.43352,34.022267],[-117.432407,34.020021],[-117.431071,34.019663]]}},{"type":"Feature","properties":{"k":"hole","ref":"12","par":3,"hcp":12},"geometry":{"type":"LineString","coordinates":[[-117.430037,34.019902],[-117.428283,34.02111]]}},{"type":"Feature","properties":{"k":"hole","ref":"13","par":4,"hcp":8},"geometry":{"type":"LineString","coordinates":[[-117.427106,34.021769],[-117.428427,34.019927],[-117.429899,34.019595]]}},{"type":"Feature","properties":{"k":"hole","ref":"14","par":5,"hcp":14},"geometry":{"type":"LineString","coordinates":[[-117.43064,34.020553],[-117.428101,34.022068],[-117.426727,34.022494],[-117.425601,34.022329]]}},{"type":"Feature","properties":{"k":"hole","ref":"15","par":4,"hcp":2},"geometry":{"type":"LineString","coordinates":[[-117.42622,34.023293],[-117.428763,34.022512],[-117.430145,34.021997]]}},{"type":"Feature","properties":{"k":"hole","ref":"16","par":3,"hcp":10},"geometry":{"type":"LineString","coordinates":[[-117.431511,34.020555],[-117.431308,34.022307]]}},{"type":"Feature","properties":{"k":"hole","ref":"17","par":4,"hcp":16},"geometry":{"type":"LineString","coordinates":[[-117.430464,34.023409],[-117.428136,34.023722],[-117.42701,34.023654]]}},{"type":"Feature","properties":{"k":"hole","ref":"18","par":5,"hcp":4},"geometry":{"type":"LineString","coordinates":[[-117.427076,34.024179],[-117.428963,34.025764],[-117.429801,34.027213],[-117.430632,34.027759]]}},{"type":"Feature","properties":{"k":"bunker"},"geometry":{"type":"Polygon","coordinates":[[[-117.434009,34.026667],[-117.433994,34.026708],[-117.433962,34.026727],[-117.43392,34.026714],[-117.433863,34.026674],[-117.43377,34.026627],[-117.433706,34.026586],[-117.433633,34.026498],[-117.433482,34.026359],[-117.433477,34.026263],[-117.433491,34.026212],[-117.433521,34.026164],[-117.43357,34.026123],[-117.43363,34.026089],[-117.433768,34.026081],[-117.433879,34.026041],[-117.433933,34.026047],[-117.43394,34.026063],[-117.433934,34.026077],[-117.433883,34.026146],[-117.433847,34.026158],[-117.43375,34.02614],[-117.433698,34.026159],[-117.433661,34.02619],[-117.433588,34.026194],[-117.43357,34.026215],[-117.433581,34.026257],[-117.433557,34.026259],[-117.433543,34.026289],[-117.433557,34.026308],[-117.433589,34.026304],[-117.433614,34.026325],[-117.433621,34.026364],[-117.433594,34.026385],[-117.433595,34.026403],[-117.433621,34.026425],[-117.433658,34.026429],[-117.433667,34.026437],[-117.433672,34.026448],[-117.433665,34.026463],[-117.433675,34.026493],[-117.433705,34.026502],[-117.433722,34.026492],[-117.433724,34.026476],[-117.433766,34.026474],[-117.4338,34.026507],[-117.433798,34.02654],[-117.433819,34.026569],[-117.433854,34.026578],[-117.433886,34.026555],[-117.433929,34.026566],[-117.433947,34.026578],[-117.433957,34.026632],[-117.434005,34.026658],[-117.434009,34.026667]]]}},{"type":"Feature","properties":{"k":"bunker"},"geometry":{"type":"Polygon","coordinates":[[[-117.434136,34.027334],[-117.434102,34.027504],[-117.434103,34.027657],[-117.434121,34.027683],[-117.434193,34.027684],[-117.434272,34.027647],[-117.43428,34.027627],[-117.434273,34.027605],[-117.434222,34.027561],[-117.434226,34.027535],[-117.434263,34.027507],[-117.434267,34.027469],[-117.43426,34.02746],[-117.434215,34.027444],[-117.434212,34.027421],[-117.43423,34.02741],[-117.434284,34.027421],[-117.434305,34.027411],[-117.434314,34.027393],[-117.43429,34.027347],[-117.434273,34.027341],[-117.434238,34.027341],[-117.434242,34.027304],[-117.434218,34.027289],[-117.434168,34.027295],[-117.434136,34.027334]]]}},{"type":"Feature","properties":{"k":"tee"},"geometry":{"type":"Polygon","coordinates":[[[-117.434461,34.028381],[-117.434479,34.02836],[-117.434482,34.02832],[-117.43446,34.028306],[-117.434428,34.028305],[-117.434412,34.028321],[-117.434404,34.028362],[-117.434425,34.028378],[-117.434461,34.028381]]]}},{"type":"Feature","properties":{"k":"tee"},"geometry":{"type":"Polygon","coordinates":[[[-117.434416,34.028497],[-117.434399,34.028562],[-117.434381,34.028585],[-117.434358,34.028585],[-117.434316,34.02857],[-117.434313,34.028548],[-117.434339,34.028481],[-117.434392,34.028484],[-117.434416,34.028497]]]}},{"type":"Feature","properties":{"k":"tee"},"geometry":{"type":"Polygon","coordinates":[[[-117.434285,34.028731],[-117.434198,34.02871],[-117.434171,34.02875],[-117.434163,34.028772],[-117.434167,34.028796],[-117.434184,34.02881],[-117.434261,34.028817],[-117.43429,34.028751],[-117.434285,34.028731]]]}},{"type":"Feature","properties":{"k":"tee"},"geometry":{"type":"Polygon","coordinates":[[[-117.433995,34.029014],[-117.434036,34.028938],[-117.434066,34.028937],[-117.434105,34.028952],[-117.434111,34.028962],[-117.434107,34.028976],[-117.434078,34.029042],[-117.434054,34.029047],[-117.434018,34.029039],[-117.433998,34.029029],[-117.433995,34.029014]]]}},{"type":"Feature","properties":{"k":"fairway"},"geometry":{"type":"Polygon","coordinates":[[[-117.434464,34.027921],[-117.434485,34.027797],[-117.434494,34.027659],[-117.434518,34.027615],[-117.434626,34.027479],[-117.434655,34.027417],[-117.434623,34.027251],[-117.434618,34.027199],[-117.434629,34.027158],[-117.434671,34.02712],[-117.434745,34.027099],[-117.434813,34.027103],[-117.43496,34.027135],[-117.434999,34.027172],[-117.434993,34.027236],[-117.434899,34.027409],[-117.434818,34.027685],[-117.434781,34.027775],[-117.434716,34.027858],[-117.434644,34.027931],[-117.434586,34.02797],[-117.434553,34.027979],[-117.434509,34.027976],[-117.434478,34.027953],[-117.434464,34.027921]]]}},{"type":"Feature","properties":{"k":"green"},"geometry":{"type":"Polygon","coordinates":[[[-117.433857,34.026368],[-117.433859,34.026413],[-117.433825,34.02644],[-117.433761,34.026447],[-117.433709,34.026431],[-117.433669,34.026382],[-117.433649,34.026301],[-117.433649,34.026267],[-117.433668,34.026233],[-117.433693,34.026217],[-117.433721,34.026218],[-117.433807,34.026263],[-117.433837,34.026307],[-117.433857,34.026368]]]}},{"type":"Feature","properties":{"k":"path"},"geometry":{"type":"LineString","coordinates":[[-117.434016,34.029423],[-117.434074,34.029279],[-117.434127,34.029179],[-117.434188,34.029107],[-117.434211,34.02904],[-117.434221,34.028938],[-117.434241,34.028897],[-117.434321,34.02882],[-117.434386,34.028648],[-117.434433,34.028585],[-117.434476,34.028485],[-117.434513,34.028378],[-117.434528,34.028289],[-117.43451,34.028131],[-117.434526,34.028098],[-117.434569,34.028049],[-117.434639,34.027991],[-117.434824,34.027811],[-117.434881,34.027698],[-117.434946,34.027448],[-117.435033,34.027345],[-117.435073,34.027279],[-117.435084,34.027239],[-117.435078,34.027176],[-117.435049,34.027099],[-117.435009,34.02704],[-117.434956,34.027001],[-117.434881,34.02698],[-117.434744,34.026973],[-117.43461,34.02695],[-117.434536,34.026932],[-117.434487,34.026907],[-117.434312,34.026788],[-117.434225,34.026679],[-117.434177,34.026594],[-117.43416,34.026543],[-117.434154,34.026491],[-117.434151,34.026297],[-117.434186,34.026025],[-117.434187,34.025894],[-117.434201,34.025852],[-117.434234,34.025821],[-117.434276,34.025805]]}},{"type":"Feature","properties":{"k":"green"},"geometry":{"type":"Polygon","coordinates":[[[-117.431297,34.022173],[-117.431258,34.022175],[-117.431231,34.022202],[-117.431213,34.022282],[-117.431214,34.02233],[-117.431232,34.022356],[-117.431258,34.02237],[-117.431346,34.022411],[-117.431377,34.022413],[-117.431408,34.022395],[-117.431416,34.022377],[-117.431411,34.022353],[-117.431334,34.022199],[-117.431297,34.022173]]]}},{"type":"Feature","properties":{"k":"bunker"},"geometry":{"type":"Polygon","coordinates":[[[-117.431111,34.02222],[-117.431117,34.022247],[-117.431134,34.022266],[-117.43116,34.02227],[-117.431174,34.022262],[-117.431181,34.022237],[-117.431163,34.022214],[-117.431131,34.022208],[-117.431111,34.02222]]]}},{"type":"Feature","properties":{"k":"bunker"},"geometry":{"type":"Polygon","coordinates":[[[-117.431407,34.022233],[-117.431391,34.022245],[-117.431394,34.022268],[-117.43141,34.022286],[-117.431431,34.022286],[-117.431447,34.022278],[-117.43145,34.022262],[-117.431429,34.022239],[-117.431407,34.022233]]]}},{"type":"Feature","properties":{"k":"bunker"},"geometry":{"type":"Polygon","coordinates":[[[-117.431209,34.02198],[-117.43119,34.022014],[-117.43119,34.022036],[-117.431211,34.02205],[-117.431264,34.022062],[-117.431307,34.022149],[-117.431323,34.022159],[-117.431345,34.022157],[-117.431379,34.022121],[-117.431376,34.022097],[-117.431321,34.02204],[-117.431255,34.021988],[-117.431236,34.021977],[-117.431209,34.02198]]]}},{"type":"Feature","properties":{"k":"bunker"},"geometry":{"type":"Polygon","coordinates":[[[-117.43094,34.022157],[-117.430926,34.022159],[-117.430924,34.022171],[-117.430952,34.022193],[-117.430971,34.02219],[-117.43097,34.022176],[-117.43094,34.022157]]]}},{"type":"Feature","properties":{"k":"bunker"},"geometry":{"type":"Polygon","coordinates":[[[-117.430878,34.021817],[-117.430855,34.021828],[-117.430863,34.021842],[-117.430893,34.021832],[-117.430893,34.02182],[-117.430878,34.021817]]]}},{"type":"Feature","properties":{"k":"tee"},"geometry":{"type":"Polygon","coordinates":[[[-117.430915,34.021501],[-117.430894,34.021441],[-117.430862,34.02144],[-117.430827,34.021455],[-117.43083,34.021481],[-117.430846,34.021514],[-117.430864,34.021519],[-117.430915,34.021501]]]}},{"type":"Feature","properties":{"k":"tee"},"geometry":{"type":"Polygon","coordinates":[[[-117.430873,34.021155],[-117.430849,34.021228],[-117.430864,34.02124],[-117.430892,34.021244],[-117.430908,34.021234],[-117.430934,34.021179],[-117.430927,34.021164],[-117.430912,34.021156],[-117.430887,34.02115],[-117.430873,34.021155]]]}},{"type":"Feature","properties":{"k":"tee"},"geometry":{"type":"Polygon","coordinates":[[[-117.431483,34.020755],[-117.431431,34.020758],[-117.431402,34.020747],[-117.431399,34.020733],[-117.431414,34.020678],[-117.431437,34.020675],[-117.43148,34.020681],[-117.431491,34.020689],[-117.431497,34.020699],[-117.431493,34.020745],[-117.431483,34.020755]]]}},{"type":"Feature","properties":{"k":"tee"},"geometry":{"type":"Polygon","coordinates":[[[-117.431564,34.020544],[-117.431507,34.020519],[-117.431477,34.020522],[-117.431455,34.020572],[-117.431457,34.02059],[-117.4315,34.020606],[-117.431539,34.020608],[-117.431559,34.020572],[-117.431564,34.020544]]]}},{"type":"Feature","properties":{"k":"path"},"geometry":{"type":"LineString","coordinates":[[-117.431265,34.020798],[-117.431294,34.020805],[-117.431331,34.020791],[-117.431337,34.020773],[-117.431326,34.020756],[-117.431299,34.020753],[-117.431282,34.020759],[-117.431268,34.020772],[-117.431265,34.020798]]}},{"type":"Feature","properties":{"k":"path"},"geometry":{"type":"LineString","coordinates":[[-117.431265,34.020798],[-117.43121,34.020819],[-117.43113,34.020877],[-117.430808,34.021182],[-117.430815,34.021323],[-117.430786,34.021457],[-117.430799,34.021518],[-117.430857,34.021629],[-117.430875,34.021699],[-117.430862,34.021764],[-117.430827,34.021853],[-117.43082,34.021903],[-117.430779,34.021983],[-117.430779,34.022018],[-117.430822,34.022117],[-117.430851,34.022152],[-117.430904,34.02219],[-117.430976,34.022219],[-117.431015,34.022244],[-117.431037,34.02227],[-117.431095,34.022387],[-117.431155,34.02245],[-117.431255,34.022517],[-117.431273,34.022545],[-117.431281,34.022598],[-117.431253,34.022696],[-117.431224,34.022748],[-117.430989,34.022996]]}},{"type":"Feature","properties":{"k":"rough"},"geometry":{"type":"Polygon","coordinates":[[[-117.433821,34.029452],[-117.433927,34.029451],[-117.433963,34.029466],[-117.433972,34.029479],[-117.433957,34.029528],[-117.433881,34.029658],[-117.433869,34.029707],[-117.43387,34.02975],[-117.433918,34.029857],[-117.43392,34.029877],[-117.433892,34.029899],[-117.433864,34.029905],[-117.433772,34.029869],[-117.433728,34.02984],[-117.433707,34.029817],[-117.433695,34.029784],[-117.433721,34.029633],[-117.433754,34.029532],[-117.433775,34.02948],[-117.433821,34.029452]]]}},{"type":"Feature","properties":{"k":"tee"},"geometry":{"type":"Polygon","coordinates":[[[-117.434058,34.030243],[-117.434055,34.030189],[-117.434045,34.030179],[-117.433994,34.030175],[-117.433971,34.030184],[-117.433969,34.030241],[-117.433979,34.030253],[-117.43404,34.030257],[-117.434058,34.030243]]]}},{"type":"Feature","properties":{"k":"bunker"},"geometry":{"type":"Polygon","coordinates":[[[-117.433481,34.031642],[-117.433438,34.031638],[-117.433423,34.031655],[-117.433436,34.031685],[-117.433466,34.031708],[-117.433492,34.031702],[-117.433514,34.031658],[-117.433502,34.031642],[-117.433481,34.031642]]]}},{"type":"Feature","properties":{"k":"bunker"},"geometry":{"type":"Polygon","coordinates":[[[-117.433414,34.031593],[-117.433424,34.031609],[-117.433475,34.031608],[-117.433501,34.03162],[-117.433523,34.031606],[-117.433541,34.031551],[-117.43351,34.031525],[-117.433497,34.031502],[-117.43349,34.031475],[-117.433501,34.031461],[-117.433524,34.031457],[-117.433552,34.031464],[-117.433564,34.031473],[-117.433566,34.031494],[-117.433587,34.031508],[-117.433648,34.031486],[-117.433652,34.031472],[-117.433639,34.031446],[-117.433569,34.031404],[-117.433557,34.031382],[-117.433562,34.031365],[-117.433578,34.03136],[-117.433656,34.0314],[-117.433669,34.031398],[-117.433684,34.031386],[-117.433697,34.031354],[-117.433674,34.031314],[-117.433621,34.031285],[-117.433586,34.031281],[-117.433537,34.031309],[-117.433472,34.03131],[-117.433431,34.031334],[-117.433419,34.031379],[-117.433424,34.031476],[-117.433414,34.031593]]]}},{"type":"Feature","properties":{"k":"bunker"},"geometry":{"type":"Polygon","coordinates":[[[-117.433747,34.031398],[-117.433729,34.03141],[-117.433729,34.031435],[-117.433755,34.031473],[-117.433772,34.03148],[-117.433804,34.031459],[-117.433808,34.031433],[-117.433762,34.031399],[-117.433747,34.031398]]]}},{"type":"Feature","properties":{"k":"bunker"},"geometry":{"type":"Polygon","coordinates":[[[-117.433736,34.031846],[-117.433734,34.031868],[-117.433705,34.031903],[-117.43368,34.031912],[-117.433649,34.031905],[-117.43364,34.031858],[-117.433646,34.031837],[-117.433673,34.031824],[-117.433708,34.03182],[-117.43373,34.031833],[-117.433736,34.031846]]]}},{"type":"Feature","properties":{"k":"green"},"geometry":{"type":"Polygon","coordinates":[[[-117.433704,34.03164],[-117.43373,34.031679],[-117.433723,34.031726],[-117.433708,34.031757],[-117.433579,34.031842],[-117.43355,34.031847],[-117.433531,34.031841],[-117.433515,34.031817],[-117.433516,34.03177],[-117.433535,34.0317],[-117.433563,34.031656],[-117.433622,34.031621],[-117.433664,34.031624],[-117.433704,34.03164]]]}},{"type":"Feature","properties":{"k":"rough"},"geometry":{"type":"Polygon","coordinates":[[[-117.433419,34.031379],[-117.433425,34.031345],[-117.433442,34.031323],[-117.433472,34.03131],[-117.433537,34.031309],[-117.433586,34.031281],[-117.433621,34.031285],[-117.433654,34.031303],[-117.433685,34.031324],[-117.433695,34.031343],[-117.433684,34.031386],[-117.433661,34.0314],[-117.433578,34.03136],[-117.433559,34.031374],[-117.433561,34.031397],[-117.433639,34.031446],[-117.433653,34.031477],[-117.433634,34.031496],[-117.433587,34.031508],[-117.433566,34.031494],[-117.433564,34.031473],[-117.433552,34.031464],[-117.433512,34.031457],[-117.433492,34.031467],[-117.433504,34.031515],[-117.433541,34.031551],[-117.43352,34.031611],[-117.433501,34.03162],[-117.433475,34.031608],[-117.433424,34.031609],[-117.433414,34.031593],[-117.433413,34.031564],[-117.433403,34.031587],[-117.433398,34.031646],[-117.433466,34.031826],[-117.433497,34.031879],[-117.433498,34.031941],[-117.43352,34.031972],[-117.433539,34.031985],[-117.433597,34.032004],[-117.433701,34.03202],[-117.433796,34.032024],[-117.433933,34.03201],[-117.434045,34.031964],[-117.43405,34.031914],[-117.434021,34.03187],[-117.434024,34.031839],[-117.434038,34.031809],[-117.434179,34.031614],[-117.434239,34.031477],[-117.434349,34.031277],[-117.434421,34.031058],[-117.434433,34.030897],[-117.434421,34.030788],[-117.434337,34.030654],[-117.434271,34.030484],[-117.434234,34.030428],[-117.43417,34.030357],[-117.434125,34.030256],[-117.434088,34.030137],[-117.434065,34.030088],[-117.434022,34.030031],[-117.43397,34.03008],[-117.433951,34.030116],[-117.433947,34.030146],[-117.433919,34.030201],[-117.43392,34.030235],[-117.433955,34.030308],[-117.434075,34.030435],[-117.434095,34.030468],[-117.434108,34.03054],[-117.434078,34.030587],[-117.434049,34.030608],[-117.433971,34.030633],[-117.433939,34.030636],[-117.433796,34.030641],[-117.43367,34.030616],[-117.433544,34.03063],[-117.433516,34.030642],[-117.433434,34.030703],[-117.433358,34.030803],[-117.433354,34.030865],[-117.433374,34.030977],[-117.433402,34.03107],[-117.433399,34.031163],[-117.433354,34.031253],[-117.433352,34.031287],[-117.433376,34.031341],[-117.433419,34.031379]]]}},{"type":"Feature","properties":{"k":"path"},"geometry":{"type":"LineString","coordinates":[[-117.433332,34.02964],[-117.433377,34.029632],[-117.433424,34.029606],[-117.433488,34.029551],[-117.433644,34.029461],[-117.433727,34.029442],[-117.433811,34.029432],[-117.433909,34.029428],[-117.433982,34.029439],[-117.434016,34.029423]]}},{"type":"Feature","properties":{"k":"path"},"geometry":{"type":"LineString","coordinates":[[-117.433982,34.029439],[-117.433991,34.029495],[-117.433884,34.029688],[-117.43389,34.029761],[-117.433948,34.029882],[-117.434083,34.030095],[-117.43417,34.030332],[-117.434255,34.030434],[-117.434284,34.030482],[-117.434358,34.03067],[-117.434442,34.030805],[-117.434446,34.030862],[-117.434435,34.031042],[-117.43442,34.031109],[-117.434358,34.031286],[-117.434331,34.03135],[-117.434227,34.031531],[-117.434187,34.031619],[-117.434079,34.031772],[-117.434048,34.031824],[-117.434043,34.031856],[-117.434053,34.031889],[-117.434199,34.032048],[-117.434214,34.032136],[-117.434203,34.032175],[-117.434175,34.032224],[-117.434075,34.032341],[-117.434049,34.032391],[-117.434053,34.03248],[-117.434114,34.032592],[-117.434123,34.032666],[-117.43408,34.032761],[-117.433983,34.032888],[-117.433958,34.032935],[-117.433957,34.03298],[-117.433973,34.033032],[-117.434046,34.033147],[-117.434069,34.033205],[-117.434081,34.033259],[-117.434083,34.033348],[-117.434068,34.03361],[-117.434056,34.033643],[-117.433991,34.033732],[-117.433962,34.03379],[-117.433959,34.033835]]}},{"type":"Feature","properties":{"k":"tee"},"geometry":{"type":"Polygon","coordinates":[[[-117.43392,34.033849],[-117.433877,34.033787],[-117.433812,34.033816],[-117.433855,34.033881],[-117.43392,34.033849]]]}},{"type":"Feature","properties":{"k":"path"},"geometry":{"type":"LineString","coordinates":[[-117.433959,34.033835],[-117.433959,34.03387],[-117.433995,34.034002],[-117.433988,34.034028],[-117.433969,34.034049],[-117.433938,34.034063],[-117.433875,34.034056],[-117.43375,34.033987],[-117.433707,34.033967],[-117.433668,34.033959],[-117.433404,34.033959],[-117.433355,34.033954],[-117.433314,34.033937],[-117.433287,34.033913],[-117.433222,34.033794],[-117.433136,34.03372],[-117.433099,34.033677],[-117.433083,34.033631],[-117.433041,34.033571],[-117.433036,34.03354],[-117.433047,34.03344],[-117.433013,34.033411],[-117.432937,34.033389],[-117.432789,34.033316],[-117.432641,34.033128],[-117.432494,34.033019],[-117.432397,34.032932],[-117.432169,34.032655],[-117.432127,34.032589],[-117.432087,34.032445],[-117.432068,34.032421],[-117.431943,34.032357],[-117.431891,34.032319],[-117.431863,34.03228],[-117.43185,34.032234],[-117.431848,34.03217],[-117.431836,34.032123],[-117.431808,34.032085],[-117.431739,34.032029],[-117.431642,34.031926],[-117.431626,34.031878],[-117.431623,34.031805],[-117.431672,34.031652],[-117.431675,34.03159],[-117.431603,34.031385],[-117.431619,34.031286],[-117.43163,34.03126],[-117.431678,34.0312],[-117.431772,34.031107],[-117.432034,34.030918],[-117.432118,34.030837],[-117.432142,34.030798],[-117.432159,34.030708],[-117.432171,34.030463],[-117.432194,34.030347],[-117.43218,34.030305],[-117.432137,34.030245]]}},{"type":"Feature","properties":{"k":"tee"},"geometry":{"type":"Polygon","coordinates":[[[-117.433237,34.033659],[-117.433181,34.033534],[-117.4331,34.033557],[-117.433154,34.033682],[-117.433237,34.033659]]]}},{"type":"Feature","properties":{"k":"tee"},"geometry":{"type":"Polygon","coordinates":[[[-117.433175,34.033326],[-117.433084,34.03335],[-117.433044,34.033248],[-117.433125,34.033224],[-117.433175,34.033326]]]}},{"type":"Feature","properties":{"k":"tee"},"geometry":{"type":"Polygon","coordinates":[[[-117.432931,34.033282],[-117.432895,34.033213],[-117.432824,34.033238],[-117.432861,34.033304],[-117.432931,34.033282]]]}},{"type":"Feature","properties":{"k":"tee"},"geometry":{"type":"Polygon","coordinates":[[[-117.432726,34.033062],[-117.432661,34.033085],[-117.432624,34.03302],[-117.432688,34.032995],[-117.432726,34.033062]]]}},{"type":"Feature","properties":{"k":"bunker"},"geometry":{"type":"Polygon","coordinates":[[[-117.431972,34.031865],[-117.431942,34.031878],[-117.431926,34.031914],[-117.43194,34.031952],[-117.431903,34.031969],[-117.431897,34.031986],[-117.431935,34.032042],[-117.431948,34.032046],[-117.431979,34.032038],[-117.432029,34.03198],[-117.43202,34.031887],[-117.432004,34.031871],[-117.431972,34.031865]]]}},{"type":"Feature","properties":{"k":"bunker"},"geometry":{"type":"Polygon","coordinates":[[[-117.431821,34.031777],[-117.431769,34.031785],[-117.431757,34.031815],[-117.431808,34.031851],[-117.431791,34.031883],[-117.431812,34.031912],[-117.431829,34.031923],[-117.431873,34.031931],[-117.431886,34.031922],[-117.43191,34.031845],[-117.431883,34.031824],[-117.431859,34.031826],[-117.431847,34.03182],[-117.431821,34.031777]]]}},{"type":"Feature","properties":{"k":"fairway"},"geometry":{"type":"Polygon","coordinates":[[[-117.432675,34.032701],[-117.432674,34.032781],[-117.432645,34.032824],[-117.432596,34.032843],[-117.432563,34.032843],[-117.432496,34.032817],[-117.432467,34.032798],[-117.432432,34.032759],[-117.432055,34.032291],[-117.432046,34.032204],[-117.432051,34.032149],[-117.432106,34.031928],[-117.432079,34.031875],[-117.431878,34.0317],[-117.43185,34.031661],[-117.431827,34.031623],[-117.431785,34.03149],[-117.431767,34.031381],[-117.431772,34.031259],[-117.431782,34.031205],[-117.431801,34.031173],[-117.431864,34.0311],[-117.431955,34.031019],[-117.432011,34.030994],[-117.432091,34.030996],[-117.432115,34.031009],[-117.432125,34.031032],[-117.432215,34.031318],[-117.432399,34.03177],[-117.432524,34.03228],[-117.432675,34.032701]]]}},{"type":"Feature","properties":{"k":"rough"},"geometry":{"type":"Polygon","coordinates":[[[-117.433278,34.033853],[-117.433316,34.033825],[-117.433341,34.033792],[-117.43334,34.033752],[-117.433265,34.033701],[-117.433257,34.033628],[-117.433241,34.033586],[-117.433187,34.033506],[-117.433199,34.033393],[-117.433219,34.033349],[-117.433226,34.033302],[-117.433154,34.033184],[-117.43283,34.032992],[-117.432787,34.032939],[-117.432745,34.03286],[-117.432722,34.032745],[-117.432639,34.032466],[-117.432593,34.032401],[-117.432568,34.032325],[-117.432556,34.032246],[-117.432556,34.03217],[-117.432577,34.032058],[-117.432572,34.031881],[-117.432588,34.031789],[-117.432569,34.031716],[-117.432541,34.031647],[-117.432507,34.031614],[-117.432409,34.031592],[-117.432377,34.031552],[-117.432351,34.031481],[-117.432261,34.031337],[-117.432211,34.031224],[-117.432123,34.030854],[-117.431972,34.030979],[-117.431781,34.031112],[-117.431674,34.031221],[-117.431632,34.031288],[-117.431617,34.031358],[-117.43162,34.0314],[-117.431681,34.03157],[-117.431691,34.031619],[-117.431636,34.031805],[-117.431675,34.031929],[-117.431692,34.031968],[-117.431831,34.032093],[-117.431854,34.032133],[-117.431879,34.032265],[-117.431902,34.032305],[-117.43195,34.032343],[-117.432087,34.032415],[-117.432117,34.032469],[-117.432141,34.032587],[-117.432388,34.032903],[-117.43251,34.033013],[-117.432648,34.033121],[-117.432711,34.033189],[-117.432786,34.033293],[-117.432828,34.033327],[-117.433032,34.033414],[-117.433055,34.033441],[-117.433061,34.033468],[-117.433049,34.033558],[-117.433144,34.033714],[-117.433219,34.03377],[-117.433278,34.033853]]]}},{"type":"Feature","properties":{"k":"bunker"},"geometry":{"type":"Polygon","coordinates":[[[-117.431584,34.0299],[-117.43156,34.029903],[-117.431545,34.029917],[-117.431542,34.029935],[-117.431555,34.029945],[-117.431579,34.03],[-117.431617,34.030011],[-117.431645,34.029982],[-117.431633,34.029949],[-117.431637,34.029929],[-117.431584,34.0299]]]}},{"type":"Feature","properties":{"k":"bunker"},"geometry":{"type":"Polygon","coordinates":[[[-117.4312,34.029695],[-117.431162,34.029717],[-117.431165,34.029747],[-117.431186,34.029761],[-117.431245,34.029758],[-117.431259,34.029745],[-117.43125,34.029723],[-117.4312,34.029695]]]}},{"type":"Feature","properties":{"k":"bunker"},"geometry":{"type":"Polygon","coordinates":[[[-117.430956,34.029725],[-117.43095,34.029756],[-117.430926,34.029751],[-117.430906,34.029768],[-117.430911,34.02978],[-117.430942,34.029787],[-117.430942,34.029803],[-117.430926,34.029826],[-117.430884,34.029833],[-117.430848,34.029826],[-117.430838,34.029803],[-117.430842,34.029729],[-117.43085,34.029722],[-117.430879,34.029723],[-117.430923,34.0297],[-117.430943,34.029708],[-117.430956,34.029725]]]}},{"type":"Feature","properties":{"k":"bunker"},"geometry":{"type":"Polygon","coordinates":[[[-117.431005,34.029879],[-117.430984,34.029856],[-117.43095,34.029848],[-117.430937,34.029866],[-117.430931,34.029903],[-117.430916,34.029912],[-117.43091,34.029929],[-117.430951,34.029973],[-117.430938,34.030006],[-117.430942,34.030023],[-117.430972,34.030054],[-117.430992,34.030064],[-117.431022,34.030059],[-117.43104,34.030025],[-117.431039,34.029992],[-117.431015,34.029947],[-117.431028,34.029936],[-117.431028,34.02992],[-117.431018,34.029906],[-117.430999,34.02991],[-117.430987,34.029903],[-117.431005,34.02989],[-117.431005,34.029879]]]}},{"type":"Feature","properties":{"k":"bunker"},"geometry":{"type":"Polygon","coordinates":[[[-117.431115,34.029931],[-117.431096,34.02994],[-117.431087,34.029953],[-117.431095,34.029989],[-117.431113,34.030013],[-117.431096,34.03005],[-117.431112,34.030095],[-117.431139,34.030105],[-117.431225,34.030084],[-117.431258,34.030052],[-117.431235,34.030018],[-117.431231,34.029992],[-117.431213,34.029976],[-117.431192,34.029973],[-117.431171,34.030003],[-117.431158,34.030005],[-117.431153,34.029989],[-117.431165,34.029967],[-117.431163,34.02995],[-117.431151,34.029938],[-117.431115,34.029931]]]}},{"type":"Feature","properties":{"k":"green"},"geometry":{"type":"Polygon","coordinates":[[[-117.431253,34.029921],[-117.431275,34.029884],[-117.431257,34.029829],[-117.431237,34.029807],[-117.431136,34.029767],[-117.431105,34.029742],[-117.431071,34.029727],[-117.431033,34.029727],[-117.431001,34.029742],[-117.430982,34.029777],[-117.430989,34.029809],[-117.431065,34.029879],[-117.431203,34.02993],[-117.431227,34.029932],[-117.431253,34.029921]]]}},{"type":"Feature","properties":{"k":"path"},"geometry":{"type":"LineString","coordinates":[[-117.432137,34.030245],[-117.432036,34.030127],[-117.431987,34.030083],[-117.431745,34.029925],[-117.431618,34.029803],[-117.431566,34.029769],[-117.431497,34.029739],[-117.431225,34.029565],[-117.431096,34.029494],[-117.431071,34.029466],[-117.431052,34.029426],[-117.431051,34.029356],[-117.431069,34.029323],[-117.431093,34.029298],[-117.431127,34.029277],[-117.431173,34.029263],[-117.431222,34.029264],[-117.431344,34.029304],[-117.431396,34.029331],[-117.431511,34.029481],[-117.431601,34.02956],[-117.431693,34.02962],[-117.431775,34.02965]]}},{"type":"Feature","properties":{"k":"rough"},"geometry":{"type":"Polygon","coordinates":[[[-117.431623,34.031247],[-117.431739,34.031121],[-117.431831,34.031046],[-117.432051,34.030891],[-117.43212,34.03081],[-117.432151,34.030688],[-117.432149,34.030518],[-117.432182,34.030361],[-117.432179,34.030332],[-117.432163,34.030301],[-117.432029,34.030137],[-117.431979,34.030095],[-117.43174,34.029934],[-117.431577,34.029789],[-117.43153,34.029764],[-117.431448,34.029737],[-117.431421,34.029708],[-117.431342,34.029652],[-117.431215,34.029571],[-117.4311,34.029511],[-117.431056,34.029474],[-117.431038,34.029442],[-117.43103,34.029401],[-117.430988,34.029414],[-117.430936,34.029523],[-117.430859,34.029639],[-117.430807,34.029747],[-117.430816,34.029806],[-117.430876,34.029914],[-117.430961,34.030106],[-117.431055,34.030237],[-117.431137,34.030281],[-117.431208,34.030302],[-117.431245,34.030338],[-117.431318,34.030373],[-117.431394,34.030449],[-117.431461,34.030502],[-117.431457,34.030534],[-117.431478,34.030619],[-117.431499,34.030657],[-117.431496,34.03074],[-117.431526,34.030879],[-117.431559,34.030948],[-117.431617,34.031017],[-117.431629,34.031046],[-117.4316,34.031233],[-117.431623,34.031247]]]}},{"type":"Feature","properties":{"k":"tee"},"geometry":{"type":"Polygon","coordinates":[[[-117.431775,34.029032],[-117.431651,34.029098],[-117.431592,34.029024],[-117.431713,34.028954],[-117.431775,34.029032]]]}},{"type":"Feature","properties":{"k":"tee"},"geometry":{"type":"Polygon","coordinates":[[[-117.431589,34.029173],[-117.431502,34.02923],[-117.431392,34.029133],[-117.431478,34.029074],[-117.431589,34.029173]]]}},{"type":"Feature","properties":{"k":"rough"},"geometry":{"type":"Polygon","coordinates":[[[-117.431749,34.028923],[-117.431821,34.028959],[-117.431854,34.028998],[-117.431857,34.029056],[-117.431833,34.029107],[-117.431792,34.029161],[-117.431536,34.029313],[-117.431431,34.029353],[-117.43136,34.029293],[-117.431317,34.029272],[-117.431205,34.029248],[-117.431112,34.029268],[-117.431345,34.029116],[-117.431482,34.029046],[-117.431662,34.028937],[-117.431749,34.028923]]]}},{"type":"Feature","properties":{"k":"tee"},"geometry":{"type":"Polygon","coordinates":[[[-117.431752,34.029544],[-117.431744,34.029568],[-117.431727,34.029586],[-117.431705,34.029592],[-117.431654,34.029565],[-117.431641,34.029548],[-117.431657,34.029524],[-117.431686,34.029504],[-117.431732,34.029522],[-117.431752,34.029544]]]}},{"type":"Feature","properties":{"k":"bunker"},"geometry":{"type":"Polygon","coordinates":[[[-117.432239,34.029611],[-117.432217,34.029619],[-117.4322,34.029637],[-117.432205,34.029675],[-117.432234,34.029681],[-117.432249,34.029652],[-117.432268,34.029657],[-117.432273,34.02967],[-117.432259,34.02971],[-117.432308,34.029747],[-117.432336,34.029747],[-117.432352,34.029728],[-117.432345,34.029711],[-117.43232,34.029687],[-117.43232,34.029668],[-117.432339,34.029666],[-117.432363,34.029686],[-117.43241,34.029699],[-117.432427,34.029696],[-117.432438,34.029683],[-117.432432,34.029653],[-117.432402,34.029631],[-117.432239,34.029611]]]}},{"type":"Feature","properties":{"k":"bunker"},"geometry":{"type":"Polygon","coordinates":[[[-117.432908,34.02985],[-117.432909,34.029871],[-117.432896,34.029895],[-117.432866,34.029913],[-117.432843,34.029916],[-117.432807,34.029898],[-117.432806,34.029861],[-117.432795,34.029842],[-117.432768,34.029846],[-117.432754,34.029866],[-117.43273,34.029868],[-117.432712,34.029863],[-117.432688,34.029842],[-117.43265,34.029845],[-117.432608,34.029829],[-117.43263,34.029773],[-117.43269,34.029756],[-117.432764,34.02977],[-117.432813,34.029803],[-117.432872,34.029824],[-117.432908,34.02985]]]}},{"type":"Feature","properties":{"k":"green"},"geometry":{"type":"Polygon","coordinates":[[[-117.432602,34.029863],[-117.432563,34.029888],[-117.432557,34.029915],[-117.432568,34.029999],[-117.432594,34.030032],[-117.432658,34.030062],[-117.432703,34.030067],[-117.43279,34.030038],[-117.432829,34.030017],[-117.43284,34.029995],[-117.432838,34.029977],[-117.43281,34.02993],[-117.432698,34.029872],[-117.432645,34.029863],[-117.432602,34.029863]]]}},{"type":"Feature","properties":{"k":"path"},"geometry":{"type":"LineString","coordinates":[[-117.431775,34.02965],[-117.431838,34.029672],[-117.431874,34.029697],[-117.431905,34.029727],[-117.431946,34.029817],[-117.431982,34.029873],[-117.432148,34.029975],[-117.432213,34.030079],[-117.432338,34.030149],[-117.432374,34.030189],[-117.43242,34.030266],[-117.432464,34.030288],[-117.432555,34.030277],[-117.432669,34.030244],[-117.43281,34.030252],[-117.432861,34.030242],[-117.432896,34.030227],[-117.432922,34.030205],[-117.432965,34.030137],[-117.433001,34.02995],[-117.433036,34.029858],[-117.433068,34.029802],[-117.433115,34.029744],[-117.433228,34.029644]]}},{"type":"Feature","properties":{"k":"rough"},"geometry":{"type":"Polygon","coordinates":[[[-117.43151,34.029459],[-117.431672,34.029432],[-117.431783,34.029435],[-117.431853,34.029464],[-117.431911,34.029473],[-117.432046,34.029443],[-117.432207,34.029446],[-117.43226,34.029441],[-117.432324,34.029454],[-117.432429,34.029506],[-117.432498,34.02953],[-117.432542,34.029564],[-117.43255,34.029581],[-117.432584,34.029602],[-117.432656,34.029629],[-117.432791,34.029708],[-117.432902,34.02975],[-117.432938,34.029771],[-117.432985,34.029771],[-117.433102,34.029736],[-117.43304,34.029823],[-117.432982,34.029957],[-117.432952,34.030136],[-117.432928,34.03018],[-117.432899,34.030214],[-117.432857,34.030234],[-117.432823,34.03024],[-117.432783,34.030243],[-117.432687,34.030223],[-117.4326,34.030254],[-117.432525,34.030272],[-117.432461,34.030277],[-117.432442,34.030271],[-117.432413,34.030241],[-117.432375,34.030166],[-117.432341,34.030137],[-117.432233,34.030082],[-117.432212,34.030061],[-117.432166,34.029982],[-117.432131,34.029947],[-117.431992,34.029869],[-117.431973,34.029844],[-117.431916,34.029719],[-117.431891,34.029695],[-117.43182,34.029652],[-117.431664,34.029593],[-117.431557,34.029509],[-117.43151,34.029459]]]}},{"type":"Feature","properties":{"k":"path"},"geometry":{"type":"LineString","coordinates":[[-117.433228,34.029644],[-117.433277,34.029635],[-117.433332,34.02964]]}},{"type":"Feature","properties":{"k":"green"},"geometry":{"type":"Polygon","coordinates":[[[-117.432861,34.029528],[-117.43293,34.029567],[-117.432997,34.029589],[-117.433085,34.029581],[-117.433115,34.029567],[-117.433128,34.029523],[-117.433098,34.029469],[-117.433062,34.029448],[-117.433001,34.029433],[-117.432939,34.02943],[-117.432865,34.029452],[-117.432848,34.029471],[-117.432841,34.029488],[-117.432844,34.029508],[-117.432861,34.029528]]]}},{"type":"Feature","properties":{"k":"rough"},"geometry":{"type":"Polygon","coordinates":[[[-117.432772,34.029365],[-117.432752,34.029391],[-117.432745,34.029445],[-117.43276,34.029494],[-117.432791,34.029547],[-117.432893,34.029618],[-117.432969,34.029641],[-117.433063,34.029657],[-117.433144,34.029691],[-117.433181,34.029643],[-117.433185,34.029614],[-117.433165,34.029473],[-117.433137,34.029439],[-117.433081,34.029423],[-117.432833,34.02939],[-117.432772,34.029365]]]}},{"type":"Feature","properties":{"k":"bunker"},"geometry":{"type":"Polygon","coordinates":[[[-117.433603,34.02923],[-117.433574,34.029241],[-117.433564,34.029256],[-117.433578,34.029281],[-117.433603,34.029289],[-117.433626,34.029281],[-117.433634,34.02926],[-117.433624,34.029239],[-117.433603,34.02923]]]}},{"type":"Feature","properties":{"k":"bunker"},"geometry":{"type":"Polygon","coordinates":[[[-117.433423,34.029111],[-117.433406,34.029136],[-117.433406,34.029164],[-117.433443,34.029192],[-117.433467,34.029194],[-117.433495,34.029167],[-117.433506,34.029132],[-117.433469,34.029111],[-117.433423,34.029111]]]}},{"type":"Feature","properties":{"k":"green"},"geometry":{"type":"Polygon","coordinates":[[[-117.433581,34.029071],[-117.433554,34.029094],[-117.433512,34.029168],[-117.433437,34.029252],[-117.433439,34.029272],[-117.433465,34.029289],[-117.433494,34.029287],[-117.433527,34.029262],[-117.433593,34.0292],[-117.433643,34.029136],[-117.433647,34.029106],[-117.433635,34.029079],[-117.43361,34.029065],[-117.433581,34.029071]]]}},{"type":"Feature","properties":{"k":"rough"},"geometry":{"type":"Polygon","coordinates":[[[-117.433519,34.029021],[-117.433634,34.029018],[-117.433667,34.029033],[-117.433692,34.029079],[-117.4337,34.029175],[-117.43365,34.029239],[-117.433639,34.029285],[-117.433622,34.029311],[-117.433428,34.029474],[-117.433413,34.029492],[-117.433378,34.029581],[-117.433363,34.029595],[-117.433319,34.029601],[-117.433314,34.029573],[-117.433335,34.02954],[-117.433332,34.029502],[-117.433321,34.029463],[-117.433274,34.029381],[-117.433319,34.029274],[-117.433328,34.029178],[-117.43338,34.028998],[-117.433412,34.028975],[-117.433456,34.028976],[-117.433493,34.028989],[-117.433519,34.029021]]]}},{"type":"Feature","properties":{"k":"tee"},"geometry":{"type":"Polygon","coordinates":[[[-117.433967,34.029356],[-117.43398,34.029336],[-117.433984,34.029292],[-117.433964,34.029284],[-117.433927,34.029286],[-117.433917,34.029312],[-117.433921,34.029353],[-117.433967,34.029356]]]}},{"type":"Feature","properties":{"k":"rough"},"geometry":{"type":"Polygon","coordinates":[[[-117.433851,34.029409],[-117.433962,34.029405],[-117.433983,34.0294],[-117.434022,34.029374],[-117.434046,34.029314],[-117.434034,34.029222],[-117.434018,34.029241],[-117.433988,34.029256],[-117.433923,34.029257],[-117.433906,34.029266],[-117.433889,34.029349],[-117.433851,34.029409]]]}},{"type":"Feature","properties":{"k":"rough"},"geometry":{"type":"Polygon","coordinates":[[[-117.434018,34.029069],[-117.433969,34.029049],[-117.433969,34.029007],[-117.434001,34.028928],[-117.434062,34.028816],[-117.43417,34.028542],[-117.434235,34.028422],[-117.434335,34.028291],[-117.434378,34.028161],[-117.434422,34.027957],[-117.434337,34.027984],[-117.434309,34.027979],[-117.434256,34.027946],[-117.434211,34.027883],[-117.434101,34.027641],[-117.434101,34.027532],[-117.434112,34.027437],[-117.434158,34.027287],[-117.434176,34.027098],[-117.434164,34.027009],[-117.43414,34.026936],[-117.434083,34.026837],[-117.434042,34.026788],[-117.433951,34.026725],[-117.433706,34.026586],[-117.433633,34.026498],[-117.433521,34.026395],[-117.43348,34.026337],[-117.433478,34.026285],[-117.433491,34.026212],[-117.433529,34.026157],[-117.433607,34.0261],[-117.433651,34.026085],[-117.433755,34.026082],[-117.43384,34.026055],[-117.433979,34.026035],[-117.434077,34.026038],[-117.434166,34.026054],[-117.434125,34.026273],[-117.434134,34.026498],[-117.434146,34.026567],[-117.434178,34.026648],[-117.434241,34.026743],[-117.434369,34.026859],[-117.434487,34.026928],[-117.434554,34.026957],[-117.43466,34.02698],[-117.434839,34.026989],[-117.434916,34.027001],[-117.43497,34.027023],[-117.435036,34.027103],[-117.435062,34.02716],[-117.435069,34.027207],[-117.435067,34.027245],[-117.435043,34.027307],[-117.434958,34.027406],[-117.434918,34.027477],[-117.434866,34.027701],[-117.43482,34.02779],[-117.434668,34.027949],[-117.434521,34.028084],[-117.434498,34.028123],[-117.434491,34.028155],[-117.434507,34.028301],[-117.434487,34.028405],[-117.434424,34.028563],[-117.434362,34.028648],[-117.434304,34.028812],[-117.434294,34.02883],[-117.434216,34.0289],[-117.434196,34.02894],[-117.434184,34.028947],[-117.434132,34.028935],[-117.434111,34.029007],[-117.434075,34.029065],[-117.43405,34.029073],[-117.434018,34.029069]]]}},{"type":"Feature","properties":{"k":"tee"},"geometry":{"type":"Polygon","coordinates":[[[-117.43321,34.029358],[-117.433227,34.029353],[-117.433242,34.02932],[-117.433237,34.029296],[-117.433218,34.029279],[-117.432878,34.029229],[-117.43286,34.029229],[-117.432852,34.029243],[-117.432846,34.029302],[-117.432857,34.02931],[-117.43321,34.029358]]]}},{"type":"Feature","properties":{"k":"tee"},"geometry":{"type":"Polygon","coordinates":[[[-117.432809,34.02903],[-117.43279,34.029052],[-117.432782,34.029123],[-117.433219,34.029189],[-117.433277,34.029181],[-117.43329,34.029126],[-117.433262,34.029108],[-117.432809,34.02903]]]}},{"type":"Feature","properties":{"k":"tee"},"geometry":{"type":"Polygon","coordinates":[[[-117.432823,34.028871],[-117.432799,34.028897],[-117.432798,34.02894],[-117.433297,34.02903],[-117.433334,34.029009],[-117.433325,34.028977],[-117.43318,34.028937],[-117.432823,34.028871]]]}},{"type":"Feature","properties":{"k":"rough"},"geometry":{"type":"Polygon","coordinates":[[[-117.432772,34.029306],[-117.43269,34.029201],[-117.432629,34.028983],[-117.43259,34.028671],[-117.432697,34.028524],[-117.432818,34.028249],[-117.432853,34.027715],[-117.432952,34.027285],[-117.433236,34.027042],[-117.433629,34.027055],[-117.43379,34.027195],[-117.433886,34.027375],[-117.433823,34.027644],[-117.433787,34.027758],[-117.433661,34.027936],[-117.43364,34.028123],[-117.433563,34.028224],[-117.433535,34.028367],[-117.433498,34.028654],[-117.433442,34.028857],[-117.433408,34.02894],[-117.433367,34.028974],[-117.433294,34.029276],[-117.433261,34.029367],[-117.433223,34.029388],[-117.43316,34.029383],[-117.432814,34.029329],[-117.432772,34.029306]]]}},{"type":"Feature","properties":{"k":"path"},"geometry":{"type":"LineString","coordinates":[[-117.433228,34.029644],[-117.4332,34.029535],[-117.433196,34.029453],[-117.433156,34.029414],[-117.432842,34.029357],[-117.432764,34.029332],[-117.4327,34.02926],[-117.43262,34.029096],[-117.432602,34.028986],[-117.4326,34.02886],[-117.432543,34.028618],[-117.432488,34.028547],[-117.432383,34.028507],[-117.432277,34.02851],[-117.431716,34.028631],[-117.431413,34.028708],[-117.431331,34.028713],[-117.431297,34.028695],[-117.431357,34.028614],[-117.431426,34.028562],[-117.431522,34.028474],[-117.431612,34.02844]]}},{"type":"Feature","properties":{"k":"tee"},"geometry":{"type":"Polygon","coordinates":[[[-117.434141,34.025761],[-117.434137,34.025772],[-117.434118,34.02578],[-117.434083,34.025782],[-117.43406,34.025775],[-117.434053,34.025751],[-117.434072,34.025728],[-117.434129,34.025721],[-117.434143,34.025731],[-117.434141,34.025761]]]}},{"type":"Feature","properties":{"k":"tee"},"geometry":{"type":"Polygon","coordinates":[[[-117.434252,34.025663],[-117.434244,34.025738],[-117.434247,34.025751],[-117.434265,34.025764],[-117.434554,34.025792],[-117.434577,34.025788],[-117.434588,34.025777],[-117.434594,34.025736],[-117.434577,34.025719],[-117.434382,34.025668],[-117.434252,34.025663]]]}},{"type":"Feature","properties":{"k":"tee"},"geometry":{"type":"Polygon","coordinates":[[[-117.434967,34.025843],[-117.434969,34.025852],[-117.434953,34.025877],[-117.434928,34.025881],[-117.434649,34.025796],[-117.434636,34.025777],[-117.434641,34.02576],[-117.43466,34.025739],[-117.434699,34.025749],[-117.434943,34.025824],[-117.434967,34.025843]]]}},{"type":"Feature","properties":{"k":"tee"},"geometry":{"type":"Polygon","coordinates":[[[-117.43528,34.025929],[-117.435191,34.0259],[-117.43517,34.025906],[-117.435158,34.025931],[-117.435175,34.025948],[-117.43526,34.025969],[-117.435282,34.025963],[-117.435288,34.025943],[-117.43528,34.025929]]]}},{"type":"Feature","properties":{"k":"bunker"},"geometry":{"type":"Polygon","coordinates":[[[-117.436081,34.025579],[-117.436033,34.025618],[-117.435993,34.025672],[-117.435997,34.025688],[-117.436027,34.02571],[-117.436061,34.025708],[-117.436085,34.02569],[-117.436093,34.025665],[-117.436143,34.025661],[-117.436165,34.025651],[-117.436174,34.025637],[-117.436165,34.025617],[-117.436122,34.025589],[-117.436081,34.025579]]]}},{"type":"Feature","properties":{"k":"green"},"geometry":{"type":"Polygon","coordinates":[[[-117.436337,34.025593],[-117.43638,34.025621],[-117.436384,34.025649],[-117.436373,34.025698],[-117.43635,34.025735],[-117.436312,34.025766],[-117.436249,34.02584],[-117.436233,34.025852],[-117.436187,34.025865],[-117.436133,34.025862],[-117.436084,34.025843],[-117.436051,34.025808],[-117.436043,34.025789],[-117.436043,34.025766],[-117.436061,34.025728],[-117.436074,34.025716],[-117.436188,34.025663],[-117.43625,34.025598],[-117.436297,34.025586],[-117.436337,34.025593]]]}},{"type":"Feature","properties":{"k":"rough"},"geometry":{"type":"Polygon","coordinates":[[[-117.434052,34.025777],[-117.434021,34.025753],[-117.434022,34.025738],[-117.43408,34.025709],[-117.434223,34.025668],[-117.434272,34.025644],[-117.43435,34.02564],[-117.434415,34.025648],[-117.434502,34.025673],[-117.434632,34.025725],[-117.434797,34.025759],[-117.435311,34.02592],[-117.43539,34.025952],[-117.435492,34.025952],[-117.435822,34.025816],[-117.43594,34.025751],[-117.435977,34.025679],[-117.436099,34.025531],[-117.43611,34.025495],[-117.43609,34.025447],[-117.436092,34.025423],[-117.436117,34.025414],[-117.436211,34.025443],[-117.436281,34.025479],[-117.436561,34.02559],[-117.436633,34.025638],[-117.436646,34.025658],[-117.436646,34.025687],[-117.436633,34.025718],[-117.436579,34.025771],[-117.43656,34.025799],[-117.43653,34.025916],[-117.436513,34.02594],[-117.436326,34.026029],[-117.436177,34.026131],[-117.436117,34.026145],[-117.436032,34.026139],[-117.435877,34.026067],[-117.435806,34.026048],[-117.435731,34.02604],[-117.435526,34.026044],[-117.435231,34.025993],[-117.435095,34.025951],[-117.43496,34.025894],[-117.434817,34.02587],[-117.434682,34.025817],[-117.434481,34.025792],[-117.434287,34.025791],[-117.434233,34.025799],[-117.434164,34.025781],[-117.434097,34.025787],[-117.434052,34.025777]]]}},{"type":"Feature","properties":{"k":"path"},"geometry":{"type":"LineString","coordinates":[[-117.434276,34.025805],[-117.434446,34.025799],[-117.434655,34.025829],[-117.434779,34.025866],[-117.434965,34.02591],[-117.435138,34.025975],[-117.435232,34.026003],[-117.435329,34.026025],[-117.435539,34.026054],[-117.435757,34.02605],[-117.435823,34.026061],[-117.435886,34.026082],[-117.436022,34.026147],[-117.436094,34.026155],[-117.436194,34.026133],[-117.436367,34.026015],[-117.436492,34.025965],[-117.436526,34.025942],[-117.436544,34.02591],[-117.436558,34.025838],[-117.436577,34.0258],[-117.436638,34.025731],[-117.436654,34.025699],[-117.436659,34.025665],[-117.436651,34.025639],[-117.436585,34.025591],[-117.436492,34.025546],[-117.436054,34.025367],[-117.435998,34.025325],[-117.435941,34.025269],[-117.435766,34.025069],[-117.435725,34.025034],[-117.435581,34.024987],[-117.435499,34.024952],[-117.435212,34.024805],[-117.435067,34.024748],[-117.435031,34.02475],[-117.435009,34.024761],[-117.434991,34.024788],[-117.434973,34.0249],[-117.434947,34.024943],[-117.434913,34.024975],[-117.434854,34.025002],[-117.434697,34.025031],[-117.434649,34.025083],[-117.434593,34.025171],[-117.434568,34.025186]]}},{"type":"Feature","properties":{"k":"path"},"geometry":{"type":"LineString","coordinates":[[-117.434568,34.025186],[-117.434506,34.025194],[-117.434472,34.02521],[-117.434466,34.025228],[-117.43448,34.025251],[-117.4345,34.025264],[-117.434534,34.025253],[-117.434563,34.025217],[-117.434568,34.025186]]}},{"type":"Feature","properties":{"k":"tee"},"geometry":{"type":"Polygon","coordinates":[[[-117.434239,34.025326],[-117.434218,34.025255],[-117.434203,34.025248],[-117.434178,34.025251],[-117.434127,34.025258],[-117.434113,34.025268],[-117.434113,34.025291],[-117.434133,34.025345],[-117.434144,34.02535],[-117.434185,34.025347],[-117.434229,34.025336],[-117.434239,34.025326]]]}},{"type":"Feature","properties":{"k":"tee"},"geometry":{"type":"Polygon","coordinates":[[[-117.434511,34.02514],[-117.434476,34.025074],[-117.434428,34.025076],[-117.434393,34.025096],[-117.43439,34.025111],[-117.43441,34.025155],[-117.434429,34.025172],[-117.434492,34.025157],[-117.434511,34.02514]]]}},{"type":"Feature","properties":{"k":"tee"},"geometry":{"type":"Polygon","coordinates":[[[-117.434705,34.024797],[-117.434667,34.024717],[-117.434621,34.024716],[-117.434581,34.024732],[-117.434582,34.024765],[-117.434619,34.024828],[-117.434688,34.024814],[-117.434705,34.024797]]]}},{"type":"Feature","properties":{"k":"tee"},"geometry":{"type":"Polygon","coordinates":[[[-117.434653,34.024563],[-117.434615,34.024502],[-117.434574,34.024506],[-117.434537,34.024529],[-117.434545,34.024557],[-117.434576,34.024596],[-117.434636,34.024588],[-117.434653,34.024563]]]}},{"type":"Feature","properties":{"k":"tee"},"geometry":{"type":"Polygon","coordinates":[[[-117.434608,34.024204],[-117.434579,34.024164],[-117.434565,34.02416],[-117.434534,34.024166],[-117.434504,34.024188],[-117.434515,34.024215],[-117.434542,34.024238],[-117.434579,34.024228],[-117.434603,34.024216],[-117.434608,34.024204]]]}},{"type":"Feature","properties":{"k":"bunker"},"geometry":{"type":"Polygon","coordinates":[[[-117.433765,34.0239],[-117.433791,34.02391],[-117.433804,34.023908],[-117.433832,34.023886],[-117.433833,34.023875],[-117.433806,34.02382],[-117.433796,34.023768],[-117.433763,34.023716],[-117.433759,34.023667],[-117.433713,34.02362],[-117.433669,34.023609],[-117.433623,34.023627],[-117.433612,34.023649],[-117.433687,34.023721],[-117.433715,34.023765],[-117.433765,34.0239]]]}},{"type":"Feature","properties":{"k":"bunker"},"geometry":{"type":"Polygon","coordinates":[[[-117.433965,34.023104],[-117.433963,34.023129],[-117.433921,34.023111],[-117.4339,34.02312],[-117.433899,34.023131],[-117.433919,34.023172],[-117.433941,34.023185],[-117.433972,34.02319],[-117.434017,34.023174],[-117.434031,34.023115],[-117.434022,34.023096],[-117.434002,34.023085],[-117.433983,34.023089],[-117.433965,34.023104]]]}},{"type":"Feature","properties":{"k":"bunker"},"geometry":{"type":"Polygon","coordinates":[[[-117.433849,34.023114],[-117.433817,34.02314],[-117.433813,34.02317],[-117.433835,34.023204],[-117.43387,34.023218],[-117.433888,34.023199],[-117.433878,34.023165],[-117.433883,34.023126],[-117.433876,34.023114],[-117.433849,34.023114]]]}},{"type":"Feature","properties":{"k":"bunker"},"geometry":{"type":"Polygon","coordinates":[[[-117.433751,34.023123],[-117.433737,34.023132],[-117.433717,34.023166],[-117.433704,34.023169],[-117.433692,34.023158],[-117.433694,34.023122],[-117.433673,34.0231],[-117.43364,34.023103],[-117.433624,34.023121],[-117.433632,34.02316],[-117.433645,34.023179],[-117.43367,34.023192],[-117.43374,34.023191],[-117.43376,34.023247],[-117.433775,34.02326],[-117.433795,34.023263],[-117.433817,34.023252],[-117.433818,34.02323],[-117.433812,34.023213],[-117.433777,34.023181],[-117.433779,34.023133],[-117.43377,34.023125],[-117.433751,34.023123]]]}},{"type":"Feature","properties":{"k":"bunker"},"geometry":{"type":"Polygon","coordinates":[[[-117.432521,34.021994],[-117.432575,34.021994],[-117.432605,34.022025],[-117.432603,34.022046],[-117.432585,34.022062],[-117.432565,34.022067],[-117.432526,34.02205],[-117.432507,34.022049],[-117.432495,34.022059],[-117.432487,34.022086],[-117.432476,34.022091],[-117.432424,34.022066],[-117.432398,34.02207],[-117.432373,34.022101],[-117.43239,34.022157],[-117.432387,34.022175],[-117.432343,34.02221],[-117.432341,34.022222],[-117.432352,34.022234],[-117.432389,34.022249],[-117.432401,34.022276],[-117.432482,34.0223],[-117.432485,34.022333],[-117.432503,34.022357],[-117.432525,34.022358],[-117.432558,34.022337],[-117.432594,34.022351],[-117.432592,34.022394],[-117.432583,34.022416],[-117.432555,34.022444],[-117.432535,34.022448],[-117.432504,34.022436],[-117.432459,34.022376],[-117.43239,34.022319],[-117.432309,34.022266],[-117.432278,34.022204],[-117.43235,34.022056],[-117.432444,34.022028],[-117.432521,34.021994]]]}},{"type":"Feature","properties":{"k":"green"},"geometry":{"type":"Polygon","coordinates":[[[-117.432491,34.022113],[-117.432462,34.02213],[-117.432435,34.02216],[-117.432434,34.022199],[-117.432452,34.022237],[-117.432474,34.022259],[-117.432558,34.022309],[-117.432622,34.022331],[-117.432644,34.022346],[-117.432665,34.022352],[-117.432694,34.022346],[-117.432722,34.022324],[-117.432731,34.022297],[-117.432724,34.022258],[-117.43269,34.022199],[-117.432634,34.022147],[-117.432592,34.02212],[-117.432546,34.022112],[-117.432491,34.022113]]]}},{"type":"Feature","properties":{"k":"path"},"geometry":{"type":"LineString","coordinates":[[-117.434697,34.025031],[-117.434694,34.024959],[-117.434704,34.024926],[-117.434767,34.024814],[-117.43477,34.024778],[-117.434721,34.024661],[-117.434691,34.024532],[-117.434684,34.024398],[-117.434703,34.024298],[-117.434703,34.024252],[-117.434695,34.024228],[-117.434574,34.024076],[-117.434554,34.023991],[-117.434552,34.023864],[-117.434543,34.023801],[-117.434513,34.023721],[-117.434472,34.023682],[-117.434361,34.023617],[-117.434318,34.023581],[-117.434277,34.023517],[-117.434252,34.023434],[-117.434221,34.023235],[-117.434206,34.023189],[-117.434151,34.02309],[-117.434075,34.022979],[-117.434,34.02292],[-117.433947,34.02289],[-117.433754,34.022827],[-117.433666,34.022788],[-117.433427,34.022657],[-117.433377,34.022617],[-117.43331,34.022503],[-117.43322,34.022278],[-117.433192,34.022251],[-117.433141,34.022223],[-117.433028,34.022177],[-117.432986,34.022152],[-117.432972,34.022131],[-117.432968,34.022112],[-117.432978,34.022091],[-117.433031,34.022013],[-117.433067,34.021979],[-117.433122,34.021947],[-117.43319,34.02191],[-117.433396,34.021828],[-117.433666,34.021743]]}},{"type":"Feature","properties":{"k":"rough"},"geometry":{"type":"Polygon","coordinates":[[[-117.434275,34.025328],[-117.43425,34.025356],[-117.434134,34.025383],[-117.434056,34.025326],[-117.434051,34.0253],[-117.434098,34.025246],[-117.434179,34.025227],[-117.434218,34.025228],[-117.434248,34.025242],[-117.434261,34.025259],[-117.434275,34.025328]]]}},{"type":"Feature","properties":{"k":"rough"},"geometry":{"type":"Polygon","coordinates":[[[-117.434553,34.025166],[-117.434569,34.025158],[-117.434587,34.025122],[-117.434591,34.025096],[-117.434579,34.025079],[-117.43442,34.025004],[-117.434388,34.024995],[-117.434337,34.025009],[-117.434321,34.025028],[-117.434322,34.02509],[-117.434297,34.025144],[-117.434299,34.025166],[-117.434333,34.025198],[-117.434445,34.025224],[-117.434477,34.025196],[-117.434549,34.025178],[-117.434553,34.025166]]]}},{"type":"Feature","properties":{"k":"rough"},"geometry":{"type":"Polygon","coordinates":[[[-117.434676,34.024949],[-117.434741,34.024843],[-117.434754,34.024803],[-117.434754,34.024781],[-117.434713,34.024718],[-117.43467,34.024497],[-117.434673,34.024382],[-117.434691,34.0243],[-117.434681,34.024242],[-117.434645,34.024186],[-117.434579,34.024111],[-117.434547,34.024053],[-117.434535,34.023955],[-117.434539,34.02387],[-117.434519,34.023769],[-117.434503,34.023736],[-117.434467,34.023692],[-117.434336,34.023614],[-117.434286,34.023565],[-117.434268,34.023534],[-117.434263,34.023493],[-117.43424,34.023448],[-117.43422,34.023281],[-117.434195,34.023205],[-117.434127,34.023074],[-117.434083,34.023009],[-117.433965,34.022915],[-117.433909,34.022889],[-117.433748,34.022837],[-117.433681,34.022808],[-117.43346,34.022691],[-117.43337,34.022629],[-117.433318,34.022555],[-117.433228,34.022321],[-117.433205,34.022281],[-117.43319,34.022266],[-117.433122,34.022227],[-117.432975,34.022169],[-117.432952,34.022142],[-117.43295,34.022126],[-117.432992,34.022041],[-117.432913,34.022047],[-117.432892,34.022033],[-117.432852,34.021965],[-117.43282,34.021943],[-117.432691,34.021964],[-117.432657,34.02201],[-117.432583,34.021973],[-117.432521,34.021982],[-117.432345,34.022059],[-117.432298,34.022173],[-117.432294,34.022205],[-117.432311,34.022244],[-117.432335,34.022276],[-117.432494,34.022397],[-117.432527,34.022459],[-117.432585,34.022511],[-117.43265,34.022546],[-117.432665,34.022579],[-117.432702,34.022612],[-117.43295,34.022784],[-117.433026,34.02281],[-117.433074,34.022843],[-117.433091,34.023154],[-117.433099,34.023211],[-117.433118,34.02325],[-117.433153,34.023302],[-117.433257,34.023395],[-117.433423,34.023486],[-117.433511,34.02355],[-117.433565,34.0236],[-117.433593,34.023604],[-117.433609,34.023644],[-117.433692,34.023723],[-117.433721,34.023767],[-117.433765,34.023885],[-117.433784,34.023911],[-117.433793,34.024054],[-117.433831,34.024149],[-117.433876,34.024167],[-117.434056,34.024189],[-117.4341,34.024206],[-117.434125,34.024237],[-117.434145,34.024303],[-117.434336,34.024422],[-117.434462,34.024613],[-117.434535,34.0248],[-117.434537,34.024835],[-117.434527,34.024863],[-117.434575,34.024935],[-117.434606,34.024965],[-117.434638,34.024971],[-117.434676,34.024949]]]}},{"type":"Feature","properties":{"k":"water"},"geometry":{"type":"Polygon","coordinates":[[[-117.432556,34.024022],[-117.432705,34.023929],[-117.432748,34.023879],[-117.432773,34.023835],[-117.432793,34.023752],[-117.432785,34.023688],[-117.432711,34.023627],[-117.432649,34.023533],[-117.432556,34.023254],[-117.432531,34.023139],[-117.432485,34.022996],[-117.432434,34.022936],[-117.432326,34.022845],[-117.432218,34.022738],[-117.432112,34.022557],[-117.432043,34.022526],[-117.431904,34.022551],[-117.431819,34.02265],[-117.431724,34.022641],[-117.431713,34.022608],[-117.431685,34.022614],[-117.431436,34.022981],[-117.431288,34.023127],[-117.43119,34.023258],[-117.431106,34.023289],[-117.431087,34.02333],[-117.431134,34.023332],[-117.431372,34.023311],[-117.431605,34.023322],[-117.431736,34.023341],[-117.431825,34.023376],[-117.432,34.02341],[-117.432054,34.023432],[-117.432093,34.023468],[-117.432062,34.023632],[-117.43207,34.023678],[-117.432094,34.023724],[-117.432189,34.023771],[-117.432278,34.023904],[-117.43234,34.023927],[-117.432378,34.023972],[-117.432471,34.02403],[-117.432556,34.024022]]]}},{"type":"Feature","properties":{"k":"path"},"geometry":{"type":"LineString","coordinates":[[-117.433666,34.021743],[-117.433707,34.021724],[-117.433767,34.021676],[-117.433847,34.021554],[-117.433863,34.021505],[-117.433891,34.021332],[-117.433931,34.021249],[-117.433966,34.021221],[-117.434016,34.021195],[-117.434235,34.021109]]}},{"type":"Feature","properties":{"k":"tee"},"geometry":{"type":"Polygon","coordinates":[[[-117.434226,34.02127],[-117.434229,34.021278],[-117.434216,34.021293],[-117.43416,34.02132],[-117.434135,34.021314],[-117.434116,34.021271],[-117.434129,34.021252],[-117.43418,34.021231],[-117.434205,34.021243],[-117.434226,34.02127]]]}},{"type":"Feature","properties":{"k":"tee"},"geometry":{"type":"Polygon","coordinates":[[[-117.434441,34.021054],[-117.43432,34.021115],[-117.434322,34.021135],[-117.434356,34.021182],[-117.434368,34.021186],[-117.434441,34.021154],[-117.434469,34.021094],[-117.434579,34.021044],[-117.434599,34.021019],[-117.434564,34.020966],[-117.43453,34.020961],[-117.43448,34.020973],[-117.434445,34.021003],[-117.434447,34.021047],[-117.434441,34.021054]]]}},{"type":"Feature","properties":{"k":"tee"},"geometry":{"type":"Polygon","coordinates":[[[-117.434906,34.020848],[-117.434912,34.020831],[-117.434905,34.020809],[-117.434874,34.020785],[-117.434811,34.020801],[-117.434796,34.020811],[-117.4348,34.020842],[-117.434825,34.020871],[-117.434835,34.020874],[-117.434906,34.020848]]]}},{"type":"Feature","properties":{"k":"bunker"},"geometry":{"type":"Polygon","coordinates":[[[-117.436187,34.020244],[-117.436181,34.020269],[-117.436164,34.020285],[-117.436139,34.020293],[-117.436096,34.02029],[-117.436091,34.020296],[-117.436113,34.020342],[-117.436075,34.020385],[-117.436053,34.02039],[-117.436027,34.020372],[-117.435998,34.020325],[-117.436013,34.020297],[-117.43608,34.02025],[-117.43614,34.020224],[-117.436173,34.020225],[-117.436187,34.020244]]]}},{"type":"Feature","properties":{"k":"bunker"},"geometry":{"type":"Polygon","coordinates":[[[-117.437414,34.019893],[-117.437414,34.019919],[-117.437394,34.019936],[-117.437417,34.019962],[-117.43741,34.01998],[-117.43738,34.01999],[-117.437329,34.019978],[-117.437314,34.019962],[-117.437314,34.019933],[-117.437366,34.019878],[-117.437395,34.019878],[-117.437414,34.019893]]]}},{"type":"Feature","properties":{"k":"bunker"},"geometry":{"type":"Polygon","coordinates":[[[-117.437744,34.020054],[-117.437724,34.020092],[-117.437722,34.020115],[-117.437751,34.020149],[-117.437823,34.020148],[-117.437859,34.020127],[-117.437922,34.02014],[-117.437945,34.020123],[-117.437937,34.020088],[-117.437899,34.020054],[-117.437867,34.020058],[-117.437849,34.020086],[-117.43783,34.02009],[-117.437812,34.02008],[-117.437797,34.020052],[-117.437744,34.020054]]]}},{"type":"Feature","properties":{"k":"green"},"geometry":{"type":"Polygon","coordinates":[[[-117.43799,34.01995],[-117.43799,34.019978],[-117.437978,34.020002],[-117.437945,34.020025],[-117.437904,34.020036],[-117.437668,34.020037],[-117.437631,34.020025],[-117.437609,34.020007],[-117.437593,34.019964],[-117.437598,34.019933],[-117.437619,34.019904],[-117.437656,34.019883],[-117.43769,34.019882],[-117.437787,34.019891],[-117.437886,34.019887],[-117.437922,34.019894],[-117.437976,34.01992],[-117.43799,34.01995]]]}},{"type":"Feature","properties":{"k":"path"},"geometry":{"type":"LineString","coordinates":[[-117.434235,34.021109],[-117.434355,34.02099],[-117.434403,34.020952],[-117.434615,34.020825],[-117.43471,34.020787],[-117.434923,34.020731],[-117.43503,34.020696],[-117.43516,34.020626],[-117.435459,34.020508],[-117.43553,34.020471],[-117.435576,34.020432],[-117.435716,34.020268],[-117.435751,34.020244],[-117.435942,34.020193],[-117.436024,34.020161],[-117.436073,34.020131],[-117.436158,34.020044],[-117.436212,34.020012],[-117.436271,34.019995],[-117.436354,34.019993],[-117.436413,34.019976],[-117.436458,34.019953],[-117.436601,34.019846],[-117.436684,34.019809],[-117.436786,34.019776],[-117.436923,34.019706],[-117.436989,34.019681],[-117.437316,34.019666],[-117.437512,34.019679],[-117.437755,34.019672],[-117.437896,34.019692],[-117.438057,34.019727],[-117.438563,34.019863],[-117.438623,34.019902],[-117.438641,34.019931],[-117.438651,34.019987],[-117.438396,34.020295],[-117.438346,34.020404],[-117.438324,34.020435],[-117.438218,34.020521],[-117.437994,34.020651]]}},{"type":"Feature","properties":{"k":"rough"},"geometry":{"type":"Polygon","coordinates":[[[-117.434153,34.021163],[-117.434137,34.021211],[-117.434078,34.021277],[-117.434064,34.021307],[-117.434074,34.021342],[-117.434094,34.02137],[-117.434117,34.021387],[-117.43415,34.021389],[-117.434186,34.021371],[-117.434275,34.021348],[-117.43441,34.021266],[-117.434656,34.021152],[-117.434791,34.021049],[-117.434852,34.021012],[-117.434921,34.020982],[-117.435339,34.020841],[-117.435428,34.020784],[-117.435659,34.020728],[-117.435756,34.020728],[-117.435834,34.020766],[-117.436062,34.020769],[-117.436124,34.020741],[-117.436195,34.020695],[-117.436285,34.020668],[-117.436347,34.020637],[-117.436388,34.02059],[-117.436544,34.020529],[-117.436689,34.020517],[-117.436943,34.020514],[-117.437003,34.020501],[-117.437176,34.020441],[-117.437396,34.02034],[-117.437554,34.020317],[-117.437617,34.0203],[-117.437823,34.02029],[-117.4379,34.020296],[-117.438035,34.020238],[-117.438065,34.020213],[-117.438091,34.020085],[-117.438067,34.019868],[-117.438041,34.019814],[-117.437981,34.019738],[-117.437955,34.019723],[-117.437896,34.019707],[-117.437747,34.019688],[-117.437443,34.019689],[-117.437298,34.019674],[-117.437136,34.019687],[-117.436996,34.01969],[-117.436946,34.019707],[-117.436795,34.019785],[-117.436642,34.019838],[-117.436451,34.019969],[-117.43641,34.019989],[-117.43637,34.020002],[-117.436256,34.020009],[-117.436214,34.020023],[-117.436161,34.020058],[-117.436081,34.020139],[-117.435996,34.020185],[-117.435755,34.020256],[-117.435713,34.020287],[-117.435558,34.020465],[-117.435464,34.020518],[-117.435194,34.020623],[-117.435025,34.020709],[-117.434731,34.020795],[-117.434643,34.020827],[-117.434559,34.02087],[-117.434382,34.020986],[-117.434323,34.021037],[-117.434244,34.021122],[-117.434157,34.021153],[-117.434153,34.021163]]]}},{"type":"Feature","properties":{"k":"tee"},"geometry":{"type":"Polygon","coordinates":[[[-117.438827,34.019817],[-117.43879,34.019853],[-117.438764,34.019865],[-117.438739,34.019854],[-117.438724,34.019818],[-117.43875,34.019795],[-117.43879,34.019785],[-117.438822,34.019795],[-117.438827,34.019817]]]}},{"type":"Feature","properties":{"k":"rough"},"geometry":{"type":"Polygon","coordinates":[[[-117.43882,34.019776],[-117.438752,34.019776],[-117.438692,34.019827],[-117.438676,34.019852],[-117.438625,34.019877],[-117.438622,34.019883],[-117.438661,34.019928],[-117.438701,34.019903],[-117.438756,34.019883],[-117.438781,34.019884],[-117.438831,34.019841],[-117.438844,34.019806],[-117.438837,34.019788],[-117.43882,34.019776]]]}},{"type":"Feature","properties":{"k":"tee"},"geometry":{"type":"Polygon","coordinates":[[[-117.438621,34.019994],[-117.438611,34.019967],[-117.438554,34.019931],[-117.43838,34.020119],[-117.438378,34.020142],[-117.43839,34.020158],[-117.43843,34.020182],[-117.438463,34.020181],[-117.438621,34.019994]]]}},{"type":"Feature","properties":{"k":"tee"},"geometry":{"type":"Polygon","coordinates":[[[-117.43836,34.020311],[-117.438363,34.02032],[-117.43832,34.020386],[-117.438308,34.020394],[-117.438282,34.020388],[-117.438255,34.020356],[-117.438262,34.02033],[-117.438316,34.020289],[-117.438351,34.020301],[-117.43836,34.020311]]]}},{"type":"Feature","properties":{"k":"rough"},"geometry":{"type":"Polygon","coordinates":[[[-117.438593,34.019894],[-117.438629,34.019938],[-117.438634,34.019989],[-117.438466,34.020189],[-117.438391,34.020262],[-117.43835,34.020368],[-117.438307,34.020435],[-117.438186,34.020529],[-117.438114,34.020573],[-117.43771,34.020788],[-117.437612,34.020851],[-117.437442,34.020996],[-117.437341,34.021066],[-117.437198,34.0211],[-117.43692,34.021192],[-117.436723,34.021245],[-117.436563,34.021279],[-117.436226,34.02132],[-117.436093,34.021313],[-117.435787,34.021233],[-117.435674,34.021144],[-117.435684,34.0211],[-117.435824,34.02105],[-117.435879,34.021004],[-117.435966,34.020962],[-117.436182,34.020924],[-117.43618,34.020888],[-117.43621,34.020819],[-117.436265,34.020761],[-117.436577,34.020674],[-117.436796,34.020663],[-117.436933,34.020666],[-117.437078,34.020629],[-117.437192,34.020533],[-117.437373,34.020475],[-117.437488,34.020461],[-117.437537,34.020446],[-117.437658,34.020483],[-117.437735,34.020491],[-117.437942,34.020471],[-117.438008,34.020477],[-117.438046,34.020496],[-117.438115,34.020552],[-117.43814,34.020543],[-117.438243,34.020474],[-117.438251,34.020441],[-117.438233,34.02038],[-117.438235,34.020345],[-117.438244,34.020316],[-117.438286,34.020284],[-117.438357,34.02019],[-117.438365,34.02017],[-117.438352,34.02012],[-117.438364,34.020081],[-117.438562,34.019891],[-117.438593,34.019894]]]}},{"type":"Feature","properties":{"k":"tee"},"geometry":{"type":"Polygon","coordinates":[[[-117.438035,34.020581],[-117.437993,34.020611],[-117.43796,34.020614],[-117.437936,34.020587],[-117.437926,34.020557],[-117.437979,34.020529],[-117.438001,34.020526],[-117.438029,34.020558],[-117.438035,34.020581]]]}},{"type":"Feature","properties":{"k":"bunker"},"geometry":{"type":"Polygon","coordinates":[[[-117.436664,34.020766],[-117.436668,34.020785],[-117.436646,34.02081],[-117.436621,34.020815],[-117.436605,34.020797],[-117.436594,34.0208],[-117.436577,34.02085],[-117.436536,34.020868],[-117.436474,34.020839],[-117.436459,34.020841],[-117.436437,34.020871],[-117.436415,34.020885],[-117.436395,34.020884],[-117.436368,34.020868],[-117.436365,34.020842],[-117.436388,34.020819],[-117.436468,34.020793],[-117.436505,34.020769],[-117.436543,34.020759],[-117.436582,34.020737],[-117.436618,34.020734],[-117.436647,34.020747],[-117.436664,34.020766]]]}},{"type":"Feature","properties":{"k":"fairway"},"geometry":{"type":"Polygon","coordinates":[[[-117.437602,34.020592],[-117.437657,34.020675],[-117.437665,34.020719],[-117.437642,34.02079],[-117.437597,34.020839],[-117.437542,34.02088],[-117.437504,34.020897],[-117.437381,34.020931],[-117.437339,34.020952],[-117.437158,34.021064],[-117.437016,34.021134],[-117.436702,34.021233],[-117.43653,34.021253],[-117.436301,34.021258],[-117.436235,34.021275],[-117.43609,34.021296],[-117.436024,34.021283],[-117.435994,34.021265],[-117.435962,34.02124],[-117.435921,34.021183],[-117.435913,34.021159],[-117.435917,34.021132],[-117.435971,34.021033],[-117.435989,34.021024],[-117.4362,34.020965],[-117.436343,34.020935],[-117.43645,34.020917],[-117.436639,34.020903],[-117.436857,34.020846],[-117.437091,34.020761],[-117.43728,34.020675],[-117.43749,34.020555],[-117.437544,34.020554],[-117.437578,34.020569],[-117.437602,34.020592]]]}},{"type":"Feature","properties":{"k":"bunker"},"geometry":{"type":"Polygon","coordinates":[[[-117.434064,34.022232],[-117.434039,34.022242],[-117.434031,34.022258],[-117.434035,34.022274],[-117.434061,34.022286],[-117.434086,34.022272],[-117.434091,34.022252],[-117.434082,34.022236],[-117.434064,34.022232]]]}},{"type":"Feature","properties":{"k":"green"},"geometry":{"type":"Polygon","coordinates":[[[-117.43423,34.022329],[-117.43424,34.02236],[-117.434231,34.02239],[-117.434201,34.022429],[-117.434157,34.022451],[-117.434089,34.022458],[-117.434029,34.02245],[-117.43398,34.022423],[-117.433951,34.022385],[-117.433958,34.022346],[-117.433977,34.022329],[-117.434009,34.022316],[-117.434061,34.022317],[-117.434168,34.022304],[-117.434201,34.022308],[-117.43423,34.022329]]]}},{"type":"Feature","properties":{"k":"path"},"geometry":{"type":"LineString","coordinates":[[-117.437994,34.020651],[-117.437725,34.02079],[-117.437613,34.020865],[-117.43743,34.021021],[-117.437344,34.021077],[-117.437207,34.021107],[-117.436749,34.021249],[-117.436568,34.021289],[-117.436245,34.021327],[-117.43613,34.021325],[-117.436022,34.021307],[-117.435764,34.021239],[-117.435565,34.021203],[-117.435524,34.021203],[-117.435367,34.021247],[-117.435163,34.021249],[-117.434998,34.021282],[-117.434961,34.021299],[-117.434815,34.021398],[-117.434768,34.021417],[-117.434577,34.021461],[-117.434499,34.021501],[-117.434349,34.021609],[-117.434311,34.021644],[-117.434269,34.021705],[-117.434205,34.021824],[-117.43417,34.021863],[-117.43411,34.021915],[-117.433969,34.022006],[-117.433837,34.022062],[-117.433696,34.022092],[-117.433659,34.022106],[-117.433612,34.022137],[-117.433584,34.022139],[-117.433567,34.022133],[-117.43355,34.022114],[-117.433565,34.022074],[-117.433585,34.022065],[-117.433605,34.022064],[-117.433696,34.022092]]}},{"type":"Feature","properties":{"k":"path"},"geometry":{"type":"LineString","coordinates":[[-117.433825,34.022064],[-117.43379,34.021926],[-117.433702,34.02177],[-117.433673,34.02174]]}},{"type":"Feature","properties":{"k":"rough"},"geometry":{"type":"Polygon","coordinates":[[[-117.435984,34.021308],[-117.435968,34.021371],[-117.435926,34.021383],[-117.435868,34.021411],[-117.4358,34.021467],[-117.435671,34.02155],[-117.435565,34.021582],[-117.435429,34.021665],[-117.435339,34.021705],[-117.435159,34.021777],[-117.435024,34.021817],[-117.43492,34.021897],[-117.434873,34.021911],[-117.434727,34.022001],[-117.434731,34.022025],[-117.434652,34.022192],[-117.434526,34.022321],[-117.434338,34.022461],[-117.434243,34.022522],[-117.434081,34.022603],[-117.43402,34.022623],[-117.433843,34.022611],[-117.433755,34.022566],[-117.433743,34.022544],[-117.43378,34.022258],[-117.433837,34.022077],[-117.433986,34.022009],[-117.434133,34.021912],[-117.434202,34.021851],[-117.434296,34.021684],[-117.434331,34.021639],[-117.434364,34.02161],[-117.434567,34.021473],[-117.434769,34.021429],[-117.434871,34.021375],[-117.434968,34.021309],[-117.435011,34.02129],[-117.435209,34.021258],[-117.435343,34.02126],[-117.43556,34.021212],[-117.435745,34.021245],[-117.435984,34.021308]]]}},{"type":"Feature","properties":{"k":"tee"},"geometry":{"type":"Polygon","coordinates":[[[-117.433567,34.022298],[-117.433552,34.02224],[-117.433541,34.02223],[-117.433477,34.022241],[-117.433463,34.022253],[-117.433476,34.022309],[-117.433496,34.022323],[-117.433552,34.022312],[-117.433567,34.022298]]]}},{"type":"Feature","properties":{"k":"tee"},"geometry":{"type":"Polygon","coordinates":[[[-117.43358,34.022015],[-117.433541,34.022034],[-117.433494,34.022039],[-117.433465,34.021974],[-117.433478,34.021958],[-117.433532,34.021944],[-117.433546,34.021947],[-117.433577,34.021988],[-117.43358,34.022015]]]}},{"type":"Feature","properties":{"k":"rough"},"geometry":{"type":"Polygon","coordinates":[[[-117.433598,34.022325],[-117.433505,34.022341],[-117.433481,34.022339],[-117.433444,34.022299],[-117.433423,34.02224],[-117.433399,34.022204],[-117.433397,34.022182],[-117.433414,34.022164],[-117.433419,34.022123],[-117.433413,34.021999],[-117.433439,34.021915],[-117.433469,34.021901],[-117.433499,34.021897],[-117.433555,34.021905],[-117.433648,34.022042],[-117.433622,34.022058],[-117.433573,34.022063],[-117.433546,34.022085],[-117.433543,34.022101],[-117.433544,34.022117],[-117.433559,34.022133],[-117.433597,34.022146],[-117.433598,34.022177],[-117.433577,34.02222],[-117.433598,34.022325]]]}},{"type":"Feature","properties":{"k":"tee"},"geometry":{"type":"Polygon","coordinates":[[[-117.433586,34.02173],[-117.433546,34.021665],[-117.43352,34.021665],[-117.43348,34.021677],[-117.433457,34.021693],[-117.433457,34.021705],[-117.433485,34.021753],[-117.433516,34.021751],[-117.433586,34.02173]]]}},{"type":"Feature","properties":{"k":"tee"},"geometry":{"type":"Polygon","coordinates":[[[-117.433492,34.021416],[-117.433431,34.021438],[-117.433404,34.021433],[-117.433383,34.021376],[-117.433409,34.021358],[-117.433463,34.021347],[-117.433488,34.021379],[-117.433497,34.021408],[-117.433492,34.021416]]]}},{"type":"Feature","properties":{"k":"bunker"},"geometry":{"type":"Polygon","coordinates":[[[-117.432433,34.0205],[-117.432418,34.020541],[-117.43246,34.020615],[-117.432499,34.02064],[-117.432525,34.02064],[-117.432565,34.020596],[-117.432568,34.020562],[-117.432552,34.020555],[-117.43251,34.020558],[-117.432504,34.020553],[-117.432516,34.020518],[-117.432494,34.020495],[-117.43247,34.020491],[-117.432433,34.0205]]]}},{"type":"Feature","properties":{"k":"bunker"},"geometry":{"type":"Polygon","coordinates":[[[-117.432167,34.020196],[-117.432129,34.020229],[-117.432127,34.020255],[-117.432168,34.020313],[-117.432209,34.020342],[-117.432214,34.020351],[-117.432204,34.020369],[-117.432212,34.020395],[-117.432254,34.020419],[-117.432313,34.020409],[-117.432345,34.020361],[-117.432342,34.020345],[-117.432325,34.02033],[-117.432327,34.020293],[-117.432316,34.020282],[-117.432287,34.020278],[-117.432248,34.020301],[-117.432234,34.020297],[-117.432217,34.020274],[-117.432207,34.020208],[-117.432195,34.020199],[-117.432167,34.020196]]]}},{"type":"Feature","properties":{"k":"bunker"},"geometry":{"type":"Polygon","coordinates":[[[-117.431969,34.020111],[-117.43192,34.020129],[-117.431923,34.020156],[-117.432019,34.020176],[-117.432026,34.02019],[-117.431995,34.020222],[-117.431992,34.020244],[-117.432023,34.02026],[-117.432053,34.020262],[-117.432068,34.020255],[-117.432079,34.02021],[-117.432106,34.020165],[-117.432092,34.020136],[-117.43202,34.020084],[-117.432005,34.020084],[-117.431969,34.020111]]]}},{"type":"Feature","properties":{"k":"bunker"},"geometry":{"type":"Polygon","coordinates":[[[-117.432035,34.020401],[-117.432012,34.020433],[-117.432025,34.020463],[-117.431978,34.020465],[-117.431951,34.020472],[-117.431937,34.020488],[-117.431941,34.020503],[-117.43197,34.020524],[-117.431983,34.020545],[-117.432005,34.020553],[-117.432025,34.02055],[-117.432049,34.020533],[-117.43208,34.020498],[-117.432097,34.020463],[-117.432093,34.020417],[-117.432065,34.020402],[-117.432035,34.020401]]]}},{"type":"Feature","properties":{"k":"bunker"},"geometry":{"type":"Polygon","coordinates":[[[-117.431345,34.019629],[-117.431327,34.019647],[-117.431319,34.019695],[-117.431297,34.019713],[-117.4313,34.019733],[-117.431326,34.019749],[-117.431377,34.019746],[-117.431397,34.019751],[-117.431404,34.01982],[-117.431418,34.01984],[-117.431468,34.019844],[-117.431506,34.019838],[-117.431531,34.019794],[-117.431513,34.019745],[-117.431485,34.019726],[-117.431437,34.01972],[-117.431401,34.019706],[-117.431388,34.019695],[-117.431393,34.019658],[-117.431387,34.019639],[-117.431365,34.019626],[-117.431345,34.019629]]]}},{"type":"Feature","properties":{"k":"bunker"},"geometry":{"type":"Polygon","coordinates":[[[-117.431188,34.019579],[-117.431161,34.0196],[-117.431166,34.019625],[-117.431197,34.019627],[-117.431236,34.019619],[-117.431245,34.019597],[-117.431233,34.019581],[-117.43121,34.019572],[-117.431188,34.019579]]]}},{"type":"Feature","properties":{"k":"green"},"geometry":{"type":"Polygon","coordinates":[[[-117.431183,34.019656],[-117.431207,34.01971],[-117.431197,34.019741],[-117.431175,34.019768],[-117.43116,34.019777],[-117.431107,34.019785],[-117.431044,34.019774],[-117.430992,34.01975],[-117.430956,34.019708],[-117.430916,34.019627],[-117.43092,34.019584],[-117.430974,34.019533],[-117.431018,34.01951],[-117.431071,34.01951],[-117.431108,34.019535],[-117.431141,34.019618],[-117.431183,34.019656]]]}},{"type":"Feature","properties":{"k":"rough"},"geometry":{"type":"Polygon","coordinates":[[[-117.433639,34.021715],[-117.433637,34.021729],[-117.433615,34.021748],[-117.433269,34.021862],[-117.433287,34.021818],[-117.433287,34.02173],[-117.433302,34.021699],[-117.433354,34.021639],[-117.43336,34.021419],[-117.43335,34.021395],[-117.433257,34.021302],[-117.43325,34.021279],[-117.433189,34.021227],[-117.433105,34.02118],[-117.432988,34.021055],[-117.432899,34.020984],[-117.432858,34.020851],[-117.432833,34.020807],[-117.432793,34.020761],[-117.432736,34.020727],[-117.432691,34.020719],[-117.432639,34.020736],[-117.432578,34.020747],[-117.43243,34.020708],[-117.432315,34.02072],[-117.432263,34.020705],[-117.432184,34.020665],[-117.432091,34.020653],[-117.432017,34.020654],[-117.431972,34.020637],[-117.4319,34.020595],[-117.431737,34.020455],[-117.431594,34.020316],[-117.431453,34.020255],[-117.431402,34.02026],[-117.431384,34.020246],[-117.431372,34.020216],[-117.431348,34.020198],[-117.431247,34.02013],[-117.431115,34.020057],[-117.43102,34.019937],[-117.430926,34.019861],[-117.430854,34.019785],[-117.430703,34.019591],[-117.430655,34.019568],[-117.430637,34.019552],[-117.430637,34.019531],[-117.430732,34.019483],[-117.430916,34.01941],[-117.430965,34.019411],[-117.431166,34.019449],[-117.431217,34.019487],[-117.431312,34.019526],[-117.431379,34.019571],[-117.431449,34.019597],[-117.4316,34.019607],[-117.431886,34.01958],[-117.431925,34.019582],[-117.432111,34.019618],[-117.432344,34.019647],[-117.432441,34.019677],[-117.43249,34.019705],[-117.432521,34.019741],[-117.432619,34.019913],[-117.432662,34.019953],[-117.43281,34.020044],[-117.432851,34.020083],[-117.432875,34.020127],[-117.4329,34.02024],[-117.43294,34.020332],[-117.433042,34.020467],[-117.433166,34.020605],[-117.433205,34.020691],[-117.433246,34.020849],[-117.433273,34.0209],[-117.433397,34.02108],[-117.433466,34.021222],[-117.433543,34.021442],[-117.433543,34.021542],[-117.433639,34.021715]]]}},{"type":"Feature","properties":{"k":"tee"},"geometry":{"type":"Polygon","coordinates":[[[-117.430046,34.019852],[-117.429977,34.019901],[-117.429988,34.019925],[-117.430019,34.019945],[-117.430031,34.019945],[-117.430093,34.019898],[-117.430072,34.019861],[-117.430046,34.019852]]]}},{"type":"Feature","properties":{"k":"tee"},"geometry":{"type":"Polygon","coordinates":[[[-117.429954,34.019994],[-117.429949,34.020013],[-117.42986,34.020077],[-117.429843,34.020079],[-117.429808,34.020051],[-117.429797,34.020021],[-117.429895,34.019951],[-117.429915,34.019949],[-117.42993,34.019957],[-117.429953,34.019981],[-117.429954,34.019994]]]}},{"type":"Feature","properties":{"k":"tee"},"geometry":{"type":"Polygon","coordinates":[[[-117.42976,34.020163],[-117.429755,34.020178],[-117.429658,34.020249],[-117.429644,34.020249],[-117.429621,34.020234],[-117.429586,34.0202],[-117.429601,34.020177],[-117.429692,34.020107],[-117.429716,34.020116],[-117.42976,34.020163]]]}},{"type":"Feature","properties":{"k":"tee"},"geometry":{"type":"Polygon","coordinates":[[[-117.429357,34.020566],[-117.429307,34.020593],[-117.429296,34.020609],[-117.429306,34.020627],[-117.42934,34.020654],[-117.429361,34.020649],[-117.429406,34.020609],[-117.42938,34.020575],[-117.429357,34.020566]]]}},{"type":"Feature","properties":{"k":"bunker"},"geometry":{"type":"Polygon","coordinates":[[[-117.428393,34.020915],[-117.42836,34.02093],[-117.428311,34.020924],[-117.428294,34.02093],[-117.428241,34.020974],[-117.428235,34.020989],[-117.428242,34.021014],[-117.428278,34.021032],[-117.428303,34.02103],[-117.428319,34.020975],[-117.428346,34.020961],[-117.428359,34.02097],[-117.428346,34.021002],[-117.428359,34.021029],[-117.428381,34.021032],[-117.428405,34.021021],[-117.428404,34.021006],[-117.428416,34.020984],[-117.428451,34.020955],[-117.428457,34.020934],[-117.428449,34.020916],[-117.428428,34.020904],[-117.428406,34.020904],[-117.428393,34.020915]]]}},{"type":"Feature","properties":{"k":"green"},"geometry":{"type":"Polygon","coordinates":[[[-117.428094,34.021054],[-117.428085,34.021078],[-117.428083,34.02113],[-117.428102,34.021158],[-117.428135,34.021168],[-117.428246,34.021174],[-117.428324,34.021204],[-117.428358,34.021204],[-117.428406,34.021183],[-117.428447,34.021146],[-117.428465,34.021116],[-117.428459,34.021075],[-117.428422,34.021051],[-117.428303,34.021056],[-117.42818,34.021017],[-117.428117,34.021027],[-117.428094,34.021054]]]}},{"type":"Feature","properties":{"k":"rough"},"geometry":{"type":"Polygon","coordinates":[[[-117.430177,34.01972],[-117.430206,34.019755],[-117.430209,34.019774],[-117.430171,34.019851],[-117.430127,34.019917],[-117.430025,34.019996],[-117.429945,34.02004],[-117.429868,34.020122],[-117.429777,34.020195],[-117.429639,34.020331],[-117.429587,34.020389],[-117.429541,34.020476],[-117.429497,34.020531],[-117.429473,34.020596],[-117.42937,34.020693],[-117.429213,34.02087],[-117.428995,34.020983],[-117.428855,34.021071],[-117.428786,34.021132],[-117.428678,34.021148],[-117.428643,34.021163],[-117.42852,34.02123],[-117.428305,34.021373],[-117.428223,34.021414],[-117.428171,34.021431],[-117.428123,34.021435],[-117.427949,34.021399],[-117.427889,34.021404],[-117.42784,34.02127],[-117.427849,34.021241],[-117.427882,34.021205],[-117.427919,34.021139],[-117.427921,34.021019],[-117.42798,34.020957],[-117.428034,34.02094],[-117.428158,34.020927],[-117.42816,34.020888],[-117.42817,34.020869],[-117.428194,34.020862],[-117.428225,34.020856],[-117.428369,34.020857],[-117.428547,34.020766],[-117.428667,34.020639],[-117.428657,34.0206],[-117.428392,34.02059],[-117.428339,34.020554],[-117.428309,34.020477],[-117.428317,34.020407],[-117.428409,34.020379],[-117.428494,34.02032],[-117.428543,34.020274],[-117.428571,34.020291],[-117.428579,34.020342],[-117.428616,34.020395],[-117.428677,34.020422],[-117.428744,34.020437],[-117.428818,34.02042],[-117.428841,34.020403],[-117.428901,34.02039],[-117.428982,34.020359],[-117.429021,34.020309],[-117.429163,34.020261],[-117.429331,34.020182],[-117.429504,34.020071],[-117.429545,34.020023],[-117.429546,34.019972],[-117.429517,34.019939],[-117.429452,34.019903],[-117.429303,34.019849],[-117.42932,34.019791],[-117.429437,34.019812],[-117.429547,34.019819],[-117.42981,34.019809],[-117.429975,34.019781],[-117.430057,34.019748],[-117.430105,34.019706],[-117.43016,34.019708],[-117.430177,34.01972]]]}},{"type":"Feature","properties":{"k":"path"},"geometry":{"type":"LineString","coordinates":[[-117.433673,34.02174],[-117.433578,34.021573],[-117.433532,34.021352],[-117.433447,34.021145],[-117.433312,34.020938],[-117.433259,34.020838],[-117.433243,34.020803],[-117.433202,34.020644],[-117.43316,34.020574],[-117.433012,34.020409],[-117.432944,34.020318],[-117.432906,34.020216],[-117.432884,34.020111],[-117.432854,34.020064],[-117.432818,34.020031],[-117.432715,34.019975],[-117.432642,34.019916],[-117.432615,34.019885],[-117.432511,34.019707],[-117.43247,34.019681],[-117.4324,34.019649],[-117.432304,34.019628],[-117.432061,34.0196],[-117.431944,34.019573],[-117.431882,34.019569],[-117.431658,34.019593],[-117.431503,34.019596],[-117.431425,34.019578],[-117.431165,34.019436],[-117.430958,34.019401],[-117.430908,34.019403],[-117.430844,34.01942],[-117.430598,34.019531],[-117.430513,34.019584],[-117.430422,34.019661],[-117.430386,34.019718]]}},{"type":"Feature","properties":{"k":"path"},"geometry":{"type":"LineString","coordinates":[[-117.430386,34.019718],[-117.430247,34.019766],[-117.430221,34.019794],[-117.430153,34.019907],[-117.430129,34.019932],[-117.430094,34.019962],[-117.429962,34.020048],[-117.429674,34.020315],[-117.429612,34.020378],[-117.429476,34.020616],[-117.429378,34.020706],[-117.429246,34.02086],[-117.429023,34.02098],[-117.42887,34.021075],[-117.428802,34.021137],[-117.428764,34.021152],[-117.428669,34.021164],[-117.428499,34.021258],[-117.428292,34.021395],[-117.42816,34.021443],[-117.428061,34.021435],[-117.427934,34.021406],[-117.427734,34.02144],[-117.427439,34.021504],[-117.42733,34.0215],[-117.427197,34.021464]]}},{"type":"Feature","properties":{"k":"tee"},"geometry":{"type":"Polygon","coordinates":[[[-117.427098,34.021728],[-117.427061,34.021741],[-117.427038,34.021785],[-117.427054,34.021804],[-117.427095,34.021822],[-117.427118,34.021809],[-117.427145,34.021771],[-117.427145,34.021758],[-117.427098,34.021728]]]}},{"type":"Feature","properties":{"k":"tee"},"geometry":{"type":"Polygon","coordinates":[[[-117.42727,34.021569],[-117.427273,34.021588],[-117.427222,34.021677],[-117.427199,34.021676],[-117.427149,34.021657],[-117.427143,34.021639],[-117.427194,34.021548],[-117.427253,34.021555],[-117.42727,34.021569]]]}},{"type":"Feature","properties":{"k":"tee"},"geometry":{"type":"Polygon","coordinates":[[[-117.427377,34.021369],[-117.427323,34.021346],[-117.427301,34.021347],[-117.427262,34.0214],[-117.42726,34.021419],[-117.427276,34.021431],[-117.427345,34.021446],[-117.427384,34.021391],[-117.427384,34.021373],[-117.427377,34.021369]]]}},{"type":"Feature","properties":{"k":"tee"},"geometry":{"type":"Polygon","coordinates":[[[-117.427387,34.02117],[-117.427344,34.021211],[-117.427328,34.021241],[-117.42733,34.021254],[-117.427349,34.021265],[-117.427398,34.021281],[-117.427453,34.021208],[-117.427442,34.021184],[-117.427387,34.02117]]]}},{"type":"Feature","properties":{"k":"bunker"},"geometry":{"type":"Polygon","coordinates":[[[-117.428366,34.019588],[-117.428346,34.01964],[-117.428353,34.019691],[-117.428393,34.019706],[-117.42844,34.019701],[-117.428496,34.019658],[-117.428571,34.019657],[-117.428615,34.019641],[-117.428628,34.019625],[-117.42863,34.019608],[-117.428617,34.019594],[-117.428585,34.019587],[-117.428582,34.019577],[-117.428632,34.019551],[-117.428635,34.019524],[-117.428619,34.019505],[-117.428594,34.019499],[-117.428546,34.019526],[-117.428519,34.019552],[-117.428517,34.019613],[-117.428509,34.019618],[-117.4285,34.019616],[-117.428495,34.019597],[-117.428471,34.01959],[-117.428443,34.019617],[-117.428431,34.019615],[-117.428454,34.019546],[-117.428424,34.019534],[-117.428402,34.019538],[-117.428378,34.019554],[-117.428366,34.019588]]]}},{"type":"Feature","properties":{"k":"bunker"},"geometry":{"type":"Polygon","coordinates":[[[-117.429711,34.019461],[-117.429694,34.019444],[-117.429668,34.019444],[-117.429611,34.019513],[-117.429617,34.019538],[-117.429678,34.019609],[-117.429746,34.019602],[-117.429769,34.01958],[-117.429761,34.019563],[-117.429704,34.019546],[-117.429704,34.019529],[-117.429749,34.019533],[-117.429773,34.019551],[-117.429797,34.019546],[-117.429818,34.019524],[-117.429815,34.019492],[-117.429774,34.019465],[-117.42973,34.019474],[-117.429711,34.019461]]]}},{"type":"Feature","properties":{"k":"green"},"geometry":{"type":"Polygon","coordinates":[[[-117.429839,34.019537],[-117.429805,34.019583],[-117.429741,34.019622],[-117.429722,34.019644],[-117.429718,34.01968],[-117.429743,34.019708],[-117.429764,34.019716],[-117.429824,34.01972],[-117.429939,34.019695],[-117.429964,34.019685],[-117.429998,34.019652],[-117.430012,34.019549],[-117.429999,34.019512],[-117.429976,34.019486],[-117.429933,34.019468],[-117.429895,34.019472],[-117.429865,34.019491],[-117.429839,34.019537]]]}},{"type":"Feature","properties":{"k":"path"},"geometry":{"type":"LineString","coordinates":[[-117.427197,34.021464],[-117.427152,34.021471],[-117.427106,34.021576],[-117.427115,34.021603],[-117.427109,34.021634],[-117.42708,34.021644],[-117.427068,34.02164],[-117.427053,34.021619],[-117.427056,34.021585],[-117.427106,34.021576]]}},{"type":"Feature","properties":{"k":"path"},"geometry":{"type":"LineString","coordinates":[[-117.427184,34.021463],[-117.427177,34.021407],[-117.427223,34.021313],[-117.427289,34.021203],[-117.427361,34.021112],[-117.427397,34.021011],[-117.427469,34.020915],[-117.427582,34.020798],[-117.427643,34.020688],[-117.427661,34.020645],[-117.427673,34.020578],[-117.427667,34.020438],[-117.427679,34.020378],[-117.427723,34.02028],[-117.427826,34.020213],[-117.427879,34.020161],[-117.4279,34.019999],[-117.427916,34.019961],[-117.427993,34.019892],[-117.428099,34.019825],[-117.428134,34.01976],[-117.428148,34.01965],[-117.428161,34.019619],[-117.42824,34.019539],[-117.428329,34.019479],[-117.428455,34.019433],[-117.428593,34.019396],[-117.428681,34.019383],[-117.428824,34.019387],[-117.428906,34.019398],[-117.429231,34.019464],[-117.429302,34.019472],[-117.42935,34.019464],[-117.429499,34.019394],[-117.429587,34.019368],[-117.429878,34.019372],[-117.430018,34.019349],[-117.430048,34.019368],[-117.430062,34.019395],[-117.430144,34.019648],[-117.430169,34.019689],[-117.430247,34.019766]]}},{"type":"Feature","properties":{"k":"path"},"geometry":{"type":"LineString","coordinates":[[-117.430018,34.019349],[-117.430021,34.019318],[-117.430003,34.019288],[-117.429965,34.019249],[-117.429865,34.019176],[-117.429757,34.019129],[-117.42972,34.019095],[-117.429731,34.019059]]}},{"type":"Feature","properties":{"k":"rough"},"geometry":{"type":"Polygon","coordinates":[[[-117.427179,34.021885],[-117.427143,34.02188],[-117.427019,34.021827],[-117.427007,34.02178],[-117.427008,34.02169],[-117.427018,34.021617],[-117.427069,34.021655],[-117.427108,34.02165],[-117.427129,34.021634],[-117.427139,34.021566],[-117.427177,34.021498],[-117.427203,34.021486],[-117.427225,34.021486],[-117.427351,34.021517],[-117.427358,34.021529],[-117.427355,34.021569],[-117.427339,34.021689],[-117.427324,34.021728],[-117.427301,34.021751],[-117.427274,34.021752],[-117.427216,34.021773],[-117.427202,34.021794],[-117.427179,34.021885]]]}},{"type":"Feature","properties":{"k":"rough"},"geometry":{"type":"Polygon","coordinates":[[[-117.427198,34.021423],[-117.427227,34.021455],[-117.42726,34.021469],[-117.427343,34.021489],[-117.427427,34.02149],[-117.427436,34.021446],[-117.427473,34.021429],[-117.427485,34.02141],[-117.427483,34.021334],[-117.427582,34.021184],[-117.427613,34.021115],[-117.427702,34.020968],[-117.427685,34.020901],[-117.427723,34.020873],[-117.427778,34.020868],[-117.427803,34.020822],[-117.427887,34.02075],[-117.427855,34.0207],[-117.427856,34.020665],[-117.427933,34.020645],[-117.428034,34.020543],[-117.428245,34.020413],[-117.428317,34.020407],[-117.428409,34.020379],[-117.428494,34.02032],[-117.42864,34.020192],[-117.428728,34.020107],[-117.428762,34.020061],[-117.428861,34.020023],[-117.428994,34.019959],[-117.429303,34.019849],[-117.429311,34.019811],[-117.429328,34.019787],[-117.429482,34.019806],[-117.42974,34.019809],[-117.430019,34.019763],[-117.430057,34.019748],[-117.430073,34.019723],[-117.430105,34.019706],[-117.43016,34.019708],[-117.430117,34.01962],[-117.430042,34.019385],[-117.430008,34.019366],[-117.429838,34.019392],[-117.429793,34.019383],[-117.429595,34.019377],[-117.429532,34.019392],[-117.429408,34.019453],[-117.429355,34.019476],[-117.429322,34.019482],[-117.429181,34.019468],[-117.428828,34.019396],[-117.428685,34.019392],[-117.428534,34.01942],[-117.428392,34.019459],[-117.428265,34.019534],[-117.428207,34.019587],[-117.428167,34.019639],[-117.428148,34.019761],[-117.428128,34.019802],[-117.428089,34.019848],[-117.427973,34.019921],[-117.427925,34.019977],[-117.427911,34.020006],[-117.427897,34.020137],[-117.427883,34.020175],[-117.427835,34.020224],[-117.427741,34.02028],[-117.427723,34.020299],[-117.427685,34.020424],[-117.427682,34.020597],[-117.427652,34.020695],[-117.427591,34.020808],[-117.42747,34.020938],[-117.4274,34.021032],[-117.427384,34.021068],[-117.427373,34.021133],[-117.427308,34.021197],[-117.427277,34.021246],[-117.427229,34.021338],[-117.427198,34.021423]]]}},{"type":"Feature","properties":{"k":"tee"},"geometry":{"type":"Polygon","coordinates":[[[-117.43069,34.020556],[-117.43067,34.020581],[-117.430622,34.020602],[-117.4306,34.020591],[-117.430582,34.020562],[-117.430586,34.020546],[-117.43065,34.020514],[-117.430665,34.02052],[-117.43069,34.020556]]]}},{"type":"Feature","properties":{"k":"tee"},"geometry":{"type":"Polygon","coordinates":[[[-117.430531,34.020654],[-117.430541,34.020664],[-117.430534,34.020676],[-117.430427,34.02073],[-117.430411,34.020731],[-117.430391,34.020714],[-117.430357,34.020653],[-117.430392,34.020624],[-117.430462,34.020587],[-117.43048,34.02059],[-117.430531,34.020654]]]}},{"type":"Feature","properties":{"k":"tee"},"geometry":{"type":"Polygon","coordinates":[[[-117.430335,34.020761],[-117.430344,34.020779],[-117.430338,34.020788],[-117.430228,34.02084],[-117.430201,34.020829],[-117.43016,34.020776],[-117.430178,34.020755],[-117.430271,34.020704],[-117.430299,34.020716],[-117.430335,34.020761]]]}},{"type":"Feature","properties":{"k":"tee"},"geometry":{"type":"Polygon","coordinates":[[[-117.429906,34.02101],[-117.429876,34.020977],[-117.429855,34.020976],[-117.429796,34.021013],[-117.429793,34.021032],[-117.429813,34.021059],[-117.429834,34.021068],[-117.429898,34.021032],[-117.429906,34.02101]]]}},{"type":"Feature","properties":{"k":"path"},"geometry":{"type":"LineString","coordinates":[[-117.430386,34.019718],[-117.430546,34.0197],[-117.430618,34.019717],[-117.430662,34.019743],[-117.430697,34.019779],[-117.430721,34.019821],[-117.430705,34.019942],[-117.430677,34.019998],[-117.43057,34.020135],[-117.430549,34.020177],[-117.430533,34.02023],[-117.430543,34.020399],[-117.430533,34.020435],[-117.430491,34.020482],[-117.430447,34.020516],[-117.430134,34.020714],[-117.430088,34.020783],[-117.43004,34.020945],[-117.430016,34.020984],[-117.429897,34.021111],[-117.429859,34.021173],[-117.42981,34.021288],[-117.429776,34.021326],[-117.429743,34.021348],[-117.429706,34.021358],[-117.429567,34.021375],[-117.429492,34.021406],[-117.429453,34.021442],[-117.429416,34.021498],[-117.429319,34.02158],[-117.429253,34.021649],[-117.429223,34.021694],[-117.429183,34.021802],[-117.429142,34.021872],[-117.429111,34.021909],[-117.429019,34.021985],[-117.428696,34.022113],[-117.428421,34.022194],[-117.428295,34.022273],[-117.428258,34.022288],[-117.428105,34.022291],[-117.428063,34.022301],[-117.428032,34.022314],[-117.427813,34.022455],[-117.427778,34.022465],[-117.427621,34.022471],[-117.427567,34.022483],[-117.42743,34.022566],[-117.42724,34.022603],[-117.427104,34.022688],[-117.427067,34.022698],[-117.426888,34.022709],[-117.426734,34.022764],[-117.426468,34.022824],[-117.426332,34.022847],[-117.426187,34.022859],[-117.426132,34.022855],[-117.426045,34.022821],[-117.425877,34.022709],[-117.42573,34.022669],[-117.425496,34.022557],[-117.425447,34.022548],[-117.425388,34.022557],[-117.42537,34.022571],[-117.425357,34.022594],[-117.42536,34.022618],[-117.425373,34.022644],[-117.425479,34.022724],[-117.425556,34.022827],[-117.425715,34.022946],[-117.425819,34.02305],[-117.425901,34.023149],[-117.426086,34.023304],[-117.426144,34.023375],[-117.426172,34.023394],[-117.426199,34.023398],[-117.426272,34.023375],[-117.426315,34.02337],[-117.426471,34.023359],[-117.42668,34.023311],[-117.426879,34.023308],[-117.426986,34.023272],[-117.427088,34.023251],[-117.427151,34.023249],[-117.427211,34.023257],[-117.427297,34.023286],[-117.427349,34.023283],[-117.427539,34.023242],[-117.427603,34.023245],[-117.427708,34.023232],[-117.427889,34.023178],[-117.428004,34.023119],[-117.428147,34.023102],[-117.428283,34.02305],[-117.428469,34.023029],[-117.428507,34.023018],[-117.428545,34.022996],[-117.428605,34.022936],[-117.428811,34.022758],[-117.428965,34.022666],[-117.429041,34.022612],[-117.429082,34.022602],[-117.429198,34.022609],[-117.42928,34.022606],[-117.42942,34.022584],[-117.429476,34.022565],[-117.429499,34.022521],[-117.429485,34.022452],[-117.429457,34.022407],[-117.429294,34.022217],[-117.429265,34.022167],[-117.429253,34.02213],[-117.429254,34.022097],[-117.429267,34.022063],[-117.429296,34.022029],[-117.429326,34.022008],[-117.429371,34.021996],[-117.429537,34.021983],[-117.429595,34.021971],[-117.429832,34.021888],[-117.429967,34.021819],[-117.43002,34.021805],[-117.430102,34.021797],[-117.430292,34.021805],[-117.430346,34.021797],[-117.43043,34.02176],[-117.430466,34.021729],[-117.430539,34.021627],[-117.430666,34.021328],[-117.430697,34.021277],[-117.43077,34.021204],[-117.430808,34.021182]]}},{"type":"Feature","properties":{"k":"green"},"geometry":{"type":"Polygon","coordinates":[[[-117.430314,34.021974],[-117.430329,34.022002],[-117.430335,34.022058],[-117.430317,34.022081],[-117.430291,34.022092],[-117.430238,34.022087],[-117.430147,34.022058],[-117.43002,34.022064],[-117.429986,34.022046],[-117.42997,34.022017],[-117.429973,34.021985],[-117.429983,34.021965],[-117.43004,34.021919],[-117.430088,34.0219],[-117.430147,34.021896],[-117.43021,34.021906],[-117.430293,34.021954],[-117.430314,34.021974]]]}},{"type":"Feature","properties":{"k":"bunker"},"geometry":{"type":"Polygon","coordinates":[[[-117.429997,34.022108],[-117.429988,34.022116],[-117.429988,34.022166],[-117.430005,34.022193],[-117.430035,34.022206],[-117.430059,34.022202],[-117.430135,34.022168],[-117.43019,34.022123],[-117.430188,34.022099],[-117.430173,34.022088],[-117.430136,34.02208],[-117.430091,34.02209],[-117.430088,34.022104],[-117.430098,34.022138],[-117.430082,34.02215],[-117.430067,34.022144],[-117.430053,34.022098],[-117.430019,34.022094],[-117.429997,34.022108]]]}},{"type":"Feature","properties":{"k":"bunker"},"geometry":{"type":"Polygon","coordinates":[[[-117.429804,34.022147],[-117.429813,34.022159],[-117.429804,34.022196],[-117.429791,34.022209],[-117.429737,34.022226],[-117.429733,34.022251],[-117.42972,34.022264],[-117.429668,34.022271],[-117.429629,34.022257],[-117.429607,34.022207],[-117.429611,34.022186],[-117.429624,34.022173],[-117.429661,34.022174],[-117.429689,34.022193],[-117.42971,34.022194],[-117.429733,34.022178],[-117.429743,34.022141],[-117.429761,34.022135],[-117.429804,34.022147]]]}},{"type":"Feature","properties":{"k":"bunker"},"geometry":{"type":"Polygon","coordinates":[[[-117.429389,34.022071],[-117.429331,34.022132],[-117.429338,34.022153],[-117.429361,34.022167],[-117.429421,34.022145],[-117.42942,34.022124],[-117.429445,34.022095],[-117.429442,34.022078],[-117.429425,34.022065],[-117.429389,34.022071]]]}},{"type":"Feature","properties":{"k":"rough"},"geometry":{"type":"Polygon","coordinates":[[[-117.430466,34.021786],[-117.430484,34.022171],[-117.430435,34.022241],[-117.430382,34.022285],[-117.430284,34.022314],[-117.430143,34.022378],[-117.430126,34.022405],[-117.430072,34.022432],[-117.429999,34.022448],[-117.42988,34.022525],[-117.42982,34.022544],[-117.429751,34.022556],[-117.429671,34.022552],[-117.429586,34.022511],[-117.429521,34.022503],[-117.429483,34.022421],[-117.429342,34.022259],[-117.429265,34.022137],[-117.429276,34.022074],[-117.429294,34.022046],[-117.429321,34.022023],[-117.429391,34.022002],[-117.429592,34.021984],[-117.429885,34.021877],[-117.429981,34.021826],[-117.430026,34.021814],[-117.430091,34.021808],[-117.430246,34.021819],[-117.430297,34.021816],[-117.430352,34.021808],[-117.430456,34.02177],[-117.430466,34.021786]]]}},{"type":"Feature","properties":{"k":"fairway"},"geometry":{"type":"Polygon","coordinates":[[[-117.429096,34.022346],[-117.42914,34.022455],[-117.429143,34.022497],[-117.429122,34.022542],[-117.429094,34.022555],[-117.429006,34.022571],[-117.428898,34.022611],[-117.428805,34.022706],[-117.428758,34.022742],[-117.428714,34.022766],[-117.428619,34.022798],[-117.428588,34.022815],[-117.428562,34.02284],[-117.428544,34.022931],[-117.428506,34.022977],[-117.428471,34.022988],[-117.428367,34.022984],[-117.428221,34.022992],[-117.428155,34.023007],[-117.428011,34.023057],[-117.427954,34.023065],[-117.427909,34.023056],[-117.427866,34.023036],[-117.427812,34.022983],[-117.42781,34.02295],[-117.427844,34.022838],[-117.427945,34.022619],[-117.428027,34.022596],[-117.428224,34.022561],[-117.42829,34.022529],[-117.428368,34.022458],[-117.428455,34.022437],[-117.428735,34.02234],[-117.428877,34.022301],[-117.428985,34.022294],[-117.429053,34.022318],[-117.429096,34.022346]]]}},{"type":"Feature","properties":{"k":"tee"},"geometry":{"type":"Polygon","coordinates":[[[-117.426282,34.023326],[-117.426287,34.023305],[-117.426263,34.023257],[-117.42625,34.023253],[-117.426184,34.023271],[-117.426167,34.023284],[-117.426174,34.023317],[-117.426197,34.023345],[-117.426282,34.023326]]]}},{"type":"Feature","properties":{"k":"tee"},"geometry":{"type":"Polygon","coordinates":[[[-117.426597,34.023291],[-117.426603,34.023278],[-117.426587,34.023218],[-117.426569,34.023205],[-117.426432,34.023235],[-117.426419,34.023248],[-117.426435,34.023316],[-117.426449,34.023323],[-117.426597,34.023291]]]}},{"type":"Feature","properties":{"k":"tee"},"geometry":{"type":"Polygon","coordinates":[[[-117.426956,34.023239],[-117.426965,34.023227],[-117.42696,34.023204],[-117.426943,34.023165],[-117.42693,34.023159],[-117.426822,34.023186],[-117.426804,34.0232],[-117.426805,34.023226],[-117.426823,34.023269],[-117.42684,34.023272],[-117.426956,34.023239]]]}},{"type":"Feature","properties":{"k":"tee"},"geometry":{"type":"Polygon","coordinates":[[[-117.427372,34.023224],[-117.427382,34.023212],[-117.427368,34.023163],[-117.42735,34.023153],[-117.427282,34.023172],[-117.427278,34.023188],[-117.427297,34.023235],[-117.427313,34.02324],[-117.427372,34.023224]]]}},{"type":"Feature","properties":{"k":"rough"},"geometry":{"type":"Polygon","coordinates":[[[-117.426198,34.023378],[-117.426179,34.023378],[-117.426159,34.023368],[-117.425997,34.023207],[-117.426098,34.023231],[-117.426293,34.023158],[-117.426366,34.023148],[-117.426512,34.023133],[-117.426697,34.023132],[-117.426933,34.023083],[-117.427007,34.023094],[-117.427088,34.023118],[-117.427185,34.023109],[-117.427282,34.023083],[-117.427387,34.023088],[-117.42754,34.023075],[-117.427617,34.023044],[-117.427682,34.022887],[-117.427675,34.022821],[-117.427708,34.022597],[-117.427641,34.022547],[-117.427597,34.022488],[-117.427648,34.022478],[-117.427779,34.022476],[-117.427822,34.022461],[-117.427917,34.022408],[-117.427944,34.022466],[-117.42798,34.022495],[-117.428045,34.022506],[-117.428145,34.022489],[-117.428225,34.022453],[-117.4283,34.022405],[-117.428434,34.022361],[-117.428582,34.022301],[-117.428729,34.022254],[-117.429015,34.022195],[-117.429007,34.022114],[-117.428988,34.022053],[-117.429046,34.02205],[-117.429138,34.022027],[-117.429219,34.021994],[-117.429303,34.021943],[-117.429348,34.021985],[-117.429301,34.022011],[-117.429247,34.022073],[-117.429237,34.022118],[-117.429245,34.022158],[-117.429308,34.022259],[-117.429419,34.02238],[-117.429475,34.022455],[-117.429467,34.022458],[-117.429444,34.022446],[-117.429395,34.022402],[-117.42936,34.022392],[-117.429293,34.022388],[-117.429226,34.022397],[-117.429182,34.02242],[-117.429167,34.022454],[-117.429171,34.022485],[-117.429245,34.022555],[-117.429179,34.022576],[-117.429161,34.022595],[-117.429082,34.022589],[-117.429026,34.022607],[-117.428917,34.022682],[-117.428836,34.022726],[-117.428511,34.023006],[-117.428426,34.023025],[-117.428324,34.023032],[-117.428272,34.023044],[-117.428159,34.023089],[-117.428028,34.0231],[-117.427982,34.023112],[-117.427856,34.023178],[-117.427652,34.023233],[-117.427506,34.023236],[-117.427401,34.023262],[-117.427306,34.023275],[-117.427231,34.023252],[-117.427165,34.023241],[-117.427067,34.023243],[-117.427013,34.023252],[-117.426877,34.023299],[-117.426826,34.023305],[-117.426697,34.023293],[-117.426533,34.023338],[-117.426397,34.023358],[-117.4263,34.02335],[-117.426198,34.023378]]]}},{"type":"Feature","properties":{"k":"rough"},"geometry":{"type":"Polygon","coordinates":[[[-117.430553,34.020416],[-117.430574,34.020408],[-117.430614,34.020406],[-117.43066,34.020431],[-117.430714,34.020487],[-117.430746,34.020534],[-117.43075,34.020574],[-117.430716,34.020639],[-117.430477,34.020789],[-117.430415,34.020818],[-117.430317,34.020907],[-117.430125,34.021006],[-117.429986,34.021097],[-117.42991,34.021135],[-117.429932,34.021094],[-117.430006,34.021012],[-117.43005,34.020949],[-117.430091,34.020818],[-117.430132,34.020734],[-117.430154,34.020714],[-117.430243,34.020668],[-117.430386,34.02057],[-117.430457,34.020531],[-117.430518,34.020469],[-117.430553,34.020416]]]}},{"type":"Feature","properties":{"k":"bunker"},"geometry":{"type":"Polygon","coordinates":[[[-117.428788,34.021408],[-117.428767,34.021417],[-117.428758,34.02143],[-117.428773,34.021486],[-117.428709,34.021467],[-117.428664,34.021482],[-117.428583,34.021476],[-117.428561,34.021499],[-117.428577,34.02154],[-117.428597,34.021555],[-117.428628,34.021555],[-117.428697,34.021526],[-117.428715,34.02153],[-117.428736,34.02155],[-117.428765,34.021564],[-117.42881,34.021564],[-117.428827,34.021556],[-117.428852,34.021502],[-117.428883,34.021488],[-117.428885,34.021463],[-117.42885,34.02143],[-117.428788,34.021408]]]}},{"type":"Feature","properties":{"k":"bunker"},"geometry":{"type":"Polygon","coordinates":[[[-117.428511,34.021597],[-117.428504,34.021621],[-117.428469,34.021661],[-117.428439,34.021673],[-117.428405,34.021659],[-117.428387,34.021615],[-117.428384,34.0216],[-117.428392,34.02159],[-117.428418,34.02158],[-117.42849,34.021575],[-117.428501,34.021579],[-117.428511,34.021597]]]}},{"type":"Feature","properties":{"k":"bunker"},"geometry":{"type":"Polygon","coordinates":[[[-117.42829,34.021686],[-117.428273,34.021693],[-117.428268,34.021708],[-117.428291,34.021751],[-117.428215,34.021755],[-117.428197,34.021776],[-117.428195,34.02179],[-117.428218,34.021814],[-117.428224,34.021839],[-117.428256,34.021856],[-117.428282,34.021843],[-117.42832,34.021797],[-117.428381,34.021782],[-117.428397,34.021766],[-117.428392,34.021749],[-117.42835,34.021701],[-117.42829,34.021686]]]}},{"type":"Feature","properties":{"k":"bunker"},"geometry":{"type":"Polygon","coordinates":[[[-117.426063,34.022676],[-117.42604,34.022705],[-117.426042,34.022733],[-117.426052,34.022742],[-117.426106,34.022739],[-117.426138,34.022717],[-117.426162,34.022715],[-117.426174,34.022722],[-117.426166,34.022748],[-117.426174,34.022764],[-117.426195,34.022768],[-117.426221,34.022748],[-117.426242,34.022683],[-117.42621,34.022647],[-117.426193,34.022642],[-117.426179,34.022648],[-117.426161,34.022683],[-117.426102,34.022672],[-117.426063,34.022676]]]}},{"type":"Feature","properties":{"k":"bunker"},"geometry":{"type":"Polygon","coordinates":[[[-117.42576,34.022431],[-117.425762,34.022463],[-117.42575,34.022486],[-117.425733,34.022498],[-117.425668,34.022495],[-117.425629,34.022503],[-117.425615,34.022496],[-117.425604,34.022462],[-117.425608,34.022447],[-117.425645,34.02243],[-117.425655,34.022443],[-117.425666,34.022443],[-117.425662,34.022415],[-117.425682,34.022401],[-117.425709,34.022396],[-117.425741,34.022404],[-117.42576,34.022431]]]}},{"type":"Feature","properties":{"k":"green"},"geometry":{"type":"Polygon","coordinates":[[[-117.425791,34.022303],[-117.42578,34.02226],[-117.425755,34.02223],[-117.42573,34.022216],[-117.425669,34.022209],[-117.425629,34.022212],[-117.425576,34.022226],[-117.425552,34.022243],[-117.425511,34.022293],[-117.425461,34.022333],[-117.425439,34.022383],[-117.425443,34.022427],[-117.425471,34.02245],[-117.425489,34.022453],[-117.42556,34.022445],[-117.425641,34.0224],[-117.425728,34.022363],[-117.425785,34.022322],[-117.425791,34.022303]]]}},{"type":"Feature","properties":{"k":"rough"},"geometry":{"type":"Polygon","coordinates":[[[-117.43018,34.020649],[-117.430133,34.020674],[-117.430038,34.020711],[-117.429964,34.0208],[-117.429952,34.020832],[-117.429926,34.020865],[-117.429741,34.020967],[-117.429635,34.02104],[-117.429456,34.021113],[-117.42939,34.021117],[-117.429316,34.02111],[-117.429164,34.021135],[-117.429046,34.021209],[-117.429024,34.021229],[-117.428995,34.021276],[-117.428971,34.021291],[-117.428851,34.021331],[-117.428799,34.021326],[-117.428663,34.021345],[-117.428574,34.021418],[-117.428443,34.021482],[-117.428395,34.021492],[-117.428365,34.021512],[-117.428325,34.021543],[-117.428318,34.021566],[-117.428286,34.021602],[-117.428254,34.021624],[-117.428192,34.021637],[-117.428163,34.021653],[-117.428145,34.021678],[-117.428147,34.021695],[-117.428171,34.021716],[-117.428114,34.021786],[-117.42809,34.021804],[-117.427949,34.021808],[-117.427862,34.02185],[-117.427754,34.021887],[-117.42764,34.021976],[-117.427605,34.021988],[-117.427559,34.021998],[-117.427414,34.021991],[-117.427253,34.022022],[-117.427187,34.022027],[-117.427139,34.022054],[-117.427052,34.022078],[-117.426971,34.022087],[-117.426862,34.022116],[-117.426791,34.022149],[-117.426639,34.022246],[-117.426514,34.022279],[-117.426377,34.022245],[-117.426308,34.02221],[-117.426084,34.022148],[-117.426032,34.022113],[-117.425918,34.02206],[-117.425837,34.022013],[-117.425751,34.021981],[-117.425652,34.021963],[-117.4256,34.021971],[-117.425529,34.02203],[-117.425449,34.022072],[-117.425403,34.022129],[-117.425338,34.022172],[-117.425301,34.022218],[-117.425259,34.022385],[-117.425269,34.022447],[-117.425295,34.022484],[-117.425318,34.022551],[-117.425341,34.022553],[-117.425383,34.022533],[-117.425461,34.022532],[-117.425504,34.022541],[-117.425554,34.022564],[-117.425567,34.022579],[-117.425617,34.022606],[-117.425727,34.022657],[-117.425899,34.022709],[-117.426031,34.022801],[-117.426118,34.022841],[-117.426169,34.022851],[-117.426264,34.022844],[-117.426536,34.022801],[-117.426745,34.022753],[-117.426845,34.022711],[-117.426917,34.022695],[-117.427069,34.022688],[-117.427102,34.02268],[-117.427229,34.022598],[-117.427282,34.022582],[-117.427418,34.02256],[-117.427555,34.022478],[-117.427589,34.022467],[-117.427642,34.022456],[-117.427772,34.022452],[-117.427807,34.022443],[-117.427854,34.022422],[-117.42802,34.022309],[-117.42805,34.022295],[-117.428101,34.022282],[-117.428242,34.022281],[-117.428281,34.02227],[-117.428385,34.022198],[-117.428453,34.02217],[-117.428661,34.022109],[-117.428902,34.022024],[-117.428994,34.021987],[-117.429052,34.021949],[-117.429125,34.021877],[-117.429169,34.021816],[-117.429217,34.02168],[-117.429241,34.021644],[-117.429293,34.021589],[-117.429395,34.021503],[-117.429478,34.021402],[-117.429515,34.021378],[-117.429588,34.021361],[-117.429743,34.021338],[-117.429792,34.021296],[-117.429874,34.021128],[-117.430019,34.020954],[-117.430072,34.020796],[-117.430102,34.020733],[-117.430186,34.020663],[-117.43018,34.020649]]]}},{"type":"Feature","properties":{"k":"rough"},"geometry":{"type":"Polygon","coordinates":[[[-117.431455,34.020491],[-117.43149,34.02049],[-117.431581,34.020515],[-117.431587,34.020569],[-117.431553,34.020628],[-117.431533,34.020709],[-117.431505,34.020765],[-117.431358,34.020851],[-117.431224,34.020956],[-117.431101,34.02104],[-117.431008,34.021091],[-117.430985,34.021115],[-117.430903,34.02128],[-117.430876,34.021361],[-117.430887,34.021398],[-117.430915,34.021435],[-117.430932,34.02153],[-117.430994,34.021607],[-117.431148,34.021723],[-117.431166,34.021827],[-117.431189,34.021895],[-117.431246,34.021963],[-117.431399,34.022084],[-117.431416,34.022124],[-117.431432,34.022212],[-117.431465,34.022254],[-117.431497,34.022491],[-117.431431,34.022602],[-117.431366,34.022632],[-117.431287,34.022648],[-117.431295,34.022619],[-117.431286,34.022541],[-117.431261,34.022497],[-117.431172,34.022447],[-117.431123,34.022399],[-117.431029,34.022239],[-117.430903,34.022176],[-117.430851,34.02213],[-117.430794,34.022022],[-117.430796,34.021985],[-117.430831,34.021909],[-117.430853,34.021818],[-117.430886,34.021738],[-117.430889,34.021703],[-117.430876,34.021642],[-117.430808,34.021499],[-117.430801,34.021438],[-117.430828,34.021324],[-117.430832,34.021199],[-117.430846,34.021166],[-117.431081,34.020929],[-117.431148,34.020876],[-117.431243,34.020814],[-117.431314,34.02081],[-117.431336,34.0208],[-117.431349,34.020772],[-117.431343,34.020744],[-117.431328,34.020731],[-117.431296,34.020722],[-117.431326,34.020693],[-117.431356,34.020629],[-117.431435,34.020502],[-117.431455,34.020491]]]}},{"type":"Feature","properties":{"k":"stream"},"geometry":{"type":"LineString","coordinates":[[-117.431414,34.020441],[-117.4314,34.020472],[-117.431194,34.020694],[-117.430778,34.021102]]}},{"type":"Feature","properties":{"k":"path"},"geometry":{"type":"LineString","coordinates":[[-117.430677,34.019998],[-117.430725,34.02001],[-117.430821,34.02006],[-117.430905,34.020093],[-117.431082,34.0202],[-117.431243,34.020272],[-117.431316,34.020284],[-117.431461,34.02027],[-117.431506,34.020291],[-117.431565,34.020359],[-117.431573,34.020457],[-117.431598,34.02051]]}},{"type":"Feature","properties":{"k":"tee"},"geometry":{"type":"Polygon","coordinates":[[[-117.430462,34.023378],[-117.430483,34.023389],[-117.430488,34.023431],[-117.430474,34.023441],[-117.430414,34.02344],[-117.430407,34.023395],[-117.430421,34.023386],[-117.430462,34.023378]]]}},{"type":"Feature","properties":{"k":"tee"},"geometry":{"type":"Polygon","coordinates":[[[-117.430319,34.023437],[-117.430321,34.023453],[-117.430313,34.023464],[-117.430255,34.023485],[-117.430229,34.023482],[-117.430217,34.023466],[-117.430218,34.023438],[-117.430238,34.023428],[-117.430293,34.023414],[-117.430315,34.023423],[-117.430319,34.023437]]]}},{"type":"Feature","properties":{"k":"tee"},"geometry":{"type":"Polygon","coordinates":[[[-117.430112,34.023484],[-117.430065,34.023494],[-117.430043,34.023508],[-117.430044,34.023529],[-117.430056,34.023547],[-117.430086,34.023547],[-117.43013,34.023531],[-117.430129,34.023504],[-117.430112,34.023484]]]}},{"type":"Feature","properties":{"k":"tee"},"geometry":{"type":"Polygon","coordinates":[[[-117.429631,34.023624],[-117.429634,34.023651],[-117.429621,34.023661],[-117.42957,34.023668],[-117.429555,34.023661],[-117.429547,34.023626],[-117.42956,34.023617],[-117.429605,34.023608],[-117.429622,34.023612],[-117.429631,34.023624]]]}},{"type":"Feature","properties":{"k":"fairway"},"geometry":{"type":"Polygon","coordinates":[[[-117.429327,34.023447],[-117.429387,34.023493],[-117.42941,34.023519],[-117.429428,34.02356],[-117.429433,34.02362],[-117.42942,34.023654],[-117.429398,34.023685],[-117.42937,34.023701],[-117.429212,34.023741],[-117.428925,34.02379],[-117.428883,34.023792],[-117.428784,34.023779],[-117.42872,34.023738],[-117.428709,34.023707],[-117.428717,34.023674],[-117.428777,34.023559],[-117.428875,34.02346],[-117.428925,34.023431],[-117.429011,34.023403],[-117.429095,34.023401],[-117.429211,34.023418],[-117.429327,34.023447]]]}},{"type":"Feature","properties":{"k":"bunker"},"geometry":{"type":"Polygon","coordinates":[[[-117.428195,34.023409],[-117.42816,34.023412],[-117.42814,34.023424],[-117.428142,34.023452],[-117.428166,34.02347],[-117.428155,34.023482],[-117.428124,34.023483],[-117.428088,34.023454],[-117.428065,34.023446],[-117.428046,34.023449],[-117.428033,34.023462],[-117.428032,34.02349],[-117.428078,34.023514],[-117.428084,34.023529],[-117.428079,34.023558],[-117.428102,34.023577],[-117.428125,34.023579],[-117.428186,34.02356],[-117.428273,34.023485],[-117.428276,34.02346],[-117.428262,34.023441],[-117.428226,34.023417],[-117.428195,34.023409]]]}},{"type":"Feature","properties":{"k":"bunker"},"geometry":{"type":"Polygon","coordinates":[[[-117.427843,34.023859],[-117.427825,34.023869],[-117.427808,34.023896],[-117.427758,34.023893],[-117.42774,34.023906],[-117.427737,34.023936],[-117.427751,34.023966],[-117.42777,34.023973],[-117.427787,34.02397],[-117.427814,34.023933],[-117.427828,34.023938],[-117.427823,34.02396],[-117.427833,34.02397],[-117.427854,34.023966],[-117.42788,34.023949],[-117.427897,34.023925],[-117.427899,34.023888],[-117.427876,34.023857],[-117.427859,34.023853],[-117.427843,34.023859]]]}},{"type":"Feature","properties":{"k":"bunker"},"geometry":{"type":"Polygon","coordinates":[[[-117.427314,34.023671],[-117.427316,34.023646],[-117.427346,34.023628],[-117.427407,34.023655],[-117.427428,34.023693],[-117.427424,34.023764],[-117.427359,34.023772],[-117.427313,34.023793],[-117.42729,34.023788],[-117.427278,34.023761],[-117.427292,34.023727],[-117.427319,34.023717],[-117.427352,34.023729],[-117.427369,34.023716],[-117.427357,34.023689],[-117.427314,34.023671]]]}},{"type":"Feature","properties":{"k":"bunker"},"geometry":{"type":"Polygon","coordinates":[[[-117.427074,34.023738],[-117.42708,34.023763],[-117.427096,34.023782],[-117.427083,34.023796],[-117.427067,34.023789],[-117.42703,34.023749],[-117.426997,34.023755],[-117.426981,34.023777],[-117.426981,34.023809],[-117.426989,34.023818],[-117.427024,34.023809],[-117.427054,34.023813],[-117.427059,34.02382],[-117.427059,34.023833],[-117.427033,34.023862],[-117.427036,34.023885],[-117.427052,34.023891],[-117.427077,34.023884],[-117.427101,34.023858],[-117.427148,34.023842],[-117.427169,34.023824],[-117.427162,34.023764],[-117.427137,34.023719],[-117.427096,34.023716],[-117.427074,34.023738]]]}},{"type":"Feature","properties":{"k":"green"},"geometry":{"type":"Polygon","coordinates":[[[-117.426975,34.023577],[-117.426834,34.023671],[-117.426809,34.023696],[-117.426794,34.023735],[-117.4268,34.02375],[-117.426854,34.023785],[-117.426883,34.023792],[-117.426911,34.023787],[-117.426984,34.023741],[-117.427122,34.023681],[-117.427128,34.023652],[-117.427107,34.023605],[-117.427036,34.023567],[-117.427,34.023566],[-117.426975,34.023577]]]}},{"type":"Feature","properties":{"k":"path"},"geometry":{"type":"LineString","coordinates":[[-117.430989,34.022996],[-117.430905,34.023076],[-117.430847,34.023111],[-117.430766,34.02315],[-117.430642,34.023185],[-117.430534,34.023268],[-117.430432,34.023326],[-117.430061,34.023451],[-117.429982,34.023486],[-117.429931,34.023493],[-117.429754,34.023478],[-117.42955,34.02342],[-117.42935,34.023379],[-117.429117,34.023354],[-117.429044,34.023358],[-117.428987,34.02337],[-117.42889,34.023417],[-117.428798,34.023493],[-117.428705,34.023629],[-117.428616,34.023856],[-117.428527,34.023929],[-117.428428,34.023986],[-117.428378,34.024005],[-117.428285,34.024022],[-117.428122,34.024012],[-117.427927,34.024107],[-117.427852,34.024124],[-117.427713,34.0241],[-117.427561,34.024045],[-117.427389,34.024027],[-117.427303,34.024023],[-117.427238,34.024032],[-117.427114,34.024066],[-117.427003,34.024068],[-117.426962,34.024075],[-117.426937,34.024097],[-117.426914,34.02414],[-117.426906,34.024207],[-117.426922,34.024224],[-117.427061,34.024304]]}},{"type":"Feature","properties":{"k":"rough"},"geometry":{"type":"Polygon","coordinates":[[[-117.4305,34.023308],[-117.430515,34.023334],[-117.430508,34.023347],[-117.430525,34.023401],[-117.430519,34.023433],[-117.430498,34.023451],[-117.430386,34.023456],[-117.430349,34.023463],[-117.430128,34.023569],[-117.429997,34.023592],[-117.42986,34.02364],[-117.429768,34.02365],[-117.429611,34.023708],[-117.429441,34.023726],[-117.4294,34.023752],[-117.429341,34.023765],[-117.429263,34.02376],[-117.429172,34.023802],[-117.429129,34.023812],[-117.429078,34.023818],[-117.429017,34.023811],[-117.428921,34.023823],[-117.42888,34.023854],[-117.428842,34.023869],[-117.428793,34.023871],[-117.428734,34.023857],[-117.428684,34.023858],[-117.428616,34.023888],[-117.428584,34.023921],[-117.428534,34.023956],[-117.428547,34.023931],[-117.428629,34.023853],[-117.428707,34.02365],[-117.428794,34.023516],[-117.42885,34.023459],[-117.428895,34.023427],[-117.428997,34.023379],[-117.429117,34.023362],[-117.429345,34.02339],[-117.429574,34.023437],[-117.429759,34.023489],[-117.429936,34.023502],[-117.429991,34.023493],[-117.430168,34.023427],[-117.430235,34.023412],[-117.4305,34.023308]]]}},{"type":"Feature","properties":{"k":"rough"},"geometry":{"type":"Polygon","coordinates":[[[-117.429031,34.02335],[-117.429025,34.023335],[-117.428834,34.023381],[-117.428803,34.023379],[-117.428615,34.023314],[-117.428443,34.023303],[-117.428382,34.023292],[-117.428299,34.023303],[-117.428261,34.023298],[-117.428239,34.023276],[-117.428189,34.023262],[-117.428123,34.023271],[-117.427963,34.023407],[-117.427888,34.023424],[-117.427762,34.023396],[-117.427657,34.023325],[-117.42763,34.023297],[-117.427611,34.02326],[-117.427575,34.023287],[-117.427554,34.023329],[-117.427516,34.023366],[-117.427459,34.023379],[-117.427385,34.02337],[-117.427212,34.023411],[-117.42709,34.023405],[-117.42697,34.02341],[-117.426801,34.02351],[-117.426785,34.023542],[-117.426742,34.023578],[-117.426639,34.023618],[-117.426614,34.023636],[-117.426586,34.023699],[-117.426583,34.023746],[-117.426591,34.023781],[-117.426631,34.023818],[-117.426728,34.023867],[-117.426816,34.023942],[-117.426839,34.02398],[-117.42687,34.02408],[-117.426875,34.024183],[-117.426903,34.024147],[-117.42692,34.024086],[-117.426938,34.024065],[-117.426967,34.024053],[-117.427,34.024051],[-117.427046,34.024059],[-117.427115,34.024055],[-117.427278,34.024016],[-117.427359,34.024012],[-117.427542,34.024033],[-117.427608,34.024046],[-117.427748,34.024101],[-117.427852,34.024115],[-117.427897,34.024109],[-117.427936,34.024094],[-117.428087,34.024012],[-117.428156,34.024],[-117.428243,34.024014],[-117.428331,34.024008],[-117.428418,34.02398],[-117.428516,34.023925],[-117.428607,34.023846],[-117.428673,34.023667],[-117.428765,34.023513],[-117.428819,34.023456],[-117.428874,34.023415],[-117.42894,34.023381],[-117.429031,34.02335]]]}},{"type":"Feature","properties":{"k":"tee"},"geometry":{"type":"Polygon","coordinates":[[[-117.427131,34.024195],[-117.427126,34.024209],[-117.427077,34.024226],[-117.427035,34.024187],[-117.427033,34.02417],[-117.427073,34.024145],[-117.427097,34.024148],[-117.427131,34.024195]]]}},{"type":"Feature","properties":{"k":"tee"},"geometry":{"type":"Polygon","coordinates":[[[-117.427251,34.02432],[-117.427206,34.02427],[-117.427155,34.024289],[-117.427137,34.024313],[-117.427174,34.024357],[-117.427195,34.024364],[-117.427241,34.024342],[-117.427251,34.02432]]]}},{"type":"Feature","properties":{"k":"tee"},"geometry":{"type":"Polygon","coordinates":[[[-117.427365,34.024547],[-117.427366,34.024564],[-117.42735,34.02458],[-117.42732,34.024597],[-117.4273,34.024599],[-117.427285,34.024593],[-117.427231,34.024529],[-117.427224,34.024517],[-117.427229,34.024502],[-117.427288,34.024474],[-117.427303,34.024481],[-117.427365,34.024547]]]}},{"type":"Feature","properties":{"k":"tee"},"geometry":{"type":"Polygon","coordinates":[[[-117.427785,34.024967],[-117.42774,34.024919],[-117.427718,34.024909],[-117.427692,34.024921],[-117.427669,34.024945],[-117.427679,34.024965],[-117.427732,34.025007],[-117.427764,34.024996],[-117.427785,34.024967]]]}},{"type":"Feature","properties":{"k":"bunker"},"geometry":{"type":"Polygon","coordinates":[[[-117.428685,34.025712],[-117.428686,34.025686],[-117.428653,34.025669],[-117.428606,34.025669],[-117.428587,34.02568],[-117.428584,34.025708],[-117.428596,34.025739],[-117.428679,34.025807],[-117.428708,34.025813],[-117.428736,34.025799],[-117.428747,34.025768],[-117.428728,34.025736],[-117.428703,34.025737],[-117.428685,34.025728],[-117.428685,34.025712]]]}},{"type":"Feature","properties":{"k":"bunker"},"geometry":{"type":"Polygon","coordinates":[[[-117.429372,34.025728],[-117.429384,34.025738],[-117.429388,34.025757],[-117.429379,34.025787],[-117.429353,34.025796],[-117.42932,34.025785],[-117.429302,34.025801],[-117.429359,34.02583],[-117.429373,34.025857],[-117.429371,34.025872],[-117.42936,34.025883],[-117.429332,34.025889],[-117.429297,34.025874],[-117.429282,34.025905],[-117.429252,34.025903],[-117.429236,34.025886],[-117.429221,34.025848],[-117.429233,34.02578],[-117.429199,34.025764],[-117.429188,34.025751],[-117.429184,34.025721],[-117.429191,34.025699],[-117.42923,34.025679],[-117.429284,34.025683],[-117.429311,34.02572],[-117.429372,34.025728]]]}},{"type":"Feature","properties":{"k":"bunker"},"geometry":{"type":"Polygon","coordinates":[[[-117.429657,34.027442],[-117.429641,34.027448],[-117.42962,34.027499],[-117.429643,34.027533],[-117.429678,34.027538],[-117.4297,34.0275],[-117.429721,34.027492],[-117.429732,34.027503],[-117.42972,34.027535],[-117.429727,34.027542],[-117.429769,34.027546],[-117.429815,34.027527],[-117.429814,34.027496],[-117.429781,34.027451],[-117.429736,34.027435],[-117.429698,34.027453],[-117.429657,34.027442]]]}},{"type":"Feature","properties":{"k":"bunker"},"geometry":{"type":"Polygon","coordinates":[[[-117.430873,34.027809],[-117.430882,34.027781],[-117.430909,34.027765],[-117.43097,34.027769],[-117.430993,34.027783],[-117.431005,34.027805],[-117.430999,34.027823],[-117.430972,34.02785],[-117.430968,34.027901],[-117.430887,34.027942],[-117.430828,34.027927],[-117.430811,34.0279],[-117.430818,34.027878],[-117.430848,34.027856],[-117.430879,34.02786],[-117.430927,34.027848],[-117.430912,34.027826],[-117.430881,34.027819],[-117.430873,34.027809]]]}},{"type":"Feature","properties":{"k":"green"},"geometry":{"type":"Polygon","coordinates":[[[-117.430522,34.027714],[-117.430507,34.027735],[-117.430516,34.02777],[-117.430581,34.027815],[-117.430633,34.027867],[-117.430672,34.027884],[-117.430714,34.027884],[-117.430806,34.027864],[-117.430838,34.02784],[-117.430862,34.027805],[-117.430862,34.027764],[-117.430836,34.027739],[-117.430799,34.027723],[-117.430622,34.027703],[-117.430545,34.027703],[-117.430522,34.027714]]]}},{"type":"Feature","properties":{"k":"rough"},"geometry":{"type":"Polygon","coordinates":[[[-117.426933,34.0242],[-117.426926,34.024186],[-117.426932,34.024143],[-117.426946,34.024118],[-117.426975,34.024093],[-117.427024,34.024082],[-117.427119,34.024075],[-117.427132,34.024082],[-117.427144,34.02411],[-117.42714,34.024139],[-117.427154,34.024163],[-117.427218,34.024231],[-117.427331,34.0243],[-117.427352,34.024328],[-117.427377,34.024384],[-117.427433,34.024456],[-117.427477,34.024553],[-117.42752,34.024575],[-117.427569,34.024617],[-117.427697,34.024748],[-117.42777,34.024808],[-117.427848,34.024847],[-117.427922,34.024913],[-117.427951,34.024956],[-117.427986,34.024976],[-117.428016,34.024983],[-117.428124,34.024955],[-117.428346,34.024965],[-117.428473,34.024986],[-117.428518,34.024983],[-117.428766,34.025027],[-117.42903,34.025058],[-117.429065,34.025227],[-117.4291,34.025307],[-117.429124,34.025396],[-117.429172,34.025481],[-117.429226,34.025514],[-117.429293,34.025619],[-117.42944,34.025703],[-117.429451,34.025779],[-117.429445,34.025834],[-117.429413,34.025919],[-117.429435,34.025968],[-117.429499,34.026014],[-117.429593,34.026101],[-117.429641,34.026201],[-117.429698,34.026272],[-117.429735,34.026368],[-117.429706,34.026481],[-117.429698,34.026555],[-117.429781,34.026641],[-117.429861,34.02665],[-117.429867,34.026712],[-117.429947,34.026784],[-117.430001,34.02685],[-117.43003,34.026852],[-117.430003,34.026895],[-117.42999,34.026961],[-117.429996,34.02699],[-117.430021,34.027039],[-117.430113,34.027145],[-117.430267,34.027277],[-117.430403,34.027514],[-117.430463,34.027604],[-117.430495,34.027632],[-117.430558,34.027664],[-117.430702,34.02768],[-117.430996,34.027731],[-117.431046,34.02777],[-117.431045,34.027863],[-117.431052,34.027896],[-117.430907,34.027973],[-117.430695,34.028051],[-117.43063,34.02807],[-117.430605,34.028068],[-117.430563,34.028049],[-117.430513,34.027999],[-117.430449,34.027968],[-117.430359,34.027939],[-117.43017,34.027902],[-117.430104,34.027871],[-117.430072,34.027835],[-117.430016,34.02768],[-117.429974,34.027635],[-117.429893,34.027613],[-117.429688,34.027618],[-117.429632,34.027597],[-117.429587,34.027539],[-117.429513,34.027383],[-117.429372,34.026983],[-117.429355,34.02696],[-117.429241,34.026859],[-117.429173,34.026715],[-117.429121,34.026661],[-117.42904,34.02661],[-117.428963,34.026482],[-117.428931,34.026454],[-117.428863,34.026416],[-117.428776,34.02631],[-117.428652,34.026194],[-117.428635,34.026159],[-117.428615,34.025985],[-117.428599,34.02594],[-117.428551,34.025887],[-117.428499,34.025849],[-117.428347,34.0258],[-117.428249,34.025742],[-117.428176,34.025629],[-117.428053,34.02549],[-117.428036,34.025453],[-117.428012,34.025334],[-117.427987,34.025278],[-117.427934,34.025227],[-117.427866,34.02519],[-117.427733,34.025046],[-117.42762,34.024954],[-117.427605,34.024889],[-117.427491,34.024841],[-117.427362,34.024743],[-117.427314,34.024672],[-117.427189,34.024552],[-117.427167,34.024521],[-117.427156,34.024409],[-117.427121,34.024349],[-117.427076,34.024303],[-117.426954,34.024229],[-117.426933,34.0242]]]}},{"type":"Feature","properties":{"k":"path"},"geometry":{"type":"LineString","coordinates":[[-117.427061,34.024304],[-117.427094,34.02433],[-117.427127,34.024375],[-117.427141,34.024412],[-117.427147,34.02451],[-117.427164,34.024542],[-117.427282,34.024655],[-117.427361,34.024761],[-117.427459,34.024835],[-117.42754,34.024879],[-117.427583,34.024935],[-117.427721,34.025051],[-117.427842,34.025184],[-117.427965,34.025266],[-117.427997,34.025328],[-117.428032,34.025481],[-117.428166,34.025632],[-117.428231,34.025737],[-117.428257,34.025762],[-117.428364,34.025819],[-117.428464,34.025847],[-117.428508,34.025869],[-117.428571,34.025925],[-117.428606,34.025991],[-117.428618,34.026135],[-117.428643,34.026199],[-117.428769,34.026322],[-117.428859,34.026428],[-117.428922,34.026464],[-117.42898,34.026518],[-117.429031,34.026617],[-117.429096,34.026654],[-117.429181,34.026745],[-117.429219,34.026848],[-117.429236,34.026871],[-117.429352,34.02697],[-117.429498,34.027378],[-117.429562,34.027519],[-117.429607,34.027592],[-117.429634,34.027612],[-117.429705,34.027628],[-117.429874,34.027621],[-117.429927,34.027629],[-117.429965,34.027645],[-117.429981,34.027677]]}},{"type":"Feature","properties":{"k":"path"},"geometry":{"type":"LineString","coordinates":[[-117.429981,34.027677],[-117.430029,34.027779],[-117.430046,34.027847],[-117.430079,34.027876],[-117.430172,34.027912],[-117.430398,34.02796],[-117.430456,34.027986],[-117.430571,34.028063],[-117.430635,34.028076],[-117.430673,34.028069],[-117.430951,34.02797],[-117.431138,34.02787],[-117.431278,34.027785],[-117.431347,34.027755],[-117.431378,34.027727],[-117.431382,34.027701]]}},{"type":"Feature","properties":{"k":"green"},"geometry":{"type":"Polygon","coordinates":[[[-117.431384,34.028008],[-117.431466,34.028015],[-117.431529,34.027986],[-117.43155,34.02796],[-117.431547,34.027932],[-117.431529,34.027903],[-117.431489,34.02788],[-117.431445,34.02787],[-117.431367,34.027882],[-117.431324,34.027929],[-117.431319,34.02796],[-117.431328,34.027989],[-117.431338,34.027996],[-117.431384,34.028008]]]}},{"type":"Feature","properties":{"k":"rough"},"geometry":{"type":"Polygon","coordinates":[[[-117.431412,34.027793],[-117.431371,34.027781],[-117.431325,34.027784],[-117.43127,34.027805],[-117.431208,34.027841],[-117.431263,34.027889],[-117.431275,34.027913],[-117.431276,34.028007],[-117.431298,34.028047],[-117.431342,34.028086],[-117.431363,34.028096],[-117.431433,34.028089],[-117.431576,34.028042],[-117.431602,34.028024],[-117.431581,34.027952],[-117.431549,34.027887],[-117.431518,34.027862],[-117.431448,34.027825],[-117.431412,34.027793]]]}},{"type":"Feature","properties":{"k":"path"},"geometry":{"type":"LineString","coordinates":[[-117.431378,34.027727],[-117.431404,34.027766],[-117.431468,34.027821],[-117.431542,34.027861],[-117.431576,34.027889],[-117.4316,34.027916],[-117.431616,34.027981],[-117.431618,34.028047],[-117.431608,34.028075],[-117.431467,34.028171]]}},{"type":"Feature","properties":{"k":"tee"},"geometry":{"type":"Polygon","coordinates":[[[-117.431316,34.027716],[-117.431325,34.027696],[-117.431295,34.027643],[-117.431277,34.027638],[-117.431234,34.027654],[-117.431231,34.027677],[-117.43126,34.027725],[-117.431279,34.027729],[-117.431316,34.027716]]]}},{"type":"Feature","properties":{"k":"tee"},"geometry":{"type":"Polygon","coordinates":[[[-117.43123,34.027531],[-117.431236,34.027509],[-117.431187,34.027406],[-117.431171,34.027397],[-117.431121,34.027412],[-117.431117,34.027436],[-117.431167,34.027537],[-117.431192,34.027544],[-117.43123,34.027531]]]}},{"type":"Feature","properties":{"k":"tee"},"geometry":{"type":"Polygon","coordinates":[[[-117.431131,34.027304],[-117.431136,34.027282],[-117.431096,34.027222],[-117.431078,34.027217],[-117.431036,34.027234],[-117.431033,34.02726],[-117.431069,34.027317],[-117.431091,34.027319],[-117.431131,34.027304]]]}},{"type":"Feature","properties":{"k":"tee"},"geometry":{"type":"Polygon","coordinates":[[[-117.430969,34.027069],[-117.430969,34.027048],[-117.430932,34.026996],[-117.430881,34.027012],[-117.430877,34.027033],[-117.430912,34.027086],[-117.430929,34.027086],[-117.430969,34.027069]]]}},{"type":"Feature","properties":{"k":"bunker"},"geometry":{"type":"Polygon","coordinates":[[[-117.429975,34.02594],[-117.429957,34.025915],[-117.42994,34.025914],[-117.429901,34.025943],[-117.429891,34.025967],[-117.429907,34.025987],[-117.429966,34.026013],[-117.430012,34.026013],[-117.430035,34.026006],[-117.430065,34.025975],[-117.430103,34.025954],[-117.430131,34.025923],[-117.430137,34.025901],[-117.430113,34.02586],[-117.430042,34.025822],[-117.430018,34.025759],[-117.429986,34.025737],[-117.429963,34.025734],[-117.429943,34.025739],[-117.429924,34.02576],[-117.429938,34.025793],[-117.429937,34.025815],[-117.429924,34.025818],[-117.429904,34.025783],[-117.429876,34.025774],[-117.42985,34.02579],[-117.429834,34.025844],[-117.429843,34.025866],[-117.429864,34.025884],[-117.429929,34.025869],[-117.429973,34.025876],[-117.430002,34.025908],[-117.429991,34.025943],[-117.429981,34.025947],[-117.429975,34.02594]]]}},{"type":"Feature","properties":{"k":"bunker"},"geometry":{"type":"Polygon","coordinates":[[[-117.430161,34.025338],[-117.430149,34.025427],[-117.430157,34.025449],[-117.430168,34.025457],[-117.430191,34.025457],[-117.430228,34.025434],[-117.430217,34.025403],[-117.430232,34.025373],[-117.430232,34.025354],[-117.430223,34.025335],[-117.430203,34.025325],[-117.430183,34.025326],[-117.430161,34.025338]]]}},{"type":"Feature","properties":{"k":"bunker"},"geometry":{"type":"Polygon","coordinates":[[[-117.430052,34.025255],[-117.430039,34.025229],[-117.429998,34.025228],[-117.429985,34.025241],[-117.429978,34.025268],[-117.429986,34.025292],[-117.430028,34.025355],[-117.430049,34.025369],[-117.43007,34.025371],[-117.430106,34.025351],[-117.430103,34.025315],[-117.430127,34.025272],[-117.430124,34.025261],[-117.430104,34.02525],[-117.430084,34.02525],[-117.430061,34.025271],[-117.43005,34.025267],[-117.430052,34.025255]]]}},{"type":"Feature","properties":{"k":"bunker"},"geometry":{"type":"Polygon","coordinates":[[[-117.429611,34.025067],[-117.429602,34.025078],[-117.429582,34.025057],[-117.429558,34.025062],[-117.429552,34.025076],[-117.429569,34.025118],[-117.42961,34.025138],[-117.429664,34.025126],[-117.429683,34.02509],[-117.429666,34.025076],[-117.429665,34.025042],[-117.429653,34.025019],[-117.429627,34.025014],[-117.429609,34.025022],[-117.429601,34.025039],[-117.429611,34.025067]]]}},{"type":"Feature","properties":{"k":"bunker"},"geometry":{"type":"Polygon","coordinates":[[[-117.429345,34.025053],[-117.429343,34.025108],[-117.429379,34.025122],[-117.429467,34.02512],[-117.429496,34.025074],[-117.429485,34.025033],[-117.429466,34.025021],[-117.429439,34.025027],[-117.42942,34.025056],[-117.429409,34.025056],[-117.429397,34.025035],[-117.429405,34.024997],[-117.4294,34.02498],[-117.429368,34.024956],[-117.429317,34.024967],[-117.429295,34.025007],[-117.429305,34.025031],[-117.429345,34.025053]]]}},{"type":"Feature","properties":{"k":"bunker"},"geometry":{"type":"Polygon","coordinates":[[[-117.4295,34.024904],[-117.429505,34.024918],[-117.429477,34.02496],[-117.429451,34.024961],[-117.429433,34.024951],[-117.429425,34.024921],[-117.429437,34.024888],[-117.429469,34.024884],[-117.4295,34.024904]]]}},{"type":"Feature","properties":{"k":"green"},"geometry":{"type":"Polygon","coordinates":[[[-117.429698,34.024856],[-117.429706,34.024907],[-117.429688,34.02493],[-117.429652,34.024946],[-117.429601,34.024941],[-117.429457,34.024862],[-117.429402,34.024845],[-117.429373,34.024806],[-117.429377,34.024758],[-117.429401,34.024735],[-117.429437,34.024726],[-117.429493,34.02472],[-117.429528,34.024724],[-117.429598,34.024753],[-117.429657,34.02479],[-117.429686,34.024826],[-117.429698,34.024856]]]}},{"type":"Feature","properties":{"k":"fairway"},"geometry":{"type":"Polygon","coordinates":[[[-117.430876,34.026626],[-117.430875,34.026663],[-117.430812,34.026766],[-117.430771,34.026789],[-117.430677,34.026821],[-117.430644,34.026826],[-117.430568,34.026803],[-117.430483,34.026762],[-117.430444,34.02673],[-117.43036,34.026625],[-117.430159,34.026241],[-117.430059,34.026138],[-117.430047,34.026113],[-117.430042,34.026092],[-117.430053,34.026066],[-117.430176,34.02597],[-117.430184,34.025897],[-117.430154,34.025839],[-117.430047,34.025735],[-117.430014,34.025716],[-117.429953,34.025701],[-117.429823,34.025703],[-117.429757,34.025689],[-117.429708,34.025644],[-117.429624,34.025507],[-117.429587,34.02547],[-117.429335,34.025332],[-117.42932,34.025312],[-117.429323,34.025274],[-117.429338,34.025248],[-117.429368,34.025225],[-117.429409,34.025208],[-117.429597,34.025183],[-117.429757,34.025194],[-117.429785,34.025205],[-117.42984,34.025253],[-117.42991,34.025344],[-117.429975,34.0254],[-117.430081,34.025455],[-117.430221,34.02551],[-117.430253,34.025593],[-117.430278,34.02562],[-117.430324,34.025653],[-117.43042,34.025705],[-117.430468,34.025784],[-117.430497,34.025817],[-117.430609,34.025892],[-117.43063,34.02592],[-117.430725,34.026255],[-117.430876,34.026626]]]}},{"type":"Feature","properties":{"k":"water"},"geometry":{"type":"Polygon","coordinates":[[[-117.431509,34.02756],[-117.431603,34.027589],[-117.431655,34.027588],[-117.4317,34.027569],[-117.431717,34.027538],[-117.431691,34.027485],[-117.431654,34.027324],[-117.431604,34.027005],[-117.431551,34.026949],[-117.431472,34.026895],[-117.431369,34.026734],[-117.431348,34.026618],[-117.431331,34.026578],[-117.431234,34.026515],[-117.431182,34.026517],[-117.431119,34.02653],[-117.431069,34.026572],[-117.431041,34.026627],[-117.431038,34.026675],[-117.43105,34.026837],[-117.431083,34.026901],[-117.431118,34.026943],[-117.431264,34.027093],[-117.431289,34.02714],[-117.4313,34.027199],[-117.431428,34.027434],[-117.431464,34.027529],[-117.431509,34.02756]]]}},{"type":"Feature","properties":{"k":"water"},"geometry":{"type":"Polygon","coordinates":[[[-117.431038,34.027617],[-117.431023,34.027557],[-117.430997,34.027504],[-117.430967,34.027471],[-117.430946,34.027346],[-117.430904,34.027228],[-117.430765,34.027053],[-117.43067,34.026947],[-117.430605,34.026901],[-117.430521,34.026871],[-117.430432,34.026852],[-117.430334,34.026876],[-117.430261,34.026883],[-117.430127,34.026852],[-117.430097,34.026864],[-117.43006,34.02692],[-117.430056,34.027019],[-117.430184,34.027164],[-117.430308,34.027267],[-117.430402,34.027407],[-117.430456,34.027504],[-117.430493,34.02755],[-117.430546,34.02758],[-117.430672,34.027583],[-117.430822,34.027602],[-117.431038,34.027617]]]}},{"type":"Feature","properties":{"k":"path"},"geometry":{"type":"LineString","coordinates":[[-117.431382,34.027701],[-117.431304,34.027562],[-117.431217,34.027286],[-117.431181,34.027225],[-117.431037,34.027093],[-117.430963,34.026934],[-117.430948,34.026861],[-117.430942,34.026644],[-117.430932,34.026597],[-117.430851,34.026407],[-117.430771,34.026185],[-117.430731,34.025843],[-117.430713,34.025797],[-117.430685,34.02575],[-117.430649,34.025715],[-117.430537,34.025639],[-117.430486,34.025553],[-117.430369,34.025442],[-117.430309,34.025331],[-117.430286,34.025224],[-117.43027,34.025194],[-117.43014,34.025068],[-117.430095,34.02501],[-117.42991,34.024693],[-117.429873,34.024649],[-117.429839,34.024637],[-117.429827,34.024619],[-117.429839,34.024608],[-117.429928,34.024631],[-117.430076,34.024627],[-117.430147,34.024649],[-117.430167,34.024662],[-117.430244,34.024763],[-117.430269,34.024783],[-117.430307,34.024799],[-117.430448,34.024833],[-117.430484,34.024861],[-117.43055,34.024939],[-117.430582,34.024994],[-117.430718,34.025129],[-117.431008,34.025211],[-117.431069,34.025239],[-117.431115,34.025271],[-117.431304,34.02546],[-117.431395,34.025577],[-117.431424,34.025762],[-117.431441,34.025805],[-117.431468,34.025835],[-117.431535,34.025887],[-117.43175,34.025964],[-117.431791,34.02599],[-117.431873,34.026079],[-117.431916,34.026113],[-117.432156,34.026257],[-117.432274,34.026414],[-117.432278,34.026443],[-117.432254,34.026562],[-117.432253,34.026613],[-117.432287,34.026725],[-117.432302,34.026837],[-117.432323,34.0269],[-117.432408,34.027004],[-117.432431,34.027091],[-117.432431,34.027141],[-117.432354,34.027297],[-117.432332,34.027362],[-117.4323,34.027508],[-117.432242,34.027647],[-117.43225,34.027759],[-117.43223,34.027948],[-117.432211,34.027979],[-117.432115,34.028078],[-117.432084,34.028121],[-117.43206,34.028274],[-117.432041,34.028311],[-117.431992,34.028351],[-117.431935,34.028386],[-117.431781,34.028429],[-117.431676,34.028449],[-117.431633,34.028364],[-117.431581,34.028384]]}},{"type":"Feature","properties":{"k":"rough"},"geometry":{"type":"Polygon","coordinates":[[[-117.431188,34.027816],[-117.431332,34.027747],[-117.431352,34.027728],[-117.43136,34.027699],[-117.431333,34.027644],[-117.431283,34.027567],[-117.431259,34.027456],[-117.431212,34.027303],[-117.431154,34.027224],[-117.431025,34.027094],[-117.430964,34.026972],[-117.430931,34.02683],[-117.430932,34.026678],[-117.430925,34.026628],[-117.430763,34.026202],[-117.430725,34.025882],[-117.430695,34.025788],[-117.430641,34.025724],[-117.430526,34.025644],[-117.430447,34.025526],[-117.430333,34.025414],[-117.430305,34.025357],[-117.430265,34.025212],[-117.430249,34.025186],[-117.430108,34.025046],[-117.429997,34.02487],[-117.429951,34.024776],[-117.429883,34.024684],[-117.429849,34.02466],[-117.429742,34.024625],[-117.429664,34.024619],[-117.429503,34.024572],[-117.429432,34.024566],[-117.42938,34.024569],[-117.4293,34.024616],[-117.429236,34.024713],[-117.429216,34.024767],[-117.429187,34.024816],[-117.429162,34.024956],[-117.429113,34.025016],[-117.42903,34.025058],[-117.429065,34.025227],[-117.429124,34.025396],[-117.429141,34.025427],[-117.42919,34.025416],[-117.429356,34.02542],[-117.429472,34.025459],[-117.429531,34.025525],[-117.429535,34.0256],[-117.429671,34.025736],[-117.42968,34.025819],[-117.429704,34.025854],[-117.42975,34.02589],[-117.42986,34.026001],[-117.429935,34.026034],[-117.430002,34.026115],[-117.43,34.026183],[-117.42996,34.026305],[-117.430044,34.026388],[-117.430044,34.026471],[-117.430061,34.026547],[-117.430309,34.026653],[-117.430348,34.026693],[-117.430325,34.026724],[-117.430184,34.026759],[-117.430105,34.026765],[-117.430064,34.026815],[-117.430208,34.02682],[-117.430292,34.026845],[-117.430444,34.026819],[-117.430517,34.026829],[-117.430654,34.026888],[-117.430704,34.02693],[-117.430757,34.026981],[-117.430889,34.027144],[-117.430983,34.027293],[-117.431014,34.027366],[-117.431038,34.027456],[-117.431096,34.027559],[-117.431143,34.027692],[-117.431185,34.027761],[-117.431181,34.0278],[-117.431188,34.027816]]]}},{"type":"Feature","properties":{"k":"tee"},"geometry":{"type":"Polygon","coordinates":[[[-117.430459,34.024906],[-117.430455,34.024929],[-117.430413,34.024945],[-117.430393,34.024934],[-117.430366,34.024896],[-117.43037,34.024887],[-117.430413,34.024865],[-117.430423,34.024867],[-117.430459,34.024906]]]}},{"type":"Feature","properties":{"k":"tee"},"geometry":{"type":"Polygon","coordinates":[[[-117.430646,34.02512],[-117.430643,34.025088],[-117.430626,34.025068],[-117.430607,34.025059],[-117.430586,34.025061],[-117.430551,34.025081],[-117.430547,34.025097],[-117.430558,34.025116],[-117.4306,34.025145],[-117.430628,34.025136],[-117.430646,34.02512]]]}},{"type":"Feature","properties":{"k":"tee"},"geometry":{"type":"Polygon","coordinates":[[[-117.430938,34.025306],[-117.430933,34.025288],[-117.430869,34.025209],[-117.430843,34.025211],[-117.430811,34.025231],[-117.430811,34.025249],[-117.43088,34.025329],[-117.430903,34.02533],[-117.430938,34.025306]]]}},{"type":"Feature","properties":{"k":"tee"},"geometry":{"type":"Polygon","coordinates":[[[-117.43121,34.025494],[-117.431218,34.025477],[-117.431177,34.025416],[-117.43115,34.025415],[-117.431122,34.025433],[-117.431114,34.025449],[-117.431156,34.025507],[-117.431182,34.025509],[-117.43121,34.025494]]]}},{"type":"Feature","properties":{"k":"tee"},"geometry":{"type":"Polygon","coordinates":[[[-117.431293,34.025576],[-117.431242,34.025596],[-117.431259,34.025644],[-117.431277,34.025651],[-117.431309,34.025644],[-117.431327,34.025633],[-117.43131,34.025579],[-117.431293,34.025576]]]}},{"type":"Feature","properties":{"k":"bunker"},"geometry":{"type":"Polygon","coordinates":[[[-117.431353,34.026471],[-117.43137,34.026439],[-117.431382,34.026436],[-117.431408,34.026442],[-117.431438,34.026463],[-117.431472,34.026454],[-117.431505,34.026458],[-117.431557,34.026506],[-117.431572,34.026542],[-117.431558,34.026559],[-117.431496,34.026559],[-117.431485,34.026573],[-117.431495,34.026588],[-117.431567,34.026619],[-117.431585,34.026616],[-117.431616,34.026594],[-117.431651,34.02661],[-117.431665,34.026636],[-117.431667,34.026672],[-117.431655,34.026684],[-117.431616,34.026688],[-117.431603,34.02671],[-117.431605,34.026725],[-117.431655,34.02673],[-117.431673,34.026742],[-117.431674,34.026785],[-117.431645,34.026812],[-117.431624,34.026818],[-117.431567,34.026789],[-117.431495,34.026734],[-117.431456,34.026672],[-117.431448,34.02662],[-117.431418,34.026543],[-117.431353,34.026471]]]}},{"type":"Feature","properties":{"k":"bunker"},"geometry":{"type":"Polygon","coordinates":[[[-117.432122,34.027063],[-117.432123,34.027115],[-117.432143,34.027146],[-117.432165,34.027152],[-117.432204,34.027149],[-117.432248,34.027133],[-117.432258,34.027093],[-117.432238,34.027069],[-117.432195,34.027057],[-117.432175,34.02702],[-117.432186,34.027003],[-117.43222,34.027037],[-117.432236,34.027039],[-117.432258,34.027026],[-117.432266,34.02701],[-117.432266,34.026977],[-117.432243,34.02695],[-117.432225,34.026948],[-117.432214,34.026954],[-117.432144,34.026932],[-117.432095,34.026943],[-117.43207,34.026979],[-117.432068,34.027003],[-117.432085,34.027027],[-117.432114,34.027037],[-117.432122,34.027063]]]}},{"type":"Feature","properties":{"k":"bunker"},"geometry":{"type":"Polygon","coordinates":[[[-117.431755,34.027224],[-117.431729,34.027242],[-117.431727,34.027282],[-117.431738,34.027329],[-117.431775,34.027407],[-117.431841,34.027512],[-117.431843,34.027536],[-117.43185,34.027543],[-117.431872,34.027542],[-117.431908,34.027526],[-117.431919,34.02749],[-117.4319,34.027457],[-117.431865,34.027439],[-117.43185,34.027419],[-117.431857,34.027408],[-117.431893,34.027395],[-117.431908,34.027353],[-117.43188,34.02732],[-117.431868,34.027317],[-117.431825,34.027333],[-117.431799,34.027329],[-117.431786,34.027305],[-117.43179,34.027294],[-117.431832,34.027275],[-117.431838,34.027259],[-117.431827,34.02724],[-117.431804,34.027225],[-117.431789,34.02722],[-117.431755,34.027224]]]}},{"type":"Feature","properties":{"k":"green"},"geometry":{"type":"Polygon","coordinates":[[[-117.431958,34.027541],[-117.43199,34.027552],[-117.432025,34.027586],[-117.432032,34.027603],[-117.432028,34.027632],[-117.431943,34.027698],[-117.431899,34.02775],[-117.431871,34.02777],[-117.431821,34.027777],[-117.43179,34.02777],[-117.43177,34.027749],[-117.431766,34.027722],[-117.431841,34.027591],[-117.431882,34.027557],[-117.431921,34.027543],[-117.431958,34.027541]]]}},{"type":"Feature","properties":{"k":"rough"},"geometry":{"type":"Polygon","coordinates":[[[-117.430343,34.02482],[-117.430323,34.024832],[-117.43035,34.024929],[-117.430515,34.025091],[-117.430554,34.025163],[-117.430698,34.025225],[-117.430853,34.025398],[-117.430963,34.025479],[-117.431032,34.02555],[-117.431096,34.025626],[-117.431142,34.025701],[-117.431169,34.025768],[-117.431166,34.025854],[-117.431212,34.025992],[-117.431207,34.026015],[-117.431158,34.026072],[-117.431137,34.026111],[-117.431166,34.026167],[-117.431248,34.026233],[-117.431275,34.026309],[-117.431333,34.026392],[-117.431323,34.02642],[-117.431331,34.026435],[-117.43135,34.026452],[-117.431358,34.026442],[-117.431346,34.026473],[-117.431395,34.026536],[-117.431455,34.026697],[-117.431503,34.026762],[-117.431559,34.026813],[-117.431654,34.026933],[-117.43171,34.027086],[-117.431723,34.027152],[-117.431714,34.027262],[-117.43172,34.027319],[-117.431785,34.027457],[-117.431806,34.027545],[-117.431786,34.027632],[-117.431712,34.02774],[-117.431631,34.027805],[-117.43168,34.027859],[-117.431744,34.027909],[-117.431823,34.027942],[-117.431883,34.027977],[-117.431991,34.027992],[-117.432147,34.027982],[-117.432193,34.027965],[-117.432211,34.027945],[-117.43222,34.027912],[-117.43224,34.027789],[-117.432239,34.02774],[-117.432219,34.027639],[-117.432292,34.0275],[-117.432332,34.027323],[-117.432395,34.027199],[-117.432419,34.027106],[-117.4324,34.02702],[-117.432322,34.026927],[-117.432302,34.026887],[-117.43228,34.026742],[-117.43225,34.026657],[-117.432241,34.026596],[-117.432255,34.026492],[-117.432214,34.026506],[-117.432162,34.026504],[-117.432112,34.026488],[-117.432059,34.026455],[-117.431976,34.026363],[-117.431945,34.026257],[-117.43196,34.02618],[-117.431992,34.026179],[-117.431861,34.026082],[-117.431766,34.025986],[-117.431711,34.025959],[-117.431538,34.0259],[-117.431472,34.025858],[-117.431441,34.025828],[-117.431418,34.025782],[-117.431391,34.025609],[-117.431363,34.025553],[-117.431298,34.025473],[-117.431107,34.025281],[-117.43105,34.025244],[-117.430969,34.02521],[-117.430823,34.025166],[-117.430772,34.025157],[-117.430732,34.025158],[-117.430713,34.02515],[-117.430631,34.025059],[-117.430561,34.025001],[-117.430547,34.02496],[-117.430474,34.024867],[-117.430425,34.024836],[-117.430343,34.02482]]]}},{"type":"Feature","properties":{"k":"rough"},"geometry":{"type":"Polygon","coordinates":[[[-117.433979,34.033721],[-117.433908,34.033721],[-117.433827,34.03375],[-117.433784,34.033799],[-117.433779,34.033865],[-117.433817,34.033925],[-117.433913,34.033979],[-117.433948,34.033967],[-117.433954,34.033936],[-117.433941,34.033877],[-117.433945,34.033802],[-117.433979,34.033721]]]}},{"type":"Feature","properties":{"k":"water"},"geometry":{"type":"Polygon","coordinates":[[[-117.431696,34.021036],[-117.431674,34.021152],[-117.431596,34.021294],[-117.431578,34.021336],[-117.431567,34.021393],[-117.431576,34.021445],[-117.431611,34.021528],[-117.431601,34.021552],[-117.431502,34.021639],[-117.43149,34.021665],[-117.431492,34.021697],[-117.431528,34.021768],[-117.431658,34.021801],[-117.431724,34.02181],[-117.431759,34.021806],[-117.431827,34.021782],[-117.432001,34.021701],[-117.432186,34.021666],[-117.432415,34.021605],[-117.432476,34.021622],[-117.432575,34.021617],[-117.43264,34.021596],[-117.43267,34.021566],[-117.43269,34.021443],[-117.432686,34.021379],[-117.432637,34.021296],[-117.43249,34.021226],[-117.432248,34.021158],[-117.431888,34.021067],[-117.431696,34.021036]]]}},{"type":"Feature","properties":{"k":"bunker"},"geometry":{"type":"Polygon","coordinates":[[[-117.431423,34.022398],[-117.431397,34.022436],[-117.431353,34.022438],[-117.431325,34.02247],[-117.431331,34.022521],[-117.431353,34.02254],[-117.431398,34.022557],[-117.431427,34.022551],[-117.431469,34.02248],[-117.431462,34.022415],[-117.431423,34.022398]]]}},{"type":"Feature","properties":{"k":"path"},"geometry":{"type":"LineString","coordinates":[[-117.431467,34.028171],[-117.431612,34.02844]]}},{"type":"Feature","properties":{"k":"path"},"geometry":{"type":"LineString","coordinates":[[-117.432286,34.030125],[-117.432129,34.030236]]}},{"type":"Feature","properties":{"k":"path"},"geometry":{"type":"LineString","coordinates":[[-117.426906,34.024207],[-117.426823,34.024196],[-117.426783,34.024173],[-117.426767,34.024141],[-117.426761,34.024105],[-117.426699,34.024037],[-117.426608,34.02391],[-117.426498,34.023798],[-117.426449,34.023707],[-117.426399,34.023557],[-117.426371,34.023523],[-117.426313,34.023492],[-117.426217,34.023455],[-117.426189,34.023428],[-117.426172,34.023394]]}},{"type":"Feature","properties":{"k":"path"},"geometry":{"type":"LineString","coordinates":[[-117.430046,34.027847],[-117.429988,34.027936],[-117.429985,34.027977],[-117.430006,34.028024],[-117.430044,34.028071],[-117.430076,34.028134]]}},{"type":"Feature","properties":{"k":"tee"},"geometry":{"type":"Polygon","coordinates":[[[-117.433842,34.029742],[-117.433823,34.029776],[-117.43376,34.029776],[-117.433745,34.029769],[-117.433756,34.029696],[-117.433849,34.029706],[-117.433842,34.029742]]]}},{"type":"Feature","properties":{"k":"tee"},"geometry":{"type":"Polygon","coordinates":[[[-117.433756,34.029696],[-117.433781,34.029599],[-117.433875,34.029613],[-117.433849,34.029706],[-117.433756,34.029696]]]}},{"type":"Feature","properties":{"k":"tee"},"geometry":{"type":"Polygon","coordinates":[[[-117.433875,34.029613],[-117.433901,34.029501],[-117.433823,34.029488],[-117.433808,34.029501],[-117.433781,34.029599],[-117.433875,34.029613]]]}},{"type":"Feature","properties":{"k":"tee"},"geometry":{"type":"Polygon","coordinates":[[[-117.431502,34.02923],[-117.431418,34.029304],[-117.431297,34.029221],[-117.431392,34.029133],[-117.431502,34.02923]]]}}]}