{"type":"FeatureCollection","features":[{"type":"Feature","properties":{"k":"hole","ref":"1","par":5,"hcp":16},"geometry":{"type":"LineString","coordinates":[[-118.867055,34.311423],[-118.86562,34.310346],[-118.864691,34.308796],[-118.864136,34.308166]]}},{"type":"Feature","properties":{"k":"hole","ref":"2","par":4,"hcp":2},"geometry":{"type":"LineString","coordinates":[[-118.863687,34.30775],[-118.861486,34.305536],[-118.861149,34.304768]]}},{"type":"Feature","properties":{"k":"hole","ref":"3","par":4,"hcp":14},"geometry":{"type":"LineString","coordinates":[[-118.860637,34.30493],[-118.859971,34.303463],[-118.859365,34.302763]]}},{"type":"Feature","properties":{"k":"hole","ref":"4","par":3,"hcp":12},"geometry":{"type":"LineString","coordinates":[[-118.85927,34.302236],[-118.860236,34.301321]]}},{"type":"Feature","properties":{"k":"hole","ref":"5","par":5,"hcp":4},"geometry":{"type":"LineString","coordinates":[[-118.860964,34.301096],[-118.861828,34.302761],[-118.861577,34.30447],[-118.862336,34.305461]]}},{"type":"Feature","properties":{"k":"hole","ref":"6","par":3,"hcp":6},"geometry":{"type":"LineString","coordinates":[[-118.862859,34.305985],[-118.862882,34.304308]]}},{"type":"Feature","properties":{"k":"hole","ref":"7","par":4,"hcp":8},"geometry":{"type":"LineString","coordinates":[[-118.863261,34.304396],[-118.864553,34.307108]]}},{"type":"Feature","properties":{"k":"hole","ref":"8","par":3,"hcp":18},"geometry":{"type":"LineString","coordinates":[[-118.863625,34.306953],[-118.864622,34.307696]]}},{"type":"Feature","properties":{"k":"hole","ref":"9","par":5,"hcp":10},"geometry":{"type":"LineString","coordinates":[[-118.865095,34.307258],[-118.866548,34.309563],[-118.867831,34.311241]]}},{"type":"Feature","properties":{"k":"hole","ref":"10","par":5,"hcp":9},"geometry":{"type":"LineString","coordinates":[[-118.869339,34.310245],[-118.871018,34.313627],[-118.870674,34.314651]]}},{"type":"Feature","properties":{"k":"hole","ref":"11","par":4,"hcp":3},"geometry":{"type":"LineString","coordinates":[[-118.870659,34.315246],[-118.869056,34.316826],[-118.868572,34.317437],[-118.868473,34.317813],[-118.868439,34.318405]]}},{"type":"Feature","properties":{"k":"hole","ref":"12","par":4,"hcp":13},"geometry":{"type":"LineString","coordinates":[[-118.867971,34.318225],[-118.868024,34.317783],[-118.868181,34.316031],[-118.867608,34.315649]]}},{"type":"Feature","properties":{"k":"hole","ref":"13","par":5,"hcp":17},"geometry":{"type":"LineString","coordinates":[[-118.867406,34.316964],[-118.867125,34.31914],[-118.866425,34.320882],[-118.86634,34.321558]]}},{"type":"Feature","properties":{"k":"hole","ref":"14","par":4,"hcp":7},"geometry":{"type":"LineString","coordinates":[[-118.866935,34.321913],[-118.869499,34.321225],[-118.869676,34.319359]]}},{"type":"Feature","properties":{"k":"hole","ref":"15","par":3,"hcp":11},"geometry":{"type":"LineString","coordinates":[[-118.869778,34.318643],[-118.870638,34.319615]]}},{"type":"Feature","properties":{"k":"hole","ref":"16","par":4,"hcp":1},"geometry":{"type":"LineString","coordinates":[[-118.871244,34.320263],[-118.871802,34.317561],[-118.871569,34.31644]]}},{"type":"Feature","properties":{"k":"hole","ref":"17","par":3,"hcp":15},"geometry":{"type":"LineString","coordinates":[[-118.872132,34.316148],[-118.871402,34.31469]]}},{"type":"Feature","properties":{"k":"hole","ref":"18","par":4,"hcp":5},"geometry":{"type":"LineString","coordinates":[[-118.869104,34.315488],[-118.868099,34.313141],[-118.868191,34.31192]]}},{"type":"Feature","properties":{"k":"path"},"geometry":{"type":"LineString","coordinates":[[-118.867611,34.311628],[-118.867475,34.311647],[-118.867299,34.311659],[-118.867079,34.311642],[-118.867002,34.311605],[-118.86696,34.311566],[-118.866915,34.311507],[-118.866854,34.311461],[-118.866759,34.311432],[-118.866629,34.31141],[-118.866549,34.311426],[-118.866465,34.311423],[-118.866314,34.311393],[-118.865883,34.311158],[-118.865745,34.311068],[-118.865632,34.310955],[-118.865527,34.310818],[-118.865436,34.310728],[-118.865233,34.31055],[-118.865161,34.310464],[-118.864745,34.309806],[-118.864676,34.30972],[-118.864648,34.309651],[-118.864547,34.30958],[-118.864508,34.309567],[-118.864446,34.309515],[-118.864411,34.309433],[-118.864338,34.309314],[-118.864335,34.309239],[-118.864321,34.309198],[-118.864264,34.309166],[-118.864218,34.309129],[-118.864216,34.309033],[-118.864185,34.308969],[-118.863839,34.308466],[-118.863576,34.308108],[-118.863534,34.307997],[-118.863462,34.307915],[-118.863379,34.307857],[-118.863269,34.307699],[-118.863054,34.307534],[-118.862313,34.306795],[-118.86203,34.306528],[-118.861333,34.305905],[-118.861279,34.305844],[-118.861242,34.305779],[-118.861138,34.305559],[-118.861094,34.305498],[-118.860945,34.305354],[-118.860783,34.305085],[-118.860774,34.305045],[-118.860782,34.305007],[-118.860778,34.304974],[-118.860745,34.304899],[-118.860744,34.30483],[-118.860725,34.30478],[-118.860609,34.304617],[-118.860575,34.30455],[-118.860548,34.30444],[-118.860538,34.304351],[-118.860546,34.304156],[-118.860539,34.303706],[-118.860504,34.303467],[-118.860446,34.303198],[-118.860444,34.303073],[-118.860358,34.302895],[-118.860265,34.302728],[-118.860212,34.302661],[-118.860143,34.302602],[-118.860065,34.302555],[-118.859926,34.302505],[-118.859705,34.302463],[-118.859626,34.302461],[-118.859557,34.302443],[-118.85953,34.302423],[-118.859522,34.302386],[-118.859533,34.302355],[-118.859564,34.302315],[-118.859703,34.302184],[-118.859963,34.302053],[-118.860092,34.30201],[-118.860146,34.302002],[-118.860367,34.301895],[-118.860446,34.301837],[-118.860489,34.301794],[-118.860524,34.301655],[-118.860573,34.301614],[-118.860745,34.301539],[-118.860982,34.301404],[-118.86103,34.301393],[-118.861077,34.301414],[-118.861112,34.301439],[-118.861134,34.301503],[-118.861134,34.301671],[-118.86115,34.301761],[-118.861188,34.301866],[-118.861213,34.301993],[-118.861228,34.302178],[-118.861283,34.302264],[-118.861351,34.302347],[-118.861417,34.302399],[-118.861442,34.302472],[-118.861436,34.302611],[-118.861452,34.302846],[-118.861372,34.303192],[-118.861371,34.303353],[-118.861415,34.303471],[-118.861414,34.303557],[-118.861348,34.303644],[-118.861313,34.303723],[-118.861318,34.303836],[-118.861334,34.30392]]}},{"type":"Feature","properties":{"k":"green"},"geometry":{"type":"Polygon","coordinates":[[[-118.864615,34.307826],[-118.864663,34.307818],[-118.864701,34.307791],[-118.864717,34.307771],[-118.864734,34.307718],[-118.864726,34.307663],[-118.864699,34.307606],[-118.864664,34.307577],[-118.864643,34.307573],[-118.86461,34.307581],[-118.864574,34.307611],[-118.86454,34.307662],[-118.86452,34.307721],[-118.864528,34.307776],[-118.864545,34.307798],[-118.864569,34.307814],[-118.864615,34.307826]]]}},{"type":"Feature","properties":{"k":"green"},"geometry":{"type":"Polygon","coordinates":[[[-118.867786,34.31137],[-118.867939,34.311384],[-118.867967,34.311377],[-118.868003,34.311349],[-118.868014,34.311329],[-118.868018,34.311265],[-118.867996,34.311211],[-118.867966,34.311169],[-118.867914,34.311145],[-118.867806,34.31112],[-118.867714,34.311128],[-118.867677,34.31114],[-118.867654,34.311158],[-118.867635,34.311191],[-118.867628,34.31123],[-118.867635,34.311266],[-118.867724,34.31135],[-118.867756,34.311367],[-118.867786,34.31137]]]}},{"type":"Feature","properties":{"k":"bunker"},"geometry":{"type":"Polygon","coordinates":[[[-118.861567,34.305097],[-118.86147,34.305032],[-118.861445,34.305029],[-118.861426,34.305039],[-118.861448,34.305085],[-118.861486,34.305111],[-118.861491,34.305127],[-118.861483,34.305144],[-118.861455,34.305165],[-118.86145,34.305187],[-118.861484,34.305224],[-118.861514,34.305225],[-118.861537,34.305212],[-118.861571,34.305147],[-118.861567,34.305097]]]}},{"type":"Feature","properties":{"k":"bunker"},"geometry":{"type":"Polygon","coordinates":[[[-118.861463,34.304987],[-118.861478,34.304984],[-118.861509,34.305],[-118.861533,34.304993],[-118.861514,34.304965],[-118.861471,34.304946],[-118.861455,34.304947],[-118.861441,34.304975],[-118.861446,34.304986],[-118.861463,34.304987]]]}},{"type":"Feature","properties":{"k":"bunker"},"geometry":{"type":"Polygon","coordinates":[[[-118.861221,34.304588],[-118.86125,34.304583],[-118.86127,34.304558],[-118.861261,34.304529],[-118.861266,34.3045],[-118.861259,34.304485],[-118.861235,34.304477],[-118.861204,34.304482],[-118.861213,34.304507],[-118.861188,34.30455],[-118.861191,34.304572],[-118.861221,34.304588]]]}},{"type":"Feature","properties":{"k":"bunker"},"geometry":{"type":"Polygon","coordinates":[[[-118.859693,34.302942],[-118.859709,34.302935],[-118.859709,34.302915],[-118.859699,34.302905],[-118.859676,34.302907],[-118.859668,34.302916],[-118.859674,34.302934],[-118.859693,34.302942]]]}},{"type":"Feature","properties":{"k":"bunker"},"geometry":{"type":"Polygon","coordinates":[[[-118.864556,34.30757],[-118.864579,34.307575],[-118.86459,34.307556],[-118.86458,34.307549],[-118.864555,34.307557],[-118.864556,34.30757]]]}},{"type":"Feature","properties":{"k":"bunker"},"geometry":{"type":"Polygon","coordinates":[[[-118.864571,34.307489],[-118.864593,34.307533],[-118.864627,34.307521],[-118.864618,34.307482],[-118.864628,34.307454],[-118.864613,34.307431],[-118.864579,34.307423],[-118.864557,34.307434],[-118.864559,34.307466],[-118.864571,34.307489]]]}},{"type":"Feature","properties":{"k":"tee"},"geometry":{"type":"Polygon","coordinates":[[[-118.863658,34.307801],[-118.863737,34.307808],[-118.86383,34.307795],[-118.86386,34.307774],[-118.863862,34.307754],[-118.863843,34.30772],[-118.863799,34.307704],[-118.863671,34.307702],[-118.86351,34.307713],[-118.863484,34.30771],[-118.863408,34.307666],[-118.86337,34.307656],[-118.863349,34.307663],[-118.863335,34.30768],[-118.863336,34.307721],[-118.863355,34.307753],[-118.863403,34.307801],[-118.863658,34.307801]]]}},{"type":"Feature","properties":{"k":"tee"},"geometry":{"type":"Polygon","coordinates":[[[-118.86286,34.307272],[-118.862903,34.307304],[-118.862929,34.307304],[-118.862954,34.307289],[-118.862967,34.307265],[-118.862966,34.307238],[-118.862924,34.307189],[-118.862895,34.307185],[-118.862857,34.307204],[-118.862847,34.307245],[-118.86286,34.307272]]]}},{"type":"Feature","properties":{"k":"tee"},"geometry":{"type":"Polygon","coordinates":[[[-118.86645,34.311313],[-118.86648,34.311329],[-118.866497,34.311357],[-118.866517,34.311369],[-118.866542,34.311371],[-118.866563,34.311359],[-118.866563,34.311329],[-118.866487,34.311243],[-118.866447,34.311216],[-118.866411,34.311215],[-118.866384,34.311235],[-118.866379,34.311278],[-118.866396,34.311294],[-118.86645,34.311313]]]}},{"type":"Feature","properties":{"k":"tee"},"geometry":{"type":"Polygon","coordinates":[[[-118.863566,34.305243],[-118.863621,34.305243],[-118.863649,34.305221],[-118.863647,34.305184],[-118.863605,34.305152],[-118.863563,34.305153],[-118.863542,34.305164],[-118.863526,34.305187],[-118.863527,34.305211],[-118.863566,34.305243]]]}},{"type":"Feature","properties":{"k":"tee"},"geometry":{"type":"Polygon","coordinates":[[[-118.862831,34.306019],[-118.862973,34.306111],[-118.863001,34.306112],[-118.863025,34.306101],[-118.863049,34.306068],[-118.863043,34.306034],[-118.863011,34.306006],[-118.862911,34.305947],[-118.862787,34.305852],[-118.862714,34.305828],[-118.862683,34.305844],[-118.862668,34.305873],[-118.862669,34.305903],[-118.862831,34.306019]]]}},{"type":"Feature","properties":{"k":"tee"},"geometry":{"type":"Polygon","coordinates":[[[-118.862824,34.3056],[-118.862862,34.305591],[-118.862883,34.305565],[-118.862872,34.305527],[-118.862845,34.305512],[-118.862811,34.305519],[-118.862796,34.305552],[-118.862808,34.30559],[-118.862824,34.3056]]]}},{"type":"Feature","properties":{"k":"tee"},"geometry":{"type":"Polygon","coordinates":[[[-118.864983,34.307333],[-118.864959,34.307359],[-118.864959,34.307411],[-118.864992,34.30744],[-118.865027,34.30745],[-118.865057,34.30745],[-118.86508,34.307429],[-118.865105,34.307352],[-118.865182,34.307329],[-118.865195,34.307314],[-118.865197,34.307299],[-118.865163,34.307252],[-118.865124,34.30722],[-118.865094,34.307205],[-118.865066,34.307204],[-118.865039,34.307233],[-118.865019,34.307308],[-118.864983,34.307333]]]}},{"type":"Feature","properties":{"k":"tee"},"geometry":{"type":"Polygon","coordinates":[[[-118.865349,34.307592],[-118.865393,34.307649],[-118.865429,34.307664],[-118.865455,34.307665],[-118.86548,34.307657],[-118.865505,34.307629],[-118.865505,34.307595],[-118.865489,34.307567],[-118.865454,34.307521],[-118.865414,34.307491],[-118.865373,34.307488],[-118.865342,34.307509],[-118.865338,34.307556],[-118.865349,34.307592]]]}},{"type":"Feature","properties":{"k":"tee"},"geometry":{"type":"Polygon","coordinates":[[[-118.869328,34.310291],[-118.869355,34.310306],[-118.869376,34.310303],[-118.869389,34.310284],[-118.869353,34.310219],[-118.869337,34.310212],[-118.869304,34.310227],[-118.869312,34.310265],[-118.869328,34.310291]]]}},{"type":"Feature","properties":{"k":"tee"},"geometry":{"type":"Polygon","coordinates":[[[-118.869399,34.310446],[-118.869428,34.310541],[-118.869488,34.310625],[-118.869537,34.310666],[-118.869589,34.310695],[-118.869612,34.310702],[-118.869642,34.310699],[-118.869654,34.310676],[-118.869649,34.310648],[-118.869627,34.31063],[-118.869572,34.310615],[-118.869496,34.31048],[-118.869455,34.310424],[-118.869414,34.310414],[-118.869403,34.310425],[-118.869399,34.310446]]]}},{"type":"Feature","properties":{"k":"bunker"},"geometry":{"type":"Polygon","coordinates":[[[-118.869612,34.316393],[-118.869603,34.316424],[-118.869612,34.316454],[-118.86964,34.316472],[-118.869685,34.316461],[-118.869695,34.316455],[-118.869705,34.316422],[-118.869763,34.316389],[-118.869764,34.316362],[-118.869748,34.316319],[-118.869727,34.316306],[-118.869671,34.316308],[-118.86963,34.316336],[-118.869612,34.316393]]]}},{"type":"Feature","properties":{"k":"bunker"},"geometry":{"type":"Polygon","coordinates":[[[-118.868289,34.31805],[-118.868309,34.318045],[-118.868321,34.318031],[-118.868323,34.318014],[-118.868309,34.318004],[-118.86829,34.318004],[-118.868263,34.318028],[-118.868264,34.318045],[-118.868289,34.31805]]]}},{"type":"Feature","properties":{"k":"bunker"},"geometry":{"type":"Polygon","coordinates":[[[-118.868354,34.318045],[-118.868311,34.318077],[-118.868305,34.3181],[-118.868318,34.318111],[-118.868339,34.318109],[-118.86836,34.318085],[-118.868383,34.318096],[-118.86841,34.318086],[-118.868417,34.318049],[-118.868406,34.318013],[-118.868387,34.318017],[-118.868354,34.318045]]]}},{"type":"Feature","properties":{"k":"tee"},"geometry":{"type":"Polygon","coordinates":[[[-118.871195,34.320228],[-118.871214,34.320304],[-118.871225,34.320316],[-118.871261,34.320319],[-118.871289,34.320285],[-118.871291,34.320252],[-118.871265,34.320167],[-118.87124,34.320139],[-118.871211,34.320144],[-118.871203,34.320155],[-118.871195,34.320228]]]}},{"type":"Feature","properties":{"k":"tee"},"geometry":{"type":"Polygon","coordinates":[[[-118.871178,34.320089],[-118.871202,34.320092],[-118.871227,34.320078],[-118.871231,34.320044],[-118.871214,34.320024],[-118.871184,34.320023],[-118.87117,34.320037],[-118.871168,34.320069],[-118.871178,34.320089]]]}},{"type":"Feature","properties":{"k":"tee"},"geometry":{"type":"Polygon","coordinates":[[[-118.871202,34.319243],[-118.871243,34.319252],[-118.871279,34.319235],[-118.871286,34.319206],[-118.871283,34.319188],[-118.871268,34.319172],[-118.871248,34.319167],[-118.871205,34.319179],[-118.87119,34.3192],[-118.871186,34.319223],[-118.871202,34.319243]]]}},{"type":"Feature","properties":{"k":"fairway"},"geometry":{"type":"Polygon","coordinates":[[[-118.862059,34.303875],[-118.861964,34.30382],[-118.861667,34.303613],[-118.861608,34.303562],[-118.861563,34.303503],[-118.86155,34.303457],[-118.861536,34.303193],[-118.861563,34.302603],[-118.861563,34.302394],[-118.861575,34.302342],[-118.861614,34.302289],[-118.861731,34.302242],[-118.861782,34.302203],[-118.861863,34.3022],[-118.861909,34.302205],[-118.861975,34.302228],[-118.862027,34.302286],[-118.862055,34.302378],[-118.862071,34.302542],[-118.862052,34.303153],[-118.862174,34.30347],[-118.862218,34.303647],[-118.862228,34.303767],[-118.862228,34.303833],[-118.862205,34.303857],[-118.862146,34.30388],[-118.862059,34.303875]]]}},{"type":"Feature","properties":{"k":"tee"},"geometry":{"type":"Polygon","coordinates":[[[-118.86127,34.301457],[-118.861345,34.301539],[-118.861388,34.301553],[-118.861409,34.301547],[-118.861416,34.301518],[-118.861353,34.301426],[-118.861329,34.301313],[-118.861299,34.301288],[-118.861262,34.301283],[-118.861231,34.301299],[-118.86122,34.301313],[-118.861215,34.301357],[-118.86127,34.301457]]]}},{"type":"Feature","properties":{"k":"tee"},"geometry":{"type":"Polygon","coordinates":[[[-118.860926,34.301145],[-118.860947,34.301165],[-118.860994,34.301173],[-118.861026,34.301148],[-118.861022,34.30112],[-118.860996,34.301069],[-118.860973,34.301057],[-118.860947,34.301054],[-118.860929,34.301069],[-118.860919,34.301105],[-118.860926,34.301145]]]}},{"type":"Feature","properties":{"k":"tee"},"geometry":{"type":"Polygon","coordinates":[[[-118.861241,34.301667],[-118.861257,34.301711],[-118.861275,34.301733],[-118.861322,34.301741],[-118.861345,34.301725],[-118.861354,34.301706],[-118.861337,34.301646],[-118.861249,34.301551],[-118.861227,34.301553],[-118.861211,34.301575],[-118.861241,34.301667]]]}},{"type":"Feature","properties":{"k":"fairway"},"geometry":{"type":"Polygon","coordinates":[[[-118.864067,34.306236],[-118.864153,34.306307],[-118.864341,34.306424],[-118.864505,34.306493],[-118.86457,34.306498],[-118.864635,34.306487],[-118.864686,34.306463],[-118.864742,34.306412],[-118.864779,34.306355],[-118.864801,34.306289],[-118.864805,34.306222],[-118.864793,34.306152],[-118.864773,34.306111],[-118.864744,34.306068],[-118.864687,34.306018],[-118.864566,34.305944],[-118.864396,34.305894],[-118.864323,34.305853],[-118.864187,34.305796],[-118.863901,34.305549],[-118.863841,34.305527],[-118.863692,34.305524],[-118.863639,34.305533],[-118.863599,34.305555],[-118.863572,34.305618],[-118.863562,34.305665],[-118.863552,34.305737],[-118.863559,34.305841],[-118.863587,34.305899],[-118.863643,34.30598],[-118.863679,34.306009],[-118.863917,34.306128],[-118.863986,34.306169],[-118.864067,34.306236]]]}},{"type":"Feature","properties":{"k":"bunker"},"geometry":{"type":"Polygon","coordinates":[[[-118.867951,34.31266],[-118.867898,34.312626],[-118.867881,34.312603],[-118.867877,34.312571],[-118.867885,34.312557],[-118.867904,34.31255],[-118.867923,34.312556],[-118.867941,34.312602],[-118.867974,34.312597],[-118.868007,34.312633],[-118.868011,34.312661],[-118.868,34.312672],[-118.867967,34.312674],[-118.867951,34.31266]]]}},{"type":"Feature","properties":{"k":"tee"},"geometry":{"type":"Polygon","coordinates":[[[-118.868451,34.314778],[-118.868456,34.314811],[-118.868475,34.314836],[-118.868507,34.314849],[-118.86855,34.314836],[-118.868553,34.31478],[-118.868534,34.314694],[-118.868521,34.314665],[-118.868497,34.314654],[-118.868448,34.314683],[-118.868443,34.314747],[-118.868451,34.314778]]]}},{"type":"Feature","properties":{"k":"tee"},"geometry":{"type":"Polygon","coordinates":[[[-118.869049,34.315224],[-118.869036,34.315268],[-118.869026,34.315365],[-118.869029,34.315466],[-118.869046,34.315531],[-118.869095,34.31556],[-118.869132,34.315562],[-118.869148,34.315543],[-118.86913,34.315427],[-118.869148,34.315334],[-118.869146,34.315248],[-118.869124,34.315221],[-118.869087,34.31521],[-118.869049,34.315224]]]}},{"type":"Feature","properties":{"k":"tee"},"geometry":{"type":"Polygon","coordinates":[[[-118.869945,34.315441],[-118.869889,34.315523],[-118.86987,34.315587],[-118.869881,34.315613],[-118.869905,34.315631],[-118.869937,34.31564],[-118.869972,34.31564],[-118.869999,34.315625],[-118.870004,34.315596],[-118.869991,34.315569],[-118.869983,34.315516],[-118.870001,34.315458],[-118.869996,34.315432],[-118.869968,34.31542],[-118.869945,34.315441]]]}},{"type":"Feature","properties":{"k":"tee"},"geometry":{"type":"Polygon","coordinates":[[[-118.870503,34.315422],[-118.870495,34.315477],[-118.870506,34.315492],[-118.870523,34.315497],[-118.870543,34.315491],[-118.870624,34.315403],[-118.870634,34.31537],[-118.870604,34.315344],[-118.870555,34.315338],[-118.870532,34.315357],[-118.870503,34.315422]]]}},{"type":"Feature","properties":{"k":"tee"},"geometry":{"type":"Polygon","coordinates":[[[-118.870632,34.315298],[-118.870657,34.315301],[-118.870672,34.315293],[-118.870681,34.315219],[-118.870644,34.315216],[-118.870632,34.315229],[-118.870618,34.315271],[-118.870632,34.315298]]]}},{"type":"Feature","properties":{"k":"tee"},"geometry":{"type":"Polygon","coordinates":[[[-118.867379,34.316934],[-118.867363,34.316971],[-118.867366,34.316997],[-118.867386,34.317023],[-118.867412,34.317021],[-118.867448,34.31699],[-118.867455,34.316961],[-118.867449,34.316929],[-118.86742,34.316912],[-118.867402,34.316915],[-118.867379,34.316934]]]}},{"type":"Feature","properties":{"k":"tee"},"geometry":{"type":"Polygon","coordinates":[[[-118.867284,34.317187],[-118.867276,34.317258],[-118.867294,34.317281],[-118.867314,34.317284],[-118.867355,34.317257],[-118.867363,34.317172],[-118.867342,34.317148],[-118.867324,34.31714],[-118.867307,34.317143],[-118.867284,34.317187]]]}},{"type":"Feature","properties":{"k":"tee"},"geometry":{"type":"Polygon","coordinates":[[[-118.867257,34.317513],[-118.867256,34.31757],[-118.867268,34.317619],[-118.867296,34.317656],[-118.867333,34.317659],[-118.867357,34.317643],[-118.867379,34.317599],[-118.867378,34.317565],[-118.867354,34.317507],[-118.867324,34.317482],[-118.867308,34.317481],[-118.867279,34.317488],[-118.867257,34.317513]]]}},{"type":"Feature","properties":{"k":"tee"},"geometry":{"type":"Polygon","coordinates":[[[-118.86759,34.317916],[-118.867574,34.317949],[-118.86757,34.317985],[-118.867577,34.317999],[-118.867613,34.318008],[-118.86764,34.317982],[-118.867658,34.317917],[-118.86765,34.317903],[-118.867615,34.317895],[-118.86759,34.317916]]]}},{"type":"Feature","properties":{"k":"range"},"geometry":{"type":"Polygon","coordinates":[[[-118.866886,34.314642],[-118.86692,34.314676],[-118.866946,34.314686],[-118.867417,34.31468],[-118.867469,34.314653],[-118.86751,34.31462],[-118.867572,34.31451],[-118.867631,34.314073],[-118.867517,34.313045],[-118.86743,34.312362],[-118.866897,34.312379],[-118.866355,34.312436],[-118.866451,34.313055],[-118.866644,34.314047],[-118.866886,34.314642]]]}},{"type":"Feature","properties":{"k":"path"},"geometry":{"type":"LineString","coordinates":[[-118.861774,34.304082],[-118.861908,34.304246],[-118.861887,34.304468],[-118.861898,34.304521],[-118.861935,34.304543],[-118.862,34.304543],[-118.862107,34.304565],[-118.86223,34.304641],[-118.862391,34.304649],[-118.862547,34.304858],[-118.862579,34.304933],[-118.862558,34.305004],[-118.862547,34.305084],[-118.862552,34.305141],[-118.86259,34.305208],[-118.862649,34.305274],[-118.862718,34.305429],[-118.862729,34.305531],[-118.862718,34.305611],[-118.862692,34.305647],[-118.862689,34.305676],[-118.862705,34.305707],[-118.862767,34.305692],[-118.862829,34.305654],[-118.862909,34.305621],[-118.863073,34.305537],[-118.863153,34.305506],[-118.863266,34.305437],[-118.863271,34.305362],[-118.863306,34.305194],[-118.863282,34.305023],[-118.863295,34.304976],[-118.863333,34.304939],[-118.863368,34.304934],[-118.863397,34.304961],[-118.863418,34.305185],[-118.863405,34.305309],[-118.863483,34.305477],[-118.863486,34.305555],[-118.863464,34.305619],[-118.863459,34.305694],[-118.863467,34.305783],[-118.86355,34.306004],[-118.86362,34.306078],[-118.863756,34.306159],[-118.863789,34.306188],[-118.863783,34.306219],[-118.863671,34.306284],[-118.86358,34.306379],[-118.863561,34.30643],[-118.863574,34.306483],[-118.863598,34.306532],[-118.863574,34.30664],[-118.863553,34.306674],[-118.863542,34.306718],[-118.86355,34.306784],[-118.86359,34.306831],[-118.863641,34.306869],[-118.863719,34.306888],[-118.863802,34.306891],[-118.863867,34.306908],[-118.863907,34.306946],[-118.863939,34.307004],[-118.863944,34.307063],[-118.863925,34.307216],[-118.86395,34.307321],[-118.863979,34.30738],[-118.864161,34.307881],[-118.864234,34.307925],[-118.864352,34.307947],[-118.864548,34.307961],[-118.865103,34.307961],[-118.865186,34.30797],[-118.865334,34.308003],[-118.865478,34.307978],[-118.865596,34.307972],[-118.865639,34.308001],[-118.865645,34.308043],[-118.865629,34.308142],[-118.865596,34.308255],[-118.865572,34.308388],[-118.865572,34.30845],[-118.865605,34.308561],[-118.865825,34.309007],[-118.865924,34.309179],[-118.866173,34.309543],[-118.866251,34.309957],[-118.866302,34.310023],[-118.866428,34.310159],[-118.866592,34.310367],[-118.866667,34.310444],[-118.866693,34.310491],[-118.86675,34.310637],[-118.86679,34.31069]]}},{"type":"Feature","properties":{"k":"path"},"geometry":{"type":"LineString","coordinates":[[-118.867321,34.311323],[-118.867412,34.311397],[-118.867492,34.311448],[-118.867631,34.311504],[-118.867778,34.311576],[-118.868062,34.311593],[-118.868123,34.311586],[-118.868169,34.311566],[-118.868284,34.311441],[-118.868472,34.311333],[-118.868526,34.311286],[-118.86859,34.311222],[-118.868719,34.311069],[-118.868874,34.31081],[-118.868984,34.31065],[-118.869027,34.310482],[-118.869038,34.310393],[-118.869091,34.310296],[-118.869142,34.310254],[-118.869209,34.310254],[-118.869279,34.3103],[-118.869325,34.310342],[-118.869376,34.310513],[-118.86944,34.310619],[-118.869512,34.310684],[-118.869765,34.310814],[-118.869861,34.310885],[-118.869936,34.310967],[-118.870017,34.311076],[-118.87006,34.311153],[-118.870154,34.311273],[-118.870288,34.311397],[-118.870379,34.311512],[-118.870771,34.312101],[-118.870832,34.312177],[-118.870891,34.312217],[-118.871036,34.312285],[-118.8711,34.312334],[-118.871138,34.312396],[-118.871167,34.312474],[-118.871135,34.312633],[-118.871149,34.312711],[-118.871237,34.312855],[-118.871248,34.312906],[-118.871229,34.312974],[-118.871224,34.313258],[-118.871355,34.313632],[-118.871387,34.31377],[-118.871387,34.313967],[-118.871326,34.314078],[-118.871163,34.314318],[-118.871131,34.314427],[-118.871095,34.314505],[-118.871054,34.314537],[-118.87102,34.314582],[-118.871013,34.314651],[-118.871023,34.314704],[-118.870964,34.314812],[-118.870952,34.314886],[-118.870926,34.31492],[-118.870757,34.315089],[-118.87067,34.315119],[-118.870278,34.31514],[-118.869012,34.315097],[-118.867701,34.31509],[-118.867223,34.315136],[-118.867046,34.315174]]}},{"type":"Feature","properties":{"k":"path"},"geometry":{"type":"LineString","coordinates":[[-118.87001,34.315132],[-118.86995,34.315165],[-118.869943,34.315242],[-118.869875,34.315356],[-118.869829,34.315405],[-118.869763,34.315428],[-118.869704,34.315459],[-118.869652,34.31551],[-118.869354,34.315879],[-118.869214,34.315936],[-118.869149,34.316005],[-118.869056,34.316184],[-118.868808,34.31659],[-118.868385,34.317393],[-118.868277,34.317702],[-118.868268,34.317817],[-118.868248,34.31788],[-118.868214,34.317935],[-118.868142,34.31812],[-118.868099,34.318124],[-118.868082,34.318117],[-118.868066,34.318109],[-118.868056,34.318079],[-118.86806,34.318017],[-118.868127,34.317707],[-118.868127,34.317591],[-118.868079,34.317362],[-118.867945,34.31718],[-118.867883,34.317132],[-118.867817,34.317064],[-118.867748,34.31694],[-118.867725,34.316841],[-118.867656,34.316413],[-118.867646,34.31639],[-118.86761,34.316356],[-118.867555,34.316322],[-118.867524,34.316313],[-118.867511,34.316337],[-118.867508,34.31655],[-118.86749,34.316643],[-118.867323,34.316969],[-118.867311,34.317017],[-118.867328,34.317059],[-118.867424,34.317152],[-118.867441,34.317197],[-118.867455,34.31753],[-118.867473,34.317569],[-118.867681,34.317785],[-118.86772,34.317839],[-118.867725,34.317896],[-118.86766,34.318036],[-118.867624,34.318097],[-118.867624,34.318273],[-118.867608,34.318426],[-118.867647,34.318555],[-118.867646,34.318699],[-118.86761,34.318855],[-118.867599,34.318997],[-118.867556,34.319217],[-118.867514,34.319495],[-118.867486,34.319556],[-118.867467,34.319631],[-118.867467,34.319795],[-118.867449,34.319893],[-118.867412,34.319969],[-118.867355,34.320042],[-118.867197,34.320188],[-118.867146,34.320259],[-118.867072,34.320391],[-118.867027,34.32049],[-118.866974,34.320618],[-118.866901,34.320888],[-118.866808,34.321108],[-118.866785,34.321223],[-118.866759,34.321464],[-118.86674,34.32154],[-118.866762,34.321582],[-118.866815,34.321602],[-118.866922,34.321606],[-118.866998,34.321598],[-118.867087,34.32157],[-118.867233,34.321357],[-118.867275,34.321332],[-118.867326,34.321324],[-118.867561,34.321328],[-118.868152,34.321397],[-118.868268,34.321419],[-118.86835,34.32145],[-118.868831,34.321715],[-118.869111,34.321838],[-118.869253,34.321938]]}},{"type":"Feature","properties":{"k":"path"},"geometry":{"type":"LineString","coordinates":[[-118.869559,34.315118],[-118.86938,34.315194],[-118.869356,34.315262],[-118.869314,34.315479],[-118.869253,34.315568],[-118.869167,34.315619],[-118.869103,34.31563],[-118.869024,34.315592],[-118.868981,34.315509],[-118.868953,34.315366],[-118.868929,34.315299],[-118.868879,34.315242],[-118.868736,34.31514],[-118.86846,34.31492],[-118.868417,34.314854],[-118.868336,34.314763],[-118.868138,34.314484],[-118.867921,34.314072],[-118.86784,34.313854],[-118.867784,34.313573],[-118.867746,34.313248],[-118.867741,34.313041],[-118.867757,34.312908],[-118.867795,34.312765],[-118.867796,34.312524],[-118.867824,34.312217],[-118.867721,34.311865],[-118.867611,34.311628]]}},{"type":"Feature","properties":{"k":"bunker"},"geometry":{"type":"Polygon","coordinates":[[[-118.864638,34.309282],[-118.864648,34.309323],[-118.864615,34.309262],[-118.864548,34.309218],[-118.864526,34.30922],[-118.86457,34.309156],[-118.864566,34.309087],[-118.864522,34.309063],[-118.864513,34.309042],[-118.864487,34.309037],[-118.864502,34.309019],[-118.864484,34.308989],[-118.864473,34.308938],[-118.864416,34.308865],[-118.864398,34.308855],[-118.864397,34.308828],[-118.864372,34.308779],[-118.86434,34.308749],[-118.864363,34.308722],[-118.864347,34.308708],[-118.864339,34.308686],[-118.864325,34.308678],[-118.864305,34.308626],[-118.864268,34.308585],[-118.864243,34.308568],[-118.86423,34.308573],[-118.86422,34.308568],[-118.864222,34.30855],[-118.864248,34.308552],[-118.864253,34.308544],[-118.864274,34.308481],[-118.864306,34.30836],[-118.864304,34.308334],[-118.864318,34.308324],[-118.864302,34.308305],[-118.864325,34.308287],[-118.864319,34.30828],[-118.864332,34.30826],[-118.86435,34.308249],[-118.864354,34.308187],[-118.86433,34.30811],[-118.864356,34.308108],[-118.864379,34.30815],[-118.864406,34.308136],[-118.864422,34.308144],[-118.864421,34.308172],[-118.864374,34.308275],[-118.864339,34.308307],[-118.864332,34.30836],[-118.864339,34.308371],[-118.864326,34.30838],[-118.864317,34.30841],[-118.864322,34.30843],[-118.864304,34.308473],[-118.864307,34.308505],[-118.864284,34.308547],[-118.864287,34.308564],[-118.86431,34.308597],[-118.864356,34.308627],[-118.864349,34.308654],[-118.86436,34.308684],[-118.864379,34.308691],[-118.864389,34.308704],[-118.864406,34.308789],[-118.864427,34.308832],[-118.864477,34.308874],[-118.864479,34.308898],[-118.864508,34.30892],[-118.864531,34.309023],[-118.8646,34.309085],[-118.864586,34.309158],[-118.864612,34.309196],[-118.864584,34.3092],[-118.864579,34.309178],[-118.864569,34.309177],[-118.864563,34.309211],[-118.864589,34.309236],[-118.864598,34.309234],[-118.864584,34.309201],[-118.864613,34.309198],[-118.864606,34.30922],[-118.864638,34.309282]]]}},{"type":"Feature","properties":{"k":"tee"},"geometry":{"type":"Polygon","coordinates":[[[-118.860596,34.30488],[-118.860566,34.304902],[-118.86057,34.30495],[-118.860608,34.304986],[-118.86067,34.304989],[-118.860688,34.304972],[-118.860695,34.304948],[-118.860665,34.304884],[-118.860621,34.30487],[-118.860596,34.30488]]]}},{"type":"Feature","properties":{"k":"tee"},"geometry":{"type":"Polygon","coordinates":[[[-118.860482,34.304831],[-118.860519,34.304853],[-118.86054,34.304856],[-118.860578,34.304843],[-118.860604,34.304821],[-118.860612,34.304785],[-118.860596,34.304748],[-118.860552,34.304703],[-118.860522,34.304702],[-118.860484,34.304716],[-118.860463,34.304736],[-118.86045,34.304759],[-118.860453,34.304796],[-118.860482,34.304831]]]}},{"type":"Feature","properties":{"k":"tee"},"geometry":{"type":"Polygon","coordinates":[[[-118.860369,34.304565],[-118.860392,34.304564],[-118.860426,34.304549],[-118.860445,34.304526],[-118.860459,34.304488],[-118.860441,34.304449],[-118.8604,34.304428],[-118.860362,34.304443],[-118.860338,34.304477],[-118.860335,34.304522],[-118.860349,34.304551],[-118.860369,34.304565]]]}},{"type":"Feature","properties":{"k":"bunker"},"geometry":{"type":"Polygon","coordinates":[[[-118.859634,34.303296],[-118.859643,34.30331],[-118.859634,34.303328],[-118.859642,34.303361],[-118.859655,34.303361],[-118.859708,34.303328],[-118.859714,34.303316],[-118.859714,34.303264],[-118.859683,34.303243],[-118.859653,34.303205],[-118.859635,34.303201],[-118.859612,34.303224],[-118.859646,34.30327],[-118.859632,34.30328],[-118.859634,34.303296]]]}},{"type":"Feature","properties":{"k":"bunker"},"geometry":{"type":"Polygon","coordinates":[[[-118.859124,34.302609],[-118.859148,34.302833],[-118.859162,34.302882],[-118.859218,34.302951],[-118.859215,34.303052],[-118.859233,34.303203],[-118.859243,34.303217],[-118.85928,34.303214],[-118.859285,34.303192],[-118.859274,34.303159],[-118.859279,34.303111],[-118.859363,34.303048],[-118.859397,34.303061],[-118.859403,34.30305],[-118.859329,34.302985],[-118.859299,34.302935],[-118.859253,34.302894],[-118.859226,34.302903],[-118.859215,34.302887],[-118.85922,34.302873],[-118.859195,34.302861],[-118.859183,34.302845],[-118.859201,34.302823],[-118.859199,34.302805],[-118.859173,34.302788],[-118.859171,34.302761],[-118.859217,34.302751],[-118.859247,34.302732],[-118.85925,34.302714],[-118.859223,34.302731],[-118.859221,34.302717],[-118.859234,34.302694],[-118.859231,34.302675],[-118.859195,34.302606],[-118.859165,34.302585],[-118.859139,34.30259],[-118.859124,34.302609]]]}},{"type":"Feature","properties":{"k":"bunker"},"geometry":{"type":"Polygon","coordinates":[[[-118.862589,34.305465],[-118.862596,34.305499],[-118.862587,34.305535],[-118.862614,34.305577],[-118.862655,34.305588],[-118.862676,34.305585],[-118.862689,34.30556],[-118.862696,34.305493],[-118.862661,34.305475],[-118.86266,34.305451],[-118.862685,34.305408],[-118.862674,34.305398],[-118.862653,34.305402],[-118.862623,34.305422],[-118.862589,34.305465]]]}},{"type":"Feature","properties":{"k":"tee"},"geometry":{"type":"Polygon","coordinates":[[[-118.863134,34.305209],[-118.863121,34.305333],[-118.863148,34.305359],[-118.863171,34.305363],[-118.863211,34.305341],[-118.863237,34.305215],[-118.863231,34.305193],[-118.863199,34.305169],[-118.863159,34.305172],[-118.863142,34.305187],[-118.863134,34.305209]]]}},{"type":"Feature","properties":{"k":"bunker"},"geometry":{"type":"Polygon","coordinates":[[[-118.867564,34.315872],[-118.867588,34.315864],[-118.867595,34.315832],[-118.867591,34.315815],[-118.867574,34.315797],[-118.867526,34.315779],[-118.867503,34.315763],[-118.867456,34.315708],[-118.867436,34.315725],[-118.867467,34.315796],[-118.867564,34.315872]]]}},{"type":"Feature","properties":{"k":"path"},"geometry":{"type":"LineString","coordinates":[[-118.870479,34.319986],[-118.870094,34.319997]]}},{"type":"Feature","properties":{"k":"bunker"},"geometry":{"type":"Polygon","coordinates":[[[-118.870925,34.31967],[-118.870936,34.319712],[-118.87098,34.319699],[-118.870951,34.319634],[-118.871037,34.319589],[-118.871046,34.319569],[-118.871042,34.319555],[-118.870946,34.319588],[-118.87091,34.319571],[-118.870897,34.319551],[-118.870856,34.319533],[-118.87078,34.319475],[-118.870701,34.319442],[-118.870661,34.319346],[-118.870607,34.319326],[-118.870582,34.319326],[-118.870542,34.319313],[-118.870484,34.319252],[-118.870425,34.319232],[-118.870413,34.319237],[-118.870412,34.319248],[-118.870442,34.319268],[-118.870493,34.319327],[-118.870548,34.319369],[-118.870574,34.319402],[-118.870616,34.319484],[-118.870655,34.319505],[-118.870709,34.319509],[-118.870738,34.319521],[-118.870801,34.319572],[-118.870853,34.31959],[-118.870868,34.319603],[-118.870869,34.319619],[-118.870925,34.31967]]]}},{"type":"Feature","properties":{"k":"tee"},"geometry":{"type":"Polygon","coordinates":[[[-118.865748,34.308174],[-118.865774,34.308211],[-118.8658,34.308223],[-118.865834,34.30822],[-118.865862,34.308203],[-118.865868,34.308163],[-118.865848,34.308127],[-118.865819,34.308102],[-118.86579,34.308092],[-118.865754,34.308101],[-118.865733,34.308122],[-118.865735,34.308155],[-118.865748,34.308174]]]}},{"type":"Feature","properties":{"k":"bunker"},"geometry":{"type":"Polygon","coordinates":[[[-118.865386,34.308289],[-118.865345,34.308279],[-118.865304,34.308279],[-118.86528,34.308318],[-118.86528,34.308342],[-118.865308,34.308394],[-118.865335,34.308388],[-118.865353,34.308393],[-118.865353,34.308426],[-118.865367,34.308433],[-118.865383,34.30843],[-118.865386,34.308391],[-118.865409,34.308372],[-118.865432,34.308332],[-118.865415,34.308301],[-118.865386,34.308289]]]}},{"type":"Feature","properties":{"k":"bunker"},"geometry":{"type":"Polygon","coordinates":[[[-118.865471,34.308173],[-118.865509,34.308176],[-118.865527,34.308164],[-118.865522,34.308152],[-118.865483,34.308136],[-118.865478,34.308121],[-118.865511,34.308139],[-118.865532,34.30814],[-118.865541,34.308133],[-118.865538,34.308107],[-118.865556,34.308108],[-118.86557,34.308087],[-118.865563,34.308066],[-118.86551,34.308032],[-118.86544,34.30806],[-118.865415,34.308096],[-118.865432,34.308151],[-118.865471,34.308173]]]}},{"type":"Feature","properties":{"k":"path"},"geometry":{"type":"LineString","coordinates":[[-118.870476,34.315529],[-118.870421,34.315582],[-118.87037,34.315614],[-118.870312,34.315636],[-118.870258,34.315677],[-118.870076,34.315769],[-118.869816,34.315939],[-118.869762,34.316004],[-118.869644,34.316096]]}},{"type":"Feature","properties":{"k":"path"},"geometry":{"type":"LineString","coordinates":[[-118.869846,34.315644],[-118.869547,34.316089]]}},{"type":"Feature","properties":{"k":"tee"},"geometry":{"type":"Polygon","coordinates":[[[-118.869347,34.315991],[-118.869358,34.316007],[-118.869385,34.316015],[-118.86942,34.316],[-118.869435,34.315987],[-118.869443,34.315959],[-118.869428,34.315933],[-118.869397,34.315923],[-118.86936,34.315932],[-118.869343,34.315952],[-118.869347,34.315991]]]}},{"type":"Feature","properties":{"k":"path"},"geometry":{"type":"LineString","coordinates":[[-118.869214,34.315936],[-118.869222,34.315799],[-118.869176,34.315699],[-118.869103,34.31563]]}},{"type":"Feature","properties":{"k":"path"},"geometry":{"type":"LineString","coordinates":[[-118.868577,34.315726],[-118.868368,34.315539],[-118.868235,34.315459],[-118.868014,34.315366],[-118.867863,34.315329],[-118.867747,34.315309],[-118.86762,34.315301],[-118.867499,34.315321],[-118.867436,34.315341],[-118.867369,34.315388],[-118.867342,34.315429],[-118.86729,34.315581],[-118.867394,34.315785],[-118.867462,34.315943],[-118.867485,34.316039],[-118.867524,34.316313]]}},{"type":"Feature","properties":{"k":"bunker"},"geometry":{"type":"Polygon","coordinates":[[[-118.866338,34.309939],[-118.866349,34.309968],[-118.866365,34.30998],[-118.8664,34.309976],[-118.8664,34.309923],[-118.866372,34.309874],[-118.866352,34.30988],[-118.866334,34.309898],[-118.866338,34.309939]]]}},{"type":"Feature","properties":{"k":"bunker"},"geometry":{"type":"Polygon","coordinates":[[[-118.867133,34.31068],[-118.867106,34.310692],[-118.867083,34.310685],[-118.867059,34.310648],[-118.867023,34.310624],[-118.867019,34.31059],[-118.867049,34.310583],[-118.86707,34.310588],[-118.867092,34.310609],[-118.867108,34.310652],[-118.867138,34.310667],[-118.867133,34.31068]]]}},{"type":"Feature","properties":{"k":"path"},"geometry":{"type":"LineString","coordinates":[[-118.863502,34.307634],[-118.86347,34.30757],[-118.863156,34.307172]]}},{"type":"Feature","properties":{"k":"path"},"geometry":{"type":"LineString","coordinates":[[-118.863331,34.307628],[-118.863228,34.307534],[-118.863112,34.307393],[-118.863027,34.307304]]}},{"type":"Feature","properties":{"k":"path"},"geometry":{"type":"LineString","coordinates":[[-118.861252,34.30429],[-118.861166,34.304219],[-118.861103,34.304122],[-118.86092,34.303783],[-118.860795,34.303572],[-118.860557,34.303084],[-118.860109,34.30208],[-118.860092,34.30201]]}},{"type":"Feature","properties":{"k":"bunker"},"geometry":{"type":"Polygon","coordinates":[[[-118.866094,34.310547],[-118.866109,34.310577],[-118.866135,34.310581],[-118.866148,34.310574],[-118.866159,34.310528],[-118.866176,34.310515],[-118.866231,34.310522],[-118.866253,34.310514],[-118.866268,34.3105],[-118.866265,34.310481],[-118.866248,34.31046],[-118.866202,34.31044],[-118.866127,34.310423],[-118.866122,34.310394],[-118.86607,34.310382],[-118.866046,34.310455],[-118.86605,34.310479],[-118.866081,34.310514],[-118.866094,34.310547]]]}},{"type":"Feature","properties":{"k":"path"},"geometry":{"type":"LineString","coordinates":[[-118.87415,34.315162],[-118.872654,34.315184],[-118.872519,34.315248],[-118.872394,34.315376],[-118.872332,34.315501],[-118.872278,34.315691],[-118.872182,34.315955],[-118.872099,34.316031],[-118.871962,34.316095],[-118.871845,34.316107],[-118.871687,34.31607],[-118.871398,34.31595],[-118.871276,34.315881],[-118.871228,34.315785],[-118.871121,34.315356],[-118.871037,34.315235],[-118.870757,34.315089]]}},{"type":"Feature","properties":{"k":"tee"},"geometry":{"type":"Polygon","coordinates":[[[-118.871535,34.315823],[-118.871584,34.315922],[-118.871586,34.315957],[-118.871614,34.315992],[-118.871653,34.316001],[-118.871702,34.315988],[-118.871728,34.315953],[-118.871716,34.315919],[-118.871644,34.315853],[-118.871626,34.315807],[-118.871581,34.315776],[-118.871544,34.315784],[-118.871535,34.315823]]]}},{"type":"Feature","properties":{"k":"tee"},"geometry":{"type":"Polygon","coordinates":[[[-118.871913,34.315855],[-118.87194,34.315871],[-118.871963,34.315873],[-118.872016,34.31585],[-118.872045,34.315805],[-118.872038,34.315769],[-118.872011,34.315743],[-118.871966,34.315738],[-118.871914,34.315762],[-118.871895,34.315788],[-118.871895,34.315821],[-118.871913,34.315855]]]}},{"type":"Feature","properties":{"k":"tee"},"geometry":{"type":"Polygon","coordinates":[[[-118.872038,34.3159],[-118.872063,34.315897],[-118.872086,34.315912],[-118.872085,34.315942],[-118.872057,34.31596],[-118.872031,34.315961],[-118.872013,34.315935],[-118.872017,34.315917],[-118.872038,34.3159]]]}},{"type":"Feature","properties":{"k":"tee"},"geometry":{"type":"Polygon","coordinates":[[[-118.872102,34.316189],[-118.872119,34.316192],[-118.872163,34.316177],[-118.872159,34.316131],[-118.872135,34.31611],[-118.872108,34.316116],[-118.872099,34.316129],[-118.872094,34.316168],[-118.872102,34.316189]]]}},{"type":"Feature","properties":{"k":"tee"},"geometry":{"type":"Polygon","coordinates":[[[-118.86712,34.311578],[-118.867191,34.311588],[-118.867256,34.311569],[-118.867349,34.311563],[-118.867373,34.31155],[-118.86737,34.3115],[-118.867324,34.31145],[-118.867237,34.311455],[-118.867203,34.31145],[-118.867166,34.311433],[-118.866951,34.311231],[-118.866902,34.311228],[-118.866837,34.311254],[-118.866824,34.311279],[-118.866824,34.311303],[-118.86685,34.311363],[-118.866879,34.311403],[-118.867015,34.31149],[-118.867099,34.311568],[-118.86712,34.311578]]]}},{"type":"Feature","properties":{"k":"penalty"},"geometry":{"type":"Polygon","coordinates":[[[-118.865202,34.307139],[-118.8666,34.308754],[-118.867557,34.309829],[-118.868212,34.311307],[-118.868858,34.310508],[-118.868493,34.309391],[-118.867036,34.308376],[-118.865503,34.30692],[-118.865202,34.307139]]]}},{"type":"Feature","properties":{"k":"penalty"},"geometry":{"type":"Polygon","coordinates":[[[-118.869638,34.31166],[-118.869617,34.311307],[-118.868847,34.311411],[-118.868577,34.311737],[-118.868764,34.31245],[-118.868785,34.313155],[-118.868701,34.313542],[-118.868472,34.313585],[-118.868597,34.313886],[-118.869617,34.315012],[-118.870273,34.315012],[-118.870429,34.314891],[-118.870387,34.314212],[-118.87047,34.313293],[-118.869992,34.312399],[-118.869742,34.311969],[-118.869638,34.31166]]]}},{"type":"Feature","properties":{"k":"penalty"},"geometry":{"type":"Polygon","coordinates":[[[-118.871074,34.319135],[-118.871222,34.318845],[-118.871256,34.318747],[-118.871251,34.318401],[-118.871399,34.318156],[-118.871404,34.317915],[-118.871469,34.317777],[-118.871464,34.317655],[-118.87139,34.317243],[-118.871306,34.317116],[-118.871167,34.316953],[-118.871172,34.316713],[-118.871128,34.316472],[-118.871153,34.316293],[-118.871237,34.316178],[-118.871325,34.316089],[-118.87136,34.316015],[-118.871227,34.315934],[-118.871113,34.315811],[-118.870541,34.31582],[-118.870136,34.315901],[-118.870146,34.316187],[-118.869874,34.316268],[-118.869765,34.316472],[-118.8694,34.3171],[-118.869257,34.317463],[-118.86902,34.317936],[-118.868867,34.318213],[-118.868734,34.318388],[-118.868704,34.318588],[-118.869079,34.318654],[-118.869474,34.318605],[-118.869711,34.318364],[-118.870116,34.318605],[-118.870333,34.318821],[-118.870659,34.319033],[-118.871074,34.319135]]]}},{"type":"Feature","properties":{"k":"penalty"},"geometry":{"type":"Polygon","coordinates":[[[-118.867937,34.321161],[-118.8683,34.321254],[-118.868715,34.321342],[-118.868911,34.321318],[-118.869006,34.321102],[-118.869012,34.321033],[-118.869084,34.320866],[-118.869096,34.320582],[-118.869185,34.320543],[-118.869203,34.320376],[-118.869173,34.320189],[-118.869381,34.319738],[-118.869405,34.319257],[-118.869654,34.318958],[-118.869666,34.31858],[-118.86944,34.318674],[-118.868977,34.318703],[-118.86868,34.318639],[-118.867955,34.320106],[-118.867581,34.321062],[-118.867937,34.321161]]]}},{"type":"Feature","properties":{"k":"bunker"},"geometry":{"type":"Polygon","coordinates":[[[-118.870529,34.314929],[-118.870544,34.314934],[-118.870554,34.314927],[-118.870561,34.314884],[-118.870536,34.314662],[-118.870518,34.314641],[-118.870487,34.31465],[-118.87051,34.314794],[-118.870505,34.314854],[-118.870514,34.314907],[-118.870529,34.314929]]]}},{"type":"Feature","properties":{"k":"bunker"},"geometry":{"type":"Polygon","coordinates":[[[-118.87053,34.314586],[-118.870542,34.314581],[-118.870547,34.314525],[-118.870525,34.314521],[-118.870508,34.314538],[-118.870504,34.314572],[-118.87053,34.314586]]]}},{"type":"Feature","properties":{"k":"bunker"},"geometry":{"type":"Polygon","coordinates":[[[-118.870521,34.3145],[-118.87054,34.314506],[-118.87055,34.314495],[-118.870534,34.314441],[-118.870518,34.31444],[-118.870502,34.314457],[-118.8705,34.314486],[-118.870521,34.3145]]]}},{"type":"Feature","properties":{"k":"bunker"},"geometry":{"type":"Polygon","coordinates":[[[-118.86832,34.312167],[-118.868339,34.312132],[-118.86837,34.312154],[-118.86836,34.3122],[-118.868336,34.312246],[-118.868331,34.312281],[-118.86836,34.312323],[-118.868418,34.312342],[-118.8685,34.31234],[-118.868588,34.312246],[-118.868617,34.312176],[-118.86862,34.312137],[-118.868599,34.312071],[-118.868591,34.31192],[-118.868569,34.311865],[-118.868493,34.311749],[-118.868445,34.311746],[-118.868408,34.311766],[-118.868349,34.311768],[-118.868294,34.311755],[-118.868267,34.311779],[-118.868306,34.311802],[-118.868372,34.31182],[-118.868401,34.311847],[-118.868388,34.311911],[-118.868332,34.312032],[-118.868301,34.312167],[-118.86832,34.312167]]]}},{"type":"Feature","properties":{"k":"bunker"},"geometry":{"type":"Polygon","coordinates":[[[-118.86435,34.307927],[-118.864372,34.307941],[-118.864426,34.307945],[-118.864449,34.307924],[-118.864435,34.307882],[-118.864382,34.30786],[-118.864355,34.307861],[-118.864338,34.307879],[-118.864333,34.307907],[-118.86435,34.307927]]]}},{"type":"Feature","properties":{"k":"path"},"geometry":{"type":"LineString","coordinates":[[-118.86489,34.307956],[-118.865003,34.307875],[-118.865048,34.307796],[-118.865106,34.307735],[-118.865176,34.307701],[-118.865269,34.307718],[-118.865341,34.307766],[-118.865626,34.307992]]}},{"type":"Feature","properties":{"k":"path"},"geometry":{"type":"LineString","coordinates":[[-118.863542,34.306718],[-118.863375,34.306477],[-118.863241,34.306344],[-118.862911,34.306252],[-118.862758,34.30617]]}},{"type":"Feature","properties":{"k":"path"},"geometry":{"type":"LineString","coordinates":[[-118.863384,34.304898],[-118.863704,34.305125],[-118.863753,34.30519],[-118.863856,34.305279],[-118.863807,34.305369],[-118.863831,34.305482]]}},{"type":"Feature","properties":{"k":"water"},"geometry":{"type":"Polygon","coordinates":[[[-118.871159,34.314419],[-118.871192,34.314493],[-118.87147,34.314455],[-118.871707,34.314496],[-118.871994,34.314565],[-118.872259,34.314441],[-118.872202,34.313861],[-118.872095,34.31348],[-118.871894,34.312999],[-118.87158,34.312623],[-118.871331,34.312738],[-118.871341,34.313043],[-118.871302,34.313163],[-118.871506,34.313845],[-118.871336,34.314141],[-118.871159,34.314419]]]}},{"type":"Feature","properties":{"k":"path"},"geometry":{"type":"LineString","coordinates":[[-118.870257,34.319334],[-118.869958,34.318983]]}},{"type":"Feature","properties":{"k":"path"},"geometry":{"type":"LineString","coordinates":[[-118.870221,34.319392],[-118.869969,34.319153]]}},{"type":"Feature","properties":{"k":"green"},"geometry":{"type":"Polygon","coordinates":[[[-118.864206,34.308313],[-118.864237,34.3083],[-118.864277,34.308203],[-118.86428,34.308163],[-118.864262,34.308107],[-118.864231,34.308071],[-118.864176,34.308048],[-118.864116,34.308037],[-118.864053,34.308057],[-118.864014,34.308086],[-118.863998,34.30811],[-118.86399,34.308152],[-118.864002,34.308178],[-118.864059,34.30825],[-118.864108,34.308287],[-118.864154,34.308315],[-118.864206,34.308313]]]}},{"type":"Feature","properties":{"k":"bunker"},"geometry":{"type":"Polygon","coordinates":[[[-118.861455,34.304759],[-118.861425,34.304804],[-118.861394,34.304804],[-118.861386,34.304797],[-118.861395,34.304756],[-118.861412,34.304734],[-118.861434,34.304729],[-118.861446,34.304735],[-118.861455,34.304759]]]}},{"type":"Feature","properties":{"k":"bunker"},"geometry":{"type":"Polygon","coordinates":[[[-118.862103,34.305754],[-118.862084,34.305759],[-118.862076,34.30574],[-118.862094,34.305742],[-118.862103,34.305754]]]}},{"type":"Feature","properties":{"k":"bunker"},"geometry":{"type":"Polygon","coordinates":[[[-118.862233,34.305594],[-118.862211,34.305581],[-118.862176,34.305577],[-118.862147,34.305601],[-118.862148,34.305622],[-118.862157,34.305633],[-118.862203,34.305635],[-118.862231,34.305616],[-118.862233,34.305594]]]}},{"type":"Feature","properties":{"k":"bunker"},"geometry":{"type":"Polygon","coordinates":[[[-118.859698,34.302846],[-118.859693,34.30283],[-118.85968,34.302824],[-118.859656,34.302833],[-118.859658,34.302848],[-118.859647,34.302869],[-118.859652,34.30288],[-118.859672,34.302884],[-118.859698,34.302846]]]}},{"type":"Feature","properties":{"k":"bunker"},"geometry":{"type":"Polygon","coordinates":[[[-118.859827,34.302842],[-118.859808,34.302853],[-118.859781,34.302886],[-118.859744,34.302889],[-118.859734,34.302879],[-118.859726,34.302836],[-118.859741,34.302808],[-118.859779,34.302795],[-118.859811,34.302774],[-118.859833,34.302787],[-118.859843,34.302808],[-118.859827,34.302842]]]}},{"type":"Feature","properties":{"k":"bunker"},"geometry":{"type":"Polygon","coordinates":[[[-118.860043,34.30185],[-118.860047,34.301879],[-118.860013,34.301898],[-118.859999,34.301897],[-118.859985,34.301885],[-118.859965,34.301857],[-118.859951,34.301785],[-118.859936,34.301756],[-118.859955,34.301722],[-118.859978,34.301725],[-118.859986,34.301734],[-118.859979,34.301749],[-118.859985,34.301757],[-118.860005,34.30176],[-118.860014,34.301771],[-118.860009,34.301787],[-118.860052,34.301816],[-118.860052,34.301845],[-118.860043,34.30185]]]}},{"type":"Feature","properties":{"k":"bunker"},"geometry":{"type":"Polygon","coordinates":[[[-118.859982,34.3016],[-118.859971,34.301608],[-118.859958,34.301607],[-118.859949,34.301577],[-118.859977,34.301573],[-118.859982,34.3016]]]}},{"type":"Feature","properties":{"k":"bunker"},"geometry":{"type":"Polygon","coordinates":[[[-118.860206,34.30107],[-118.860127,34.301154],[-118.860103,34.301216],[-118.860067,34.301252],[-118.860041,34.301262],[-118.860033,34.301254],[-118.859993,34.301249],[-118.859957,34.30122],[-118.859932,34.301182],[-118.859963,34.301148],[-118.859976,34.301141],[-118.860028,34.301146],[-118.860055,34.301141],[-118.860065,34.3011],[-118.860092,34.301096],[-118.860169,34.301057],[-118.86019,34.301051],[-118.860206,34.30107]]]}},{"type":"Feature","properties":{"k":"bunker"},"geometry":{"type":"Polygon","coordinates":[[[-118.861956,34.305089],[-118.861952,34.3051],[-118.861931,34.305109],[-118.861914,34.305109],[-118.861907,34.305098],[-118.861919,34.305075],[-118.861956,34.305089]]]}},{"type":"Feature","properties":{"k":"bunker"},"geometry":{"type":"Polygon","coordinates":[[[-118.863233,34.304472],[-118.863215,34.304487],[-118.863201,34.304489],[-118.863169,34.30447],[-118.863169,34.304463],[-118.863188,34.304457],[-118.863233,34.304472]]]}},{"type":"Feature","properties":{"k":"bunker"},"geometry":{"type":"Polygon","coordinates":[[[-118.863176,34.304355],[-118.863174,34.304387],[-118.86314,34.304401],[-118.863138,34.304376],[-118.863149,34.304354],[-118.863169,34.304347],[-118.863176,34.304355]]]}},{"type":"Feature","properties":{"k":"bunker"},"geometry":{"type":"Polygon","coordinates":[[[-118.864175,34.306936],[-118.864188,34.306944],[-118.864185,34.306996],[-118.864166,34.307009],[-118.864136,34.307007],[-118.864109,34.306975],[-118.864109,34.306955],[-118.864126,34.306939],[-118.864164,34.306942],[-118.864175,34.306936]]]}},{"type":"Feature","properties":{"k":"bunker"},"geometry":{"type":"Polygon","coordinates":[[[-118.864353,34.307108],[-118.864354,34.307124],[-118.864337,34.307126],[-118.864316,34.307125],[-118.864302,34.307108],[-118.864321,34.307094],[-118.864335,34.307094],[-118.864353,34.307108]]]}},{"type":"Feature","properties":{"k":"path"},"geometry":{"type":"LineString","coordinates":[[-118.86898,34.322163],[-118.869065,34.322103],[-118.869253,34.321938],[-118.869482,34.321756],[-118.869629,34.321628],[-118.869779,34.321471],[-118.869983,34.3212],[-118.870013,34.321145],[-118.870093,34.320912],[-118.870136,34.320813],[-118.870163,34.320726],[-118.870174,34.320616],[-118.870152,34.320514],[-118.870109,34.320082],[-118.870085,34.319947],[-118.870013,34.319681],[-118.869964,34.319329],[-118.869964,34.319278],[-118.870005,34.319258],[-118.870066,34.3193],[-118.870241,34.319625],[-118.870316,34.319741],[-118.870418,34.319845],[-118.87049,34.320009],[-118.870589,34.320048],[-118.870654,34.320062],[-118.870707,34.320055],[-118.870764,34.320033],[-118.870844,34.319927],[-118.870898,34.319873],[-118.870954,34.319829],[-118.87101,34.319798],[-118.871088,34.319639],[-118.871233,34.319557],[-118.871297,34.319479],[-118.871284,34.319371],[-118.871249,34.319335],[-118.871174,34.319289],[-118.871123,34.319229],[-118.871137,34.319165],[-118.871225,34.318954],[-118.871308,34.318812],[-118.871327,34.318518],[-118.871362,34.318323],[-118.871381,34.318285],[-118.871415,34.318245],[-118.871448,34.318143],[-118.871461,34.318064],[-118.871453,34.317975],[-118.871507,34.31784],[-118.871528,34.317647],[-118.871517,34.317534],[-118.871493,34.317415],[-118.871434,34.317224],[-118.871397,34.317153],[-118.871281,34.317007],[-118.871233,34.316925],[-118.87122,34.316856],[-118.87122,34.316763],[-118.871233,34.316637],[-118.871196,34.316564],[-118.871185,34.316473],[-118.871196,34.316393],[-118.871222,34.316305],[-118.871263,34.316245],[-118.871373,34.316123],[-118.871464,34.316046],[-118.871509,34.315986],[-118.87152,34.315913],[-118.871491,34.315828],[-118.871442,34.31576],[-118.871405,34.315722],[-118.871375,34.315556],[-118.871324,34.315478],[-118.871273,34.315421],[-118.871222,34.315268],[-118.871067,34.31508],[-118.870757,34.315089]]}},{"type":"Feature","properties":{"k":"bunker"},"geometry":{"type":"Polygon","coordinates":[[[-118.860423,34.301508],[-118.860474,34.301448],[-118.860472,34.301412],[-118.860535,34.301385],[-118.86056,34.301399],[-118.860593,34.301392],[-118.860588,34.301362],[-118.860558,34.301315],[-118.860528,34.301322],[-118.860514,34.301337],[-118.860526,34.301369],[-118.860519,34.301383],[-118.860464,34.30141],[-118.860434,34.301323],[-118.860486,34.301299],[-118.860507,34.301306],[-118.860521,34.301297],[-118.860503,34.301279],[-118.860515,34.301257],[-118.86056,34.301249],[-118.860563,34.301232],[-118.860527,34.301234],[-118.860529,34.30122],[-118.860554,34.301206],[-118.860549,34.301137],[-118.86054,34.301107],[-118.86052,34.301092],[-118.86048,34.301082],[-118.860452,34.301092],[-118.860432,34.301079],[-118.860439,34.301066],[-118.860423,34.301054],[-118.860395,34.301056],[-118.860389,34.301071],[-118.860398,34.30109],[-118.860414,34.3011],[-118.860433,34.301088],[-118.860452,34.3011],[-118.860448,34.301133],[-118.860398,34.301145],[-118.86039,34.301159],[-118.860413,34.301211],[-118.860443,34.301225],[-118.860486,34.301234],[-118.860524,34.301223],[-118.860521,34.301235],[-118.860503,34.301247],[-118.860511,34.301259],[-118.860501,34.301278],[-118.860481,34.301275],[-118.86047,34.301283],[-118.860484,34.301297],[-118.860432,34.301318],[-118.860372,34.301209],[-118.860346,34.301127],[-118.860323,34.301089],[-118.860294,34.301062],[-118.860289,34.301037],[-118.860314,34.301003],[-118.860365,34.300984],[-118.860407,34.300987],[-118.860446,34.301023],[-118.860489,34.301025],[-118.860519,34.301014],[-118.860521,34.301035],[-118.860509,34.30104],[-118.860508,34.301051],[-118.860511,34.301059],[-118.860526,34.301062],[-118.860542,34.30105],[-118.860591,34.301056],[-118.860596,34.301042],[-118.86058,34.301029],[-118.860558,34.301045],[-118.860541,34.301046],[-118.860528,34.301037],[-118.860522,34.301012],[-118.86056,34.301003],[-118.860587,34.301008],[-118.860603,34.301021],[-118.860622,34.301068],[-118.860671,34.301138],[-118.860643,34.301147],[-118.860601,34.301135],[-118.860588,34.301173],[-118.860595,34.301197],[-118.860615,34.301213],[-118.860637,34.301217],[-118.860656,34.301206],[-118.860649,34.301151],[-118.860674,34.301145],[-118.860693,34.301206],[-118.860684,34.301252],[-118.86064,34.301335],[-118.860642,34.301361],[-118.860689,34.301406],[-118.860692,34.301445],[-118.860655,34.30147],[-118.860542,34.30148],[-118.86044,34.301515],[-118.860423,34.301508]]]}},{"type":"Feature","properties":{"k":"rough"},"geometry":{"type":"Polygon","coordinates":[[[-118.859615,34.302238],[-118.859749,34.302149],[-118.859988,34.302034],[-118.860023,34.302],[-118.860018,34.301961],[-118.859981,34.301911],[-118.85995,34.30174],[-118.859915,34.301655],[-118.859927,34.30154],[-118.859951,34.301531],[-118.859978,34.301543],[-118.860015,34.301575],[-118.860022,34.301611],[-118.860017,34.301667],[-118.860047,34.30173],[-118.860102,34.301792],[-118.860149,34.301832],[-118.860185,34.301838],[-118.860273,34.301835],[-118.860371,34.301806],[-118.860423,34.301757],[-118.860426,34.301717],[-118.860371,34.301615],[-118.860356,34.301557],[-118.860366,34.301516],[-118.860426,34.301485],[-118.860445,34.301463],[-118.860458,34.301417],[-118.860385,34.30124],[-118.860347,34.301184],[-118.860341,34.301144],[-118.860324,34.301106],[-118.860296,34.301082],[-118.860253,34.301068],[-118.860127,34.301102],[-118.859984,34.301198],[-118.859951,34.301228],[-118.859826,34.301214],[-118.859771,34.301236],[-118.85975,34.301265],[-118.859746,34.301299],[-118.859756,34.301319],[-118.859822,34.301375],[-118.859822,34.301424],[-118.859799,34.301436],[-118.859773,34.301428],[-118.859755,34.301403],[-118.859735,34.301397],[-118.859701,34.301417],[-118.859656,34.301566],[-118.859634,34.301734],[-118.859648,34.301924],[-118.859589,34.302012],[-118.859548,34.30204],[-118.859395,34.302039],[-118.859342,34.302026],[-118.859257,34.302069],[-118.859202,34.302165],[-118.859176,34.30231],[-118.859216,34.302465],[-118.85924,34.302528],[-118.859212,34.302575],[-118.85925,34.302667],[-118.85926,34.302731],[-118.859223,34.30277],[-118.859213,34.302806],[-118.859227,34.302859],[-118.859291,34.30297],[-118.859312,34.30307],[-118.859271,34.303103],[-118.859244,34.30327],[-118.85929,34.303418],[-118.859315,34.30376],[-118.859376,34.303948],[-118.859491,34.304102],[-118.859689,34.304178],[-118.86009,34.304253],[-118.860189,34.304263],[-118.860389,34.304144],[-118.860508,34.304056],[-118.860529,34.303785],[-118.860511,34.303558],[-118.860436,34.303248],[-118.860383,34.303143],[-118.86031,34.302932],[-118.860235,34.30278],[-118.860165,34.302677],[-118.860018,34.302568],[-118.859827,34.302504],[-118.859625,34.302487],[-118.859544,34.302452],[-118.859503,34.302406],[-118.859615,34.302238]]]}},{"type":"Feature","properties":{"k":"green"},"geometry":{"type":"Polygon","coordinates":[[[-118.860332,34.301455],[-118.860285,34.301475],[-118.860231,34.301486],[-118.860194,34.301483],[-118.860156,34.301466],[-118.860133,34.301441],[-118.860117,34.301395],[-118.860126,34.301282],[-118.860165,34.30117],[-118.860198,34.301146],[-118.86024,34.301141],[-118.860291,34.301161],[-118.86037,34.301283],[-118.860391,34.301337],[-118.86039,34.301386],[-118.860377,34.301414],[-118.860332,34.301455]]]}},{"type":"Feature","properties":{"k":"green"},"geometry":{"type":"Polygon","coordinates":[[[-118.859418,34.302909],[-118.859484,34.302864],[-118.859499,34.302799],[-118.859485,34.302713],[-118.859457,34.302662],[-118.859413,34.302624],[-118.859332,34.302604],[-118.859259,34.302644],[-118.859269,34.30265],[-118.859269,34.302728],[-118.859255,34.302813],[-118.859263,34.302849],[-118.859293,34.30289],[-118.85933,34.30291],[-118.859354,34.302918],[-118.859418,34.302909]]]}},{"type":"Feature","properties":{"k":"rough"},"geometry":{"type":"Polygon","coordinates":[[[-118.860688,34.305028],[-118.860748,34.305016],[-118.860765,34.304981],[-118.860732,34.304928],[-118.860718,34.304808],[-118.860565,34.304578],[-118.860533,34.304459],[-118.860511,34.304421],[-118.860411,34.304339],[-118.860335,34.304333],[-118.860285,34.304379],[-118.860276,34.304444],[-118.860331,34.30463],[-118.860393,34.304678],[-118.860414,34.304714],[-118.860401,34.304767],[-118.86042,34.304845],[-118.860566,34.305008],[-118.860647,34.305039],[-118.860688,34.305028]]]}},{"type":"Feature","properties":{"k":"green"},"geometry":{"type":"Polygon","coordinates":[[[-118.862458,34.305574],[-118.862483,34.305557],[-118.862498,34.305523],[-118.862499,34.3055],[-118.862488,34.30548],[-118.862444,34.305439],[-118.862368,34.305379],[-118.862278,34.30535],[-118.862214,34.305369],[-118.862192,34.305386],[-118.86217,34.305421],[-118.862182,34.305469],[-118.862311,34.305569],[-118.862384,34.305593],[-118.86243,34.305586],[-118.862458,34.305574]]]}},{"type":"Feature","properties":{"k":"green"},"geometry":{"type":"Polygon","coordinates":[[[-118.861249,34.304862],[-118.861282,34.304784],[-118.86128,34.304692],[-118.861264,34.304664],[-118.861247,34.304649],[-118.861198,34.304637],[-118.861164,34.304639],[-118.861109,34.304647],[-118.861051,34.304677],[-118.861027,34.304704],[-118.861028,34.304754],[-118.861054,34.30485],[-118.861079,34.304883],[-118.861104,34.304901],[-118.861174,34.304902],[-118.861249,34.304862]]]}},{"type":"Feature","properties":{"k":"rough"},"geometry":{"type":"Polygon","coordinates":[[[-118.863729,34.307516],[-118.863704,34.30744],[-118.863683,34.307336],[-118.863658,34.307197],[-118.863656,34.30712],[-118.863634,34.307031],[-118.863525,34.306961],[-118.86351,34.306916],[-118.863529,34.306867],[-118.86355,34.306849],[-118.863599,34.306864],[-118.863648,34.306888],[-118.863799,34.306919],[-118.863826,34.306938],[-118.863839,34.306992],[-118.863818,34.307075],[-118.863831,34.307201],[-118.863876,34.307396],[-118.8639,34.307468],[-118.863889,34.307523],[-118.863846,34.307548],[-118.863797,34.307554],[-118.863748,34.30754],[-118.863729,34.307516]]]}},{"type":"Feature","properties":{"k":"rough"},"geometry":{"type":"Polygon","coordinates":[[[-118.863863,34.307814],[-118.8639,34.307796],[-118.863906,34.307766],[-118.8639,34.307708],[-118.86387,34.307665],[-118.863806,34.307655],[-118.863563,34.307666],[-118.86349,34.307655],[-118.863412,34.307632],[-118.863354,34.307628],[-118.863309,34.307668],[-118.863307,34.307715],[-118.863346,34.307776],[-118.863391,34.307822],[-118.863453,34.307848],[-118.863655,34.307851],[-118.863738,34.307842],[-118.863863,34.307814]]]}},{"type":"Feature","properties":{"k":"rough"},"geometry":{"type":"Polygon","coordinates":[[[-118.866811,34.311428],[-118.866734,34.311408],[-118.866646,34.311399],[-118.866538,34.311412],[-118.866454,34.311342],[-118.866159,34.311269],[-118.866049,34.311218],[-118.865967,34.311189],[-118.865837,34.311112],[-118.865734,34.311038],[-118.865672,34.310983],[-118.865522,34.310796],[-118.865225,34.310525],[-118.865093,34.310346],[-118.864665,34.309659],[-118.864599,34.309599],[-118.864518,34.309553],[-118.864463,34.309507],[-118.864441,34.309451],[-118.864361,34.309327],[-118.864348,34.30928],[-118.864351,34.30923],[-118.864327,34.309192],[-118.864238,34.309115],[-118.864239,34.309038],[-118.864208,34.308979],[-118.864046,34.308754],[-118.863762,34.308331],[-118.86361,34.308136],[-118.863579,34.30808],[-118.863552,34.307986],[-118.863604,34.307962],[-118.863721,34.307949],[-118.863962,34.30794],[-118.864135,34.307945],[-118.864244,34.307959],[-118.864297,34.307988],[-118.864332,34.308181],[-118.864234,34.308524],[-118.864233,34.308584],[-118.864304,34.308691],[-118.864381,34.308846],[-118.864468,34.308962],[-118.864476,34.309045],[-118.864509,34.309064],[-118.864547,34.309114],[-118.864544,34.309153],[-118.864524,34.309193],[-118.864521,34.309223],[-118.864622,34.309306],[-118.864637,34.30935],[-118.864661,34.309344],[-118.86466,34.309317],[-118.864654,34.309282],[-118.864626,34.309237],[-118.864632,34.309195],[-118.864607,34.309161],[-118.8646,34.309075],[-118.864548,34.309015],[-118.864514,34.308918],[-118.864426,34.308783],[-118.86438,34.308659],[-118.864311,34.308571],[-118.864333,34.308487],[-118.864341,34.308377],[-118.864364,34.308334],[-118.864416,34.308299],[-118.864467,34.308193],[-118.864572,34.308147],[-118.864676,34.308195],[-118.864761,34.30827],[-118.864838,34.308323],[-118.864932,34.308496],[-118.865072,34.308719],[-118.865104,34.308791],[-118.865219,34.308936],[-118.865253,34.309006],[-118.86529,34.309115],[-118.865317,34.309168],[-118.865367,34.30923],[-118.865468,34.309483],[-118.865526,34.309598],[-118.865582,34.309666],[-118.865753,34.309922],[-118.865836,34.310061],[-118.865974,34.310227],[-118.866133,34.310464],[-118.866379,34.310536],[-118.86646,34.310623],[-118.866528,34.310666],[-118.866632,34.31069],[-118.866698,34.310715],[-118.866747,34.310711],[-118.866753,34.310665],[-118.866732,34.310612],[-118.86672,34.310524],[-118.866674,34.310432],[-118.86658,34.310327],[-118.86639,34.310083],[-118.866286,34.309982],[-118.866263,34.309931],[-118.866192,34.309545],[-118.866155,34.309467],[-118.865899,34.309094],[-118.865735,34.308799],[-118.865714,34.308699],[-118.865721,34.308585],[-118.865795,34.308488],[-118.865887,34.308437],[-118.866001,34.308426],[-118.866112,34.308464],[-118.866259,34.308576],[-118.866477,34.308889],[-118.866757,34.309198],[-118.866839,34.309312],[-118.866899,34.309522],[-118.866967,34.309601],[-118.866998,34.309677],[-118.866992,34.309729],[-118.867008,34.309807],[-118.867201,34.309979],[-118.867245,34.310147],[-118.867304,34.31021],[-118.867292,34.310266],[-118.867482,34.310428],[-118.867552,34.310528],[-118.867592,34.310648],[-118.86784,34.310839],[-118.867952,34.310984],[-118.868015,34.311054],[-118.868028,34.311162],[-118.868101,34.311334],[-118.868084,34.311402],[-118.867885,34.311482],[-118.867828,34.311489],[-118.867722,34.311484],[-118.867456,34.311542],[-118.867309,34.311636],[-118.867203,34.311639],[-118.867086,34.311624],[-118.867018,34.311598],[-118.866973,34.31155],[-118.866941,34.311498],[-118.866867,34.311446],[-118.866811,34.311428]]]}},{"type":"Feature","properties":{"k":"bunker"},"geometry":{"type":"Polygon","coordinates":[[[-118.866355,34.312607],[-118.866321,34.312463],[-118.866302,34.31246],[-118.866279,34.312467],[-118.866269,34.312482],[-118.866304,34.312519],[-118.866289,34.312558],[-118.866324,34.312576],[-118.866325,34.312591],[-118.866312,34.312607],[-118.866318,34.31262],[-118.866355,34.312607]]]}},{"type":"Feature","properties":{"k":"fairway"},"geometry":{"type":"Polygon","coordinates":[[[-118.866524,34.312637],[-118.866511,34.312596],[-118.866511,34.312511],[-118.866493,34.312472],[-118.866465,34.312462],[-118.866417,34.312465],[-118.866392,34.312478],[-118.866386,34.312532],[-118.866385,34.312472],[-118.866406,34.312448],[-118.866471,34.312438],[-118.866503,34.312462],[-118.866517,34.312488],[-118.866524,34.312637]]]}},{"type":"Feature","properties":{"k":"fairway"},"geometry":{"type":"Polygon","coordinates":[[[-118.866428,34.312749],[-118.866457,34.312913],[-118.866483,34.312942],[-118.866514,34.312955],[-118.866542,34.312944],[-118.866564,34.312902],[-118.866561,34.312751],[-118.866548,34.312798],[-118.866516,34.312815],[-118.86647,34.312816],[-118.866443,34.312793],[-118.866428,34.312749]]]}},{"type":"Feature","properties":{"k":"green"},"geometry":{"type":"Polygon","coordinates":[[[-118.866516,34.312815],[-118.866548,34.312798],[-118.866561,34.312751],[-118.866511,34.312596],[-118.866511,34.312511],[-118.866493,34.312472],[-118.866465,34.312462],[-118.866417,34.312465],[-118.866392,34.312478],[-118.866386,34.312532],[-118.866428,34.312749],[-118.866443,34.312793],[-118.86647,34.312816],[-118.866516,34.312815]]]}},{"type":"Feature","properties":{"k":"green"},"geometry":{"type":"Polygon","coordinates":[[[-118.868225,34.312074],[-118.868285,34.312026],[-118.868338,34.311964],[-118.868378,34.311869],[-118.868364,34.311843],[-118.868226,34.311808],[-118.868179,34.311784],[-118.868047,34.311687],[-118.867975,34.311653],[-118.867873,34.311624],[-118.867769,34.311628],[-118.867738,34.311653],[-118.867735,34.311706],[-118.867794,34.311796],[-118.868008,34.311929],[-118.868034,34.311969],[-118.86805,34.31203],[-118.868072,34.312067],[-118.868109,34.312095],[-118.868154,34.312104],[-118.868207,34.312087],[-118.868225,34.312074]]]}},{"type":"Feature","properties":{"k":"sand"},"geometry":{"type":"Polygon","coordinates":[[[-118.868063,34.312897],[-118.868071,34.312886],[-118.86806,34.312866],[-118.868003,34.312842],[-118.867988,34.312857],[-118.867991,34.312872],[-118.868009,34.312892],[-118.868041,34.312908],[-118.868063,34.312897]]]}},{"type":"Feature","properties":{"k":"rough"},"geometry":{"type":"Polygon","coordinates":[[[-118.868679,34.314294],[-118.868704,34.31419],[-118.86866,34.314065],[-118.86854,34.313927],[-118.868471,34.313778],[-118.868421,34.313604],[-118.868503,34.313464],[-118.868536,34.313428],[-118.868543,34.313355],[-118.868521,34.313296],[-118.868438,34.313203],[-118.868396,34.313103],[-118.868332,34.312894],[-118.868339,34.312801],[-118.868375,34.31261],[-118.86846,34.312476],[-118.868433,34.312323],[-118.86839,34.312276],[-118.8684,34.312157],[-118.868379,34.312017],[-118.868437,34.311915],[-118.868453,34.311828],[-118.86843,34.311791],[-118.868353,34.311783],[-118.868306,34.311732],[-118.868298,34.311699],[-118.868233,34.311642],[-118.868145,34.311595],[-118.868073,34.31161],[-118.8678,34.311594],[-118.867741,34.311601],[-118.867686,34.31162],[-118.867656,34.311646],[-118.867678,34.311712],[-118.867752,34.311844],[-118.867784,34.31201],[-118.867837,34.31217],[-118.867839,34.312226],[-118.867811,34.312438],[-118.867809,34.312769],[-118.867771,34.312942],[-118.867771,34.313304],[-118.867784,34.313469],[-118.867798,34.313577],[-118.867831,34.313726],[-118.867942,34.31407],[-118.868011,34.314218],[-118.868105,34.314381],[-118.868176,34.314472],[-118.86831,34.314505],[-118.868452,34.314483],[-118.868572,34.314407],[-118.868649,34.314335],[-118.868679,34.314294]]]}},{"type":"Feature","properties":{"k":"rough"},"geometry":{"type":"Polygon","coordinates":[[[-118.868556,34.31487],[-118.868604,34.314815],[-118.868609,34.314749],[-118.868544,34.314611],[-118.868496,34.314572],[-118.868451,34.314577],[-118.868405,34.31461],[-118.868383,34.314673],[-118.868384,34.314741],[-118.868405,34.314798],[-118.868472,34.314886],[-118.868556,34.31487]]]}},{"type":"Feature","properties":{"k":"rough"},"geometry":{"type":"Polygon","coordinates":[[[-118.869178,34.315593],[-118.869203,34.315569],[-118.869198,34.31551],[-118.869177,34.31544],[-118.869185,34.31536],[-118.869212,34.315286],[-118.869194,34.315213],[-118.869165,34.315167],[-118.869135,34.315149],[-118.86906,34.315152],[-118.869008,34.315186],[-118.868999,34.3152],[-118.868978,34.31539],[-118.868992,34.315469],[-118.869021,34.315537],[-118.869056,34.315583],[-118.869092,34.315608],[-118.86912,34.315615],[-118.869164,34.315604],[-118.869178,34.315593]]]}},{"type":"Feature","properties":{"k":"bunker"},"geometry":{"type":"Polygon","coordinates":[[[-118.871078,34.314873],[-118.87107,34.314825],[-118.871059,34.314822],[-118.871054,34.314861],[-118.871064,34.314875],[-118.871078,34.314873]]]}},{"type":"Feature","properties":{"k":"bunker"},"geometry":{"type":"Polygon","coordinates":[[[-118.871509,34.315165],[-118.871562,34.315117],[-118.871557,34.315084],[-118.871497,34.315023],[-118.871478,34.314959],[-118.871472,34.314923],[-118.871502,34.314825],[-118.871495,34.314805],[-118.871505,34.314796],[-118.871507,34.314778],[-118.871559,34.314746],[-118.87158,34.314705],[-118.871633,34.314649],[-118.87165,34.314647],[-118.871661,34.314664],[-118.871644,34.314699],[-118.871602,34.314708],[-118.871592,34.314726],[-118.871631,34.314733],[-118.871663,34.314778],[-118.871639,34.314773],[-118.87163,34.314758],[-118.871607,34.314751],[-118.871587,34.31476],[-118.871585,34.314768],[-118.871606,34.314781],[-118.871639,34.314778],[-118.871657,34.314783],[-118.87166,34.314818],[-118.871651,34.314844],[-118.871622,34.314837],[-118.871617,34.314819],[-118.8716,34.31481],[-118.871556,34.314823],[-118.871541,34.314836],[-118.871544,34.314869],[-118.871524,34.31491],[-118.871543,34.314956],[-118.871568,34.314954],[-118.871575,34.31494],[-118.871597,34.314928],[-118.871588,34.314862],[-118.87162,34.314843],[-118.871647,34.314849],[-118.87163,34.314878],[-118.871633,34.314927],[-118.871617,34.314957],[-118.871561,34.314993],[-118.871554,34.315008],[-118.871562,34.315024],[-118.871593,34.315037],[-118.871659,34.315025],[-118.871682,34.315028],[-118.871689,34.31506],[-118.871675,34.315085],[-118.87168,34.315107],[-118.87176,34.315141],[-118.871799,34.315182],[-118.871808,34.315218],[-118.871807,34.315254],[-118.871798,34.315276],[-118.871781,34.315285],[-118.871757,34.315282],[-118.871742,34.315267],[-118.871737,34.315186],[-118.871711,34.315162],[-118.87162,34.315157],[-118.87159,34.315165],[-118.871574,34.315176],[-118.871575,34.315187],[-118.87162,34.315219],[-118.871636,34.315248],[-118.871614,34.315266],[-118.871577,34.315275],[-118.871555,34.315222],[-118.871537,34.315205],[-118.871518,34.315218],[-118.8715,34.315269],[-118.871472,34.315295],[-118.871452,34.3153],[-118.871429,34.315283],[-118.871412,34.315253],[-118.871415,34.31524],[-118.871483,34.315223],[-118.871509,34.315165]]]}},{"type":"Feature","properties":{"k":"rough"},"geometry":{"type":"Polygon","coordinates":[[[-118.871407,34.315244],[-118.871488,34.315236],[-118.871551,34.315157],[-118.871583,34.315103],[-118.871519,34.314994],[-118.871493,34.314925],[-118.871534,34.314818],[-118.871576,34.314763],[-118.8716,34.31474],[-118.87164,34.314751],[-118.871654,34.314765],[-118.871669,34.314762],[-118.871666,34.314722],[-118.871681,34.314694],[-118.871684,34.314652],[-118.871673,34.31459],[-118.871644,34.314541],[-118.871576,34.314495],[-118.871497,34.314478],[-118.871271,34.314499],[-118.871188,34.314539],[-118.871148,34.314604],[-118.871075,34.31464],[-118.871045,34.314662],[-118.871026,34.314741],[-118.870997,34.314786],[-118.871017,34.314819],[-118.871038,34.314811],[-118.871049,34.314823],[-118.871061,34.31488],[-118.871021,34.31486],[-118.870992,34.314797],[-118.870984,34.314833],[-118.871145,34.315152],[-118.871217,34.315216],[-118.871265,34.315235],[-118.871407,34.315244]]]}},{"type":"Feature","properties":{"k":"green"},"geometry":{"type":"Polygon","coordinates":[[[-118.871366,34.314846],[-118.871423,34.314838],[-118.871447,34.314824],[-118.871469,34.314803],[-118.87148,34.314776],[-118.871542,34.314713],[-118.871553,34.314681],[-118.871552,34.314656],[-118.871538,34.314631],[-118.871477,34.314611],[-118.87141,34.31461],[-118.871326,34.314623],[-118.871276,34.314655],[-118.871255,34.314693],[-118.871252,34.314767],[-118.871277,34.314808],[-118.871307,34.314828],[-118.871366,34.314846]]]}},{"type":"Feature","properties":{"k":"fairway"},"geometry":{"type":"Polygon","coordinates":[[[-118.871469,34.314803],[-118.871423,34.314838],[-118.871348,34.314844],[-118.871277,34.314808],[-118.871252,34.314767],[-118.871249,34.314733],[-118.871255,34.314693],[-118.871276,34.314655],[-118.871326,34.314623],[-118.87141,34.31461],[-118.871477,34.314611],[-118.871538,34.314631],[-118.871522,34.314613],[-118.871493,34.314603],[-118.871399,34.314603],[-118.871249,34.31463],[-118.871155,34.314678],[-118.871133,34.314711],[-118.871116,34.314751],[-118.871109,34.314902],[-118.871137,34.314996],[-118.871162,34.315062],[-118.871203,34.31513],[-118.871235,34.315166],[-118.871291,34.315188],[-118.871328,34.315195],[-118.87137,34.315186],[-118.871435,34.315154],[-118.871466,34.315125],[-118.871478,34.315082],[-118.871443,34.314915],[-118.871469,34.314803]]]}},{"type":"Feature","properties":{"k":"rough"},"geometry":{"type":"Polygon","coordinates":[[[-118.872142,34.31621],[-118.872168,34.316194],[-118.872182,34.31616],[-118.872157,34.316084],[-118.872125,34.31608],[-118.872092,34.316095],[-118.872081,34.31618],[-118.872097,34.316215],[-118.872112,34.316218],[-118.872142,34.31621]]]}},{"type":"Feature","properties":{"k":"rough"},"geometry":{"type":"Polygon","coordinates":[[[-118.871894,34.315887],[-118.871853,34.315876],[-118.871804,34.315878],[-118.871769,34.315904],[-118.871769,34.31601],[-118.87175,34.316054],[-118.871728,34.316067],[-118.871664,34.316049],[-118.871595,34.316019],[-118.871563,34.315992],[-118.871523,34.315865],[-118.871499,34.315816],[-118.871508,34.315774],[-118.871542,34.315751],[-118.871615,34.31576],[-118.871644,34.315771],[-118.871693,34.315841],[-118.87172,34.315865],[-118.871768,34.315867],[-118.871868,34.315822],[-118.871896,34.315753],[-118.871935,34.315733],[-118.871979,34.31573],[-118.872029,34.31574],[-118.872055,34.31577],[-118.872061,34.3158],[-118.87203,34.315875],[-118.872031,34.315889],[-118.872057,34.315886],[-118.872094,34.315902],[-118.872096,34.315922],[-118.872081,34.315959],[-118.872034,34.315997],[-118.872027,34.31597],[-118.872008,34.31595],[-118.871993,34.315915],[-118.871894,34.315887]]]}},{"type":"Feature","properties":{"k":"bunker"},"geometry":{"type":"Polygon","coordinates":[[[-118.872038,34.316938],[-118.872127,34.316884],[-118.872134,34.316856],[-118.872118,34.316843],[-118.872046,34.316867],[-118.871953,34.316857],[-118.871895,34.316873],[-118.871847,34.316856],[-118.871761,34.316853],[-118.871766,34.316903],[-118.871782,34.316927],[-118.871799,34.316917],[-118.871775,34.316881],[-118.871779,34.316876],[-118.871869,34.316942],[-118.87189,34.316972],[-118.871927,34.316991],[-118.871959,34.316971],[-118.871948,34.316958],[-118.871931,34.316971],[-118.871909,34.316964],[-118.871912,34.316932],[-118.871889,34.31694],[-118.87188,34.316928],[-118.871885,34.316918],[-118.871874,34.316913],[-118.871872,34.316922],[-118.871853,34.316922],[-118.871845,34.316907],[-118.871853,34.316892],[-118.871825,34.316888],[-118.871817,34.316873],[-118.871822,34.316868],[-118.871851,34.316866],[-118.871856,34.316874],[-118.871849,34.316885],[-118.871857,34.31689],[-118.871863,34.31688],[-118.871874,34.316881],[-118.871882,34.316889],[-118.871877,34.316909],[-118.871889,34.316915],[-118.871897,34.316894],[-118.871931,34.316879],[-118.871966,34.316876],[-118.871972,34.316885],[-118.871967,34.316927],[-118.871951,34.316954],[-118.871963,34.316967],[-118.87198,34.316952],[-118.872038,34.316938]]]}},{"type":"Feature","properties":{"k":"green"},"geometry":{"type":"Polygon","coordinates":[[[-118.87173,34.31646],[-118.871713,34.316367],[-118.87168,34.316341],[-118.871638,34.316332],[-118.871581,34.316336],[-118.871501,34.316359],[-118.871432,34.31639],[-118.871408,34.316427],[-118.871421,34.316466],[-118.871448,34.316502],[-118.871524,34.316529],[-118.871569,34.316528],[-118.871687,34.316506],[-118.871726,34.316482],[-118.87173,34.31646]]]}},{"type":"Feature","properties":{"k":"rough"},"geometry":{"type":"Polygon","coordinates":[[[-118.871825,34.318917],[-118.871877,34.318879],[-118.871979,34.318742],[-118.872019,34.318615],[-118.872081,34.318307],[-118.872082,34.318176],[-118.872102,34.31807],[-118.872129,34.317994],[-118.872133,34.317837],[-118.872118,34.317551],[-118.872089,34.317494],[-118.872022,34.317441],[-118.871969,34.317354],[-118.871958,34.317207],[-118.872027,34.316985],[-118.872012,34.3169],[-118.871946,34.316835],[-118.871969,34.316798],[-118.871998,34.316573],[-118.871984,34.316436],[-118.871922,34.316348],[-118.871841,34.316262],[-118.87177,34.316207],[-118.871565,34.316172],[-118.871417,34.316179],[-118.871345,34.316199],[-118.871298,34.316231],[-118.87124,34.316324],[-118.87121,34.31642],[-118.871201,34.316508],[-118.871203,34.31655],[-118.871248,34.316639],[-118.871232,34.316873],[-118.871309,34.317021],[-118.871419,34.317154],[-118.871441,34.317196],[-118.871483,34.317322],[-118.871544,34.317605],[-118.871521,34.317844],[-118.871481,34.317931],[-118.871469,34.317995],[-118.871469,34.318119],[-118.871423,34.318268],[-118.871381,34.318318],[-118.871367,34.318374],[-118.871337,34.3186],[-118.871356,34.31874],[-118.871387,34.31886],[-118.871424,34.318923],[-118.871477,34.318957],[-118.871563,34.318984],[-118.871664,34.318979],[-118.871825,34.318917]]]}},{"type":"Feature","properties":{"k":"tee"},"geometry":{"type":"Polygon","coordinates":[[[-118.871527,34.319446],[-118.871529,34.319402],[-118.871513,34.319385],[-118.871481,34.319382],[-118.871447,34.319401],[-118.871441,34.319431],[-118.87145,34.319455],[-118.871505,34.319461],[-118.871527,34.319446]]]}},{"type":"Feature","properties":{"k":"rough"},"geometry":{"type":"Polygon","coordinates":[[[-118.871547,34.319446],[-118.871558,34.319423],[-118.871538,34.31935],[-118.871535,34.319308],[-118.871512,34.319287],[-118.87143,34.319297],[-118.871403,34.319293],[-118.871362,34.319267],[-118.871336,34.319226],[-118.871301,34.319138],[-118.871261,34.319119],[-118.871215,34.319135],[-118.871178,34.319163],[-118.871158,34.319191],[-118.871156,34.319221],[-118.871169,34.31925],[-118.871191,34.31928],[-118.871279,34.319336],[-118.871309,34.319378],[-118.871325,34.319416],[-118.871344,34.319436],[-118.871443,34.319477],[-118.871486,34.31948],[-118.871525,34.319471],[-118.871547,34.319446]]]}},{"type":"Feature","properties":{"k":"rough"},"geometry":{"type":"Polygon","coordinates":[[[-118.871297,34.320346],[-118.87132,34.320312],[-118.871287,34.320176],[-118.87125,34.320118],[-118.871242,34.320034],[-118.871224,34.320014],[-118.871192,34.320004],[-118.871154,34.320028],[-118.871146,34.320061],[-118.871175,34.32016],[-118.871167,34.320223],[-118.87118,34.32029],[-118.871195,34.32032],[-118.871234,34.320345],[-118.871258,34.320356],[-118.871279,34.320356],[-118.871297,34.320346]]]}},{"type":"Feature","properties":{"k":"green"},"geometry":{"type":"Polygon","coordinates":[[[-118.870781,34.319677],[-118.870794,34.319664],[-118.870796,34.319637],[-118.870783,34.319616],[-118.870757,34.31959],[-118.870689,34.319553],[-118.870593,34.319527],[-118.870549,34.319525],[-118.870514,34.319544],[-118.870495,34.319573],[-118.870491,34.3196],[-118.870505,34.319658],[-118.870555,34.319708],[-118.870626,34.319711],[-118.870781,34.319677]]]}},{"type":"Feature","properties":{"k":"fairway"},"geometry":{"type":"Polygon","coordinates":[[[-118.870555,34.319708],[-118.870584,34.319723],[-118.870605,34.319725],[-118.870709,34.319696],[-118.870785,34.319691],[-118.87081,34.319677],[-118.870817,34.319662],[-118.870811,34.319628],[-118.870792,34.3196],[-118.870732,34.319549],[-118.870592,34.319502],[-118.870547,34.319443],[-118.870512,34.31942],[-118.870406,34.319404],[-118.870373,34.319418],[-118.870314,34.319468],[-118.870299,34.319493],[-118.870296,34.319516],[-118.870317,34.319548],[-118.870455,34.319597],[-118.870505,34.319658],[-118.870491,34.3196],[-118.870495,34.319573],[-118.870514,34.319544],[-118.870549,34.319525],[-118.870593,34.319527],[-118.870689,34.319553],[-118.870757,34.31959],[-118.870796,34.319637],[-118.870794,34.319664],[-118.870762,34.319682],[-118.870626,34.319711],[-118.870555,34.319708]]]}},{"type":"Feature","properties":{"k":"rough"},"geometry":{"type":"Polygon","coordinates":[[[-118.870455,34.319871],[-118.87048,34.31985],[-118.870568,34.319821],[-118.870601,34.319797],[-118.870644,34.319743],[-118.870691,34.319728],[-118.870701,34.319746],[-118.870767,34.319721],[-118.870812,34.319723],[-118.870903,34.319679],[-118.870907,34.319666],[-118.870718,34.319519],[-118.87063,34.319505],[-118.870607,34.319491],[-118.870562,34.319387],[-118.87053,34.31936],[-118.870481,34.319333],[-118.870393,34.3193],[-118.87033,34.319304],[-118.870269,34.319338],[-118.870242,34.319371],[-118.870209,34.319464],[-118.87022,34.319514],[-118.870245,34.319561],[-118.870285,34.319592],[-118.870349,34.319616],[-118.87042,34.319654],[-118.870436,34.319702],[-118.870476,34.31971],[-118.870489,34.319738],[-118.870447,34.319759],[-118.870421,34.319788],[-118.870415,34.319822],[-118.870455,34.319871]]]}},{"type":"Feature","properties":{"k":"bunker"},"geometry":{"type":"Polygon","coordinates":[[[-118.870616,34.319888],[-118.870621,34.319872],[-118.870653,34.319867],[-118.870636,34.31985],[-118.870646,34.319826],[-118.870623,34.319817],[-118.870609,34.319787],[-118.870559,34.319826],[-118.870556,34.319857],[-118.870575,34.319879],[-118.870585,34.319881],[-118.870594,34.319872],[-118.870616,34.319888]]]}},{"type":"Feature","properties":{"k":"bunker"},"geometry":{"type":"Polygon","coordinates":[[[-118.870737,34.319753],[-118.8707,34.319739],[-118.870696,34.319722],[-118.870634,34.319737],[-118.870625,34.319747],[-118.870627,34.31976],[-118.870667,34.319779],[-118.870686,34.319774],[-118.870681,34.319768],[-118.870689,34.319766],[-118.870731,34.319765],[-118.870737,34.319753]]]}},{"type":"Feature","properties":{"k":"bunker"},"geometry":{"type":"Polygon","coordinates":[[[-118.870809,34.319769],[-118.870777,34.319752],[-118.870752,34.319716],[-118.870832,34.319723],[-118.870837,34.319767],[-118.87083,34.319774],[-118.870809,34.319769]]]}},{"type":"Feature","properties":{"k":"bunker"},"geometry":{"type":"Polygon","coordinates":[[[-118.870404,34.319655],[-118.870402,34.319635],[-118.870385,34.319629],[-118.870375,34.319633],[-118.870385,34.319655],[-118.870404,34.319655]]]}},{"type":"Feature","properties":{"k":"bunker"},"geometry":{"type":"Polygon","coordinates":[[[-118.870495,34.319732],[-118.87051,34.319712],[-118.870502,34.3197],[-118.870483,34.319691],[-118.870457,34.319693],[-118.870455,34.319704],[-118.87048,34.319728],[-118.870495,34.319732]]]}},{"type":"Feature","properties":{"k":"green"},"geometry":{"type":"Polygon","coordinates":[[[-118.869725,34.319496],[-118.86976,34.319471],[-118.869787,34.319416],[-118.869796,34.319308],[-118.869778,34.319265],[-118.869746,34.319243],[-118.869712,34.319235],[-118.869659,34.319246],[-118.869608,34.31928],[-118.869575,34.319326],[-118.869555,34.319383],[-118.869548,34.319456],[-118.869582,34.319479],[-118.869639,34.319496],[-118.86969,34.319507],[-118.869725,34.319496]]]}},{"type":"Feature","properties":{"k":"fairway"},"geometry":{"type":"Polygon","coordinates":[[[-118.869608,34.31928],[-118.869659,34.319246],[-118.869712,34.319235],[-118.869746,34.319243],[-118.869778,34.319265],[-118.869796,34.319308],[-118.869794,34.319368],[-118.869787,34.319416],[-118.86976,34.319471],[-118.869725,34.319496],[-118.86969,34.319507],[-118.869639,34.319496],[-118.869582,34.319479],[-118.869548,34.319456],[-118.869498,34.319746],[-118.869414,34.320013],[-118.8694,34.320099],[-118.869397,34.320194],[-118.869408,34.320315],[-118.869475,34.320686],[-118.869451,34.320759],[-118.869224,34.320982],[-118.869149,34.321069],[-118.86909,34.32117],[-118.869043,34.321285],[-118.869048,34.321383],[-118.869065,34.321454],[-118.869109,34.321495],[-118.86918,34.321529],[-118.869246,34.321547],[-118.869328,34.321558],[-118.869493,34.321537],[-118.869565,34.321501],[-118.869689,34.321396],[-118.869864,34.321167],[-118.869934,34.321057],[-118.87005,34.320772],[-118.87005,34.32051],[-118.870021,34.320259],[-118.869981,34.320175],[-118.869925,34.320105],[-118.869827,34.320021],[-118.869811,34.319987],[-118.869813,34.319957],[-118.869928,34.31984],[-118.86994,34.319793],[-118.869929,34.319737],[-118.869911,34.319387],[-118.869853,34.319164],[-118.869867,34.319083],[-118.869919,34.319019],[-118.869933,34.318969],[-118.869927,34.318944],[-118.869778,34.318927],[-118.869651,34.319231],[-118.869608,34.31928]]]}},{"type":"Feature","properties":{"k":"bunker"},"geometry":{"type":"Polygon","coordinates":[[[-118.869904,34.319968],[-118.86992,34.319962],[-118.869943,34.319931],[-118.869955,34.319928],[-118.869974,34.319944],[-118.869973,34.319986],[-118.869915,34.320026],[-118.86986,34.320027],[-118.869838,34.320009],[-118.869834,34.319996],[-118.869853,34.319979],[-118.869904,34.319968]]]}},{"type":"Feature","properties":{"k":"bunker"},"geometry":{"type":"Polygon","coordinates":[[[-118.868985,34.321226],[-118.869044,34.3212],[-118.869101,34.32104],[-118.869152,34.320971],[-118.869197,34.320957],[-118.869223,34.320938],[-118.869408,34.320748],[-118.869429,34.32069],[-118.869409,34.320549],[-118.869386,34.320493],[-118.869347,34.320437],[-118.86934,34.3204],[-118.869351,34.320254],[-118.869321,34.320206],[-118.869281,34.320204],[-118.869243,34.320258],[-118.869249,34.320316],[-118.869291,34.320406],[-118.869292,34.320458],[-118.869275,34.320509],[-118.869287,34.320545],[-118.869333,34.320582],[-118.869346,34.320612],[-118.86933,34.320629],[-118.869291,34.320616],[-118.869258,34.320636],[-118.86924,34.320686],[-118.869254,34.320715],[-118.869254,34.320751],[-118.869197,34.32085],[-118.8692,34.320883],[-118.869178,34.320927],[-118.869077,34.320962],[-118.869023,34.321008],[-118.868963,34.321159],[-118.868966,34.321231],[-118.868985,34.321226]]]}},{"type":"Feature","properties":{"k":"tee"},"geometry":{"type":"Polygon","coordinates":[[[-118.869002,34.321748],[-118.869039,34.321737],[-118.869055,34.321694],[-118.869041,34.321669],[-118.869014,34.32166],[-118.868987,34.321662],[-118.868954,34.321679],[-118.868944,34.321704],[-118.868957,34.321734],[-118.868974,34.321745],[-118.869002,34.321748]]]}},{"type":"Feature","properties":{"k":"tee"},"geometry":{"type":"Polygon","coordinates":[[[-118.868994,34.321916],[-118.869021,34.321897],[-118.869037,34.321872],[-118.869028,34.321848],[-118.868998,34.321837],[-118.868953,34.321839],[-118.868919,34.321861],[-118.868914,34.32188],[-118.868923,34.321909],[-118.868977,34.321924],[-118.868994,34.321916]]]}},{"type":"Feature","properties":{"k":"fairway"},"geometry":{"type":"Polygon","coordinates":[[[-118.868824,34.322255],[-118.868856,34.322227],[-118.868864,34.322182],[-118.868847,34.322156],[-118.868782,34.322157],[-118.868763,34.322175],[-118.868755,34.322207],[-118.868761,34.322231],[-118.868775,34.322246],[-118.868824,34.322255]]]}},{"type":"Feature","properties":{"k":"rough"},"geometry":{"type":"Polygon","coordinates":[[[-118.869058,34.321791],[-118.869149,34.321696],[-118.869225,34.321643],[-118.869259,34.321627],[-118.869452,34.321618],[-118.869659,34.321563],[-118.869754,34.321468],[-118.869999,34.32114],[-118.870045,34.320997],[-118.870142,34.320755],[-118.870157,34.320612],[-118.870134,34.320483],[-118.870117,34.320258],[-118.870092,34.320057],[-118.870071,34.319951],[-118.869988,34.31996],[-118.869958,34.319971],[-118.869935,34.32001],[-118.869892,34.320026],[-118.869855,34.320015],[-118.869834,34.319971],[-118.869859,34.319936],[-118.869927,34.31991],[-118.869959,34.319914],[-118.869981,34.319932],[-118.869988,34.319951],[-118.870069,34.319942],[-118.870002,34.3197],[-118.869949,34.319337],[-118.869962,34.319114],[-118.86995,34.318919],[-118.869928,34.318837],[-118.869904,34.318802],[-118.869887,34.318685],[-118.86986,34.318614],[-118.869799,34.31857],[-118.869758,34.318571],[-118.869729,34.318592],[-118.869715,34.318648],[-118.869733,34.31879],[-118.869754,34.318877],[-118.869752,34.318952],[-118.86963,34.31921],[-118.869587,34.31926],[-118.869529,34.319277],[-118.869479,34.319335],[-118.869433,34.319436],[-118.869436,34.31949],[-118.869466,34.319537],[-118.869473,34.319605],[-118.869439,34.319672],[-118.869426,34.319831],[-118.869358,34.32001],[-118.86934,34.320079],[-118.869339,34.320189],[-118.869306,34.320284],[-118.869325,34.320496],[-118.869383,34.320622],[-118.869357,34.320756],[-118.869246,34.320866],[-118.869199,34.320938],[-118.869102,34.320984],[-118.868993,34.321322],[-118.869002,34.321524],[-118.868985,34.321603],[-118.868912,34.321734],[-118.869058,34.321791]]]}},{"type":"Feature","properties":{"k":"rough"},"geometry":{"type":"Polygon","coordinates":[[[-118.869014,34.321922],[-118.869045,34.321885],[-118.869053,34.32185],[-118.869047,34.321834],[-118.868916,34.321777],[-118.86889,34.321913],[-118.868923,34.321935],[-118.86897,34.321939],[-118.869014,34.321922]]]}},{"type":"Feature","properties":{"k":"rough"},"geometry":{"type":"Polygon","coordinates":[[[-118.868829,34.322277],[-118.868859,34.322254],[-118.868889,34.322167],[-118.868839,34.32211],[-118.868772,34.322136],[-118.868738,34.32218],[-118.868747,34.322235],[-118.868774,34.322265],[-118.868795,34.322275],[-118.868829,34.322277]]]}},{"type":"Feature","properties":{"k":"tee"},"geometry":{"type":"Polygon","coordinates":[[[-118.867317,34.321523],[-118.867517,34.321427],[-118.867527,34.321395],[-118.867521,34.321378],[-118.867488,34.321377],[-118.867426,34.321397],[-118.867213,34.321509],[-118.867184,34.321533],[-118.86717,34.321561],[-118.867171,34.321585],[-118.867182,34.321598],[-118.867209,34.321599],[-118.867317,34.321523]]]}},{"type":"Feature","properties":{"k":"rough"},"geometry":{"type":"Polygon","coordinates":[[[-118.867422,34.321496],[-118.867515,34.321446],[-118.867553,34.321416],[-118.867558,34.321387],[-118.867536,34.321357],[-118.867471,34.321342],[-118.867429,34.321348],[-118.86731,34.321412],[-118.867164,34.321508],[-118.867136,34.321553],[-118.867123,34.321595],[-118.867177,34.321624],[-118.867223,34.321609],[-118.867297,34.321552],[-118.867351,34.321521],[-118.867422,34.321496]]]}},{"type":"Feature","properties":{"k":"rough"},"geometry":{"type":"Polygon","coordinates":[[[-118.866959,34.321962],[-118.866998,34.321934],[-118.86701,34.321908],[-118.866998,34.321863],[-118.866968,34.321838],[-118.866952,34.321835],[-118.866909,34.321849],[-118.866867,34.321897],[-118.866857,34.321925],[-118.866869,34.321955],[-118.86691,34.321969],[-118.866959,34.321962]]]}},{"type":"Feature","properties":{"k":"tee"},"geometry":{"type":"Polygon","coordinates":[[[-118.866951,34.321945],[-118.866979,34.321918],[-118.86699,34.321897],[-118.86697,34.321869],[-118.866943,34.32186],[-118.866923,34.32187],[-118.86689,34.321913],[-118.866892,34.321939],[-118.866914,34.321955],[-118.866951,34.321945]]]}},{"type":"Feature","properties":{"k":"rough"},"geometry":{"type":"Polygon","coordinates":[[[-118.867183,34.318383],[-118.866887,34.31853],[-118.866803,34.318811],[-118.866748,34.319066],[-118.866497,34.319693],[-118.866243,34.319995],[-118.866218,34.320128],[-118.866219,34.32021],[-118.866187,34.320256],[-118.866267,34.320421],[-118.866257,34.320566],[-118.8662,34.320537],[-118.866186,34.320495],[-118.866161,34.320457],[-118.866124,34.32044],[-118.866078,34.320454],[-118.866026,34.320499],[-118.865986,34.320564],[-118.865968,34.320621],[-118.865953,34.321141],[-118.865884,34.321526],[-118.865921,34.321665],[-118.865971,34.321742],[-118.866052,34.321788],[-118.866235,34.321832],[-118.866377,34.321838],[-118.866451,34.321819],[-118.86655,34.321761],[-118.866652,34.321657],[-118.866739,34.321625],[-118.866761,34.321632],[-118.866798,34.321614],[-118.866735,34.32158],[-118.866717,34.321541],[-118.866754,34.321377],[-118.866763,34.321213],[-118.866823,34.321027],[-118.866863,34.320935],[-118.866966,34.320596],[-118.866977,34.320457],[-118.866945,34.320349],[-118.866908,34.320267],[-118.866881,34.32024],[-118.866886,34.320143],[-118.867047,34.320041],[-118.867138,34.319994],[-118.867196,34.319945],[-118.867348,34.31986],[-118.867447,34.319661],[-118.867506,34.319446],[-118.867495,34.319269],[-118.867507,34.319132],[-118.867576,34.31872],[-118.867565,34.318636],[-118.867494,34.318563],[-118.867309,34.318411],[-118.86726,34.318383],[-118.867183,34.318383]]]}},{"type":"Feature","properties":{"k":"bunker"},"geometry":{"type":"Polygon","coordinates":[[[-118.86704,34.319254],[-118.867052,34.319228],[-118.86704,34.319214],[-118.867018,34.319209],[-118.867004,34.319216],[-118.867028,34.319257],[-118.86704,34.319254]]]}},{"type":"Feature","properties":{"k":"bunker"},"geometry":{"type":"Polygon","coordinates":[[[-118.867339,34.319954],[-118.867356,34.319916],[-118.867371,34.319835],[-118.867362,34.31983],[-118.867302,34.319874],[-118.86723,34.3199],[-118.867217,34.319921],[-118.867222,34.31994],[-118.867234,34.319951],[-118.867267,34.319955],[-118.867286,34.319938],[-118.867339,34.319954]]]}},{"type":"Feature","properties":{"k":"bunker"},"geometry":{"type":"Polygon","coordinates":[[[-118.866906,34.320213],[-118.866926,34.320208],[-118.866932,34.320197],[-118.866904,34.320154],[-118.866903,34.320141],[-118.86692,34.320144],[-118.866961,34.320169],[-118.867036,34.320108],[-118.867047,34.320093],[-118.867048,34.320064],[-118.867026,34.320055],[-118.867006,34.320056],[-118.866939,34.320105],[-118.866876,34.320135],[-118.866848,34.320173],[-118.866806,34.320202],[-118.866824,34.320225],[-118.866906,34.320213]]]}},{"type":"Feature","properties":{"k":"bunker"},"geometry":{"type":"Polygon","coordinates":[[[-118.866287,34.320587],[-118.866302,34.320577],[-118.866312,34.32043],[-118.866261,34.320351],[-118.866239,34.320274],[-118.866217,34.320237],[-118.866196,34.320226],[-118.866124,34.320257],[-118.866121,34.320289],[-118.866136,34.320321],[-118.866159,34.320335],[-118.866188,34.320394],[-118.866242,34.320421],[-118.866255,34.32044],[-118.866236,34.320484],[-118.866214,34.320504],[-118.866206,34.320524],[-118.86622,34.320567],[-118.866244,34.320586],[-118.866279,34.320592],[-118.866287,34.320587]]]}},{"type":"Feature","properties":{"k":"bunker"},"geometry":{"type":"Polygon","coordinates":[[[-118.866299,34.321489],[-118.86631,34.321479],[-118.866314,34.321442],[-118.866292,34.32143],[-118.866252,34.32147],[-118.866252,34.321487],[-118.866261,34.321493],[-118.866299,34.321489]]]}},{"type":"Feature","properties":{"k":"green"},"geometry":{"type":"Polygon","coordinates":[[[-118.866361,34.32167],[-118.866443,34.3216],[-118.866479,34.321549],[-118.866482,34.321525],[-118.866463,34.321491],[-118.86644,34.321478],[-118.866388,34.321476],[-118.866333,34.321483],[-118.866302,34.321514],[-118.866273,34.321518],[-118.866224,34.321497],[-118.866212,34.321481],[-118.86618,34.321475],[-118.866124,34.321491],[-118.866098,34.321519],[-118.86609,34.321555],[-118.866094,34.321589],[-118.866114,34.321624],[-118.866162,34.321666],[-118.86625,34.321694],[-118.866292,34.321694],[-118.866361,34.32167]]]}},{"type":"Feature","properties":{"k":"rough"},"geometry":{"type":"Polygon","coordinates":[[[-118.867616,34.318061],[-118.867572,34.318076],[-118.86754,34.318061],[-118.867523,34.318023],[-118.867528,34.31799],[-118.867561,34.317911],[-118.867622,34.317863],[-118.867654,34.317867],[-118.867684,34.317884],[-118.867694,34.317915],[-118.867692,34.317946],[-118.867667,34.317996],[-118.86764,34.318041],[-118.867616,34.318061]]]}},{"type":"Feature","properties":{"k":"rough"},"geometry":{"type":"Polygon","coordinates":[[[-118.867355,34.317692],[-118.867406,34.317664],[-118.867423,34.3176],[-118.867448,34.317563],[-118.867431,34.317506],[-118.867389,34.317502],[-118.867368,34.317478],[-118.867313,34.317458],[-118.867237,34.31747],[-118.867222,34.317504],[-118.867224,34.317625],[-118.867248,34.317664],[-118.867297,34.317701],[-118.867355,34.317692]]]}},{"type":"Feature","properties":{"k":"rough"},"geometry":{"type":"Polygon","coordinates":[[[-118.867337,34.317306],[-118.867417,34.317235],[-118.867423,34.317202],[-118.867406,34.317145],[-118.867324,34.317077],[-118.867307,34.317071],[-118.867283,34.31712],[-118.867248,34.317234],[-118.867263,34.317287],[-118.867291,34.317309],[-118.867313,34.317315],[-118.867337,34.317306]]]}},{"type":"Feature","properties":{"k":"rough"},"geometry":{"type":"Polygon","coordinates":[[[-118.86744,34.317034],[-118.867462,34.317016],[-118.86747,34.316933],[-118.86745,34.316899],[-118.867421,34.316885],[-118.867389,34.316882],[-118.867346,34.316955],[-118.867334,34.317019],[-118.867346,34.31705],[-118.867397,34.317099],[-118.867416,34.31704],[-118.86744,34.317034]]]}},{"type":"Feature","properties":{"k":"bunker"},"geometry":{"type":"Polygon","coordinates":[[[-118.867755,34.316196],[-118.86775,34.316186],[-118.867759,34.316164],[-118.867743,34.316161],[-118.867722,34.316172],[-118.867718,34.316187],[-118.867724,34.316195],[-118.867741,34.316191],[-118.867747,34.3162],[-118.867722,34.31621],[-118.867705,34.316234],[-118.867705,34.316278],[-118.867679,34.316283],[-118.867656,34.31627],[-118.867644,34.316244],[-118.867639,34.31617],[-118.867651,34.316091],[-118.867637,34.316062],[-118.867572,34.316018],[-118.867591,34.316011],[-118.867626,34.31601],[-118.86767,34.316038],[-118.867724,34.316092],[-118.867794,34.316125],[-118.867801,34.316141],[-118.867794,34.316156],[-118.867755,34.316196]]]}},{"type":"Feature","properties":{"k":"bunker"},"geometry":{"type":"Polygon","coordinates":[[[-118.867648,34.315978],[-118.867672,34.315963],[-118.86767,34.315951],[-118.867657,34.315944],[-118.867639,34.315952],[-118.86763,34.315969],[-118.867635,34.315979],[-118.867648,34.315978]]]}},{"type":"Feature","properties":{"k":"green"},"geometry":{"type":"Polygon","coordinates":[[[-118.867649,34.315764],[-118.867682,34.315763],[-118.867777,34.315716],[-118.867784,34.31568],[-118.867779,34.315645],[-118.86775,34.315616],[-118.867704,34.315602],[-118.867587,34.315578],[-118.867543,34.315578],[-118.867507,34.315595],[-118.867493,34.31563],[-118.867498,34.315666],[-118.86754,34.315719],[-118.867582,34.315743],[-118.867649,34.315764]]]}},{"type":"Feature","properties":{"k":"rough"},"geometry":{"type":"Polygon","coordinates":[[[-118.868235,34.317162],[-118.868362,34.317141],[-118.868397,34.317333],[-118.868563,34.316995],[-118.868676,34.316744],[-118.86874,34.316627],[-118.868632,34.316585],[-118.86862,34.316496],[-118.868622,34.316228],[-118.86866,34.315981],[-118.868573,34.315796],[-118.868464,34.315648],[-118.868374,34.315566],[-118.868263,34.315494],[-118.868106,34.31542],[-118.867929,34.315364],[-118.867803,34.315333],[-118.867654,34.315317],[-118.867533,34.315329],[-118.867433,34.315367],[-118.867379,34.31542],[-118.86736,34.315471],[-118.867383,34.315623],[-118.867421,34.315691],[-118.867504,34.315793],[-118.867576,34.315927],[-118.867614,34.316021],[-118.867684,34.316074],[-118.867687,34.316293],[-118.867679,34.316412],[-118.867696,34.316571],[-118.86772,34.316681],[-118.867745,34.316869],[-118.867813,34.317015],[-118.867893,34.317074],[-118.86802,34.317129],[-118.86817,34.317165],[-118.868235,34.317162]]]}},{"type":"Feature","properties":{"k":"tee"},"geometry":{"type":"Polygon","coordinates":[[[-118.868194,34.31756],[-118.868166,34.317548],[-118.868144,34.31744],[-118.868151,34.31741],[-118.868174,34.317395],[-118.868207,34.317392],[-118.868233,34.317396],[-118.868253,34.317421],[-118.868253,34.317451],[-118.868243,34.317524],[-118.868228,34.317548],[-118.868194,34.31756]]]}},{"type":"Feature","properties":{"k":"rough"},"geometry":{"type":"Polygon","coordinates":[[[-118.868211,34.317569],[-118.868237,34.317553],[-118.868258,34.317517],[-118.868272,34.317449],[-118.868272,34.3174],[-118.868253,34.31736],[-118.868217,34.317318],[-118.868175,34.317325],[-118.868144,34.317362],[-118.868119,34.317437],[-118.868146,34.317565],[-118.868169,34.317579],[-118.868211,34.317569]]]}},{"type":"Feature","properties":{"k":"tee"},"geometry":{"type":"Polygon","coordinates":[[[-118.867973,34.318023],[-118.868007,34.318018],[-118.868041,34.31798],[-118.868079,34.31779],[-118.868069,34.317739],[-118.868049,34.317731],[-118.868018,34.31773],[-118.867984,34.317745],[-118.867966,34.317767],[-118.867949,34.317825],[-118.867924,34.317976],[-118.867945,34.318014],[-118.867973,34.318023]]]}},{"type":"Feature","properties":{"k":"rough"},"geometry":{"type":"Polygon","coordinates":[[[-118.868209,34.31799],[-118.868173,34.318108],[-118.868141,34.318137],[-118.868084,34.318136],[-118.868052,34.318116],[-118.868035,34.31809],[-118.868039,34.318021],[-118.86811,34.317705],[-118.868105,34.317678],[-118.868066,34.317672],[-118.868003,34.317679],[-118.867966,34.317714],[-118.86794,34.317768],[-118.867898,34.317918],[-118.867893,34.317978],[-118.867901,34.318023],[-118.867969,34.318081],[-118.867883,34.318176],[-118.867874,34.31823],[-118.867891,34.318268],[-118.867926,34.31829],[-118.867977,34.318295],[-118.868024,34.318283],[-118.868053,34.318266],[-118.868117,34.318272],[-118.868129,34.318301],[-118.868099,34.318341],[-118.868063,34.318361],[-118.868184,34.318462],[-118.868239,34.318532],[-118.86827,34.318541],[-118.868325,34.318533],[-118.868376,34.318551],[-118.868488,34.318631],[-118.868532,34.318629],[-118.868592,34.318612],[-118.868671,34.318513],[-118.868679,34.318481],[-118.868656,34.318468],[-118.868643,34.318374],[-118.868623,34.318366],[-118.868612,34.318344],[-118.86862,34.318317],[-118.868568,34.318213],[-118.868603,34.318186],[-118.868622,34.318186],[-118.868646,34.318148],[-118.868677,34.318092],[-118.868683,34.318045],[-118.868728,34.317936],[-118.868728,34.317885],[-118.868699,34.317703],[-118.868717,34.317526],[-118.868751,34.317475],[-118.868814,34.317454],[-118.868875,34.317446],[-118.868938,34.317448],[-118.868999,34.317437],[-118.869027,34.317417],[-118.869054,34.317396],[-118.869086,34.317335],[-118.869138,34.317278],[-118.869245,34.317187],[-118.869328,34.317104],[-118.869373,34.317038],[-118.869447,34.31689],[-118.869538,34.316752],[-118.869584,34.316657],[-118.869672,34.316515],[-118.869695,34.316455],[-118.869658,34.316472],[-118.86964,34.316472],[-118.869609,34.316448],[-118.869603,34.316424],[-118.86962,34.316353],[-118.86963,34.316336],[-118.869656,34.316322],[-118.869613,34.316294],[-118.86956,34.316203],[-118.869457,34.316176],[-118.869274,34.316174],[-118.869131,34.316214],[-118.869025,34.31628],[-118.868929,34.316419],[-118.868803,34.316625],[-118.868413,34.317372],[-118.868293,34.317705],[-118.868285,34.317822],[-118.868209,34.31799]]]}},{"type":"Feature","properties":{"k":"fairway"},"geometry":{"type":"Polygon","coordinates":[[[-118.868576,34.318459],[-118.868582,34.31851],[-118.868565,34.31854],[-118.868524,34.318568],[-118.868477,34.318568],[-118.868391,34.318496],[-118.868281,34.318472],[-118.868219,34.318439],[-118.868205,34.318422],[-118.86814,34.318257],[-118.868155,34.318229],[-118.868211,34.318192],[-118.868407,34.318124],[-118.868434,34.318078],[-118.868428,34.318031],[-118.868324,34.317947],[-118.8683,34.317889],[-118.868307,34.317845],[-118.868367,34.317693],[-118.86841,34.317537],[-118.868491,34.31737],[-118.868718,34.316963],[-118.869052,34.316423],[-118.869142,34.316331],[-118.869274,34.316247],[-118.869388,34.316224],[-118.869476,34.316237],[-118.86954,34.316294],[-118.869566,34.31636],[-118.869574,34.316415],[-118.869552,34.31649],[-118.869451,34.316737],[-118.869306,34.317011],[-118.869214,34.317148],[-118.869126,34.317242],[-118.868984,34.317346],[-118.868921,34.317383],[-118.86884,34.317398],[-118.86874,34.317437],[-118.86869,34.317488],[-118.868669,34.317543],[-118.868657,34.317612],[-118.868649,34.317743],[-118.868698,34.317921],[-118.868655,34.318059],[-118.868616,34.318125],[-118.86857,34.318178],[-118.868553,34.318225],[-118.868559,34.318363],[-118.868545,34.318333],[-118.86852,34.318317],[-118.868425,34.318296],[-118.868359,34.318294],[-118.868329,34.318314],[-118.868317,34.318341],[-118.868309,34.318371],[-118.868318,34.318438],[-118.868404,34.318475],[-118.868446,34.318509],[-118.868471,34.318541],[-118.86849,34.31855],[-118.868525,34.318548],[-118.86856,34.318533],[-118.868575,34.318505],[-118.868576,34.318459]]]}},{"type":"Feature","properties":{"k":"green"},"geometry":{"type":"Polygon","coordinates":[[[-118.868471,34.318541],[-118.868446,34.318509],[-118.868404,34.318475],[-118.868318,34.318438],[-118.868309,34.318371],[-118.868317,34.318341],[-118.868329,34.318314],[-118.868359,34.318294],[-118.868425,34.318296],[-118.86852,34.318317],[-118.868545,34.318333],[-118.868559,34.318363],[-118.868572,34.318407],[-118.868575,34.318505],[-118.86856,34.318533],[-118.868525,34.318548],[-118.86849,34.31855],[-118.868471,34.318541]]]}},{"type":"Feature","properties":{"k":"rough"},"geometry":{"type":"Polygon","coordinates":[[[-118.869404,34.316041],[-118.869474,34.315999],[-118.869473,34.315933],[-118.86942,34.315885],[-118.869377,34.315886],[-118.869324,34.315915],[-118.8693,34.315951],[-118.869302,34.316019],[-118.869352,34.316053],[-118.869404,34.316041]]]}},{"type":"Feature","properties":{"k":"rough"},"geometry":{"type":"Polygon","coordinates":[[[-118.869984,34.315668],[-118.870003,34.315647],[-118.870017,34.315597],[-118.870014,34.315566],[-118.870037,34.315415],[-118.87,34.315386],[-118.869959,34.315376],[-118.869909,34.315383],[-118.86987,34.315416],[-118.869823,34.315542],[-118.869815,34.315602],[-118.869827,34.315636],[-118.869867,34.315666],[-118.869928,34.315673],[-118.869984,34.315668]]]}},{"type":"Feature","properties":{"k":"rough"},"geometry":{"type":"Polygon","coordinates":[[[-118.87053,34.315532],[-118.870593,34.31548],[-118.870659,34.315392],[-118.870693,34.315328],[-118.870732,34.31522],[-118.870728,34.315171],[-118.870673,34.315154],[-118.870633,34.315159],[-118.870598,34.31522],[-118.870583,34.315286],[-118.870493,34.315399],[-118.870464,34.315466],[-118.870474,34.315507],[-118.870502,34.315531],[-118.87053,34.315532]]]}},{"type":"Feature","properties":{"k":"bunker"},"geometry":{"type":"Polygon","coordinates":[[[-118.870496,34.314058],[-118.870493,34.314014],[-118.870523,34.31396],[-118.870523,34.313906],[-118.870499,34.313837],[-118.870505,34.313787],[-118.870554,34.313744],[-118.870569,34.313706],[-118.870564,34.313633],[-118.870597,34.313516],[-118.870592,34.313445],[-118.870657,34.313336],[-118.870632,34.313296],[-118.870556,34.313232],[-118.870468,34.313098],[-118.870374,34.312981],[-118.870383,34.312963],[-118.870413,34.312955],[-118.870458,34.31296],[-118.87051,34.313002],[-118.870545,34.313046],[-118.870538,34.313115],[-118.870543,34.313151],[-118.870559,34.313187],[-118.870584,34.313209],[-118.870611,34.313214],[-118.870637,34.313201],[-118.870637,34.313172],[-118.870584,34.313047],[-118.870604,34.313046],[-118.870635,34.313071],[-118.870653,34.313186],[-118.870692,34.313245],[-118.870728,34.313322],[-118.870747,34.3134],[-118.870746,34.313461],[-118.870718,34.313516],[-118.870721,34.313531],[-118.870742,34.313519],[-118.870754,34.313543],[-118.87075,34.313555],[-118.870728,34.313541],[-118.870713,34.313542],[-118.870728,34.313679],[-118.870715,34.31373],[-118.870623,34.313872],[-118.870621,34.313925],[-118.870631,34.313952],[-118.870621,34.31398],[-118.870591,34.314015],[-118.870556,34.314079],[-118.870511,34.314071],[-118.870496,34.314058]]]}},{"type":"Feature","properties":{"k":"bunker"},"geometry":{"type":"Polygon","coordinates":[[[-118.87088,34.312518],[-118.870926,34.312509],[-118.870908,34.312467],[-118.870899,34.312405],[-118.870908,34.312362],[-118.870901,34.312325],[-118.870841,34.312288],[-118.870813,34.312259],[-118.870814,34.312204],[-118.870829,34.312194],[-118.870747,34.31209],[-118.870688,34.31219],[-118.87069,34.312275],[-118.870706,34.312343],[-118.870696,34.312482],[-118.870684,34.31252],[-118.870708,34.312537],[-118.870742,34.312526],[-118.870769,34.312531],[-118.870781,34.312548],[-118.870777,34.312566],[-118.870721,34.312593],[-118.870693,34.312584],[-118.870686,34.312607],[-118.870702,34.312667],[-118.870693,34.312686],[-118.870672,34.312702],[-118.870636,34.312703],[-118.870624,34.312695],[-118.870619,34.312662],[-118.870654,34.312584],[-118.870666,34.312585],[-118.870676,34.312604],[-118.870702,34.312542],[-118.870679,34.312526],[-118.870648,34.312558],[-118.870614,34.312632],[-118.870575,34.312679],[-118.870573,34.312687],[-118.870638,34.312745],[-118.870643,34.312821],[-118.870618,34.312853],[-118.87059,34.31286],[-118.870573,34.312846],[-118.870539,34.312764],[-118.870517,34.312762],[-118.870495,34.312777],[-118.870486,34.312839],[-118.870503,34.312892],[-118.870538,34.312925],[-118.870647,34.312944],[-118.870685,34.312936],[-118.870695,34.312901],[-118.870687,34.312866],[-118.870707,34.312802],[-118.870686,34.312757],[-118.87073,34.31272],[-118.870735,34.312653],[-118.870772,34.312622],[-118.870809,34.31261],[-118.870938,34.312702],[-118.870963,34.312728],[-118.870973,34.312768],[-118.870989,34.312793],[-118.871024,34.312808],[-118.871054,34.312807],[-118.87108,34.312751],[-118.87109,34.312703],[-118.871066,34.312654],[-118.871032,34.312619],[-118.870842,34.312574],[-118.870824,34.312546],[-118.870836,34.312515],[-118.87088,34.312518]]]}},{"type":"Feature","properties":{"k":"rough"},"geometry":{"type":"Polygon","coordinates":[[[-118.870071,34.312414],[-118.86997,34.312269],[-118.869822,34.312019],[-118.86976,34.31188],[-118.869688,34.311563],[-118.869692,34.311476],[-118.869731,34.311374],[-118.869787,34.311316],[-118.869888,34.311274],[-118.87002,34.311254],[-118.8701,34.311278],[-118.870169,34.31131],[-118.870247,34.311388],[-118.870379,34.311541],[-118.870728,34.312061],[-118.870739,34.312113],[-118.870688,34.31219],[-118.87068,34.312268],[-118.870688,34.312362],[-118.87068,34.312457],[-118.870652,34.312535],[-118.870594,34.312643],[-118.870557,34.312683],[-118.870634,34.312766],[-118.870633,34.312821],[-118.870604,34.312849],[-118.870591,34.312854],[-118.870573,34.312846],[-118.870539,34.312764],[-118.870517,34.312762],[-118.870495,34.312777],[-118.870488,34.312801],[-118.870486,34.312839],[-118.870503,34.312892],[-118.870531,34.312921],[-118.870596,34.312947],[-118.870592,34.313031],[-118.870564,34.313018],[-118.870439,34.31292],[-118.870405,34.312863],[-118.870364,34.312842],[-118.870307,34.312832],[-118.87027,34.312808],[-118.870228,34.312757],[-118.870104,34.312502],[-118.870071,34.312414]]]}},{"type":"Feature","properties":{"k":"rough"},"geometry":{"type":"Polygon","coordinates":[[[-118.870671,34.313218],[-118.870653,34.313186],[-118.870635,34.313071],[-118.870604,34.313046],[-118.870604,34.312948],[-118.870642,34.312954],[-118.870695,34.312949],[-118.870717,34.312906],[-118.870735,34.312753],[-118.870766,34.312649],[-118.870808,34.312629],[-118.870949,34.312726],[-118.870974,34.312795],[-118.871018,34.312816],[-118.871078,34.312881],[-118.871133,34.312944],[-118.871172,34.313011],[-118.871195,34.31308],[-118.87118,34.313135],[-118.871219,34.313297],[-118.871273,34.31347],[-118.871327,34.313601],[-118.871362,34.313725],[-118.871341,34.313865],[-118.87137,34.313954],[-118.87133,34.314035],[-118.871156,34.314312],[-118.871081,34.314501],[-118.871026,34.314545],[-118.870994,34.314606],[-118.871004,34.314719],[-118.870967,34.314764],[-118.87095,34.314799],[-118.870941,34.314868],[-118.870912,34.314889],[-118.870785,34.314954],[-118.870743,34.314969],[-118.870623,34.314979],[-118.87058,34.314969],[-118.870562,34.314941],[-118.870569,34.314914],[-118.870542,34.314845],[-118.870512,34.314652],[-118.870531,34.314594],[-118.87052,34.314339],[-118.870495,34.314247],[-118.87049,34.31418],[-118.870517,34.31413],[-118.870571,34.314078],[-118.870645,34.313965],[-118.870634,34.313892],[-118.870737,34.313731],[-118.870733,34.313579],[-118.870741,34.313555],[-118.870747,34.3134],[-118.870728,34.313322],[-118.87069,34.31324],[-118.870671,34.313218]]]}},{"type":"Feature","properties":{"k":"fairway"},"geometry":{"type":"Polygon","coordinates":[[[-118.870577,34.314498],[-118.870598,34.314464],[-118.870635,34.314444],[-118.870685,34.314439],[-118.870722,34.314448],[-118.870746,34.314465],[-118.870757,34.314487],[-118.870755,34.314769],[-118.870746,34.31484],[-118.870732,34.314859],[-118.870788,34.314833],[-118.870834,34.314787],[-118.870877,34.314726],[-118.870951,34.314596],[-118.871123,34.314242],[-118.871197,34.31413],[-118.871268,34.313799],[-118.871256,34.313679],[-118.871162,34.313406],[-118.871126,34.313241],[-118.871113,34.31309],[-118.871091,34.313014],[-118.871062,34.31296],[-118.870885,34.312738],[-118.870851,34.312713],[-118.870826,34.312713],[-118.870792,34.312734],[-118.870719,34.313063],[-118.870714,34.31314],[-118.870751,34.313257],[-118.870769,34.313368],[-118.870778,34.313475],[-118.870775,34.31358],[-118.870745,34.313779],[-118.870706,34.313919],[-118.870651,34.314014],[-118.8706,34.314125],[-118.870577,34.314219],[-118.870566,34.314411],[-118.870577,34.314498]]]}},{"type":"Feature","properties":{"k":"green"},"geometry":{"type":"Polygon","coordinates":[[[-118.870732,34.314859],[-118.870746,34.31484],[-118.870755,34.314769],[-118.870757,34.314487],[-118.870746,34.314465],[-118.870722,34.314448],[-118.870685,34.314439],[-118.870635,34.314444],[-118.870598,34.314464],[-118.870577,34.314498],[-118.870582,34.314796],[-118.870592,34.314833],[-118.870616,34.314857],[-118.870645,34.314868],[-118.870694,34.31487],[-118.870732,34.314859]]]}},{"type":"Feature","properties":{"k":"rough"},"geometry":{"type":"Polygon","coordinates":[[[-118.869306,34.310165],[-118.869262,34.310185],[-118.869235,34.31023],[-118.869248,34.310267],[-118.86935,34.310359],[-118.869396,34.310524],[-118.869439,34.310603],[-118.86952,34.310678],[-118.869613,34.310728],[-118.869642,34.310721],[-118.86967,34.310684],[-118.869668,34.310642],[-118.869646,34.310616],[-118.869597,34.310613],[-118.869567,34.310578],[-118.869405,34.310267],[-118.869357,34.310195],[-118.869306,34.310165]]]}},{"type":"Feature","properties":{"k":"rough"},"geometry":{"type":"Polygon","coordinates":[[[-118.865862,34.308255],[-118.865908,34.308233],[-118.865903,34.308178],[-118.865877,34.308111],[-118.865842,34.308063],[-118.865782,34.308029],[-118.865715,34.30803],[-118.865695,34.308061],[-118.865642,34.308214],[-118.865688,34.308241],[-118.865764,34.308268],[-118.86581,34.308269],[-118.865862,34.308255]]]}},{"type":"Feature","properties":{"k":"bunker"},"geometry":{"type":"Polygon","coordinates":[[[-118.863779,34.306819],[-118.863801,34.30681],[-118.863779,34.306781],[-118.863693,34.306747],[-118.863675,34.306751],[-118.863672,34.306765],[-118.863685,34.306776],[-118.863708,34.30678],[-118.863739,34.306804],[-118.863779,34.306819]]]}},{"type":"Feature","properties":{"k":"bunker"},"geometry":{"type":"Polygon","coordinates":[[[-118.863758,34.306865],[-118.863761,34.306848],[-118.863751,34.306829],[-118.863739,34.306825],[-118.863726,34.306834],[-118.863723,34.306848],[-118.863739,34.306863],[-118.863758,34.306865]]]}},{"type":"Feature","properties":{"k":"bunker"},"geometry":{"type":"Polygon","coordinates":[[[-118.864423,34.306824],[-118.864488,34.306812],[-118.864499,34.30682],[-118.864519,34.306816],[-118.864529,34.306805],[-118.864527,34.306791],[-118.864518,34.30678],[-118.864498,34.306776],[-118.864487,34.306805],[-118.864428,34.306815],[-118.864421,34.306771],[-118.864396,34.306715],[-118.864378,34.306701],[-118.86433,34.306689],[-118.864305,34.30669],[-118.864281,34.306662],[-118.864278,34.306601],[-118.864328,34.30662],[-118.864432,34.30668],[-118.86459,34.306818],[-118.864618,34.306854],[-118.864616,34.306872],[-118.864557,34.306923],[-118.864485,34.30695],[-118.864427,34.306903],[-118.864416,34.306886],[-118.864411,34.306846],[-118.864423,34.306824]]]}},{"type":"Feature","properties":{"k":"green"},"geometry":{"type":"Polygon","coordinates":[[[-118.864649,34.307218],[-118.8647,34.3072],[-118.864744,34.307161],[-118.864769,34.307081],[-118.864764,34.307011],[-118.864744,34.306974],[-118.864706,34.306945],[-118.864658,34.306939],[-118.86461,34.306946],[-118.864537,34.306974],[-118.864447,34.306985],[-118.864415,34.306998],[-118.864392,34.307019],[-118.864385,34.307052],[-118.864392,34.30708],[-118.864427,34.307122],[-118.864496,34.307171],[-118.864649,34.307218]]]}},{"type":"Feature","properties":{"k":"tee"},"geometry":{"type":"Polygon","coordinates":[[[-118.863829,34.307526],[-118.863862,34.307501],[-118.863874,34.307457],[-118.863849,34.307363],[-118.863804,34.307106],[-118.86381,34.307001],[-118.863788,34.306965],[-118.863688,34.306943],[-118.863591,34.306903],[-118.863555,34.306911],[-118.863549,34.306937],[-118.863568,34.306976],[-118.863641,34.30702],[-118.863668,34.307056],[-118.863705,34.307368],[-118.863733,34.307473],[-118.863758,34.307519],[-118.863796,34.307533],[-118.863829,34.307526]]]}},{"type":"Feature","properties":{"k":"bunker"},"geometry":{"type":"Polygon","coordinates":[[[-118.864073,34.307358],[-118.864138,34.307323],[-118.864143,34.307307],[-118.864135,34.307289],[-118.864029,34.307221],[-118.863992,34.307214],[-118.863976,34.307228],[-118.863971,34.307261],[-118.863981,34.307314],[-118.864016,34.307357],[-118.864039,34.307366],[-118.864038,34.307324],[-118.864023,34.307315],[-118.86401,34.307278],[-118.864014,34.307257],[-118.864035,34.307255],[-118.864087,34.307288],[-118.864076,34.307319],[-118.864041,34.307325],[-118.864045,34.307367],[-118.864073,34.307358]]]}},{"type":"Feature","properties":{"k":"bunker"},"geometry":{"type":"Polygon","coordinates":[[[-118.864443,34.307542],[-118.864445,34.307503],[-118.864418,34.307498],[-118.864405,34.307502],[-118.864396,34.307484],[-118.864448,34.307499],[-118.864454,34.307456],[-118.864424,34.307434],[-118.864379,34.307416],[-118.864397,34.307383],[-118.864379,34.307355],[-118.864328,34.307344],[-118.864272,34.307346],[-118.864269,34.307364],[-118.864306,34.307378],[-118.864311,34.30741],[-118.864183,34.307471],[-118.864166,34.307467],[-118.864163,34.307445],[-118.864221,34.307413],[-118.864233,34.307401],[-118.864227,34.307371],[-118.864265,34.307364],[-118.864266,34.307346],[-118.864148,34.307358],[-118.864111,34.307369],[-118.864089,34.307388],[-118.864083,34.307411],[-118.864128,34.307471],[-118.864161,34.307566],[-118.864236,34.307622],[-118.864292,34.30763],[-118.864303,34.307618],[-118.864301,34.307603],[-118.864283,34.307581],[-118.864208,34.307552],[-118.864191,34.307537],[-118.864197,34.307518],[-118.864242,34.307494],[-118.864297,34.307442],[-118.864338,34.307442],[-118.864353,34.307451],[-118.86437,34.307497],[-118.864392,34.307524],[-118.864387,34.307562],[-118.864396,34.307575],[-118.864411,34.307585],[-118.864433,34.30758],[-118.864443,34.307542]]]}},{"type":"Feature","properties":{"k":"bunker"},"geometry":{"type":"Polygon","coordinates":[[[-118.864658,34.307496],[-118.864667,34.307473],[-118.864651,34.307454],[-118.86464,34.307506],[-118.864647,34.30751],[-118.864658,34.307496]]]}},{"type":"Feature","properties":{"k":"rough"},"geometry":{"type":"Polygon","coordinates":[[[-118.864669,34.307938],[-118.864765,34.307894],[-118.864877,34.307778],[-118.864883,34.307626],[-118.864905,34.307561],[-118.865005,34.307521],[-118.86507,34.307503],[-118.865203,34.307518],[-118.865204,34.307508],[-118.865156,34.307479],[-118.865131,34.307449],[-118.865111,34.307381],[-118.865129,34.307363],[-118.865175,34.307363],[-118.865226,34.307404],[-118.865303,34.307486],[-118.865303,34.307505],[-118.865283,34.307533],[-118.865215,34.307516],[-118.865214,34.307523],[-118.865257,34.307551],[-118.865302,34.30765],[-118.865344,34.307682],[-118.865406,34.307714],[-118.865487,34.307723],[-118.865544,34.307698],[-118.865563,34.307651],[-118.865544,34.307591],[-118.86551,34.307536],[-118.865471,34.307493],[-118.86542,34.307455],[-118.865315,34.307466],[-118.865285,34.307442],[-118.865211,34.30736],[-118.865214,34.307338],[-118.865233,34.307308],[-118.865229,34.307282],[-118.865198,34.307242],[-118.865141,34.307199],[-118.865097,34.307178],[-118.865047,34.307191],[-118.865007,34.307216],[-118.864983,34.307306],[-118.864953,34.30733],[-118.864915,34.3074],[-118.864881,34.307408],[-118.864885,34.307424],[-118.864912,34.307421],[-118.864934,34.307433],[-118.864976,34.307493],[-118.86496,34.307515],[-118.864922,34.307525],[-118.864858,34.307524],[-118.864838,34.307503],[-118.864822,34.307451],[-118.864848,34.307428],[-118.864876,34.307426],[-118.864874,34.307409],[-118.864836,34.307406],[-118.86479,34.307302],[-118.864794,34.30727],[-118.864818,34.307222],[-118.864863,34.307159],[-118.864867,34.307101],[-118.864846,34.306963],[-118.864812,34.306908],[-118.864767,34.306876],[-118.864639,34.306812],[-118.864582,34.306769],[-118.864235,34.306586],[-118.864138,34.306549],[-118.863708,34.306325],[-118.863667,34.306324],[-118.863613,34.306361],[-118.863631,34.30641],[-118.863636,34.306498],[-118.863615,34.306617],[-118.863629,34.306687],[-118.863656,34.306732],[-118.863688,34.306755],[-118.86387,34.306834],[-118.863908,34.306869],[-118.863898,34.306911],[-118.863922,34.306929],[-118.863973,34.307044],[-118.863951,34.307224],[-118.863995,34.307206],[-118.864052,34.307208],[-118.86412,34.30725],[-118.864171,34.307291],[-118.864169,34.307321],[-118.864181,34.307337],[-118.864256,34.307328],[-118.864396,34.307328],[-118.864446,34.30734],[-118.864481,34.307364],[-118.864492,34.307403],[-118.864494,34.307471],[-118.86455,34.307459],[-118.864517,34.307423],[-118.864512,34.307398],[-118.864527,34.307377],[-118.864549,34.307365],[-118.864663,34.30734],[-118.864716,34.307348],[-118.864733,34.307363],[-118.864746,34.307395],[-118.864744,34.307443],[-118.864728,34.307484],[-118.864683,34.307519],[-118.864635,34.307532],[-118.864576,34.307584],[-118.864554,34.307579],[-118.864545,34.307566],[-118.864568,34.307507],[-118.864554,34.307463],[-118.864497,34.307478],[-118.8645,34.307531],[-118.864485,34.307573],[-118.864408,34.307652],[-118.864352,34.307679],[-118.864343,34.30771],[-118.864355,34.307756],[-118.864402,34.307811],[-118.864493,34.307865],[-118.864542,34.307943],[-118.864669,34.307938]]]}},{"type":"Feature","properties":{"k":"rough"},"geometry":{"type":"Polygon","coordinates":[[[-118.864693,34.306531],[-118.864784,34.306453],[-118.864866,34.306346],[-118.864878,34.306224],[-118.864855,34.306114],[-118.864749,34.306001],[-118.864587,34.305914],[-118.864437,34.305874],[-118.864253,34.305788],[-118.86414,34.30572],[-118.863946,34.305504],[-118.863906,34.305433],[-118.863762,34.305344],[-118.863615,34.305363],[-118.863535,34.30544],[-118.863502,34.305522],[-118.863478,34.305736],[-118.863531,34.305909],[-118.863586,34.306024],[-118.863647,34.306094],[-118.863772,34.306154],[-118.863817,34.306201],[-118.863845,34.306247],[-118.863989,34.306333],[-118.864179,34.306413],[-118.864418,34.30654],[-118.86458,34.306581],[-118.864693,34.306531]]]}},{"type":"Feature","properties":{"k":"green"},"geometry":{"type":"Polygon","coordinates":[[[-118.862954,34.304447],[-118.862996,34.304405],[-118.863012,34.304362],[-118.863021,34.304317],[-118.863009,34.304262],[-118.862983,34.304221],[-118.862943,34.304182],[-118.86288,34.304161],[-118.862833,34.30417],[-118.862801,34.304198],[-118.862773,34.304261],[-118.862752,34.304347],[-118.862758,34.304406],[-118.862801,34.304442],[-118.862852,34.304456],[-118.862895,34.304461],[-118.862954,34.304447]]]}},{"type":"Feature","properties":{"k":"rough"},"geometry":{"type":"Polygon","coordinates":[[[-118.863189,34.304393],[-118.863202,34.304384],[-118.863203,34.304344],[-118.863237,34.304323],[-118.863285,34.304342],[-118.863419,34.304564],[-118.863515,34.304692],[-118.863555,34.304764],[-118.863558,34.304801],[-118.863535,34.304835],[-118.863503,34.304851],[-118.863448,34.304848],[-118.863374,34.304882],[-118.863305,34.304929],[-118.863272,34.304974],[-118.863265,34.305074],[-118.863213,34.304996],[-118.863165,34.30495],[-118.862986,34.304848],[-118.862911,34.304794],[-118.862754,34.304609],[-118.862669,34.304325],[-118.862678,34.304235],[-118.862733,34.304146],[-118.862788,34.304113],[-118.862876,34.304107],[-118.862948,34.304122],[-118.86302,34.304166],[-118.863048,34.304198],[-118.863089,34.304273],[-118.863141,34.304332],[-118.863163,34.304398],[-118.863189,34.304393]]]}},{"type":"Feature","properties":{"k":"rough"},"geometry":{"type":"Polygon","coordinates":[[[-118.863117,34.305392],[-118.8631,34.305347],[-118.863126,34.30516],[-118.863158,34.305143],[-118.863205,34.305137],[-118.863263,34.305175],[-118.863284,34.305208],[-118.863254,34.305361],[-118.863224,34.30539],[-118.863178,34.305399],[-118.863117,34.305392]]]}},{"type":"Feature","properties":{"k":"rough"},"geometry":{"type":"Polygon","coordinates":[[[-118.862877,34.30562],[-118.86291,34.305594],[-118.862911,34.305558],[-118.86287,34.305484],[-118.862839,34.305472],[-118.86281,34.305477],[-118.86278,34.305502],[-118.862777,34.305519],[-118.862789,34.305535],[-118.862781,34.305591],[-118.862796,34.305608],[-118.862831,34.305625],[-118.862833,34.305638],[-118.862848,34.305641],[-118.862877,34.30562]]]}},{"type":"Feature","properties":{"k":"bunker"},"geometry":{"type":"Polygon","coordinates":[[[-118.861957,34.304086],[-118.862007,34.304049],[-118.861964,34.304005],[-118.861848,34.303924],[-118.861788,34.303864],[-118.861765,34.303889],[-118.861796,34.303922],[-118.861793,34.303941],[-118.861769,34.303948],[-118.861732,34.303928],[-118.8617,34.3039],[-118.861689,34.303879],[-118.861698,34.30387],[-118.861676,34.303824],[-118.861666,34.303829],[-118.861651,34.303823],[-118.861622,34.303796],[-118.861626,34.303786],[-118.86164,34.303782],[-118.861664,34.303792],[-118.861702,34.303868],[-118.861731,34.303867],[-118.86176,34.303886],[-118.861785,34.303857],[-118.861713,34.303824],[-118.861688,34.303771],[-118.86164,34.303757],[-118.861596,34.303714],[-118.861566,34.303718],[-118.861568,34.303695],[-118.861585,34.303709],[-118.861594,34.303709],[-118.861593,34.303704],[-118.86155,34.303675],[-118.861525,34.303643],[-118.861452,34.303611],[-118.861408,34.303619],[-118.861389,34.303645],[-118.861396,34.303672],[-118.861459,34.303725],[-118.861514,34.303747],[-118.861534,34.303763],[-118.861583,34.303815],[-118.86162,34.303877],[-118.861695,34.303965],[-118.861838,34.30402],[-118.861857,34.304045],[-118.861886,34.304066],[-118.861929,34.304071],[-118.861957,34.304086]]]}},{"type":"Feature","properties":{"k":"rough"},"geometry":{"type":"Polygon","coordinates":[[[-118.861523,34.303624],[-118.86176,34.303823],[-118.861926,34.303918],[-118.86205,34.303949],[-118.862148,34.303948],[-118.862269,34.303866],[-118.862255,34.303621],[-118.862174,34.303246],[-118.862146,34.303191],[-118.862113,34.303025],[-118.862109,34.302735],[-118.862131,34.302553],[-118.862094,34.302325],[-118.861997,34.302199],[-118.861909,34.302132],[-118.861779,34.302096],[-118.861596,34.30214],[-118.86148,34.302251],[-118.861465,34.30256],[-118.861481,34.302868],[-118.861433,34.303392],[-118.861447,34.303501],[-118.861486,34.303593],[-118.861523,34.303624]]]}},{"type":"Feature","properties":{"k":"rough"},"geometry":{"type":"Polygon","coordinates":[[[-118.860967,34.301216],[-118.860923,34.301178],[-118.860892,34.301134],[-118.860902,34.30108],[-118.860918,34.301044],[-118.860973,34.301032],[-118.861034,34.301061],[-118.861089,34.301149],[-118.861076,34.301192],[-118.861053,34.301218],[-118.860997,34.301226],[-118.860967,34.301216]]]}},{"type":"Feature","properties":{"k":"rough"},"geometry":{"type":"Polygon","coordinates":[[[-118.861403,34.301774],[-118.861468,34.301737],[-118.861517,34.301695],[-118.861531,34.30165],[-118.861413,34.301408],[-118.861374,34.301265],[-118.861273,34.30123],[-118.861205,34.301227],[-118.861072,34.30138],[-118.861095,34.301398],[-118.86114,34.301466],[-118.861185,34.301629],[-118.86125,34.301761],[-118.861294,34.301791],[-118.861375,34.301792],[-118.861403,34.301774]]]}},{"type":"Feature","properties":{"k":"tee"},"geometry":{"type":"Polygon","coordinates":[[[-118.859468,34.30247],[-118.859312,34.302496],[-118.859253,34.30241],[-118.859239,34.30236],[-118.859247,34.302294],[-118.859237,34.302153],[-118.859275,34.30211],[-118.859326,34.302072],[-118.859512,34.302086],[-118.85954,34.302105],[-118.859596,34.302184],[-118.859539,34.302271],[-118.859484,34.302334],[-118.85947,34.302363],[-118.859459,34.302422],[-118.859468,34.30247]]]}},{"type":"Feature","properties":{"k":"tee"},"geometry":{"type":"Polygon","coordinates":[[[-118.863428,34.304768],[-118.863452,34.304779],[-118.863501,34.30478],[-118.863513,34.304774],[-118.863526,34.304746],[-118.863508,34.304708],[-118.86346,34.304655],[-118.86345,34.304631],[-118.863412,34.304597],[-118.863408,34.30457],[-118.86335,34.304506],[-118.863345,34.304481],[-118.863284,34.304371],[-118.86326,34.304349],[-118.863226,34.304345],[-118.863193,34.304396],[-118.863194,34.304406],[-118.863301,34.304481],[-118.863309,34.304499],[-118.863302,34.304536],[-118.863359,34.304624],[-118.863365,34.304655],[-118.863413,34.304758],[-118.863428,34.304768]]]}},{"type":"Feature","properties":{"k":"tee"},"geometry":{"type":"Polygon","coordinates":[[[-118.87013,34.311429],[-118.870151,34.311427],[-118.870183,34.311411],[-118.870197,34.31138],[-118.870163,34.31133],[-118.870109,34.311316],[-118.870076,34.311341],[-118.870069,34.311386],[-118.870086,34.311413],[-118.87013,34.311429]]]}},{"type":"Feature","properties":{"k":"tee"},"geometry":{"type":"Polygon","coordinates":[[[-118.868036,34.318245],[-118.868042,34.318186],[-118.868033,34.318147],[-118.868014,34.318135],[-118.867972,34.318134],[-118.86793,34.318155],[-118.867909,34.318191],[-118.867913,34.318251],[-118.867942,34.318272],[-118.867971,34.318279],[-118.868012,34.31827],[-118.868036,34.318245]]]}},{"type":"Feature","properties":{"k":"tee"},"geometry":{"type":"Polygon","coordinates":[[[-118.869903,34.318943],[-118.869778,34.318927],[-118.869769,34.318844],[-118.869736,34.318696],[-118.869736,34.318646],[-118.869747,34.318608],[-118.869772,34.318592],[-118.869806,34.3186],[-118.869837,34.318626],[-118.869927,34.318944],[-118.869903,34.318943]]]}},{"type":"Feature","properties":{"k":"fairway"},"geometry":{"type":"Polygon","coordinates":[[[-118.867155,34.311292],[-118.867169,34.311315],[-118.86717,34.311334],[-118.86716,34.311348],[-118.867144,34.311354],[-118.867127,34.311351],[-118.867093,34.311328],[-118.867094,34.311292],[-118.867138,34.311284],[-118.867155,34.311292]]]}},{"type":"Feature","properties":{"k":"rough"},"geometry":{"type":"Polygon","coordinates":[[[-118.859854,34.3033],[-118.859856,34.303314],[-118.859844,34.303322],[-118.859807,34.303323],[-118.859802,34.303317],[-118.859803,34.303307],[-118.859824,34.303297],[-118.859846,34.303294],[-118.859854,34.3033]]]}},{"type":"Feature","properties":{"k":"bunker"},"geometry":{"type":"Polygon","coordinates":[[[-118.870177,34.312362],[-118.870169,34.312368],[-118.870154,34.312361],[-118.870155,34.312345],[-118.870169,34.312344],[-118.870177,34.312362]]]}},{"type":"Feature","properties":{"k":"bunker"},"geometry":{"type":"Polygon","coordinates":[[[-118.868473,34.313466],[-118.868444,34.313495],[-118.868439,34.313514],[-118.868461,34.313513],[-118.868485,34.313477],[-118.868483,34.313467],[-118.868473,34.313466]]]}},{"type":"Feature","properties":{"k":"bunker"},"geometry":{"type":"Polygon","coordinates":[[[-118.868507,34.31343],[-118.8685,34.313451],[-118.868526,34.313443],[-118.868544,34.313428],[-118.868568,34.31337],[-118.868551,34.313361],[-118.868535,34.313372],[-118.86853,34.3134],[-118.868544,34.313404],[-118.868541,34.313414],[-118.868528,34.313412],[-118.868507,34.31343]]]}}]}