{"type":"FeatureCollection","features":[{"type":"Feature","properties":{"k":"hole","ref":"1","par":4},"geometry":{"type":"LineString","coordinates":[[-79.406585,44.097017],[-79.403839,44.096251],[-79.403046,44.096053]]}},{"type":"Feature","properties":{"k":"hole","ref":"2","par":5},"geometry":{"type":"LineString","coordinates":[[-79.40293,44.095365],[-79.405984,44.094811],[-79.407228,44.09465],[-79.408492,44.094627]]}},{"type":"Feature","properties":{"k":"hole","ref":"3","par":4},"geometry":{"type":"LineString","coordinates":[[-79.407631,44.094247],[-79.410828,44.093662],[-79.412239,44.093348]]}},{"type":"Feature","properties":{"k":"hole","ref":"4","par":4},"geometry":{"type":"LineString","coordinates":[[-79.412849,44.093936],[-79.410446,44.094419],[-79.409072,44.094295]]}},{"type":"Feature","properties":{"k":"hole","ref":"5","par":4},"geometry":{"type":"LineString","coordinates":[[-79.408252,44.095184],[-79.41137,44.095042],[-79.412849,44.095281]]}},{"type":"Feature","properties":{"k":"hole","ref":"6","par":4},"geometry":{"type":"LineString","coordinates":[[-79.413274,44.095605],[-79.410347,44.096901],[-79.409294,44.09745]]}},{"type":"Feature","properties":{"k":"hole","ref":"7","par":3},"geometry":{"type":"LineString","coordinates":[[-79.408794,44.096963],[-79.410033,44.096352]]}},{"type":"Feature","properties":{"k":"hole","ref":"8","par":5},"geometry":{"type":"LineString","coordinates":[[-79.411922,44.095692],[-79.408781,44.095821],[-79.406094,44.095578],[-79.405241,44.095528]]}},{"type":"Feature","properties":{"k":"hole","ref":"9","par":3},"geometry":{"type":"LineString","coordinates":[[-79.406522,44.096204],[-79.408754,44.096441]]}},{"type":"Feature","properties":{"k":"hole","ref":"10","par":4},"geometry":{"type":"LineString","coordinates":[[-79.407286,44.096948],[-79.404915,44.096033],[-79.403563,44.09555]]}},{"type":"Feature","properties":{"k":"hole","ref":"11","par":5},"geometry":{"type":"LineString","coordinates":[[-79.403134,44.095489],[-79.4007,44.09602],[-79.399554,44.097193],[-79.399221,44.097848]]}},{"type":"Feature","properties":{"k":"hole","ref":"12","par":3},"geometry":{"type":"LineString","coordinates":[[-79.398827,44.097091],[-79.397471,44.098427]]}},{"type":"Feature","properties":{"k":"hole","ref":"13","par":4},"geometry":{"type":"LineString","coordinates":[[-79.396243,44.097996],[-79.397713,44.099938],[-79.399177,44.099728]]}},{"type":"Feature","properties":{"k":"hole","ref":"14","par":4},"geometry":{"type":"LineString","coordinates":[[-79.399128,44.098954],[-79.400953,44.099441]]}},{"type":"Feature","properties":{"k":"hole","ref":"15","par":4},"geometry":{"type":"LineString","coordinates":[[-79.399451,44.099084],[-79.402031,44.098776],[-79.403941,44.098664]]}},{"type":"Feature","properties":{"k":"hole","ref":"16","par":5},"geometry":{"type":"LineString","coordinates":[[-79.405178,44.098189],[-79.402377,44.097993],[-79.400494,44.098414],[-79.399738,44.098615]]}},{"type":"Feature","properties":{"k":"hole","ref":"17","par":4},"geometry":{"type":"LineString","coordinates":[[-79.39906,44.098812],[-79.401088,44.096855],[-79.401393,44.096317]]}},{"type":"Feature","properties":{"k":"hole","ref":"18","par":4},"geometry":{"type":"LineString","coordinates":[[-79.401982,44.096209],[-79.403478,44.097582],[-79.405222,44.097915]]}},{"type":"Feature","properties":{"k":"stream"},"geometry":{"type":"LineString","coordinates":[[-79.39806,44.092531],[-79.398075,44.092633],[-79.398238,44.09289],[-79.398356,44.092984],[-79.398561,44.093048],[-79.398608,44.093202],[-79.398415,44.093358],[-79.398344,44.093671],[-79.39811,44.093838],[-79.398012,44.094084],[-79.398015,44.094257],[-79.398323,44.094457],[-79.398441,44.094588],[-79.398456,44.094908],[-79.398678,44.095466],[-79.398699,44.095696],[-79.398651,44.095906],[-79.398322,44.096418],[-79.39826,44.096561],[-79.397925,44.096837],[-79.39775,44.096941],[-79.397507,44.097388],[-79.39724,44.097503],[-79.396407,44.097761],[-79.396202,44.097879],[-79.396004,44.097943],[-79.395956,44.098116],[-79.396042,44.098231],[-79.396412,44.098543],[-79.396338,44.098757],[-79.396113,44.098861],[-79.395805,44.098878],[-79.395641,44.098985],[-79.395858,44.09916],[-79.395976,44.099327],[-79.395964,44.09947],[-79.395674,44.099508],[-79.395475,44.099609],[-79.395511,44.099797],[-79.39568,44.099818],[-79.395878,44.09979],[-79.395902,44.09994],[-79.395967,44.100079],[-79.395789,44.100156],[-79.395801,44.100267],[-79.396085,44.100245],[-79.39632,44.100188],[-79.396376,44.100025],[-79.396678,44.099989],[-79.39699,44.100073],[-79.397081,44.10028],[-79.396927,44.100397],[-79.397075,44.100551],[-79.397212,44.100848],[-79.397128,44.10116],[-79.397001,44.101346],[-79.397152,44.101418],[-79.397579,44.101532],[-79.397748,44.101444],[-79.397899,44.101517],[-79.398012,44.101664],[-79.398047,44.101779],[-79.397801,44.101908],[-79.397677,44.102085],[-79.397934,44.102068],[-79.398145,44.102151],[-79.39837,44.102083],[-79.398726,44.102074],[-79.398945,44.102132],[-79.39888,44.102284],[-79.399067,44.102399],[-79.399253,44.102442],[-79.39944,44.102376],[-79.399763,44.102497],[-79.399698,44.102649],[-79.399787,44.102792],[-79.4,44.102976],[-79.400166,44.103006],[-79.400403,44.102976],[-79.400498,44.103139],[-79.400697,44.10322],[-79.40078,44.103126],[-79.400978,44.103062],[-79.401135,44.103081],[-79.401218,44.103132],[-79.401369,44.103277],[-79.401675,44.103269]]}},{"type":"Feature","properties":{"k":"stream"},"geometry":{"type":"LineString","coordinates":[[-79.410359,44.09238],[-79.410383,44.092701],[-79.410495,44.092958],[-79.410655,44.093186],[-79.410821,44.093325],[-79.410738,44.093455],[-79.410335,44.09371],[-79.409908,44.094577],[-79.409908,44.094831],[-79.409798,44.095074],[-79.409567,44.095232],[-79.409395,44.095292]]}},{"type":"Feature","properties":{"k":"water"},"geometry":{"type":"Polygon","coordinates":[[[-79.405958,44.095051],[-79.405719,44.095084],[-79.405609,44.095084],[-79.405563,44.095105],[-79.405508,44.095112],[-79.4054,44.09517],[-79.405374,44.095205],[-79.405374,44.095243],[-79.40541,44.095253],[-79.405435,44.095256],[-79.405456,44.09525],[-79.40553,44.095264],[-79.405607,44.095257],[-79.405704,44.095289],[-79.40578,44.095298],[-79.40586,44.095296],[-79.405882,44.095288],[-79.405902,44.095252],[-79.4059,44.095198],[-79.405935,44.095145],[-79.405953,44.095131],[-79.406038,44.095119],[-79.406059,44.095087],[-79.406055,44.095066],[-79.406038,44.09505],[-79.406014,44.095045],[-79.405958,44.095051]]]}},{"type":"Feature","properties":{"k":"water"},"geometry":{"type":"Polygon","coordinates":[[[-79.406894,44.094819],[-79.406823,44.094816],[-79.40673,44.0948],[-79.406631,44.09478],[-79.406478,44.094733],[-79.406379,44.094759],[-79.406276,44.094797],[-79.406253,44.094837],[-79.406257,44.09485],[-79.406321,44.094902],[-79.406499,44.094987],[-79.406914,44.095004],[-79.406972,44.094984],[-79.407031,44.094946],[-79.407059,44.094882],[-79.407032,44.094856],[-79.406894,44.094819]]]}},{"type":"Feature","properties":{"k":"water"},"geometry":{"type":"Polygon","coordinates":[[[-79.404166,44.09787],[-79.404221,44.097911],[-79.40427,44.097988],[-79.404304,44.098092],[-79.404312,44.098219],[-79.404339,44.098247],[-79.404374,44.098259],[-79.404442,44.098235],[-79.404469,44.098198],[-79.404526,44.098161],[-79.404676,44.098115],[-79.404738,44.098103],[-79.404877,44.09805],[-79.404877,44.098019],[-79.404828,44.097975],[-79.404794,44.09796],[-79.404757,44.097966],[-79.404683,44.098003],[-79.404606,44.098004],[-79.404534,44.097994],[-79.404499,44.097982],[-79.404468,44.097963],[-79.404443,44.097907],[-79.404414,44.097881],[-79.404397,44.097829],[-79.404363,44.097811],[-79.404289,44.097796],[-79.404209,44.097809],[-79.404169,44.097845],[-79.404166,44.09787]]]}},{"type":"Feature","properties":{"k":"water"},"geometry":{"type":"Polygon","coordinates":[[[-79.403929,44.097628],[-79.403962,44.097681],[-79.404021,44.097734],[-79.404051,44.097747],[-79.404068,44.097753],[-79.404166,44.097748],[-79.404205,44.097734],[-79.404212,44.097668],[-79.404198,44.097628],[-79.404157,44.097578],[-79.404075,44.097535],[-79.403965,44.097515],[-79.403945,44.097515],[-79.403927,44.097526],[-79.403914,44.097603],[-79.403929,44.097628]]]}},{"type":"Feature","properties":{"k":"water"},"geometry":{"type":"Polygon","coordinates":[[[-79.402589,44.098958],[-79.402712,44.098976],[-79.402794,44.098966],[-79.402838,44.098971],[-79.402902,44.098958],[-79.402933,44.098967],[-79.402958,44.098962],[-79.40302,44.098927],[-79.403029,44.098909],[-79.403027,44.098873],[-79.403,44.098823],[-79.402905,44.098743],[-79.402804,44.0987],[-79.402715,44.09868],[-79.40262,44.09868],[-79.402527,44.098698],[-79.402471,44.098716],[-79.402434,44.098747],[-79.402409,44.098755],[-79.402347,44.09876],[-79.402284,44.098777],[-79.402267,44.098799],[-79.402272,44.098826],[-79.402292,44.098862],[-79.402346,44.098908],[-79.402401,44.09893],[-79.402489,44.09895],[-79.402539,44.098948],[-79.402589,44.098958]]]}},{"type":"Feature","properties":{"k":"water"},"geometry":{"type":"Polygon","coordinates":[[[-79.400009,44.099508],[-79.400051,44.099515],[-79.400094,44.099512],[-79.400131,44.099498],[-79.400214,44.099486],[-79.400307,44.099482],[-79.400362,44.099494],[-79.400407,44.099511],[-79.400449,44.099543],[-79.400462,44.099566],[-79.400469,44.099616],[-79.400435,44.099636],[-79.400351,44.099653],[-79.400097,44.099737],[-79.400025,44.099746],[-79.39994,44.099774],[-79.399886,44.099779],[-79.399772,44.099831],[-79.399731,44.099837],[-79.399718,44.09985],[-79.399536,44.099878],[-79.399472,44.099871],[-79.399463,44.099824],[-79.399547,44.099762],[-79.399689,44.09968],[-79.399775,44.099602],[-79.399823,44.099515],[-79.399897,44.099505],[-79.399965,44.099519],[-79.400009,44.099508]]]}},{"type":"Feature","properties":{"k":"water"},"geometry":{"type":"Polygon","coordinates":[[[-79.397706,44.099681],[-79.397762,44.099749],[-79.397816,44.099782],[-79.397859,44.099772],[-79.397943,44.099713],[-79.397882,44.099621],[-79.397848,44.09959],[-79.39784,44.099529],[-79.397853,44.099501],[-79.397854,44.099456],[-79.397832,44.099415],[-79.39782,44.09928],[-79.397807,44.099265],[-79.397726,44.099217],[-79.397689,44.099161],[-79.39764,44.099114],[-79.397586,44.099108],[-79.39754,44.099123],[-79.397525,44.099173],[-79.397573,44.099237],[-79.397582,44.099262],[-79.397575,44.099319],[-79.397642,44.099391],[-79.397655,44.099409],[-79.397662,44.099456],[-79.397672,44.099471],[-79.397693,44.09948],[-79.397685,44.099491],[-79.397681,44.099636],[-79.397706,44.099681]]]}},{"type":"Feature","properties":{"k":"water"},"geometry":{"type":"Polygon","coordinates":[[[-79.408105,44.09767],[-79.408153,44.097702],[-79.408336,44.097726],[-79.4084,44.097714],[-79.408529,44.097656],[-79.40855,44.097606],[-79.408518,44.097456],[-79.408518,44.097352],[-79.408545,44.097209],[-79.40855,44.097051],[-79.408518,44.09699],[-79.408368,44.096863],[-79.408331,44.096816],[-79.408325,44.09672],[-79.408282,44.096678],[-79.408236,44.096651],[-79.408202,44.096601],[-79.408255,44.096566],[-79.408328,44.096475],[-79.408344,44.096437],[-79.40825,44.096223],[-79.408245,44.096073],[-79.408229,44.096027],[-79.40823,44.095978],[-79.408357,44.095868],[-79.40836,44.095856],[-79.408357,44.095826],[-79.408304,44.095796],[-79.408282,44.095749],[-79.408282,44.095697],[-79.408293,44.095657],[-79.408357,44.095576],[-79.408513,44.095514],[-79.40862,44.095456],[-79.408754,44.095402],[-79.408845,44.095337],[-79.408905,44.095314],[-79.409055,44.095314],[-79.409264,44.095349],[-79.409403,44.095349],[-79.409468,44.095329],[-79.40957,44.095264],[-79.409677,44.095214],[-79.409734,44.095205],[-79.409811,44.095175],[-79.409843,44.095141],[-79.409832,44.095121],[-79.409837,44.095069],[-79.409883,44.095002],[-79.409934,44.094959],[-79.409943,44.094871],[-79.409892,44.094761],[-79.409898,44.09456],[-79.409982,44.094457],[-79.410179,44.094044],[-79.410271,44.093885],[-79.4103,44.093798],[-79.410297,44.093758],[-79.410341,44.093621],[-79.41046,44.093553],[-79.410711,44.093504],[-79.410745,44.093458],[-79.410741,44.093353],[-79.41069,44.093283],[-79.410353,44.09241],[-79.410349,44.092466],[-79.410655,44.09328],[-79.410703,44.093366],[-79.410715,44.093455],[-79.410692,44.093495],[-79.410587,44.093513],[-79.410418,44.093557],[-79.410329,44.09361],[-79.410297,44.093721],[-79.410278,44.093755],[-79.410284,44.093791],[-79.41026,44.093834],[-79.410246,44.09392],[-79.410168,44.093994],[-79.410137,44.094102],[-79.410087,44.094188],[-79.41005,44.094283],[-79.409977,44.094382],[-79.409871,44.094566],[-79.409859,44.094756],[-79.409918,44.094893],[-79.409871,44.094981],[-79.409823,44.095039],[-79.409758,44.09508],[-79.409687,44.095091],[-79.409604,44.09513],[-79.409587,44.095163],[-79.409592,44.095205],[-79.40943,44.095295],[-79.409366,44.09531],[-79.409291,44.095314],[-79.409049,44.095275],[-79.408899,44.095275],[-79.40884,44.095306],[-79.408754,44.095329],[-79.408685,44.095333],[-79.408599,44.09541],[-79.408524,44.095433],[-79.408406,44.095487],[-79.408357,44.095518],[-79.408282,44.095595],[-79.408229,44.095684],[-79.408174,44.095712],[-79.408156,44.095739],[-79.408149,44.095789],[-79.408131,44.095825],[-79.408112,44.095831],[-79.4081,44.095846],[-79.408084,44.095892],[-79.408091,44.095941],[-79.408127,44.09598],[-79.408124,44.095998],[-79.408107,44.096011],[-79.40805,44.096025],[-79.408025,44.096038],[-79.407987,44.096131],[-79.407933,44.096162],[-79.407861,44.096185],[-79.407829,44.096206],[-79.40781,44.096354],[-79.407815,44.096454],[-79.407848,44.096497],[-79.407955,44.096555],[-79.408105,44.096601],[-79.408125,44.09664],[-79.40803,44.096693],[-79.408053,44.096756],[-79.408102,44.096773],[-79.408132,44.09682],[-79.408145,44.096895],[-79.408186,44.096921],[-79.408218,44.097013],[-79.40825,44.097055],[-79.408298,44.097221],[-79.408298,44.097321],[-79.408314,44.097371],[-79.408293,44.097417],[-79.408199,44.097512],[-79.408108,44.097622],[-79.408105,44.09767]]]}},{"type":"Feature","properties":{"k":"water"},"geometry":{"type":"Polygon","coordinates":[[[-79.401864,44.098321],[-79.401951,44.098362],[-79.402045,44.098421],[-79.402087,44.098476],[-79.40211,44.098541],[-79.402126,44.098563],[-79.402157,44.098573],[-79.402185,44.09857],[-79.402271,44.098513],[-79.402395,44.09847],[-79.402421,44.098436],[-79.402419,44.098417],[-79.402405,44.098401],[-79.40234,44.09838],[-79.402227,44.098319],[-79.402188,44.098306],[-79.402168,44.098288],[-79.401979,44.098266],[-79.401888,44.098271],[-79.401853,44.098287],[-79.401848,44.098305],[-79.401864,44.098321]]]}},{"type":"Feature","properties":{"k":"water"},"geometry":{"type":"Polygon","coordinates":[[[-79.404657,44.096284],[-79.404903,44.096361],[-79.404973,44.096373],[-79.405062,44.09641],[-79.405131,44.096425],[-79.405169,44.096425],[-79.405198,44.096411],[-79.405282,44.096361],[-79.405292,44.096338],[-79.405271,44.096319],[-79.405239,44.096311],[-79.405139,44.096325],[-79.40507,44.096315],[-79.404944,44.096269],[-79.404745,44.096213],[-79.404675,44.096211],[-79.404646,44.096224],[-79.40463,44.096259],[-79.404657,44.096284]]]}},{"type":"Feature","properties":{"k":"path"},"geometry":{"type":"LineString","coordinates":[[-79.406066,44.096767],[-79.40681,44.097024]]}},{"type":"Feature","properties":{"k":"path"},"geometry":{"type":"LineString","coordinates":[[-79.405968,44.096566],[-79.406542,44.09675],[-79.406826,44.096852],[-79.406981,44.096951]]}},{"type":"Feature","properties":{"k":"path"},"geometry":{"type":"LineString","coordinates":[[-79.405956,44.095827],[-79.406212,44.095926],[-79.406444,44.096031],[-79.406651,44.096098],[-79.406928,44.096125],[-79.407168,44.09621],[-79.40744,44.096379],[-79.407611,44.096452],[-79.407895,44.096621],[-79.407985,44.096767],[-79.408029,44.096916],[-79.407993,44.097024],[-79.40792,44.097068],[-79.407806,44.097085],[-79.407696,44.097079],[-79.407631,44.097068]]}},{"type":"Feature","properties":{"k":"path"},"geometry":{"type":"LineString","coordinates":[[-79.408363,44.096624],[-79.408241,44.096619],[-79.408046,44.096627],[-79.407914,44.096652]]}},{"type":"Feature","properties":{"k":"path"},"geometry":{"type":"LineString","coordinates":[[-79.410053,44.094498],[-79.409884,44.094476],[-79.409787,44.09449]]}},{"type":"Feature","properties":{"k":"path"},"geometry":{"type":"LineString","coordinates":[[-79.4092,44.094475],[-79.409103,44.094516],[-79.409021,44.094583],[-79.408977,44.094679],[-79.40896,44.094735],[-79.408971,44.094744],[-79.409078,44.094773],[-79.409196,44.094761],[-79.409278,44.094773],[-79.409412,44.094799],[-79.409566,44.09484],[-79.409692,44.094898],[-79.409784,44.094972],[-79.409883,44.095002],[-79.410013,44.09503]]}},{"type":"Feature","properties":{"k":"path"},"geometry":{"type":"LineString","coordinates":[[-79.408971,44.094744],[-79.40879,44.094831],[-79.408607,44.095027],[-79.408555,44.095176],[-79.408606,44.095204],[-79.4092,44.095126],[-79.409367,44.095097],[-79.409749,44.095004],[-79.409784,44.094972]]}},{"type":"Feature","properties":{"k":"path"},"geometry":{"type":"LineString","coordinates":[[-79.412587,44.093725],[-79.412632,44.093754],[-79.412644,44.093789],[-79.412632,44.093824],[-79.412221,44.093888]]}},{"type":"Feature","properties":{"k":"path"},"geometry":{"type":"LineString","coordinates":[[-79.408187,44.094513],[-79.40841,44.094417],[-79.408524,44.094384],[-79.408589,44.094345],[-79.408633,44.094288],[-79.408623,44.094195],[-79.408647,44.094149],[-79.408712,44.094101],[-79.408847,44.094087],[-79.408952,44.094043],[-79.409119,44.094026],[-79.409456,44.09402],[-79.409656,44.093982],[-79.409993,44.09395],[-79.410119,44.093944],[-79.410302,44.093979],[-79.410558,44.09392],[-79.410755,44.093852],[-79.411073,44.093795]]}},{"type":"Feature","properties":{"k":"path"},"geometry":{"type":"LineString","coordinates":[[-79.402224,44.095684],[-79.402773,44.09562],[-79.402964,44.095608],[-79.403106,44.095585],[-79.403232,44.095588],[-79.40324,44.095628],[-79.403212,44.095669]]}},{"type":"Feature","properties":{"k":"path"},"geometry":{"type":"LineString","coordinates":[[-79.403232,44.095588],[-79.40324,44.095535],[-79.403216,44.095468],[-79.403244,44.095376],[-79.403202,44.095277],[-79.403227,44.095252],[-79.40336,44.095206],[-79.404203,44.095013]]}},{"type":"Feature","properties":{"k":"path"},"geometry":{"type":"LineString","coordinates":[[-79.398939,44.097719],[-79.398906,44.097739],[-79.398854,44.097751],[-79.398813,44.097739],[-79.398785,44.097643],[-79.398725,44.097541]]}},{"type":"Feature","properties":{"k":"path"},"geometry":{"type":"LineString","coordinates":[[-79.399024,44.09717],[-79.399008,44.097141],[-79.398976,44.097129],[-79.398935,44.097129],[-79.398886,44.097167],[-79.398821,44.097284],[-79.398801,44.097395],[-79.398744,44.097526],[-79.398638,44.097617],[-79.398533,44.097684],[-79.398313,44.0978]]}},{"type":"Feature","properties":{"k":"path"},"geometry":{"type":"LineString","coordinates":[[-79.398711,44.099709],[-79.398806,44.099702],[-79.398885,44.09968],[-79.398963,44.099642],[-79.399138,44.099509],[-79.399167,44.099477],[-79.399268,44.099427],[-79.399419,44.099409],[-79.399476,44.099377],[-79.399614,44.099328],[-79.399943,44.099246],[-79.400195,44.099153],[-79.400293,44.099097],[-79.40039,44.099097],[-79.400516,44.099129],[-79.400598,44.099164],[-79.400768,44.099211],[-79.400838,44.099205],[-79.400902,44.099185],[-79.400882,44.099139],[-79.400824,44.099123],[-79.400759,44.099142],[-79.400671,44.099185]]}},{"type":"Feature","properties":{"k":"path"},"geometry":{"type":"LineString","coordinates":[[-79.40029,44.099099],[-79.400199,44.099072],[-79.400126,44.099076],[-79.400022,44.09906],[-79.399784,44.098964]]}},{"type":"Feature","properties":{"k":"path"},"geometry":{"type":"LineString","coordinates":[[-79.399601,44.098302],[-79.399576,44.098335],[-79.39952,44.098379],[-79.399406,44.09849],[-79.399228,44.098647],[-79.399176,44.098704],[-79.39913,44.098722],[-79.399084,44.098714],[-79.399084,44.098671],[-79.399191,44.098564],[-79.399244,44.098541],[-79.399351,44.098536]]}},{"type":"Feature","properties":{"k":"path"},"geometry":{"type":"LineString","coordinates":[[-79.403197,44.098467],[-79.403295,44.098446],[-79.403376,44.098401],[-79.403477,44.098374],[-79.403553,44.098381],[-79.403699,44.09842],[-79.403801,44.098425],[-79.403945,44.098454],[-79.404106,44.09846],[-79.404188,44.098435],[-79.40428,44.098419],[-79.404467,44.098419],[-79.404556,44.098409],[-79.404683,44.098372],[-79.404775,44.098318]]}},{"type":"Feature","properties":{"k":"path"},"geometry":{"type":"LineString","coordinates":[[-79.404467,44.098419],[-79.404361,44.098356],[-79.404287,44.098343],[-79.404116,44.098357],[-79.404,44.098339],[-79.403892,44.098313],[-79.403763,44.09826]]}},{"type":"Feature","properties":{"k":"path"},"geometry":{"type":"LineString","coordinates":[[-79.40212,44.096533],[-79.402046,44.096499],[-79.401982,44.09646],[-79.401966,44.096378],[-79.401997,44.09632],[-79.401973,44.096274],[-79.401886,44.096179],[-79.401812,44.096183],[-79.401763,44.096203]]}},{"type":"Feature","properties":{"k":"path"},"geometry":{"type":"LineString","coordinates":[[-79.401966,44.096378],[-79.401886,44.096413],[-79.401852,44.096449],[-79.401828,44.096511],[-79.401834,44.096577],[-79.401815,44.096657],[-79.401775,44.096701],[-79.401686,44.096727],[-79.401606,44.096767],[-79.401594,44.096827],[-79.401618,44.096873],[-79.401689,44.096887],[-79.401791,44.096871],[-79.40188,44.096867],[-79.401994,44.096887],[-79.402194,44.096938]]}},{"type":"Feature","properties":{"k":"path"},"geometry":{"type":"LineString","coordinates":[[-79.403951,44.097812],[-79.404047,44.097812],[-79.404224,44.097768],[-79.404377,44.097741],[-79.404489,44.097702],[-79.404623,44.097697],[-79.404824,44.097701],[-79.405312,44.097733],[-79.405433,44.097778],[-79.405481,44.097866],[-79.405586,44.09792],[-79.40569,44.097955],[-79.405817,44.097986],[-79.405953,44.097989],[-79.406085,44.097939],[-79.406264,44.097887],[-79.406436,44.097857],[-79.406543,44.097808]]}},{"type":"Feature","properties":{"k":"path"},"geometry":{"type":"LineString","coordinates":[[-79.41303,44.095472],[-79.413085,44.095486],[-79.413113,44.095512],[-79.413072,44.095539],[-79.41268,44.095685]]}},{"type":"Feature","properties":{"k":"path"},"geometry":{"type":"LineString","coordinates":[[-79.408969,44.097148],[-79.408882,44.097128],[-79.40886,44.097111],[-79.408882,44.097087],[-79.408929,44.097062],[-79.408997,44.097041],[-79.409169,44.096967]]}},{"type":"Feature","properties":{"k":"path"},"geometry":{"type":"LineString","coordinates":[[-79.408142,44.095676],[-79.40834,44.095727],[-79.408511,44.095702],[-79.408603,44.095698]]}},{"type":"Feature","properties":{"k":"path"},"geometry":{"type":"LineString","coordinates":[[-79.410359,44.096308],[-79.410557,44.096231],[-79.410697,44.096197],[-79.410815,44.096139],[-79.410879,44.096085],[-79.410944,44.096046],[-79.411299,44.095994],[-79.411429,44.096045],[-79.411468,44.096051],[-79.411513,44.096046],[-79.411546,44.096031],[-79.411555,44.096007],[-79.411552,44.095988],[-79.411501,44.095955],[-79.411299,44.095994]]}},{"type":"Feature","properties":{"k":"path"},"geometry":{"type":"LineString","coordinates":[[-79.410959,44.096044],[-79.410414,44.096015]]}},{"type":"Feature","properties":{"k":"path"},"geometry":{"type":"LineString","coordinates":[[-79.410824,44.096131],[-79.410821,44.096072],[-79.4108,44.096038]]}},{"type":"Feature","properties":{"k":"path"},"geometry":{"type":"LineString","coordinates":[[-79.399228,44.098647],[-79.399148,44.098605]]}},{"type":"Feature","properties":{"k":"path"},"geometry":{"type":"LineString","coordinates":[[-79.412587,44.093725],[-79.412357,44.093626],[-79.412245,44.093593],[-79.412134,44.093613],[-79.411994,44.093678],[-79.411898,44.093685]]}},{"type":"Feature","properties":{"k":"path"},"geometry":{"type":"LineString","coordinates":[[-79.409787,44.09449],[-79.409664,44.094498],[-79.409548,44.094476],[-79.409371,44.094465],[-79.4092,44.094475]]}},{"type":"Feature","properties":{"k":"bunker"},"geometry":{"type":"Polygon","coordinates":[[[-79.404729,44.096753],[-79.40466,44.096751],[-79.404618,44.096737],[-79.404601,44.096702],[-79.404632,44.09667],[-79.40467,44.096661],[-79.404702,44.096666],[-79.404774,44.096703],[-79.404791,44.096727],[-79.404787,44.096746],[-79.40477,44.096753],[-79.404729,44.096753]]]}},{"type":"Feature","properties":{"k":"bunker"},"geometry":{"type":"Polygon","coordinates":[[[-79.404067,44.096515],[-79.403986,44.096495],[-79.403967,44.096475],[-79.403971,44.096449],[-79.403987,44.096439],[-79.40401,44.096438],[-79.404062,44.096448],[-79.404187,44.096485],[-79.404202,44.096506],[-79.404192,44.096528],[-79.40418,44.096533],[-79.404158,44.096534],[-79.404067,44.096515]]]}},{"type":"Feature","properties":{"k":"bunker"},"geometry":{"type":"Polygon","coordinates":[[[-79.404257,44.096244],[-79.404182,44.096212],[-79.404157,44.096181],[-79.404156,44.096156],[-79.404203,44.096135],[-79.404241,44.096138],[-79.404273,44.09617],[-79.404324,44.09619],[-79.404349,44.096208],[-79.404342,44.096246],[-79.404288,44.096255],[-79.404257,44.096244]]]}},{"type":"Feature","properties":{"k":"bunker"},"geometry":{"type":"Polygon","coordinates":[[[-79.404481,44.096106],[-79.404368,44.096066],[-79.404352,44.096043],[-79.404361,44.096019],[-79.404376,44.096012],[-79.40441,44.096012],[-79.404508,44.096048],[-79.404532,44.096064],[-79.40454,44.096086],[-79.404535,44.096099],[-79.404481,44.096106]]]}},{"type":"Feature","properties":{"k":"bunker"},"geometry":{"type":"Polygon","coordinates":[[[-79.403206,44.096142],[-79.403146,44.096166],[-79.403067,44.09618],[-79.403054,44.09619],[-79.403054,44.096204],[-79.403071,44.096214],[-79.403104,44.096218],[-79.40319,44.096211],[-79.403246,44.096183],[-79.403264,44.096162],[-79.403259,44.09614],[-79.403227,44.096133],[-79.403206,44.096142]]]}},{"type":"Feature","properties":{"k":"bunker"},"geometry":{"type":"Polygon","coordinates":[[[-79.402986,44.096209],[-79.40295,44.096167],[-79.402908,44.09615],[-79.402873,44.096152],[-79.402851,44.09617],[-79.40284,44.096192],[-79.402844,44.096216],[-79.402855,44.096225],[-79.402903,44.096238],[-79.402984,44.096238],[-79.402994,44.096221],[-79.402986,44.096209]]]}},{"type":"Feature","properties":{"k":"bunker"},"geometry":{"type":"Polygon","coordinates":[[[-79.40279,44.095919],[-79.402725,44.095942],[-79.402703,44.095963],[-79.402702,44.095988],[-79.402715,44.095996],[-79.402749,44.095994],[-79.402804,44.095967],[-79.402817,44.095933],[-79.402808,44.095921],[-79.40279,44.095919]]]}},{"type":"Feature","properties":{"k":"bunker"},"geometry":{"type":"Polygon","coordinates":[[[-79.402943,44.095858],[-79.402857,44.095904],[-79.402852,44.09592],[-79.402862,44.095935],[-79.402902,44.095938],[-79.402984,44.095901],[-79.40299,44.095884],[-79.402979,44.095866],[-79.402943,44.095858]]]}},{"type":"Feature","properties":{"k":"bunker"},"geometry":{"type":"Polygon","coordinates":[[[-79.403769,44.095519],[-79.403773,44.095569],[-79.403806,44.095576],[-79.403823,44.09557],[-79.403834,44.095536],[-79.403824,44.095506],[-79.403792,44.095503],[-79.403769,44.095519]]]}},{"type":"Feature","properties":{"k":"bunker"},"geometry":{"type":"Polygon","coordinates":[[[-79.40376,44.09568],[-79.403796,44.095653],[-79.403807,44.095624],[-79.403785,44.095603],[-79.403734,44.095595],[-79.403683,44.095632],[-79.403674,44.095653],[-79.403717,44.095681],[-79.403738,44.095686],[-79.40376,44.09568]]]}},{"type":"Feature","properties":{"k":"bunker"},"geometry":{"type":"Polygon","coordinates":[[[-79.403559,44.095743],[-79.403647,44.095743],[-79.403691,44.095723],[-79.403689,44.095703],[-79.403648,44.095682],[-79.403591,44.095684],[-79.403543,44.095711],[-79.403542,44.095731],[-79.403559,44.095743]]]}},{"type":"Feature","properties":{"k":"bunker"},"geometry":{"type":"Polygon","coordinates":[[[-79.405471,44.095493],[-79.405449,44.095468],[-79.40538,44.095447],[-79.40535,44.09543],[-79.405358,44.095403],[-79.405396,44.095396],[-79.405549,44.095421],[-79.405562,44.09545],[-79.405557,44.095475],[-79.405535,44.095492],[-79.405509,44.095497],[-79.405471,44.095493]]]}},{"type":"Feature","properties":{"k":"bunker"},"geometry":{"type":"Polygon","coordinates":[[[-79.405773,44.095412],[-79.40571,44.095442],[-79.405642,44.095462],[-79.405634,44.095473],[-79.405642,44.095493],[-79.405688,44.095498],[-79.405764,44.095477],[-79.405808,44.095473],[-79.405823,44.095464],[-79.405827,44.095448],[-79.405815,44.095426],[-79.405773,44.095412]]]}},{"type":"Feature","properties":{"k":"bunker"},"geometry":{"type":"Polygon","coordinates":[[[-79.407404,44.094443],[-79.407255,44.094434],[-79.40723,44.094444],[-79.407225,44.094477],[-79.407249,44.094489],[-79.407316,44.094483],[-79.407381,44.094501],[-79.407422,44.094501],[-79.40745,44.094475],[-79.407444,44.094459],[-79.407404,44.094443]]]}},{"type":"Feature","properties":{"k":"bunker"},"geometry":{"type":"Polygon","coordinates":[[[-79.407755,44.094439],[-79.407642,44.09444],[-79.407613,44.09445],[-79.407607,44.094472],[-79.407629,44.094486],[-79.407663,44.09449],[-79.407762,44.094489],[-79.407782,44.094462],[-79.407774,44.094448],[-79.407755,44.094439]]]}},{"type":"Feature","properties":{"k":"bunker"},"geometry":{"type":"Polygon","coordinates":[[[-79.408075,44.094421],[-79.407998,44.094432],[-79.407979,44.094448],[-79.407981,44.094471],[-79.408058,44.094499],[-79.408094,44.094498],[-79.40813,44.094465],[-79.408132,44.094433],[-79.408108,44.094419],[-79.408075,44.094421]]]}},{"type":"Feature","properties":{"k":"bunker"},"geometry":{"type":"Polygon","coordinates":[[[-79.408423,44.094774],[-79.408368,44.094753],[-79.408282,44.094692],[-79.408252,44.094687],[-79.408229,44.0947],[-79.408231,44.094734],[-79.408258,44.094764],[-79.408357,44.094818],[-79.408408,44.094825],[-79.40845,44.094811],[-79.40845,44.094788],[-79.408423,44.094774]]]}},{"type":"Feature","properties":{"k":"bunker"},"geometry":{"type":"Polygon","coordinates":[[[-79.412344,44.093236],[-79.412275,44.093219],[-79.412261,44.09321],[-79.412265,44.093197],[-79.412297,44.093188],[-79.412341,44.093187],[-79.412401,44.093215],[-79.412401,44.09323],[-79.412389,44.093238],[-79.412344,44.093236]]]}},{"type":"Feature","properties":{"k":"bunker"},"geometry":{"type":"Polygon","coordinates":[[[-79.412253,44.093491],[-79.412227,44.093506],[-79.412225,44.093524],[-79.412242,44.093546],[-79.412268,44.09355],[-79.412301,44.093533],[-79.412309,44.093508],[-79.412293,44.093491],[-79.412253,44.093491]]]}},{"type":"Feature","properties":{"k":"bunker"},"geometry":{"type":"Polygon","coordinates":[[[-79.412427,44.093439],[-79.412381,44.093457],[-79.41237,44.09347],[-79.412368,44.093495],[-79.412393,44.09352],[-79.412425,44.093519],[-79.41244,44.09351],[-79.41247,44.09346],[-79.412467,44.093443],[-79.412427,44.093439]]]}},{"type":"Feature","properties":{"k":"bunker"},"geometry":{"type":"Polygon","coordinates":[[[-79.411257,44.094796],[-79.411155,44.094801],[-79.411122,44.094821],[-79.411129,44.094849],[-79.411151,44.094863],[-79.411201,44.094876],[-79.411258,44.094882],[-79.411315,44.094878],[-79.411336,44.094862],[-79.411331,44.094819],[-79.41129,44.094797],[-79.411257,44.094796]]]}},{"type":"Feature","properties":{"k":"bunker"},"geometry":{"type":"Polygon","coordinates":[[[-79.410998,44.094782],[-79.41092,44.094784],[-79.410884,44.094799],[-79.410866,44.094825],[-79.410884,44.094853],[-79.410962,44.094873],[-79.411038,44.094861],[-79.411064,44.094839],[-79.411069,44.094816],[-79.411044,44.094793],[-79.410998,44.094782]]]}},{"type":"Feature","properties":{"k":"bunker"},"geometry":{"type":"Polygon","coordinates":[[[-79.410752,44.094806],[-79.410612,44.094811],[-79.410592,44.094837],[-79.410592,44.094862],[-79.410617,44.094879],[-79.410674,44.094898],[-79.410737,44.0949],[-79.410783,44.09489],[-79.410824,44.094859],[-79.410831,44.094829],[-79.4108,44.094803],[-79.410752,44.094806]]]}},{"type":"Feature","properties":{"k":"bunker"},"geometry":{"type":"Polygon","coordinates":[[[-79.410663,44.095227],[-79.410615,44.095209],[-79.410504,44.095198],[-79.410481,44.095183],[-79.41048,44.095155],[-79.41053,44.095144],[-79.410607,44.095144],[-79.410675,44.095156],[-79.410745,44.095186],[-79.41075,44.095212],[-79.410738,44.095224],[-79.410701,44.095233],[-79.410663,44.095227]]]}},{"type":"Feature","properties":{"k":"bunker"},"geometry":{"type":"Polygon","coordinates":[[[-79.411058,44.095189],[-79.410949,44.095211],[-79.410924,44.095239],[-79.410936,44.09527],[-79.410963,44.095282],[-79.411009,44.095283],[-79.411069,44.095255],[-79.411088,44.095235],[-79.411094,44.095211],[-79.411079,44.095195],[-79.411058,44.095189]]]}},{"type":"Feature","properties":{"k":"bunker"},"geometry":{"type":"Polygon","coordinates":[[[-79.412788,44.095121],[-79.412691,44.095171],[-79.412651,44.095166],[-79.412652,44.095124],[-79.412721,44.095087],[-79.41275,44.095078],[-79.41278,44.09508],[-79.412795,44.095103],[-79.412788,44.095121]]]}},{"type":"Feature","properties":{"k":"bunker"},"geometry":{"type":"Polygon","coordinates":[[[-79.413062,44.095214],[-79.413043,44.095204],[-79.413022,44.095166],[-79.413026,44.095152],[-79.41305,44.095143],[-79.413085,44.095149],[-79.413107,44.095184],[-79.413099,44.095211],[-79.413062,44.095214]]]}},{"type":"Feature","properties":{"k":"bunker"},"geometry":{"type":"Polygon","coordinates":[[[-79.410798,44.096541],[-79.410717,44.096616],[-79.410687,44.096632],[-79.410644,44.096634],[-79.410605,44.096612],[-79.410592,44.096564],[-79.410607,44.096535],[-79.410632,44.096516],[-79.410789,44.096499],[-79.410807,44.096515],[-79.410798,44.096541]]]}},{"type":"Feature","properties":{"k":"bunker"},"geometry":{"type":"Polygon","coordinates":[[[-79.409333,44.097317],[-79.409244,44.097317],[-79.40917,44.097341],[-79.409148,44.097337],[-79.409138,44.097322],[-79.409144,44.097306],[-79.409168,44.097295],[-79.409289,44.097279],[-79.409333,44.09728],[-79.409354,44.097288],[-79.409354,44.097305],[-79.409333,44.097317]]]}},{"type":"Feature","properties":{"k":"bunker"},"geometry":{"type":"Polygon","coordinates":[[[-79.41001,44.096557],[-79.409972,44.096545],[-79.409911,44.096537],[-79.409893,44.096519],[-79.409897,44.096503],[-79.409912,44.096493],[-79.409952,44.096492],[-79.409976,44.096502],[-79.410044,44.0965],[-79.410066,44.096506],[-79.410079,44.096528],[-79.410068,44.096552],[-79.410036,44.09656],[-79.41001,44.096557]]]}},{"type":"Feature","properties":{"k":"bunker"},"geometry":{"type":"Polygon","coordinates":[[[-79.410141,44.096272],[-79.410079,44.096258],[-79.410074,44.096248],[-79.410084,44.096227],[-79.410123,44.096218],[-79.410158,44.096218],[-79.410179,44.096227],[-79.410182,44.096263],[-79.410141,44.096272]]]}},{"type":"Feature","properties":{"k":"bunker"},"geometry":{"type":"Polygon","coordinates":[[[-79.409928,44.096252],[-79.409847,44.096287],[-79.409824,44.096309],[-79.40979,44.096308],[-79.409773,44.096292],[-79.409778,44.096263],[-79.409864,44.096226],[-79.409924,44.096221],[-79.409934,44.096237],[-79.409928,44.096252]]]}},{"type":"Feature","properties":{"k":"bunker"},"geometry":{"type":"Polygon","coordinates":[[[-79.409382,44.096125],[-79.409411,44.096088],[-79.409398,44.096045],[-79.409345,44.096029],[-79.409316,44.096029],[-79.409283,44.096039],[-79.409252,44.096074],[-79.409248,44.0961],[-79.409265,44.09612],[-79.409332,44.096134],[-79.409362,44.096134],[-79.409382,44.096125]]]}},{"type":"Feature","properties":{"k":"bunker"},"geometry":{"type":"Polygon","coordinates":[[[-79.409154,44.096082],[-79.409152,44.096047],[-79.409132,44.096035],[-79.409083,44.096023],[-79.409019,44.096027],[-79.409001,44.096035],[-79.408981,44.096062],[-79.40898,44.096081],[-79.408997,44.096109],[-79.409043,44.096122],[-79.40912,44.096113],[-79.409142,44.096103],[-79.409154,44.096082]]]}},{"type":"Feature","properties":{"k":"bunker"},"geometry":{"type":"Polygon","coordinates":[[[-79.408749,44.096314],[-79.408708,44.096315],[-79.408641,44.096343],[-79.408621,44.096327],[-79.40864,44.096289],[-79.408692,44.096267],[-79.40873,44.096266],[-79.408753,44.096277],[-79.408763,44.096301],[-79.408749,44.096314]]]}},{"type":"Feature","properties":{"k":"bunker"},"geometry":{"type":"Polygon","coordinates":[[[-79.409016,44.096531],[-79.409037,44.096501],[-79.409025,44.096446],[-79.40903,44.096405],[-79.408995,44.09637],[-79.408952,44.096365],[-79.408926,44.096379],[-79.408917,44.096402],[-79.408948,44.096453],[-79.408934,44.096517],[-79.408941,44.09653],[-79.408971,44.096541],[-79.409016,44.096531]]]}},{"type":"Feature","properties":{"k":"bunker"},"geometry":{"type":"Polygon","coordinates":[[[-79.408816,44.096565],[-79.408749,44.096577],[-79.40865,44.096572],[-79.408647,44.096603],[-79.408654,44.096613],[-79.408687,44.096623],[-79.408786,44.096609],[-79.408843,44.096611],[-79.408857,44.096601],[-79.408863,44.096574],[-79.408844,44.09656],[-79.408816,44.096565]]]}},{"type":"Feature","properties":{"k":"bunker"},"geometry":{"type":"Polygon","coordinates":[[[-79.408438,44.096524],[-79.408428,44.096472],[-79.408439,44.096447],[-79.408466,44.096428],[-79.408509,44.09643],[-79.408523,44.096464],[-79.40852,44.096525],[-79.408496,44.096542],[-79.408469,44.096545],[-79.408453,44.096542],[-79.408438,44.096524]]]}},{"type":"Feature","properties":{"k":"bunker"},"geometry":{"type":"Polygon","coordinates":[[[-79.406478,44.095756],[-79.406429,44.095768],[-79.406381,44.095791],[-79.406338,44.095795],[-79.406301,44.095766],[-79.406297,44.095742],[-79.406323,44.095728],[-79.406392,44.095733],[-79.406457,44.095726],[-79.406479,44.095734],[-79.406485,44.09575],[-79.406478,44.095756]]]}},{"type":"Feature","properties":{"k":"bunker"},"geometry":{"type":"Polygon","coordinates":[[[-79.407158,44.096527],[-79.407096,44.096523],[-79.407039,44.096529],[-79.407023,44.096525],[-79.407016,44.096511],[-79.407023,44.096496],[-79.407044,44.096485],[-79.407173,44.096484],[-79.407188,44.096492],[-79.40719,44.096513],[-79.407158,44.096527]]]}},{"type":"Feature","properties":{"k":"bunker"},"geometry":{"type":"Polygon","coordinates":[[[-79.407362,44.096663],[-79.407312,44.096689],[-79.407254,44.096706],[-79.407213,44.096707],[-79.407188,44.096697],[-79.407198,44.096676],[-79.407336,44.096634],[-79.407357,44.096635],[-79.407369,44.096643],[-79.407374,44.09665],[-79.407362,44.096663]]]}},{"type":"Feature","properties":{"k":"bunker"},"geometry":{"type":"Polygon","coordinates":[[[-79.40504,44.095872],[-79.404991,44.095867],[-79.40496,44.095854],[-79.404944,44.095838],[-79.404938,44.095812],[-79.404963,44.095799],[-79.404996,44.095796],[-79.405061,44.095816],[-79.405072,44.095855],[-79.40504,44.095872]]]}},{"type":"Feature","properties":{"k":"bunker"},"geometry":{"type":"Polygon","coordinates":[[[-79.40474,44.095825],[-79.404634,44.095796],[-79.404622,44.095782],[-79.404625,44.095752],[-79.404651,44.095738],[-79.404685,44.095736],[-79.404757,44.095757],[-79.404779,44.095782],[-79.404787,44.095811],[-79.404774,44.095824],[-79.40474,44.095825]]]}},{"type":"Feature","properties":{"k":"bunker"},"geometry":{"type":"Polygon","coordinates":[[[-79.404539,44.095777],[-79.404476,44.095782],[-79.404448,44.095776],[-79.404418,44.095749],[-79.404421,44.095722],[-79.404441,44.09571],[-79.404475,44.095706],[-79.404534,44.095716],[-79.404549,44.095758],[-79.404539,44.095777]]]}},{"type":"Feature","properties":{"k":"bunker"},"geometry":{"type":"Polygon","coordinates":[[[-79.401519,44.096551],[-79.401544,44.096496],[-79.401533,44.096474],[-79.401499,44.096469],[-79.401471,44.096479],[-79.401421,44.09648],[-79.401405,44.096491],[-79.401401,44.096525],[-79.401424,44.096555],[-79.401475,44.096564],[-79.401519,44.096551]]]}},{"type":"Feature","properties":{"k":"bunker"},"geometry":{"type":"Polygon","coordinates":[[[-79.401111,44.096405],[-79.401131,44.096421],[-79.401156,44.096423],[-79.401179,44.096413],[-79.401183,44.09639],[-79.401146,44.096319],[-79.40112,44.096304],[-79.401096,44.096302],[-79.401061,44.096314],[-79.401058,44.096334],[-79.401111,44.096405]]]}},{"type":"Feature","properties":{"k":"bunker"},"geometry":{"type":"Polygon","coordinates":[[[-79.401497,44.09617],[-79.401347,44.096167],[-79.401334,44.096161],[-79.401327,44.096133],[-79.401349,44.096108],[-79.401386,44.096096],[-79.401488,44.096101],[-79.401515,44.096118],[-79.401521,44.096132],[-79.401516,44.096156],[-79.401497,44.09617]]]}},{"type":"Feature","properties":{"k":"bunker"},"geometry":{"type":"Polygon","coordinates":[[[-79.3995,44.097759],[-79.399526,44.097723],[-79.399519,44.09769],[-79.399494,44.097673],[-79.399441,44.097667],[-79.399412,44.097691],[-79.399406,44.097732],[-79.399422,44.097751],[-79.39945,44.097766],[-79.399472,44.097769],[-79.3995,44.097759]]]}},{"type":"Feature","properties":{"k":"bunker"},"geometry":{"type":"Polygon","coordinates":[[[-79.399103,44.09776],[-79.399117,44.097722],[-79.399097,44.097707],[-79.399075,44.097707],[-79.399043,44.097736],[-79.399028,44.097767],[-79.399037,44.097776],[-79.399068,44.097779],[-79.39909,44.097774],[-79.399103,44.09776]]]}},{"type":"Feature","properties":{"k":"bunker"},"geometry":{"type":"Polygon","coordinates":[[[-79.399009,44.097887],[-79.399017,44.097866],[-79.39901,44.097845],[-79.398971,44.097836],[-79.398937,44.09787],[-79.398938,44.097894],[-79.398965,44.097907],[-79.398989,44.097907],[-79.399009,44.097887]]]}},{"type":"Feature","properties":{"k":"bunker"},"geometry":{"type":"Polygon","coordinates":[[[-79.399219,44.098009],[-79.399154,44.098012],[-79.399137,44.098026],[-79.399136,44.098045],[-79.399176,44.098063],[-79.39922,44.098057],[-79.399242,44.098042],[-79.399249,44.098024],[-79.399244,44.098014],[-79.399219,44.098009]]]}},{"type":"Feature","properties":{"k":"bunker"},"geometry":{"type":"Polygon","coordinates":[[[-79.397708,44.098461],[-79.397675,44.098447],[-79.397645,44.098462],[-79.397634,44.098487],[-79.397634,44.098522],[-79.397649,44.098539],[-79.397694,44.098543],[-79.397716,44.098532],[-79.397726,44.098491],[-79.397708,44.098461]]]}},{"type":"Feature","properties":{"k":"bunker"},"geometry":{"type":"Polygon","coordinates":[[[-79.397545,44.098581],[-79.397469,44.098561],[-79.397453,44.098549],[-79.397454,44.098529],[-79.397479,44.098522],[-79.397509,44.098523],[-79.397576,44.098546],[-79.397588,44.098566],[-79.397545,44.098581]]]}},{"type":"Feature","properties":{"k":"bunker"},"geometry":{"type":"Polygon","coordinates":[[[-79.397525,44.098327],[-79.397457,44.098319],[-79.397366,44.098342],[-79.397336,44.09834],[-79.397324,44.098324],[-79.39734,44.098304],[-79.397469,44.09827],[-79.397517,44.098269],[-79.397553,44.098276],[-79.397575,44.098296],[-79.397564,44.098317],[-79.397525,44.098327]]]}},{"type":"Feature","properties":{"k":"bunker"},"geometry":{"type":"Polygon","coordinates":[[[-79.398951,44.099972],[-79.398851,44.099975],[-79.398829,44.099964],[-79.398829,44.099946],[-79.398844,44.099932],[-79.398896,44.099916],[-79.398952,44.099916],[-79.398977,44.099929],[-79.398984,44.099941],[-79.398968,44.099965],[-79.398951,44.099972]]]}},{"type":"Feature","properties":{"k":"bunker"},"geometry":{"type":"Polygon","coordinates":[[[-79.398879,44.099641],[-79.398864,44.09961],[-79.398824,44.099591],[-79.398789,44.099596],[-79.398766,44.099616],[-79.398766,44.099646],[-79.398799,44.099666],[-79.398847,44.099664],[-79.398879,44.099641]]]}},{"type":"Feature","properties":{"k":"bunker"},"geometry":{"type":"Polygon","coordinates":[[[-79.400941,44.099344],[-79.400887,44.099326],[-79.400878,44.099317],[-79.400884,44.099298],[-79.400936,44.099287],[-79.400988,44.099303],[-79.401,44.09932],[-79.400992,44.09934],[-79.400968,44.099347],[-79.400941,44.099344]]]}},{"type":"Feature","properties":{"k":"bunker"},"geometry":{"type":"Polygon","coordinates":[[[-79.401238,44.09941],[-79.401194,44.099407],[-79.401169,44.099384],[-79.401155,44.099349],[-79.401172,44.099335],[-79.401211,44.099329],[-79.401246,44.099348],[-79.401256,44.099395],[-79.401238,44.09941]]]}},{"type":"Feature","properties":{"k":"bunker"},"geometry":{"type":"Polygon","coordinates":[[[-79.401231,44.099518],[-79.401209,44.099537],[-79.401194,44.099539],[-79.401164,44.099525],[-79.401167,44.0995],[-79.401204,44.099468],[-79.401231,44.099467],[-79.401252,44.099477],[-79.40125,44.099504],[-79.401231,44.099518]]]}},{"type":"Feature","properties":{"k":"bunker"},"geometry":{"type":"Polygon","coordinates":[[[-79.40096,44.099587],[-79.400915,44.099583],[-79.400861,44.09959],[-79.40085,44.099584],[-79.400849,44.099564],[-79.400855,44.099556],[-79.400893,44.099545],[-79.40095,44.099545],[-79.400986,44.099568],[-79.400978,44.099581],[-79.40096,44.099587]]]}},{"type":"Feature","properties":{"k":"bunker"},"geometry":{"type":"Polygon","coordinates":[[[-79.399974,44.098525],[-79.399944,44.098498],[-79.399932,44.09845],[-79.399953,44.098421],[-79.399995,44.098408],[-79.400038,44.098427],[-79.400053,44.098449],[-79.400025,44.098513],[-79.399974,44.098525]]]}},{"type":"Feature","properties":{"k":"bunker"},"geometry":{"type":"Polygon","coordinates":[[[-79.399505,44.098475],[-79.399513,44.098503],[-79.399495,44.098525],[-79.399474,44.098535],[-79.399436,44.098535],[-79.399426,44.098512],[-79.399437,44.098488],[-79.399478,44.09847],[-79.399505,44.098475]]]}},{"type":"Feature","properties":{"k":"bunker"},"geometry":{"type":"Polygon","coordinates":[[[-79.399406,44.098707],[-79.399392,44.09872],[-79.399357,44.098723],[-79.399311,44.098706],[-79.399299,44.098666],[-79.399321,44.098628],[-79.399371,44.098618],[-79.399394,44.098631],[-79.399415,44.098656],[-79.399415,44.098695],[-79.399406,44.098707]]]}},{"type":"Feature","properties":{"k":"bunker"},"geometry":{"type":"Polygon","coordinates":[[[-79.399473,44.098844],[-79.399438,44.09884],[-79.399411,44.098823],[-79.399404,44.098808],[-79.399419,44.098787],[-79.399465,44.098786],[-79.399503,44.098801],[-79.399505,44.098827],[-79.399473,44.098844]]]}},{"type":"Feature","properties":{"k":"bunker"},"geometry":{"type":"Polygon","coordinates":[[[-79.403505,44.098588],[-79.403457,44.098597],[-79.403424,44.098585],[-79.403449,44.098542],[-79.403446,44.098531],[-79.403427,44.09852],[-79.403363,44.098519],[-79.403336,44.098511],[-79.403332,44.098494],[-79.403356,44.098465],[-79.403405,44.098462],[-79.40343,44.09847],[-79.403473,44.098458],[-79.403489,44.09846],[-79.403507,44.098475],[-79.40356,44.098477],[-79.403571,44.098506],[-79.403528,44.09854],[-79.403523,44.098579],[-79.403505,44.098588]]]}},{"type":"Feature","properties":{"k":"bunker"},"geometry":{"type":"Polygon","coordinates":[[[-79.403684,44.098537],[-79.403724,44.098551],[-79.403747,44.098547],[-79.403775,44.098514],[-79.403775,44.098492],[-79.403735,44.098487],[-79.40372,44.098494],[-79.403684,44.098479],[-79.403627,44.098501],[-79.403618,44.098518],[-79.403625,44.098533],[-79.403651,44.09854],[-79.40367,44.09853],[-79.403684,44.098537]]]}},{"type":"Feature","properties":{"k":"bunker"},"geometry":{"type":"Polygon","coordinates":[[[-79.403955,44.098545],[-79.403904,44.098544],[-79.403869,44.098531],[-79.403858,44.098517],[-79.403859,44.098493],[-79.403882,44.098488],[-79.403917,44.098504],[-79.403961,44.098487],[-79.403978,44.098487],[-79.403994,44.098502],[-79.403993,44.098522],[-79.403979,44.098537],[-79.403955,44.098545]]]}},{"type":"Feature","properties":{"k":"bunker"},"geometry":{"type":"Polygon","coordinates":[[[-79.404169,44.098681],[-79.40415,44.098703],[-79.404129,44.098712],[-79.404125,44.098729],[-79.404135,44.098734],[-79.404172,44.098734],[-79.404206,44.098711],[-79.404208,44.098683],[-79.404188,44.098677],[-79.404169,44.098681]]]}},{"type":"Feature","properties":{"k":"bunker"},"geometry":{"type":"Polygon","coordinates":[[[-79.403872,44.098837],[-79.403844,44.098845],[-79.403786,44.098825],[-79.403745,44.098855],[-79.4037,44.098855],[-79.403682,44.098847],[-79.403682,44.098824],[-79.403661,44.098809],[-79.403655,44.098793],[-79.403659,44.098787],[-79.403682,44.098784],[-79.403752,44.098791],[-79.403775,44.098774],[-79.403805,44.098773],[-79.40383,44.098784],[-79.40388,44.098775],[-79.403898,44.098782],[-79.403905,44.098797],[-79.403867,44.09881],[-79.403885,44.098827],[-79.403872,44.098837]]]}},{"type":"Feature","properties":{"k":"bunker"},"geometry":{"type":"Polygon","coordinates":[[[-79.405002,44.097975],[-79.405006,44.097994],[-79.404994,44.098005],[-79.404969,44.098011],[-79.404952,44.098006],[-79.404886,44.097935],[-79.404884,44.097908],[-79.404893,44.097897],[-79.404929,44.097895],[-79.404955,44.097915],[-79.405013,44.097914],[-79.405029,44.097937],[-79.405002,44.097975]]]}},{"type":"Feature","properties":{"k":"fairway"},"geometry":{"type":"Polygon","coordinates":[[[-79.405406,44.096826],[-79.404965,44.096705],[-79.404804,44.096643],[-79.404319,44.096498],[-79.40414,44.09643],[-79.403955,44.09637],[-79.403787,44.096348],[-79.403728,44.096329],[-79.403632,44.096285],[-79.403565,44.096241],[-79.403545,44.096194],[-79.40356,44.096155],[-79.403615,44.096099],[-79.403635,44.096092],[-79.403697,44.096093],[-79.403837,44.096153],[-79.404043,44.096195],[-79.404121,44.096218],[-79.404409,44.096318],[-79.404476,44.09633],[-79.404661,44.096396],[-79.405232,44.096559],[-79.40541,44.096629],[-79.405502,44.096649],[-79.40555,44.096676],[-79.405592,44.096732],[-79.405603,44.096776],[-79.40559,44.096818],[-79.405536,44.096845],[-79.4055,44.096848],[-79.405432,44.096838],[-79.405406,44.096826]]]}},{"type":"Feature","properties":{"k":"fairway"},"geometry":{"type":"Polygon","coordinates":[[[-79.40553,44.096378],[-79.405432,44.096328],[-79.405355,44.0963],[-79.4051,44.096217],[-79.404717,44.096079],[-79.404519,44.095998],[-79.404303,44.095892],[-79.404198,44.095868],[-79.403989,44.095781],[-79.403946,44.095756],[-79.40393,44.095718],[-79.403934,44.095676],[-79.403952,44.095652],[-79.403983,44.095622],[-79.404031,44.095597],[-79.404068,44.095596],[-79.404115,44.095616],[-79.404218,44.095681],[-79.404288,44.095744],[-79.404385,44.095784],[-79.40443,44.095798],[-79.404589,44.095827],[-79.404795,44.095897],[-79.405067,44.095928],[-79.405238,44.095988],[-79.40546,44.096116],[-79.405703,44.096242],[-79.405738,44.096279],[-79.405732,44.096319],[-79.405677,44.096361],[-79.405594,44.096387],[-79.40553,44.096378]]]}},{"type":"Feature","properties":{"k":"fairway"},"geometry":{"type":"Polygon","coordinates":[[[-79.404835,44.094965],[-79.404851,44.095024],[-79.404908,44.09508],[-79.404939,44.095096],[-79.404982,44.095104],[-79.405069,44.095103],[-79.405156,44.095096],[-79.405743,44.095004],[-79.405974,44.094996],[-79.406044,44.094985],[-79.406097,44.094962],[-79.406134,44.094936],[-79.406178,44.094856],[-79.406205,44.094775],[-79.406238,44.094748],[-79.406284,44.094727],[-79.406376,44.094704],[-79.406474,44.094699],[-79.406982,44.094765],[-79.407093,44.094775],[-79.407208,44.094775],[-79.407423,44.094756],[-79.407901,44.094748],[-79.40801,44.09473],[-79.40823,44.094664],[-79.408284,44.094666],[-79.408333,44.094695],[-79.408303,44.094632],[-79.408313,44.094567],[-79.408383,44.094502],[-79.40827,44.094545],[-79.408212,44.094554],[-79.408164,44.094556],[-79.408064,44.094535],[-79.407526,44.094532],[-79.407219,44.09452],[-79.407022,44.094525],[-79.406863,44.094543],[-79.406542,44.094545],[-79.406333,44.094567],[-79.406132,44.094618],[-79.40605,44.094647],[-79.405826,44.094682],[-79.405324,44.094795],[-79.404935,44.094873],[-79.404849,44.094916],[-79.404835,44.094965]]]}},{"type":"Feature","properties":{"k":"fairway"},"geometry":{"type":"Polygon","coordinates":[[[-79.410562,44.093649],[-79.410456,44.093673],[-79.410415,44.093708],[-79.410402,44.09376],[-79.410432,44.093805],[-79.410483,44.093817],[-79.410543,44.093809],[-79.410652,44.093747],[-79.410692,44.093739],[-79.410847,44.09376],[-79.410926,44.093758],[-79.411361,44.093663],[-79.411524,44.093643],[-79.41166,44.093618],[-79.411859,44.093546],[-79.411984,44.093466],[-79.412059,44.093432],[-79.412152,44.09345],[-79.412115,44.093434],[-79.41207,44.093382],[-79.412061,44.093342],[-79.412078,44.093304],[-79.412037,44.093351],[-79.411983,44.093372],[-79.411902,44.093378],[-79.411859,44.09337],[-79.411783,44.093377],[-79.411375,44.093471],[-79.411043,44.09353],[-79.410562,44.093649]]]}},{"type":"Feature","properties":{"k":"fairway"},"geometry":{"type":"Polygon","coordinates":[[[-79.41125,44.094163],[-79.410989,44.094209],[-79.410483,44.094317],[-79.410206,44.094309],[-79.410165,44.094325],[-79.410116,44.094383],[-79.410105,44.094426],[-79.410119,44.094451],[-79.410165,44.094465],[-79.410423,44.094494],[-79.410497,44.094494],[-79.411024,44.094391],[-79.411418,44.09429],[-79.411462,44.094258],[-79.411445,44.094174],[-79.411418,44.094155],[-79.411361,44.094137],[-79.41125,44.094163]]]}},{"type":"Feature","properties":{"k":"fairway"},"geometry":{"type":"Polygon","coordinates":[[[-79.409736,44.094442],[-79.409768,44.094428],[-79.409788,44.094409],[-79.409796,44.094385],[-79.409795,44.094368],[-79.409763,44.094332],[-79.409729,44.094325],[-79.409649,44.094324],[-79.409401,44.09434],[-79.409316,44.094329],[-79.409273,44.094312],[-79.409237,44.094258],[-79.409196,44.094224],[-79.409226,44.09429],[-79.409218,44.094337],[-79.409194,44.094362],[-79.409161,44.094375],[-79.409078,44.09439],[-79.409206,44.094388],[-79.409235,44.09441],[-79.409266,44.094422],[-79.409363,44.09444],[-79.409654,44.094453],[-79.409736,44.094442]]]}},{"type":"Feature","properties":{"k":"fairway"},"geometry":{"type":"Polygon","coordinates":[[[-79.410581,44.094938],[-79.410497,44.094947],[-79.410445,44.094992],[-79.410426,44.095037],[-79.41044,44.095066],[-79.410521,44.095088],[-79.411133,44.095109],[-79.411282,44.095137],[-79.411584,44.095164],[-79.411698,44.09518],[-79.41175,44.095203],[-79.411946,44.095258],[-79.41225,44.095301],[-79.412541,44.095355],[-79.412587,44.095347],[-79.41263,44.095328],[-79.412656,44.095328],[-79.412708,44.095357],[-79.412686,44.095337],[-79.412669,44.095297],[-79.412673,44.095254],[-79.412701,44.095217],[-79.412736,44.095189],[-79.412673,44.095224],[-79.41263,44.095227],[-79.41253,44.095175],[-79.412348,44.095127],[-79.412185,44.095104],[-79.411916,44.095039],[-79.41185,44.095004],[-79.411326,44.094934],[-79.411155,44.09492],[-79.410581,44.094938]]]}},{"type":"Feature","properties":{"k":"fairway"},"geometry":{"type":"Polygon","coordinates":[[[-79.412141,44.09624],[-79.412168,44.096191],[-79.412171,44.096144],[-79.412138,44.096083],[-79.412081,44.096044],[-79.411924,44.09606],[-79.411785,44.096122],[-79.411456,44.096304],[-79.411163,44.096423],[-79.411024,44.096489],[-79.410853,44.096593],[-79.410606,44.0967],[-79.410491,44.096735],[-79.409915,44.096972],[-79.40976,44.097054],[-79.409692,44.097118],[-79.40963,44.097153],[-79.409543,44.097183],[-79.409488,44.097225],[-79.409429,44.097309],[-79.409407,44.097327],[-79.409356,44.097342],[-79.409406,44.097353],[-79.409426,44.097364],[-79.409452,44.097388],[-79.409476,44.097437],[-79.409511,44.097372],[-79.409608,44.097319],[-79.410703,44.096894],[-79.412141,44.09624]]]}},{"type":"Feature","properties":{"k":"fairway"},"geometry":{"type":"Polygon","coordinates":[[[-79.4098,44.096362],[-79.409834,44.096346],[-79.409847,44.09633],[-79.409844,44.09636],[-79.409862,44.096391],[-79.409942,44.096439],[-79.409986,44.096447],[-79.409917,44.096453],[-79.409863,44.09647],[-79.409839,44.096489],[-79.409835,44.096538],[-79.409802,44.096578],[-79.409673,44.096653],[-79.409597,44.096687],[-79.409578,44.096694],[-79.409533,44.096693],[-79.409515,44.096683],[-79.40946,44.096622],[-79.409449,44.096562],[-79.409479,44.096501],[-79.409528,44.09646],[-79.409612,44.096419],[-79.4098,44.096362]]]}},{"type":"Feature","properties":{"k":"fairway"},"geometry":{"type":"Polygon","coordinates":[[[-79.409623,44.095785],[-79.409036,44.095722],[-79.408805,44.095691],[-79.408721,44.095691],[-79.408618,44.095748],[-79.408523,44.095816],[-79.408528,44.095892],[-79.408601,44.095941],[-79.408718,44.095962],[-79.408846,44.09597],[-79.408914,44.095951],[-79.409025,44.095951],[-79.409366,44.09598],[-79.409523,44.096006],[-79.409578,44.095997],[-79.409629,44.095976],[-79.409668,44.095937],[-79.409693,44.095888],[-79.409699,44.095849],[-79.409688,44.095813],[-79.409623,44.095785]]]}},{"type":"Feature","properties":{"k":"fairway"},"geometry":{"type":"Polygon","coordinates":[[[-79.406198,44.095705],[-79.406252,44.095689],[-79.406364,44.095681],[-79.406535,44.095703],[-79.406981,44.095773],[-79.407136,44.095812],[-79.407302,44.095824],[-79.407429,44.095841],[-79.407598,44.095898],[-79.407758,44.095915],[-79.407878,44.095908],[-79.40794,44.09588],[-79.407965,44.095824],[-79.407927,44.095763],[-79.407886,44.09573],[-79.407755,44.095681],[-79.407424,44.095621],[-79.407307,44.095611],[-79.407157,44.095576],[-79.40688,44.095552],[-79.406799,44.095525],[-79.406562,44.095509],[-79.406383,44.095507],[-79.406116,44.095468],[-79.406032,44.095439],[-79.405962,44.095445],[-79.40588,44.095496],[-79.405709,44.095545],[-79.405693,44.095605],[-79.405739,44.095687],[-79.405842,44.095692],[-79.405903,44.095667],[-79.405969,44.095675],[-79.405998,44.095706],[-79.406047,44.095722],[-79.406093,44.095723],[-79.406153,44.095703],[-79.406198,44.095705]]]}},{"type":"Feature","properties":{"k":"fairway"},"geometry":{"type":"Polygon","coordinates":[[[-79.401728,44.095839],[-79.401751,44.095786],[-79.401761,44.095736],[-79.401737,44.095685],[-79.401678,44.095662],[-79.401586,44.095653],[-79.401502,44.095665],[-79.400924,44.095813],[-79.400818,44.095858],[-79.400603,44.095932],[-79.400538,44.095967],[-79.400448,44.096047],[-79.400015,44.0965],[-79.399904,44.096627],[-79.399784,44.096805],[-79.399707,44.096855],[-79.399655,44.096902],[-79.399611,44.096947],[-79.399578,44.097006],[-79.399546,44.09704],[-79.399408,44.097156],[-79.399369,44.097259],[-79.399326,44.097338],[-79.399229,44.097416],[-79.399193,44.097465],[-79.399155,44.097604],[-79.399144,44.09774],[-79.399081,44.097812],[-79.399157,44.09778],[-79.399257,44.097764],[-79.399325,44.097778],[-79.399373,44.097808],[-79.399353,44.09777],[-79.399349,44.097734],[-79.399364,44.097683],[-79.399422,44.097606],[-79.399455,44.097538],[-79.399644,44.097284],[-79.399743,44.09718],[-79.399817,44.097127],[-79.399949,44.096988],[-79.400027,44.096867],[-79.40018,44.096701],[-79.400312,44.096526],[-79.400452,44.096381],[-79.400662,44.096221],[-79.400761,44.096126],[-79.40119,44.095978],[-79.401524,44.09588],[-79.401728,44.095839]]]}},{"type":"Feature","properties":{"k":"fairway"},"geometry":{"type":"Polygon","coordinates":[[[-79.3999,44.098008],[-79.400027,44.097925],[-79.40013,44.097839],[-79.400258,44.097694],[-79.400336,44.097576],[-79.40046,44.097478],[-79.400584,44.09736],[-79.40086,44.097144],[-79.401189,44.096866],[-79.401301,44.096745],[-79.401362,44.096644],[-79.40137,44.096571],[-79.401346,44.096519],[-79.401344,44.096481],[-79.401356,44.096456],[-79.401394,44.096422],[-79.401444,44.096399],[-79.401377,44.096404],[-79.401318,44.096398],[-79.401252,44.096378],[-79.401201,44.096344],[-79.401241,44.096405],[-79.401251,44.096455],[-79.401238,44.09648],[-79.401197,44.096517],[-79.401119,44.09665],[-79.401033,44.096745],[-79.400913,44.09683],[-79.400814,44.096916],[-79.400633,44.097046],[-79.400369,44.097262],[-79.400217,44.097375],[-79.400036,44.097529],[-79.39992,44.097659],[-79.399784,44.097789],[-79.39971,44.097901],[-79.399681,44.097967],[-79.399714,44.098008],[-79.399788,44.098035],[-79.3999,44.098008]]]}},{"type":"Feature","properties":{"k":"fairway"},"geometry":{"type":"Polygon","coordinates":[[[-79.402734,44.09707],[-79.402565,44.097085],[-79.402433,44.097049],[-79.402318,44.097058],[-79.402232,44.097111],[-79.402219,44.097197],[-79.402293,44.097262],[-79.402471,44.09733],[-79.402607,44.09733],[-79.40271,44.097345],[-79.402812,44.097393],[-79.402883,44.097484],[-79.402907,44.097541],[-79.402948,44.097567],[-79.40299,44.097573],[-79.403134,44.097573],[-79.403286,44.097632],[-79.403323,44.097671],[-79.403381,44.097706],[-79.403472,44.09773],[-79.403542,44.097733],[-79.403673,44.097789],[-79.403715,44.097777],[-79.403781,44.097706],[-79.403793,44.097653],[-79.40376,44.097579],[-79.403715,44.097523],[-79.403591,44.097484],[-79.40348,44.097425],[-79.403414,44.097375],[-79.403328,44.097357],[-79.403249,44.097322],[-79.403237,44.097277],[-79.40306,44.097203],[-79.402977,44.097144],[-79.402944,44.097088],[-79.40287,44.097049],[-79.402796,44.097046],[-79.402734,44.09707]]]}},{"type":"Feature","properties":{"k":"fairway"},"geometry":{"type":"Polygon","coordinates":[[[-79.404971,44.097866],[-79.404868,44.097878],[-79.404782,44.097901],[-79.404638,44.097958],[-79.404551,44.097949],[-79.404502,44.097913],[-79.40444,44.097801],[-79.404469,44.097757],[-79.404547,44.097724],[-79.404736,44.097777],[-79.404802,44.097783],[-79.404877,44.097774],[-79.404934,44.097754],[-79.405004,44.097777],[-79.405157,44.097742],[-79.405223,44.097739],[-79.405297,44.097771],[-79.4054,44.097857],[-79.405449,44.097919],[-79.40547,44.097969],[-79.405464,44.098024],[-79.405386,44.098055],[-79.405309,44.098042],[-79.405278,44.098024],[-79.405231,44.098013],[-79.405196,44.098014],[-79.405177,44.098031],[-79.405137,44.098042],[-79.405099,44.098032],[-79.405058,44.098005],[-79.405038,44.097975],[-79.40504,44.097914],[-79.405021,44.09789],[-79.404971,44.097866]]]}},{"type":"Feature","properties":{"k":"fairway"},"geometry":{"type":"Polygon","coordinates":[[[-79.403376,44.098163],[-79.403473,44.098098],[-79.40352,44.098039],[-79.403498,44.097972],[-79.403427,44.097918],[-79.40315,44.097861],[-79.402727,44.097848],[-79.402508,44.097864],[-79.402318,44.0979],[-79.402064,44.09791],[-79.401637,44.098011],[-79.401235,44.098139],[-79.40116,44.098188],[-79.400984,44.098209],[-79.400547,44.098307],[-79.400414,44.09833],[-79.400328,44.098358],[-79.400256,44.098397],[-79.40026,44.098443],[-79.400295,44.098503],[-79.400346,44.098534],[-79.400428,44.098534],[-79.400798,44.098487],[-79.401034,44.098425],[-79.401203,44.098369],[-79.4014,44.09832],[-79.401479,44.098278],[-79.401841,44.098191],[-79.401995,44.098145],[-79.402168,44.098119],[-79.402372,44.098101],[-79.402838,44.098103],[-79.403028,44.098114],[-79.403272,44.09816],[-79.403376,44.098163]]]}},{"type":"Feature","properties":{"k":"fairway"},"geometry":{"type":"Polygon","coordinates":[[[-79.401303,44.098719],[-79.401171,44.09875],[-79.401074,44.098763],[-79.400973,44.098796],[-79.400912,44.098843],[-79.400884,44.098892],[-79.40092,44.098953],[-79.401024,44.098987],[-79.401156,44.098984],[-79.401382,44.09893],[-79.401536,44.098917],[-79.40173,44.098917],[-79.401949,44.098951],[-79.402089,44.098997],[-79.402297,44.099038],[-79.402415,44.099085],[-79.402555,44.099121],[-79.402738,44.099126],[-79.403039,44.099056],[-79.403147,44.099018],[-79.403211,44.098982],[-79.403294,44.098959],[-79.403487,44.098961],[-79.403574,44.098892],[-79.403613,44.098786],[-79.403638,44.098758],[-79.403807,44.098745],[-79.403884,44.098755],[-79.403972,44.098794],[-79.404015,44.098801],[-79.404072,44.098794],[-79.404104,44.098776],[-79.40411,44.098722],[-79.404145,44.098677],[-79.404279,44.098629],[-79.404293,44.098605],[-79.404292,44.098573],[-79.404266,44.098559],[-79.404182,44.098548],[-79.404144,44.09853],[-79.404083,44.098526],[-79.403937,44.098576],[-79.403813,44.098579],[-79.40365,44.098625],[-79.403482,44.09865],[-79.403418,44.09865],[-79.403365,44.098621],[-79.403311,44.098523],[-79.403275,44.098482],[-79.403192,44.09848],[-79.403103,44.09849],[-79.402988,44.09849],[-79.402651,44.098464],[-79.40254,44.098482],[-79.402364,44.098557],[-79.402292,44.098577],[-79.402163,44.098598],[-79.402034,44.098608],[-79.401955,44.098588],[-79.401836,44.098598],[-79.401741,44.098613],[-79.401358,44.098701],[-79.401303,44.098719]]]}},{"type":"Feature","properties":{"k":"fairway"},"geometry":{"type":"Polygon","coordinates":[[[-79.398545,44.099891],[-79.398359,44.099948],[-79.398096,44.100004],[-79.397987,44.10004],[-79.39784,44.100062],[-79.397731,44.100058],[-79.397544,44.099953],[-79.397347,44.099681],[-79.397207,44.099275],[-79.397207,44.099224],[-79.39725,44.09919],[-79.3973,44.099179],[-79.397391,44.099181],[-79.397444,44.099239],[-79.397491,44.099309],[-79.397541,44.09945],[-79.397594,44.09954],[-79.397609,44.099643],[-79.397653,44.099733],[-79.397691,44.0998],[-79.397772,44.099852],[-79.397884,44.09986],[-79.397981,44.099838],[-79.398047,44.099793],[-79.398043,44.099701],[-79.397956,44.099578],[-79.397937,44.099513],[-79.397969,44.099475],[-79.398062,44.099477],[-79.398121,44.099506],[-79.398143,44.099567],[-79.398193,44.099652],[-79.398271,44.099708],[-79.398446,44.099744],[-79.398526,44.099777],[-79.398562,44.099828],[-79.398563,44.099852],[-79.398545,44.099891]]]}},{"type":"Feature","properties":{"k":"fairway"},"geometry":{"type":"Polygon","coordinates":[[[-79.397627,44.098416],[-79.397604,44.098453],[-79.397602,44.098417],[-79.397568,44.098383],[-79.397519,44.098365],[-79.39744,44.098358],[-79.397576,44.098363],[-79.397613,44.098358],[-79.397647,44.098335],[-79.397652,44.098323],[-79.397653,44.098231],[-79.397664,44.098195],[-79.397735,44.098145],[-79.39779,44.098121],[-79.397844,44.098113],[-79.397892,44.098124],[-79.397935,44.098157],[-79.397952,44.098195],[-79.397952,44.09824],[-79.397919,44.098283],[-79.397884,44.098319],[-79.397803,44.098366],[-79.397746,44.098384],[-79.397663,44.098392],[-79.397627,44.098416]]]}},{"type":"Feature","properties":{"k":"tee"},"geometry":{"type":"Polygon","coordinates":[[[-79.406553,44.097096],[-79.406288,44.097011],[-79.406265,44.096988],[-79.40627,44.096958],[-79.406307,44.096939],[-79.40633,44.096939],[-79.406585,44.097017],[-79.406613,44.097035],[-79.406621,44.097067],[-79.406596,44.097091],[-79.406553,44.097096]]]}},{"type":"Feature","properties":{"k":"tee"},"geometry":{"type":"Polygon","coordinates":[[[-79.406091,44.096967],[-79.406017,44.096946],[-79.405985,44.096928],[-79.405978,44.096899],[-79.405997,44.096871],[-79.406043,44.096862],[-79.406171,44.096902],[-79.40618,44.096935],[-79.406157,44.096966],[-79.406141,44.096974],[-79.406091,44.096967]]]}},{"type":"Feature","properties":{"k":"tee"},"geometry":{"type":"Polygon","coordinates":[[[-79.407298,44.096991],[-79.407261,44.096993],[-79.407229,44.096985],[-79.407194,44.096966],[-79.407186,44.096953],[-79.407183,44.096901],[-79.407236,44.096867],[-79.407311,44.096871],[-79.407346,44.096891],[-79.407367,44.096914],[-79.40736,44.09696],[-79.407325,44.096984],[-79.407298,44.096991]]]}},{"type":"Feature","properties":{"k":"tee"},"geometry":{"type":"Polygon","coordinates":[[[-79.406925,44.096781],[-79.406884,44.096769],[-79.406815,44.09673],[-79.406808,44.096699],[-79.406819,44.096685],[-79.406855,44.096674],[-79.406873,44.09668],[-79.406992,44.096739],[-79.40699,44.096767],[-79.406974,44.096778],[-79.406925,44.096781]]]}},{"type":"Feature","properties":{"k":"tee"},"geometry":{"type":"Polygon","coordinates":[[[-79.406628,44.096677],[-79.406516,44.096624],[-79.406507,44.096595],[-79.406521,44.096582],[-79.406541,44.096575],[-79.406592,44.096575],[-79.406708,44.096627],[-79.406712,44.096642],[-79.406689,44.09667],[-79.406661,44.096681],[-79.406628,44.096677]]]}},{"type":"Feature","properties":{"k":"tee"},"geometry":{"type":"Polygon","coordinates":[[[-79.406318,44.096582],[-79.406295,44.096573],[-79.406272,44.096549],[-79.406284,44.096518],[-79.40631,44.096509],[-79.406352,44.09652],[-79.406369,44.09653],[-79.406376,44.096546],[-79.406373,44.096562],[-79.406357,44.096573],[-79.406341,44.096582],[-79.406318,44.096582]]]}},{"type":"Feature","properties":{"k":"tee"},"geometry":{"type":"Polygon","coordinates":[[[-79.406525,44.096238],[-79.406465,44.096214],[-79.406468,44.096183],[-79.406484,44.096173],[-79.406543,44.096181],[-79.406573,44.096209],[-79.406552,44.096235],[-79.406525,44.096238]]]}},{"type":"Feature","properties":{"k":"tee"},"geometry":{"type":"Polygon","coordinates":[[[-79.4067,44.096277],[-79.406651,44.096253],[-79.406642,44.096223],[-79.406672,44.096198],[-79.406714,44.096195],[-79.406766,44.096201],[-79.406785,44.096212],[-79.40679,44.096228],[-79.406783,44.096259],[-79.406748,44.096276],[-79.4067,44.096277]]]}},{"type":"Feature","properties":{"k":"tee"},"geometry":{"type":"Polygon","coordinates":[[[-79.4071,44.09631],[-79.406944,44.09627],[-79.406918,44.096245],[-79.406913,44.09623],[-79.406923,44.096216],[-79.406943,44.096209],[-79.406994,44.096207],[-79.407125,44.096242],[-79.407141,44.096252],[-79.407151,44.096282],[-79.407143,44.096296],[-79.4071,44.09631]]]}},{"type":"Feature","properties":{"k":"tee"},"geometry":{"type":"Polygon","coordinates":[[[-79.407703,44.096389],[-79.407716,44.096311],[-79.407689,44.096287],[-79.407647,44.096275],[-79.407578,44.096267],[-79.407486,44.096277],[-79.407449,44.096292],[-79.407438,44.096322],[-79.407447,44.096337],[-79.407548,44.096379],[-79.407649,44.096412],[-79.407703,44.096389]]]}},{"type":"Feature","properties":{"k":"tee"},"geometry":{"type":"Polygon","coordinates":[[[-79.404123,44.095207],[-79.404061,44.095209],[-79.404049,44.095196],[-79.404049,44.09518],[-79.404109,44.095159],[-79.404157,44.095166],[-79.404167,44.09518],[-79.404155,44.095196],[-79.404123,44.095207]]]}},{"type":"Feature","properties":{"k":"tee"},"geometry":{"type":"Polygon","coordinates":[[[-79.403299,44.095322],[-79.403398,44.095295],[-79.403401,44.095279],[-79.403385,44.09525],[-79.403364,44.095249],[-79.403266,44.095274],[-79.403253,44.095286],[-79.403253,44.095303],[-79.403272,44.095319],[-79.403299,44.095322]]]}},{"type":"Feature","properties":{"k":"tee"},"geometry":{"type":"Polygon","coordinates":[[[-79.403164,44.095517],[-79.403023,44.095528],[-79.402984,44.095512],[-79.40298,44.095479],[-79.403023,44.095463],[-79.403162,44.095453],[-79.403184,44.095498],[-79.403164,44.095517]]]}},{"type":"Feature","properties":{"k":"tee"},"geometry":{"type":"Polygon","coordinates":[[[-79.403122,44.09535],[-79.403056,44.095361],[-79.403038,44.095352],[-79.403038,44.095324],[-79.403132,44.095306],[-79.403149,44.095331],[-79.403147,44.095345],[-79.403122,44.09535]]]}},{"type":"Feature","properties":{"k":"tee"},"geometry":{"type":"Polygon","coordinates":[[[-79.402969,44.095374],[-79.402927,44.095385],[-79.402906,44.095382],[-79.402897,44.095368],[-79.402904,44.095351],[-79.402922,44.095341],[-79.402966,44.095341],[-79.40298,44.095352],[-79.402969,44.095374]]]}},{"type":"Feature","properties":{"k":"tee"},"geometry":{"type":"Polygon","coordinates":[[[-79.407892,44.094223],[-79.407612,44.094273],[-79.407598,44.09427],[-79.407584,44.094251],[-79.407591,44.094232],[-79.407862,44.094176],[-79.40791,44.094175],[-79.407925,44.09418],[-79.407929,44.094203],[-79.407917,44.094217],[-79.407892,44.094223]]]}},{"type":"Feature","properties":{"k":"tee"},"geometry":{"type":"Polygon","coordinates":[[[-79.408696,44.094035],[-79.408728,44.09403],[-79.408735,44.09401],[-79.408728,44.09399],[-79.408703,44.093975],[-79.408672,44.093971],[-79.408647,44.093981],[-79.408637,44.094003],[-79.408647,44.094023],[-79.408668,44.094035],[-79.408696,44.094035]]]}},{"type":"Feature","properties":{"k":"tee"},"geometry":{"type":"Polygon","coordinates":[[[-79.40913,44.093911],[-79.409167,44.093906],[-79.409177,44.093886],[-79.409165,44.093865],[-79.409139,44.093857],[-79.409111,44.09386],[-79.409104,44.093881],[-79.409107,44.093901],[-79.40913,44.093911]]]}},{"type":"Feature","properties":{"k":"tee"},"geometry":{"type":"Polygon","coordinates":[[[-79.40884,44.09399],[-79.40888,44.093978],[-79.408887,44.093956],[-79.408883,44.093936],[-79.408857,44.093922],[-79.408805,44.093944],[-79.408801,44.093966],[-79.408812,44.09398],[-79.40884,44.09399]]]}},{"type":"Feature","properties":{"k":"tee"},"geometry":{"type":"Polygon","coordinates":[[[-79.408383,44.094107],[-79.408407,44.094097],[-79.408415,44.094069],[-79.408408,44.094056],[-79.408362,44.094046],[-79.408323,44.094051],[-79.408314,44.09408],[-79.40832,44.094095],[-79.408351,44.094107],[-79.408383,44.094107]]]}},{"type":"Feature","properties":{"k":"fairway"},"geometry":{"type":"Polygon","coordinates":[[[-79.410036,44.093917],[-79.409834,44.09392],[-79.409789,44.093914],[-79.409749,44.09387],[-79.409746,44.093841],[-79.409758,44.093809],[-79.409784,44.093784],[-79.409826,44.093767],[-79.409857,44.09374],[-79.409928,44.093731],[-79.410097,44.093753],[-79.410137,44.093775],[-79.410147,44.093817],[-79.410135,44.093849],[-79.410109,44.093897],[-79.410081,44.09391],[-79.410036,44.093917]]]}},{"type":"Feature","properties":{"k":"tee"},"geometry":{"type":"Polygon","coordinates":[[[-79.412869,44.093979],[-79.41267,44.094],[-79.412634,44.093996],[-79.412611,44.09398],[-79.412601,44.093956],[-79.412607,44.093938],[-79.41265,44.093917],[-79.412865,44.093893],[-79.412896,44.0939],[-79.412915,44.093917],[-79.412916,44.09394],[-79.4129,44.09397],[-79.412869,44.093979]]]}},{"type":"Feature","properties":{"k":"tee"},"geometry":{"type":"Polygon","coordinates":[[[-79.412465,44.094034],[-79.412322,44.094048],[-79.412286,44.094035],[-79.412273,44.093989],[-79.412287,44.09397],[-79.412315,44.093962],[-79.412482,44.093946],[-79.412508,44.09396],[-79.412522,44.093999],[-79.412493,44.094027],[-79.412465,44.094034]]]}},{"type":"Feature","properties":{"k":"tee"},"geometry":{"type":"Polygon","coordinates":[[[-79.409136,44.094938],[-79.409017,44.094939],[-79.408981,44.094932],[-79.408951,44.094906],[-79.408951,44.094882],[-79.408965,44.094859],[-79.408985,44.094847],[-79.409092,44.094841],[-79.409151,44.094843],[-79.409178,44.094852],[-79.4092,44.094876],[-79.409207,44.094902],[-79.409194,44.094924],[-79.409173,44.094935],[-79.409136,44.094938]]]}},{"type":"Feature","properties":{"k":"tee"},"geometry":{"type":"Polygon","coordinates":[[[-79.409488,44.094935],[-79.409459,44.094965],[-79.409391,44.094965],[-79.40935,44.09495],[-79.40934,44.094934],[-79.409344,44.0949],[-79.409375,44.094876],[-79.40945,44.094879],[-79.409484,44.094898],[-79.409488,44.094935]]]}},{"type":"Feature","properties":{"k":"tee"},"geometry":{"type":"Polygon","coordinates":[[[-79.408293,44.095227],[-79.408246,44.095229],[-79.408218,44.095216],[-79.408194,44.095162],[-79.408213,44.095141],[-79.408248,44.095134],[-79.408286,44.095146],[-79.40831,44.0952],[-79.408293,44.095227]]]}},{"type":"Feature","properties":{"k":"tee"},"geometry":{"type":"Polygon","coordinates":[[[-79.408819,44.095091],[-79.408764,44.095097],[-79.408754,44.095123],[-79.408767,44.095148],[-79.408884,44.09515],[-79.40891,44.095136],[-79.408909,44.09511],[-79.408889,44.095095],[-79.408819,44.095091]]]}},{"type":"Feature","properties":{"k":"tee"},"geometry":{"type":"Polygon","coordinates":[[[-79.413307,44.09564],[-79.413194,44.095673],[-79.413092,44.09569],[-79.413054,44.095679],[-79.413046,44.095654],[-79.413056,44.095634],[-79.413265,44.095565],[-79.4133,44.09556],[-79.413325,44.095571],[-79.413338,44.095608],[-79.413307,44.09564]]]}},{"type":"Feature","properties":{"k":"tee"},"geometry":{"type":"Polygon","coordinates":[[[-79.412893,44.095692],[-79.412818,44.095715],[-79.412797,44.095731],[-79.412799,44.09577],[-79.41282,44.095787],[-79.412877,44.095792],[-79.412966,44.095759],[-79.412984,44.095745],[-79.412995,44.095727],[-79.412977,44.09569],[-79.412942,44.095685],[-79.412893,44.095692]]]}},{"type":"Feature","properties":{"k":"tee"},"geometry":{"type":"Polygon","coordinates":[[[-79.411904,44.095723],[-79.411941,44.095718],[-79.411961,44.095698],[-79.411956,44.095671],[-79.411935,44.095662],[-79.411899,44.095668],[-79.411881,44.095683],[-79.411879,44.095702],[-79.411904,44.095723]]]}},{"type":"Feature","properties":{"k":"tee"},"geometry":{"type":"Polygon","coordinates":[[[-79.411575,44.095878],[-79.411522,44.095874],[-79.411477,44.09588],[-79.41146,44.095906],[-79.41147,44.095929],[-79.411506,44.095942],[-79.411575,44.095943],[-79.41161,44.09593],[-79.41162,44.095895],[-79.411575,44.095878]]]}},{"type":"Feature","properties":{"k":"tee"},"geometry":{"type":"Polygon","coordinates":[[[-79.410866,44.096005],[-79.410741,44.095994],[-79.410722,44.095982],[-79.410718,44.095951],[-79.410745,44.095923],[-79.410829,44.09592],[-79.410918,44.095933],[-79.410939,44.095943],[-79.410955,44.095956],[-79.410954,44.095988],[-79.410929,44.096001],[-79.410866,44.096005]]]}},{"type":"Feature","properties":{"k":"tee"},"geometry":{"type":"Polygon","coordinates":[[[-79.410567,44.095987],[-79.410467,44.095977],[-79.410435,44.095953],[-79.410433,44.095935],[-79.410447,44.095925],[-79.410513,44.095921],[-79.410601,44.095934],[-79.410612,44.09597],[-79.410595,44.095984],[-79.410567,44.095987]]]}},{"type":"Feature","properties":{"k":"tee"},"geometry":{"type":"Polygon","coordinates":[[[-79.409003,44.096957],[-79.408943,44.096985],[-79.408855,44.097011],[-79.408774,44.097016],[-79.408744,44.096997],[-79.408722,44.096946],[-79.408766,44.0969],[-79.408878,44.096854],[-79.408941,44.096837],[-79.408973,44.096841],[-79.409003,44.096855],[-79.409027,44.096882],[-79.409036,44.096938],[-79.409003,44.096957]]]}},{"type":"Feature","properties":{"k":"tee"},"geometry":{"type":"Polygon","coordinates":[[[-79.398859,44.097109],[-79.398818,44.097139],[-79.398749,44.097091],[-79.398809,44.097038],[-79.398883,44.09709],[-79.398859,44.097109]]]}},{"type":"Feature","properties":{"k":"tee"},"geometry":{"type":"Polygon","coordinates":[[[-79.398714,44.097252],[-79.398648,44.097209],[-79.398698,44.097173],[-79.398783,44.097229],[-79.398732,44.097261],[-79.398714,44.097252]]]}},{"type":"Feature","properties":{"k":"tee"},"geometry":{"type":"Polygon","coordinates":[[[-79.398589,44.097431],[-79.398579,44.097442],[-79.398486,44.097404],[-79.398562,44.097306],[-79.398658,44.097346],[-79.398589,44.097431]]]}},{"type":"Feature","properties":{"k":"tee"},"geometry":{"type":"Polygon","coordinates":[[[-79.397565,44.098906],[-79.397507,44.098815],[-79.397479,44.098799],[-79.397454,44.098806],[-79.397451,44.098833],[-79.397507,44.098924],[-79.397544,44.098933],[-79.397565,44.098906]]]}},{"type":"Feature","properties":{"k":"tee"},"geometry":{"type":"Polygon","coordinates":[[[-79.399173,44.099237],[-79.399036,44.099263],[-79.399033,44.099291],[-79.399046,44.099301],[-79.399079,44.099303],[-79.399128,44.099298],[-79.399203,44.099283],[-79.399234,44.099266],[-79.399235,44.099241],[-79.399195,44.099232],[-79.399173,44.099237]]]}},{"type":"Feature","properties":{"k":"tee"},"geometry":{"type":"Polygon","coordinates":[[[-79.399447,44.099197],[-79.399347,44.099214],[-79.399352,44.099239],[-79.399367,44.099247],[-79.399393,44.099248],[-79.399469,44.099238],[-79.399506,44.099229],[-79.399522,44.099216],[-79.399517,44.099199],[-79.399487,44.099193],[-79.399447,44.099197]]]}},{"type":"Feature","properties":{"k":"tee"},"geometry":{"type":"Polygon","coordinates":[[[-79.399755,44.099196],[-79.399638,44.099213],[-79.399616,44.099202],[-79.399612,44.099188],[-79.399647,44.099168],[-79.39969,44.09916],[-79.399769,44.099154],[-79.399794,44.09916],[-79.399798,44.099173],[-79.399782,44.099189],[-79.399755,44.099196]]]}},{"type":"Feature","properties":{"k":"tee"},"geometry":{"type":"Polygon","coordinates":[[[-79.399455,44.099442],[-79.399421,44.099482],[-79.399428,44.099507],[-79.399451,44.099526],[-79.399486,44.099539],[-79.399519,44.099537],[-79.399559,44.099523],[-79.399586,44.099474],[-79.399577,44.099445],[-79.399552,44.099434],[-79.399513,44.09943],[-79.399483,44.099431],[-79.399455,44.099442]]]}},{"type":"Feature","properties":{"k":"tee"},"geometry":{"type":"Polygon","coordinates":[[[-79.399459,44.09912],[-79.399425,44.099117],[-79.399396,44.099104],[-79.399391,44.099064],[-79.399443,44.099041],[-79.399504,44.099043],[-79.399524,44.099058],[-79.399526,44.0991],[-79.399497,44.099117],[-79.399459,44.09912]]]}},{"type":"Feature","properties":{"k":"tee"},"geometry":{"type":"Polygon","coordinates":[[[-79.399782,44.09908],[-79.399717,44.099086],[-79.39967,44.099065],[-79.399662,44.099045],[-79.399679,44.099029],[-79.399748,44.099009],[-79.399787,44.099003],[-79.399813,44.099008],[-79.399846,44.099037],[-79.399841,44.099053],[-79.399782,44.09908]]]}},{"type":"Feature","properties":{"k":"tee"},"geometry":{"type":"Polygon","coordinates":[[[-79.399111,44.098979],[-79.399084,44.098956],[-79.399092,44.09894],[-79.399111,44.098927],[-79.399137,44.09893],[-79.399165,44.098955],[-79.39916,44.098973],[-79.399142,44.098981],[-79.399111,44.098979]]]}},{"type":"Feature","properties":{"k":"tee"},"geometry":{"type":"Polygon","coordinates":[[[-79.399059,44.098781],[-79.399039,44.098796],[-79.399033,44.098813],[-79.399038,44.098831],[-79.399055,44.09884],[-79.3991,44.098819],[-79.399114,44.0988],[-79.399107,44.098782],[-79.399086,44.098773],[-79.399059,44.098781]]]}},{"type":"Feature","properties":{"k":"tee"},"geometry":{"type":"Polygon","coordinates":[[[-79.398952,44.098636],[-79.39891,44.098685],[-79.398899,44.098711],[-79.398917,44.098733],[-79.398941,44.098744],[-79.398963,44.098743],[-79.399005,44.098724],[-79.399047,44.098667],[-79.399038,44.098636],[-79.399007,44.098624],[-79.398976,44.098624],[-79.398952,44.098636]]]}},{"type":"Feature","properties":{"k":"tee"},"geometry":{"type":"Polygon","coordinates":[[[-79.399162,44.098448],[-79.399045,44.098549],[-79.399038,44.098587],[-79.399056,44.0986],[-79.399078,44.098604],[-79.399115,44.098596],[-79.399201,44.098529],[-79.399236,44.098488],[-79.399241,44.098461],[-79.399224,44.098441],[-79.399191,44.098435],[-79.399162,44.098448]]]}},{"type":"Feature","properties":{"k":"tee"},"geometry":{"type":"Polygon","coordinates":[[[-79.399331,44.098389],[-79.399348,44.098371],[-79.399353,44.09835],[-79.399334,44.098333],[-79.399308,44.098331],[-79.399277,44.098338],[-79.39926,44.09838],[-79.399278,44.098394],[-79.399305,44.098399],[-79.399331,44.098389]]]}},{"type":"Feature","properties":{"k":"tee"},"geometry":{"type":"Polygon","coordinates":[[[-79.404136,44.098297],[-79.404072,44.098285],[-79.404055,44.098271],[-79.404047,44.098241],[-79.404074,44.098214],[-79.404097,44.098213],[-79.404184,44.098236],[-79.404193,44.098252],[-79.40418,44.098287],[-79.404161,44.098298],[-79.404136,44.098297]]]}},{"type":"Feature","properties":{"k":"tee"},"geometry":{"type":"Polygon","coordinates":[[[-79.404615,44.098276],[-79.40459,44.098267],[-79.404539,44.098266],[-79.404482,44.098281],[-79.404439,44.098304],[-79.404428,44.098338],[-79.404449,44.098362],[-79.404492,44.098375],[-79.404551,44.098382],[-79.404615,44.09837],[-79.404646,44.098348],[-79.404652,44.098329],[-79.404651,44.098309],[-79.404615,44.098276]]]}},{"type":"Feature","properties":{"k":"tee"},"geometry":{"type":"Polygon","coordinates":[[[-79.404816,44.098204],[-79.404704,44.098207],[-79.404678,44.098219],[-79.404665,44.098244],[-79.404671,44.098267],[-79.404708,44.098286],[-79.404895,44.098281],[-79.404931,44.098263],[-79.404939,44.09824],[-79.404919,44.09821],[-79.404899,44.098203],[-79.404816,44.098204]]]}},{"type":"Feature","properties":{"k":"tee"},"geometry":{"type":"Polygon","coordinates":[[[-79.40183,44.096968],[-79.401865,44.096997],[-79.401919,44.097002],[-79.401965,44.096984],[-79.401972,44.096945],[-79.401944,44.096897],[-79.40188,44.096886],[-79.401815,44.096917],[-79.40183,44.096968]]]}},{"type":"Feature","properties":{"k":"tee"},"geometry":{"type":"Polygon","coordinates":[[[-79.401605,44.096997],[-79.401569,44.096979],[-79.401562,44.09695],[-79.401573,44.096922],[-79.401623,44.096912],[-79.401666,44.096915],[-79.401698,44.096933],[-79.401716,44.096961],[-79.401694,44.096994],[-79.401655,44.097004],[-79.401605,44.096997]]]}},{"type":"Feature","properties":{"k":"tee"},"geometry":{"type":"Polygon","coordinates":[[[-79.401955,44.096233],[-79.402004,44.096282],[-79.40203,44.096287],[-79.402065,44.096275],[-79.402077,44.096246],[-79.402046,44.096211],[-79.402002,44.096182],[-79.401971,44.096179],[-79.401945,44.096187],[-79.401936,44.096207],[-79.401955,44.096233]]]}},{"type":"Feature","properties":{"k":"tee"},"geometry":{"type":"Polygon","coordinates":[[[-79.402124,44.096402],[-79.402105,44.096383],[-79.402068,44.096375],[-79.40203,44.096383],[-79.402025,44.096405],[-79.402032,44.096424],[-79.402082,44.096449],[-79.402105,44.096444],[-79.402126,44.096429],[-79.402124,44.096402]]]}},{"type":"Feature","properties":{"k":"tee"},"geometry":{"type":"Polygon","coordinates":[[[-79.406492,44.097779],[-79.40651,44.097751],[-79.406499,44.097705],[-79.406459,44.097676],[-79.406442,44.097642],[-79.406461,44.097539],[-79.406478,44.09749],[-79.406501,44.097462],[-79.406496,44.097438],[-79.406466,44.097418],[-79.406292,44.097367],[-79.406136,44.09734],[-79.406075,44.097353],[-79.406033,44.097381],[-79.40596,44.097526],[-79.405779,44.097688],[-79.405753,44.097725],[-79.405748,44.097756],[-79.40576,44.097785],[-79.405866,44.097817],[-79.40612,44.09784],[-79.406249,44.097842],[-79.406416,44.097817],[-79.40647,44.097803],[-79.406492,44.097779]]]}},{"type":"Feature","properties":{"k":"tee"},"geometry":{"type":"Polygon","coordinates":[[[-79.400093,44.098901],[-79.400051,44.098905],[-79.400024,44.09893],[-79.40003,44.098957],[-79.400057,44.098973],[-79.400089,44.098977],[-79.400128,44.098968],[-79.400147,44.098943],[-79.400137,44.098915],[-79.400093,44.098901]]]}},{"type":"Feature","properties":{"k":"green"},"geometry":{"type":"Polygon","coordinates":[[[-79.406092,44.098021],[-79.406018,44.098024],[-79.405776,44.098071],[-79.405756,44.098101],[-79.405793,44.098221],[-79.405817,44.098253],[-79.405903,44.09828],[-79.406124,44.098248],[-79.406165,44.09823],[-79.406182,44.098195],[-79.406145,44.098074],[-79.406128,44.098045],[-79.406092,44.098021]]]}},{"type":"Feature","properties":{"k":"path"},"geometry":{"type":"LineString","coordinates":[[-79.41389,44.096599],[-79.408494,44.097798],[-79.40794,44.097783]]}},{"type":"Feature","properties":{"k":"path"},"geometry":{"type":"LineString","coordinates":[[-79.406751,44.098158],[-79.406629,44.098208],[-79.405755,44.09841]]}},{"type":"Feature","properties":{"k":"path"},"geometry":{"type":"LineString","coordinates":[[-79.40794,44.097783],[-79.40803,44.097446],[-79.407961,44.097201],[-79.407993,44.097024]]}},{"type":"Feature","properties":{"k":"path"},"geometry":{"type":"LineString","coordinates":[[-79.407594,44.097664],[-79.407552,44.097481],[-79.407461,44.097424],[-79.407312,44.097428],[-79.407147,44.097569],[-79.407181,44.097723]]}},{"type":"Feature","properties":{"k":"path"},"geometry":{"type":"LineString","coordinates":[[-79.406634,44.097802],[-79.406554,44.097725],[-79.406505,44.097645],[-79.406511,44.097552],[-79.40657,44.097394],[-79.40665,44.097283],[-79.40681,44.097024],[-79.406942,44.097036],[-79.406981,44.096951],[-79.406993,44.096984],[-79.407291,44.097087],[-79.407499,44.097095],[-79.407631,44.097068]]}},{"type":"Feature","properties":{"k":"path"},"geometry":{"type":"LineString","coordinates":[[-79.406811,44.097313],[-79.406806,44.097348],[-79.406822,44.097394],[-79.406849,44.097433],[-79.406929,44.09751],[-79.406981,44.097547],[-79.407047,44.097579]]}},{"type":"Feature","properties":{"k":"path"},"geometry":{"type":"LineString","coordinates":[[-79.397487,44.098188],[-79.397278,44.0983],[-79.397199,44.098446]]}},{"type":"Feature","properties":{"k":"fairway"},"geometry":{"type":"Polygon","coordinates":[[[-79.399039,44.099679],[-79.399015,44.099709],[-79.398939,44.099751],[-79.398916,44.099772],[-79.398915,44.099798],[-79.398926,44.099817],[-79.398967,44.09984],[-79.399072,44.099834],[-79.399165,44.099859],[-79.399098,44.099818],[-79.399061,44.099765],[-79.399051,44.099691],[-79.399063,44.099642],[-79.399039,44.099679]]]}},{"type":"Feature","properties":{"k":"fairway"},"geometry":{"type":"Polygon","coordinates":[[[-79.405297,44.095651],[-79.405186,44.09562],[-79.405072,44.095551],[-79.405041,44.095503],[-79.405053,44.095465],[-79.405078,44.095447],[-79.405161,44.095421],[-79.405223,44.095423],[-79.405331,44.095454],[-79.405405,44.095485],[-79.405445,44.095516],[-79.405479,44.095558],[-79.405485,44.095587],[-79.405475,44.095611],[-79.405405,44.095647],[-79.405358,44.095655],[-79.405297,44.095651]]]}},{"type":"Feature","properties":{"k":"path"},"geometry":{"type":"LineString","coordinates":[[-79.397396,44.099012],[-79.3976,44.09904]]}},{"type":"Feature","properties":{"k":"tee"},"geometry":{"type":"Polygon","coordinates":[[[-79.403557,44.095267],[-79.403533,44.095259],[-79.403526,44.09523],[-79.403535,44.095223],[-79.403654,44.095197],[-79.403666,44.095204],[-79.403677,44.095232],[-79.403671,44.095242],[-79.403557,44.095267]]]}},{"type":"Feature","properties":{"k":"tee"},"geometry":{"type":"Polygon","coordinates":[[[-79.404476,44.095126],[-79.404397,44.095143],[-79.404374,44.095131],[-79.404368,44.095111],[-79.404464,44.095091],[-79.404482,44.095108],[-79.404476,44.095126]]]}},{"type":"Feature","properties":{"k":"path"},"geometry":{"type":"LineString","coordinates":[[-79.411633,44.09588],[-79.411659,44.095838],[-79.411767,44.095769],[-79.411889,44.095716]]}},{"type":"Feature","properties":{"k":"green"},"geometry":{"type":"Polygon","coordinates":[[[-79.403635,44.095607],[-79.403701,44.095563],[-79.403705,44.095542],[-79.403705,44.095511],[-79.403661,44.095467],[-79.403637,44.095454],[-79.403576,44.09544],[-79.403502,44.095434],[-79.403459,44.095446],[-79.403426,44.095469],[-79.403415,44.095494],[-79.403415,44.095614],[-79.40343,44.095638],[-79.403483,44.095651],[-79.403547,44.095647],[-79.403635,44.095607]]]}},{"type":"Feature","properties":{"k":"green"},"geometry":{"type":"Polygon","coordinates":[[[-79.403176,44.096102],[-79.403236,44.096057],[-79.403241,44.096007],[-79.403225,44.095974],[-79.403141,44.09594],[-79.403082,44.095939],[-79.403036,44.095949],[-79.40297,44.09598],[-79.402836,44.095993],[-79.402789,44.096004],[-79.402743,44.096043],[-79.402754,44.096088],[-79.402784,44.096102],[-79.402821,44.096108],[-79.402951,44.09611],[-79.403011,44.096136],[-79.403097,44.096134],[-79.40314,44.096122],[-79.403176,44.096102]]]}},{"type":"Feature","properties":{"k":"green"},"geometry":{"type":"Polygon","coordinates":[[[-79.408451,44.094752],[-79.408541,44.094753],[-79.408618,44.094728],[-79.408674,44.094673],[-79.408686,44.094632],[-79.408682,44.094599],[-79.408636,44.094539],[-79.408539,44.094493],[-79.408492,44.094483],[-79.408437,44.094483],[-79.408383,44.094502],[-79.408313,44.094567],[-79.408305,44.094603],[-79.408303,44.094632],[-79.408333,44.094695],[-79.408401,44.094738],[-79.408451,44.094752]]]}},{"type":"Feature","properties":{"k":"green"},"geometry":{"type":"Polygon","coordinates":[[[-79.412157,44.093452],[-79.412208,44.093457],[-79.41226,44.093452],[-79.412369,44.093422],[-79.412413,44.093398],[-79.412437,44.093368],[-79.412436,44.093327],[-79.412423,44.093311],[-79.412366,44.093273],[-79.412303,44.093259],[-79.412203,44.093254],[-79.41215,44.093261],[-79.412104,44.093277],[-79.412078,44.093304],[-79.412061,44.093342],[-79.41207,44.093382],[-79.412115,44.093434],[-79.412157,44.093452]]]}},{"type":"Feature","properties":{"k":"green"},"geometry":{"type":"Polygon","coordinates":[[[-79.409218,44.094337],[-79.409228,44.09431],[-79.409213,44.094247],[-79.409196,44.094224],[-79.409168,44.094205],[-79.409101,44.094177],[-79.409037,44.094173],[-79.408971,44.094187],[-79.408936,44.094207],[-79.408886,44.094263],[-79.408881,44.094293],[-79.408904,44.094346],[-79.408926,44.094362],[-79.408994,44.094384],[-79.409078,44.09439],[-79.409161,44.094375],[-79.409194,44.094362],[-79.409218,44.094337]]]}},{"type":"Feature","properties":{"k":"green"},"geometry":{"type":"Polygon","coordinates":[[[-79.412918,44.095406],[-79.413016,44.095348],[-79.413031,44.095327],[-79.413044,44.095306],[-79.41304,44.095238],[-79.412978,44.095182],[-79.412915,44.095152],[-79.412877,44.095145],[-79.412808,44.095151],[-79.412772,44.095166],[-79.412701,44.095217],[-79.412673,44.095254],[-79.412669,44.095297],[-79.412678,44.095319],[-79.412708,44.095357],[-79.412792,44.095398],[-79.41285,44.095411],[-79.412918,44.095406]]]}},{"type":"Feature","properties":{"k":"green"},"geometry":{"type":"Polygon","coordinates":[[[-79.409359,44.097525],[-79.409437,44.097493],[-79.409465,44.097462],[-79.409476,44.097437],[-79.409449,44.097383],[-79.409406,44.097353],[-79.409356,44.097342],[-79.409259,44.09735],[-79.409187,44.097377],[-79.409133,44.097428],[-79.409119,44.097462],[-79.409124,44.097492],[-79.409145,44.097516],[-79.409181,44.097531],[-79.409236,44.097537],[-79.409319,44.097535],[-79.409359,44.097525]]]}},{"type":"Feature","properties":{"k":"green"},"geometry":{"type":"Polygon","coordinates":[[[-79.409962,44.096443],[-79.410064,44.096453],[-79.410112,44.096453],[-79.41016,44.096443],[-79.410205,44.09643],[-79.410236,44.096402],[-79.410249,44.096384],[-79.410248,44.096361],[-79.410214,44.096319],[-79.410187,44.096304],[-79.410102,44.096281],[-79.409973,44.096269],[-79.409949,44.096273],[-79.409865,44.096316],[-79.409842,44.096346],[-79.409862,44.096391],[-79.409924,44.09643],[-79.409962,44.096443]]]}},{"type":"Feature","properties":{"k":"green"},"geometry":{"type":"Polygon","coordinates":[[[-79.408901,44.096427],[-79.408857,44.096363],[-79.408815,44.09634],[-79.408764,44.096332],[-79.408698,44.096343],[-79.408649,44.096367],[-79.408618,44.096402],[-79.408608,44.096447],[-79.40862,44.096482],[-79.408655,44.096529],[-79.408696,44.096548],[-79.408758,44.096554],[-79.40883,44.096542],[-79.408878,44.096512],[-79.408903,44.096481],[-79.408901,44.096427]]]}},{"type":"Feature","properties":{"k":"green"},"geometry":{"type":"Polygon","coordinates":[[[-79.40536,44.095628],[-79.405383,44.095625],[-79.405419,44.095605],[-79.405433,44.09557],[-79.405431,44.09555],[-79.405389,44.095503],[-79.405339,44.09548],[-79.405237,44.095459],[-79.405162,44.09546],[-79.405117,44.095467],[-79.405089,44.095481],[-79.405084,44.095516],[-79.405119,44.095558],[-79.405244,44.095611],[-79.405291,44.095623],[-79.40536,44.095628]]]}},{"type":"Feature","properties":{"k":"green"},"geometry":{"type":"Polygon","coordinates":[[[-79.399315,44.097931],[-79.399351,44.097911],[-79.399395,44.097864],[-79.3994,44.097843],[-79.399351,44.097789],[-79.39929,44.097768],[-79.399229,44.097765],[-79.399119,44.097794],[-79.399068,44.097825],[-79.399045,44.097865],[-79.399047,44.097893],[-79.399091,44.097947],[-79.399134,44.097962],[-79.399212,44.097965],[-79.39926,44.097955],[-79.399315,44.097931]]]}},{"type":"Feature","properties":{"k":"green"},"geometry":{"type":"Polygon","coordinates":[[[-79.397313,44.098453],[-79.397331,44.098467],[-79.397374,44.098482],[-79.397525,44.098496],[-79.39758,44.098484],[-79.397604,44.098453],[-79.397607,44.098428],[-79.39758,44.098391],[-79.397553,44.098375],[-79.39744,44.098358],[-79.397356,44.098372],[-79.397306,44.0984],[-79.397299,44.098434],[-79.397313,44.098453]]]}},{"type":"Feature","properties":{"k":"green"},"geometry":{"type":"Polygon","coordinates":[[[-79.39933,44.099775],[-79.399327,44.099753],[-79.39929,44.099686],[-79.399236,44.099623],[-79.399204,44.099603],[-79.399164,44.099595],[-79.399125,44.099603],[-79.39909,44.099619],[-79.399063,44.099642],[-79.399051,44.099691],[-79.399061,44.099765],[-79.399098,44.099818],[-79.399139,44.099848],[-79.399198,44.099865],[-79.399232,44.099863],[-79.399266,44.09985],[-79.399299,44.099829],[-79.399325,44.099797],[-79.39933,44.099775]]]}},{"type":"Feature","properties":{"k":"green"},"geometry":{"type":"Polygon","coordinates":[[[-79.400802,44.099452],[-79.400928,44.09951],[-79.400968,44.099517],[-79.401029,44.099516],[-79.401106,44.099489],[-79.401117,44.099478],[-79.401134,44.09945],[-79.401137,44.099417],[-79.401095,44.099383],[-79.400959,44.099378],[-79.400896,44.099355],[-79.400861,44.099349],[-79.400813,44.099353],[-79.400786,44.099366],[-79.400771,44.099389],[-79.400769,44.099413],[-79.400802,44.099452]]]}},{"type":"Feature","properties":{"k":"green"},"geometry":{"type":"Polygon","coordinates":[[[-79.403855,44.098611],[-79.403817,44.098649],[-79.403811,44.098699],[-79.403821,44.098716],[-79.403844,44.098733],[-79.403875,44.098742],[-79.403951,44.098746],[-79.404009,44.098737],[-79.404085,44.098706],[-79.404159,44.098656],[-79.404184,44.09862],[-79.404184,44.098601],[-79.404162,44.098571],[-79.404138,44.098561],[-79.404046,44.098552],[-79.404021,44.098556],[-79.403965,44.098587],[-79.403889,44.098593],[-79.403855,44.098611]]]}},{"type":"Feature","properties":{"k":"green"},"geometry":{"type":"Polygon","coordinates":[[[-79.399773,44.098752],[-79.399827,44.098746],[-79.399854,44.098733],[-79.39988,44.0987],[-79.39988,44.098553],[-79.399865,44.098514],[-79.399848,44.098498],[-79.399798,44.098466],[-79.399755,44.098455],[-79.399703,44.098468],[-79.399646,44.098509],[-79.399583,44.098569],[-79.399551,44.098622],[-79.399564,44.098682],[-79.399623,44.098734],[-79.399687,44.098751],[-79.399773,44.098752]]]}},{"type":"Feature","properties":{"k":"green"},"geometry":{"type":"Polygon","coordinates":[[[-79.401413,44.096403],[-79.401515,44.096377],[-79.401545,44.096356],[-79.401561,44.096331],[-79.40157,44.096288],[-79.401564,44.096261],[-79.401544,44.096238],[-79.401483,44.096213],[-79.401349,44.096218],[-79.401307,44.096229],[-79.40123,44.096262],[-79.40119,44.096301],[-79.401188,44.096325],[-79.401201,44.096344],[-79.401252,44.096378],[-79.401318,44.096398],[-79.401413,44.096403]]]}},{"type":"Feature","properties":{"k":"green"},"geometry":{"type":"Polygon","coordinates":[[[-79.405407,44.097982],[-79.405417,44.097923],[-79.405384,44.097891],[-79.405357,44.097881],[-79.405272,44.097869],[-79.405246,44.097854],[-79.405219,44.097822],[-79.405173,44.097801],[-79.405117,44.097797],[-79.405071,44.097814],[-79.405052,44.097836],[-79.405055,44.097883],[-79.405085,44.097958],[-79.405124,44.097984],[-79.405209,44.097989],[-79.405309,44.098011],[-79.405343,44.098011],[-79.405376,44.098004],[-79.405407,44.097982]]]}},{"type":"Feature","properties":{"k":"green"},"geometry":{"type":"Polygon","coordinates":[[[-79.407746,44.096991],[-79.4078,44.096981],[-79.407843,44.096955],[-79.407865,44.096914],[-79.407856,44.096868],[-79.40775,44.096736],[-79.407681,44.096709],[-79.407577,44.096701],[-79.407511,44.096702],[-79.407468,44.09671],[-79.407435,44.096725],[-79.407413,44.096743],[-79.407406,44.096781],[-79.40742,44.096824],[-79.407448,44.096848],[-79.407661,44.096967],[-79.407746,44.096991]]]}},{"type":"Feature","properties":{"k":"green"},"geometry":{"type":"Polygon","coordinates":[[[-79.407246,44.096639],[-79.407284,44.096621],[-79.407288,44.096611],[-79.407283,44.096583],[-79.407256,44.096561],[-79.407161,44.096551],[-79.407127,44.096553],[-79.407106,44.096566],[-79.407095,44.096605],[-79.407133,44.096632],[-79.407183,44.096647],[-79.407246,44.096639]]]}},{"type":"Feature","properties":{"k":"path"},"geometry":{"type":"LineString","coordinates":[[-79.400199,44.099072],[-79.400351,44.099004],[-79.400396,44.098937],[-79.400455,44.098816],[-79.400516,44.098761],[-79.400556,44.098752],[-79.400662,44.098749],[-79.400751,44.098757],[-79.400849,44.098783],[-79.400883,44.098773],[-79.400961,44.098724],[-79.401049,44.098682],[-79.401128,44.098672],[-79.401208,44.098671],[-79.401266,44.098701]]}},{"type":"Feature","properties":{"k":"tee"},"geometry":{"type":"Polygon","coordinates":[[[-79.40511,44.098203],[-79.40516,44.098221],[-79.405191,44.098223],[-79.405223,44.098212],[-79.405234,44.098191],[-79.405213,44.098158],[-79.405149,44.098149],[-79.405114,44.098162],[-79.405105,44.098181],[-79.40511,44.098203]]]}},{"type":"Feature","properties":{"k":"wood"},"geometry":{"type":"Polygon","coordinates":[[[-79.410306,44.097254],[-79.410624,44.097188],[-79.411771,44.096873],[-79.413038,44.096598],[-79.413095,44.096532],[-79.413031,44.096242],[-79.413095,44.096069],[-79.413123,44.095952],[-79.41289,44.095952],[-79.412642,44.096064],[-79.412486,44.096227],[-79.412196,44.096481],[-79.41175,44.096598],[-79.411028,44.096857],[-79.410709,44.096984],[-79.410419,44.097081],[-79.410193,44.097178],[-79.410306,44.097254]]]}},{"type":"Feature","properties":{"k":"wood"},"geometry":{"type":"Polygon","coordinates":[[[-79.409465,44.094051],[-79.409394,44.09406],[-79.409339,44.094107],[-79.409345,44.094155],[-79.409428,44.094273],[-79.409548,44.094308],[-79.409697,44.094294],[-79.4098,44.094197],[-79.409743,44.094078],[-79.409687,44.094016],[-79.409465,44.094051]]]}},{"type":"Feature","properties":{"k":"wood"},"geometry":{"type":"Polygon","coordinates":[[[-79.409197,44.094098],[-79.409104,44.094102],[-79.408957,44.094138],[-79.408824,44.094244],[-79.408855,44.09435],[-79.408981,44.09445],[-79.409006,44.094498],[-79.408969,44.094503],[-79.408821,44.094408],[-79.408661,44.094381],[-79.408642,44.094315],[-79.408661,44.094264],[-79.408655,44.094211],[-79.408682,44.09416],[-79.408735,44.094131],[-79.408809,44.094118],[-79.409006,44.094065],[-79.409144,44.094058],[-79.409191,44.094062],[-79.409197,44.094098]]]}},{"type":"Feature","properties":{"k":"wood"},"geometry":{"type":"Polygon","coordinates":[[[-79.409197,44.095273],[-79.409314,44.095346],[-79.409409,44.095421],[-79.409286,44.095481],[-79.409138,44.095532],[-79.408963,44.095569],[-79.408836,44.095582],[-79.408698,44.095567],[-79.408504,44.095594],[-79.408331,44.095644],[-79.408192,44.095625],[-79.408091,44.095551],[-79.407965,44.095476],[-79.407792,44.095439],[-79.407616,44.095425],[-79.40749,44.09533],[-79.407401,44.095215],[-79.407579,44.095164],[-79.407632,44.095056],[-79.407752,44.094987],[-79.408094,44.094963],[-79.408211,44.09502],[-79.408211,44.0951],[-79.408131,44.095147],[-79.408115,44.095195],[-79.408112,44.095244],[-79.408149,44.095275],[-79.408285,44.095279],[-79.408722,44.095237],[-79.408904,44.095211],[-79.40912,44.095213],[-79.409197,44.095273]]]}},{"type":"Feature","properties":{"k":"wood"},"geometry":{"type":"Polygon","coordinates":[[[-79.403441,44.099071],[-79.403406,44.099356],[-79.40342,44.099656],[-79.40335,44.09987],[-79.40313,44.09989],[-79.402833,44.099829],[-79.402677,44.099692],[-79.4025,44.099732],[-79.402309,44.099834],[-79.402047,44.099865],[-79.401792,44.099905],[-79.401594,44.09989],[-79.401417,44.099834],[-79.401339,44.099778],[-79.40112,44.099788],[-79.400837,44.099783],[-79.400674,44.099798],[-79.400405,44.099854],[-79.40032,44.099961],[-79.400292,44.100104],[-79.400313,44.100256],[-79.400221,44.100439],[-79.39981,44.100571],[-79.399251,44.100586],[-79.398657,44.100663],[-79.397538,44.100729],[-79.397283,44.100597],[-79.397382,44.100449],[-79.397467,44.100358],[-79.397326,44.100215],[-79.397326,44.100159],[-79.397177,44.099986],[-79.397078,44.099748],[-79.396894,44.099458],[-79.396767,44.0993],[-79.396491,44.099046],[-79.396505,44.098863],[-79.396476,44.098777],[-79.396115,44.09865],[-79.395882,44.098385],[-79.395273,44.098167],[-79.395294,44.097638],[-79.395577,44.097226],[-79.396321,44.097206],[-79.396505,44.097653],[-79.396767,44.097714],[-79.397128,44.09746],[-79.397559,44.097343],[-79.397942,44.097054],[-79.398317,44.096693],[-79.39872,44.096139],[-79.399187,44.095854],[-79.399902,44.095574],[-79.400837,44.095335],[-79.400908,44.095406],[-79.400929,44.095722],[-79.400447,44.095844],[-79.399971,44.096001],[-79.40003,44.096215],[-79.399966,44.096393],[-79.399796,44.096474],[-79.399619,44.096621],[-79.399329,44.096789],[-79.399279,44.096926],[-79.399173,44.097013],[-79.399067,44.097038],[-79.39894,44.097028],[-79.398812,44.096998],[-79.398712,44.09702],[-79.398417,44.097284],[-79.398371,44.097539],[-79.398109,44.097696],[-79.397902,44.097771],[-79.397683,44.097799],[-79.397462,44.097915],[-79.397235,44.098297],[-79.397131,44.098417],[-79.397007,44.098455],[-79.396901,44.098442],[-79.39675,44.098378],[-79.39655,44.098227],[-79.396367,44.098056],[-79.396293,44.097892],[-79.396162,44.097875],[-79.396391,44.097808],[-79.396298,44.097714],[-79.396092,44.09765],[-79.396059,44.09758],[-79.395788,44.097714],[-79.395751,44.097573],[-79.3957,44.09756],[-79.395658,44.097617],[-79.395658,44.097811],[-79.395639,44.098026],[-79.395742,44.098193],[-79.395835,44.098264],[-79.395985,44.098264],[-79.396125,44.09821],[-79.396307,44.098217],[-79.396377,44.098334],[-79.39646,44.098413],[-79.396638,44.098636],[-79.396793,44.098807],[-79.396975,44.098978],[-79.397096,44.099166],[-79.397204,44.099407],[-79.397269,44.099612],[-79.397361,44.099755],[-79.397301,44.099917],[-79.397346,44.100006],[-79.397456,44.100038],[-79.397568,44.100038],[-79.397614,44.100085],[-79.397647,44.100162],[-79.397722,44.100222],[-79.397768,44.100296],[-79.397909,44.10031],[-79.398119,44.100299],[-79.399258,44.100025],[-79.399272,44.099894],[-79.399389,44.099911],[-79.399539,44.099951],[-79.400501,44.099733],[-79.401743,44.099428],[-79.402901,44.099173],[-79.403373,44.099055],[-79.403441,44.099071]]]}},{"type":"Feature","properties":{"k":"wood"},"geometry":{"type":"Polygon","coordinates":[[[-79.407481,44.096916],[-79.407081,44.096637],[-79.406599,44.09638],[-79.406119,44.096168],[-79.405798,44.096004],[-79.405755,44.096088],[-79.406507,44.096438],[-79.407043,44.096717],[-79.407185,44.096774],[-79.407462,44.096956],[-79.407481,44.096916]]]}},{"type":"Feature","properties":{"k":"wood"},"geometry":{"type":"Polygon","coordinates":[[[-79.405619,44.095888],[-79.405382,44.095771],[-79.405042,44.095619],[-79.404929,44.095637],[-79.404784,44.095616],[-79.404635,44.095543],[-79.40449,44.095502],[-79.404585,44.095454],[-79.404801,44.095461],[-79.404851,44.095345],[-79.404801,44.095261],[-79.404607,44.095205],[-79.404394,44.095235],[-79.404097,44.095238],[-79.403566,44.095304],[-79.40346,44.095324],[-79.403506,44.095362],[-79.403697,44.095377],[-79.403913,44.095345],[-79.404448,44.09554],[-79.404564,44.095611],[-79.404915,44.095711],[-79.405265,44.09585],[-79.405502,44.09597],[-79.405615,44.095967],[-79.405619,44.095888]]]}},{"type":"Feature","properties":{"k":"wood"},"geometry":{"type":"Polygon","coordinates":[[[-79.407094,44.095034],[-79.406589,44.095039],[-79.406463,44.09506],[-79.406414,44.095096],[-79.406283,44.09511],[-79.406136,44.09508],[-79.406083,44.095145],[-79.40609,44.095221],[-79.406181,44.095232],[-79.40655,44.095229],[-79.40662,44.095182],[-79.406996,44.095145],[-79.407231,44.09514],[-79.407217,44.095078],[-79.407094,44.095034]]]}},{"type":"Feature","properties":{"k":"wood"},"geometry":{"type":"Polygon","coordinates":[[[-79.408807,44.095031],[-79.408906,44.094973],[-79.409014,44.094976],[-79.40914,44.094958],[-79.409232,44.094965],[-79.409257,44.094987],[-79.409217,44.095029],[-79.409103,44.09504],[-79.408934,44.095075],[-79.408826,44.095069],[-79.408705,44.095093],[-79.408635,44.095035],[-79.408684,44.094993],[-79.408752,44.09502],[-79.408807,44.095031]]]}},{"type":"Feature","properties":{"k":"wood"},"geometry":{"type":"Polygon","coordinates":[[[-79.408499,44.094825],[-79.408733,44.094715],[-79.408761,44.094666],[-79.408733,44.094591],[-79.40869,44.094535],[-79.408693,44.094478],[-79.408758,44.094484],[-79.408807,44.094564],[-79.408832,44.094655],[-79.408798,44.09475],[-79.408699,44.094827],[-79.408555,44.094876],[-79.408499,44.094825]]]}},{"type":"Feature","properties":{"k":"wood"},"geometry":{"type":"Polygon","coordinates":[[[-79.408117,44.094226],[-79.408228,44.094192],[-79.408456,44.094197],[-79.408533,44.09419],[-79.408585,44.094248],[-79.408564,44.094312],[-79.408508,44.094361],[-79.408404,44.094367],[-79.40833,44.094332],[-79.408142,44.094299],[-79.408117,44.094226]]]}},{"type":"Feature","properties":{"k":"wood"},"geometry":{"type":"Polygon","coordinates":[[[-79.411162,44.093365],[-79.411191,44.093399],[-79.411331,44.093407],[-79.411559,44.093391],[-79.411696,44.093341],[-79.411768,44.093268],[-79.41171,44.09324],[-79.411407,44.093286],[-79.411162,44.093365]]]}},{"type":"Feature","properties":{"k":"wood"},"geometry":{"type":"Polygon","coordinates":[[[-79.412436,44.09437],[-79.412162,44.094328],[-79.411669,44.094419],[-79.411484,44.094536],[-79.411472,44.094697],[-79.411845,44.094647],[-79.412017,44.094706],[-79.412073,44.094804],[-79.412159,44.094837],[-79.412208,44.09466],[-79.412301,44.094686],[-79.41247,44.094624],[-79.412492,44.094472],[-79.412436,44.09437]]]}},{"type":"Feature","properties":{"k":"wood"},"geometry":{"type":"Polygon","coordinates":[[[-79.409941,44.095485],[-79.40975,44.095494],[-79.409612,44.095522],[-79.40951,44.095595],[-79.409562,44.095648],[-79.409843,44.095589],[-79.409966,44.095582],[-79.410006,44.095673],[-79.41008,44.095595],[-79.410179,44.09556],[-79.41029,44.095569],[-79.410379,44.095613],[-79.410493,44.095617],[-79.410604,44.095586],[-79.410776,44.095635],[-79.410878,44.095558],[-79.41097,44.095465],[-79.410878,44.09537],[-79.410718,44.095431],[-79.410613,44.095513],[-79.410484,44.095465],[-79.41053,44.09533],[-79.410345,44.095319],[-79.410203,44.095341],[-79.410154,44.095239],[-79.409963,44.095246],[-79.409855,44.095305],[-79.4098,44.095186],[-79.409596,44.09519],[-79.40958,44.095362],[-79.409794,44.095376],[-79.409988,44.0954],[-79.410129,44.095387],[-79.4102,44.095431],[-79.41024,44.095474],[-79.409941,44.095485]]]}},{"type":"Feature","properties":{"k":"wood"},"geometry":{"type":"Polygon","coordinates":[[[-79.409279,44.097027],[-79.409588,44.096869],[-79.409885,44.09675],[-79.410076,44.096653],[-79.410174,44.096665],[-79.41015,44.096797],[-79.410007,44.096864],[-79.409755,44.096939],[-79.409487,44.097048],[-79.409373,44.097085],[-79.409279,44.097027]]]}},{"type":"Feature","properties":{"k":"wood"},"geometry":{"type":"Polygon","coordinates":[[[-79.410345,44.096525],[-79.410406,44.096601],[-79.410511,44.096586],[-79.41056,44.096539],[-79.410633,44.096493],[-79.410796,44.09644],[-79.411093,44.096286],[-79.41141,44.096198],[-79.41156,44.096131],[-79.411585,44.096066],[-79.411475,44.096072],[-79.411369,44.096052],[-79.41128,44.096043],[-79.411194,44.096093],[-79.411068,44.096075],[-79.410881,44.096218],[-79.410755,44.096236],[-79.410637,44.096242],[-79.410483,44.096297],[-79.410434,44.096341],[-79.410479,44.096434],[-79.410345,44.096525]]]}},{"type":"Feature","properties":{"k":"wood"},"geometry":{"type":"Polygon","coordinates":[[[-79.411711,44.095967],[-79.411885,44.095874],[-79.412174,44.095783],[-79.412373,44.095704],[-79.412398,44.095599],[-79.412231,44.095547],[-79.412142,44.095593],[-79.411885,44.095538],[-79.411814,44.095671],[-79.411846,44.09568],[-79.411918,44.095632],[-79.411987,44.095661],[-79.411983,44.095722],[-79.411833,44.095772],[-79.411735,44.095833],[-79.41167,44.095923],[-79.411711,44.095967]]]}},{"type":"Feature","properties":{"k":"wood"},"geometry":{"type":"Polygon","coordinates":[[[-79.404534,44.096876],[-79.404697,44.096973],[-79.404824,44.09693],[-79.405015,44.09699],[-79.405258,44.097044],[-79.405221,44.097151],[-79.405323,44.097228],[-79.405562,44.097218],[-79.406029,44.097238],[-79.405996,44.097138],[-79.405646,44.097007],[-79.405618,44.09705],[-79.405534,44.097054],[-79.405524,44.09698],[-79.405412,44.096943],[-79.405291,44.096963],[-79.405151,44.096973],[-79.405099,44.096899],[-79.404964,44.096916],[-79.404903,44.096853],[-79.404828,44.096866],[-79.4046,44.096806],[-79.404534,44.096876]]]}},{"type":"Feature","properties":{"k":"wood"},"geometry":{"type":"Polygon","coordinates":[[[-79.404511,44.09753],[-79.405132,44.097614],[-79.405398,44.097671],[-79.405506,44.097728],[-79.405627,44.097825],[-79.405664,44.097906],[-79.405618,44.097905],[-79.405496,44.097772],[-79.405403,44.097728],[-79.405235,44.097698],[-79.40488,44.097674],[-79.404422,44.097674],[-79.404366,44.097587],[-79.404511,44.09753]]]}},{"type":"Feature","properties":{"k":"wood"},"geometry":{"type":"Polygon","coordinates":[[[-79.403646,44.09731],[-79.403538,44.097222],[-79.403403,44.097215],[-79.403384,44.097297],[-79.403434,44.097364],[-79.403483,44.097403],[-79.403554,44.097428],[-79.403637,44.097412],[-79.403705,44.097366],[-79.403646,44.09731]]]}},{"type":"Feature","properties":{"k":"wood"},"geometry":{"type":"Polygon","coordinates":[[[-79.401134,44.097074],[-79.401006,44.09724],[-79.40084,44.097374],[-79.400721,44.097552],[-79.400464,44.097656],[-79.400405,44.097852],[-79.400249,44.097975],[-79.400024,44.098106],[-79.399879,44.098218],[-79.39989,44.098307],[-79.400292,44.098256],[-79.400721,44.098187],[-79.401059,44.098045],[-79.401397,44.09789],[-79.401896,44.097821],[-79.40247,44.097717],[-79.402427,44.097559],[-79.402374,44.097436],[-79.402159,44.097413],[-79.402009,44.097359],[-79.40188,44.097263],[-79.40166,44.09724],[-79.401328,44.097189],[-79.401134,44.097074]]]}},{"type":"Feature","properties":{"k":"wood"},"geometry":{"type":"Polygon","coordinates":[[[-79.402894,44.098268],[-79.402674,44.098214],[-79.402476,44.098284],[-79.402481,44.098403],[-79.402728,44.09843],[-79.403023,44.098411],[-79.403227,44.098411],[-79.403436,44.098337],[-79.403645,44.09833],[-79.403709,44.09828],[-79.403634,44.098264],[-79.403173,44.09833],[-79.403001,44.098322],[-79.402894,44.098268]]]}},{"type":"Feature","properties":{"k":"wood"},"geometry":{"type":"Polygon","coordinates":[[[-79.398136,44.098492],[-79.397862,44.098711],[-79.397766,44.098777],[-79.397707,44.09883],[-79.397546,44.098653],[-79.397406,44.09855],[-79.397353,44.098533],[-79.39739,44.098645],[-79.397565,44.098781],[-79.397696,44.098937],[-79.3979,44.099126],[-79.398045,44.099305],[-79.398278,44.09939],[-79.398466,44.099355],[-79.398503,44.099266],[-79.398305,44.099245],[-79.398152,44.099201],[-79.398037,44.099085],[-79.39794,44.09897],[-79.398181,44.098922],[-79.398289,44.098771],[-79.398254,44.098635],[-79.398136,44.098492]]]}},{"type":"Feature","properties":{"k":"wood"},"geometry":{"type":"Polygon","coordinates":[[[-79.405349,44.095301],[-79.405272,44.095279],[-79.405141,44.095284],[-79.405031,44.095309],[-79.405015,44.095338],[-79.405096,44.095353],[-79.40537,44.095364],[-79.405349,44.095301]]]}},{"type":"Feature","properties":{"k":"wood"},"geometry":{"type":"Polygon","coordinates":[[[-79.402561,44.095674],[-79.402137,44.095738],[-79.401952,44.095794],[-79.40188,44.095854],[-79.401863,44.095923],[-79.401882,44.095987],[-79.401979,44.096044],[-79.402075,44.096054],[-79.402164,44.096089],[-79.402148,44.096177],[-79.402336,44.096281],[-79.402435,44.096281],[-79.402427,44.096191],[-79.402402,44.096121],[-79.402416,44.096085],[-79.402526,44.09605],[-79.402558,44.095965],[-79.402716,44.095844],[-79.402692,44.095782],[-79.402614,44.09579],[-79.402612,44.095728],[-79.402561,44.095674]]]}},{"type":"Feature","properties":{"k":"wood"},"geometry":{"type":"Polygon","coordinates":[[[-79.401858,44.096133],[-79.401751,44.095919],[-79.401697,44.095892],[-79.40156,44.095911],[-79.401466,44.095944],[-79.401453,44.096013],[-79.401271,44.096056],[-79.401064,44.096139],[-79.400978,44.096233],[-79.400702,44.096428],[-79.400659,44.09651],[-79.400732,44.096566],[-79.40064,44.096597],[-79.400584,44.096435],[-79.40052,44.096484],[-79.400372,44.096643],[-79.400283,44.096703],[-79.400279,44.096845],[-79.400187,44.096925],[-79.400079,44.096986],[-79.400055,44.097093],[-79.399919,44.097152],[-79.399894,44.097252],[-79.400073,44.097212],[-79.40027,44.097183],[-79.40044,44.097119],[-79.400483,44.097026],[-79.400541,44.09694],[-79.400526,44.096843],[-79.400581,44.096743],[-79.400625,44.096778],[-79.400649,44.096896],[-79.400729,44.09688],[-79.400714,44.096772],[-79.400785,44.096708],[-79.400997,44.09669],[-79.40105,44.096593],[-79.401121,44.096515],[-79.401096,44.09644],[-79.401022,44.096309],[-79.401182,44.096203],[-79.401266,44.096129],[-79.401373,44.096072],[-79.401478,44.096066],[-79.401663,44.096191],[-79.401858,44.096133]]]}},{"type":"Feature","properties":{"k":"wood"},"geometry":{"type":"Polygon","coordinates":[[[-79.398693,44.099565],[-79.398865,44.099519],[-79.398949,44.099512],[-79.398987,44.099483],[-79.398891,44.099429],[-79.398818,44.099432],[-79.398748,44.099452],[-79.398675,44.099511],[-79.398693,44.099565]]]}},{"type":"Feature","properties":{"k":"wood"},"geometry":{"type":"Polygon","coordinates":[[[-79.399227,44.099511],[-79.399395,44.099728],[-79.399432,44.099722],[-79.39945,44.099685],[-79.399418,44.099619],[-79.399375,44.09956],[-79.39927,44.099481],[-79.399227,44.099511]]]}},{"type":"Feature","properties":{"k":"wood"},"geometry":{"type":"Polygon","coordinates":[[[-79.401402,44.096702],[-79.401353,44.096738],[-79.401348,44.096786],[-79.401356,44.096811],[-79.401306,44.096835],[-79.401246,44.096878],[-79.401247,44.096933],[-79.401325,44.096959],[-79.401435,44.096931],[-79.401523,44.096864],[-79.401552,44.096828],[-79.401532,44.096761],[-79.401402,44.096702]]]}},{"type":"Feature","properties":{"k":"wood"},"geometry":{"type":"Polygon","coordinates":[[[-79.402083,44.096855],[-79.402044,44.096863],[-79.401831,44.096843],[-79.401741,44.096859],[-79.401655,44.09686],[-79.401619,44.096818],[-79.401639,44.096769],[-79.401629,44.096701],[-79.401684,44.096605],[-79.401754,44.096578],[-79.401845,44.09666],[-79.401764,44.096739],[-79.401833,44.096768],[-79.401931,44.096744],[-79.402088,44.096731],[-79.402116,44.096783],[-79.402083,44.096855]]]}},{"type":"Feature","properties":{"k":"wood"},"geometry":{"type":"Polygon","coordinates":[[[-79.401884,44.096227],[-79.401816,44.096239],[-79.401809,44.096296],[-79.401835,44.096359],[-79.401866,44.096402],[-79.401955,44.096367],[-79.401975,44.096331],[-79.401947,44.096265],[-79.401884,44.096227]]]}},{"type":"Feature","properties":{"k":"tee"},"geometry":{"type":"Polygon","coordinates":[[[-79.40941,44.095204],[-79.409297,44.095217],[-79.409285,44.095167],[-79.409398,44.095153],[-79.40941,44.095204]]]}}]}