{"type":"FeatureCollection","features":[{"type":"Feature","properties":{"k":"hole","ref":"1","par":4},"geometry":{"type":"LineString","coordinates":[[-73.858061,41.125299],[-73.859024,41.127348],[-73.859165,41.128552]]}},{"type":"Feature","properties":{"k":"hole","ref":"2","par":4},"geometry":{"type":"LineString","coordinates":[[-73.859576,41.128782],[-73.85699,41.12996],[-73.856161,41.130401]]}},{"type":"Feature","properties":{"k":"hole","ref":"3","par":3},"geometry":{"type":"LineString","coordinates":[[-73.856103,41.130679],[-73.855069,41.129602]]}},{"type":"Feature","properties":{"k":"hole","ref":"4","par":4},"geometry":{"type":"LineString","coordinates":[[-73.854338,41.130384],[-73.852131,41.129296],[-73.850543,41.12842]]}},{"type":"Feature","properties":{"k":"hole","ref":"5","par":4},"geometry":{"type":"LineString","coordinates":[[-73.850228,41.128089],[-73.85303,41.128935],[-73.854144,41.129859]]}},{"type":"Feature","properties":{"k":"hole","ref":"6","par":5},"geometry":{"type":"LineString","coordinates":[[-73.854579,41.129627],[-73.852788,41.128114],[-73.853058,41.126264]]}},{"type":"Feature","properties":{"k":"hole","ref":"7","par":3},"geometry":{"type":"LineString","coordinates":[[-73.852771,41.125877],[-73.851246,41.127237]]}},{"type":"Feature","properties":{"k":"hole","ref":"8","par":4},"geometry":{"type":"LineString","coordinates":[[-73.850776,41.127611],[-73.850923,41.125103],[-73.851164,41.123847]]}},{"type":"Feature","properties":{"k":"hole","ref":"9","par":4},"geometry":{"type":"LineString","coordinates":[[-73.851921,41.124423],[-73.85064,41.122341],[-73.850594,41.121159]]}},{"type":"Feature","properties":{"k":"hole","ref":"10","par":3},"geometry":{"type":"LineString","coordinates":[[-73.850675,41.120837],[-73.848994,41.120722]]}},{"type":"Feature","properties":{"k":"hole","ref":"11","par":4},"geometry":{"type":"LineString","coordinates":[[-73.848585,41.120578],[-73.84967,41.1227],[-73.849351,41.123891]]}},{"type":"Feature","properties":{"k":"hole","ref":"12","par":5},"geometry":{"type":"LineString","coordinates":[[-73.850491,41.122998],[-73.849531,41.124937],[-73.849264,41.12621],[-73.849755,41.127171]]}},{"type":"Feature","properties":{"k":"hole","ref":"13","par":4},"geometry":{"type":"LineString","coordinates":[[-73.850752,41.127274],[-73.847914,41.128322],[-73.846664,41.128527]]}},{"type":"Feature","properties":{"k":"hole","ref":"14","par":4},"geometry":{"type":"LineString","coordinates":[[-73.846112,41.128749],[-73.850553,41.128926]]}},{"type":"Feature","properties":{"k":"hole","ref":"15","par":4},"geometry":{"type":"LineString","coordinates":[[-73.84955,41.129165],[-73.852715,41.130147],[-73.854469,41.13089]]}},{"type":"Feature","properties":{"k":"hole","ref":"16","par":3},"geometry":{"type":"LineString","coordinates":[[-73.854446,41.130516],[-73.855952,41.130929]]}},{"type":"Feature","properties":{"k":"hole","ref":"17","par":4},"geometry":{"type":"LineString","coordinates":[[-73.855583,41.13179],[-73.858222,41.129996],[-73.859091,41.129366]]}},{"type":"Feature","properties":{"k":"hole","ref":"18","par":4},"geometry":{"type":"LineString","coordinates":[[-73.858721,41.128991],[-73.858,41.126629],[-73.857624,41.125606]]}},{"type":"Feature","properties":{"k":"tee"},"geometry":{"type":"Polygon","coordinates":[[[-73.850261,41.128138],[-73.850295,41.128086],[-73.850201,41.12805],[-73.850171,41.128109],[-73.850261,41.128138]]]}},{"type":"Feature","properties":{"k":"tee"},"geometry":{"type":"Polygon","coordinates":[[[-73.85465,41.129663],[-73.854579,41.129702],[-73.854409,41.129527],[-73.854478,41.129486],[-73.85465,41.129663]]]}},{"type":"Feature","properties":{"k":"tee"},"geometry":{"type":"Polygon","coordinates":[[[-73.850532,41.122972],[-73.850497,41.122957],[-73.850451,41.12304],[-73.850492,41.123053],[-73.850532,41.122972]]]}},{"type":"Feature","properties":{"k":"tee"},"geometry":{"type":"Polygon","coordinates":[[[-73.850435,41.12308],[-73.850386,41.123066],[-73.85029,41.12324],[-73.850338,41.123254],[-73.850435,41.12308]]]}},{"type":"Feature","properties":{"k":"tee"},"geometry":{"type":"Polygon","coordinates":[[[-73.850011,41.124206],[-73.84995,41.124187],[-73.849993,41.12412],[-73.850049,41.124137],[-73.850011,41.124206]]]}},{"type":"Feature","properties":{"k":"tee"},"geometry":{"type":"Polygon","coordinates":[[[-73.851978,41.124435],[-73.851903,41.124457],[-73.851835,41.124346],[-73.851908,41.124317],[-73.851978,41.124435]]]}},{"type":"Feature","properties":{"k":"tee"},"geometry":{"type":"Polygon","coordinates":[[[-73.85172,41.124154],[-73.851651,41.124169],[-73.851529,41.123924],[-73.851601,41.123904],[-73.85172,41.124154]]]}},{"type":"Feature","properties":{"k":"tee"},"geometry":{"type":"Polygon","coordinates":[[[-73.851577,41.123673],[-73.851523,41.123689],[-73.851489,41.123618],[-73.851543,41.123605],[-73.851577,41.123673]]]}},{"type":"Feature","properties":{"k":"tee"},"geometry":{"type":"Polygon","coordinates":[[[-73.850228,41.120863],[-73.850134,41.120857],[-73.85015,41.120753],[-73.850246,41.120764],[-73.850228,41.120863]]]}},{"type":"Feature","properties":{"k":"tee"},"geometry":{"type":"Polygon","coordinates":[[[-73.850123,41.12172],[-73.850072,41.121687],[-73.850171,41.121586],[-73.850217,41.121619],[-73.850123,41.12172]]]}},{"type":"Feature","properties":{"k":"range"},"geometry":{"type":"Polygon","coordinates":[[[-73.859058,41.126022],[-73.859164,41.125911],[-73.859053,41.125881],[-73.858975,41.125982],[-73.859058,41.126022]]]}},{"type":"Feature","properties":{"k":"bunker"},"geometry":{"type":"Polygon","coordinates":[[[-73.859849,41.124921],[-73.859882,41.124827],[-73.859846,41.124795],[-73.859779,41.124795],[-73.859724,41.12481],[-73.85969,41.124854],[-73.85971,41.124877],[-73.859715,41.124902],[-73.85974,41.124917],[-73.859799,41.124929],[-73.859849,41.124921]]]}},{"type":"Feature","properties":{"k":"bunker"},"geometry":{"type":"Polygon","coordinates":[[[-73.859821,41.12399],[-73.859777,41.124015],[-73.85975,41.124021],[-73.859734,41.12401],[-73.859752,41.123983],[-73.859755,41.123953],[-73.85977,41.123941],[-73.859809,41.123935],[-73.85981,41.123926],[-73.859826,41.123921],[-73.859851,41.123921],[-73.85987,41.123932],[-73.859873,41.123952],[-73.859821,41.12399]]]}},{"type":"Feature","properties":{"k":"bunker"},"geometry":{"type":"Polygon","coordinates":[[[-73.86003,41.123448],[-73.860011,41.123464],[-73.859973,41.123471],[-73.859936,41.123461],[-73.859931,41.123432],[-73.85997,41.123341],[-73.859973,41.123264],[-73.859989,41.123218],[-73.86001,41.123194],[-73.86004,41.123182],[-73.860079,41.123182],[-73.860108,41.123196],[-73.860085,41.123265],[-73.860081,41.123346],[-73.860073,41.123359],[-73.860023,41.123351],[-73.860003,41.123387],[-73.860012,41.123411],[-73.860035,41.123424],[-73.86003,41.123448]]]}},{"type":"Feature","properties":{"k":"bunker"},"geometry":{"type":"Polygon","coordinates":[[[-73.860412,41.123438],[-73.860409,41.12346],[-73.860381,41.123516],[-73.860363,41.123522],[-73.86033,41.123515],[-73.860309,41.123494],[-73.860306,41.123463],[-73.860331,41.123417],[-73.860364,41.123394],[-73.860406,41.123338],[-73.860428,41.123332],[-73.860451,41.12335],[-73.860455,41.123369],[-73.86045,41.123388],[-73.860417,41.123417],[-73.860412,41.123438]]]}},{"type":"Feature","properties":{"k":"green"},"geometry":{"type":"Polygon","coordinates":[[[-73.860304,41.123407],[-73.860251,41.123451],[-73.860205,41.123456],[-73.860161,41.123431],[-73.860148,41.123411],[-73.860145,41.123313],[-73.860164,41.123261],[-73.860185,41.12323],[-73.860213,41.123206],[-73.860243,41.123201],[-73.860292,41.123205],[-73.860332,41.123222],[-73.860365,41.123249],[-73.860375,41.123276],[-73.860366,41.123323],[-73.860345,41.123362],[-73.860304,41.123407]]]}},{"type":"Feature","properties":{"k":"tee"},"geometry":{"type":"Polygon","coordinates":[[[-73.860423,41.124071],[-73.860445,41.123888],[-73.860353,41.12388],[-73.860328,41.124068],[-73.860423,41.124071]]]}},{"type":"Feature","properties":{"k":"green"},"geometry":{"type":"Polygon","coordinates":[[[-73.860381,41.125062],[-73.860399,41.12502],[-73.860394,41.124982],[-73.860374,41.124952],[-73.860325,41.124919],[-73.860286,41.124919],[-73.860245,41.12494],[-73.860205,41.124972],[-73.860176,41.125059],[-73.860194,41.125092],[-73.860243,41.125122],[-73.860307,41.125129],[-73.860355,41.125098],[-73.860381,41.125062]]]}},{"type":"Feature","properties":{"k":"bunker"},"geometry":{"type":"Polygon","coordinates":[[[-73.860467,41.125101],[-73.860412,41.125138],[-73.860389,41.125138],[-73.86038,41.125127],[-73.860419,41.125043],[-73.860416,41.124982],[-73.860428,41.124974],[-73.860449,41.124975],[-73.860476,41.125],[-73.860482,41.125061],[-73.860467,41.125101]]]}},{"type":"Feature","properties":{"k":"tee"},"geometry":{"type":"Polygon","coordinates":[[[-73.85902,41.125582],[-73.858603,41.125547],[-73.858584,41.125207],[-73.859036,41.125258],[-73.85902,41.125582]]]}},{"type":"Feature","properties":{"k":"tee"},"geometry":{"type":"Polygon","coordinates":[[[-73.859833,41.123179],[-73.859905,41.123006],[-73.859614,41.12292],[-73.859527,41.123085],[-73.859833,41.123179]]]}},{"type":"Feature","properties":{"k":"green"},"geometry":{"type":"Polygon","coordinates":[[[-73.861003,41.125781],[-73.860956,41.125805],[-73.860907,41.125807],[-73.860866,41.125796],[-73.860834,41.125766],[-73.860809,41.125709],[-73.860806,41.125661],[-73.860817,41.125606],[-73.860838,41.125583],[-73.860862,41.125576],[-73.860899,41.125584],[-73.860976,41.125635],[-73.861024,41.12571],[-73.861025,41.12574],[-73.861003,41.125781]]]}},{"type":"Feature","properties":{"k":"bunker"},"geometry":{"type":"Polygon","coordinates":[[[-73.860788,41.12575],[-73.860759,41.125746],[-73.860753,41.125736],[-73.86077,41.125719],[-73.8608,41.125724],[-73.860803,41.125748],[-73.860788,41.12575]]]}},{"type":"Feature","properties":{"k":"bunker"},"geometry":{"type":"Polygon","coordinates":[[[-73.861065,41.125853],[-73.861002,41.125879],[-73.860972,41.1259],[-73.860897,41.125895],[-73.860865,41.125882],[-73.860849,41.125857],[-73.860864,41.12583],[-73.860933,41.125841],[-73.861001,41.125836],[-73.861051,41.125812],[-73.86107,41.125833],[-73.861065,41.125853]]]}},{"type":"Feature","properties":{"k":"bunker"},"geometry":{"type":"Polygon","coordinates":[[[-73.860796,41.125631],[-73.86078,41.125671],[-73.860744,41.125671],[-73.860719,41.125621],[-73.860723,41.125593],[-73.860746,41.125583],[-73.860785,41.125591],[-73.860796,41.125608],[-73.860796,41.125631]]]}},{"type":"Feature","properties":{"k":"bunker"},"geometry":{"type":"Polygon","coordinates":[[[-73.860966,41.125558],[-73.86097,41.125571],[-73.860963,41.125587],[-73.86095,41.12559],[-73.860843,41.125534],[-73.860811,41.125528],[-73.860781,41.125511],[-73.860808,41.125492],[-73.860851,41.125493],[-73.86092,41.125523],[-73.860966,41.125558]]]}},{"type":"Feature","properties":{"k":"tee"},"geometry":{"type":"Polygon","coordinates":[[[-73.861356,41.12579],[-73.861246,41.125766],[-73.861306,41.12561],[-73.861419,41.125641],[-73.861356,41.12579]]]}},{"type":"Feature","properties":{"k":"tee"},"geometry":{"type":"Polygon","coordinates":[[[-73.861351,41.126049],[-73.861266,41.126028],[-73.861313,41.125907],[-73.8614,41.125932],[-73.861351,41.126049]]]}},{"type":"Feature","properties":{"k":"bunker"},"geometry":{"type":"Polygon","coordinates":[[[-73.861068,41.128262],[-73.861055,41.128275],[-73.861034,41.128271],[-73.861009,41.128247],[-73.861009,41.128234],[-73.861026,41.128224],[-73.86105,41.128228],[-73.861071,41.12824],[-73.861068,41.128262]]]}},{"type":"Feature","properties":{"k":"bunker"},"geometry":{"type":"Polygon","coordinates":[[[-73.861007,41.128324],[-73.860994,41.128349],[-73.860974,41.128355],[-73.860924,41.128336],[-73.860924,41.12832],[-73.860959,41.128285],[-73.860978,41.128277],[-73.860993,41.128276],[-73.861012,41.128292],[-73.861019,41.128307],[-73.861007,41.128324]]]}},{"type":"Feature","properties":{"k":"bunker"},"geometry":{"type":"Polygon","coordinates":[[[-73.860967,41.128402],[-73.86095,41.128388],[-73.860925,41.128385],[-73.860911,41.128393],[-73.8609,41.128423],[-73.860917,41.128433],[-73.860954,41.128429],[-73.860966,41.128424],[-73.860967,41.128402]]]}},{"type":"Feature","properties":{"k":"bunker"},"geometry":{"type":"Polygon","coordinates":[[[-73.860955,41.128501],[-73.860964,41.12849],[-73.860958,41.128473],[-73.86094,41.128455],[-73.860921,41.128455],[-73.86091,41.128463],[-73.860906,41.128479],[-73.860917,41.128499],[-73.860931,41.128505],[-73.860955,41.128501]]]}},{"type":"Feature","properties":{"k":"bunker"},"geometry":{"type":"Polygon","coordinates":[[[-73.861077,41.128586],[-73.86105,41.128585],[-73.861018,41.128598],[-73.860965,41.12858],[-73.860968,41.128564],[-73.860983,41.128548],[-73.861004,41.128544],[-73.861097,41.128557],[-73.861095,41.128581],[-73.861077,41.128586]]]}},{"type":"Feature","properties":{"k":"green"},"geometry":{"type":"Polygon","coordinates":[[[-73.861193,41.12851],[-73.861154,41.128528],[-73.861079,41.12853],[-73.861004,41.128507],[-73.860991,41.12843],[-73.861045,41.128316],[-73.861079,41.128283],[-73.861116,41.128278],[-73.861155,41.128282],[-73.861193,41.128297],[-73.861232,41.12834],[-73.861264,41.128428],[-73.861229,41.128485],[-73.861193,41.12851]]]}},{"type":"Feature","properties":{"k":"tee"},"geometry":{"type":"Polygon","coordinates":[[[-73.861316,41.129101],[-73.861243,41.12916],[-73.861074,41.129035],[-73.86115,41.128971],[-73.861316,41.129101]]]}},{"type":"Feature","properties":{"k":"green"},"geometry":{"type":"Polygon","coordinates":[[[-73.860209,41.128282],[-73.859996,41.128287],[-73.859922,41.128239],[-73.859898,41.128204],[-73.859891,41.128172],[-73.859903,41.128122],[-73.859947,41.128068],[-73.859994,41.128049],[-73.86006,41.12804],[-73.860182,41.128058],[-73.860221,41.128084],[-73.860243,41.128121],[-73.860253,41.128163],[-73.860253,41.128226],[-73.860227,41.128274],[-73.860209,41.128282]]]}},{"type":"Feature","properties":{"k":"bunker"},"geometry":{"type":"Polygon","coordinates":[[[-73.857275,41.131634],[-73.857242,41.131644],[-73.857213,41.13164],[-73.857205,41.131616],[-73.857204,41.131592],[-73.857218,41.131564],[-73.857245,41.131526],[-73.857258,41.131521],[-73.857272,41.131524],[-73.857272,41.131552],[-73.857291,41.131586],[-73.857275,41.131634]]]}},{"type":"Feature","properties":{"k":"bunker"},"geometry":{"type":"Polygon","coordinates":[[[-73.857712,41.131613],[-73.857709,41.131625],[-73.857668,41.13164],[-73.857579,41.131603],[-73.857582,41.131554],[-73.857595,41.131546],[-73.857613,41.131546],[-73.857696,41.131584],[-73.857712,41.131613]]]}},{"type":"Feature","properties":{"k":"bunker"},"geometry":{"type":"Polygon","coordinates":[[[-73.857951,41.131202],[-73.857885,41.131218],[-73.85783,41.131192],[-73.85783,41.131165],[-73.85791,41.131132],[-73.857934,41.131132],[-73.857965,41.131147],[-73.857981,41.131164],[-73.857975,41.131186],[-73.857951,41.131202]]]}},{"type":"Feature","properties":{"k":"tee"},"geometry":{"type":"Polygon","coordinates":[[[-73.857717,41.13178],[-73.85773,41.131698],[-73.857641,41.131698],[-73.857624,41.131765],[-73.857717,41.13178]]]}},{"type":"Feature","properties":{"k":"tee"},"geometry":{"type":"Polygon","coordinates":[[[-73.858056,41.131808],[-73.857961,41.131797],[-73.857974,41.131699],[-73.858074,41.131713],[-73.858056,41.131808]]]}},{"type":"Feature","properties":{"k":"green"},"geometry":{"type":"Polygon","coordinates":[[[-73.859743,41.132009],[-73.859595,41.131978],[-73.859627,41.131794],[-73.859856,41.131786],[-73.859904,41.131794],[-73.859947,41.131829],[-73.859953,41.131861],[-73.859926,41.131982],[-73.859909,41.132],[-73.859855,41.132014],[-73.859805,41.132017],[-73.859743,41.132009]]]}},{"type":"Feature","properties":{"k":"bunker"},"geometry":{"type":"Polygon","coordinates":[[[-73.859893,41.132089],[-73.859902,41.13207],[-73.85987,41.132032],[-73.859837,41.132032],[-73.859783,41.132049],[-73.85965,41.131996],[-73.859616,41.131997],[-73.859545,41.132024],[-73.859519,41.132025],[-73.859495,41.132033],[-73.859483,41.13205],[-73.859483,41.132062],[-73.859502,41.132068],[-73.859629,41.132063],[-73.859773,41.132097],[-73.859865,41.132099],[-73.859893,41.132089]]]}},{"type":"Feature","properties":{"k":"bunker"},"geometry":{"type":"Polygon","coordinates":[[[-73.859897,41.131771],[-73.859784,41.131766],[-73.859723,41.131777],[-73.859632,41.131774],[-73.859566,41.131741],[-73.859568,41.131723],[-73.859593,41.131709],[-73.859617,41.131707],[-73.859665,41.131732],[-73.859726,41.131708],[-73.859752,41.131708],[-73.85994,41.131732],[-73.859952,41.131752],[-73.859935,41.131774],[-73.859897,41.131771]]]}},{"type":"Feature","properties":{"k":"tee"},"geometry":{"type":"Polygon","coordinates":[[[-73.860225,41.132208],[-73.860118,41.132217],[-73.860091,41.132076],[-73.86021,41.132067],[-73.860225,41.132208]]]}},{"type":"Feature","properties":{"k":"bunker"},"geometry":{"type":"Polygon","coordinates":[[[-73.85984,41.130926],[-73.859783,41.130936],[-73.859721,41.130936],[-73.859693,41.130917],[-73.859693,41.130885],[-73.859709,41.130863],[-73.859734,41.130858],[-73.859805,41.130885],[-73.859891,41.130885],[-73.859907,41.1309],[-73.859893,41.130917],[-73.85984,41.130926]]]}},{"type":"Feature","properties":{"k":"bunker"},"geometry":{"type":"Polygon","coordinates":[[[-73.860024,41.12983],[-73.860024,41.129857],[-73.860002,41.129876],[-73.859958,41.129875],[-73.859909,41.129862],[-73.859893,41.129849],[-73.859908,41.129821],[-73.859968,41.129803],[-73.860001,41.129801],[-73.860017,41.12981],[-73.860024,41.12983]]]}},{"type":"Feature","properties":{"k":"bunker"},"geometry":{"type":"Polygon","coordinates":[[[-73.859523,41.129597],[-73.859525,41.12947],[-73.859499,41.129447],[-73.859462,41.129441],[-73.859441,41.129457],[-73.859446,41.129501],[-73.859438,41.129516],[-73.859391,41.129533],[-73.859376,41.129566],[-73.85938,41.12959],[-73.859401,41.12961],[-73.859446,41.129623],[-73.859489,41.129622],[-73.859523,41.129597]]]}},{"type":"Feature","properties":{"k":"bunker"},"geometry":{"type":"Polygon","coordinates":[[[-73.859887,41.129479],[-73.859899,41.129449],[-73.859892,41.129421],[-73.859856,41.129408],[-73.859809,41.129436],[-73.859809,41.129452],[-73.859819,41.129474],[-73.85985,41.129483],[-73.859887,41.129479]]]}},{"type":"Feature","properties":{"k":"green"},"geometry":{"type":"Polygon","coordinates":[[[-73.859799,41.129366],[-73.859829,41.129266],[-73.859826,41.129227],[-73.859803,41.129203],[-73.859655,41.129168],[-73.859602,41.12917],[-73.859566,41.129188],[-73.859538,41.129244],[-73.859524,41.129308],[-73.859539,41.129349],[-73.859579,41.129386],[-73.859617,41.129403],[-73.859715,41.129414],[-73.859761,41.129394],[-73.859799,41.129366]]]}},{"type":"Feature","properties":{"k":"green"},"geometry":{"type":"Polygon","coordinates":[[[-73.85931,41.126236],[-73.85928,41.126231],[-73.859263,41.126216],[-73.859234,41.126162],[-73.859205,41.126075],[-73.859209,41.126041],[-73.859228,41.126004],[-73.859261,41.125984],[-73.859317,41.125977],[-73.85937,41.125995],[-73.859405,41.126019],[-73.859421,41.126043],[-73.859426,41.12607],[-73.859415,41.126132],[-73.859378,41.1262],[-73.859342,41.126229],[-73.85931,41.126236]]]}},{"type":"Feature","properties":{"k":"bunker"},"geometry":{"type":"Polygon","coordinates":[[[-73.859492,41.126269],[-73.859498,41.126189],[-73.859486,41.126175],[-73.859468,41.126173],[-73.859455,41.126149],[-73.859439,41.126152],[-73.85941,41.126197],[-73.8594,41.126243],[-73.859423,41.126281],[-73.859459,41.126297],[-73.859483,41.126292],[-73.859492,41.126269]]]}},{"type":"Feature","properties":{"k":"bunker"},"geometry":{"type":"Polygon","coordinates":[[[-73.859189,41.126218],[-73.859172,41.126221],[-73.859161,41.126215],[-73.859155,41.126198],[-73.859105,41.126135],[-73.859109,41.126118],[-73.859137,41.126097],[-73.859165,41.126101],[-73.859204,41.126183],[-73.859204,41.126201],[-73.859189,41.126218]]]}},{"type":"Feature","properties":{"k":"bunker"},"geometry":{"type":"Polygon","coordinates":[[[-73.859149,41.126063],[-73.859112,41.126079],[-73.859088,41.126067],[-73.859135,41.126019],[-73.859153,41.126011],[-73.859168,41.126013],[-73.859176,41.12604],[-73.859149,41.126063]]]}},{"type":"Feature","properties":{"k":"bunker"},"geometry":{"type":"Polygon","coordinates":[[[-73.859545,41.125974],[-73.85951,41.126043],[-73.859488,41.126048],[-73.859462,41.126032],[-73.859454,41.126001],[-73.859465,41.125972],[-73.859522,41.125887],[-73.85954,41.125887],[-73.859565,41.125904],[-73.859545,41.125974]]]}},{"type":"Feature","properties":{"k":"bunker"},"geometry":{"type":"Polygon","coordinates":[[[-73.859417,41.125957],[-73.859402,41.125963],[-73.859327,41.125932],[-73.859294,41.125932],[-73.859273,41.125923],[-73.859261,41.12591],[-73.859268,41.125897],[-73.859283,41.125885],[-73.859309,41.125883],[-73.859381,41.125902],[-73.859419,41.125932],[-73.859426,41.125945],[-73.859417,41.125957]]]}},{"type":"Feature","properties":{"k":"rough"},"geometry":{"type":"Polygon","coordinates":[[[-73.859518,41.125971],[-73.859507,41.125988],[-73.859489,41.125984],[-73.859514,41.125951],[-73.859522,41.125955],[-73.859518,41.125971]]]}},{"type":"Feature","properties":{"k":"tee"},"geometry":{"type":"Polygon","coordinates":[[[-73.851094,41.12797],[-73.851063,41.128012],[-73.850884,41.127927],[-73.850919,41.127883],[-73.851094,41.12797]]]}},{"type":"Feature","properties":{"k":"path"},"geometry":{"type":"LineString","coordinates":[[-73.851007,41.128382],[-73.851014,41.128352],[-73.85094,41.128288],[-73.850897,41.128181],[-73.850863,41.128135],[-73.850769,41.128067],[-73.850767,41.127987],[-73.850781,41.127913],[-73.850832,41.127817],[-73.850873,41.127806],[-73.851054,41.12792],[-73.851118,41.127942]]}},{"type":"Feature","properties":{"k":"stream"},"geometry":{"type":"LineString","coordinates":[[-73.848589,41.119856],[-73.848558,41.119775]]}},{"type":"Feature","properties":{"k":"stream"},"geometry":{"type":"LineString","coordinates":[[-73.849204,41.127119],[-73.849247,41.12709],[-73.849271,41.12706],[-73.849349,41.12685],[-73.849406,41.126777],[-73.849489,41.126745]]}},{"type":"Feature","properties":{"k":"stream"},"geometry":{"type":"LineString","coordinates":[[-73.85031,41.126169],[-73.850307,41.12611],[-73.850365,41.12609],[-73.850382,41.126066],[-73.850359,41.125994],[-73.850326,41.125966],[-73.850254,41.125936],[-73.850234,41.125918],[-73.850236,41.12589],[-73.850266,41.125813],[-73.850259,41.125681],[-73.850274,41.125624],[-73.850274,41.125609],[-73.850247,41.125591],[-73.850169,41.125602],[-73.850138,41.125594],[-73.850115,41.125563],[-73.850067,41.12554],[-73.849952,41.125597],[-73.849899,41.125658],[-73.849698,41.12573],[-73.849663,41.125759],[-73.849607,41.125761],[-73.849569,41.125771],[-73.849558,41.125799],[-73.849517,41.12583]]}},{"type":"Feature","properties":{"k":"stream"},"geometry":{"type":"LineString","coordinates":[[-73.849517,41.12583],[-73.849636,41.124363]]}},{"type":"Feature","properties":{"k":"stream"},"geometry":{"type":"LineString","coordinates":[[-73.849518,41.12672],[-73.849558,41.126682],[-73.849553,41.126593],[-73.849564,41.126507],[-73.849534,41.126491],[-73.849507,41.126488],[-73.849491,41.126474],[-73.849497,41.126415],[-73.84951,41.126391]]}},{"type":"Feature","properties":{"k":"stream"},"geometry":{"type":"LineString","coordinates":[[-73.849489,41.126745],[-73.849518,41.12672]]}},{"type":"Feature","properties":{"k":"stream"},"geometry":{"type":"LineString","coordinates":[[-73.84883,41.127445],[-73.848854,41.127434],[-73.848872,41.127396],[-73.848927,41.127336],[-73.84895,41.127329],[-73.84901,41.12735],[-73.849065,41.127342],[-73.849113,41.127324],[-73.849106,41.127307],[-73.84912,41.127287],[-73.849166,41.127271],[-73.849208,41.127239],[-73.849182,41.127169]]}},{"type":"Feature","properties":{"k":"stream"},"geometry":{"type":"LineString","coordinates":[[-73.849182,41.127169],[-73.849204,41.127119]]}},{"type":"Feature","properties":{"k":"stream"},"geometry":{"type":"LineString","coordinates":[[-73.847796,41.127841],[-73.84789,41.127814],[-73.848115,41.127812],[-73.84824,41.127745],[-73.848339,41.127749],[-73.848513,41.127687],[-73.84872,41.127483],[-73.848744,41.127462],[-73.848767,41.127461]]}},{"type":"Feature","properties":{"k":"stream"},"geometry":{"type":"LineString","coordinates":[[-73.848767,41.127461],[-73.84883,41.127445]]}},{"type":"Feature","properties":{"k":"stream"},"geometry":{"type":"LineString","coordinates":[[-73.849534,41.126314],[-73.849534,41.126264],[-73.849542,41.126219],[-73.849561,41.126181],[-73.849561,41.126155],[-73.849545,41.126141],[-73.849521,41.126094],[-73.849558,41.126033],[-73.849577,41.125918],[-73.849517,41.12583]]}},{"type":"Feature","properties":{"k":"stream"},"geometry":{"type":"LineString","coordinates":[[-73.849636,41.124363],[-73.849685,41.124246],[-73.849774,41.124165],[-73.849833,41.124006],[-73.849845,41.123837],[-73.849834,41.123783],[-73.84983,41.12359]]}},{"type":"Feature","properties":{"k":"bunker"},"geometry":{"type":"Polygon","coordinates":[[[-73.860967,41.127729],[-73.861025,41.127726],[-73.86104,41.127704],[-73.861027,41.127666],[-73.860978,41.127662],[-73.860942,41.127679],[-73.860955,41.127719],[-73.860967,41.127729]]]}},{"type":"Feature","properties":{"k":"bunker"},"geometry":{"type":"Polygon","coordinates":[[[-73.860115,41.128397],[-73.860152,41.128416],[-73.86019,41.128402],[-73.860197,41.128386],[-73.860189,41.128362],[-73.860156,41.128324],[-73.860134,41.128323],[-73.860114,41.128331],[-73.860097,41.128358],[-73.860094,41.128375],[-73.860115,41.128397]]]}},{"type":"Feature","properties":{"k":"path"},"geometry":{"type":"LineString","coordinates":[[-73.84934,41.124578],[-73.849335,41.124489],[-73.849351,41.124418],[-73.849433,41.124282],[-73.849452,41.124223],[-73.849441,41.124193],[-73.849183,41.124128],[-73.849073,41.12409],[-73.848964,41.124044],[-73.848863,41.123989],[-73.848852,41.123954],[-73.848863,41.123915],[-73.849003,41.123751],[-73.849067,41.123665],[-73.849115,41.123576],[-73.849171,41.123312],[-73.849187,41.12315],[-73.849256,41.122758],[-73.849277,41.122569],[-73.849344,41.122433]]}},{"type":"Feature","properties":{"k":"path"},"geometry":{"type":"LineString","coordinates":[[-73.858514,41.125563],[-73.858446,41.125588],[-73.858126,41.125638],[-73.858051,41.125639],[-73.858011,41.125624],[-73.857985,41.125602],[-73.857961,41.125528],[-73.857956,41.125458],[-73.857985,41.12524],[-73.858099,41.125215],[-73.858159,41.125214],[-73.858205,41.125249],[-73.858259,41.12532],[-73.858324,41.125346]]}},{"type":"Feature","properties":{"k":"path"},"geometry":{"type":"LineString","coordinates":[[-73.858126,41.125638],[-73.858476,41.125739],[-73.858559,41.125738],[-73.858631,41.125725],[-73.858653,41.125707],[-73.858697,41.125641]]}},{"type":"Feature","properties":{"k":"path"},"geometry":{"type":"LineString","coordinates":[[-73.858863,41.125674],[-73.8588,41.125764],[-73.858768,41.125764],[-73.858631,41.125725]]}},{"type":"Feature","properties":{"k":"path"},"geometry":{"type":"LineString","coordinates":[[-73.855999,41.130002],[-73.855936,41.130093],[-73.855775,41.130266],[-73.855767,41.130291],[-73.855766,41.130342],[-73.855804,41.130445],[-73.855821,41.130529],[-73.855821,41.13056],[-73.855794,41.130619],[-73.85576,41.130642],[-73.855606,41.130683],[-73.855558,41.130682],[-73.855521,41.130671],[-73.85542,41.130622],[-73.855339,41.130618],[-73.855253,41.130666],[-73.85506,41.130816],[-73.854993,41.130846],[-73.854956,41.130848],[-73.854913,41.130842],[-73.854875,41.130828],[-73.854826,41.13079],[-73.854808,41.130764],[-73.854783,41.130687],[-73.854894,41.130514],[-73.854842,41.130449],[-73.854763,41.130437],[-73.854744,41.130425],[-73.8547,41.130353],[-73.854748,41.130208],[-73.854813,41.130103],[-73.854925,41.129982]]}},{"type":"Feature","properties":{"k":"path"},"geometry":{"type":"LineString","coordinates":[[-73.8547,41.130353],[-73.854548,41.130334],[-73.854367,41.130258],[-73.854181,41.130192]]}},{"type":"Feature","properties":{"k":"path"},"geometry":{"type":"LineString","coordinates":[[-73.854808,41.130764],[-73.854799,41.130768],[-73.854803,41.130809],[-73.854841,41.130885],[-73.854841,41.130949],[-73.85483,41.130986],[-73.854782,41.131066],[-73.85475,41.131094],[-73.854645,41.131133],[-73.854495,41.131152],[-73.854422,41.13115],[-73.854351,41.131141],[-73.854148,41.131087],[-73.854046,41.131081],[-73.853984,41.131094],[-73.853816,41.131158],[-73.853736,41.131161],[-73.85369,41.131147],[-73.853659,41.131127],[-73.853536,41.131006],[-73.853467,41.130984],[-73.853368,41.130973],[-73.853313,41.130976],[-73.85324,41.131002],[-73.853172,41.131063],[-73.853081,41.131187],[-73.853058,41.131195]]}},{"type":"Feature","properties":{"k":"path"},"geometry":{"type":"LineString","coordinates":[[-73.854381,41.129339],[-73.854266,41.129249],[-73.854121,41.129107],[-73.85389,41.128931],[-73.853746,41.128798],[-73.853492,41.128528],[-73.853437,41.128457],[-73.853414,41.128391],[-73.853452,41.128314],[-73.853519,41.128245],[-73.853528,41.128205],[-73.853472,41.128075],[-73.853346,41.12795],[-73.853155,41.127792]]}},{"type":"Feature","properties":{"k":"path"},"geometry":{"type":"LineString","coordinates":[[-73.849627,41.125591],[-73.849793,41.125486],[-73.849856,41.125377],[-73.849873,41.125317],[-73.849863,41.12527],[-73.849824,41.125196],[-73.849822,41.12516],[-73.84984,41.125088],[-73.849989,41.124784],[-73.850023,41.124601],[-73.850062,41.124512],[-73.850146,41.124367],[-73.850176,41.124301],[-73.850186,41.124252],[-73.850182,41.124204],[-73.850163,41.124162],[-73.85011,41.124081],[-73.849997,41.123957],[-73.849966,41.123906],[-73.849928,41.123809],[-73.849894,41.123621],[-73.849906,41.123533],[-73.849928,41.1235],[-73.849966,41.123465],[-73.850044,41.123416],[-73.850083,41.123371],[-73.850143,41.123235],[-73.850264,41.123083],[-73.850357,41.122782],[-73.850392,41.122748],[-73.850429,41.122745],[-73.850471,41.12276],[-73.850503,41.122791],[-73.850524,41.122914],[-73.850605,41.123012],[-73.850653,41.123109],[-73.850703,41.123164],[-73.850835,41.123281],[-73.850884,41.123308],[-73.851129,41.12336],[-73.851193,41.1234],[-73.851243,41.123464],[-73.851391,41.123745],[-73.851443,41.123803],[-73.851453,41.123841],[-73.851454,41.123941],[-73.851476,41.124017],[-73.851471,41.124049],[-73.851419,41.124173],[-73.85141,41.124296],[-73.851331,41.124504],[-73.851219,41.125166],[-73.851212,41.125318],[-73.851253,41.125685],[-73.851246,41.125932],[-73.851102,41.126322],[-73.851071,41.126558],[-73.851014,41.126667],[-73.850926,41.126806],[-73.850906,41.126894],[-73.850904,41.127038],[-73.850934,41.1273],[-73.850991,41.127447],[-73.851016,41.127477],[-73.85109,41.127515],[-73.851207,41.127547],[-73.851267,41.127554],[-73.851446,41.127555],[-73.851738,41.127574],[-73.851922,41.127572],[-73.852115,41.127595],[-73.852157,41.127587],[-73.852173,41.127567],[-73.852173,41.127539],[-73.852147,41.127473],[-73.852132,41.127382],[-73.852136,41.127315],[-73.852161,41.127227],[-73.852208,41.127133],[-73.852518,41.126678],[-73.852536,41.126638],[-73.852565,41.126497],[-73.852662,41.126378],[-73.852695,41.126314],[-73.852698,41.126272],[-73.85267,41.126259],[-73.852654,41.126273],[-73.852648,41.126298],[-73.852662,41.126378]]}},{"type":"Feature","properties":{"k":"path"},"geometry":{"type":"LineString","coordinates":[[-73.85083,41.121439],[-73.850886,41.121409],[-73.851037,41.121272],[-73.851077,41.121183],[-73.851075,41.121134],[-73.851046,41.12109],[-73.850921,41.120963],[-73.850824,41.120802],[-73.850695,41.120652],[-73.850659,41.12062],[-73.85061,41.120595],[-73.850565,41.120581],[-73.850519,41.120583],[-73.85032,41.120688],[-73.850267,41.120687],[-73.849937,41.120516],[-73.849885,41.120498],[-73.849821,41.120494],[-73.84978,41.120505],[-73.84976,41.120534],[-73.84976,41.120567],[-73.849803,41.120957],[-73.84988,41.121114],[-73.849897,41.121167],[-73.849912,41.121285],[-73.8499,41.121424],[-73.849917,41.121567],[-73.849903,41.121604],[-73.849874,41.121641],[-73.849747,41.121781],[-73.849641,41.121832],[-73.849442,41.12189],[-73.849379,41.121896],[-73.849327,41.121893],[-73.849276,41.121875],[-73.849244,41.121854],[-73.849182,41.121767],[-73.84909,41.121521],[-73.848968,41.121263],[-73.8489,41.121145],[-73.848881,41.121125],[-73.848868,41.12112],[-73.848853,41.121125],[-73.848846,41.121162],[-73.848933,41.121221],[-73.848968,41.121263]]}},{"type":"Feature","properties":{"k":"path"},"geometry":{"type":"LineString","coordinates":[[-73.849781,41.123847],[-73.849718,41.123918],[-73.849692,41.124008],[-73.849672,41.124045],[-73.84964,41.124081],[-73.849525,41.124158],[-73.849443,41.124201]]}},{"type":"Feature","properties":{"k":"path"},"geometry":{"type":"LineString","coordinates":[[-73.849919,41.123763],[-73.8499,41.123795],[-73.849876,41.12381]]}},{"type":"Feature","properties":{"k":"path"},"geometry":{"type":"LineString","coordinates":[[-73.850926,41.126806],[-73.850555,41.127083],[-73.85049,41.127142],[-73.850447,41.127196],[-73.850394,41.127316],[-73.850337,41.127613],[-73.85031,41.127651],[-73.850267,41.127675],[-73.850171,41.127693],[-73.849861,41.127731],[-73.849759,41.12776],[-73.849684,41.127795],[-73.849619,41.127851],[-73.849563,41.127925],[-73.849544,41.127967],[-73.849527,41.128091],[-73.849581,41.128312],[-73.849614,41.128365],[-73.84979,41.128575],[-73.849821,41.128632],[-73.849841,41.128695],[-73.849851,41.128765],[-73.849833,41.128972],[-73.849849,41.129023],[-73.849885,41.129085],[-73.84989,41.129127],[-73.849865,41.129232],[-73.849849,41.129363]]}},{"type":"Feature","properties":{"k":"path"},"geometry":{"type":"LineString","coordinates":[[-73.849861,41.127731],[-73.849828,41.127565],[-73.849798,41.127465],[-73.849766,41.127409],[-73.849729,41.127371],[-73.849702,41.127353],[-73.849654,41.127345],[-73.8496,41.127344],[-73.849456,41.127368],[-73.8494,41.127361],[-73.849359,41.127344],[-73.84932,41.127311],[-73.849237,41.127168]]}},{"type":"Feature","properties":{"k":"path"},"geometry":{"type":"LineString","coordinates":[[-73.849147,41.127121],[-73.849028,41.127067],[-73.848991,41.127027],[-73.848996,41.126725],[-73.848971,41.126562]]}},{"type":"Feature","properties":{"k":"path"},"geometry":{"type":"LineString","coordinates":[[-73.85475,41.131094],[-73.854818,41.131154],[-73.854864,41.131167],[-73.854917,41.131152],[-73.855005,41.131108],[-73.855062,41.131106],[-73.855117,41.131153],[-73.855162,41.131238],[-73.855207,41.131265],[-73.855253,41.131275],[-73.855361,41.131277],[-73.855568,41.131248],[-73.855666,41.131248],[-73.855889,41.131306],[-73.855889,41.131314],[-73.855715,41.131486],[-73.855598,41.131593],[-73.855505,41.131656],[-73.855477,41.131695],[-73.855467,41.131702],[-73.855446,41.131699],[-73.855435,41.131679],[-73.85544,41.131667],[-73.855505,41.131656]]}},{"type":"Feature","properties":{"k":"path"},"geometry":{"type":"LineString","coordinates":[[-73.847158,41.128299],[-73.84703,41.128219],[-73.846973,41.128195],[-73.846896,41.128175],[-73.846813,41.128168],[-73.846717,41.128174],[-73.846608,41.1282],[-73.846509,41.128238],[-73.846417,41.128293],[-73.846368,41.128345],[-73.846339,41.128401],[-73.846325,41.128462],[-73.846317,41.12865],[-73.846287,41.128772],[-73.846309,41.128823],[-73.846331,41.128841],[-73.846362,41.128858],[-73.846463,41.128874],[-73.846497,41.128895],[-73.846534,41.129121],[-73.84658,41.129148],[-73.846654,41.129173],[-73.846862,41.129192],[-73.847281,41.12919],[-73.847668,41.129151],[-73.84819,41.129137]]}},{"type":"Feature","properties":{"k":"water"},"geometry":{"type":"Polygon","coordinates":[[[-73.851553,41.130664],[-73.851666,41.130747],[-73.851826,41.130837],[-73.85208,41.131013],[-73.85247,41.131235],[-73.852509,41.131275],[-73.852512,41.131317],[-73.852484,41.131341],[-73.852402,41.131363],[-73.851858,41.131368],[-73.851691,41.131387],[-73.85155,41.131389],[-73.851373,41.131357],[-73.85122,41.131312],[-73.851079,41.131192],[-73.850998,41.131064],[-73.850955,41.130923],[-73.850962,41.130749],[-73.850994,41.130614],[-73.851026,41.130533],[-73.851065,41.130485],[-73.851125,41.130451],[-73.851192,41.130446],[-73.851252,41.130459],[-73.851344,41.130502],[-73.851429,41.130558],[-73.851553,41.130664]]]}},{"type":"Feature","properties":{"k":"tee"},"geometry":{"type":"Polygon","coordinates":[[[-73.85006,41.121372],[-73.850126,41.12142],[-73.850155,41.121431],[-73.850193,41.121426],[-73.850232,41.121404],[-73.850256,41.121368],[-73.850268,41.121318],[-73.85026,41.121288],[-73.850245,41.121274],[-73.85016,41.121237],[-73.85006,41.121372]]]}},{"type":"Feature","properties":{"k":"path"},"geometry":{"type":"LineString","coordinates":[[-73.850245,41.121919],[-73.850208,41.121833],[-73.850203,41.121795],[-73.850208,41.121751],[-73.850256,41.121656],[-73.850262,41.121562],[-73.850247,41.121521],[-73.850221,41.12149],[-73.850186,41.121472],[-73.850155,41.121469],[-73.850101,41.121478],[-73.850035,41.121503],[-73.849963,41.121548],[-73.849903,41.121604]]}},{"type":"Feature","properties":{"k":"stream"},"geometry":{"type":"LineString","coordinates":[[-73.859386,41.123149],[-73.859385,41.122881],[-73.859418,41.12261],[-73.859299,41.122361]]}},{"type":"Feature","properties":{"k":"path"},"geometry":{"type":"LineString","coordinates":[[-73.851907,41.127461],[-73.852061,41.127591]]}},{"type":"Feature","properties":{"k":"path"},"geometry":{"type":"LineString","coordinates":[[-73.851174,41.127538],[-73.851157,41.127589],[-73.851152,41.127638]]}},{"type":"Feature","properties":{"k":"tee"},"geometry":{"type":"Polygon","coordinates":[[[-73.859294,41.129803],[-73.859383,41.129823],[-73.859336,41.129973],[-73.859218,41.129946],[-73.859294,41.129803]]]}},{"type":"Feature","properties":{"k":"path"},"geometry":{"type":"LineString","coordinates":[[-73.850438,41.127812],[-73.850429,41.127769],[-73.850388,41.127731],[-73.850267,41.127675]]}},{"type":"Feature","properties":{"k":"water"},"geometry":{"type":"Polygon","coordinates":[[[-73.849124,41.12078],[-73.849101,41.120839],[-73.849084,41.121001],[-73.849364,41.120992],[-73.849394,41.120962],[-73.849437,41.120972],[-73.849443,41.120992],[-73.849757,41.121014],[-73.849723,41.120912],[-73.849699,41.120878],[-73.849671,41.120857],[-73.849589,41.12084],[-73.849398,41.120854],[-73.849124,41.12078]]]}},{"type":"Feature","properties":{"k":"water"},"geometry":{"type":"Polygon","coordinates":[[[-73.849084,41.121001],[-73.84909,41.121148],[-73.84916,41.121391],[-73.849186,41.121553],[-73.849207,41.121613],[-73.849284,41.121755],[-73.849369,41.121837],[-73.849403,41.121844],[-73.849417,41.121823],[-73.849606,41.121738],[-73.849663,41.121644],[-73.84972,41.121471],[-73.849745,41.121324],[-73.849763,41.121181],[-73.849754,41.121122],[-73.849757,41.121014],[-73.849443,41.120992],[-73.849421,41.121038],[-73.849395,41.121038],[-73.849374,41.121019],[-73.849364,41.120992],[-73.849084,41.121001]]]}},{"type":"Feature","properties":{"k":"water"},"geometry":{"type":"Polygon","coordinates":[[[-73.849515,41.120821],[-73.849554,41.12081],[-73.849585,41.120788],[-73.849677,41.120692],[-73.849687,41.120662],[-73.84967,41.120632],[-73.849611,41.120585],[-73.849578,41.120542],[-73.849569,41.120448],[-73.849551,41.120382],[-73.84953,41.120356],[-73.849491,41.120329],[-73.849383,41.120286],[-73.849361,41.120262],[-73.849268,41.119808],[-73.84924,41.119789],[-73.849206,41.119782],[-73.848905,41.119809],[-73.848512,41.119868],[-73.848388,41.119898],[-73.848344,41.119918],[-73.848304,41.119952],[-73.848281,41.119996],[-73.848262,41.12011],[-73.848257,41.120216],[-73.848266,41.120292],[-73.84831,41.120416],[-73.848359,41.120444],[-73.848392,41.120495],[-73.848426,41.120514],[-73.848761,41.120326],[-73.849515,41.120821]]]}},{"type":"Feature","properties":{"k":"water"},"geometry":{"type":"Polygon","coordinates":[[[-73.848426,41.120514],[-73.848451,41.120528],[-73.848473,41.120529],[-73.8485,41.120515],[-73.84856,41.120463],[-73.848697,41.120411],[-73.848724,41.120408],[-73.848784,41.120451],[-73.848851,41.120522],[-73.848992,41.120581],[-73.849058,41.120628],[-73.849135,41.120743],[-73.849137,41.120762],[-73.849205,41.120773],[-73.849248,41.120763],[-73.849292,41.120783],[-73.849306,41.120805],[-73.849353,41.120826],[-73.849373,41.120812],[-73.849479,41.120827],[-73.849515,41.120821],[-73.848761,41.120326],[-73.848426,41.120514]]]}},{"type":"Feature","properties":{"k":"path"},"geometry":{"type":"LineString","coordinates":[[-73.850798,41.127876],[-73.850699,41.127917]]}},{"type":"Feature","properties":{"k":"bunker"},"geometry":{"type":"Polygon","coordinates":[[[-73.857919,41.126071],[-73.857894,41.126085],[-73.857865,41.126086],[-73.857847,41.12607],[-73.857847,41.126056],[-73.857858,41.126038],[-73.857898,41.126013],[-73.857948,41.126009],[-73.857959,41.126024],[-73.857953,41.126054],[-73.857919,41.126071]]]}},{"type":"Feature","properties":{"k":"bunker"},"geometry":{"type":"Polygon","coordinates":[[[-73.858155,41.127827],[-73.858111,41.127823],[-73.858092,41.127809],[-73.858083,41.127753],[-73.858134,41.127729],[-73.858161,41.127727],[-73.858199,41.127812],[-73.858193,41.127824],[-73.858176,41.12783],[-73.858155,41.127827]]]}},{"type":"Feature","properties":{"k":"tee"},"geometry":{"type":"Polygon","coordinates":[[[-73.858068,41.125128],[-73.858091,41.125122],[-73.858116,41.124935],[-73.85818,41.124739],[-73.858161,41.124734],[-73.858125,41.124735],[-73.857981,41.124901],[-73.85795,41.124971],[-73.857932,41.125108],[-73.857951,41.125122],[-73.857977,41.125128],[-73.858068,41.125128]]]}},{"type":"Feature","properties":{"k":"tee"},"geometry":{"type":"Polygon","coordinates":[[[-73.859653,41.128777],[-73.859618,41.128729],[-73.859506,41.12878],[-73.859542,41.12883],[-73.859653,41.128777]]]}},{"type":"Feature","properties":{"k":"bunker"},"geometry":{"type":"Polygon","coordinates":[[[-73.856324,41.130538],[-73.856422,41.13049],[-73.856439,41.130464],[-73.856418,41.130438],[-73.856266,41.130513],[-73.856201,41.130554],[-73.85619,41.130573],[-73.856216,41.130595],[-73.856236,41.130597],[-73.856324,41.130538]]]}},{"type":"Feature","properties":{"k":"bunker"},"geometry":{"type":"Polygon","coordinates":[[[-73.856113,41.130226],[-73.85605,41.130252],[-73.855972,41.130296],[-73.855956,41.130293],[-73.855938,41.130273],[-73.856,41.130226],[-73.856154,41.130152],[-73.856212,41.130133],[-73.856289,41.130119],[-73.856336,41.130115],[-73.856353,41.130121],[-73.856389,41.130235],[-73.856366,41.130271],[-73.856339,41.13027],[-73.856315,41.130257],[-73.856276,41.130204],[-73.856241,41.130187],[-73.856221,41.130187],[-73.856113,41.130226]]]}},{"type":"Feature","properties":{"k":"bunker"},"geometry":{"type":"Polygon","coordinates":[[[-73.857183,41.129772],[-73.857212,41.129746],[-73.85721,41.129729],[-73.857145,41.129651],[-73.85711,41.129636],[-73.857045,41.129675],[-73.857032,41.129694],[-73.857038,41.129709],[-73.857108,41.12976],[-73.85714,41.129773],[-73.857183,41.129772]]]}},{"type":"Feature","properties":{"k":"bunker"},"geometry":{"type":"Polygon","coordinates":[[[-73.857956,41.12949],[-73.857986,41.129465],[-73.857983,41.129422],[-73.857928,41.129412],[-73.857895,41.129371],[-73.857855,41.129374],[-73.857841,41.129401],[-73.857896,41.129487],[-73.857933,41.129495],[-73.857956,41.12949]]]}},{"type":"Feature","properties":{"k":"bunker"},"geometry":{"type":"Polygon","coordinates":[[[-73.858041,41.129691],[-73.858008,41.129689],[-73.857993,41.129645],[-73.858017,41.129609],[-73.858021,41.129573],[-73.858046,41.129564],[-73.858083,41.129578],[-73.858086,41.129612],[-73.858061,41.129681],[-73.858041,41.129691]]]}},{"type":"Feature","properties":{"k":"tee"},"geometry":{"type":"Polygon","coordinates":[[[-73.85471,41.13063],[-73.854784,41.130504],[-73.854703,41.130477],[-73.854629,41.130597],[-73.85471,41.13063]]]}},{"type":"Feature","properties":{"k":"tee"},"geometry":{"type":"Polygon","coordinates":[[[-73.855044,41.130703],[-73.85508,41.130632],[-73.854953,41.130587],[-73.854911,41.130663],[-73.855044,41.130703]]]}},{"type":"Feature","properties":{"k":"tee"},"geometry":{"type":"Polygon","coordinates":[[[-73.854529,41.130559],[-73.854432,41.130521],[-73.854535,41.130395],[-73.854624,41.130425],[-73.854529,41.130559]]]}},{"type":"Feature","properties":{"k":"bunker"},"geometry":{"type":"Polygon","coordinates":[[[-73.858443,41.130117],[-73.858394,41.130122],[-73.858351,41.130102],[-73.858352,41.13006],[-73.858363,41.130053],[-73.858381,41.130055],[-73.858469,41.130081],[-73.858477,41.130102],[-73.858443,41.130117]]]}},{"type":"Feature","properties":{"k":"green"},"geometry":{"type":"Polygon","coordinates":[[[-73.857485,41.131957],[-73.857535,41.131737],[-73.857301,41.131715],[-73.857259,41.131933],[-73.857485,41.131957]]]}},{"type":"Feature","properties":{"k":"bunker"},"geometry":{"type":"Polygon","coordinates":[[[-73.857538,41.130712],[-73.857524,41.130721],[-73.857487,41.130725],[-73.857468,41.130708],[-73.857468,41.130697],[-73.857548,41.130658],[-73.85757,41.130676],[-73.857569,41.130689],[-73.857562,41.130701],[-73.857538,41.130712]]]}},{"type":"Feature","properties":{"k":"bunker"},"geometry":{"type":"Polygon","coordinates":[[[-73.857828,41.130732],[-73.8578,41.13075],[-73.857778,41.130749],[-73.857756,41.130719],[-73.857746,41.130677],[-73.857745,41.130572],[-73.857772,41.130486],[-73.857802,41.130471],[-73.857819,41.130471],[-73.857833,41.130482],[-73.857844,41.130525],[-73.857886,41.130563],[-73.857877,41.130586],[-73.85782,41.130639],[-73.857836,41.130699],[-73.857828,41.130732]]]}},{"type":"Feature","properties":{"k":"bunker"},"geometry":{"type":"Polygon","coordinates":[[[-73.857991,41.130462],[-73.858021,41.13041],[-73.858023,41.13039],[-73.857997,41.13036],[-73.857966,41.13037],[-73.857929,41.130399],[-73.857927,41.130418],[-73.857949,41.130479],[-73.85797,41.130479],[-73.857991,41.130462]]]}},{"type":"Feature","properties":{"k":"bunker"},"geometry":{"type":"Polygon","coordinates":[[[-73.854022,41.130869],[-73.854008,41.130869],[-73.853998,41.130859],[-73.854022,41.130796],[-73.854034,41.130794],[-73.854052,41.130809],[-73.854036,41.130861],[-73.854022,41.130869]]]}},{"type":"Feature","properties":{"k":"bunker"},"geometry":{"type":"Polygon","coordinates":[[[-73.854068,41.130771],[-73.854086,41.130742],[-73.854056,41.130729],[-73.854048,41.130732],[-73.854044,41.130775],[-73.854061,41.130778],[-73.854068,41.130771]]]}},{"type":"Feature","properties":{"k":"bunker"},"geometry":{"type":"Polygon","coordinates":[[[-73.853675,41.130519],[-73.853689,41.130474],[-73.853727,41.130449],[-73.853732,41.130431],[-73.853611,41.130376],[-73.85357,41.130364],[-73.853547,41.130368],[-73.853481,41.130462],[-73.853476,41.130485],[-73.853506,41.130507],[-73.85361,41.130531],[-73.853641,41.130536],[-73.853675,41.130519]]]}},{"type":"Feature","properties":{"k":"bunker"},"geometry":{"type":"Polygon","coordinates":[[[-73.852228,41.130268],[-73.852237,41.130253],[-73.852228,41.130234],[-73.85219,41.1302],[-73.852186,41.13017],[-73.852135,41.130112],[-73.852128,41.130087],[-73.852095,41.130069],[-73.852083,41.130073],[-73.852064,41.130086],[-73.852039,41.130122],[-73.852033,41.130146],[-73.852046,41.130183],[-73.852063,41.130204],[-73.852105,41.130227],[-73.852199,41.130271],[-73.852228,41.130268]]]}},{"type":"Feature","properties":{"k":"tee"},"geometry":{"type":"Polygon","coordinates":[[[-73.850067,41.12925],[-73.850108,41.129183],[-73.849965,41.129141],[-73.849929,41.1292],[-73.850067,41.12925]]]}},{"type":"Feature","properties":{"k":"tee"},"geometry":{"type":"Polygon","coordinates":[[[-73.850315,41.129313],[-73.850357,41.129243],[-73.850207,41.129193],[-73.850163,41.12926],[-73.850315,41.129313]]]}},{"type":"Feature","properties":{"k":"tee"},"geometry":{"type":"Polygon","coordinates":[[[-73.849429,41.129157],[-73.849438,41.129124],[-73.849673,41.129166],[-73.849655,41.129211],[-73.849429,41.129157]]]}},{"type":"Feature","properties":{"k":"bunker"},"geometry":{"type":"Polygon","coordinates":[[[-73.850943,41.128843],[-73.850957,41.128834],[-73.85099,41.128741],[-73.85099,41.12872],[-73.850952,41.128676],[-73.850919,41.128671],[-73.850891,41.128696],[-73.850904,41.128724],[-73.850901,41.128735],[-73.850855,41.128774],[-73.850853,41.128785],[-73.850922,41.128841],[-73.850943,41.128843]]]}},{"type":"Feature","properties":{"k":"bunker"},"geometry":{"type":"Polygon","coordinates":[[[-73.850621,41.128672],[-73.850572,41.128678],[-73.850519,41.128695],[-73.850474,41.128681],[-73.850463,41.128656],[-73.850471,41.12862],[-73.85044,41.128574],[-73.850444,41.128554],[-73.850461,41.128551],[-73.850537,41.128566],[-73.850565,41.12859],[-73.850591,41.1286],[-73.850649,41.128605],[-73.850674,41.128618],[-73.850689,41.128635],[-73.850683,41.128663],[-73.850666,41.12867],[-73.850621,41.128672]]]}},{"type":"Feature","properties":{"k":"bunker"},"geometry":{"type":"Polygon","coordinates":[[[-73.850665,41.128343],[-73.850676,41.128366],[-73.850782,41.128436],[-73.850816,41.128444],[-73.850845,41.128439],[-73.85087,41.128414],[-73.850873,41.128399],[-73.850858,41.128357],[-73.850831,41.128318],[-73.850778,41.12827],[-73.85074,41.128252],[-73.850698,41.128241],[-73.850669,41.128243],[-73.850589,41.128285],[-73.850595,41.128312],[-73.850619,41.128324],[-73.850655,41.128332],[-73.85069,41.128298],[-73.850708,41.128297],[-73.850761,41.128317],[-73.850774,41.128329],[-73.850769,41.128337],[-73.850752,41.128339],[-73.850706,41.12833],[-73.850689,41.128316],[-73.850662,41.128335],[-73.850665,41.128343]]]}},{"type":"Feature","properties":{"k":"bunker"},"geometry":{"type":"Polygon","coordinates":[[[-73.850812,41.12905],[-73.850863,41.128961],[-73.850925,41.128884],[-73.850922,41.128868],[-73.850838,41.128827],[-73.850817,41.12883],[-73.850811,41.12885],[-73.850819,41.128943],[-73.850792,41.128979],[-73.850778,41.129034],[-73.850743,41.129072],[-73.850744,41.129103],[-73.850778,41.129102],[-73.850812,41.12905]]]}},{"type":"Feature","properties":{"k":"bunker"},"geometry":{"type":"Polygon","coordinates":[[[-73.850657,41.128804],[-73.850661,41.128781],[-73.850643,41.128774],[-73.850443,41.128768],[-73.850408,41.128774],[-73.850381,41.128787],[-73.850354,41.128829],[-73.850357,41.128845],[-73.850378,41.128855],[-73.850388,41.128851],[-73.850426,41.128807],[-73.850457,41.128799],[-73.850657,41.128804]]]}},{"type":"Feature","properties":{"k":"bunker"},"geometry":{"type":"Polygon","coordinates":[[[-73.852231,41.129081],[-73.852176,41.129082],[-73.852101,41.129104],[-73.852072,41.129085],[-73.852074,41.129043],[-73.852118,41.129005],[-73.852158,41.128999],[-73.852245,41.129035],[-73.852278,41.129056],[-73.852266,41.129078],[-73.852231,41.129081]]]}},{"type":"Feature","properties":{"k":"bunker"},"geometry":{"type":"Polygon","coordinates":[[[-73.848376,41.129014],[-73.848341,41.129021],[-73.848308,41.129001],[-73.848309,41.12889],[-73.848318,41.128873],[-73.848334,41.128869],[-73.848354,41.128868],[-73.848379,41.128882],[-73.848384,41.128895],[-73.848393,41.128974],[-73.848391,41.128998],[-73.848376,41.129014]]]}},{"type":"Feature","properties":{"k":"bunker"},"geometry":{"type":"Polygon","coordinates":[[[-73.849253,41.128851],[-73.849269,41.128829],[-73.849262,41.128771],[-73.849283,41.128668],[-73.849278,41.128652],[-73.849228,41.128618],[-73.849202,41.128627],[-73.84919,41.128644],[-73.8492,41.128718],[-73.849182,41.128829],[-73.849222,41.128855],[-73.849253,41.128851]]]}},{"type":"Feature","properties":{"k":"tee"},"geometry":{"type":"Polygon","coordinates":[[[-73.849562,41.127501],[-73.849655,41.127457],[-73.849608,41.127406],[-73.849512,41.127445],[-73.849562,41.127501]]]}},{"type":"Feature","properties":{"k":"bunker"},"geometry":{"type":"Polygon","coordinates":[[[-73.846851,41.128665],[-73.846802,41.128662],[-73.846793,41.128654],[-73.846797,41.128627],[-73.846829,41.128605],[-73.846864,41.128609],[-73.846882,41.128623],[-73.846878,41.128654],[-73.846851,41.128665]]]}},{"type":"Feature","properties":{"k":"bunker"},"geometry":{"type":"Polygon","coordinates":[[[-73.846918,41.12848],[-73.846933,41.128456],[-73.846931,41.128405],[-73.846903,41.128365],[-73.846847,41.128342],[-73.846789,41.128339],[-73.846724,41.128317],[-73.846692,41.12832],[-73.846661,41.12834],[-73.846651,41.128376],[-73.846661,41.128397],[-73.846778,41.128412],[-73.846802,41.128425],[-73.846856,41.128476],[-73.846883,41.128486],[-73.846918,41.12848]]]}},{"type":"Feature","properties":{"k":"bunker"},"geometry":{"type":"Polygon","coordinates":[[[-73.847808,41.128524],[-73.847774,41.128532],[-73.847752,41.128526],[-73.847735,41.128507],[-73.847691,41.12837],[-73.847697,41.128353],[-73.847716,41.128343],[-73.847762,41.128339],[-73.847772,41.128354],[-73.847821,41.128507],[-73.847819,41.128519],[-73.847808,41.128524]]]}},{"type":"Feature","properties":{"k":"bunker"},"geometry":{"type":"Polygon","coordinates":[[[-73.847935,41.128587],[-73.847994,41.128565],[-73.847992,41.128547],[-73.84796,41.128519],[-73.847939,41.128518],[-73.847788,41.128553],[-73.847776,41.128565],[-73.847796,41.128609],[-73.847815,41.128614],[-73.847935,41.128587]]]}},{"type":"Feature","properties":{"k":"bunker"},"geometry":{"type":"Polygon","coordinates":[[[-73.848292,41.128508],[-73.848204,41.128532],[-73.848129,41.12854],[-73.8481,41.128537],[-73.848072,41.128517],[-73.848061,41.1285],[-73.848092,41.128477],[-73.848275,41.128428],[-73.848332,41.128466],[-73.848335,41.128485],[-73.848323,41.128498],[-73.848292,41.128508]]]}},{"type":"Feature","properties":{"k":"tee"},"geometry":{"type":"Polygon","coordinates":[[[-73.850755,41.127868],[-73.850765,41.127867],[-73.850778,41.127794],[-73.850715,41.127793],[-73.850709,41.127864],[-73.850755,41.127868]]]}},{"type":"Feature","properties":{"k":"tee"},"geometry":{"type":"Polygon","coordinates":[[[-73.850707,41.127335],[-73.850678,41.127269],[-73.850522,41.127322],[-73.850555,41.127384],[-73.850707,41.127335]]]}},{"type":"Feature","properties":{"k":"tee"},"geometry":{"type":"Polygon","coordinates":[[[-73.850807,41.127302],[-73.850774,41.127236],[-73.850719,41.127255],[-73.85075,41.12732],[-73.850807,41.127302]]]}},{"type":"Feature","properties":{"k":"tee"},"geometry":{"type":"Polygon","coordinates":[[[-73.85087,41.127502],[-73.850878,41.127354],[-73.850825,41.127353],[-73.850815,41.127501],[-73.85087,41.127502]]]}},{"type":"Feature","properties":{"k":"tee"},"geometry":{"type":"Polygon","coordinates":[[[-73.850862,41.127654],[-73.850866,41.127567],[-73.850811,41.127567],[-73.850808,41.127653],[-73.850862,41.127654]]]}},{"type":"Feature","properties":{"k":"bunker"},"geometry":{"type":"Polygon","coordinates":[[[-73.85444,41.129861],[-73.854399,41.12986],[-73.854239,41.129729],[-73.854236,41.129693],[-73.854264,41.129638],[-73.854298,41.129634],[-73.854325,41.12965],[-73.854331,41.129727],[-73.854456,41.129826],[-73.854458,41.129851],[-73.85444,41.129861]]]}},{"type":"Feature","properties":{"k":"bunker"},"geometry":{"type":"Polygon","coordinates":[[[-73.854134,41.129695],[-73.854113,41.129696],[-73.854052,41.12967],[-73.854025,41.129631],[-73.854028,41.129612],[-73.854049,41.129607],[-73.854133,41.129624],[-73.85413,41.129659],[-73.854149,41.129684],[-73.854134,41.129695]]]}},{"type":"Feature","properties":{"k":"bunker"},"geometry":{"type":"Polygon","coordinates":[[[-73.854089,41.129569],[-73.854057,41.129572],[-73.854039,41.129566],[-73.853992,41.129542],[-73.853974,41.129525],[-73.853979,41.129486],[-73.854025,41.129431],[-73.854042,41.129425],[-73.8541,41.129444],[-73.854108,41.129453],[-73.854084,41.129499],[-73.85411,41.12955],[-73.854089,41.129569]]]}},{"type":"Feature","properties":{"k":"bunker"},"geometry":{"type":"Polygon","coordinates":[[[-73.853764,41.129877],[-73.853767,41.129854],[-73.853794,41.129836],[-73.853788,41.129812],[-73.853819,41.129783],[-73.853822,41.129763],[-73.853812,41.129741],[-73.853814,41.129698],[-73.853794,41.129673],[-73.853762,41.129666],[-73.853741,41.129677],[-73.853735,41.129692],[-73.853686,41.129856],[-73.853713,41.129885],[-73.853751,41.12989],[-73.853764,41.129877]]]}},{"type":"Feature","properties":{"k":"bunker"},"geometry":{"type":"Polygon","coordinates":[[[-73.853378,41.129454],[-73.853393,41.12946],[-73.85343,41.129453],[-73.853456,41.129413],[-73.85345,41.129377],[-73.853206,41.129352],[-73.853089,41.129413],[-73.85308,41.129434],[-73.853104,41.129452],[-73.853175,41.129423],[-73.853284,41.129428],[-73.853323,41.129417],[-73.853356,41.129432],[-73.853378,41.129454]]]}},{"type":"Feature","properties":{"k":"tee"},"geometry":{"type":"Polygon","coordinates":[[[-73.854127,41.129321],[-73.854197,41.129281],[-73.854106,41.129191],[-73.854035,41.129233],[-73.854127,41.129321]]]}},{"type":"Feature","properties":{"k":"tee"},"geometry":{"type":"Polygon","coordinates":[[[-73.852775,41.125962],[-73.852859,41.125873],[-73.852764,41.125807],[-73.852669,41.125899],[-73.852775,41.125962]]]}},{"type":"Feature","properties":{"k":"tee"},"geometry":{"type":"Polygon","coordinates":[[[-73.852627,41.126203],[-73.852653,41.126205],[-73.852687,41.126192],[-73.852758,41.126129],[-73.852725,41.126086],[-73.852725,41.126053],[-73.852738,41.126018],[-73.852625,41.125947],[-73.852587,41.126004],[-73.852573,41.12605],[-73.852575,41.126113],[-73.852592,41.126168],[-73.852604,41.126191],[-73.852627,41.126203]]]}},{"type":"Feature","properties":{"k":"bunker"},"geometry":{"type":"Polygon","coordinates":[[[-73.851477,41.127075],[-73.851276,41.127104],[-73.851251,41.127103],[-73.851237,41.127079],[-73.851257,41.127021],[-73.851325,41.127001],[-73.851492,41.127013],[-73.851516,41.127025],[-73.851519,41.127046],[-73.851508,41.127065],[-73.851477,41.127075]]]}},{"type":"Feature","properties":{"k":"bunker"},"geometry":{"type":"Polygon","coordinates":[[[-73.851277,41.12741],[-73.851081,41.127432],[-73.851052,41.12743],[-73.851008,41.127328],[-73.851011,41.127311],[-73.851041,41.1273],[-73.851059,41.127307],[-73.851104,41.127362],[-73.851146,41.127376],[-73.8512,41.127377],[-73.851278,41.127367],[-73.851459,41.127311],[-73.8515,41.127317],[-73.851504,41.127344],[-73.851474,41.127364],[-73.851277,41.12741]]]}},{"type":"Feature","properties":{"k":"tee"},"geometry":{"type":"Polygon","coordinates":[[[-73.850801,41.126781],[-73.850875,41.126781],[-73.85088,41.126699],[-73.850802,41.126697],[-73.850801,41.126781]]]}},{"type":"Feature","properties":{"k":"bunker"},"geometry":{"type":"Polygon","coordinates":[[[-73.850968,41.123932],[-73.850937,41.123933],[-73.850927,41.123922],[-73.850923,41.123903],[-73.850939,41.123886],[-73.850966,41.123885],[-73.850983,41.123893],[-73.850989,41.123917],[-73.850968,41.123932]]]}},{"type":"Feature","properties":{"k":"bunker"},"geometry":{"type":"Polygon","coordinates":[[[-73.851238,41.123713],[-73.851203,41.123716],[-73.851123,41.123691],[-73.851093,41.123695],[-73.851048,41.123686],[-73.851001,41.12367],[-73.851004,41.12364],[-73.851024,41.123636],[-73.851052,41.123645],[-73.851105,41.123642],[-73.851217,41.123666],[-73.85125,41.123688],[-73.851238,41.123713]]]}},{"type":"Feature","properties":{"k":"bunker"},"geometry":{"type":"Polygon","coordinates":[[[-73.851073,41.124674],[-73.851099,41.124648],[-73.851099,41.124614],[-73.851087,41.124596],[-73.851056,41.124589],[-73.851028,41.12461],[-73.850966,41.124608],[-73.850952,41.124627],[-73.85091,41.124651],[-73.850903,41.124681],[-73.85093,41.124693],[-73.851012,41.124693],[-73.851073,41.124674]]]}},{"type":"Feature","properties":{"k":"bunker"},"geometry":{"type":"Polygon","coordinates":[[[-73.850666,41.125235],[-73.850631,41.125251],[-73.850606,41.125243],[-73.850604,41.125234],[-73.850662,41.12516],[-73.850713,41.125017],[-73.85073,41.125005],[-73.850778,41.124995],[-73.850805,41.125014],[-73.850796,41.125031],[-73.850753,41.125063],[-73.850741,41.125125],[-73.85071,41.125186],[-73.850666,41.125235]]]}},{"type":"Feature","properties":{"k":"green"},"geometry":{"type":"Polygon","coordinates":[[[-73.8486,41.126735],[-73.848631,41.126711],[-73.848645,41.126679],[-73.848652,41.126643],[-73.848645,41.126607],[-73.84859,41.126568],[-73.848539,41.126553],[-73.848493,41.126553],[-73.848436,41.126625],[-73.848422,41.126652],[-73.848424,41.126668],[-73.848546,41.12672],[-73.8486,41.126735]]]}},{"type":"Feature","properties":{"k":"bunker"},"geometry":{"type":"Polygon","coordinates":[[[-73.850534,41.12263],[-73.850557,41.122562],[-73.850559,41.122519],[-73.850553,41.1225],[-73.850535,41.122484],[-73.850497,41.122478],[-73.850476,41.122487],[-73.850483,41.122627],[-73.850504,41.122643],[-73.850534,41.12263]]]}},{"type":"Feature","properties":{"k":"bunker"},"geometry":{"type":"Polygon","coordinates":[[[-73.850812,41.12211],[-73.850833,41.122098],[-73.850839,41.122061],[-73.850797,41.122025],[-73.85076,41.12201],[-73.850688,41.122012],[-73.850675,41.122021],[-73.850673,41.122043],[-73.850697,41.122065],[-73.850773,41.122107],[-73.850812,41.12211]]]}},{"type":"Feature","properties":{"k":"bunker"},"geometry":{"type":"Polygon","coordinates":[[[-73.850794,41.121355],[-73.850746,41.121352],[-73.850728,41.121334],[-73.85075,41.121256],[-73.850744,41.121205],[-73.850752,41.121185],[-73.850765,41.121183],[-73.850787,41.121196],[-73.850796,41.121261],[-73.850819,41.121304],[-73.850815,41.121344],[-73.850794,41.121355]]]}},{"type":"Feature","properties":{"k":"bunker"},"geometry":{"type":"Polygon","coordinates":[[[-73.850444,41.121383],[-73.850455,41.121372],[-73.850468,41.121311],[-73.850447,41.121191],[-73.850449,41.121101],[-73.850442,41.121088],[-73.850428,41.121086],[-73.850405,41.121096],[-73.850389,41.121121],[-73.8504,41.121208],[-73.850382,41.121249],[-73.850382,41.121278],[-73.8504,41.121382],[-73.850428,41.12139],[-73.850444,41.121383]]]}},{"type":"Feature","properties":{"k":"tee"},"geometry":{"type":"Polygon","coordinates":[[[-73.850373,41.120899],[-73.850394,41.120803],[-73.850329,41.120795],[-73.850311,41.120894],[-73.850373,41.120899]]]}},{"type":"Feature","properties":{"k":"tee"},"geometry":{"type":"Polygon","coordinates":[[[-73.848759,41.120824],[-73.848728,41.120753],[-73.848688,41.120763],[-73.848726,41.120836],[-73.848759,41.120824]]]}},{"type":"Feature","properties":{"k":"tee"},"geometry":{"type":"Polygon","coordinates":[[[-73.848564,41.120628],[-73.848535,41.120583],[-73.848609,41.120551],[-73.848645,41.120596],[-73.848564,41.120628]]]}},{"type":"Feature","properties":{"k":"tee"},"geometry":{"type":"Polygon","coordinates":[[[-73.848955,41.121159],[-73.848997,41.121148],[-73.848954,41.121042],[-73.84891,41.121055],[-73.848955,41.121159]]]}},{"type":"Feature","properties":{"k":"tee"},"geometry":{"type":"Polygon","coordinates":[[[-73.849108,41.121471],[-73.849139,41.121467],[-73.849092,41.121327],[-73.849055,41.121336],[-73.849108,41.121471]]]}},{"type":"Feature","properties":{"k":"bunker"},"geometry":{"type":"Polygon","coordinates":[[[-73.848986,41.120887],[-73.849004,41.120874],[-73.848997,41.120859],[-73.848861,41.120818],[-73.848836,41.120816],[-73.84883,41.120832],[-73.848846,41.120846],[-73.848939,41.12088],[-73.848986,41.120887]]]}},{"type":"Feature","properties":{"k":"bunker"},"geometry":{"type":"Polygon","coordinates":[[[-73.849195,41.12392],[-73.849165,41.123913],[-73.849152,41.1239],[-73.849154,41.123867],[-73.849183,41.123801],[-73.849215,41.123791],[-73.849255,41.123808],[-73.84926,41.12382],[-73.849224,41.123908],[-73.849208,41.123921],[-73.849195,41.12392]]]}},{"type":"Feature","properties":{"k":"bunker"},"geometry":{"type":"Polygon","coordinates":[[[-73.849289,41.123755],[-73.849313,41.123736],[-73.849347,41.123679],[-73.84935,41.123619],[-73.849328,41.123602],[-73.849261,41.123601],[-73.849235,41.123624],[-73.849227,41.123653],[-73.849217,41.123724],[-73.849222,41.12374],[-73.849248,41.123756],[-73.849289,41.123755]]]}},{"type":"Feature","properties":{"k":"bunker"},"geometry":{"type":"Polygon","coordinates":[[[-73.849597,41.123769],[-73.849631,41.123743],[-73.849627,41.1237],[-73.849662,41.123657],[-73.84965,41.123634],[-73.84962,41.123624],[-73.849591,41.123633],[-73.849531,41.123699],[-73.849514,41.123757],[-73.849517,41.123779],[-73.849539,41.123795],[-73.849561,41.123794],[-73.849597,41.123769]]]}},{"type":"Feature","properties":{"k":"bunker"},"geometry":{"type":"Polygon","coordinates":[[[-73.849551,41.123952],[-73.849634,41.123889],[-73.849641,41.123869],[-73.849622,41.12385],[-73.84957,41.123841],[-73.849552,41.123843],[-73.849538,41.123853],[-73.849514,41.123974],[-73.849528,41.123973],[-73.849551,41.123952]]]}},{"type":"Feature","properties":{"k":"wood"},"geometry":{"type":"Polygon","coordinates":[[[-73.860428,41.130949],[-73.860385,41.130814],[-73.860326,41.130682],[-73.860276,41.130602],[-73.860289,41.130437],[-73.860241,41.130345],[-73.860279,41.130269],[-73.860415,41.130376],[-73.860488,41.130378],[-73.860544,41.130275],[-73.860625,41.129937],[-73.860865,41.12977],[-73.861138,41.129549],[-73.861239,41.129534],[-73.86133,41.129547],[-73.861138,41.129717],[-73.860963,41.129887],[-73.860776,41.130019],[-73.860721,41.130277],[-73.860611,41.130489],[-73.860556,41.130629],[-73.860544,41.130935],[-73.86051,41.131235],[-73.860556,41.131563],[-73.860518,41.13201],[-73.860419,41.132254],[-73.859967,41.132379],[-73.859914,41.13228],[-73.860042,41.132221],[-73.860228,41.13224],[-73.860293,41.132106],[-73.860426,41.131965],[-73.860462,41.131477],[-73.860437,41.131261],[-73.860439,41.131042],[-73.860428,41.130949]]]}},{"type":"Feature","properties":{"k":"wood"},"geometry":{"type":"Polygon","coordinates":[[[-73.855667,41.131928],[-73.855529,41.13187],[-73.855471,41.13183],[-73.855438,41.131786],[-73.855311,41.131753],[-73.855242,41.131702],[-73.855155,41.131607],[-73.855058,41.131536],[-73.855033,41.13148],[-73.854884,41.13149],[-73.854764,41.131463],[-73.854561,41.131402],[-73.854474,41.131332],[-73.854462,41.131204],[-73.854137,41.131164],[-73.853991,41.131163],[-73.853825,41.13121],[-73.853697,41.131257],[-73.853599,41.131218],[-73.853539,41.131181],[-73.853493,41.131228],[-73.853468,41.131331],[-73.853982,41.131272],[-73.854266,41.131285],[-73.854477,41.131403],[-73.855153,41.13171],[-73.855514,41.131903],[-73.855619,41.131945],[-73.855667,41.131928]]]}},{"type":"Feature","properties":{"k":"wood"},"geometry":{"type":"Polygon","coordinates":[[[-73.851518,41.130533],[-73.851487,41.130433],[-73.851153,41.130188],[-73.851076,41.130084],[-73.851148,41.130018],[-73.851032,41.129887],[-73.850862,41.129781],[-73.850644,41.129708],[-73.850299,41.129605],[-73.850094,41.129507],[-73.849835,41.129395],[-73.84964,41.129379],[-73.849408,41.129277],[-73.849208,41.12917],[-73.849123,41.129191],[-73.848993,41.129179],[-73.848915,41.129263],[-73.848704,41.12921],[-73.84838,41.129213],[-73.848182,41.129186],[-73.848079,41.129163],[-73.84799,41.129104],[-73.847698,41.129103],[-73.847504,41.129075],[-73.847387,41.129014],[-73.84727,41.129029],[-73.847158,41.129085],[-73.846717,41.129038],[-73.846563,41.129058],[-73.846338,41.129047],[-73.846241,41.128947],[-73.846103,41.128941],[-73.84603,41.128865],[-73.84587,41.12884],[-73.84572,41.128725],[-73.845679,41.128664],[-73.845616,41.128683],[-73.845716,41.128828],[-73.846317,41.129082],[-73.846801,41.129164],[-73.847674,41.129258],[-73.848288,41.129304],[-73.84874,41.129348],[-73.849091,41.129354],[-73.849234,41.129314],[-73.849922,41.129582],[-73.850404,41.129732],[-73.850889,41.129951],[-73.851141,41.130338],[-73.851337,41.13046],[-73.851518,41.130533]]]}},{"type":"Feature","properties":{"k":"tee"},"geometry":{"type":"Polygon","coordinates":[[[-73.847617,41.128829],[-73.847617,41.128777],[-73.847502,41.128774],[-73.847501,41.128827],[-73.847617,41.128829]]]}},{"type":"Feature","properties":{"k":"wood"},"geometry":{"type":"Polygon","coordinates":[[[-73.845754,41.128625],[-73.845805,41.128549],[-73.845933,41.128557],[-73.845955,41.128349],[-73.845999,41.128164],[-73.84607,41.128009],[-73.846248,41.127957],[-73.846544,41.128008],[-73.846724,41.127935],[-73.847184,41.128031],[-73.847227,41.128029],[-73.847595,41.127939],[-73.847798,41.127805],[-73.848025,41.127717],[-73.848269,41.127635],[-73.84855,41.127573],[-73.848698,41.127479],[-73.848733,41.127415],[-73.84878,41.127272],[-73.848733,41.127118],[-73.848544,41.127049],[-73.848387,41.127092],[-73.848184,41.126895],[-73.848102,41.126679],[-73.848146,41.126579],[-73.848285,41.12646],[-73.848522,41.126193],[-73.848395,41.126128],[-73.848015,41.126582],[-73.84798,41.126828],[-73.848144,41.127119],[-73.848389,41.127224],[-73.848497,41.127341],[-73.848339,41.127467],[-73.84785,41.127592],[-73.847477,41.127833],[-73.847171,41.127935],[-73.846844,41.127892],[-73.846622,41.127872],[-73.846501,41.12792],[-73.846242,41.127906],[-73.845997,41.12795],[-73.84587,41.128086],[-73.845696,41.128556],[-73.845754,41.128625]]]}},{"type":"Feature","properties":{"k":"wood"},"geometry":{"type":"Polygon","coordinates":[[[-73.848584,41.126138],[-73.848676,41.126033],[-73.848695,41.125833],[-73.848783,41.125684],[-73.848789,41.125564],[-73.848707,41.125459],[-73.848753,41.125358],[-73.848838,41.125271],[-73.848931,41.125117],[-73.848797,41.124897],[-73.848711,41.124732],[-73.848717,41.124456],[-73.848633,41.124197],[-73.848526,41.124126],[-73.8485,41.124028],[-73.84858,41.123829],[-73.84851,41.123815],[-73.848393,41.123961],[-73.848387,41.124142],[-73.84851,41.124265],[-73.84861,41.124498],[-73.848605,41.124755],[-73.84877,41.125098],[-73.848629,41.125346],[-73.848581,41.12552],[-73.848676,41.125633],[-73.848528,41.125962],[-73.848478,41.126105],[-73.848584,41.126138]]]}},{"type":"Feature","properties":{"k":"wood"},"geometry":{"type":"Polygon","coordinates":[[[-73.848587,41.123771],[-73.848584,41.123637],[-73.848628,41.123484],[-73.848657,41.123269],[-73.848769,41.123125],[-73.848867,41.122971],[-73.848861,41.122621],[-73.848906,41.122309],[-73.84888,41.122062],[-73.848882,41.121757],[-73.848727,41.121406],[-73.848384,41.121215],[-73.848269,41.121025],[-73.848254,41.120719],[-73.848289,41.120489],[-73.848213,41.12031],[-73.84819,41.120116],[-73.848243,41.119991],[-73.848143,41.12002],[-73.848091,41.120221],[-73.848114,41.120612],[-73.848199,41.121077],[-73.848303,41.121371],[-73.848575,41.12152],[-73.848712,41.121851],[-73.848767,41.122314],[-73.848752,41.122664],[-73.848712,41.122883],[-73.848518,41.123267],[-73.848461,41.123759],[-73.848587,41.123771]]]}},{"type":"Feature","properties":{"k":"wood"},"geometry":{"type":"Polygon","coordinates":[[[-73.849435,41.119906],[-73.849457,41.120061],[-73.849626,41.120148],[-73.849811,41.120347],[-73.849841,41.12039],[-73.850283,41.120479],[-73.850671,41.12053],[-73.850756,41.120576],[-73.850961,41.120604],[-73.851045,41.120683],[-73.850938,41.120756],[-73.851099,41.120907],[-73.851234,41.121088],[-73.851392,41.12119],[-73.851569,41.121234],[-73.851579,41.121345],[-73.851444,41.121406],[-73.851438,41.121514],[-73.851339,41.121636],[-73.851228,41.12172],[-73.851244,41.121901],[-73.851234,41.122103],[-73.851121,41.122291],[-73.851096,41.122445],[-73.851189,41.122613],[-73.851353,41.122965],[-73.851489,41.123101],[-73.851581,41.123321],[-73.851743,41.123652],[-73.851939,41.123965],[-73.852033,41.12409],[-73.851978,41.124206],[-73.852132,41.124333],[-73.852126,41.12448],[-73.852142,41.124582],[-73.852288,41.124531],[-73.852304,41.124302],[-73.851969,41.123781],[-73.85154,41.123052],[-73.85132,41.122631],[-73.851226,41.122352],[-73.851355,41.122088],[-73.851366,41.121749],[-73.851737,41.121268],[-73.851552,41.121076],[-73.851333,41.120971],[-73.851101,41.120595],[-73.850733,41.120421],[-73.849579,41.119937],[-73.849435,41.119906]]]}},{"type":"Feature","properties":{"k":"wood"},"geometry":{"type":"Polygon","coordinates":[[[-73.852066,41.124518],[-73.851886,41.12454],[-73.851739,41.124547],[-73.851579,41.124594],[-73.851428,41.124621],[-73.851329,41.124679],[-73.851301,41.124888],[-73.851275,41.125328],[-73.851295,41.125508],[-73.851417,41.125622],[-73.851542,41.125669],[-73.851626,41.12572],[-73.851609,41.125787],[-73.851733,41.125819],[-73.851793,41.125894],[-73.851896,41.125936],[-73.852005,41.125948],[-73.852192,41.125874],[-73.852177,41.125827],[-73.851969,41.125862],[-73.851892,41.125827],[-73.85176,41.125732],[-73.851613,41.125607],[-73.85144,41.125492],[-73.851371,41.125326],[-73.851361,41.125146],[-73.851486,41.124697],[-73.851931,41.124589],[-73.852066,41.124518]]]}},{"type":"Feature","properties":{"k":"wood"},"geometry":{"type":"Polygon","coordinates":[[[-73.852243,41.125833],[-73.852334,41.125686],[-73.852461,41.12566],[-73.852698,41.125689],[-73.852896,41.125728],[-73.853224,41.12593],[-73.853272,41.12592],[-73.853131,41.125792],[-73.852864,41.125669],[-73.852585,41.125623],[-73.852387,41.125623],[-73.852259,41.125673],[-73.852169,41.125757],[-73.852177,41.125817],[-73.852243,41.125833]]]}},{"type":"Feature","properties":{"k":"wood"},"geometry":{"type":"Polygon","coordinates":[[[-73.85341,41.126778],[-73.853393,41.12663],[-73.853399,41.126476],[-73.853453,41.126391],[-73.853435,41.126101],[-73.853333,41.126013],[-73.85336,41.125992],[-73.853464,41.126056],[-73.853553,41.126184],[-73.853512,41.126526],[-73.853527,41.126765],[-73.853438,41.127415],[-73.853356,41.127786],[-73.853454,41.128095],[-73.853395,41.128141],[-73.853337,41.128048],[-73.853263,41.127832],[-73.853278,41.127663],[-73.853306,41.127491],[-73.853331,41.127421],[-73.853378,41.127187],[-73.853409,41.126956],[-73.85341,41.126778]]]}},{"type":"Feature","properties":{"k":"wood"},"geometry":{"type":"Polygon","coordinates":[[[-73.857997,41.128458],[-73.858005,41.12824],[-73.857984,41.127991],[-73.857923,41.127947],[-73.857845,41.127918],[-73.857782,41.127819],[-73.857827,41.127681],[-73.857913,41.12765],[-73.857917,41.127532],[-73.857961,41.127407],[-73.857961,41.12732],[-73.857979,41.127291],[-73.857895,41.127091],[-73.857851,41.126718],[-73.857708,41.126496],[-73.857605,41.126396],[-73.857472,41.126342],[-73.857416,41.126343],[-73.857328,41.12636],[-73.857255,41.126395],[-73.857378,41.126508],[-73.857537,41.126559],[-73.857663,41.126714],[-73.857851,41.127313],[-73.857786,41.127587],[-73.857699,41.1277],[-73.857679,41.127799],[-73.857736,41.127932],[-73.85786,41.128066],[-73.857909,41.128302],[-73.857912,41.128426],[-73.857997,41.128458]]]}},{"type":"Feature","properties":{"k":"wood"},"geometry":{"type":"Polygon","coordinates":[[[-73.86139,41.129263],[-73.861507,41.128942],[-73.861455,41.128586],[-73.861362,41.128316],[-73.861454,41.128087],[-73.86141,41.127826],[-73.861272,41.127645],[-73.861347,41.127584],[-73.861368,41.126866],[-73.861367,41.126626],[-73.86143,41.126288],[-73.861413,41.126092],[-73.861543,41.125959],[-73.861592,41.125945],[-73.86147,41.126728],[-73.86145,41.127233],[-73.861471,41.127674],[-73.861529,41.127933],[-73.861537,41.128212],[-73.861522,41.12853],[-73.861542,41.128889],[-73.861477,41.129171],[-73.86139,41.129263]]]}},{"type":"Feature","properties":{"k":"green"},"geometry":{"type":"Polygon","coordinates":[[[-73.859161,41.124145],[-73.859188,41.124125],[-73.859203,41.124091],[-73.859188,41.124064],[-73.859152,41.124043],[-73.8591,41.124057],[-73.859079,41.124081],[-73.859088,41.124128],[-73.85911,41.124146],[-73.859161,41.124145]]]}},{"type":"Feature","properties":{"k":"green"},"geometry":{"type":"Polygon","coordinates":[[[-73.858843,41.124544],[-73.858871,41.124533],[-73.858892,41.124499],[-73.858884,41.124459],[-73.858837,41.124444],[-73.858794,41.124463],[-73.858781,41.12451],[-73.858799,41.124535],[-73.858843,41.124544]]]}},{"type":"Feature","properties":{"k":"wood"},"geometry":{"type":"Polygon","coordinates":[[[-73.857855,41.123902],[-73.858126,41.12379],[-73.858235,41.123677],[-73.858609,41.123549],[-73.858853,41.123495],[-73.859102,41.12332],[-73.859172,41.123119],[-73.859283,41.123058],[-73.859554,41.122778],[-73.859646,41.122723],[-73.860063,41.122831],[-73.860468,41.123074],[-73.860846,41.123396],[-73.860907,41.123693],[-73.86095,41.123804],[-73.861084,41.123662],[-73.860946,41.123339],[-73.860529,41.123003],[-73.859778,41.122645],[-73.859513,41.122696],[-73.859022,41.123035],[-73.858629,41.123433],[-73.85813,41.123614],[-73.857834,41.123818],[-73.857855,41.123902]]]}},{"type":"Feature","properties":{"k":"tee"},"geometry":{"type":"Polygon","coordinates":[[[-73.858061,41.125476],[-73.858182,41.125442],[-73.858102,41.125257],[-73.858023,41.125274],[-73.858048,41.125349],[-73.858015,41.125357],[-73.858061,41.125476]]]}},{"type":"Feature","properties":{"k":"tee"},"geometry":{"type":"Polygon","coordinates":[[[-73.859344,41.127454],[-73.859348,41.127358],[-73.859314,41.127355],[-73.859307,41.127453],[-73.859344,41.127454]]]}},{"type":"Feature","properties":{"k":"green"},"geometry":{"type":"Polygon","coordinates":[[[-73.85909,41.128711],[-73.859253,41.128709],[-73.859272,41.128705],[-73.859282,41.128692],[-73.859315,41.128456],[-73.85931,41.128431],[-73.859283,41.128414],[-73.859251,41.12841],[-73.859216,41.128417],[-73.85906,41.128488],[-73.859016,41.128632],[-73.85901,41.128694],[-73.85902,41.128706],[-73.85909,41.128711]]]}},{"type":"Feature","properties":{"k":"fairway"},"geometry":{"type":"Polygon","coordinates":[[[-73.859315,41.128456],[-73.859334,41.128385],[-73.85934,41.128275],[-73.859287,41.127944],[-73.859249,41.127574],[-73.859238,41.127538],[-73.859143,41.127514],[-73.859109,41.12749],[-73.8591,41.127455],[-73.859216,41.127247],[-73.859221,41.127199],[-73.859187,41.127076],[-73.859094,41.126849],[-73.858966,41.126642],[-73.858815,41.126438],[-73.858543,41.126146],[-73.858473,41.12612],[-73.858373,41.126157],[-73.858343,41.126199],[-73.858341,41.126263],[-73.858477,41.12654],[-73.858624,41.12687],[-73.858826,41.127358],[-73.85888,41.127556],[-73.858913,41.127848],[-73.858978,41.128197],[-73.859013,41.128265],[-73.859163,41.128322],[-73.859208,41.128379],[-73.859194,41.128401],[-73.859075,41.128456],[-73.85906,41.128488],[-73.859133,41.12845],[-73.859216,41.128417],[-73.859251,41.12841],[-73.859283,41.128414],[-73.85931,41.128431],[-73.859315,41.128456]]]}},{"type":"Feature","properties":{"k":"bunker"},"geometry":{"type":"Polygon","coordinates":[[[-73.85938,41.12864],[-73.859396,41.128615],[-73.859418,41.128501],[-73.859404,41.12846],[-73.859369,41.12845],[-73.859349,41.128468],[-73.859328,41.128626],[-73.859343,41.128648],[-73.859365,41.128649],[-73.85938,41.12864]]]}},{"type":"Feature","properties":{"k":"bunker"},"geometry":{"type":"Polygon","coordinates":[[[-73.858958,41.128641],[-73.858976,41.128631],[-73.858979,41.128547],[-73.859007,41.128446],[-73.858996,41.128427],[-73.858974,41.128413],[-73.858933,41.128399],[-73.858904,41.128398],[-73.858885,41.128414],[-73.858889,41.128432],[-73.858949,41.128465],[-73.858958,41.128485],[-73.858914,41.128509],[-73.858911,41.128552],[-73.858931,41.128586],[-73.858919,41.128625],[-73.85894,41.128642],[-73.858958,41.128641]]]}},{"type":"Feature","properties":{"k":"bunker"},"geometry":{"type":"Polygon","coordinates":[[[-73.859194,41.128756],[-73.859077,41.128752],[-73.859058,41.128748],[-73.859055,41.12874],[-73.859074,41.128731],[-73.859197,41.128733],[-73.859212,41.128738],[-73.859213,41.128751],[-73.859194,41.128756]]]}},{"type":"Feature","properties":{"k":"bunker"},"geometry":{"type":"Polygon","coordinates":[[[-73.859222,41.127479],[-73.85925,41.127423],[-73.85924,41.127381],[-73.859273,41.127308],[-73.859261,41.127283],[-73.859234,41.127288],[-73.859216,41.127327],[-73.859177,41.127375],[-73.859163,41.127414],[-73.859127,41.127452],[-73.859136,41.127481],[-73.859157,41.12749],[-73.8592,41.127489],[-73.859222,41.127479]]]}},{"type":"Feature","properties":{"k":"green"},"geometry":{"type":"Polygon","coordinates":[[[-73.857621,41.125794],[-73.857539,41.125791],[-73.857527,41.125783],[-73.857518,41.125759],[-73.857522,41.125643],[-73.857541,41.125506],[-73.857552,41.12549],[-73.857569,41.125485],[-73.857766,41.12549],[-73.857773,41.125508],[-73.857769,41.125601],[-73.857717,41.125633],[-73.857688,41.125681],[-73.857704,41.125755],[-73.857699,41.12578],[-73.857621,41.125794]]]}},{"type":"Feature","properties":{"k":"fairway"},"geometry":{"type":"Polygon","coordinates":[[[-73.857704,41.125755],[-73.85781,41.125946],[-73.85781,41.12597],[-73.857778,41.12604],[-73.857779,41.126081],[-73.8578,41.126105],[-73.857937,41.126157],[-73.857976,41.126185],[-73.858048,41.126368],[-73.858095,41.126461],[-73.858261,41.126684],[-73.858333,41.12681],[-73.858416,41.12699],[-73.858464,41.127163],[-73.858476,41.12728],[-73.858454,41.127395],[-73.85844,41.127554],[-73.858459,41.127696],[-73.8585,41.127853],[-73.858504,41.127933],[-73.858484,41.127973],[-73.858447,41.127998],[-73.858401,41.128009],[-73.858357,41.128011],[-73.858314,41.127979],[-73.858271,41.127922],[-73.858245,41.12783],[-73.858239,41.127732],[-73.858164,41.127579],[-73.858121,41.127397],[-73.858092,41.127223],[-73.858039,41.126996],[-73.857985,41.126818],[-73.857943,41.126738],[-73.857836,41.126596],[-73.857733,41.12643],[-73.857673,41.126295],[-73.857512,41.125829],[-73.857492,41.125728],[-73.8575,41.125576],[-73.857519,41.125489],[-73.857532,41.125452],[-73.857548,41.125439],[-73.857578,41.125433],[-73.857773,41.125452],[-73.857773,41.125508],[-73.857766,41.12549],[-73.857737,41.125485],[-73.857569,41.125485],[-73.857552,41.12549],[-73.857541,41.125506],[-73.857518,41.125705],[-73.857527,41.125783],[-73.857559,41.125796],[-73.857677,41.125788],[-73.857699,41.12578],[-73.857704,41.125755]]]}},{"type":"Feature","properties":{"k":"bunker"},"geometry":{"type":"Polygon","coordinates":[[[-73.857883,41.125837],[-73.857809,41.12583],[-73.857777,41.125807],[-73.857779,41.125749],[-73.857762,41.125704],[-73.857771,41.125685],[-73.857801,41.125666],[-73.857835,41.125668],[-73.857855,41.125684],[-73.85788,41.125768],[-73.857933,41.125807],[-73.857923,41.125831],[-73.857883,41.125837]]]}},{"type":"Feature","properties":{"k":"bunker"},"geometry":{"type":"Polygon","coordinates":[[[-73.857831,41.125602],[-73.857812,41.1256],[-73.857802,41.125588],[-73.857799,41.125536],[-73.857813,41.125515],[-73.857836,41.125517],[-73.857842,41.125525],[-73.857847,41.125586],[-73.857831,41.125602]]]}},{"type":"Feature","properties":{"k":"wood"},"geometry":{"type":"Polygon","coordinates":[[[-73.859595,41.128213],[-73.859616,41.128223],[-73.859625,41.128211],[-73.859609,41.128164],[-73.859457,41.127961],[-73.859382,41.127798],[-73.859434,41.127647],[-73.859515,41.127505],[-73.859521,41.127477],[-73.859442,41.127382],[-73.859414,41.127384],[-73.859421,41.127494],[-73.859444,41.127556],[-73.859396,41.127614],[-73.859347,41.127704],[-73.859354,41.12779],[-73.859335,41.12781],[-73.859344,41.127846],[-73.859436,41.127961],[-73.859498,41.128095],[-73.859589,41.128166],[-73.859595,41.128213]]]}},{"type":"Feature","properties":{"k":"tee"},"geometry":{"type":"Polygon","coordinates":[[[-73.858715,41.128848],[-73.858628,41.128865],[-73.858551,41.128634],[-73.858639,41.128615],[-73.858715,41.128848]]]}},{"type":"Feature","properties":{"k":"tee"},"geometry":{"type":"Polygon","coordinates":[[[-73.858693,41.129032],[-73.85877,41.129015],[-73.858759,41.128975],[-73.858677,41.128987],[-73.858693,41.129032]]]}},{"type":"Feature","properties":{"k":"tee"},"geometry":{"type":"Polygon","coordinates":[[[-73.85894,41.129129],[-73.859221,41.128995],[-73.859194,41.128956],[-73.858903,41.129089],[-73.85894,41.129129]]]}},{"type":"Feature","properties":{"k":"tee"},"geometry":{"type":"Polygon","coordinates":[[[-73.858517,41.129331],[-73.858603,41.129289],[-73.858577,41.129251],[-73.858486,41.129291],[-73.858517,41.129331]]]}},{"type":"Feature","properties":{"k":"green"},"geometry":{"type":"Polygon","coordinates":[[[-73.856268,41.130487],[-73.856335,41.130446],[-73.856354,41.130424],[-73.856366,41.130399],[-73.856365,41.13037],[-73.856345,41.130337],[-73.856308,41.130302],[-73.856239,41.130251],[-73.856213,41.130246],[-73.85612,41.130275],[-73.85606,41.130309],[-73.855996,41.130368],[-73.855984,41.130399],[-73.855993,41.130427],[-73.856014,41.13045],[-73.856069,41.130485],[-73.856151,41.130524],[-73.856175,41.130528],[-73.8562,41.130521],[-73.856268,41.130487]]]}},{"type":"Feature","properties":{"k":"bunker"},"geometry":{"type":"Polygon","coordinates":[[[-73.857092,41.13023],[-73.857023,41.130231],[-73.856958,41.130207],[-73.856899,41.130203],[-73.856857,41.130187],[-73.856797,41.130188],[-73.856783,41.130181],[-73.856778,41.130156],[-73.856807,41.130129],[-73.856826,41.130123],[-73.856969,41.130145],[-73.857023,41.130163],[-73.857096,41.130166],[-73.857112,41.130177],[-73.857119,41.130196],[-73.857117,41.130215],[-73.857092,41.13023]]]}},{"type":"Feature","properties":{"k":"bunker"},"geometry":{"type":"Polygon","coordinates":[[[-73.857217,41.130313],[-73.857228,41.130271],[-73.857221,41.130254],[-73.857209,41.130249],[-73.857134,41.13026],[-73.857097,41.130283],[-73.857094,41.130296],[-73.857118,41.130315],[-73.857187,41.130323],[-73.857217,41.130313]]]}},{"type":"Feature","properties":{"k":"green"},"geometry":{"type":"Polygon","coordinates":[[[-73.858958,41.129516],[-73.858985,41.129522],[-73.859035,41.129517],[-73.859111,41.129494],[-73.859195,41.129451],[-73.859238,41.12941],[-73.859254,41.12938],[-73.85925,41.129324],[-73.859194,41.129255],[-73.859165,41.129236],[-73.859134,41.129228],[-73.859041,41.129266],[-73.858921,41.12936],[-73.85889,41.129393],[-73.858878,41.129418],[-73.858884,41.129447],[-73.85893,41.129502],[-73.858958,41.129516]]]}},{"type":"Feature","properties":{"k":"bunker"},"geometry":{"type":"Polygon","coordinates":[[[-73.859086,41.129598],[-73.858999,41.129613],[-73.85891,41.1297],[-73.858856,41.12973],[-73.858832,41.129731],[-73.858762,41.129711],[-73.858733,41.129681],[-73.858749,41.129653],[-73.858773,41.129643],[-73.858837,41.129628],[-73.858907,41.129623],[-73.858933,41.129583],[-73.858998,41.129562],[-73.859045,41.129537],[-73.859126,41.129519],[-73.859189,41.129485],[-73.859237,41.12949],[-73.859245,41.129506],[-73.859239,41.129527],[-73.859222,41.129541],[-73.859142,41.129585],[-73.859086,41.129598]]]}},{"type":"Feature","properties":{"k":"bunker"},"geometry":{"type":"Polygon","coordinates":[[[-73.858754,41.12945],[-73.858776,41.129448],[-73.858788,41.12943],[-73.858788,41.12941],[-73.858761,41.129398],[-73.858738,41.129404],[-73.858723,41.129424],[-73.858732,41.129441],[-73.858754,41.12945]]]}},{"type":"Feature","properties":{"k":"bunker"},"geometry":{"type":"Polygon","coordinates":[[[-73.85888,41.129356],[-73.858832,41.12937],[-73.858799,41.129362],[-73.858792,41.129321],[-73.858798,41.129302],[-73.85882,41.129285],[-73.858887,41.129277],[-73.858925,41.129292],[-73.85894,41.129308],[-73.858938,41.129323],[-73.858921,41.129337],[-73.85888,41.129356]]]}},{"type":"Feature","properties":{"k":"bunker"},"geometry":{"type":"Polygon","coordinates":[[[-73.859039,41.129234],[-73.858976,41.129263],[-73.858944,41.129262],[-73.85892,41.129248],[-73.858916,41.129235],[-73.858918,41.129222],[-73.859007,41.129155],[-73.859077,41.129145],[-73.859104,41.129155],[-73.859118,41.12917],[-73.859118,41.129181],[-73.859039,41.129234]]]}},{"type":"Feature","properties":{"k":"bunker"},"geometry":{"type":"Polygon","coordinates":[[[-73.859326,41.129297],[-73.859286,41.129281],[-73.859191,41.129206],[-73.859183,41.129168],[-73.859199,41.129144],[-73.859235,41.129145],[-73.859276,41.129169],[-73.859306,41.129232],[-73.859359,41.129255],[-73.859354,41.129284],[-73.859326,41.129297]]]}},{"type":"Feature","properties":{"k":"rough"},"geometry":{"type":"Polygon","coordinates":[[[-73.859065,41.131614],[-73.859267,41.131599],[-73.859342,41.131546],[-73.859437,41.131381],[-73.859419,41.130657],[-73.859363,41.130311],[-73.859273,41.1302],[-73.859215,41.130182],[-73.859138,41.130206],[-73.858968,41.13036],[-73.858694,41.130666],[-73.858187,41.131156],[-73.858055,41.131331],[-73.858009,41.131411],[-73.858062,41.131438],[-73.859065,41.131614]]]}},{"type":"Feature","properties":{"k":"rough"},"geometry":{"type":"Polygon","coordinates":[[[-73.855885,41.131902],[-73.856018,41.131782],[-73.856144,41.131703],[-73.856282,41.131645],[-73.856476,41.131546],[-73.856685,41.1314],[-73.856903,41.131267],[-73.857042,41.131248],[-73.857205,41.131292],[-73.857213,41.131383],[-73.857119,41.131558],[-73.857026,41.13183],[-73.857039,41.132011],[-73.856163,41.131988],[-73.8559,41.131961],[-73.855885,41.131902]]]}},{"type":"Feature","properties":{"k":"green"},"geometry":{"type":"Polygon","coordinates":[[[-73.856023,41.131093],[-73.85594,41.131076],[-73.855851,41.131046],[-73.855772,41.131015],[-73.855742,41.130987],[-73.85576,41.130943],[-73.855831,41.130844],[-73.855868,41.130798],[-73.855895,41.130785],[-73.855983,41.130803],[-73.856133,41.13086],[-73.856159,41.130878],[-73.856165,41.130903],[-73.856145,41.130964],[-73.85609,41.131071],[-73.856061,41.131089],[-73.856023,41.131093]]]}},{"type":"Feature","properties":{"k":"bunker"},"geometry":{"type":"Polygon","coordinates":[[[-73.856035,41.131152],[-73.856042,41.131127],[-73.856034,41.131115],[-73.855877,41.131079],[-73.855721,41.131019],[-73.855708,41.131003],[-73.855725,41.130948],[-73.855789,41.130851],[-73.855867,41.130766],[-73.855899,41.130757],[-73.855988,41.130773],[-73.856242,41.130862],[-73.85626,41.130858],[-73.856267,41.130845],[-73.856253,41.130826],[-73.856048,41.130751],[-73.855909,41.130704],[-73.855856,41.130701],[-73.855831,41.130711],[-73.855807,41.130735],[-73.855682,41.130893],[-73.855629,41.130984],[-73.855623,41.131013],[-73.855638,41.131035],[-73.855663,41.13105],[-73.855844,41.131116],[-73.855994,41.131157],[-73.856024,41.131159],[-73.856035,41.131152]]]}},{"type":"Feature","properties":{"k":"bunker"},"geometry":{"type":"Polygon","coordinates":[[[-73.856182,41.131111],[-73.856197,41.131104],[-73.85621,41.131082],[-73.856264,41.13094],[-73.856258,41.130908],[-73.856241,41.130902],[-73.856225,41.130901],[-73.856205,41.130913],[-73.856146,41.131092],[-73.856157,41.131109],[-73.856182,41.131111]]]}},{"type":"Feature","properties":{"k":"tee"},"geometry":{"type":"Polygon","coordinates":[[[-73.856039,41.131412],[-73.856078,41.131378],[-73.856034,41.131349],[-73.855995,41.13138],[-73.856039,41.131412]]]}},{"type":"Feature","properties":{"k":"tee"},"geometry":{"type":"Polygon","coordinates":[[[-73.855589,41.131853],[-73.855689,41.131777],[-73.855592,41.131704],[-73.855503,41.131779],[-73.855589,41.131853]]]}},{"type":"Feature","properties":{"k":"green"},"geometry":{"type":"Polygon","coordinates":[[[-73.8551,41.129819],[-73.855125,41.129808],[-73.855151,41.129775],[-73.855113,41.129672],[-73.855199,41.129585],[-73.855194,41.129563],[-73.855158,41.129519],[-73.855059,41.129482],[-73.855042,41.129487],[-73.855005,41.129525],[-73.854945,41.129601],[-73.854929,41.129641],[-73.854927,41.129676],[-73.854946,41.129715],[-73.855027,41.129812],[-73.855068,41.129823],[-73.8551,41.129819]]]}},{"type":"Feature","properties":{"k":"bunker"},"geometry":{"type":"Polygon","coordinates":[[[-73.855261,41.129719],[-73.855282,41.1297],[-73.855281,41.129675],[-73.855258,41.129654],[-73.855212,41.129655],[-73.855196,41.129664],[-73.855183,41.129688],[-73.855197,41.129719],[-73.855228,41.12973],[-73.855261,41.129719]]]}},{"type":"Feature","properties":{"k":"bunker"},"geometry":{"type":"Polygon","coordinates":[[[-73.854952,41.129843],[-73.854975,41.129832],[-73.854974,41.129816],[-73.854938,41.129779],[-73.854918,41.129773],[-73.854906,41.129779],[-73.854903,41.129796],[-73.854926,41.129833],[-73.854952,41.129843]]]}},{"type":"Feature","properties":{"k":"bunker"},"geometry":{"type":"Polygon","coordinates":[[[-73.85489,41.129738],[-73.854868,41.129736],[-73.854853,41.129698],[-73.854861,41.129687],[-73.85488,41.129694],[-73.854894,41.129715],[-73.85489,41.129738]]]}},{"type":"Feature","properties":{"k":"bunker"},"geometry":{"type":"Polygon","coordinates":[[[-73.854943,41.129522],[-73.854985,41.129485],[-73.855003,41.129458],[-73.854988,41.129433],[-73.854937,41.129416],[-73.854927,41.12942],[-73.854915,41.129441],[-73.854899,41.129503],[-73.8549,41.129516],[-73.854917,41.129529],[-73.854934,41.129529],[-73.854943,41.129522]]]}},{"type":"Feature","properties":{"k":"bunker"},"geometry":{"type":"Polygon","coordinates":[[[-73.855281,41.129548],[-73.855254,41.129491],[-73.855234,41.129472],[-73.855122,41.129421],[-73.855114,41.129411],[-73.855124,41.129391],[-73.855153,41.129381],[-73.855178,41.129384],[-73.855301,41.12946],[-73.855349,41.129534],[-73.855353,41.129568],[-73.855324,41.129583],[-73.855307,41.129582],[-73.855289,41.12957],[-73.855281,41.129548]]]}},{"type":"Feature","properties":{"k":"bunker"},"geometry":{"type":"Polygon","coordinates":[[[-73.853087,41.127069],[-73.8531,41.127021],[-73.853094,41.127001],[-73.853083,41.126998],[-73.853064,41.127004],[-73.853072,41.127037],[-73.853063,41.127064],[-73.853075,41.127073],[-73.853087,41.127069]]]}},{"type":"Feature","properties":{"k":"bunker"},"geometry":{"type":"Polygon","coordinates":[[[-73.852986,41.12704],[-73.852997,41.127032],[-73.853001,41.126997],[-73.852995,41.126988],[-73.852968,41.126982],[-73.852957,41.126997],[-73.852956,41.127022],[-73.852962,41.127036],[-73.852986,41.12704]]]}},{"type":"Feature","properties":{"k":"bunker"},"geometry":{"type":"Polygon","coordinates":[[[-73.853028,41.126966],[-73.853003,41.12697],[-73.852993,41.126963],[-73.852992,41.126942],[-73.853017,41.126936],[-73.853038,41.126941],[-73.853041,41.126956],[-73.853028,41.126966]]]}},{"type":"Feature","properties":{"k":"green"},"geometry":{"type":"Polygon","coordinates":[[[-73.853049,41.126412],[-73.853065,41.126411],[-73.853072,41.126401],[-73.853098,41.126391],[-73.853172,41.126373],[-73.853197,41.126351],[-73.853202,41.12633],[-73.853218,41.126314],[-73.853212,41.12631],[-73.853223,41.126275],[-73.853219,41.126184],[-73.853197,41.126152],[-73.853172,41.126144],[-73.853007,41.12617],[-73.85293,41.126205],[-73.852893,41.126211],[-73.852894,41.12623],[-73.85287,41.126253],[-73.852888,41.126336],[-73.852897,41.126328],[-73.85292,41.126361],[-73.852912,41.126369],[-73.852994,41.126413],[-73.853049,41.126412]]]}},{"type":"Feature","properties":{"k":"bunker"},"geometry":{"type":"Polygon","coordinates":[[[-73.853235,41.126407],[-73.85321,41.126405],[-73.853202,41.126387],[-73.853228,41.126318],[-73.853237,41.126245],[-73.853257,41.126236],[-73.853272,41.126243],[-73.853273,41.126288],[-73.853251,41.12635],[-73.853251,41.126399],[-73.853235,41.126407]]]}},{"type":"Feature","properties":{"k":"bunker"},"geometry":{"type":"Polygon","coordinates":[[[-73.852804,41.126518],[-73.852921,41.126435],[-73.85294,41.126412],[-73.852875,41.126328],[-73.852843,41.12633],[-73.852832,41.126339],[-73.852829,41.12644],[-73.852763,41.126498],[-73.852763,41.126528],[-73.852785,41.126529],[-73.852804,41.126518]]]}},{"type":"Feature","properties":{"k":"bunker"},"geometry":{"type":"Polygon","coordinates":[[[-73.853173,41.126607],[-73.853117,41.126619],[-73.853076,41.126616],[-73.853063,41.126606],[-73.853067,41.126586],[-73.853055,41.126548],[-73.853097,41.126503],[-73.853096,41.126444],[-73.853127,41.126417],[-73.85316,41.126427],[-73.853193,41.126463],[-73.853189,41.126485],[-73.853123,41.126529],[-73.85311,41.126546],[-73.853127,41.126555],[-73.853168,41.126524],[-73.853193,41.126529],[-73.853209,41.126562],[-73.853194,41.126591],[-73.853173,41.126607]]]}},{"type":"Feature","properties":{"k":"green"},"geometry":{"type":"Polygon","coordinates":[[[-73.85423,41.130021],[-73.854305,41.130015],[-73.854328,41.130004],[-73.854359,41.129906],[-73.854359,41.129866],[-73.854343,41.129846],[-73.854199,41.12973],[-73.85418,41.129722],[-73.854087,41.129728],[-73.854003,41.129782],[-73.853947,41.129831],[-73.853945,41.129841],[-73.85412,41.129986],[-73.854162,41.13001],[-73.8542,41.130021],[-73.85423,41.130021]]]}},{"type":"Feature","properties":{"k":"tee"},"geometry":{"type":"Polygon","coordinates":[[[-73.854366,41.130432],[-73.854413,41.130383],[-73.854149,41.130238],[-73.854097,41.130297],[-73.854366,41.130432]]]}},{"type":"Feature","properties":{"k":"tee"},"geometry":{"type":"Polygon","coordinates":[[[-73.8536,41.130164],[-73.853632,41.130125],[-73.85355,41.130082],[-73.853515,41.130123],[-73.8536,41.130164]]]}},{"type":"Feature","properties":{"k":"green"},"geometry":{"type":"Polygon","coordinates":[[[-73.850605,41.129064],[-73.850664,41.129071],[-73.850686,41.12906],[-73.850748,41.128861],[-73.850721,41.128843],[-73.85069,41.128838],[-73.850503,41.12883],[-73.850464,41.128836],[-73.850422,41.128866],[-73.850405,41.128908],[-73.850393,41.128951],[-73.850405,41.129006],[-73.8505,41.129041],[-73.850605,41.129064]]]}},{"type":"Feature","properties":{"k":"green"},"geometry":{"type":"Polygon","coordinates":[[[-73.850822,41.12862],[-73.850894,41.128533],[-73.850888,41.128526],[-73.850568,41.12834],[-73.850521,41.128338],[-73.85047,41.128355],[-73.850438,41.128387],[-73.850429,41.128434],[-73.850433,41.128467],[-73.850461,41.128496],[-73.850793,41.128628],[-73.850811,41.128633],[-73.850822,41.12862]]]}},{"type":"Feature","properties":{"k":"tee"},"geometry":{"type":"Polygon","coordinates":[[[-73.851116,41.12969],[-73.851133,41.129643],[-73.851043,41.129621],[-73.851023,41.129666],[-73.851116,41.12969]]]}},{"type":"Feature","properties":{"k":"green"},"geometry":{"type":"Polygon","coordinates":[[[-73.854582,41.130996],[-73.854633,41.130943],[-73.854648,41.13091],[-73.854651,41.130876],[-73.854636,41.130827],[-73.854608,41.130785],[-73.854567,41.130756],[-73.854536,41.130746],[-73.854498,41.130747],[-73.854415,41.130783],[-73.85436,41.130831],[-73.854306,41.130898],[-73.854299,41.130923],[-73.854304,41.130954],[-73.854343,41.130994],[-73.854394,41.131028],[-73.854441,41.131044],[-73.854477,41.131045],[-73.854529,41.131028],[-73.854582,41.130996]]]}},{"type":"Feature","properties":{"k":"fairway"},"geometry":{"type":"Polygon","coordinates":[[[-73.849397,41.129041],[-73.849496,41.129041],[-73.849598,41.129019],[-73.849661,41.128989],[-73.849677,41.128964],[-73.849696,41.128753],[-73.849663,41.128725],[-73.849623,41.128712],[-73.849383,41.128717],[-73.84934,41.128732],[-73.849326,41.12875],[-73.849311,41.128839],[-73.84929,41.128857],[-73.849254,41.128867],[-73.849198,41.128859],[-73.849172,41.128834],[-73.849164,41.128694],[-73.849135,41.128656],[-73.849083,41.128639],[-73.848905,41.128632],[-73.848565,41.128656],[-73.848479,41.12867],[-73.848053,41.128688],[-73.847963,41.12871],[-73.847916,41.128744],[-73.847907,41.128778],[-73.847916,41.128861],[-73.847933,41.128915],[-73.847973,41.12895],[-73.848015,41.128967],[-73.848182,41.128989],[-73.848233,41.128985],[-73.848277,41.128966],[-73.848307,41.128859],[-73.848342,41.128851],[-73.84843,41.128867],[-73.848447,41.128946],[-73.848473,41.128976],[-73.848513,41.128986],[-73.848799,41.128986],[-73.849397,41.129041]]]}},{"type":"Feature","properties":{"k":"tee"},"geometry":{"type":"Polygon","coordinates":[[[-73.846082,41.128784],[-73.846159,41.12878],[-73.846161,41.128718],[-73.846078,41.12872],[-73.846082,41.128784]]]}},{"type":"Feature","properties":{"k":"green"},"geometry":{"type":"Polygon","coordinates":[[[-73.846739,41.128628],[-73.846768,41.128615],[-73.846798,41.12858],[-73.846813,41.128549],[-73.846813,41.128516],[-73.846796,41.128481],[-73.84676,41.128453],[-73.846692,41.128434],[-73.846624,41.128426],[-73.846575,41.128428],[-73.846547,41.12844],[-73.846522,41.128476],[-73.846533,41.128529],[-73.846546,41.128546],[-73.846646,41.128631],[-73.846671,41.128642],[-73.84671,41.12864],[-73.846739,41.128628]]]}},{"type":"Feature","properties":{"k":"rough"},"geometry":{"type":"Polygon","coordinates":[[[-73.84983,41.128576],[-73.849957,41.128527],[-73.850034,41.128526],[-73.850101,41.128442],[-73.850209,41.128165],[-73.850146,41.128115],[-73.850143,41.128034],[-73.850194,41.127967],[-73.850237,41.127842],[-73.850235,41.127725],[-73.84998,41.127745],[-73.849816,41.127776],[-73.849677,41.12785],[-73.84957,41.12798],[-73.849566,41.128134],[-73.849624,41.128318],[-73.849798,41.128521],[-73.84983,41.128576]]]}},{"type":"Feature","properties":{"k":"rough"},"geometry":{"type":"Polygon","coordinates":[[[-73.849327,41.128428],[-73.84954,41.128379],[-73.84956,41.128354],[-73.849515,41.128223],[-73.849493,41.128096],[-73.849457,41.128053],[-73.84936,41.128051],[-73.84917,41.128088],[-73.848985,41.128139],[-73.848859,41.128214],[-73.848768,41.128324],[-73.848825,41.12848],[-73.849012,41.128478],[-73.849205,41.128436],[-73.849327,41.128428]]]}},{"type":"Feature","properties":{"k":"rough"},"geometry":{"type":"Polygon","coordinates":[[[-73.847575,41.129019],[-73.847556,41.128941],[-73.847485,41.128907],[-73.847301,41.128901],[-73.84705,41.128875],[-73.846923,41.12882],[-73.846816,41.128786],[-73.846757,41.128797],[-73.846726,41.128859],[-73.846663,41.1289],[-73.846598,41.128909],[-73.846546,41.129007],[-73.846916,41.129035],[-73.847113,41.129061],[-73.847244,41.129023],[-73.84738,41.129005],[-73.847488,41.129022],[-73.847575,41.129019]]]}},{"type":"Feature","properties":{"k":"green"},"geometry":{"type":"Polygon","coordinates":[[[-73.85141,41.127296],[-73.851489,41.127262],[-73.851505,41.127249],[-73.851514,41.127224],[-73.851506,41.127141],[-73.851489,41.127125],[-73.851463,41.127118],[-73.85115,41.127148],[-73.851103,41.127162],[-73.851068,41.12719],[-73.851054,41.127221],[-73.851061,41.127261],[-73.851082,41.127298],[-73.851125,41.127333],[-73.851168,41.127348],[-73.851222,41.127351],[-73.851284,41.12734],[-73.85141,41.127296]]]}},{"type":"Feature","properties":{"k":"rough"},"geometry":{"type":"Polygon","coordinates":[[[-73.851833,41.127716],[-73.852231,41.12783],[-73.852374,41.127851],[-73.852397,41.127876],[-73.852395,41.128081],[-73.852437,41.128108],[-73.852486,41.128109],[-73.852498,41.12807],[-73.852489,41.127941],[-73.852514,41.127804],[-73.852531,41.127644],[-73.852503,41.127454],[-73.852469,41.127314],[-73.852497,41.127231],[-73.852438,41.12712],[-73.852406,41.127027],[-73.852466,41.126852],[-73.852557,41.126705],[-73.852559,41.126668],[-73.852502,41.126733],[-73.852248,41.127119],[-73.852167,41.127302],[-73.852155,41.127424],[-73.852205,41.127569],[-73.852169,41.127609],[-73.852068,41.12761],[-73.851915,41.127595],[-73.851689,41.127596],[-73.851552,41.127582],[-73.851201,41.127572],[-73.851177,41.127596],[-73.851183,41.127627],[-73.85124,41.127632],[-73.851373,41.127627],[-73.851599,41.127664],[-73.851719,41.127673],[-73.851833,41.127716]]]}},{"type":"Feature","properties":{"k":"rough"},"geometry":{"type":"Polygon","coordinates":[[[-73.852044,41.127548],[-73.852099,41.127578],[-73.852143,41.127571],[-73.852152,41.127545],[-73.852112,41.127448],[-73.852109,41.127326],[-73.852165,41.127153],[-73.852331,41.126922],[-73.852501,41.126666],[-73.852512,41.126579],[-73.852552,41.126469],[-73.85261,41.126401],[-73.85263,41.126348],[-73.85263,41.126309],[-73.852605,41.126294],[-73.852556,41.126316],[-73.852347,41.12652],[-73.852282,41.126594],[-73.85221,41.126715],[-73.852121,41.126797],[-73.852044,41.12693],[-73.851994,41.127123],[-73.85197,41.127275],[-73.85201,41.127452],[-73.852044,41.127548]]]}},{"type":"Feature","properties":{"k":"rough"},"geometry":{"type":"Polygon","coordinates":[[[-73.85206,41.126759],[-73.85208,41.12677],[-73.85211,41.126752],[-73.852166,41.126686],[-73.85223,41.126571],[-73.852491,41.126319],[-73.852502,41.126294],[-73.852385,41.126186],[-73.852376,41.126144],[-73.852319,41.126115],[-73.852408,41.125951],[-73.852656,41.125769],[-73.852631,41.125695],[-73.852353,41.125734],[-73.851555,41.12564],[-73.851327,41.125537],[-73.851296,41.125619],[-73.851294,41.125903],[-73.851113,41.126417],[-73.851115,41.126506],[-73.85109,41.126579],[-73.851405,41.126715],[-73.851511,41.126698],[-73.851688,41.12662],[-73.851774,41.126601],[-73.851872,41.126618],[-73.85198,41.126687],[-73.85206,41.126759]]]}},{"type":"Feature","properties":{"k":"green"},"geometry":{"type":"Polygon","coordinates":[[[-73.851079,41.123994],[-73.851148,41.12401],[-73.851188,41.124006],[-73.851204,41.123994],[-73.85123,41.123849],[-73.851222,41.123791],[-73.851208,41.123768],[-73.851176,41.123749],[-73.850976,41.123702],[-73.850925,41.123722],[-73.850892,41.123785],[-73.850918,41.123816],[-73.851005,41.123853],[-73.851028,41.123876],[-73.851037,41.123959],[-73.851054,41.12398],[-73.851079,41.123994]]]}},{"type":"Feature","properties":{"k":"rough"},"geometry":{"type":"Polygon","coordinates":[[[-73.850133,41.127673],[-73.850239,41.127658],[-73.850297,41.12762],[-73.850333,41.127533],[-73.850344,41.127457],[-73.850215,41.12746],[-73.849939,41.127536],[-73.849897,41.127562],[-73.849863,41.127641],[-73.849879,41.127683],[-73.849952,41.127694],[-73.850133,41.127673]]]}},{"type":"Feature","properties":{"k":"rough"},"geometry":{"type":"Polygon","coordinates":[[[-73.85019,41.127252],[-73.850353,41.127288],[-73.850392,41.127246],[-73.850474,41.127114],[-73.850557,41.127043],[-73.850592,41.126996],[-73.850615,41.126602],[-73.850617,41.126326],[-73.850445,41.126249],[-73.850394,41.126195],[-73.850357,41.126119],[-73.850331,41.125993],[-73.850215,41.125923],[-73.850239,41.12562],[-73.850112,41.125603],[-73.850079,41.125577],[-73.850015,41.125591],[-73.84986,41.125692],[-73.849704,41.125774],[-73.849645,41.125788],[-73.849614,41.125784],[-73.849574,41.125813],[-73.849555,41.125843],[-73.849584,41.125888],[-73.849615,41.125966],[-73.849614,41.126035],[-73.849571,41.126064],[-73.849559,41.126098],[-73.849574,41.126128],[-73.849613,41.126153],[-73.849571,41.126268],[-73.849566,41.126312],[-73.84961,41.126305],[-73.84965,41.126279],[-73.849691,41.126045],[-73.849735,41.126018],[-73.84982,41.126032],[-73.849846,41.126069],[-73.849937,41.126384],[-73.849967,41.126437],[-73.850003,41.126428],[-73.850022,41.126529],[-73.850103,41.126702],[-73.850161,41.127024],[-73.85016,41.127225],[-73.85019,41.127252]]]}},{"type":"Feature","properties":{"k":"rough"},"geometry":{"type":"Polygon","coordinates":[[[-73.849634,41.125717],[-73.849678,41.125679],[-73.849697,41.12561],[-73.849853,41.125583],[-73.849964,41.125543],[-73.850004,41.125547],[-73.849896,41.125634],[-73.849738,41.125693],[-73.84967,41.125714],[-73.849634,41.125717]]]}},{"type":"Feature","properties":{"k":"rough"},"geometry":{"type":"Polygon","coordinates":[[[-73.850128,41.125478],[-73.850275,41.125464],[-73.850321,41.12536],[-73.8504,41.125244],[-73.850533,41.124877],[-73.850531,41.124641],[-73.850558,41.124457],[-73.850626,41.124236],[-73.850687,41.124128],[-73.850725,41.123885],[-73.850849,41.123575],[-73.850902,41.123529],[-73.851003,41.123525],[-73.851087,41.123537],[-73.851133,41.123527],[-73.851172,41.12349],[-73.851181,41.123437],[-73.85113,41.123394],[-73.850915,41.123351],[-73.850822,41.123317],[-73.850738,41.123254],[-73.850645,41.123129],[-73.850578,41.123017],[-73.850527,41.123053],[-73.850462,41.123132],[-73.850387,41.123248],[-73.850271,41.123367],[-73.850232,41.123359],[-73.850219,41.123321],[-73.850235,41.123281],[-73.850181,41.123251],[-73.850066,41.123442],[-73.849989,41.123481],[-73.84994,41.12354],[-73.84993,41.123606],[-73.849956,41.123765],[-73.849987,41.123882],[-73.850215,41.124134],[-73.850221,41.124275],[-73.850167,41.124472],[-73.850082,41.124652],[-73.850012,41.124853],[-73.84988,41.125093],[-73.849857,41.125211],[-73.849906,41.125357],[-73.849901,41.125434],[-73.849977,41.125504],[-73.850128,41.125478]]]}},{"type":"Feature","properties":{"k":"rough"},"geometry":{"type":"Polygon","coordinates":[[[-73.849666,41.125413],[-73.849746,41.125475],[-73.849814,41.125407],[-73.849804,41.125123],[-73.84991,41.124886],[-73.84988,41.124855],[-73.849819,41.12489],[-73.849686,41.125063],[-73.849607,41.125234],[-73.849585,41.125347],[-73.849627,41.125402],[-73.849666,41.125413]]]}},{"type":"Feature","properties":{"k":"rough"},"geometry":{"type":"Polygon","coordinates":[[[-73.849542,41.124322],[-73.849603,41.124355],[-73.849683,41.124219],[-73.84976,41.124134],[-73.849822,41.12397],[-73.849824,41.123867],[-73.849765,41.123899],[-73.849696,41.124069],[-73.849606,41.124149],[-73.849502,41.124226],[-73.849482,41.12429],[-73.849542,41.124322]]]}},{"type":"Feature","properties":{"k":"rough"},"geometry":{"type":"Polygon","coordinates":[[[-73.849823,41.123384],[-73.849872,41.123482],[-73.849984,41.123433],[-73.850062,41.123341],[-73.85015,41.12314],[-73.850227,41.123034],[-73.850317,41.122845],[-73.850303,41.122808],[-73.850114,41.122854],[-73.849981,41.122928],[-73.849882,41.123045],[-73.84979,41.123317],[-73.849823,41.123384]]]}},{"type":"Feature","properties":{"k":"rough"},"geometry":{"type":"Polygon","coordinates":[[[-73.85,41.122771],[-73.850023,41.122797],[-73.850287,41.122713],[-73.850308,41.122557],[-73.850194,41.122438],[-73.850042,41.122333],[-73.849997,41.12229],[-73.84998,41.122243],[-73.850057,41.122128],[-73.850094,41.121987],[-73.850018,41.121816],[-73.850037,41.121697],[-73.850083,41.121622],[-73.850149,41.121565],[-73.850128,41.121535],[-73.85003,41.121572],[-73.849827,41.121775],[-73.849806,41.121829],[-73.849913,41.122113],[-73.85,41.122553],[-73.85,41.122771]]]}},{"type":"Feature","properties":{"k":"fairway"},"geometry":{"type":"Polygon","coordinates":[[[-73.850881,41.123096],[-73.850973,41.123125],[-73.851047,41.123109],[-73.851115,41.123068],[-73.85114,41.123011],[-73.851123,41.122919],[-73.850948,41.1227],[-73.85093,41.122652],[-73.850912,41.122587],[-73.850872,41.122204],[-73.850843,41.122154],[-73.850797,41.12212],[-73.850683,41.122079],[-73.850641,41.12204],[-73.85065,41.12201],[-73.850683,41.121988],[-73.850764,41.121985],[-73.850792,41.121968],[-73.850796,41.121878],[-73.850749,41.121736],[-73.850735,41.121627],[-73.850739,41.121548],[-73.850704,41.121501],[-73.850649,41.121477],[-73.850492,41.121462],[-73.850442,41.121497],[-73.85041,41.121547],[-73.8504,41.121601],[-73.850391,41.121727],[-73.8504,41.121899],[-73.850384,41.12214],[-73.850405,41.122385],[-73.850413,41.122418],[-73.850442,41.122437],[-73.850549,41.122461],[-73.850587,41.122507],[-73.850557,41.122647],[-73.850558,41.122676],[-73.850702,41.122866],[-73.850792,41.123004],[-73.850843,41.123066],[-73.850881,41.123096]]]}},{"type":"Feature","properties":{"k":"green"},"geometry":{"type":"Polygon","coordinates":[[[-73.850537,41.121306],[-73.850669,41.121305],[-73.850688,41.121294],[-73.850697,41.121277],[-73.850713,41.121065],[-73.850541,41.121052],[-73.850517,41.121057],[-73.850503,41.121069],[-73.850491,41.121134],[-73.850499,41.121282],[-73.850518,41.121304],[-73.850537,41.121306]]]}},{"type":"Feature","properties":{"k":"fairway"},"geometry":{"type":"Polygon","coordinates":[[[-73.849682,41.120835],[-73.849711,41.120848],[-73.849737,41.120845],[-73.849744,41.120826],[-73.84974,41.120731],[-73.849695,41.120742],[-73.84964,41.120798],[-73.849636,41.120814],[-73.849682,41.120835]]]}},{"type":"Feature","properties":{"k":"green"},"geometry":{"type":"Polygon","coordinates":[[[-73.848898,41.12081],[-73.849026,41.120841],[-73.849054,41.120835],[-73.84907,41.120779],[-73.849071,41.120734],[-73.849061,41.120691],[-73.849034,41.120651],[-73.848988,41.120616],[-73.84887,41.120562],[-73.848821,41.120555],[-73.848792,41.120581],[-73.848793,41.120619],[-73.848831,41.120774],[-73.848843,41.120791],[-73.848898,41.12081]]]}},{"type":"Feature","properties":{"k":"green"},"geometry":{"type":"Polygon","coordinates":[[[-73.849315,41.124052],[-73.849379,41.124038],[-73.849425,41.124019],[-73.84948,41.123962],[-73.84951,41.123878],[-73.84951,41.123854],[-73.849494,41.123836],[-73.849398,41.123814],[-73.84933,41.123807],[-73.849316,41.123816],[-73.849265,41.123928],[-73.849248,41.123943],[-73.849186,41.123962],[-73.849168,41.124038],[-73.849184,41.124056],[-73.849207,41.124063],[-73.849264,41.124063],[-73.849315,41.124052]]]}},{"type":"Feature","properties":{"k":"rough"},"geometry":{"type":"Polygon","coordinates":[[[-73.849057,41.121246],[-73.849086,41.121286],[-73.849121,41.121299],[-73.849092,41.121195],[-73.849066,41.121017],[-73.849043,41.120967],[-73.849018,41.120968],[-73.848977,41.121007],[-73.849057,41.121246]]]}},{"type":"Feature","properties":{"k":"fairway"},"geometry":{"type":"Polygon","coordinates":[[[-73.849301,41.126739],[-73.849332,41.126751],[-73.849382,41.126749],[-73.849457,41.126717],[-73.849492,41.126688],[-73.849518,41.126653],[-73.849513,41.126562],[-73.849485,41.126514],[-73.849443,41.12648],[-73.849433,41.126452],[-73.849481,41.126337],[-73.849493,41.126267],[-73.849501,41.126182],[-73.849485,41.126098],[-73.849508,41.126035],[-73.849514,41.125985],[-73.849481,41.125892],[-73.849466,41.125819],[-73.849454,41.125687],[-73.849459,41.125586],[-73.849475,41.125477],[-73.849549,41.125219],[-73.84963,41.125056],[-73.849724,41.124896],[-73.849808,41.124653],[-73.8498,41.124583],[-73.849769,41.124536],[-73.849709,41.124523],[-73.849662,41.124529],[-73.849598,41.124551],[-73.849458,41.124686],[-73.849196,41.124975],[-73.849089,41.125122],[-73.849041,41.125228],[-73.849008,41.125347],[-73.849012,41.125498],[-73.849041,41.125635],[-73.849131,41.125863],[-73.849192,41.125931],[-73.849201,41.126004],[-73.849197,41.126107],[-73.849138,41.126336],[-73.84914,41.126408],[-73.849208,41.126641],[-73.849265,41.126719],[-73.849301,41.126739]]]}},{"type":"Feature","properties":{"k":"bunker"},"geometry":{"type":"Polygon","coordinates":[[[-73.849667,41.127265],[-73.849646,41.127261],[-73.849615,41.127217],[-73.84957,41.127184],[-73.849561,41.127163],[-73.849567,41.127157],[-73.849586,41.127153],[-73.84966,41.127203],[-73.849686,41.127246],[-73.849667,41.127265]]]}},{"type":"Feature","properties":{"k":"green"},"geometry":{"type":"Polygon","coordinates":[[[-73.849796,41.127316],[-73.849872,41.127298],[-73.84988,41.127288],[-73.849828,41.127057],[-73.849815,41.127037],[-73.849803,41.127031],[-73.849659,41.127031],[-73.849596,41.127036],[-73.849567,41.127047],[-73.849558,41.127075],[-73.849581,41.127121],[-73.849662,41.127166],[-73.8497,41.127199],[-73.849754,41.127311],[-73.849773,41.127321],[-73.849796,41.127316]]]}},{"type":"Feature","properties":{"k":"fairway"},"geometry":{"type":"Polygon","coordinates":[[[-73.859595,41.131978],[-73.859434,41.132003],[-73.859269,41.131993],[-73.859193,41.131982],[-73.859079,41.131948],[-73.858988,41.131914],[-73.858941,41.131857],[-73.858943,41.131819],[-73.858966,41.131756],[-73.859009,41.131727],[-73.859103,41.131713],[-73.859217,41.131718],[-73.859364,41.131739],[-73.859591,41.131793],[-73.859627,41.131794],[-73.859595,41.131978]]]}}]}