{"type":"FeatureCollection","features":[{"type":"Feature","properties":{"k":"hole","ref":"1","par":4},"geometry":{"type":"LineString","coordinates":[[-81.305861,43.035048],[-81.307755,43.033963],[-81.309248,43.03336]]}},{"type":"Feature","properties":{"k":"hole","ref":"2","par":4},"geometry":{"type":"LineString","coordinates":[[-81.309609,43.032537],[-81.307045,43.033565],[-81.305564,43.033714]]}},{"type":"Feature","properties":{"k":"hole","ref":"3","par":3},"geometry":{"type":"LineString","coordinates":[[-81.305519,43.034282],[-81.303647,43.03515]]}},{"type":"Feature","properties":{"k":"hole","ref":"4","par":5},"geometry":{"type":"LineString","coordinates":[[-81.304293,43.035365],[-81.301575,43.037055],[-81.300113,43.03772]]}},{"type":"Feature","properties":{"k":"hole","ref":"5","par":3},"geometry":{"type":"LineString","coordinates":[[-81.300071,43.038036],[-81.300442,43.039245]]}},{"type":"Feature","properties":{"k":"hole","ref":"6","par":4},"geometry":{"type":"LineString","coordinates":[[-81.299907,43.040002],[-81.302918,43.038436],[-81.303602,43.037884]]}},{"type":"Feature","properties":{"k":"hole","ref":"7","par":5},"geometry":{"type":"LineString","coordinates":[[-81.304811,43.038079],[-81.30788,43.038528],[-81.309765,43.03831]]}},{"type":"Feature","properties":{"k":"hole","ref":"8","par":5},"geometry":{"type":"LineString","coordinates":[[-81.310708,43.038126],[-81.30653,43.037432],[-81.305033,43.037704]]}},{"type":"Feature","properties":{"k":"hole","ref":"9","par":3},"geometry":{"type":"LineString","coordinates":[[-81.304105,43.037749],[-81.305277,43.036237]]}},{"type":"Feature","properties":{"k":"hole","ref":"10","par":5},"geometry":{"type":"LineString","coordinates":[[-81.306382,43.036997],[-81.310606,43.037347],[-81.312045,43.037804]]}},{"type":"Feature","properties":{"k":"hole","ref":"11","par":3},"geometry":{"type":"LineString","coordinates":[[-81.310303,43.03225],[-81.312162,43.031928]]}},{"type":"Feature","properties":{"k":"hole","ref":"11","par":4},"geometry":{"type":"LineString","coordinates":[[-81.312239,43.037388],[-81.315068,43.036456],[-81.315884,43.03576]]}},{"type":"Feature","properties":{"k":"hole","ref":"12","par":3},"geometry":{"type":"LineString","coordinates":[[-81.316129,43.035436],[-81.31692,43.036733]]}},{"type":"Feature","properties":{"k":"hole","ref":"13","par":4},"geometry":{"type":"LineString","coordinates":[[-81.317456,43.036847],[-81.313733,43.037618],[-81.312567,43.03797]]}},{"type":"Feature","properties":{"k":"hole","ref":"14","par":4},"geometry":{"type":"LineString","coordinates":[[-81.312455,43.038287],[-81.309438,43.038858],[-81.308383,43.039274]]}},{"type":"Feature","properties":{"k":"hole","ref":"15","par":5},"geometry":{"type":"LineString","coordinates":[[-81.308011,43.039282],[-81.305099,43.040181],[-81.303682,43.04037]]}},{"type":"Feature","properties":{"k":"hole","ref":"16","par":3},"geometry":{"type":"LineString","coordinates":[[-81.303562,43.039624],[-81.304352,43.038024]]}},{"type":"Feature","properties":{"k":"hole","ref":"17","par":4},"geometry":{"type":"LineString","coordinates":[[-81.304398,43.036549],[-81.302038,43.038043],[-81.300783,43.038761]]}},{"type":"Feature","properties":{"k":"hole","ref":"18","par":5},"geometry":{"type":"LineString","coordinates":[[-81.300447,43.038517],[-81.303665,43.036417],[-81.304936,43.035967]]}},{"type":"Feature","properties":{"k":"wood"},"geometry":{"type":"Polygon","coordinates":[[[-81.303238,43.034408],[-81.303315,43.034552],[-81.303307,43.034676],[-81.303212,43.035048],[-81.303376,43.035529],[-81.303196,43.035659],[-81.30305,43.035826],[-81.301207,43.036411],[-81.300857,43.036647],[-81.300361,43.037034],[-81.29992,43.037533],[-81.29979,43.037761],[-81.299911,43.038116],[-81.299933,43.038317],[-81.30001,43.038634],[-81.300017,43.038814],[-81.300188,43.039303],[-81.300296,43.03942],[-81.300434,43.03955],[-81.300254,43.0397],[-81.300026,43.039686],[-81.299943,43.039637],[-81.299879,43.039277],[-81.299856,43.039035],[-81.299694,43.03858],[-81.29967,43.037476],[-81.299827,43.037116],[-81.299938,43.03699],[-81.300307,43.036735],[-81.300951,43.036462],[-81.300919,43.036322],[-81.300972,43.036268],[-81.301185,43.036168],[-81.301456,43.03614],[-81.302376,43.035944],[-81.302864,43.035675],[-81.302455,43.035153],[-81.302459,43.03481],[-81.302356,43.034661],[-81.302585,43.034509],[-81.302776,43.034441],[-81.303053,43.034414],[-81.303238,43.034408]]]}},{"type":"Feature","properties":{"k":"water"},"geometry":{"type":"Polygon","coordinates":[[[-81.312202,43.032967],[-81.3122,43.033028],[-81.312144,43.033026],[-81.311992,43.032953],[-81.311692,43.032915],[-81.311633,43.032863],[-81.311626,43.032803],[-81.311674,43.032734],[-81.311739,43.032705],[-81.311796,43.032727],[-81.31187,43.032807],[-81.312202,43.032967]]]}},{"type":"Feature","properties":{"k":"water"},"geometry":{"type":"Polygon","coordinates":[[[-81.304946,43.036137],[-81.30491,43.036183],[-81.304748,43.036252],[-81.30467,43.036255],[-81.304546,43.036225],[-81.30448,43.036234],[-81.30437,43.036288],[-81.304323,43.036301],[-81.304293,43.036287],[-81.304255,43.036247],[-81.304274,43.036199],[-81.304347,43.036101],[-81.304435,43.036069],[-81.304646,43.036067],[-81.304745,43.036079],[-81.304871,43.036079],[-81.304918,43.036096],[-81.304946,43.036137]]]}},{"type":"Feature","properties":{"k":"water"},"geometry":{"type":"Polygon","coordinates":[[[-81.31674,43.036418],[-81.316733,43.036573],[-81.316697,43.03671],[-81.316589,43.036883],[-81.316461,43.036995],[-81.316378,43.037044],[-81.316179,43.03705],[-81.315953,43.037025],[-81.315695,43.036906],[-81.315495,43.036797],[-81.315386,43.036649],[-81.315399,43.036505],[-81.315616,43.0363],[-81.315831,43.036176],[-81.316091,43.036102],[-81.316309,43.036102],[-81.316472,43.036123],[-81.316587,43.036207],[-81.316697,43.036307],[-81.31674,43.036418]]]}},{"type":"Feature","properties":{"k":"water"},"geometry":{"type":"Polygon","coordinates":[[[-81.31597,43.033078],[-81.315712,43.033162],[-81.315697,43.033213],[-81.315648,43.033214],[-81.315489,43.033171],[-81.31547,43.033114],[-81.315454,43.033004],[-81.315492,43.032956],[-81.315675,43.032959],[-81.315859,43.032997],[-81.31597,43.033078]]]}},{"type":"Feature","properties":{"k":"wood"},"geometry":{"type":"Polygon","coordinates":[[[-81.302115,43.03916],[-81.302656,43.038987],[-81.302966,43.038848],[-81.303289,43.038667],[-81.303605,43.038562],[-81.303728,43.038784],[-81.303695,43.039013],[-81.303581,43.039312],[-81.303489,43.039378],[-81.3033,43.039665],[-81.303149,43.039596],[-81.302898,43.039409],[-81.30253,43.039406],[-81.302171,43.039354],[-81.301978,43.039296],[-81.302115,43.03916]]]}},{"type":"Feature","properties":{"k":"wood"},"geometry":{"type":"Polygon","coordinates":[[[-81.304437,43.040681],[-81.302706,43.041126],[-81.302939,43.040907],[-81.302946,43.040639],[-81.302762,43.040188],[-81.301556,43.039393],[-81.301785,43.039322],[-81.301997,43.039424],[-81.302331,43.039544],[-81.302683,43.039602],[-81.303409,43.039865],[-81.303875,43.039899],[-81.303603,43.040098],[-81.30349,43.040208],[-81.303444,43.040312],[-81.303457,43.040406],[-81.303542,43.040494],[-81.303787,43.040603],[-81.304095,43.04068],[-81.304437,43.040681]]]}},{"type":"Feature","properties":{"k":"wood"},"geometry":{"type":"Polygon","coordinates":[[[-81.304473,43.037691],[-81.304202,43.037595],[-81.304706,43.037235],[-81.305314,43.036633],[-81.305394,43.036502],[-81.305513,43.036347],[-81.305514,43.036159],[-81.305347,43.036015],[-81.305051,43.035873],[-81.304559,43.035678],[-81.304541,43.035576],[-81.304539,43.03554],[-81.304664,43.035327],[-81.304656,43.034985],[-81.304951,43.034611],[-81.304998,43.034412],[-81.304998,43.034287],[-81.304904,43.034029],[-81.304888,43.033919],[-81.305258,43.033727],[-81.305288,43.033849],[-81.305485,43.033925],[-81.305805,43.033981],[-81.305529,43.03414],[-81.305217,43.034275],[-81.30508,43.034394],[-81.305151,43.034614],[-81.305323,43.034715],[-81.30518,43.034827],[-81.305095,43.034948],[-81.304998,43.035148],[-81.305014,43.035464],[-81.305052,43.035542],[-81.305264,43.035692],[-81.305496,43.035774],[-81.305774,43.035989],[-81.30592,43.036156],[-81.305953,43.036251],[-81.305894,43.036448],[-81.305615,43.036852],[-81.304473,43.037691]]]}},{"type":"Feature","properties":{"k":"wood"},"geometry":{"type":"Polygon","coordinates":[[[-81.303997,43.039865],[-81.304364,43.039859],[-81.305499,43.039578],[-81.305247,43.039851],[-81.304929,43.040015],[-81.304608,43.040026],[-81.303997,43.039865]]]}},{"type":"Feature","properties":{"k":"wood"},"geometry":{"type":"Polygon","coordinates":[[[-81.30338,43.034404],[-81.303563,43.034211],[-81.303817,43.034197],[-81.30403,43.034547],[-81.30412,43.034676],[-81.303696,43.034756],[-81.303488,43.034713],[-81.30338,43.034404]]]}},{"type":"Feature","properties":{"k":"path"},"geometry":{"type":"LineString","coordinates":[[-81.305585,43.037041],[-81.305716,43.036801],[-81.305936,43.036454],[-81.305971,43.036237],[-81.305924,43.036089],[-81.305837,43.035929],[-81.305755,43.035817],[-81.305734,43.035767],[-81.305727,43.035716]]}},{"type":"Feature","properties":{"k":"green"},"geometry":{"type":"Polygon","coordinates":[[[-81.306214,43.035345],[-81.306065,43.035428],[-81.306018,43.035445],[-81.305985,43.035445],[-81.305941,43.035426],[-81.305921,43.035392],[-81.305946,43.035317],[-81.30591,43.035247],[-81.305905,43.035213],[-81.305927,43.035174],[-81.305988,43.035136],[-81.306061,43.035112],[-81.306122,43.035109],[-81.306184,43.035123],[-81.30623,43.035163],[-81.306267,43.035221],[-81.30627,43.03528],[-81.306252,43.035316],[-81.306214,43.035345]]]}},{"type":"Feature","properties":{"k":"path"},"geometry":{"type":"LineString","coordinates":[[-81.305633,43.034926],[-81.30559,43.035088],[-81.305608,43.035155],[-81.30568,43.035232],[-81.305766,43.035276],[-81.305803,43.03532],[-81.305875,43.03545],[-81.30593,43.035492],[-81.306032,43.035549],[-81.306071,43.0356],[-81.30613,43.03561],[-81.30622,43.035604],[-81.306355,43.035559],[-81.3064,43.035507],[-81.306584,43.035393],[-81.306632,43.035344],[-81.306769,43.035277],[-81.306815,43.035232],[-81.306825,43.035207],[-81.306816,43.035177]]}},{"type":"Feature","properties":{"k":"path"},"geometry":{"type":"LineString","coordinates":[[-81.305766,43.035276],[-81.305873,43.03515],[-81.306055,43.035038],[-81.306114,43.034995],[-81.306199,43.034913],[-81.306333,43.034828]]}},{"type":"Feature","properties":{"k":"path"},"geometry":{"type":"LineString","coordinates":[[-81.306355,43.035559],[-81.306408,43.035623],[-81.306438,43.035625],[-81.306491,43.035611],[-81.306586,43.035522],[-81.306687,43.035485],[-81.306961,43.035402]]}},{"type":"Feature","properties":{"k":"fairway"},"geometry":{"type":"Polygon","coordinates":[[[-81.307466,43.035962],[-81.307246,43.036005],[-81.3072,43.035995],[-81.307129,43.035951],[-81.30697,43.035485],[-81.306977,43.035457],[-81.307012,43.035429],[-81.307239,43.035381],[-81.30728,43.035381],[-81.307319,43.035397],[-81.307481,43.035936],[-81.307466,43.035962]]]}},{"type":"Feature","properties":{"k":"green"},"geometry":{"type":"Polygon","coordinates":[[[-81.308269,43.035903],[-81.308239,43.035845],[-81.30814,43.035811],[-81.308041,43.03582],[-81.307998,43.03586],[-81.308044,43.035935],[-81.308113,43.03597],[-81.308207,43.035967],[-81.308258,43.035936],[-81.308269,43.035903]]]}},{"type":"Feature","properties":{"k":"green"},"geometry":{"type":"Polygon","coordinates":[[[-81.308573,43.035767],[-81.30854,43.035798],[-81.308549,43.035837],[-81.308595,43.035867],[-81.308644,43.035885],[-81.308704,43.035881],[-81.308747,43.035855],[-81.308777,43.035802],[-81.308756,43.035759],[-81.308692,43.035746],[-81.308573,43.035767]]]}},{"type":"Feature","properties":{"k":"bunker"},"geometry":{"type":"Polygon","coordinates":[[[-81.308648,43.035717],[-81.308635,43.035727],[-81.308602,43.03572],[-81.308589,43.035709],[-81.308596,43.035673],[-81.308641,43.035662],[-81.308694,43.035673],[-81.308729,43.035691],[-81.308719,43.035715],[-81.308664,43.035711],[-81.308648,43.035717]]]}},{"type":"Feature","properties":{"k":"bunker"},"geometry":{"type":"Polygon","coordinates":[[[-81.308149,43.035718],[-81.308098,43.035733],[-81.308076,43.03577],[-81.30811,43.035785],[-81.30817,43.035771],[-81.308193,43.035741],[-81.308149,43.035718]]]}},{"type":"Feature","properties":{"k":"bunker"},"geometry":{"type":"Polygon","coordinates":[[[-81.30788,43.035437],[-81.307876,43.035404],[-81.307842,43.035395],[-81.307807,43.035408],[-81.307796,43.035385],[-81.307763,43.035367],[-81.307708,43.035375],[-81.307704,43.035411],[-81.307804,43.035471],[-81.307855,43.035465],[-81.30788,43.035437]]]}},{"type":"Feature","properties":{"k":"bunker"},"geometry":{"type":"Polygon","coordinates":[[[-81.308441,43.035323],[-81.308442,43.035296],[-81.308402,43.035279],[-81.308366,43.035286],[-81.30834,43.03527],[-81.308292,43.035289],[-81.308317,43.035335],[-81.308418,43.035341],[-81.308441,43.035323]]]}},{"type":"Feature","properties":{"k":"green"},"geometry":{"type":"Polygon","coordinates":[[[-81.307917,43.035286],[-81.307807,43.035229],[-81.307683,43.035222],[-81.307637,43.035251],[-81.307634,43.035308],[-81.307724,43.035342],[-81.307897,43.035359],[-81.307929,43.03532],[-81.307917,43.035286]]]}},{"type":"Feature","properties":{"k":"green"},"geometry":{"type":"Polygon","coordinates":[[[-81.308538,43.035244],[-81.308513,43.035152],[-81.308426,43.035114],[-81.308352,43.035108],[-81.308285,43.035128],[-81.308246,43.035177],[-81.308258,43.035222],[-81.308301,43.035238],[-81.308449,43.035267],[-81.308508,43.035267],[-81.308538,43.035244]]]}},{"type":"Feature","properties":{"k":"fairway"},"geometry":{"type":"Polygon","coordinates":[[[-81.308904,43.035755],[-81.308809,43.035622],[-81.308646,43.035614],[-81.308526,43.035666],[-81.308387,43.035711],[-81.308235,43.035698],[-81.308083,43.035694],[-81.307816,43.035771],[-81.307766,43.03576],[-81.30769,43.035598],[-81.307703,43.03556],[-81.307757,43.03553],[-81.308094,43.035425],[-81.308395,43.035392],[-81.308587,43.035282],[-81.308715,43.035138],[-81.308773,43.035085],[-81.308989,43.034984],[-81.309141,43.034944],[-81.309364,43.034984],[-81.309534,43.035054],[-81.309623,43.035145],[-81.309693,43.035305],[-81.309747,43.035504],[-81.309807,43.035854],[-81.309759,43.035962],[-81.309673,43.03601],[-81.309564,43.036053],[-81.309422,43.036067],[-81.309203,43.036015],[-81.309003,43.035907],[-81.308936,43.035819],[-81.308904,43.035755]]]}},{"type":"Feature","properties":{"k":"bunker"},"geometry":{"type":"Polygon","coordinates":[[[-81.309169,43.035455],[-81.30908,43.035446],[-81.309038,43.035469],[-81.30907,43.035494],[-81.309121,43.035514],[-81.309164,43.03552],[-81.309189,43.035501],[-81.30919,43.035463],[-81.309169,43.035455]]]}},{"type":"Feature","properties":{"k":"green"},"geometry":{"type":"Polygon","coordinates":[[[-81.309258,43.035373],[-81.309278,43.035324],[-81.309246,43.03526],[-81.30916,43.035246],[-81.309054,43.035289],[-81.309011,43.035344],[-81.309031,43.035394],[-81.309126,43.035412],[-81.309207,43.035408],[-81.309258,43.035373]]]}},{"type":"Feature","properties":{"k":"green"},"geometry":{"type":"Polygon","coordinates":[[[-81.306328,43.035497],[-81.306262,43.035416],[-81.306091,43.035501],[-81.306161,43.035574],[-81.306328,43.035497]]]}},{"type":"Feature","properties":{"k":"green"},"geometry":{"type":"Polygon","coordinates":[[[-81.306382,43.035453],[-81.30651,43.035385],[-81.306446,43.03532],[-81.306315,43.035389],[-81.306382,43.035453]]]}},{"type":"Feature","properties":{"k":"green"},"geometry":{"type":"Polygon","coordinates":[[[-81.306639,43.035284],[-81.306745,43.035233],[-81.306702,43.03518],[-81.306593,43.035238],[-81.306639,43.035284]]]}},{"type":"Feature","properties":{"k":"fairway"},"geometry":{"type":"Polygon","coordinates":[[[-81.307615,43.034943],[-81.307462,43.035009],[-81.307243,43.035086],[-81.307174,43.035102],[-81.307137,43.035101],[-81.307089,43.035086],[-81.307064,43.035061],[-81.307043,43.035019],[-81.307044,43.034996],[-81.307067,43.034973],[-81.307311,43.034859],[-81.308008,43.034474],[-81.308696,43.034128],[-81.308916,43.03404],[-81.309017,43.034011],[-81.309143,43.034002],[-81.309211,43.033961],[-81.309334,43.034044],[-81.309118,43.034154],[-81.308884,43.034261],[-81.308633,43.034412],[-81.308228,43.034638],[-81.307615,43.034943]]]}},{"type":"Feature","properties":{"k":"path"},"geometry":{"type":"LineString","coordinates":[[-81.309049,43.034306],[-81.309296,43.034194],[-81.309445,43.034107],[-81.309692,43.034029],[-81.309916,43.034],[-81.31001,43.033966],[-81.310028,43.033934],[-81.310037,43.033899],[-81.310005,43.033805],[-81.309834,43.033526],[-81.30984,43.033475],[-81.309895,43.033348],[-81.309878,43.033294],[-81.309715,43.032964],[-81.309711,43.032932],[-81.309716,43.032903],[-81.30974,43.032869],[-81.309908,43.032784],[-81.309939,43.032739],[-81.309938,43.032689],[-81.309775,43.032415],[-81.309803,43.03237],[-81.309854,43.032327],[-81.310438,43.032142],[-81.310792,43.032105],[-81.311359,43.032138],[-81.311532,43.03213],[-81.311624,43.032142],[-81.311855,43.032294]]}},{"type":"Feature","properties":{"k":"path"},"geometry":{"type":"LineString","coordinates":[[-81.312997,43.032356],[-81.31291,43.03234],[-81.312852,43.032317],[-81.312782,43.032267],[-81.312371,43.032152]]}},{"type":"Feature","properties":{"k":"path"},"geometry":{"type":"LineString","coordinates":[[-81.312611,43.031955],[-81.312603,43.031924],[-81.312611,43.031873],[-81.312659,43.03182],[-81.312707,43.031792],[-81.312786,43.031772],[-81.312992,43.031755],[-81.313184,43.03168],[-81.313299,43.031663],[-81.313354,43.03164],[-81.313412,43.031593],[-81.313455,43.031528],[-81.313545,43.031326],[-81.313593,43.031281],[-81.313656,43.031262],[-81.313808,43.031244],[-81.313859,43.03123],[-81.31408,43.031107],[-81.314275,43.031034],[-81.314335,43.031004],[-81.314353,43.030969]]}},{"type":"Feature","properties":{"k":"path"},"geometry":{"type":"LineString","coordinates":[[-81.314341,43.030992],[-81.314421,43.031034],[-81.314526,43.031114],[-81.314556,43.031168],[-81.314556,43.031254],[-81.314569,43.031345],[-81.314612,43.031441],[-81.31463,43.031514],[-81.314623,43.031587],[-81.314604,43.031647],[-81.314605,43.031692]]}},{"type":"Feature","properties":{"k":"green"},"geometry":{"type":"Polygon","coordinates":[[[-81.309236,43.034027],[-81.309281,43.034038],[-81.309308,43.034038],[-81.309338,43.034027],[-81.309397,43.033989],[-81.309419,43.033962],[-81.309425,43.033927],[-81.309399,43.033885],[-81.30936,43.033854],[-81.309325,43.033847],[-81.309289,43.03385],[-81.309244,43.033866],[-81.309218,43.033891],[-81.309207,43.033919],[-81.309206,43.033981],[-81.309213,43.034005],[-81.309236,43.034027]]]}},{"type":"Feature","properties":{"k":"bunker"},"geometry":{"type":"Polygon","coordinates":[[[-81.309388,43.034034],[-81.309339,43.034052],[-81.309332,43.034069],[-81.309346,43.034084],[-81.309404,43.034082],[-81.309441,43.034064],[-81.309456,43.034044],[-81.309452,43.034004],[-81.309433,43.034001],[-81.309388,43.034034]]]}},{"type":"Feature","properties":{"k":"bunker"},"geometry":{"type":"Polygon","coordinates":[[[-81.309168,43.033957],[-81.309161,43.033974],[-81.309123,43.033982],[-81.30908,43.033954],[-81.309079,43.033917],[-81.309111,43.033872],[-81.309132,43.033867],[-81.309174,43.033879],[-81.309174,43.033893],[-81.30914,43.033928],[-81.309163,43.033943],[-81.309168,43.033957]]]}},{"type":"Feature","properties":{"k":"bunker"},"geometry":{"type":"Polygon","coordinates":[[[-81.309265,43.0338],[-81.309237,43.033808],[-81.309248,43.033828],[-81.309233,43.033841],[-81.309205,43.033843],[-81.309173,43.033826],[-81.309172,43.03381],[-81.309207,43.033776],[-81.309241,43.033759],[-81.309316,43.033754],[-81.309336,43.033768],[-81.309337,43.033789],[-81.30932,43.033802],[-81.309273,43.033805],[-81.309265,43.0338]]]}},{"type":"Feature","properties":{"k":"green"},"geometry":{"type":"Polygon","coordinates":[[[-81.309955,43.033868],[-81.309936,43.033835],[-81.309898,43.033808],[-81.309856,43.033798],[-81.309817,43.033802],[-81.309811,43.033873],[-81.30983,43.033909],[-81.3099,43.033916],[-81.309948,43.033893],[-81.309955,43.033868]]]}},{"type":"Feature","properties":{"k":"green"},"geometry":{"type":"Polygon","coordinates":[[[-81.310225,43.034171],[-81.310048,43.034009],[-81.31011,43.033969],[-81.310312,43.034118],[-81.310225,43.034171]]]}},{"type":"Feature","properties":{"k":"green"},"geometry":{"type":"Polygon","coordinates":[[[-81.310071,43.034239],[-81.30998,43.034058],[-81.309873,43.034089],[-81.309956,43.03427],[-81.310071,43.034239]]]}},{"type":"Feature","properties":{"k":"path"},"geometry":{"type":"LineString","coordinates":[[-81.310453,43.034199],[-81.310381,43.034191],[-81.31022,43.034225],[-81.310183,43.034212],[-81.309966,43.033983]]}},{"type":"Feature","properties":{"k":"path"},"geometry":{"type":"LineString","coordinates":[[-81.310003,43.03446],[-81.310007,43.034431],[-81.309905,43.034298],[-81.309835,43.034127],[-81.309829,43.034084],[-81.309839,43.034053],[-81.30988,43.034005]]}},{"type":"Feature","properties":{"k":"green"},"geometry":{"type":"Polygon","coordinates":[[[-81.311064,43.034495],[-81.310999,43.034406],[-81.310905,43.034441],[-81.31097,43.034533],[-81.311064,43.034495]]]}},{"type":"Feature","properties":{"k":"fairway"},"geometry":{"type":"Polygon","coordinates":[[[-81.311716,43.035083],[-81.311664,43.035024],[-81.311512,43.034897],[-81.311227,43.03469],[-81.311121,43.034645],[-81.311051,43.034636],[-81.310999,43.034647],[-81.310942,43.034677],[-81.310928,43.034706],[-81.310932,43.034741],[-81.310961,43.034781],[-81.311034,43.034855],[-81.311213,43.034983],[-81.311347,43.035092],[-81.311449,43.035209],[-81.311602,43.035495],[-81.31185,43.035919],[-81.31201,43.036293],[-81.312169,43.036608],[-81.312292,43.036699],[-81.31241,43.03665],[-81.312415,43.036592],[-81.312379,43.036451],[-81.312293,43.036203],[-81.312161,43.035909],[-81.311885,43.035372],[-81.311716,43.035083]]]}},{"type":"Feature","properties":{"k":"green"},"geometry":{"type":"Polygon","coordinates":[[[-81.312523,43.036822],[-81.312483,43.036712],[-81.312449,43.036669],[-81.312398,43.036629],[-81.312364,43.036615],[-81.312343,43.036625],[-81.312326,43.036654],[-81.312316,43.036731],[-81.312316,43.036783],[-81.312362,43.036866],[-81.312398,43.036894],[-81.312436,43.036906],[-81.312481,43.036903],[-81.31251,43.036888],[-81.312525,43.036853],[-81.312523,43.036822]]]}},{"type":"Feature","properties":{"k":"bunker"},"geometry":{"type":"Polygon","coordinates":[[[-81.312622,43.036683],[-81.312616,43.036704],[-81.312578,43.036713],[-81.312553,43.036693],[-81.312534,43.036661],[-81.312534,43.036636],[-81.3125,43.03663],[-81.312472,43.036609],[-81.312483,43.036573],[-81.312519,43.036564],[-81.312568,43.036579],[-81.312641,43.036655],[-81.312641,43.036674],[-81.312622,43.036683]]]}},{"type":"Feature","properties":{"k":"bunker"},"geometry":{"type":"Polygon","coordinates":[[[-81.312259,43.036813],[-81.312301,43.036838],[-81.312318,43.03688],[-81.312303,43.036896],[-81.312267,43.036894],[-81.312237,43.036878],[-81.312221,43.036858],[-81.312187,43.03679],[-81.312191,43.036763],[-81.312219,43.036747],[-81.312261,43.036749],[-81.312276,43.036772],[-81.31228,43.036792],[-81.312259,43.036813]]]}},{"type":"Feature","properties":{"k":"green"},"geometry":{"type":"Polygon","coordinates":[[[-81.313096,43.036594],[-81.312944,43.036664],[-81.312859,43.03654],[-81.313018,43.03649],[-81.313096,43.036594]]]}},{"type":"Feature","properties":{"k":"green"},"geometry":{"type":"Polygon","coordinates":[[[-81.313174,43.036568],[-81.313339,43.036496],[-81.313219,43.036339],[-81.313052,43.036408],[-81.313174,43.036568]]]}},{"type":"Feature","properties":{"k":"green"},"geometry":{"type":"Polygon","coordinates":[[[-81.313441,43.036311],[-81.31339,43.036245],[-81.313274,43.036295],[-81.313314,43.036363],[-81.313441,43.036311]]]}},{"type":"Feature","properties":{"k":"path"},"geometry":{"type":"LineString","coordinates":[[-81.312536,43.036386],[-81.312624,43.036429],[-81.312732,43.036465],[-81.31284,43.036467],[-81.312908,43.03645],[-81.313428,43.036164],[-81.313852,43.035958],[-81.314289,43.035676],[-81.314501,43.035556],[-81.314668,43.035489],[-81.314734,43.035439],[-81.314791,43.035356],[-81.314871,43.035317],[-81.315417,43.035302],[-81.315635,43.035326],[-81.315819,43.035387]]}},{"type":"Feature","properties":{"k":"green"},"geometry":{"type":"Polygon","coordinates":[[[-81.314023,43.036102],[-81.313987,43.03606],[-81.313866,43.03611],[-81.313898,43.036146],[-81.314023,43.036102]]]}},{"type":"Feature","properties":{"k":"fairway"},"geometry":{"type":"Polygon","coordinates":[[[-81.314973,43.035696],[-81.314898,43.035732],[-81.314827,43.035794],[-81.314755,43.03583],[-81.314511,43.035898],[-81.314386,43.035963],[-81.314304,43.035992],[-81.314211,43.036006],[-81.314148,43.035986],[-81.31412,43.03594],[-81.314116,43.035896],[-81.314158,43.035854],[-81.314243,43.035814],[-81.314482,43.035736],[-81.314569,43.035674],[-81.314695,43.03556],[-81.31474,43.035532],[-81.314789,43.035523],[-81.314922,43.035561],[-81.314968,43.035563],[-81.315028,43.03555],[-81.315066,43.035665],[-81.314973,43.035696]]]}},{"type":"Feature","properties":{"k":"green"},"geometry":{"type":"Polygon","coordinates":[[[-81.315013,43.035478],[-81.315002,43.035613],[-81.315007,43.035656],[-81.315051,43.035683],[-81.315125,43.035667],[-81.315218,43.035602],[-81.315281,43.035527],[-81.315262,43.035467],[-81.315197,43.035438],[-81.315133,43.035427],[-81.315057,43.035443],[-81.315013,43.035478]]]}},{"type":"Feature","properties":{"k":"bunker"},"geometry":{"type":"Polygon","coordinates":[[[-81.315034,43.035786],[-81.314945,43.035779],[-81.314932,43.035751],[-81.314943,43.035729],[-81.314975,43.035717],[-81.315,43.035717],[-81.315019,43.035743],[-81.315042,43.035718],[-81.315076,43.035718],[-81.315108,43.035732],[-81.31511,43.035764],[-81.31508,43.03578],[-81.315034,43.035786]]]}},{"type":"Feature","properties":{"k":"bunker"},"geometry":{"type":"Polygon","coordinates":[[[-81.314936,43.03548],[-81.314954,43.035521],[-81.31493,43.035532],[-81.314903,43.035534],[-81.314848,43.035489],[-81.31486,43.035456],[-81.314892,43.035426],[-81.314916,43.03542],[-81.314936,43.035419],[-81.314947,43.035442],[-81.314936,43.03548]]]}},{"type":"Feature","properties":{"k":"path"},"geometry":{"type":"LineString","coordinates":[[-81.317323,43.036396],[-81.316898,43.035979]]}},{"type":"Feature","properties":{"k":"path"},"geometry":{"type":"LineString","coordinates":[[-81.317357,43.036343],[-81.31728,43.036249],[-81.317249,43.036083],[-81.317022,43.035897]]}},{"type":"Feature","properties":{"k":"path"},"geometry":{"type":"LineString","coordinates":[[-81.315482,43.035721],[-81.315599,43.035658],[-81.315692,43.035589],[-81.3158,43.035554],[-81.315912,43.035539]]}},{"type":"Feature","properties":{"k":"path"},"geometry":{"type":"LineString","coordinates":[[-81.317505,43.034511],[-81.317003,43.035134],[-81.316974,43.035193],[-81.316969,43.035302],[-81.317012,43.035481],[-81.31705,43.035705],[-81.317037,43.035847],[-81.317022,43.035897],[-81.316898,43.035979],[-81.316646,43.035992],[-81.316517,43.035987],[-81.316457,43.035959],[-81.316212,43.035782],[-81.316144,43.035692],[-81.316041,43.035617],[-81.31584,43.035491],[-81.315815,43.035451],[-81.315819,43.035387],[-81.315863,43.035359],[-81.315982,43.035326],[-81.316087,43.035316],[-81.316195,43.035283],[-81.316214,43.035229],[-81.316157,43.035132],[-81.316062,43.03505],[-81.316011,43.034987],[-81.315996,43.034917],[-81.315857,43.034609]]}},{"type":"Feature","properties":{"k":"green"},"geometry":{"type":"Polygon","coordinates":[[[-81.316727,43.035578],[-81.316675,43.035486],[-81.316575,43.035511],[-81.316623,43.035605],[-81.316727,43.035578]]]}},{"type":"Feature","properties":{"k":"green"},"geometry":{"type":"Polygon","coordinates":[[[-81.316483,43.035406],[-81.316414,43.035273],[-81.316313,43.035301],[-81.316382,43.035429],[-81.316483,43.035406]]]}},{"type":"Feature","properties":{"k":"green"},"geometry":{"type":"Polygon","coordinates":[[[-81.316621,43.035881],[-81.316546,43.035761],[-81.316425,43.035799],[-81.316506,43.035921],[-81.316621,43.035881]]]}},{"type":"Feature","properties":{"k":"green"},"geometry":{"type":"Polygon","coordinates":[[[-81.316465,43.03574],[-81.316324,43.035536],[-81.316215,43.035576],[-81.316362,43.035771],[-81.316465,43.03574]]]}},{"type":"Feature","properties":{"k":"green"},"geometry":{"type":"Polygon","coordinates":[[[-81.316241,43.035498],[-81.316181,43.035389],[-81.316049,43.03543],[-81.316106,43.035536],[-81.316241,43.035498]]]}},{"type":"Feature","properties":{"k":"green"},"geometry":{"type":"Polygon","coordinates":[[[-81.316146,43.034866],[-81.316086,43.034752],[-81.315997,43.034777],[-81.316051,43.034889],[-81.316146,43.034866]]]}},{"type":"Feature","properties":{"k":"green"},"geometry":{"type":"Polygon","coordinates":[[[-81.315462,43.034128],[-81.315416,43.034029],[-81.31533,43.03405],[-81.315376,43.034149],[-81.315462,43.034128]]]}},{"type":"Feature","properties":{"k":"fairway"},"geometry":{"type":"Polygon","coordinates":[[[-81.315155,43.033521],[-81.315445,43.033935],[-81.315496,43.033983],[-81.315563,43.033998],[-81.315655,43.033985],[-81.315721,43.033954],[-81.315749,43.03391],[-81.315701,43.0338],[-81.315379,43.033376],[-81.315244,43.033105],[-81.315057,43.032865],[-81.31495,43.032756],[-81.314824,43.032575],[-81.314738,43.032374],[-81.314623,43.032021],[-81.314522,43.031775],[-81.314508,43.031686],[-81.314505,43.031428],[-81.314487,43.031367],[-81.314442,43.031321],[-81.314387,43.031302],[-81.31426,43.031449],[-81.314234,43.031533],[-81.314252,43.03159],[-81.314189,43.031684],[-81.314191,43.03176],[-81.31441,43.03238],[-81.314439,43.032512],[-81.315155,43.033521]]]}},{"type":"Feature","properties":{"k":"water"},"geometry":{"type":"Polygon","coordinates":[[[-81.314732,43.033349],[-81.314743,43.033309],[-81.314706,43.03322],[-81.314585,43.033113],[-81.314462,43.033086],[-81.314375,43.033109],[-81.314364,43.033162],[-81.314404,43.033233],[-81.314505,43.033319],[-81.314614,43.03337],[-81.31468,43.03337],[-81.314732,43.033349]]]}},{"type":"Feature","properties":{"k":"green"},"geometry":{"type":"Polygon","coordinates":[[[-81.314407,43.03135],[-81.314404,43.031399],[-81.314384,43.031439],[-81.314322,43.031503],[-81.314286,43.031523],[-81.31424,43.031517],[-81.314183,43.031457],[-81.314077,43.031388],[-81.314049,43.031348],[-81.314067,43.031313],[-81.314118,43.031288],[-81.314198,43.031267],[-81.314274,43.031262],[-81.31434,43.031278],[-81.314399,43.031324],[-81.314407,43.03135]]]}},{"type":"Feature","properties":{"k":"bunker"},"geometry":{"type":"Polygon","coordinates":[[[-81.314143,43.031582],[-81.314112,43.031564],[-81.314082,43.031535],[-81.314072,43.031511],[-81.314032,43.031482],[-81.314021,43.031465],[-81.314032,43.031421],[-81.314057,43.031417],[-81.314094,43.03143],[-81.31411,43.031444],[-81.314105,43.031481],[-81.31417,43.03151],[-81.314194,43.031534],[-81.314196,43.031567],[-81.314168,43.031582],[-81.314143,43.031582]]]}},{"type":"Feature","properties":{"k":"green"},"geometry":{"type":"Polygon","coordinates":[[[-81.315278,43.031605],[-81.315162,43.031377],[-81.314985,43.031423],[-81.315112,43.031652],[-81.315278,43.031605]]]}},{"type":"Feature","properties":{"k":"green"},"geometry":{"type":"Polygon","coordinates":[[[-81.315401,43.031842],[-81.315307,43.03168],[-81.315163,43.031722],[-81.315258,43.031882],[-81.315401,43.031842]]]}},{"type":"Feature","properties":{"k":"green"},"geometry":{"type":"Polygon","coordinates":[[[-81.310453,43.032255],[-81.310438,43.032204],[-81.310273,43.032227],[-81.310287,43.032274],[-81.310453,43.032255]]]}},{"type":"Feature","properties":{"k":"green"},"geometry":{"type":"Polygon","coordinates":[[[-81.310809,43.032301],[-81.310774,43.032154],[-81.31055,43.032193],[-81.310583,43.032338],[-81.310809,43.032301]]]}},{"type":"Feature","properties":{"k":"green"},"geometry":{"type":"Polygon","coordinates":[[[-81.311079,43.032238],[-81.311071,43.032177],[-81.310964,43.032185],[-81.310976,43.032246],[-81.311079,43.032238]]]}},{"type":"Feature","properties":{"k":"green"},"geometry":{"type":"Polygon","coordinates":[[[-81.312037,43.031945],[-81.311969,43.032035],[-81.311957,43.032067],[-81.311967,43.032093],[-81.31199,43.032111],[-81.31204,43.032126],[-81.312111,43.032123],[-81.312236,43.032062],[-81.312284,43.032023],[-81.312296,43.031983],[-81.312245,43.031894],[-81.312166,43.031863],[-81.312119,43.031864],[-81.312063,43.031906],[-81.312037,43.031945]]]}},{"type":"Feature","properties":{"k":"bunker"},"geometry":{"type":"Polygon","coordinates":[[[-81.312264,43.031885],[-81.31229,43.031919],[-81.312306,43.031918],[-81.312324,43.031905],[-81.312325,43.031893],[-81.312306,43.03187],[-81.312279,43.031871],[-81.312264,43.031885]]]}},{"type":"Feature","properties":{"k":"bunker"},"geometry":{"type":"Polygon","coordinates":[[[-81.312257,43.031864],[-81.312297,43.031849],[-81.312295,43.031837],[-81.312231,43.031808],[-81.312217,43.031809],[-81.312206,43.031835],[-81.312237,43.03186],[-81.312257,43.031864]]]}},{"type":"Feature","properties":{"k":"bunker"},"geometry":{"type":"Polygon","coordinates":[[[-81.311948,43.031923],[-81.311949,43.031969],[-81.311913,43.031986],[-81.311895,43.031984],[-81.311879,43.031968],[-81.311863,43.031923],[-81.311871,43.031903],[-81.311879,43.031894],[-81.311928,43.031887],[-81.31195,43.031857],[-81.311966,43.03185],[-81.311987,43.031854],[-81.312,43.031864],[-81.31201,43.031899],[-81.312002,43.031913],[-81.311948,43.031923]]]}},{"type":"Feature","properties":{"k":"fairway"},"geometry":{"type":"Polygon","coordinates":[[[-81.311724,43.032005],[-81.311742,43.032027],[-81.311744,43.032053],[-81.31173,43.032071],[-81.311672,43.032087],[-81.311589,43.032073],[-81.311479,43.032065],[-81.311441,43.032055],[-81.311422,43.032036],[-81.31142,43.032009],[-81.31144,43.03199],[-81.311472,43.031979],[-81.311599,43.031957],[-81.311656,43.031955],[-81.311689,43.03197],[-81.311724,43.032005]]]}},{"type":"Feature","properties":{"k":"green"},"geometry":{"type":"Polygon","coordinates":[[[-81.312708,43.031663],[-81.312615,43.0317],[-81.312541,43.031609],[-81.312638,43.031574],[-81.312708,43.031663]]]}},{"type":"Feature","properties":{"k":"green"},"geometry":{"type":"Polygon","coordinates":[[[-81.313078,43.032025],[-81.312985,43.031893],[-81.312863,43.03194],[-81.31296,43.032071],[-81.313078,43.032025]]]}},{"type":"Feature","properties":{"k":"green"},"geometry":{"type":"Polygon","coordinates":[[[-81.313971,43.032839],[-81.313902,43.032752],[-81.313828,43.032777],[-81.313893,43.032868],[-81.313971,43.032839]]]}},{"type":"Feature","properties":{"k":"fairway"},"geometry":{"type":"Polygon","coordinates":[[[-81.314149,43.033188],[-81.314076,43.033077],[-81.313795,43.032876],[-81.313736,43.032846],[-81.313699,43.032842],[-81.313654,43.032846],[-81.313617,43.032866],[-81.313598,43.032888],[-81.313585,43.032931],[-81.313774,43.033281],[-81.313834,43.033347],[-81.313898,43.03339],[-81.313955,43.03341],[-81.314114,43.033519],[-81.314244,43.033686],[-81.314594,43.034084],[-81.315281,43.034837],[-81.315348,43.034871],[-81.315473,43.034919],[-81.315575,43.034894],[-81.315552,43.034814],[-81.315431,43.034666],[-81.315372,43.034513],[-81.31533,43.034454],[-81.315237,43.034385],[-81.315025,43.034196],[-81.314893,43.034014],[-81.314752,43.033843],[-81.314477,43.033597],[-81.314329,43.033496],[-81.31427,43.033428],[-81.314149,43.033188]]]}},{"type":"Feature","properties":{"k":"green"},"geometry":{"type":"Polygon","coordinates":[[[-81.315469,43.034984],[-81.315481,43.034908],[-81.31551,43.034892],[-81.315552,43.034885],[-81.31559,43.03489],[-81.315647,43.034913],[-81.315711,43.034954],[-81.315744,43.034992],[-81.315756,43.035031],[-81.315751,43.035059],[-81.315727,43.035093],[-81.315671,43.035114],[-81.315606,43.035117],[-81.315557,43.035104],[-81.315512,43.035078],[-81.315485,43.035048],[-81.315469,43.034984]]]}},{"type":"Feature","properties":{"k":"bunker"},"geometry":{"type":"Polygon","coordinates":[[[-81.315445,43.035065],[-81.315447,43.035082],[-81.315422,43.035092],[-81.315392,43.035095],[-81.315369,43.035079],[-81.31533,43.035019],[-81.315327,43.034956],[-81.315347,43.034937],[-81.315374,43.034929],[-81.315408,43.034933],[-81.315431,43.034948],[-81.315427,43.034996],[-81.315382,43.034993],[-81.315378,43.035001],[-81.315421,43.035024],[-81.315445,43.035065]]]}},{"type":"Feature","properties":{"k":"green"},"geometry":{"type":"Polygon","coordinates":[[[-81.31496,43.035134],[-81.315032,43.03508],[-81.31496,43.035022],[-81.314884,43.035076],[-81.31496,43.035134]]]}},{"type":"Feature","properties":{"k":"green"},"geometry":{"type":"Polygon","coordinates":[[[-81.314535,43.03503],[-81.314623,43.034971],[-81.314485,43.034845],[-81.314388,43.034903],[-81.314535,43.03503]]]}},{"type":"Feature","properties":{"k":"green"},"geometry":{"type":"Polygon","coordinates":[[[-81.313877,43.03462],[-81.313792,43.034529],[-81.313732,43.034559],[-81.313813,43.034647],[-81.313877,43.03462]]]}},{"type":"Feature","properties":{"k":"fairway"},"geometry":{"type":"Polygon","coordinates":[[[-81.31296,43.03362],[-81.313043,43.03371],[-81.313151,43.03377],[-81.313362,43.033846],[-81.31373,43.034185],[-81.31375,43.034227],[-81.313742,43.03426],[-81.313677,43.034306],[-81.313622,43.034322],[-81.313573,43.034323],[-81.313236,43.034033],[-81.313093,43.033937],[-81.312894,43.033835],[-81.312343,43.033473],[-81.311889,43.033198],[-81.311787,43.033148],[-81.311642,43.0331],[-81.311527,43.033048],[-81.311459,43.032994],[-81.311439,43.032951],[-81.31142,43.032854],[-81.311561,43.03277],[-81.311581,43.032804],[-81.311593,43.032863],[-81.311636,43.03291],[-81.311742,43.032968],[-81.311989,43.03301],[-81.31296,43.03362]]]}},{"type":"Feature","properties":{"k":"green"},"geometry":{"type":"Polygon","coordinates":[[[-81.311519,43.032857],[-81.311551,43.032826],[-81.311578,43.032772],[-81.31158,43.03274],[-81.311548,43.032687],[-81.311509,43.032641],[-81.311453,43.03261],[-81.311377,43.032597],[-81.311323,43.032607],[-81.311289,43.03263],[-81.311282,43.032664],[-81.311294,43.032698],[-81.311376,43.032765],[-81.311406,43.032865],[-81.311449,43.032876],[-81.311519,43.032857]]]}},{"type":"Feature","properties":{"k":"bunker"},"geometry":{"type":"Polygon","coordinates":[[[-81.313274,43.033767],[-81.313228,43.033754],[-81.313145,43.033711],[-81.313125,43.033688],[-81.313129,43.033667],[-81.313152,43.033662],[-81.313201,43.033684],[-81.313244,43.03368],[-81.313263,43.03371],[-81.313309,43.033703],[-81.313329,43.033716],[-81.313343,43.033742],[-81.313331,43.033763],[-81.313274,43.033767]]]}},{"type":"Feature","properties":{"k":"bunker"},"geometry":{"type":"Polygon","coordinates":[[[-81.313962,43.0336],[-81.314033,43.033684],[-81.314053,43.033675],[-81.314079,43.033651],[-81.314085,43.033626],[-81.314071,43.033603],[-81.314029,43.033581],[-81.313987,43.033581],[-81.313962,43.0336]]]}},{"type":"Feature","properties":{"k":"bunker"},"geometry":{"type":"Polygon","coordinates":[[[-81.313983,43.033513],[-81.313973,43.033495],[-81.313927,43.033474],[-81.313879,43.033468],[-81.313835,43.033472],[-81.313813,43.033495],[-81.313825,43.033518],[-81.313851,43.033526],[-81.313872,43.033522],[-81.313897,43.033546],[-81.313921,43.033546],[-81.313942,43.033518],[-81.313962,43.033524],[-81.313983,43.033513]]]}},{"type":"Feature","properties":{"k":"path"},"geometry":{"type":"LineString","coordinates":[[-81.311387,43.033031],[-81.311249,43.032809],[-81.311118,43.032677],[-81.311066,43.032671],[-81.311038,43.032704],[-81.31104,43.032736],[-81.311131,43.032841],[-81.311155,43.032938],[-81.311167,43.033082],[-81.311228,43.033242],[-81.31132,43.033418],[-81.311395,43.033495]]}},{"type":"Feature","properties":{"k":"green"},"geometry":{"type":"Polygon","coordinates":[[[-81.310962,43.03267],[-81.310912,43.032608],[-81.310856,43.032634],[-81.310903,43.032693],[-81.310962,43.03267]]]}},{"type":"Feature","properties":{"k":"green"},"geometry":{"type":"Polygon","coordinates":[[[-81.311083,43.032829],[-81.310985,43.032723],[-81.310875,43.032773],[-81.310969,43.03288],[-81.311083,43.032829]]]}},{"type":"Feature","properties":{"k":"green"},"geometry":{"type":"Polygon","coordinates":[[[-81.311511,43.033485],[-81.311576,43.033445],[-81.311492,43.033376],[-81.31143,43.03342],[-81.311511,43.033485]]]}},{"type":"Feature","properties":{"k":"fairway"},"geometry":{"type":"Polygon","coordinates":[[[-81.312535,43.03401],[-81.311977,43.033589],[-81.311942,43.033574],[-81.311885,43.033569],[-81.311836,43.033582],[-81.311801,43.033603],[-81.311782,43.033633],[-81.311783,43.033671],[-81.311911,43.033813],[-81.312054,43.033931],[-81.312342,43.034124],[-81.312777,43.034608],[-81.312851,43.034716],[-81.312939,43.034858],[-81.312978,43.035001],[-81.313054,43.035177],[-81.313139,43.035408],[-81.313177,43.035567],[-81.31312,43.035739],[-81.313134,43.035771],[-81.313163,43.035807],[-81.313232,43.035839],[-81.313423,43.035685],[-81.313424,43.035615],[-81.31345,43.035569],[-81.313456,43.035525],[-81.313444,43.035443],[-81.313325,43.035113],[-81.31316,43.034745],[-81.313079,43.034622],[-81.312775,43.034226],[-81.312535,43.03401]]]}},{"type":"Feature","properties":{"k":"bunker"},"geometry":{"type":"Polygon","coordinates":[[[-81.312225,43.034162],[-81.312236,43.034178],[-81.312225,43.034195],[-81.312216,43.034205],[-81.31219,43.034205],[-81.312155,43.034159],[-81.312104,43.03413],[-81.312105,43.034107],[-81.312124,43.034092],[-81.312155,43.034082],[-81.312186,43.034084],[-81.312244,43.03412],[-81.312256,43.034137],[-81.312256,43.034149],[-81.312226,43.034155],[-81.312225,43.034162]]]}},{"type":"Feature","properties":{"k":"green"},"geometry":{"type":"Polygon","coordinates":[[[-81.313453,43.035838],[-81.313503,43.035792],[-81.313532,43.035748],[-81.313523,43.035727],[-81.313444,43.035676],[-81.313399,43.035673],[-81.313365,43.03569],[-81.313309,43.035737],[-81.313228,43.035818],[-81.313234,43.035859],[-81.313258,43.035893],[-81.313299,43.035906],[-81.313365,43.035905],[-81.313421,43.035873],[-81.313453,43.035838]]]}},{"type":"Feature","properties":{"k":"bunker"},"geometry":{"type":"Polygon","coordinates":[[[-81.313588,43.035655],[-81.313612,43.035638],[-81.313605,43.035613],[-81.313568,43.035607],[-81.313526,43.035582],[-81.313488,43.03558],[-81.313464,43.035605],[-81.313458,43.035632],[-81.31348,43.035653],[-81.313523,43.035656],[-81.313523,43.035671],[-81.313539,43.035689],[-81.313567,43.03569],[-81.313588,43.035655]]]}},{"type":"Feature","properties":{"k":"green"},"geometry":{"type":"Polygon","coordinates":[[[-81.313007,43.036125],[-81.312944,43.035997],[-81.312827,43.036027],[-81.312884,43.036155],[-81.313007,43.036125]]]}},{"type":"Feature","properties":{"k":"green"},"geometry":{"type":"Polygon","coordinates":[[[-81.312752,43.035416],[-81.312684,43.035322],[-81.312617,43.03535],[-81.312684,43.035441],[-81.312752,43.035416]]]}},{"type":"Feature","properties":{"k":"fairway"},"geometry":{"type":"Polygon","coordinates":[[[-81.311711,43.03425],[-81.311938,43.034455],[-81.312049,43.03453],[-81.312479,43.03509],[-81.312496,43.035141],[-81.312484,43.035189],[-81.312424,43.035222],[-81.312354,43.035233],[-81.312266,43.035235],[-81.311906,43.034722],[-81.311828,43.034638],[-81.311343,43.034212],[-81.311158,43.033987],[-81.31092,43.033722],[-81.310777,43.033599],[-81.31067,43.033444],[-81.310219,43.032723],[-81.310199,43.032685],[-81.310184,43.032547],[-81.310264,43.032542],[-81.310297,43.032617],[-81.310357,43.032661],[-81.310449,43.032688],[-81.31063,43.0329],[-81.311002,43.033449],[-81.311195,43.033674],[-81.311505,43.034005],[-81.311711,43.03425]]]}},{"type":"Feature","properties":{"k":"bunker"},"geometry":{"type":"Polygon","coordinates":[[[-81.312086,43.034371],[-81.312084,43.034419],[-81.312056,43.034437],[-81.312021,43.03443],[-81.311976,43.034377],[-81.311971,43.034358],[-81.311988,43.034338],[-81.312016,43.034331],[-81.312031,43.034344],[-81.312033,43.034366],[-81.312086,43.034371]]]}},{"type":"Feature","properties":{"k":"bunker"},"geometry":{"type":"Polygon","coordinates":[[[-81.310341,43.032578],[-81.310354,43.03261],[-81.310374,43.032612],[-81.310407,43.032609],[-81.31044,43.032584],[-81.310443,43.03256],[-81.310424,43.032496],[-81.310405,43.032486],[-81.310357,43.032492],[-81.310361,43.032528],[-81.310397,43.03254],[-81.310402,43.032551],[-81.310396,43.032561],[-81.310363,43.032556],[-81.310341,43.032578]]]}},{"type":"Feature","properties":{"k":"fairway"},"geometry":{"type":"Polygon","coordinates":[[[-81.310289,43.032445],[-81.310305,43.032501],[-81.310306,43.03255],[-81.310288,43.032573],[-81.310244,43.032584],[-81.310197,43.032575],[-81.310118,43.032542],[-81.310037,43.032493],[-81.310031,43.032474],[-81.310039,43.032433],[-81.310063,43.032401],[-81.310093,43.032384],[-81.310132,43.032378],[-81.310174,43.032379],[-81.31022,43.032391],[-81.310265,43.032415],[-81.310289,43.032445]]]}},{"type":"Feature","properties":{"k":"green"},"geometry":{"type":"Polygon","coordinates":[[[-81.309772,43.032553],[-81.309705,43.032425],[-81.30954,43.032461],[-81.30952,43.032477],[-81.309396,43.032535],[-81.309442,43.032617],[-81.309515,43.0326],[-81.30961,43.032599],[-81.309772,43.032553]]]}},{"type":"Feature","properties":{"k":"green"},"geometry":{"type":"Polygon","coordinates":[[[-81.309883,43.032722],[-81.309821,43.032598],[-81.309589,43.032656],[-81.309656,43.032782],[-81.309883,43.032722]]]}},{"type":"Feature","properties":{"k":"green"},"geometry":{"type":"Polygon","coordinates":[[[-81.310338,43.033691],[-81.310386,43.033763],[-81.310397,43.033806],[-81.310387,43.033846],[-81.310347,43.033868],[-81.310294,43.033868],[-81.310241,43.033847],[-81.3102,43.033805],[-81.310179,43.033766],[-81.310171,43.033728],[-81.310179,43.033689],[-81.310216,43.033658],[-81.310255,43.033652],[-81.310308,43.033668],[-81.310338,43.033691]]]}},{"type":"Feature","properties":{"k":"bunker"},"geometry":{"type":"Polygon","coordinates":[[[-81.310491,43.033786],[-81.310466,43.033815],[-81.310473,43.033829],[-81.310496,43.033833],[-81.310529,43.033816],[-81.310542,43.03378],[-81.310465,43.033688],[-81.310446,43.033679],[-81.310427,43.033683],[-81.310413,43.033694],[-81.31041,43.033718],[-81.31045,43.03374],[-81.310437,43.033782],[-81.310445,43.033789],[-81.310459,43.03378],[-81.310463,43.033765],[-81.310488,43.033765],[-81.310491,43.033786]]]}},{"type":"Feature","properties":{"k":"bunker"},"geometry":{"type":"Polygon","coordinates":[[[-81.310117,43.03363],[-81.310091,43.033607],[-81.310068,43.033602],[-81.310036,43.03361],[-81.310023,43.033624],[-81.310023,43.03364],[-81.310045,43.033647],[-81.310057,43.033682],[-81.310071,43.033686],[-81.310085,43.03366],[-81.31011,43.033649],[-81.310117,43.03363]]]}},{"type":"Feature","properties":{"k":"fairway"},"geometry":{"type":"Polygon","coordinates":[[[-81.310163,43.033302],[-81.310183,43.033356],[-81.310318,43.033475],[-81.310347,43.033524],[-81.310351,43.033576],[-81.310311,43.033704],[-81.310243,43.033716],[-81.31018,43.03366],[-81.310153,43.033609],[-81.310035,43.033544],[-81.309998,43.033468],[-81.309963,43.033333],[-81.309963,43.033291],[-81.309979,43.033249],[-81.310008,43.033218],[-81.310059,43.033204],[-81.310097,43.033213],[-81.310134,43.033234],[-81.310154,43.033265],[-81.310163,43.033302]]]}},{"type":"Feature","properties":{"k":"green"},"geometry":{"type":"Polygon","coordinates":[[[-81.310273,43.035237],[-81.310214,43.035139],[-81.310143,43.035163],[-81.3102,43.035258],[-81.310273,43.035237]]]}},{"type":"Feature","properties":{"k":"fairway"},"geometry":{"type":"Polygon","coordinates":[[[-81.310635,43.035492],[-81.310547,43.035302],[-81.310499,43.035076],[-81.310461,43.035039],[-81.310376,43.035035],[-81.310319,43.035052],[-81.310285,43.035104],[-81.310305,43.035167],[-81.310372,43.035276],[-81.310379,43.035307],[-81.310319,43.035473],[-81.310489,43.035893],[-81.310549,43.035972],[-81.310858,43.036201],[-81.310998,43.036295],[-81.311061,43.036369],[-81.311163,43.036519],[-81.311267,43.036634],[-81.311318,43.036673],[-81.311548,43.036728],[-81.311657,43.036684],[-81.311637,43.036669],[-81.311619,43.036629],[-81.311424,43.036521],[-81.310988,43.036068],[-81.310862,43.035898],[-81.310635,43.035492]]]}},{"type":"Feature","properties":{"k":"green"},"geometry":{"type":"Polygon","coordinates":[[[-81.311804,43.036851],[-81.311799,43.036814],[-81.311762,43.03675],[-81.311696,43.03669],[-81.311637,43.036669],[-81.311564,43.036686],[-81.311538,43.036709],[-81.311553,43.036839],[-81.311594,43.03689],[-81.31166,43.036907],[-81.311728,43.036904],[-81.31178,43.036883],[-81.311804,43.036851]]]}},{"type":"Feature","properties":{"k":"bunker"},"geometry":{"type":"Polygon","coordinates":[[[-81.311447,43.036825],[-81.311493,43.036854],[-81.311505,43.036868],[-81.311497,43.036884],[-81.31147,43.036891],[-81.311436,43.03689],[-81.311409,43.036867],[-81.311401,43.036773],[-81.311419,43.036745],[-81.311449,43.036737],[-81.311487,43.036764],[-81.31149,43.036786],[-81.311457,43.036805],[-81.311447,43.036825]]]}},{"type":"Feature","properties":{"k":"green"},"geometry":{"type":"Polygon","coordinates":[[[-81.311668,43.037176],[-81.311706,43.037111],[-81.311866,43.037147],[-81.311835,43.037211],[-81.311668,43.037176]]]}},{"type":"Feature","properties":{"k":"green"},"geometry":{"type":"Polygon","coordinates":[[[-81.311608,43.037178],[-81.311648,43.037089],[-81.311444,43.037036],[-81.311404,43.037129],[-81.311608,43.037178]]]}},{"type":"Feature","properties":{"k":"green"},"geometry":{"type":"Polygon","coordinates":[[[-81.310896,43.036904],[-81.310927,43.036845],[-81.310795,43.036811],[-81.310769,43.036868],[-81.310896,43.036904]]]}},{"type":"Feature","properties":{"k":"green"},"geometry":{"type":"Polygon","coordinates":[[[-81.307085,43.03645],[-81.306888,43.036553],[-81.306861,43.036558],[-81.306788,43.036532],[-81.306761,43.036504],[-81.306742,43.036459],[-81.306744,43.036417],[-81.306791,43.036368],[-81.30686,43.036346],[-81.306938,43.036333],[-81.306994,43.036334],[-81.307042,43.036348],[-81.307078,43.036376],[-81.307095,43.036416],[-81.307085,43.03645]]]}},{"type":"Feature","properties":{"k":"bunker"},"geometry":{"type":"Polygon","coordinates":[[[-81.30714,43.036543],[-81.30704,43.036607],[-81.306995,43.036627],[-81.306923,43.036633],[-81.306891,43.036624],[-81.306888,43.03659],[-81.30692,43.036581],[-81.306986,43.036593],[-81.306998,43.03658],[-81.306984,43.036558],[-81.306986,43.036542],[-81.307007,43.036532],[-81.307077,43.03654],[-81.307074,43.036504],[-81.30709,43.036487],[-81.307117,43.036481],[-81.307144,43.036495],[-81.307151,43.036523],[-81.30714,43.036543]]]}},{"type":"Feature","properties":{"k":"green"},"geometry":{"type":"Polygon","coordinates":[[[-81.306226,43.036841],[-81.306036,43.036851],[-81.305983,43.036824],[-81.305931,43.036773],[-81.305916,43.036732],[-81.305925,43.036703],[-81.305974,43.036688],[-81.306125,43.036716],[-81.306218,43.036714],[-81.30629,43.036726],[-81.306332,43.036755],[-81.306332,43.036815],[-81.306287,43.036834],[-81.306226,43.036841]]]}},{"type":"Feature","properties":{"k":"bunker"},"geometry":{"type":"Polygon","coordinates":[[[-81.30586,43.036733],[-81.305859,43.036776],[-81.305833,43.03678],[-81.305812,43.036767],[-81.305817,43.036724],[-81.305832,43.036707],[-81.305855,43.036711],[-81.30586,43.036733]]]}},{"type":"Feature","properties":{"k":"bunker"},"geometry":{"type":"Polygon","coordinates":[[[-81.306213,43.036867],[-81.306197,43.036881],[-81.306135,43.036889],[-81.306126,43.036915],[-81.306145,43.036927],[-81.306221,43.03691],[-81.306246,43.036889],[-81.306226,43.036867],[-81.306213,43.036867]]]}},{"type":"Feature","properties":{"k":"fairway"},"geometry":{"type":"Polygon","coordinates":[[[-81.306441,43.036771],[-81.30642,43.036811],[-81.306313,43.03684],[-81.306215,43.036857],[-81.306078,43.036866],[-81.305947,43.036864],[-81.305842,43.036829],[-81.305837,43.036819],[-81.305883,43.036788],[-81.305899,43.03676],[-81.305883,43.036687],[-81.305971,43.036617],[-81.306016,43.036563],[-81.30603,43.036531],[-81.30609,43.036501],[-81.306251,43.036509],[-81.306293,43.03657],[-81.306308,43.036637],[-81.306342,43.036704],[-81.306428,43.03674],[-81.306441,43.036771]]]}},{"type":"Feature","properties":{"k":"path"},"geometry":{"type":"LineString","coordinates":[[-81.305647,43.036926],[-81.306092,43.036968],[-81.30618,43.036958],[-81.30632,43.036919],[-81.306496,43.036853],[-81.306599,43.036804],[-81.306864,43.036853],[-81.306893,43.03689]]}},{"type":"Feature","properties":{"k":"fairway"},"geometry":{"type":"Polygon","coordinates":[[[-81.306977,43.036364],[-81.307058,43.036303],[-81.307146,43.036259],[-81.30723,43.036255],[-81.307377,43.036274],[-81.307504,43.036278],[-81.307648,43.036264],[-81.307852,43.036265],[-81.308008,43.036282],[-81.308194,43.036327],[-81.308399,43.036356],[-81.308515,43.036348],[-81.308653,43.036324],[-81.308754,43.036324],[-81.308913,43.036352],[-81.310075,43.036646],[-81.310192,43.036702],[-81.31022,43.036755],[-81.310214,43.036792],[-81.310179,43.036846],[-81.310081,43.036877],[-81.309984,43.03688],[-81.309803,43.036844],[-81.309426,43.036712],[-81.308726,43.03656],[-81.308582,43.036537],[-81.308115,43.036515],[-81.307914,43.036531],[-81.30773,43.036555],[-81.307588,43.036555],[-81.307331,43.036518],[-81.307228,43.036492],[-81.307142,43.036424],[-81.307053,43.03642],[-81.306977,43.036364]]]}},{"type":"Feature","properties":{"k":"bunker"},"geometry":{"type":"Polygon","coordinates":[[[-81.308402,43.0362],[-81.308369,43.036229],[-81.308366,43.036256],[-81.308387,43.036276],[-81.308415,43.036275],[-81.308462,43.036261],[-81.308505,43.036238],[-81.308586,43.036226],[-81.308607,43.036206],[-81.30861,43.036177],[-81.308572,43.036153],[-81.308541,43.036163],[-81.308475,43.036165],[-81.308472,43.036187],[-81.308493,43.036208],[-81.308482,43.036214],[-81.308402,43.0362]]]}},{"type":"Feature","properties":{"k":"green"},"geometry":{"type":"Polygon","coordinates":[[[-81.310299,43.037031],[-81.310336,43.036976],[-81.3102,43.03693],[-81.310167,43.036987],[-81.310299,43.037031]]]}},{"type":"Feature","properties":{"k":"fairway"},"geometry":{"type":"Polygon","coordinates":[[[-81.307098,43.03598],[-81.30709,43.03602],[-81.307052,43.036043],[-81.306898,43.036063],[-81.306832,43.036035],[-81.306659,43.035558],[-81.30668,43.035541],[-81.30687,43.035483],[-81.306908,43.035486],[-81.306941,43.035519],[-81.307098,43.03598]]]}},{"type":"Feature","properties":{"k":"treeline"},"geometry":{"type":"LineString","coordinates":[[-81.313881,43.034764],[-81.314309,43.035468]]}},{"type":"Feature","properties":{"k":"green"},"geometry":{"type":"Polygon","coordinates":[[[-81.306046,43.035004],[-81.305965,43.034926],[-81.305778,43.035024],[-81.305856,43.035097],[-81.306046,43.035004]]]}},{"type":"Feature","properties":{"k":"green"},"geometry":{"type":"Polygon","coordinates":[[[-81.306277,43.034838],[-81.306218,43.034785],[-81.30611,43.034844],[-81.306164,43.034891],[-81.306277,43.034838]]]}},{"type":"Feature","properties":{"k":"fairway"},"geometry":{"type":"Polygon","coordinates":[[[-81.308127,43.033979],[-81.30794,43.034085],[-81.30765,43.034218],[-81.307414,43.034344],[-81.307052,43.034556],[-81.306985,43.034573],[-81.306926,43.034567],[-81.306872,43.03454],[-81.306832,43.034508],[-81.306813,43.034469],[-81.306834,43.03442],[-81.306899,43.034365],[-81.307234,43.034154],[-81.30751,43.033946],[-81.307717,43.033836],[-81.307945,43.033756],[-81.308176,43.033691],[-81.308347,43.033569],[-81.308492,43.033479],[-81.308892,43.033373],[-81.309125,43.033403],[-81.309184,43.033458],[-81.309101,43.033524],[-81.308967,43.033589],[-81.308782,43.03364],[-81.308556,43.033685],[-81.308288,43.033885],[-81.308127,43.033979]]]}},{"type":"Feature","properties":{"k":"bunker"},"geometry":{"type":"Polygon","coordinates":[[[-81.308448,43.033876],[-81.308436,43.033899],[-81.308442,43.033935],[-81.308465,43.033953],[-81.308499,43.033962],[-81.308523,43.033958],[-81.308543,43.033919],[-81.308502,43.033901],[-81.308504,43.033888],[-81.308544,43.033895],[-81.308563,43.033888],[-81.30859,43.033895],[-81.308606,43.033919],[-81.308629,43.033932],[-81.30866,43.033916],[-81.308662,43.033901],[-81.30863,43.033877],[-81.308633,43.033853],[-81.308593,43.033847],[-81.308547,43.033852],[-81.308534,43.033866],[-81.308469,43.03386],[-81.308448,43.033876]]]}},{"type":"Feature","properties":{"k":"bunker"},"geometry":{"type":"Polygon","coordinates":[[[-81.308542,43.033839],[-81.308593,43.033823],[-81.30863,43.033821],[-81.308652,43.033807],[-81.308641,43.033744],[-81.308594,43.033739],[-81.308577,43.033751],[-81.308591,43.033772],[-81.308587,43.033794],[-81.308565,43.033801],[-81.308554,43.033786],[-81.308528,43.033776],[-81.308485,43.033791],[-81.308483,43.033812],[-81.308499,43.03383],[-81.308542,43.033839]]]}},{"type":"Feature","properties":{"k":"bunker"},"geometry":{"type":"Polygon","coordinates":[[[-81.307695,43.033724],[-81.307677,43.033746],[-81.307642,43.033753],[-81.30765,43.033775],[-81.307611,43.033796],[-81.307574,43.033796],[-81.307543,43.033755],[-81.307517,43.033754],[-81.3075,43.033785],[-81.307457,43.033792],[-81.307441,43.033778],[-81.307478,43.033709],[-81.30752,43.033693],[-81.307548,43.033712],[-81.307586,43.033722],[-81.307575,43.033741],[-81.30759,43.033749],[-81.30762,43.033736],[-81.307649,43.0337],[-81.307682,43.033707],[-81.307695,43.033724]]]}},{"type":"Feature","properties":{"k":"bunker"},"geometry":{"type":"Polygon","coordinates":[[[-81.307771,43.033716],[-81.307733,43.033691],[-81.307753,43.033677],[-81.307753,43.033664],[-81.30773,43.033663],[-81.307706,43.033679],[-81.307666,43.033655],[-81.307708,43.033625],[-81.307823,43.033619],[-81.30785,43.033631],[-81.307856,43.033655],[-81.307838,43.033672],[-81.307808,43.033679],[-81.307771,43.033716]]]}},{"type":"Feature","properties":{"k":"bunker"},"geometry":{"type":"Polygon","coordinates":[[[-81.308113,43.033576],[-81.308074,43.033552],[-81.308048,43.03355],[-81.308032,43.033556],[-81.308013,43.033583],[-81.308071,43.033616],[-81.308105,43.033625],[-81.308134,43.033621],[-81.308186,43.033586],[-81.308169,43.033556],[-81.308184,43.033546],[-81.308212,43.033558],[-81.308247,43.033529],[-81.308164,43.033483],[-81.308125,43.033498],[-81.308114,43.033529],[-81.308139,43.033548],[-81.308134,43.033569],[-81.308113,43.033576]]]}},{"type":"Feature","properties":{"k":"green"},"geometry":{"type":"Polygon","coordinates":[[[-81.30921,43.033475],[-81.309245,43.033466],[-81.309301,43.033438],[-81.309345,43.03341],[-81.309373,43.03338],[-81.309376,43.033348],[-81.309349,43.033313],[-81.309305,43.033286],[-81.309266,43.033286],[-81.309218,43.033306],[-81.309092,43.03341],[-81.309102,43.033439],[-81.309132,43.033463],[-81.309164,43.033474],[-81.30921,43.033475]]]}},{"type":"Feature","properties":{"k":"bunker"},"geometry":{"type":"Polygon","coordinates":[[[-81.309296,43.033481],[-81.309271,43.033499],[-81.30923,43.033513],[-81.309212,43.033532],[-81.30921,43.033558],[-81.309241,43.033566],[-81.30927,43.03356],[-81.309289,43.033544],[-81.309289,43.033524],[-81.30934,43.033503],[-81.309346,43.033479],[-81.309334,43.033466],[-81.309296,43.033481]]]}},{"type":"Feature","properties":{"k":"bunker"},"geometry":{"type":"Polygon","coordinates":[[[-81.309027,43.033352],[-81.309016,43.033337],[-81.309016,43.033314],[-81.309065,43.033269],[-81.309086,43.033269],[-81.309098,43.033279],[-81.309082,43.033299],[-81.309097,43.033307],[-81.309108,43.033298],[-81.309128,43.033296],[-81.30914,43.03331],[-81.309128,43.033327],[-81.309081,43.033333],[-81.309076,43.033347],[-81.309055,43.033357],[-81.309027,43.033352]]]}},{"type":"Feature","properties":{"k":"path"},"geometry":{"type":"LineString","coordinates":[[-81.30889,43.033296],[-81.309093,43.033124],[-81.309211,43.032936],[-81.309332,43.032834],[-81.309359,43.032793],[-81.309344,43.032766],[-81.30931,43.032752],[-81.309266,43.032757],[-81.309228,43.032771],[-81.309196,43.032794],[-81.309172,43.032832]]}},{"type":"Feature","properties":{"k":"path"},"geometry":{"type":"LineString","coordinates":[[-81.311855,43.032294],[-81.311948,43.032335],[-81.312025,43.032328],[-81.312241,43.032274],[-81.312359,43.032184],[-81.312421,43.032018],[-81.312475,43.031968],[-81.312534,43.031953],[-81.312611,43.031955],[-81.312729,43.031974],[-81.312788,43.032028],[-81.313017,43.03239],[-81.31323,43.032596]]}},{"type":"Feature","properties":{"k":"green"},"geometry":{"type":"Polygon","coordinates":[[[-81.30938,43.032655],[-81.309326,43.032588],[-81.309168,43.032653],[-81.309219,43.032714],[-81.30938,43.032655]]]}},{"type":"Feature","properties":{"k":"green"},"geometry":{"type":"Polygon","coordinates":[[[-81.308748,43.033145],[-81.308713,43.033082],[-81.30859,43.033117],[-81.308624,43.033179],[-81.308748,43.033145]]]}},{"type":"Feature","properties":{"k":"fairway"},"geometry":{"type":"Polygon","coordinates":[[[-81.307827,43.033479],[-81.308191,43.033317],[-81.308266,43.033271],[-81.308277,43.033226],[-81.308262,43.03317],[-81.308229,43.033123],[-81.308183,43.033097],[-81.308107,43.0331],[-81.307934,43.033129],[-81.307688,43.03318],[-81.307472,43.033264],[-81.307289,43.033352],[-81.306998,43.033472],[-81.306851,43.033486],[-81.30663,43.033478],[-81.306534,43.033491],[-81.306472,43.033522],[-81.306433,43.033566],[-81.306441,43.03367],[-81.30646,43.033699],[-81.306495,43.033725],[-81.306555,43.033744],[-81.30667,43.033754],[-81.306827,43.033729],[-81.307384,43.033583],[-81.307827,43.033479]]]}},{"type":"Feature","properties":{"k":"green"},"geometry":{"type":"Polygon","coordinates":[[[-81.305815,43.033712],[-81.305821,43.033734],[-81.305805,43.033762],[-81.305764,43.033778],[-81.305588,43.033806],[-81.305457,43.033757],[-81.305434,43.033733],[-81.30543,43.033708],[-81.305439,43.033682],[-81.305465,43.033667],[-81.305506,43.033656],[-81.30565,43.033673],[-81.305749,43.033676],[-81.305792,43.033688],[-81.305815,43.033712]]]}},{"type":"Feature","properties":{"k":"fairway"},"geometry":{"type":"Polygon","coordinates":[[[-81.305894,43.033754],[-81.306162,43.033753],[-81.306212,43.033727],[-81.306229,43.033681],[-81.306229,43.033633],[-81.306206,43.033592],[-81.306151,43.033566],[-81.30606,43.033553],[-81.305977,43.033566],[-81.305889,43.033655],[-81.305859,43.033673],[-81.305725,43.033687],[-81.305777,43.033766],[-81.305894,43.033754]]]}},{"type":"Feature","properties":{"k":"bunker"},"geometry":{"type":"Polygon","coordinates":[[[-81.306045,43.033826],[-81.306094,43.033846],[-81.306115,43.033866],[-81.306118,43.033892],[-81.306102,43.033906],[-81.306007,43.033894],[-81.305988,43.033881],[-81.305994,43.033866],[-81.306044,43.033858],[-81.306008,43.033836],[-81.306016,43.033825],[-81.306045,43.033826]]]}},{"type":"Feature","properties":{"k":"bunker"},"geometry":{"type":"Polygon","coordinates":[[[-81.305771,43.03386],[-81.305742,43.033864],[-81.305716,43.033842],[-81.305714,43.033828],[-81.30576,43.033822],[-81.305818,43.033803],[-81.305843,43.033817],[-81.30585,43.033835],[-81.305839,43.033854],[-81.305771,43.03386]]]}},{"type":"Feature","properties":{"k":"bunker"},"geometry":{"type":"Polygon","coordinates":[[[-81.305446,43.033792],[-81.305378,43.033702],[-81.305347,43.0337],[-81.305337,43.033714],[-81.305299,43.033734],[-81.305299,43.033746],[-81.305311,43.033754],[-81.305348,43.033752],[-81.30536,43.033759],[-81.305345,43.033775],[-81.305408,43.033806],[-81.305443,43.0338],[-81.305446,43.033792]]]}},{"type":"Feature","properties":{"k":"bunker"},"geometry":{"type":"Polygon","coordinates":[[[-81.305772,43.033598],[-81.305788,43.033605],[-81.305797,43.033644],[-81.305821,43.033649],[-81.305852,43.033631],[-81.305871,43.033603],[-81.305874,43.033581],[-81.305854,43.033561],[-81.305819,43.033549],[-81.305757,43.033556],[-81.305725,43.033549],[-81.305701,43.033555],[-81.305701,43.033583],[-81.305661,43.03358],[-81.30565,43.033592],[-81.305658,43.033606],[-81.3057,43.03361],[-81.305678,43.033633],[-81.305687,43.033649],[-81.305741,43.033645],[-81.30576,43.033602],[-81.305772,43.033598]]]}},{"type":"Feature","properties":{"k":"green"},"geometry":{"type":"Polygon","coordinates":[[[-81.305555,43.034322],[-81.30555,43.034253],[-81.305534,43.034231],[-81.305507,43.034219],[-81.305486,43.034219],[-81.305464,43.034232],[-81.305459,43.034248],[-81.305464,43.03434],[-81.30548,43.034355],[-81.305507,43.034355],[-81.305555,43.034322]]]}},{"type":"Feature","properties":{"k":"green"},"geometry":{"type":"Polygon","coordinates":[[[-81.30526,43.034499],[-81.305306,43.034301],[-81.305319,43.034279],[-81.305345,43.034274],[-81.30537,43.034288],[-81.305385,43.034319],[-81.305374,43.034468],[-81.305357,43.034501],[-81.305333,43.034517],[-81.305302,43.034525],[-81.305274,43.034523],[-81.30526,43.034499]]]}},{"type":"Feature","properties":{"k":"bunker"},"geometry":{"type":"Polygon","coordinates":[[[-81.306997,43.03335],[-81.306974,43.033367],[-81.306946,43.03337],[-81.30693,43.033357],[-81.306935,43.033335],[-81.306974,43.033316],[-81.307001,43.033319],[-81.30702,43.03331],[-81.307012,43.033302],[-81.306982,43.033299],[-81.306982,43.033272],[-81.306998,43.033255],[-81.307029,43.033251],[-81.307057,43.033261],[-81.307073,43.033285],[-81.307056,43.033346],[-81.307037,43.033361],[-81.307021,43.033362],[-81.307005,43.033341],[-81.306997,43.03335]]]}},{"type":"Feature","properties":{"k":"path"},"geometry":{"type":"LineString","coordinates":[[-81.3059,43.033864],[-81.305775,43.034129],[-81.305736,43.034238],[-81.30562,43.034389],[-81.30544,43.034532],[-81.30529,43.034628],[-81.305138,43.034839],[-81.305117,43.034884],[-81.305111,43.034964],[-81.30509,43.03499],[-81.305055,43.034991],[-81.305025,43.034955],[-81.305055,43.034913],[-81.305121,43.034875]]}},{"type":"Feature","properties":{"k":"path"},"geometry":{"type":"LineString","coordinates":[[-81.305819,43.033954],[-81.305691,43.033955],[-81.305611,43.033981],[-81.30542,43.033986],[-81.305361,43.033995],[-81.305296,43.034028],[-81.30519,43.034061],[-81.305088,43.034068],[-81.305015,43.034057],[-81.30498,43.034065],[-81.30496,43.034082],[-81.304947,43.034127],[-81.304922,43.034329],[-81.304925,43.034459],[-81.304883,43.034557],[-81.304756,43.034692],[-81.304675,43.034736],[-81.30461,43.034791],[-81.304545,43.034921],[-81.304508,43.034951],[-81.304475,43.034963]]}},{"type":"Feature","properties":{"k":"green"},"geometry":{"type":"Polygon","coordinates":[[[-81.303354,43.035753],[-81.303309,43.03571],[-81.303216,43.035775],[-81.303263,43.035815],[-81.303354,43.035753]]]}},{"type":"Feature","properties":{"k":"green"},"geometry":{"type":"Polygon","coordinates":[[[-81.303812,43.035225],[-81.303765,43.035253],[-81.303708,43.035267],[-81.303644,43.035261],[-81.303592,43.035231],[-81.303557,43.035196],[-81.303539,43.035167],[-81.303537,43.035124],[-81.303564,43.035103],[-81.303597,43.035092],[-81.303813,43.035096],[-81.303852,43.035114],[-81.303864,43.035135],[-81.303867,43.035173],[-81.303812,43.035225]]]}},{"type":"Feature","properties":{"k":"fairway"},"geometry":{"type":"Polygon","coordinates":[[[-81.303787,43.03524],[-81.303934,43.035235],[-81.30397,43.035217],[-81.304033,43.035133],[-81.304095,43.035092],[-81.304119,43.035036],[-81.304103,43.034998],[-81.304067,43.034978],[-81.304017,43.034974],[-81.303963,43.034994],[-81.303863,43.035071],[-81.303804,43.035086],[-81.303738,43.035091],[-81.303787,43.03524]]]}},{"type":"Feature","properties":{"k":"water"},"geometry":{"type":"Polygon","coordinates":[[[-81.303559,43.034983],[-81.303556,43.035002],[-81.303568,43.03502],[-81.303629,43.035051],[-81.303669,43.035061],[-81.303733,43.035063],[-81.303816,43.035048],[-81.303914,43.034961],[-81.303941,43.034923],[-81.303944,43.034891],[-81.303914,43.034846],[-81.303882,43.034827],[-81.303814,43.034825],[-81.303737,43.034833],[-81.303653,43.034858],[-81.303559,43.034983]]]}},{"type":"Feature","properties":{"k":"green"},"geometry":{"type":"Polygon","coordinates":[[[-81.304356,43.035363],[-81.304305,43.035322],[-81.304209,43.035386],[-81.304258,43.035429],[-81.304356,43.035363]]]}},{"type":"Feature","properties":{"k":"green"},"geometry":{"type":"Polygon","coordinates":[[[-81.304198,43.035494],[-81.30427,43.035557],[-81.304109,43.035644],[-81.304038,43.035577],[-81.304198,43.035494]]]}},{"type":"Feature","properties":{"k":"green"},"geometry":{"type":"Polygon","coordinates":[[[-81.303392,43.036297],[-81.303344,43.036242],[-81.303234,43.03629],[-81.303279,43.036344],[-81.303392,43.036297]]]}},{"type":"Feature","properties":{"k":"fairway"},"geometry":{"type":"Polygon","coordinates":[[[-81.302474,43.036689],[-81.302866,43.03645],[-81.302887,43.036424],[-81.302877,43.036383],[-81.302835,43.036329],[-81.3028,43.036298],[-81.302745,43.036278],[-81.302689,43.036288],[-81.302621,43.036322],[-81.302337,43.0365],[-81.301924,43.036722],[-81.301486,43.036987],[-81.301412,43.037039],[-81.301172,43.037169],[-81.30104,43.037231],[-81.300993,43.037262],[-81.300973,43.037314],[-81.300987,43.037369],[-81.301055,43.037425],[-81.301112,43.037434],[-81.301175,43.037426],[-81.301244,43.037405],[-81.301847,43.037017],[-81.302474,43.036689]]]}},{"type":"Feature","properties":{"k":"water"},"geometry":{"type":"Polygon","coordinates":[[[-81.303982,43.034036],[-81.304205,43.034497],[-81.304347,43.03474],[-81.304486,43.035056],[-81.304537,43.035238],[-81.304567,43.035365],[-81.304537,43.035497],[-81.304422,43.035718],[-81.303867,43.035893],[-81.303558,43.035946],[-81.302126,43.036228],[-81.301434,43.036409],[-81.300814,43.036783],[-81.300452,43.037063],[-81.300408,43.037163],[-81.300426,43.037156],[-81.300552,43.037186],[-81.300689,43.03731],[-81.300751,43.037394],[-81.300788,43.037546],[-81.300803,43.037944],[-81.300799,43.038255],[-81.300755,43.038288],[-81.300715,43.0383],[-81.300656,43.038305],[-81.300613,43.038267],[-81.300591,43.038195],[-81.300549,43.038134],[-81.300523,43.038069],[-81.300467,43.03807],[-81.300387,43.038109],[-81.300263,43.038253],[-81.300265,43.038474],[-81.300293,43.038603],[-81.300393,43.038716],[-81.300506,43.038815],[-81.30108,43.039092],[-81.301542,43.039342],[-81.301885,43.039586],[-81.301792,43.039663],[-81.301223,43.039299],[-81.301077,43.039215],[-81.301019,43.039158],[-81.300882,43.039115],[-81.300717,43.03909],[-81.300598,43.039058],[-81.300482,43.039013],[-81.300372,43.038924],[-81.300254,43.038809],[-81.300204,43.038725],[-81.300156,43.038595],[-81.300141,43.038467],[-81.300192,43.038172],[-81.300336,43.038043],[-81.300591,43.037885],[-81.300649,43.03781],[-81.300665,43.037726],[-81.300663,43.037608],[-81.300628,43.037542],[-81.300574,43.037512],[-81.300487,43.037516],[-81.300345,43.037599],[-81.300306,43.037596],[-81.300274,43.037556],[-81.300256,43.037505],[-81.300208,43.037463],[-81.300129,43.037348],[-81.30071,43.036673],[-81.301115,43.036409],[-81.301471,43.036281],[-81.302367,43.03603],[-81.303051,43.035885],[-81.303698,43.035824],[-81.303985,43.035754],[-81.304229,43.035671],[-81.304363,43.035544],[-81.304414,43.035367],[-81.304406,43.035264],[-81.304269,43.034899],[-81.304113,43.034558],[-81.303788,43.034093],[-81.303982,43.034036]]]}},{"type":"Feature","properties":{"k":"green"},"geometry":{"type":"Polygon","coordinates":[[[-81.300273,43.037721],[-81.300259,43.037681],[-81.300221,43.037648],[-81.30018,43.037595],[-81.300156,43.037539],[-81.300109,43.037524],[-81.300056,43.037527],[-81.300015,43.037554],[-81.300011,43.037622],[-81.299985,43.037695],[-81.299998,43.037752],[-81.300033,43.037778],[-81.300193,43.037759],[-81.300247,43.037741],[-81.300273,43.037721]]]}},{"type":"Feature","properties":{"k":"fairway"},"geometry":{"type":"Polygon","coordinates":[[[-81.300193,43.037759],[-81.300271,43.037756],[-81.300417,43.037799],[-81.300465,43.037793],[-81.300528,43.03774],[-81.300562,43.037677],[-81.300536,43.03763],[-81.300491,43.037607],[-81.300234,43.03769],[-81.300193,43.037759]]]}},{"type":"Feature","properties":{"k":"bunker"},"geometry":{"type":"Polygon","coordinates":[[[-81.300146,43.037866],[-81.300139,43.03789],[-81.300174,43.037897],[-81.300221,43.03786],[-81.300269,43.037837],[-81.30028,43.03781],[-81.300256,43.037782],[-81.300215,43.03779],[-81.300228,43.037807],[-81.300219,43.037826],[-81.300152,43.037825],[-81.300111,43.037802],[-81.300041,43.037824],[-81.300078,43.037853],[-81.30005,43.03787],[-81.300057,43.037887],[-81.300072,43.037894],[-81.300113,43.037853],[-81.300137,43.037849],[-81.300146,43.037866]]]}},{"type":"Feature","properties":{"k":"bunker"},"geometry":{"type":"Polygon","coordinates":[[[-81.299965,43.037688],[-81.299965,43.037596],[-81.299946,43.037593],[-81.299918,43.037603],[-81.299924,43.03765],[-81.299899,43.037656],[-81.299935,43.037704],[-81.299965,43.037688]]]}},{"type":"Feature","properties":{"k":"path"},"geometry":{"type":"LineString","coordinates":[[-81.305886,43.033976],[-81.305819,43.033954]]}},{"type":"Feature","properties":{"k":"path"},"geometry":{"type":"LineString","coordinates":[[-81.306125,43.034064],[-81.305886,43.033976]]}},{"type":"Feature","properties":{"k":"path"},"geometry":{"type":"LineString","coordinates":[[-81.304475,43.034963],[-81.304284,43.035032]]}},{"type":"Feature","properties":{"k":"path"},"geometry":{"type":"LineString","coordinates":[[-81.304284,43.035032],[-81.304241,43.03505],[-81.304191,43.03509],[-81.304155,43.03517],[-81.304088,43.035446],[-81.303994,43.035539],[-81.303849,43.035587],[-81.303601,43.035643],[-81.303525,43.035684],[-81.303475,43.03575],[-81.303493,43.035827]]}},{"type":"Feature","properties":{"k":"path"},"geometry":{"type":"LineString","coordinates":[[-81.30097,43.03774],[-81.300988,43.037792],[-81.300962,43.03785],[-81.300903,43.037859],[-81.300824,43.037846],[-81.300601,43.037779],[-81.300542,43.037818],[-81.300489,43.037895],[-81.300235,43.038018],[-81.300166,43.038108],[-81.300145,43.038217],[-81.30012,43.038485],[-81.300147,43.038644],[-81.300194,43.038804],[-81.300169,43.03888],[-81.300147,43.039023],[-81.300223,43.039205],[-81.300331,43.039357],[-81.300541,43.039505],[-81.300641,43.039557]]}},{"type":"Feature","properties":{"k":"green"},"geometry":{"type":"Polygon","coordinates":[[[-81.300044,43.038008],[-81.300022,43.038047],[-81.299985,43.038182],[-81.299992,43.038306],[-81.300018,43.038428],[-81.30003,43.038439],[-81.300052,43.038443],[-81.300081,43.038421],[-81.300069,43.038333],[-81.300071,43.038189],[-81.300112,43.038019],[-81.300106,43.038005],[-81.300084,43.037996],[-81.300057,43.037999],[-81.300044,43.038008]]]}},{"type":"Feature","properties":{"k":"green"},"geometry":{"type":"Polygon","coordinates":[[[-81.300392,43.039102],[-81.300371,43.039132],[-81.300362,43.039206],[-81.300408,43.03932],[-81.300435,43.039355],[-81.300479,43.039366],[-81.300527,43.039364],[-81.300556,43.039347],[-81.300587,43.039291],[-81.300585,43.039245],[-81.300564,43.0392],[-81.300512,43.039124],[-81.300479,43.039098],[-81.300431,43.039088],[-81.300392,43.039102]]]}},{"type":"Feature","properties":{"k":"bunker"},"geometry":{"type":"Polygon","coordinates":[[[-81.300607,43.039186],[-81.300564,43.039159],[-81.300554,43.039136],[-81.30056,43.039124],[-81.300605,43.039119],[-81.300633,43.039138],[-81.300638,43.039168],[-81.30063,43.039186],[-81.300607,43.039186]]]}},{"type":"Feature","properties":{"k":"bunker"},"geometry":{"type":"Polygon","coordinates":[[[-81.300289,43.039192],[-81.300263,43.039159],[-81.300252,43.039121],[-81.300275,43.039068],[-81.300238,43.039082],[-81.300228,43.039076],[-81.300227,43.039059],[-81.300245,43.039034],[-81.300282,43.03902],[-81.300306,43.039026],[-81.300347,43.039057],[-81.300348,43.039077],[-81.300319,43.039103],[-81.300284,43.039116],[-81.30029,43.039136],[-81.300321,43.039163],[-81.30031,43.039184],[-81.300289,43.039192]]]}},{"type":"Feature","properties":{"k":"fairway"},"geometry":{"type":"Polygon","coordinates":[[[-81.300443,43.03918],[-81.300363,43.039198],[-81.300344,43.039161],[-81.300348,43.039125],[-81.300368,43.039083],[-81.300355,43.039058],[-81.300316,43.039023],[-81.300243,43.039014],[-81.30023,43.039005],[-81.300226,43.038989],[-81.300239,43.038971],[-81.300302,43.038954],[-81.300333,43.038969],[-81.300468,43.039084],[-81.30052,43.039154],[-81.300443,43.03918]]]}},{"type":"Feature","properties":{"k":"green"},"geometry":{"type":"Polygon","coordinates":[[[-81.301085,43.039481],[-81.301019,43.03941],[-81.300901,43.039467],[-81.300962,43.039537],[-81.301085,43.039481]]]}},{"type":"Feature","properties":{"k":"green"},"geometry":{"type":"Polygon","coordinates":[[[-81.301896,43.039239],[-81.302031,43.039164],[-81.301975,43.03911],[-81.301838,43.039187],[-81.301896,43.039239]]]}},{"type":"Feature","properties":{"k":"fairway"},"geometry":{"type":"Polygon","coordinates":[[[-81.301696,43.038924],[-81.301818,43.039029],[-81.301841,43.039033],[-81.302048,43.038975],[-81.30307,43.038495],[-81.303154,43.038445],[-81.303476,43.038172],[-81.303571,43.038011],[-81.303493,43.037956],[-81.303043,43.038204],[-81.302835,43.038331],[-81.301725,43.038868],[-81.301702,43.038887],[-81.301696,43.038924]]]}},{"type":"Feature","properties":{"k":"bunker"},"geometry":{"type":"Polygon","coordinates":[[[-81.303647,43.038183],[-81.303629,43.038168],[-81.303601,43.038112],[-81.303606,43.038089],[-81.30364,43.038063],[-81.303657,43.038066],[-81.303667,43.03808],[-81.303656,43.038107],[-81.303659,43.038125],[-81.303697,43.038155],[-81.303694,43.038171],[-81.303681,43.038179],[-81.303647,43.038183]]]}},{"type":"Feature","properties":{"k":"bunker"},"geometry":{"type":"Polygon","coordinates":[[[-81.303398,43.037888],[-81.303353,43.037922],[-81.303344,43.037936],[-81.30335,43.037947],[-81.303397,43.037948],[-81.303435,43.037928],[-81.30346,43.037895],[-81.303446,43.03786],[-81.303454,43.037853],[-81.303488,43.037857],[-81.303503,43.037834],[-81.303495,43.037823],[-81.303479,43.03782],[-81.30344,43.037826],[-81.303433,43.037785],[-81.30335,43.037787],[-81.30331,43.037805],[-81.303286,43.037848],[-81.303292,43.03788],[-81.303303,43.037896],[-81.303337,43.037904],[-81.303376,43.037854],[-81.303368,43.037834],[-81.303373,43.037824],[-81.303399,43.037821],[-81.303413,43.037842],[-81.303398,43.037888]]]}},{"type":"Feature","properties":{"k":"green"},"geometry":{"type":"Polygon","coordinates":[[[-81.303572,43.03783],[-81.303447,43.037968],[-81.303457,43.03801],[-81.303476,43.038026],[-81.303504,43.038034],[-81.303569,43.038027],[-81.303626,43.038007],[-81.303693,43.037951],[-81.303723,43.037915],[-81.303726,43.037882],[-81.303695,43.037836],[-81.303662,43.037821],[-81.303637,43.037818],[-81.3036,43.03782],[-81.303572,43.03783]]]}},{"type":"Feature","properties":{"k":"path"},"geometry":{"type":"LineString","coordinates":[[-81.303052,43.037959],[-81.303093,43.037861],[-81.303157,43.037775],[-81.303255,43.037696],[-81.303338,43.03765],[-81.303507,43.037646],[-81.303678,43.03767],[-81.303772,43.037702],[-81.303921,43.037719]]}},{"type":"Feature","properties":{"k":"path"},"geometry":{"type":"LineString","coordinates":[[-81.3037,43.038028],[-81.304032,43.037835]]}},{"type":"Feature","properties":{"k":"path"},"geometry":{"type":"LineString","coordinates":[[-81.304098,43.036905],[-81.304163,43.036836],[-81.304315,43.036746],[-81.304389,43.03673],[-81.304433,43.036763],[-81.304441,43.036815],[-81.304262,43.036961],[-81.304144,43.037167],[-81.304051,43.037252],[-81.303853,43.037405],[-81.303826,43.037462],[-81.303842,43.037504],[-81.303907,43.037561],[-81.303934,43.037597],[-81.303921,43.037719],[-81.30397,43.037792],[-81.304032,43.037835],[-81.304247,43.037807],[-81.304333,43.037827],[-81.30445,43.037811],[-81.304532,43.037782]]}},{"type":"Feature","properties":{"k":"path"},"geometry":{"type":"LineString","coordinates":[[-81.304157,43.036387],[-81.304463,43.03635],[-81.304581,43.036351],[-81.304784,43.036304],[-81.30496,43.036204],[-81.30507,43.036069],[-81.305144,43.036035],[-81.305308,43.036031],[-81.305475,43.036093],[-81.305546,43.036095],[-81.305578,43.036058],[-81.305568,43.036001],[-81.305519,43.035938],[-81.305519,43.035899],[-81.305565,43.035898],[-81.305935,43.036124]]}},{"type":"Feature","properties":{"k":"path"},"geometry":{"type":"LineString","coordinates":[[-81.304784,43.036304],[-81.304789,43.036339],[-81.304509,43.036778],[-81.304441,43.036815]]}},{"type":"Feature","properties":{"k":"path"},"geometry":{"type":"LineString","coordinates":[[-81.305585,43.037041],[-81.305503,43.037087],[-81.305291,43.037183],[-81.305043,43.037327],[-81.304749,43.037511],[-81.304517,43.037671],[-81.304513,43.03772],[-81.304532,43.037782],[-81.304596,43.037838],[-81.304645,43.037847],[-81.304791,43.037836],[-81.304946,43.037894],[-81.305027,43.037903],[-81.305192,43.037869],[-81.305338,43.037804]]}},{"type":"Feature","properties":{"k":"path"},"geometry":{"type":"LineString","coordinates":[[-81.305554,43.03831],[-81.305499,43.03831],[-81.305169,43.038229],[-81.304633,43.038191]]}},{"type":"Feature","properties":{"k":"path"},"geometry":{"type":"LineString","coordinates":[[-81.304645,43.037847],[-81.304688,43.037988],[-81.304633,43.038191],[-81.30459,43.038227],[-81.304545,43.038321],[-81.304505,43.03844],[-81.304464,43.038474],[-81.304153,43.038552],[-81.304084,43.038613],[-81.304098,43.03889],[-81.303996,43.039341],[-81.303992,43.039402],[-81.304017,43.039589],[-81.303972,43.039728],[-81.303962,43.039946],[-81.303973,43.039988],[-81.303996,43.040004],[-81.304049,43.040019],[-81.304111,43.040022]]}},{"type":"Feature","properties":{"k":"green"},"geometry":{"type":"Polygon","coordinates":[[[-81.304924,43.03814],[-81.304946,43.038039],[-81.30478,43.038011],[-81.304757,43.038114],[-81.304924,43.03814]]]}},{"type":"Feature","properties":{"k":"green"},"geometry":{"type":"Polygon","coordinates":[[[-81.305152,43.038171],[-81.30518,43.038074],[-81.305014,43.038044],[-81.304987,43.038144],[-81.305152,43.038171]]]}},{"type":"Feature","properties":{"k":"green"},"geometry":{"type":"Polygon","coordinates":[[[-81.306214,43.038663],[-81.306211,43.038603],[-81.306089,43.0386],[-81.30609,43.038666],[-81.306214,43.038663]]]}},{"type":"Feature","properties":{"k":"fairway"},"geometry":{"type":"Polygon","coordinates":[[[-81.307313,43.038513],[-81.306571,43.038398],[-81.306516,43.03841],[-81.306467,43.038437],[-81.306436,43.038469],[-81.306426,43.038509],[-81.306431,43.038553],[-81.306466,43.038582],[-81.306507,43.038598],[-81.306803,43.038664],[-81.306856,43.03867],[-81.307107,43.038674],[-81.307269,43.038669],[-81.307397,43.038661],[-81.307569,43.03864],[-81.308389,43.038598],[-81.308707,43.038552],[-81.309305,43.03843],[-81.309361,43.038405],[-81.309481,43.038296],[-81.309566,43.038277],[-81.309626,43.038295],[-81.309643,43.038205],[-81.309467,43.038193],[-81.30936,43.038206],[-81.30852,43.038364],[-81.308209,43.038384],[-81.307943,43.038378],[-81.307813,43.038397],[-81.307639,43.038438],[-81.307381,43.038511],[-81.307313,43.038513]]]}},{"type":"Feature","properties":{"k":"bunker"},"geometry":{"type":"Polygon","coordinates":[[[-81.307437,43.038355],[-81.30743,43.038342],[-81.307414,43.038334],[-81.307357,43.03835],[-81.307387,43.038404],[-81.307414,43.038412],[-81.307442,43.038404],[-81.307484,43.038421],[-81.307499,43.038415],[-81.307503,43.038385],[-81.307522,43.03836],[-81.307506,43.038344],[-81.307484,43.038338],[-81.307443,43.03836],[-81.307437,43.038355]]]}},{"type":"Feature","properties":{"k":"bunker"},"geometry":{"type":"Polygon","coordinates":[[[-81.307327,43.038433],[-81.307325,43.038442],[-81.307266,43.038438],[-81.307253,43.038407],[-81.307192,43.038396],[-81.307201,43.03842],[-81.307181,43.038433],[-81.307161,43.038428],[-81.307154,43.038419],[-81.307137,43.03842],[-81.307117,43.038411],[-81.307106,43.038371],[-81.307126,43.038355],[-81.307146,43.038352],[-81.307283,43.03836],[-81.307323,43.038382],[-81.307314,43.038413],[-81.307327,43.038433]]]}},{"type":"Feature","properties":{"k":"green"},"geometry":{"type":"Polygon","coordinates":[[[-81.309805,43.038346],[-81.309909,43.038302],[-81.309919,43.038266],[-81.309899,43.038238],[-81.309872,43.038218],[-81.309742,43.038199],[-81.309643,43.038196],[-81.309614,43.038211],[-81.309596,43.038246],[-81.309607,43.038281],[-81.309642,43.038308],[-81.309681,43.038333],[-81.309719,43.038347],[-81.309805,43.038346]]]}},{"type":"Feature","properties":{"k":"bunker"},"geometry":{"type":"Polygon","coordinates":[[[-81.309764,43.038416],[-81.309699,43.038415],[-81.309681,43.038427],[-81.30972,43.038456],[-81.30974,43.038461],[-81.309771,43.038454],[-81.309797,43.038478],[-81.309824,43.038481],[-81.309842,43.038463],[-81.309836,43.038432],[-81.309848,43.038423],[-81.309891,43.038419],[-81.309904,43.038404],[-81.309905,43.038384],[-81.309886,43.038369],[-81.309859,43.038369],[-81.309801,43.038389],[-81.309764,43.038416]]]}},{"type":"Feature","properties":{"k":"bunker"},"geometry":{"type":"Polygon","coordinates":[[[-81.309539,43.038487],[-81.309481,43.038449],[-81.309453,43.038382],[-81.309459,43.038357],[-81.309484,43.038328],[-81.309546,43.038302],[-81.309575,43.03831],[-81.309586,43.038326],[-81.309584,43.038346],[-81.309521,43.038351],[-81.309504,43.038386],[-81.309543,43.038408],[-81.309547,43.03844],[-81.309581,43.038454],[-81.30959,43.038471],[-81.309581,43.038484],[-81.309539,43.038487]]]}},{"type":"Feature","properties":{"k":"path"},"geometry":{"type":"LineString","coordinates":[[-81.309424,43.038141],[-81.309521,43.038104],[-81.309603,43.038025],[-81.309643,43.038007],[-81.30984,43.03798],[-81.309991,43.037866],[-81.310042,43.037858],[-81.310069,43.037845],[-81.310073,43.037824],[-81.310046,43.037804],[-81.310016,43.037815],[-81.309994,43.037841],[-81.31,43.037864]]}},{"type":"Feature","properties":{"k":"green"},"geometry":{"type":"Polygon","coordinates":[[[-81.310728,43.038175],[-81.310765,43.038111],[-81.310647,43.038077],[-81.310613,43.038141],[-81.310728,43.038175]]]}},{"type":"Feature","properties":{"k":"green"},"geometry":{"type":"Polygon","coordinates":[[[-81.310324,43.038039],[-81.310347,43.037972],[-81.310022,43.037922],[-81.310005,43.037991],[-81.310324,43.038039]]]}},{"type":"Feature","properties":{"k":"green"},"geometry":{"type":"Polygon","coordinates":[[[-81.308856,43.037971],[-81.308881,43.037914],[-81.308753,43.037882],[-81.308728,43.037941],[-81.308856,43.037971]]]}},{"type":"Feature","properties":{"k":"fairway"},"geometry":{"type":"Polygon","coordinates":[[[-81.307806,43.037756],[-81.307947,43.037755],[-81.308269,43.03777],[-81.308705,43.037834],[-81.30875,43.037821],[-81.308778,43.037796],[-81.308793,43.037717],[-81.308788,43.037673],[-81.308755,43.037643],[-81.308721,43.037628],[-81.308567,43.037625],[-81.308408,43.03759],[-81.308216,43.037517],[-81.308033,43.037473],[-81.307774,43.037493],[-81.307709,43.037489],[-81.307457,43.037428],[-81.307257,43.037401],[-81.306519,43.037328],[-81.30607,43.037377],[-81.305928,43.037403],[-81.305475,43.037425],[-81.305359,43.037441],[-81.305235,43.037486],[-81.305105,43.037548],[-81.305031,43.037599],[-81.305088,43.037677],[-81.305139,43.037619],[-81.305205,43.037607],[-81.305263,43.037619],[-81.305436,43.037677],[-81.305522,43.037682],[-81.305927,43.037635],[-81.306525,43.037548],[-81.306592,43.037547],[-81.307367,43.037691],[-81.307489,43.03772],[-81.307653,43.037745],[-81.307806,43.037756]]]}},{"type":"Feature","properties":{"k":"bunker"},"geometry":{"type":"Polygon","coordinates":[[[-81.307854,43.037395],[-81.307834,43.037418],[-81.307843,43.037429],[-81.307903,43.037436],[-81.307924,43.037425],[-81.307927,43.037399],[-81.307913,43.037376],[-81.307821,43.037344],[-81.307701,43.037381],[-81.307667,43.037423],[-81.307668,43.037439],[-81.307693,43.037452],[-81.307718,43.03745],[-81.307769,43.037397],[-81.307842,43.037382],[-81.307854,43.037395]]]}},{"type":"Feature","properties":{"k":"green"},"geometry":{"type":"Polygon","coordinates":[[[-81.305094,43.037607],[-81.305113,43.037658],[-81.305083,43.037735],[-81.305058,43.03775],[-81.305019,43.037758],[-81.304971,43.037757],[-81.304932,43.037746],[-81.304887,43.037714],[-81.304868,43.037654],[-81.30488,43.037627],[-81.304906,43.037608],[-81.304993,43.037581],[-81.305038,43.03758],[-81.305094,43.037607]]]}},{"type":"Feature","properties":{"k":"bunker"},"geometry":{"type":"Polygon","coordinates":[[[-81.305142,43.037687],[-81.305185,43.037688],[-81.305186,43.0377],[-81.305146,43.037712],[-81.305133,43.037728],[-81.30514,43.037746],[-81.305153,43.037751],[-81.305233,43.03774],[-81.30525,43.037732],[-81.305254,43.037717],[-81.305236,43.037681],[-81.305237,43.037659],[-81.305219,43.037638],[-81.305184,43.037631],[-81.305156,43.037638],[-81.305139,43.037658],[-81.305142,43.037687]]]}},{"type":"Feature","properties":{"k":"bunker"},"geometry":{"type":"Polygon","coordinates":[[[-81.304932,43.037532],[-81.3049,43.037505],[-81.304872,43.037509],[-81.304867,43.037531],[-81.304808,43.037547],[-81.304809,43.037563],[-81.304827,43.037576],[-81.304895,43.037567],[-81.304927,43.037549],[-81.304932,43.037532]]]}},{"type":"Feature","properties":{"k":"bunker"},"geometry":{"type":"Polygon","coordinates":[[[-81.305033,43.037439],[-81.304977,43.037465],[-81.304975,43.03749],[-81.304952,43.037517],[-81.30497,43.037542],[-81.304993,43.037544],[-81.305039,43.037534],[-81.305074,43.037503],[-81.305154,43.037481],[-81.305163,43.037465],[-81.30516,43.03745],[-81.305111,43.037435],[-81.305111,43.037453],[-81.3051,43.037463],[-81.305076,43.03746],[-81.305033,43.037439]]]}},{"type":"Feature","properties":{"k":"bunker"},"geometry":{"type":"Polygon","coordinates":[[[-81.305213,43.037392],[-81.305167,43.037429],[-81.305096,43.03741],[-81.305114,43.037373],[-81.305167,43.037376],[-81.305172,43.037365],[-81.305157,43.037352],[-81.305158,43.037343],[-81.305168,43.037336],[-81.305205,43.037342],[-81.305206,43.037306],[-81.30525,43.037293],[-81.305283,43.03733],[-81.305287,43.037353],[-81.305264,43.037371],[-81.305226,43.037379],[-81.305213,43.037392]]]}},{"type":"Feature","properties":{"k":"green"},"geometry":{"type":"Polygon","coordinates":[[[-81.304142,43.037676],[-81.304056,43.037755],[-81.304115,43.037788],[-81.304204,43.037711],[-81.304142,43.037676]]]}},{"type":"Feature","properties":{"k":"green"},"geometry":{"type":"Polygon","coordinates":[[[-81.30405,43.037556],[-81.304212,43.037435],[-81.30408,43.037336],[-81.303917,43.037467],[-81.30405,43.037556]]]}},{"type":"Feature","properties":{"k":"green"},"geometry":{"type":"Polygon","coordinates":[[[-81.3044,43.037319],[-81.304293,43.037395],[-81.304193,43.037319],[-81.304293,43.03724],[-81.3044,43.037319]]]}},{"type":"Feature","properties":{"k":"green"},"geometry":{"type":"Polygon","coordinates":[[[-81.305361,43.036415],[-81.30534,43.036433],[-81.305301,43.036446],[-81.305257,43.03644],[-81.305204,43.036422],[-81.305178,43.036395],[-81.305152,43.036308],[-81.305163,43.036271],[-81.305238,43.036155],[-81.305267,43.036141],[-81.305309,43.036134],[-81.305343,43.036143],[-81.30537,43.036167],[-81.305384,43.036198],[-81.305387,43.036342],[-81.305361,43.036415]]]}},{"type":"Feature","properties":{"k":"bunker"},"geometry":{"type":"Polygon","coordinates":[[[-81.30514,43.036419],[-81.305107,43.036388],[-81.305083,43.036394],[-81.305062,43.036391],[-81.305071,43.036372],[-81.305088,43.036368],[-81.305102,43.036354],[-81.305107,43.036339],[-81.305091,43.036317],[-81.305071,43.036315],[-81.305012,43.036339],[-81.305009,43.036388],[-81.305053,43.036427],[-81.305102,43.036447],[-81.30513,43.036442],[-81.30514,43.036419]]]}},{"type":"Feature","properties":{"k":"bunker"},"geometry":{"type":"Polygon","coordinates":[[[-81.305147,43.036222],[-81.30515,43.036237],[-81.30514,43.03625],[-81.305111,43.036262],[-81.305057,43.036248],[-81.305058,43.036226],[-81.30507,43.036211],[-81.305114,43.036198],[-81.305098,43.036168],[-81.305112,43.036151],[-81.305158,43.036147],[-81.305171,43.03616],[-81.305173,43.036193],[-81.305142,43.03621],[-81.305147,43.036222]]]}},{"type":"Feature","properties":{"k":"fairway"},"geometry":{"type":"Polygon","coordinates":[[[-81.305336,43.03641],[-81.305315,43.03647],[-81.305066,43.036669],[-81.304968,43.036767],[-81.304918,43.036777],[-81.304896,43.036771],[-81.304829,43.036722],[-81.30481,43.036698],[-81.304813,43.036669],[-81.304842,43.036633],[-81.304922,43.036564],[-81.304974,43.036505],[-81.305013,43.036484],[-81.305104,43.036479],[-81.305149,43.036465],[-81.305164,43.03645],[-81.305177,43.036366],[-81.305336,43.03641]]]}},{"type":"Feature","properties":{"k":"path"},"geometry":{"type":"LineString","coordinates":[[-81.301496,43.0393],[-81.301579,43.03923],[-81.301671,43.039213],[-81.301814,43.039263],[-81.301922,43.039333]]}},{"type":"Feature","properties":{"k":"path"},"geometry":{"type":"LineString","coordinates":[[-81.301357,43.039423],[-81.301383,43.039399]]}},{"type":"Feature","properties":{"k":"path"},"geometry":{"type":"LineString","coordinates":[[-81.301454,43.039337],[-81.301496,43.0393]]}},{"type":"Feature","properties":{"k":"path"},"geometry":{"type":"LineString","coordinates":[[-81.301383,43.039399],[-81.301454,43.039337]]}},{"type":"Feature","properties":{"k":"green"},"geometry":{"type":"Polygon","coordinates":[[[-81.306481,43.037041],[-81.306494,43.036957],[-81.306334,43.036943],[-81.306321,43.037031],[-81.306481,43.037041]]]}},{"type":"Feature","properties":{"k":"green"},"geometry":{"type":"Polygon","coordinates":[[[-81.306777,43.037013],[-81.3068,43.036884],[-81.306571,43.03686],[-81.306547,43.036995],[-81.306777,43.037013]]]}},{"type":"Feature","properties":{"k":"fairway"},"geometry":{"type":"Polygon","coordinates":[[[-81.309053,43.037096],[-81.308076,43.036987],[-81.308032,43.036997],[-81.307976,43.03703],[-81.30796,43.037049],[-81.307943,43.037104],[-81.307963,43.037146],[-81.308017,43.037176],[-81.308087,43.037197],[-81.308293,43.037225],[-81.308902,43.037288],[-81.309204,43.037326],[-81.309449,43.037369],[-81.30959,43.037382],[-81.310102,43.037397],[-81.310321,43.037416],[-81.310839,43.037528],[-81.311179,43.037592],[-81.311766,43.037723],[-81.311881,43.037755],[-81.311943,43.037798],[-81.312046,43.037722],[-81.311994,43.03767],[-81.311958,43.037651],[-81.311914,43.037588],[-81.311832,43.037556],[-81.311316,43.037414],[-81.311148,43.037406],[-81.311072,43.037377],[-81.310918,43.037301],[-81.310807,43.03727],[-81.310705,43.037258],[-81.310281,43.037245],[-81.310003,43.037216],[-81.309515,43.037137],[-81.309053,43.037096]]]}},{"type":"Feature","properties":{"k":"bunker"},"geometry":{"type":"Polygon","coordinates":[[[-81.311172,43.03735],[-81.311135,43.037354],[-81.311101,43.037349],[-81.311086,43.037333],[-81.311066,43.037279],[-81.311086,43.037247],[-81.311105,43.037245],[-81.31112,43.037254],[-81.311126,43.03728],[-81.311153,43.037264],[-81.311167,43.037263],[-81.311186,43.037276],[-81.31119,43.037294],[-81.311167,43.037306],[-81.311179,43.037329],[-81.311172,43.03735]]]}},{"type":"Feature","properties":{"k":"path"},"geometry":{"type":"LineString","coordinates":[[-81.311998,43.037487],[-81.312179,43.03749],[-81.312251,43.03748],[-81.312435,43.037416],[-81.312607,43.037335],[-81.312657,43.037327],[-81.312865,43.037358],[-81.312952,43.037335],[-81.313016,43.037349]]}},{"type":"Feature","properties":{"k":"green"},"geometry":{"type":"Polygon","coordinates":[[[-81.31195,43.037716],[-81.311936,43.037775],[-81.311986,43.037871],[-81.312033,43.0379],[-81.31209,43.037903],[-81.31214,43.037886],[-81.312204,43.037824],[-81.312211,43.037774],[-81.312185,43.037723],[-81.31214,43.037692],[-81.312067,43.037675],[-81.311976,43.037694],[-81.31195,43.037716]]]}},{"type":"Feature","properties":{"k":"bunker"},"geometry":{"type":"Polygon","coordinates":[[[-81.311766,43.03783],[-81.311773,43.037867],[-81.311766,43.037913],[-81.311797,43.037953],[-81.311806,43.037937],[-81.311852,43.037937],[-81.311861,43.03792],[-81.311846,43.037889],[-81.311881,43.03789],[-81.311893,43.037884],[-81.311891,43.037866],[-81.311856,43.037837],[-81.31182,43.037837],[-81.31181,43.03783],[-81.311821,43.037816],[-81.311803,43.037802],[-81.311838,43.037798],[-81.311837,43.037784],[-81.311821,43.03777],[-81.311796,43.037763],[-81.311726,43.037783],[-81.311714,43.037799],[-81.311715,43.037818],[-81.311733,43.037831],[-81.311749,43.037824],[-81.311766,43.03783]]]}},{"type":"Feature","properties":{"k":"bunker"},"geometry":{"type":"Polygon","coordinates":[[[-81.312058,43.037636],[-81.312056,43.037649],[-81.312029,43.037658],[-81.311986,43.037653],[-81.31197,43.037638],[-81.311968,43.037617],[-81.311989,43.0376],[-81.312074,43.037587],[-81.312097,43.037594],[-81.312104,43.037609],[-81.312129,43.037609],[-81.31216,43.037652],[-81.312152,43.037661],[-81.312136,43.037663],[-81.3121,43.037658],[-81.312077,43.037637],[-81.312058,43.037636]]]}},{"type":"Feature","properties":{"k":"green"},"geometry":{"type":"Polygon","coordinates":[[[-81.308283,43.036935],[-81.308308,43.036865],[-81.308172,43.036838],[-81.308146,43.036908],[-81.308283,43.036935]]]}},{"type":"Feature","properties":{"k":"green"},"geometry":{"type":"Polygon","coordinates":[[[-81.312236,43.037449],[-81.312484,43.037371],[-81.312399,43.037268],[-81.312165,43.037355],[-81.312236,43.037449]]]}},{"type":"Feature","properties":{"k":"green"},"geometry":{"type":"Polygon","coordinates":[[[-81.312718,43.037461],[-81.312662,43.037386],[-81.312517,43.037436],[-81.312575,43.037504],[-81.312718,43.037461]]]}},{"type":"Feature","properties":{"k":"green"},"geometry":{"type":"Polygon","coordinates":[[[-81.313032,43.037461],[-81.312988,43.037408],[-81.312854,43.037461],[-81.312899,43.037518],[-81.313032,43.037461]]]}},{"type":"Feature","properties":{"k":"fairway"},"geometry":{"type":"Polygon","coordinates":[[[-81.314769,43.036726],[-81.314195,43.036871],[-81.313683,43.037039],[-81.31362,43.037052],[-81.313586,43.037057],[-81.313567,43.037046],[-81.313536,43.037022],[-81.313485,43.036955],[-81.313482,43.036901],[-81.313505,43.036866],[-81.313566,43.036831],[-81.31431,43.036572],[-81.314779,43.036429],[-81.314915,43.036366],[-81.315054,43.036268],[-81.315525,43.035908],[-81.315566,43.035892],[-81.315738,43.035878],[-81.315803,43.035921],[-81.315775,43.035979],[-81.315775,43.036082],[-81.31544,43.036306],[-81.315328,43.036408],[-81.315216,43.036485],[-81.315017,43.036611],[-81.314897,43.036672],[-81.314769,43.036726]]]}},{"type":"Feature","properties":{"k":"green"},"geometry":{"type":"Polygon","coordinates":[[[-81.315727,43.035911],[-81.315749,43.035934],[-81.315806,43.035948],[-81.315862,43.035938],[-81.315927,43.035898],[-81.315997,43.035823],[-81.316019,43.035772],[-81.316007,43.035738],[-81.315977,43.035708],[-81.315925,43.035698],[-81.31586,43.035713],[-81.315753,43.035775],[-81.315712,43.035859],[-81.315714,43.035891],[-81.315727,43.035911]]]}},{"type":"Feature","properties":{"k":"bunker"},"geometry":{"type":"Polygon","coordinates":[[[-81.316032,43.035942],[-81.315975,43.035896],[-81.315981,43.035882],[-81.316006,43.035865],[-81.316012,43.035877],[-81.316034,43.035884],[-81.316044,43.035873],[-81.316025,43.035838],[-81.316034,43.035818],[-81.316068,43.035811],[-81.316088,43.035818],[-81.316097,43.035881],[-81.316082,43.035924],[-81.316032,43.035942]]]}},{"type":"Feature","properties":{"k":"bunker"},"geometry":{"type":"Polygon","coordinates":[[[-81.315824,43.036053],[-81.315803,43.036035],[-81.315787,43.035997],[-81.315792,43.035983],[-81.315822,43.03598],[-81.315838,43.035989],[-81.315844,43.036011],[-81.315858,43.036011],[-81.315875,43.036004],[-81.315875,43.03597],[-81.315888,43.035958],[-81.315916,43.035952],[-81.315942,43.035961],[-81.315958,43.035989],[-81.315954,43.036005],[-81.315888,43.036016],[-81.315893,43.036026],[-81.315913,43.036035],[-81.315911,43.036046],[-81.315886,43.036055],[-81.315824,43.036053]]]}},{"type":"Feature","properties":{"k":"bunker"},"geometry":{"type":"Polygon","coordinates":[[[-81.31568,43.035824],[-81.315688,43.035847],[-81.315682,43.03586],[-81.315665,43.035866],[-81.315627,43.035865],[-81.31556,43.035839],[-81.315538,43.035817],[-81.315539,43.035799],[-81.315553,43.035778],[-81.315625,43.035755],[-81.315632,43.035723],[-81.315667,43.035704],[-81.315694,43.035729],[-81.315722,43.035732],[-81.315733,43.035744],[-81.315713,43.035776],[-81.315668,43.035779],[-81.315625,43.035793],[-81.315618,43.035801],[-81.315628,43.035809],[-81.315668,43.035799],[-81.31568,43.035808],[-81.31568,43.035824]]]}},{"type":"Feature","properties":{"k":"green"},"geometry":{"type":"Polygon","coordinates":[[[-81.316861,43.036671],[-81.316847,43.036711],[-81.316844,43.036762],[-81.316861,43.036784],[-81.316896,43.036804],[-81.316936,43.03681],[-81.316984,43.036811],[-81.317022,43.036796],[-81.317061,43.036759],[-81.317071,43.036715],[-81.317081,43.036589],[-81.317062,43.036554],[-81.317028,43.036533],[-81.316987,43.036525],[-81.316932,43.036547],[-81.316901,43.036575],[-81.316861,43.036671]]]}},{"type":"Feature","properties":{"k":"fairway"},"geometry":{"type":"Polygon","coordinates":[[[-81.316924,43.036589],[-81.316842,43.036488],[-81.316789,43.036364],[-81.316792,43.036315],[-81.31682,43.036287],[-81.316884,43.03626],[-81.316926,43.036258],[-81.316957,43.036277],[-81.316986,43.036312],[-81.316998,43.036355],[-81.316994,43.036396],[-81.316955,43.036459],[-81.316988,43.036502],[-81.317042,43.036527],[-81.317062,43.036554],[-81.316924,43.036589]]]}},{"type":"Feature","properties":{"k":"bunker"},"geometry":{"type":"Polygon","coordinates":[[[-81.317069,43.036517],[-81.317058,43.036466],[-81.31704,43.036463],[-81.317034,43.036486],[-81.317021,43.036489],[-81.316983,43.036476],[-81.31698,43.036461],[-81.316996,43.036437],[-81.317026,43.036427],[-81.31711,43.036439],[-81.317154,43.036478],[-81.317113,43.036498],[-81.317148,43.03651],[-81.317148,43.036546],[-81.31714,43.036557],[-81.31709,43.036548],[-81.317069,43.036517]]]}},{"type":"Feature","properties":{"k":"bunker"},"geometry":{"type":"Polygon","coordinates":[[[-81.316793,43.036529],[-81.316784,43.036593],[-81.316809,43.036616],[-81.316844,43.036597],[-81.316855,43.03656],[-81.316816,43.036522],[-81.316793,43.036529]]]}},{"type":"Feature","properties":{"k":"bunker"},"geometry":{"type":"Polygon","coordinates":[[[-81.316785,43.036671],[-81.31675,43.036684],[-81.316716,43.036759],[-81.316752,43.036792],[-81.316772,43.036797],[-81.316805,43.036792],[-81.316795,43.036764],[-81.316753,43.036738],[-81.31677,43.036731],[-81.316785,43.036735],[-81.316805,43.036705],[-81.316785,43.036671]]]}},{"type":"Feature","properties":{"k":"green"},"geometry":{"type":"Polygon","coordinates":[[[-81.317343,43.036905],[-81.317505,43.036858],[-81.317475,43.036805],[-81.317314,43.036861],[-81.317343,43.036905]]]}},{"type":"Feature","properties":{"k":"green"},"geometry":{"type":"Polygon","coordinates":[[[-81.317127,43.036973],[-81.317102,43.03692],[-81.316878,43.03697],[-81.316904,43.037025],[-81.317127,43.036973]]]}},{"type":"Feature","properties":{"k":"path"},"geometry":{"type":"LineString","coordinates":[[-81.316745,43.037026],[-81.316774,43.036966],[-81.316825,43.036938],[-81.317166,43.036868],[-81.317234,43.036837],[-81.317308,43.03679],[-81.317354,43.036734],[-81.317352,43.036664],[-81.317302,43.036568],[-81.317308,43.036505],[-81.317337,43.036483],[-81.317354,43.036446],[-81.317323,43.036396]]}},{"type":"Feature","properties":{"k":"green"},"geometry":{"type":"Polygon","coordinates":[[[-81.315589,43.03704],[-81.315555,43.036978],[-81.315426,43.037009],[-81.315456,43.037075],[-81.315589,43.03704]]]}},{"type":"Feature","properties":{"k":"fairway"},"geometry":{"type":"Polygon","coordinates":[[[-81.313959,43.037683],[-81.314483,43.037566],[-81.314763,43.037462],[-81.314813,43.037432],[-81.314876,43.037414],[-81.315198,43.037429],[-81.315269,43.037407],[-81.315295,43.037391],[-81.315315,43.037349],[-81.315213,43.03719],[-81.315156,43.037158],[-81.314785,43.03722],[-81.314529,43.037285],[-81.31399,43.037451],[-81.31346,43.037604],[-81.313246,43.037675],[-81.312989,43.037737],[-81.312777,43.037804],[-81.312648,43.037887],[-81.312579,43.038087],[-81.312667,43.03809],[-81.312728,43.038077],[-81.312799,43.038044],[-81.312831,43.03801],[-81.31289,43.037969],[-81.312964,43.037937],[-81.313412,43.037849],[-81.313959,43.037683]]]}},{"type":"Feature","properties":{"k":"bunker"},"geometry":{"type":"Polygon","coordinates":[[[-81.314955,43.037493],[-81.314949,43.037513],[-81.314964,43.03752],[-81.315031,43.037494],[-81.315039,43.037476],[-81.315002,43.037449],[-81.314907,43.037442],[-81.31486,43.037455],[-81.314843,43.037493],[-81.314865,43.037523],[-81.314896,43.037502],[-81.314914,43.037502],[-81.314933,43.03748],[-81.31495,43.037479],[-81.31496,43.037486],[-81.314955,43.037493]]]}},{"type":"Feature","properties":{"k":"green"},"geometry":{"type":"Polygon","coordinates":[[[-81.312562,43.038105],[-81.312484,43.038079],[-81.312448,43.038056],[-81.312414,43.037999],[-81.31242,43.037966],[-81.312437,43.037936],[-81.312498,43.03788],[-81.312545,43.037865],[-81.312608,43.037864],[-81.312652,43.037871],[-81.312703,43.037891],[-81.312735,43.037926],[-81.312734,43.037964],[-81.31271,43.038016],[-81.312681,43.038052],[-81.31261,43.038094],[-81.312562,43.038105]]]}},{"type":"Feature","properties":{"k":"path"},"geometry":{"type":"LineString","coordinates":[[-81.311817,43.038277],[-81.311873,43.038288],[-81.311935,43.038285],[-81.312203,43.03823],[-81.312442,43.038204],[-81.312508,43.038212],[-81.312626,43.03824]]}},{"type":"Feature","properties":{"k":"green"},"geometry":{"type":"Polygon","coordinates":[[[-81.3125,43.03831],[-81.312486,43.038259],[-81.312205,43.038291],[-81.31223,43.03836],[-81.3125,43.03831]]]}},{"type":"Feature","properties":{"k":"green"},"geometry":{"type":"Polygon","coordinates":[[[-81.312082,43.038196],[-81.312044,43.038113],[-81.311863,43.038159],[-81.311908,43.038242],[-81.312082,43.038196]]]}},{"type":"Feature","properties":{"k":"fairway"},"geometry":{"type":"Polygon","coordinates":[[[-81.309796,43.038858],[-81.309905,43.038804],[-81.31002,43.038772],[-81.31038,43.038723],[-81.310655,43.038669],[-81.310772,43.038625],[-81.311037,43.038565],[-81.311064,43.038551],[-81.311083,43.038522],[-81.311041,43.038419],[-81.311012,43.038394],[-81.31097,43.038389],[-81.310893,43.038392],[-81.310577,43.038428],[-81.31034,43.038466],[-81.31002,43.038559],[-81.30961,43.038656],[-81.309445,43.038711],[-81.30925,43.038787],[-81.308724,43.039006],[-81.308632,43.039058],[-81.308574,43.039106],[-81.308555,43.039141],[-81.308551,43.039181],[-81.308519,43.039222],[-81.308433,43.039253],[-81.308513,43.039347],[-81.308716,43.039282],[-81.309038,43.039214],[-81.309157,43.039172],[-81.309413,43.039057],[-81.309796,43.038858]]]}},{"type":"Feature","properties":{"k":"bunker"},"geometry":{"type":"Polygon","coordinates":[[[-81.310154,43.038393],[-81.310103,43.038409],[-81.310065,43.038435],[-81.310063,43.038463],[-81.31008,43.038476],[-81.310115,43.038477],[-81.310133,43.038457],[-81.310181,43.038442],[-81.3102,43.038427],[-81.310197,43.038412],[-81.310154,43.038393]]]}},{"type":"Feature","properties":{"k":"green"},"geometry":{"type":"Polygon","coordinates":[[[-81.308481,43.039369],[-81.308418,43.039381],[-81.308377,43.039375],[-81.308341,43.039356],[-81.308303,43.039301],[-81.308313,43.039248],[-81.30837,43.039223],[-81.308441,43.039224],[-81.308598,43.039272],[-81.308607,43.039298],[-81.308585,43.039336],[-81.308522,43.039361],[-81.308481,43.039369]]]}},{"type":"Feature","properties":{"k":"bunker"},"geometry":{"type":"Polygon","coordinates":[[[-81.308591,43.039372],[-81.308553,43.03939],[-81.308548,43.039406],[-81.308562,43.039422],[-81.308586,43.039428],[-81.308626,43.039401],[-81.308638,43.039416],[-81.308655,43.039419],[-81.308691,43.03938],[-81.308691,43.039355],[-81.308674,43.039341],[-81.308591,43.039372]]]}},{"type":"Feature","properties":{"k":"green"},"geometry":{"type":"Polygon","coordinates":[[[-81.308077,43.039321],[-81.308023,43.039226],[-81.307868,43.039274],[-81.307918,43.03937],[-81.308077,43.039321]]]}},{"type":"Feature","properties":{"k":"green"},"geometry":{"type":"Polygon","coordinates":[[[-81.307892,43.039417],[-81.30785,43.03933],[-81.307693,43.039375],[-81.307738,43.039463],[-81.307892,43.039417]]]}},{"type":"Feature","properties":{"k":"path"},"geometry":{"type":"LineString","coordinates":[[-81.307652,43.039549],[-81.307703,43.039519],[-81.307997,43.039412],[-81.308115,43.039346],[-81.308134,43.039203],[-81.308166,43.039142],[-81.308294,43.039049]]}},{"type":"Feature","properties":{"k":"green"},"geometry":{"type":"Polygon","coordinates":[[[-81.307468,43.03969],[-81.307444,43.039632],[-81.30732,43.039661],[-81.307344,43.03972],[-81.307468,43.03969]]]}},{"type":"Feature","properties":{"k":"fairway"},"geometry":{"type":"Polygon","coordinates":[[[-81.305866,43.040068],[-81.306843,43.039835],[-81.30687,43.039815],[-81.306876,43.03979],[-81.306868,43.039771],[-81.306812,43.039698],[-81.306784,43.039678],[-81.306741,43.039668],[-81.306692,43.039675],[-81.306639,43.039686],[-81.305996,43.039893],[-81.305841,43.03993],[-81.305492,43.039941],[-81.304912,43.040108],[-81.30425,43.040185],[-81.303987,43.040225],[-81.303861,43.040198],[-81.303792,43.040226],[-81.303736,43.040312],[-81.303781,43.040382],[-81.303937,43.040387],[-81.30414,43.040405],[-81.304433,43.040406],[-81.304557,43.040395],[-81.304757,43.040359],[-81.304899,43.040322],[-81.305071,43.040301],[-81.305292,43.04026],[-81.305555,43.040188],[-81.305745,43.040107],[-81.305866,43.040068]]]}},{"type":"Feature","properties":{"k":"green"},"geometry":{"type":"Polygon","coordinates":[[[-81.303857,43.040413],[-81.303781,43.040454],[-81.303729,43.040464],[-81.30369,43.040456],[-81.303631,43.040419],[-81.303605,43.040394],[-81.303604,43.040371],[-81.303651,43.040322],[-81.303745,43.040259],[-81.30377,43.040245],[-81.303839,43.040236],[-81.303875,43.040248],[-81.303896,43.040273],[-81.303896,43.040333],[-81.303857,43.040413]]]}},{"type":"Feature","properties":{"k":"bunker"},"geometry":{"type":"Polygon","coordinates":[[[-81.30393,43.040073],[-81.304017,43.040153],[-81.30402,43.040188],[-81.304006,43.040197],[-81.303968,43.040199],[-81.303958,43.040189],[-81.303966,43.040147],[-81.303956,43.040145],[-81.303936,43.040158],[-81.3039,43.040167],[-81.303873,43.040157],[-81.303897,43.040112],[-81.303868,43.040087],[-81.303873,43.040077],[-81.303899,43.040063],[-81.30393,43.040073]]]}},{"type":"Feature","properties":{"k":"bunker"},"geometry":{"type":"Polygon","coordinates":[[[-81.303808,43.040169],[-81.303799,43.040131],[-81.303785,43.040124],[-81.303765,43.04012],[-81.303693,43.040134],[-81.303682,43.040163],[-81.303653,43.040176],[-81.303629,43.040211],[-81.303642,43.040232],[-81.303679,43.040233],[-81.303702,43.040222],[-81.303709,43.0402],[-81.303745,43.040169],[-81.303755,43.040168],[-81.303764,43.040184],[-81.303776,43.040185],[-81.303808,43.040169]]]}},{"type":"Feature","properties":{"k":"green"},"geometry":{"type":"Polygon","coordinates":[[[-81.303582,43.039678],[-81.303648,43.039558],[-81.303547,43.039528],[-81.303486,43.039648],[-81.303582,43.039678]]]}},{"type":"Feature","properties":{"k":"green"},"geometry":{"type":"Polygon","coordinates":[[[-81.303849,43.039386],[-81.303939,43.039195],[-81.303782,43.039156],[-81.303691,43.039349],[-81.303849,43.039386]]]}},{"type":"Feature","properties":{"k":"green"},"geometry":{"type":"Polygon","coordinates":[[[-81.303931,43.039082],[-81.303956,43.039021],[-81.303828,43.038988],[-81.303801,43.039051],[-81.303931,43.039082]]]}},{"type":"Feature","properties":{"k":"green"},"geometry":{"type":"Polygon","coordinates":[[[-81.303932,43.038852],[-81.303955,43.038812],[-81.303825,43.038771],[-81.303804,43.038808],[-81.303932,43.038852]]]}},{"type":"Feature","properties":{"k":"fairway"},"geometry":{"type":"Polygon","coordinates":[[[-81.30421,43.038328],[-81.304114,43.038346],[-81.304083,43.03837],[-81.30408,43.038399],[-81.304103,43.038438],[-81.304134,43.038456],[-81.304223,43.038458],[-81.304348,43.038443],[-81.304401,43.038429],[-81.304432,43.0384],[-81.30443,43.038362],[-81.304402,43.038328],[-81.304354,43.038308],[-81.304287,43.038308],[-81.30421,43.038328]]]}},{"type":"Feature","properties":{"k":"green"},"geometry":{"type":"Polygon","coordinates":[[[-81.304349,43.036611],[-81.304441,43.036557],[-81.304393,43.03651],[-81.304299,43.036567],[-81.304349,43.036611]]]}},{"type":"Feature","properties":{"k":"green"},"geometry":{"type":"Polygon","coordinates":[[[-81.304309,43.036664],[-81.304244,43.0366],[-81.304063,43.036704],[-81.30414,43.036769],[-81.304309,43.036664]]]}},{"type":"Feature","properties":{"k":"green"},"geometry":{"type":"Polygon","coordinates":[[[-81.303747,43.037107],[-81.303851,43.037046],[-81.303809,43.037008],[-81.3037,43.037071],[-81.303747,43.037107]]]}},{"type":"Feature","properties":{"k":"green"},"geometry":{"type":"Polygon","coordinates":[[[-81.303299,43.037502],[-81.303396,43.037457],[-81.303348,43.037406],[-81.303256,43.037455],[-81.303299,43.037502]]]}},{"type":"Feature","properties":{"k":"fairway"},"geometry":{"type":"Polygon","coordinates":[[[-81.30275,43.037721],[-81.302856,43.037646],[-81.303066,43.037524],[-81.30309,43.037499],[-81.303091,43.037443],[-81.302988,43.037367],[-81.302943,43.037364],[-81.30279,43.037436],[-81.302591,43.037578],[-81.302003,43.037898],[-81.301802,43.038019],[-81.301485,43.038233],[-81.30107,43.038531],[-81.300935,43.038603],[-81.300881,43.038617],[-81.300735,43.038616],[-81.300713,43.038633],[-81.300848,43.038784],[-81.300915,43.038768],[-81.301038,43.038698],[-81.301374,43.038593],[-81.301572,43.038506],[-81.302397,43.037976],[-81.30275,43.037721]]]}},{"type":"Feature","properties":{"k":"green"},"geometry":{"type":"Polygon","coordinates":[[[-81.300679,43.038764],[-81.300657,43.038734],[-81.300659,43.038682],[-81.300674,43.038656],[-81.300727,43.038622],[-81.300809,43.038628],[-81.300853,43.038648],[-81.300895,43.038685],[-81.300914,43.038725],[-81.300894,43.03878],[-81.300863,43.038789],[-81.300747,43.038794],[-81.300679,43.038764]]]}},{"type":"Feature","properties":{"k":"green"},"geometry":{"type":"Polygon","coordinates":[[[-81.300462,43.03857],[-81.300571,43.038494],[-81.30049,43.038429],[-81.300383,43.038507],[-81.300462,43.03857]]]}},{"type":"Feature","properties":{"k":"green"},"geometry":{"type":"Polygon","coordinates":[[[-81.300618,43.03846],[-81.300697,43.038406],[-81.300576,43.038313],[-81.300499,43.038369],[-81.300618,43.03846]]]}},{"type":"Feature","properties":{"k":"green"},"geometry":{"type":"Polygon","coordinates":[[[-81.301279,43.037827],[-81.301406,43.037766],[-81.301361,43.037714],[-81.301233,43.037778],[-81.301279,43.037827]]]}},{"type":"Feature","properties":{"k":"fairway"},"geometry":{"type":"Polygon","coordinates":[[[-81.302886,43.037112],[-81.302571,43.037299],[-81.301788,43.037701],[-81.30172,43.037727],[-81.30165,43.03774],[-81.301604,43.037733],[-81.301564,43.037708],[-81.301535,43.037674],[-81.301526,43.03763],[-81.301534,43.037595],[-81.301594,43.037544],[-81.3023,43.037138],[-81.302631,43.036965],[-81.302924,43.03683],[-81.303192,43.036677],[-81.303507,43.03642],[-81.303742,43.036246],[-81.303963,43.036108],[-81.304299,43.035912],[-81.304413,43.035884],[-81.304539,43.035878],[-81.30463,43.035991],[-81.304415,43.036017],[-81.304312,43.036061],[-81.304214,43.03614],[-81.304137,43.036259],[-81.303763,43.036525],[-81.303476,43.036748],[-81.302886,43.037112]]]}},{"type":"Feature","properties":{"k":"green"},"geometry":{"type":"Polygon","coordinates":[[[-81.304513,43.035958],[-81.304538,43.03598],[-81.304594,43.035997],[-81.30478,43.036003],[-81.304906,43.036025],[-81.30498,43.03603],[-81.305027,43.036009],[-81.305039,43.035976],[-81.305022,43.035929],[-81.304987,43.035904],[-81.304643,43.03584],[-81.304558,43.035854],[-81.304518,43.035889],[-81.304505,43.035931],[-81.304513,43.035958]]]}},{"type":"Feature","properties":{"k":"bunker"},"geometry":{"type":"Polygon","coordinates":[[[-81.304482,43.035755],[-81.304514,43.035801],[-81.304545,43.03582],[-81.304576,43.035824],[-81.304601,43.035809],[-81.304595,43.035785],[-81.304545,43.03576],[-81.304528,43.035732],[-81.304507,43.035724],[-81.304486,43.035732],[-81.304482,43.035755]]]}},{"type":"Feature","properties":{"k":"fairway"},"geometry":{"type":"Polygon","coordinates":[[[-81.304352,43.033994],[-81.304295,43.034041],[-81.304271,43.034144],[-81.304342,43.03432],[-81.304423,43.034716],[-81.30448,43.034832],[-81.304526,43.034876],[-81.304596,43.034752],[-81.304568,43.034659],[-81.30466,43.034349],[-81.304618,43.034206],[-81.304529,43.034113],[-81.304404,43.033932],[-81.304352,43.033994]]]}},{"type":"Feature","properties":{"k":"green"},"geometry":{"type":"Polygon","coordinates":[[[-81.304448,43.038043],[-81.304448,43.037996],[-81.304424,43.03795],[-81.304382,43.037929],[-81.304281,43.037931],[-81.304223,43.037953],[-81.304174,43.037984],[-81.304143,43.038045],[-81.304163,43.038115],[-81.304223,43.038144],[-81.30425,43.038147],[-81.304326,43.038139],[-81.304413,43.038095],[-81.304448,43.038043]]]}},{"type":"Feature","properties":{"k":"bunker"},"geometry":{"type":"Polygon","coordinates":[[[-81.304497,43.038022],[-81.304471,43.038079],[-81.304484,43.0381],[-81.304522,43.038098],[-81.304542,43.038085],[-81.304538,43.038069],[-81.304573,43.038044],[-81.304561,43.038024],[-81.304536,43.038016],[-81.304497,43.038022]]]}},{"type":"Feature","properties":{"k":"bunker"},"geometry":{"type":"Polygon","coordinates":[[[-81.304471,43.037946],[-81.304405,43.037901],[-81.304399,43.037882],[-81.304411,43.037864],[-81.30444,43.037853],[-81.30449,43.037887],[-81.304478,43.037901],[-81.304479,43.037919],[-81.304502,43.037921],[-81.304504,43.037934],[-81.304493,43.037943],[-81.304471,43.037946]]]}},{"type":"Feature","properties":{"k":"bunker"},"geometry":{"type":"Polygon","coordinates":[[[-81.308482,43.03916],[-81.308457,43.039143],[-81.308386,43.039127],[-81.308366,43.039142],[-81.30836,43.039158],[-81.308365,43.03917],[-81.308383,43.039171],[-81.308413,43.03916],[-81.308439,43.039161],[-81.308449,43.039197],[-81.308477,43.039199],[-81.308496,43.039181],[-81.308497,43.039168],[-81.308482,43.03916]]]}},{"type":"Feature","properties":{"k":"path"},"geometry":{"type":"LineString","coordinates":[[-81.305638,43.038838],[-81.30545,43.038893],[-81.305101,43.038975],[-81.304957,43.039061],[-81.304774,43.039202],[-81.304565,43.039344],[-81.304291,43.039559],[-81.304147,43.039661],[-81.304071,43.039704],[-81.30368,43.039802],[-81.303546,43.039798],[-81.303337,43.039755],[-81.303197,43.039696],[-81.302902,43.03952],[-81.302789,43.039496],[-81.302435,43.039469],[-81.302065,43.039391],[-81.301922,43.039333]]}},{"type":"Feature","properties":{"k":"stream"},"geometry":{"type":"LineString","coordinates":[[-81.311796,43.032727],[-81.311739,43.032705],[-81.311528,43.032312],[-81.311489,43.031785],[-81.311474,43.031741]]}}]}