{"type":"FeatureCollection","features":[{"type":"Feature","properties":{"k":"hole","ref":"1","par":5,"hcp":3},"geometry":{"type":"LineString","coordinates":[[-79.214571,35.395311],[-79.213866,35.397789],[-79.213536,35.399593]]}},{"type":"Feature","properties":{"k":"hole","ref":"2","par":4,"hcp":11},"geometry":{"type":"LineString","coordinates":[[-79.21294,35.399528],[-79.2104,35.398646],[-79.209515,35.39811]]}},{"type":"Feature","properties":{"k":"hole","ref":"3","par":3,"hcp":17},"geometry":{"type":"LineString","coordinates":[[-79.20998,35.398715],[-79.208452,35.398821]]}},{"type":"Feature","properties":{"k":"hole","ref":"4","par":5,"hcp":9},"geometry":{"type":"LineString","coordinates":[[-79.209561,35.399008],[-79.211434,35.401505],[-79.212951,35.400852]]}},{"type":"Feature","properties":{"k":"hole","ref":"5","par":4,"hcp":15},"geometry":{"type":"LineString","coordinates":[[-79.213247,35.401319],[-79.213173,35.402996],[-79.214184,35.403443]]}},{"type":"Feature","properties":{"k":"hole","ref":"6","par":3,"hcp":13},"geometry":{"type":"LineString","coordinates":[[-79.213092,35.403838],[-79.214297,35.404232]]}},{"type":"Feature","properties":{"k":"hole","ref":"7","par":4,"hcp":7},"geometry":{"type":"LineString","coordinates":[[-79.214462,35.404555],[-79.215017,35.402416],[-79.215331,35.401257]]}},{"type":"Feature","properties":{"k":"hole","ref":"8","par":3,"hcp":5},"geometry":{"type":"LineString","coordinates":[[-79.216328,35.401358],[-79.214962,35.400317]]}},{"type":"Feature","properties":{"k":"hole","ref":"9","par":4,"hcp":1},"geometry":{"type":"LineString","coordinates":[[-79.214513,35.400422],[-79.214701,35.398546],[-79.214437,35.39706]]}},{"type":"Feature","properties":{"k":"hole","ref":"10","par":4,"hcp":6},"geometry":{"type":"LineString","coordinates":[[-79.213713,35.395437],[-79.21281,35.397284],[-79.211448,35.39778]]}},{"type":"Feature","properties":{"k":"hole","ref":"11","par":5,"hcp":10},"geometry":{"type":"LineString","coordinates":[[-79.210287,35.398277],[-79.209361,35.396145],[-79.210346,35.395154],[-79.210928,35.395366]]}},{"type":"Feature","properties":{"k":"hole","ref":"12","par":4,"hcp":14},"geometry":{"type":"LineString","coordinates":[[-79.211299,35.394772],[-79.212901,35.393615],[-79.212927,35.392303]]}},{"type":"Feature","properties":{"k":"hole","ref":"13","par":5,"hcp":2},"geometry":{"type":"LineString","coordinates":[[-79.214407,35.393417],[-79.217166,35.392572],[-79.217799,35.393406],[-79.218979,35.393623]]}},{"type":"Feature","properties":{"k":"hole","ref":"14","par":3,"hcp":8},"geometry":{"type":"LineString","coordinates":[[-79.218943,35.394023],[-79.217141,35.394372]]}},{"type":"Feature","properties":{"k":"hole","ref":"15","par":4,"hcp":12},"geometry":{"type":"LineString","coordinates":[[-79.218617,35.396184],[-79.21712,35.397669],[-79.215933,35.398105]]}},{"type":"Feature","properties":{"k":"hole","ref":"16","par":4,"hcp":16},"geometry":{"type":"LineString","coordinates":[[-79.215898,35.397309],[-79.217327,35.396411],[-79.217231,35.395664]]}},{"type":"Feature","properties":{"k":"hole","ref":"17","par":3,"hcp":18},"geometry":{"type":"LineString","coordinates":[[-79.216922,35.395533],[-79.215628,35.395794]]}},{"type":"Feature","properties":{"k":"hole","ref":"18","par":4,"hcp":4},"geometry":{"type":"LineString","coordinates":[[-79.216929,35.395303],[-79.214781,35.394131],[-79.214104,35.394154],[-79.213398,35.394213]]}},{"type":"Feature","properties":{"k":"bunker"},"geometry":{"type":"Polygon","coordinates":[[[-79.21358,35.397658],[-79.213566,35.397663],[-79.213565,35.397721],[-79.21357,35.397729],[-79.213603,35.39773],[-79.213627,35.397715],[-79.213628,35.397693],[-79.213605,35.397658],[-79.21358,35.397658]]]}},{"type":"Feature","properties":{"k":"bunker"},"geometry":{"type":"Polygon","coordinates":[[[-79.213648,35.398489],[-79.213637,35.398488],[-79.213625,35.398523],[-79.213646,35.398535],[-79.213657,35.398531],[-79.213662,35.398505],[-79.213669,35.398501],[-79.213648,35.398489]]]}},{"type":"Feature","properties":{"k":"bunker"},"geometry":{"type":"Polygon","coordinates":[[[-79.21396,35.396634],[-79.213948,35.396639],[-79.213941,35.396664],[-79.213952,35.396692],[-79.213958,35.39669],[-79.213957,35.39671],[-79.213976,35.396724],[-79.213972,35.396778],[-79.213986,35.39679],[-79.214013,35.396791],[-79.214036,35.396777],[-79.214041,35.396762],[-79.214016,35.39664],[-79.214008,35.396631],[-79.21396,35.396634]]]}},{"type":"Feature","properties":{"k":"bunker"},"geometry":{"type":"Polygon","coordinates":[[[-79.212025,35.398401],[-79.212033,35.398385],[-79.212026,35.398369],[-79.211991,35.398341],[-79.211958,35.398345],[-79.211925,35.398339],[-79.212007,35.398398],[-79.212025,35.398401]]]}},{"type":"Feature","properties":{"k":"water"},"geometry":{"type":"Polygon","coordinates":[[[-79.217921,35.394365],[-79.21794,35.394394],[-79.217947,35.394428],[-79.21794,35.394461],[-79.21791,35.394474],[-79.217842,35.394487],[-79.217819,35.394478],[-79.217725,35.394487],[-79.217688,35.394478],[-79.217655,35.394462],[-79.217627,35.394402],[-79.21759,35.394367],[-79.21752,35.394343],[-79.2173,35.394312],[-79.217216,35.394284],[-79.217162,35.394274],[-79.217057,35.394285],[-79.216997,35.394276],[-79.216903,35.394253],[-79.216793,35.394211],[-79.216586,35.394152],[-79.216532,35.394129],[-79.216422,35.394116],[-79.216371,35.394084],[-79.216357,35.394047],[-79.216354,35.394008],[-79.216369,35.393964],[-79.216446,35.393886],[-79.216531,35.393822],[-79.216567,35.393764],[-79.216642,35.393735],[-79.216686,35.393707],[-79.216714,35.393669],[-79.216756,35.393642],[-79.216826,35.393574],[-79.216929,35.393507],[-79.216966,35.393465],[-79.217062,35.393421],[-79.217104,35.393416],[-79.217174,35.39345],[-79.217281,35.393566],[-79.217312,35.39361],[-79.217344,35.393633],[-79.217387,35.39373],[-79.217473,35.3938],[-79.217643,35.393869],[-79.217671,35.393924],[-79.217772,35.393929],[-79.218008,35.393966],[-79.218117,35.393996],[-79.218157,35.394017],[-79.218151,35.394044],[-79.218065,35.394134],[-79.218033,35.39415],[-79.217989,35.394158],[-79.217917,35.394253],[-79.217898,35.394299],[-79.217903,35.394333],[-79.217921,35.394365]]]}},{"type":"Feature","properties":{"k":"bunker"},"geometry":{"type":"Polygon","coordinates":[[[-79.214504,35.395733],[-79.214482,35.395746],[-79.214453,35.395672],[-79.214472,35.395651],[-79.214488,35.395645],[-79.21452,35.395653],[-79.214556,35.395678],[-79.21455,35.395708],[-79.214504,35.395733]]]}},{"type":"Feature","properties":{"k":"bunker"},"geometry":{"type":"Polygon","coordinates":[[[-79.214382,35.395572],[-79.214397,35.395587],[-79.214372,35.395609],[-79.214345,35.395605],[-79.214322,35.395587],[-79.214337,35.395587],[-79.214338,35.395573],[-79.214363,35.395563],[-79.214382,35.395572]]]}},{"type":"Feature","properties":{"k":"bunker"},"geometry":{"type":"Polygon","coordinates":[[[-79.214215,35.395752],[-79.214198,35.395778],[-79.21418,35.395778],[-79.214184,35.395786],[-79.214172,35.395797],[-79.214175,35.39584],[-79.214164,35.395841],[-79.214151,35.395828],[-79.214145,35.395838],[-79.214131,35.395839],[-79.214115,35.395818],[-79.214127,35.395793],[-79.214108,35.395803],[-79.214088,35.395795],[-79.214081,35.395772],[-79.214094,35.395765],[-79.214098,35.39575],[-79.214129,35.395758],[-79.214146,35.395734],[-79.214202,35.395738],[-79.214215,35.395752]]]}},{"type":"Feature","properties":{"k":"bunker"},"geometry":{"type":"Polygon","coordinates":[[[-79.214072,35.395441],[-79.214078,35.395447],[-79.21406,35.395459],[-79.214044,35.395503],[-79.214035,35.395504],[-79.214028,35.3955],[-79.214025,35.395461],[-79.214038,35.395449],[-79.214041,35.395434],[-79.214072,35.395441]]]}},{"type":"Feature","properties":{"k":"bunker"},"geometry":{"type":"Polygon","coordinates":[[[-79.214258,35.395572],[-79.214288,35.395595],[-79.21431,35.395596],[-79.214312,35.395604],[-79.214307,35.395616],[-79.214289,35.395612],[-79.214297,35.395644],[-79.214309,35.395657],[-79.214307,35.395677],[-79.214284,35.395688],[-79.21428,35.395703],[-79.214272,35.395705],[-79.214266,35.395689],[-79.214258,35.395688],[-79.214232,35.39571],[-79.214222,35.395691],[-79.214186,35.395692],[-79.214166,35.395683],[-79.214165,35.39565],[-79.214196,35.395652],[-79.214197,35.395641],[-79.214222,35.39563],[-79.214256,35.39564],[-79.214249,35.39562],[-79.214228,35.395602],[-79.214223,35.395608],[-79.214172,35.395612],[-79.214161,35.395608],[-79.214159,35.395587],[-79.214151,35.395587],[-79.214146,35.395597],[-79.214127,35.395601],[-79.214124,35.395619],[-79.214102,35.395637],[-79.214079,35.395627],[-79.214071,35.395614],[-79.214083,35.39557],[-79.214107,35.39556],[-79.214161,35.39556],[-79.214159,35.395553],[-79.214106,35.395545],[-79.214082,35.395525],[-79.214084,35.395516],[-79.21411,35.395514],[-79.214131,35.39553],[-79.214157,35.395532],[-79.214146,35.395499],[-79.214157,35.395483],[-79.214176,35.395475],[-79.214204,35.395474],[-79.214219,35.395484],[-79.214224,35.3955],[-79.214253,35.395528],[-79.214259,35.395544],[-79.214251,35.395567],[-79.214258,35.395572]]]}},{"type":"Feature","properties":{"k":"fairway"},"geometry":{"type":"Polygon","coordinates":[[[-79.214785,35.395858],[-79.214759,35.395876],[-79.214713,35.395883],[-79.214693,35.395877],[-79.214686,35.395837],[-79.214729,35.395806],[-79.21477,35.395797],[-79.214784,35.395803],[-79.214794,35.395819],[-79.214796,35.395841],[-79.214785,35.395858]]]}},{"type":"Feature","properties":{"k":"fairway"},"geometry":{"type":"Polygon","coordinates":[[[-79.214804,35.395581],[-79.214741,35.395515],[-79.214694,35.395479],[-79.214641,35.395443],[-79.214526,35.395388],[-79.21445,35.395368],[-79.214313,35.395349],[-79.214276,35.395355],[-79.21426,35.395372],[-79.214259,35.395388],[-79.21427,35.395405],[-79.214306,35.39543],[-79.214686,35.395617],[-79.214728,35.395663],[-79.214754,35.395723],[-79.21478,35.395732],[-79.214816,35.395725],[-79.214833,35.395699],[-79.214833,35.395661],[-79.214804,35.395581]]]}},{"type":"Feature","properties":{"k":"tee"},"geometry":{"type":"Polygon","coordinates":[[[-79.214643,35.396054],[-79.214626,35.396096],[-79.214609,35.396104],[-79.214602,35.396096],[-79.214606,35.396049],[-79.21463,35.396033],[-79.214638,35.396036],[-79.214643,35.396054]]]}},{"type":"Feature","properties":{"k":"path"},"geometry":{"type":"LineString","coordinates":[[-79.213324,35.395213],[-79.213462,35.395283],[-79.213544,35.3953],[-79.213586,35.395326]]}},{"type":"Feature","properties":{"k":"bunker"},"geometry":{"type":"Polygon","coordinates":[[[-79.215605,35.39987],[-79.215614,35.399904],[-79.215609,35.399915],[-79.215589,35.39992],[-79.215532,35.399889],[-79.215542,35.39987],[-79.215574,35.399854],[-79.215602,35.399857],[-79.215605,35.39987]]]}},{"type":"Feature","properties":{"k":"tee"},"geometry":{"type":"Polygon","coordinates":[[[-79.209986,35.399467],[-79.209962,35.399477],[-79.209908,35.399483],[-79.209866,35.399472],[-79.209849,35.399447],[-79.209906,35.399418],[-79.209955,35.399414],[-79.209988,35.399429],[-79.209994,35.399453],[-79.209986,35.399467]]]}},{"type":"Feature","properties":{"k":"tee"},"geometry":{"type":"Polygon","coordinates":[[[-79.209903,35.399336],[-79.209867,35.399273],[-79.209797,35.399197],[-79.209774,35.399184],[-79.209726,35.399187],[-79.209716,35.3992],[-79.209716,35.399218],[-79.209842,35.399367],[-79.209864,35.39937],[-79.209888,35.399361],[-79.209903,35.399336]]]}},{"type":"Feature","properties":{"k":"clubhouse"},"geometry":{"type":"Polygon","coordinates":[[[-79.213988,35.394675],[-79.213795,35.394579],[-79.213939,35.394385],[-79.214133,35.394482],[-79.213988,35.394675]]]}},{"type":"Feature","properties":{"k":"bunker"},"geometry":{"type":"Polygon","coordinates":[[[-79.214487,35.395807],[-79.214448,35.395802],[-79.214457,35.395773],[-79.214467,35.395769],[-79.21448,35.395782],[-79.214508,35.395784],[-79.214487,35.395807]]]}},{"type":"Feature","properties":{"k":"bunker"},"geometry":{"type":"Polygon","coordinates":[[[-79.214169,35.395875],[-79.214142,35.395895],[-79.214102,35.395898],[-79.214102,35.395876],[-79.214109,35.395872],[-79.214118,35.395889],[-79.214126,35.395887],[-79.214126,35.395866],[-79.214138,35.395866],[-79.214145,35.395851],[-79.214175,35.395854],[-79.21417,35.395862],[-79.21415,35.395869],[-79.21415,35.395876],[-79.214169,35.395875]]]}},{"type":"Feature","properties":{"k":"bunker"},"geometry":{"type":"Polygon","coordinates":[[[-79.214782,35.400205],[-79.214796,35.400205],[-79.214791,35.400219],[-79.2148,35.400221],[-79.214793,35.400242],[-79.214784,35.400244],[-79.214767,35.400211],[-79.214782,35.400205]]]}},{"type":"Feature","properties":{"k":"bunker"},"geometry":{"type":"Polygon","coordinates":[[[-79.21389,35.399414],[-79.213882,35.399402],[-79.213881,35.399413],[-79.21389,35.399414]]]}},{"type":"Feature","properties":{"k":"bunker"},"geometry":{"type":"Polygon","coordinates":[[[-79.213951,35.399431],[-79.213929,35.399441],[-79.213922,35.399436],[-79.213924,35.399428],[-79.213943,35.399422],[-79.213951,35.399431]]]}},{"type":"Feature","properties":{"k":"bunker"},"geometry":{"type":"Polygon","coordinates":[[[-79.213908,35.399633],[-79.213911,35.39961],[-79.213898,35.399611],[-79.213892,35.399604],[-79.213869,35.399619],[-79.21387,35.399634],[-79.213879,35.399639],[-79.213886,35.399631],[-79.213897,35.399641],[-79.213908,35.399633]]]}},{"type":"Feature","properties":{"k":"bunker"},"geometry":{"type":"Polygon","coordinates":[[[-79.21394,35.3996],[-79.213952,35.399592],[-79.213963,35.399562],[-79.213945,35.399559],[-79.213949,35.399538],[-79.213926,35.399534],[-79.213922,35.399552],[-79.213908,35.399562],[-79.213926,35.399567],[-79.213931,35.39958],[-79.213927,35.399593],[-79.213915,35.39959],[-79.213912,35.399596],[-79.21394,35.3996]]]}},{"type":"Feature","properties":{"k":"bunker"},"geometry":{"type":"Polygon","coordinates":[[[-79.213983,35.399304],[-79.21398,35.399289],[-79.213967,35.399283],[-79.21399,35.399271],[-79.213975,35.399267],[-79.213986,35.399261],[-79.213964,35.399261],[-79.213943,35.399278],[-79.213939,35.399305],[-79.213975,35.399309],[-79.213983,35.399304]]]}},{"type":"Feature","properties":{"k":"tee"},"geometry":{"type":"Polygon","coordinates":[[[-79.209631,35.399071],[-79.209616,35.399034],[-79.209577,35.398988],[-79.209559,35.39898],[-79.209533,35.398986],[-79.209522,35.398999],[-79.209542,35.399046],[-79.209569,35.399081],[-79.209608,35.399086],[-79.209631,35.399071]]]}},{"type":"Feature","properties":{"k":"bunker"},"geometry":{"type":"Polygon","coordinates":[[[-79.209555,35.399306],[-79.20951,35.399262],[-79.209394,35.399192],[-79.209403,35.399178],[-79.209399,35.399154],[-79.209359,35.399153],[-79.209347,35.399182],[-79.2093,35.399176],[-79.209309,35.399146],[-79.209302,35.399135],[-79.209256,35.399123],[-79.209194,35.399045],[-79.209102,35.39901],[-79.209058,35.399003],[-79.209014,35.399014],[-79.208992,35.399009],[-79.208984,35.398991],[-79.208992,35.39897],[-79.209047,35.398933],[-79.209084,35.398933],[-79.209124,35.398944],[-79.209164,35.398938],[-79.209262,35.39896],[-79.209302,35.398995],[-79.209312,35.39902],[-79.209348,35.399029],[-79.209381,35.399054],[-79.209395,35.399081],[-79.209378,35.399098],[-79.209377,35.399112],[-79.209419,35.399115],[-79.209431,35.399103],[-79.209431,35.399078],[-79.209418,35.399044],[-79.209375,35.399011],[-79.209374,35.398965],[-79.209423,35.398895],[-79.209459,35.398862],[-79.20949,35.398864],[-79.209525,35.398882],[-79.209578,35.398894],[-79.209646,35.398895],[-79.209752,35.398871],[-79.2098,35.398836],[-79.209844,35.398865],[-79.20994,35.398867],[-79.209981,35.398871],[-79.210002,35.398882],[-79.209991,35.398903],[-79.209846,35.398994],[-79.209815,35.399],[-79.209804,35.399013],[-79.209813,35.399068],[-79.209845,35.399076],[-79.209897,35.399048],[-79.209976,35.399119],[-79.209906,35.399101],[-79.209838,35.399095],[-79.209791,35.399101],[-79.209727,35.399137],[-79.209632,35.399216],[-79.209622,35.399244],[-79.209626,35.399275],[-79.209671,35.399368],[-79.209667,35.399385],[-79.209681,35.399465],[-79.20967,35.39948],[-79.209654,35.399486],[-79.209612,35.399473],[-79.2096,35.399445],[-79.2096,35.399415],[-79.209591,35.399391],[-79.209576,35.399382],[-79.209555,35.399306]]]}},{"type":"Feature","properties":{"k":"fairway"},"geometry":{"type":"Polygon","coordinates":[[[-79.214754,35.395355],[-79.214769,35.39539],[-79.214762,35.395426],[-79.214732,35.395437],[-79.214636,35.395384],[-79.214552,35.395349],[-79.214468,35.395326],[-79.214499,35.39531],[-79.214525,35.395286],[-79.21454,35.395245],[-79.214614,35.395302],[-79.214713,35.395333],[-79.214754,35.395355]]]}},{"type":"Feature","properties":{"k":"green"},"geometry":{"type":"Polygon","coordinates":[[[-79.213655,35.399642],[-79.213552,35.399682],[-79.213485,35.399698],[-79.213442,35.399697],[-79.213392,35.399677],[-79.213346,35.399645],[-79.213327,35.399601],[-79.213339,35.399576],[-79.213471,35.39954],[-79.213579,35.399474],[-79.21363,35.39947],[-79.213684,35.399494],[-79.213716,35.399574],[-79.213706,35.399608],[-79.213684,35.399629],[-79.213655,35.399642]]]}},{"type":"Feature","properties":{"k":"bunker"},"geometry":{"type":"Polygon","coordinates":[[[-79.21343,35.399456],[-79.213397,35.39948],[-79.21336,35.399486],[-79.213336,35.399434],[-79.213336,35.399397],[-79.213369,35.39938],[-79.213387,35.39938],[-79.213438,35.399438],[-79.21343,35.399456]]]}},{"type":"Feature","properties":{"k":"bunker"},"geometry":{"type":"Polygon","coordinates":[[[-79.213525,35.399375],[-79.213493,35.399406],[-79.213464,35.399422],[-79.213432,35.399401],[-79.213418,35.399372],[-79.213424,35.399354],[-79.213487,35.399324],[-79.213515,35.399281],[-79.213527,35.39928],[-79.213542,35.399287],[-79.213552,35.39932],[-79.213525,35.399354],[-79.21353,35.399369],[-79.213525,35.399375]]]}},{"type":"Feature","properties":{"k":"bunker"},"geometry":{"type":"Polygon","coordinates":[[[-79.213338,35.399484],[-79.213323,35.399496],[-79.213271,35.399501],[-79.21325,35.399496],[-79.21323,35.39947],[-79.213261,35.399445],[-79.2133,35.399434],[-79.213315,35.39944],[-79.213338,35.399484]]]}},{"type":"Feature","properties":{"k":"bunker"},"geometry":{"type":"Polygon","coordinates":[[[-79.213615,35.398492],[-79.213605,35.398476],[-79.213511,35.398415],[-79.21349,35.398437],[-79.213551,35.398483],[-79.213569,35.398483],[-79.213582,35.398516],[-79.213593,35.398519],[-79.213604,35.398562],[-79.213615,35.398492]]]}},{"type":"Feature","properties":{"k":"bunker"},"geometry":{"type":"Polygon","coordinates":[[[-79.213562,35.398562],[-79.213554,35.398572],[-79.213523,35.398556],[-79.213507,35.398562],[-79.213488,35.398558],[-79.213484,35.398567],[-79.213547,35.398603],[-79.213552,35.398617],[-79.213534,35.398629],[-79.21345,35.398575],[-79.213452,35.398554],[-79.213482,35.398547],[-79.213467,35.398523],[-79.213367,35.398558],[-79.213394,35.398492],[-79.213348,35.398395],[-79.21333,35.398393],[-79.213343,35.398381],[-79.213353,35.398376],[-79.213391,35.398387],[-79.213416,35.398426],[-79.213469,35.398477],[-79.213535,35.398513],[-79.213537,35.398526],[-79.213564,35.398537],[-79.213562,35.398562]]]}},{"type":"Feature","properties":{"k":"bunker"},"geometry":{"type":"Polygon","coordinates":[[[-79.213693,35.398601],[-79.213682,35.398663],[-79.213672,35.398678],[-79.213664,35.398677],[-79.213653,35.398651],[-79.213669,35.39863],[-79.213676,35.398587],[-79.213665,35.398556],[-79.213686,35.39855],[-79.213693,35.398601]]]}},{"type":"Feature","properties":{"k":"bunker"},"geometry":{"type":"Polygon","coordinates":[[[-79.213591,35.398671],[-79.213566,35.398688],[-79.213542,35.398657],[-79.213567,35.398642],[-79.213605,35.398643],[-79.213608,35.398653],[-79.213591,35.398671]]]}},{"type":"Feature","properties":{"k":"bunker"},"geometry":{"type":"Polygon","coordinates":[[[-79.213927,35.398567],[-79.213919,35.398579],[-79.213871,35.398595],[-79.213865,35.398593],[-79.21388,35.398573],[-79.213877,35.398564],[-79.213901,35.398543],[-79.213899,35.39853],[-79.213889,35.398524],[-79.21388,35.398546],[-79.213853,35.39857],[-79.213836,35.398567],[-79.213838,35.398547],[-79.213844,35.398538],[-79.213862,35.398532],[-79.213874,35.398537],[-79.213882,35.398507],[-79.21398,35.398478],[-79.213983,35.398506],[-79.21396,35.39852],[-79.213947,35.398546],[-79.213927,35.398552],[-79.213927,35.398567]]]}},{"type":"Feature","properties":{"k":"bunker"},"geometry":{"type":"Polygon","coordinates":[[[-79.213951,35.398618],[-79.213927,35.398645],[-79.213902,35.398643],[-79.213893,35.398635],[-79.2139,35.3986],[-79.213891,35.398588],[-79.213903,35.398584],[-79.213914,35.398596],[-79.213952,35.398586],[-79.213961,35.398614],[-79.213951,35.398618]]]}},{"type":"Feature","properties":{"k":"bunker"},"geometry":{"type":"Polygon","coordinates":[[[-79.21387,35.398616],[-79.213862,35.398635],[-79.213847,35.398642],[-79.213846,35.398604],[-79.213868,35.398598],[-79.21387,35.398616]]]}},{"type":"Feature","properties":{"k":"bunker"},"geometry":{"type":"Polygon","coordinates":[[[-79.213836,35.3986],[-79.213823,35.398651],[-79.213815,35.398655],[-79.213806,35.398649],[-79.213808,35.398614],[-79.213836,35.398567],[-79.213853,35.39857],[-79.213857,35.39858],[-79.213836,35.3986]]]}},{"type":"Feature","properties":{"k":"bunker"},"geometry":{"type":"Polygon","coordinates":[[[-79.213952,35.398684],[-79.213927,35.398701],[-79.213875,35.398681],[-79.213863,35.39867],[-79.213865,35.398657],[-79.213878,35.398651],[-79.213893,35.398665],[-79.213948,35.398676],[-79.213952,35.398684]]]}},{"type":"Feature","properties":{"k":"bunker"},"geometry":{"type":"Polygon","coordinates":[[[-79.213994,35.398736],[-79.213958,35.398728],[-79.213957,35.398719],[-79.213978,35.398708],[-79.213992,35.398714],[-79.214003,35.398721],[-79.214004,35.398731],[-79.213994,35.398736]]]}},{"type":"Feature","properties":{"k":"bunker"},"geometry":{"type":"Polygon","coordinates":[[[-79.214176,35.396831],[-79.214162,35.396858],[-79.214071,35.396934],[-79.214008,35.397005],[-79.214002,35.397036],[-79.21401,35.39705],[-79.214039,35.397052],[-79.21406,35.397027],[-79.214068,35.396987],[-79.21419,35.396884],[-79.214244,35.39685],[-79.21425,35.396826],[-79.214244,35.396815],[-79.214234,35.396815],[-79.2142,35.396817],[-79.214176,35.396831]]]}},{"type":"Feature","properties":{"k":"tee"},"geometry":{"type":"Polygon","coordinates":[[[-79.212977,35.399542],[-79.212956,35.39955],[-79.21292,35.399546],[-79.212803,35.399522],[-79.212744,35.399508],[-79.212722,35.399491],[-79.212722,35.399481],[-79.212732,35.399476],[-79.212956,35.399502],[-79.212984,35.399526],[-79.212977,35.399542]]]}},{"type":"Feature","properties":{"k":"tee"},"geometry":{"type":"Polygon","coordinates":[[[-79.212621,35.399398],[-79.212623,35.399433],[-79.212607,35.399453],[-79.212576,35.39945],[-79.212549,35.399426],[-79.212511,35.399308],[-79.212401,35.399197],[-79.212397,35.399166],[-79.21242,35.399149],[-79.212471,35.399149],[-79.212501,35.399166],[-79.212525,35.399201],[-79.21256,35.399304],[-79.212611,35.399372],[-79.212621,35.399398]]]}},{"type":"Feature","properties":{"k":"tee"},"geometry":{"type":"Polygon","coordinates":[[[-79.212485,35.399437],[-79.212477,35.399453],[-79.21245,35.399457],[-79.212415,35.399453],[-79.212388,35.399435],[-79.212372,35.3994],[-79.212369,35.399363],[-79.212372,35.399331],[-79.212388,35.399312],[-79.212413,35.39931],[-79.212432,35.399321],[-79.212485,35.399437]]]}},{"type":"Feature","properties":{"k":"tee"},"geometry":{"type":"Polygon","coordinates":[[[-79.212239,35.398478],[-79.212218,35.398505],[-79.212178,35.3985],[-79.21212,35.398453],[-79.212121,35.398434],[-79.212146,35.398426],[-79.21218,35.398426],[-79.212218,35.398435],[-79.212236,35.398456],[-79.212239,35.398478]]]}},{"type":"Feature","properties":{"k":"tee"},"geometry":{"type":"Polygon","coordinates":[[[-79.211933,35.398438],[-79.211913,35.39845],[-79.211868,35.398455],[-79.211832,35.398438],[-79.211833,35.398411],[-79.211853,35.398393],[-79.211908,35.398396],[-79.211928,35.398407],[-79.211933,35.398438]]]}},{"type":"Feature","properties":{"k":"bunker"},"geometry":{"type":"Polygon","coordinates":[[[-79.209271,35.398109],[-79.209268,35.398129],[-79.209295,35.39814],[-79.209303,35.398163],[-79.209319,35.398164],[-79.209325,35.398155],[-79.209339,35.398162],[-79.209386,35.3982],[-79.209406,35.398242],[-79.209478,35.398274],[-79.209457,35.398311],[-79.209434,35.398332],[-79.209312,35.398343],[-79.209281,35.398311],[-79.20927,35.39827],[-79.209248,35.39826],[-79.209237,35.398267],[-79.209221,35.398241],[-79.209202,35.39815],[-79.209229,35.398093],[-79.209462,35.397951],[-79.209517,35.397936],[-79.209605,35.397894],[-79.209681,35.397872],[-79.20973,35.397844],[-79.209822,35.397828],[-79.209877,35.397804],[-79.209951,35.397804],[-79.209969,35.397831],[-79.209969,35.397846],[-79.209956,35.397858],[-79.209921,35.397866],[-79.209824,35.397849],[-79.209801,35.397852],[-79.209729,35.397879],[-79.209722,35.397897],[-79.209751,35.397944],[-79.20976,35.397945],[-79.209769,35.397932],[-79.209808,35.397931],[-79.209857,35.397956],[-79.209879,35.398023],[-79.209858,35.398036],[-79.209856,35.398045],[-79.209869,35.398059],[-79.209901,35.398054],[-79.209917,35.39806],[-79.209941,35.398098],[-79.209937,35.39813],[-79.209989,35.398141],[-79.209999,35.398152],[-79.209998,35.398171],[-79.210025,35.39817],[-79.21005,35.398179],[-79.210069,35.398172],[-79.210081,35.39818],[-79.210088,35.398224],[-79.210049,35.398265],[-79.210056,35.39833],[-79.210046,35.398341],[-79.210017,35.398349],[-79.209999,35.398343],[-79.20998,35.398321],[-79.209931,35.398299],[-79.209901,35.398224],[-79.209872,35.39819],[-79.209878,35.398157],[-79.209873,35.398139],[-79.209835,35.39812],[-79.20979,35.39813],[-79.209773,35.398125],[-79.20978,35.398118],[-79.209781,35.398076],[-79.209717,35.397992],[-79.209684,35.39797],[-79.209668,35.39794],[-79.209651,35.397933],[-79.209667,35.397906],[-79.20961,35.397922],[-79.209581,35.397961],[-79.209496,35.39798],[-79.209467,35.397995],[-79.209374,35.398062],[-79.209275,35.398099],[-79.209271,35.398109]]]}},{"type":"Feature","properties":{"k":"green"},"geometry":{"type":"Polygon","coordinates":[[[-79.209662,35.398156],[-79.209576,35.398201],[-79.209495,35.398221],[-79.209456,35.398221],[-79.209367,35.398131],[-79.20936,35.398112],[-79.209369,35.3981],[-79.209506,35.398024],[-79.20957,35.398],[-79.209603,35.398011],[-79.209653,35.398057],[-79.209675,35.398096],[-79.209679,35.398126],[-79.209662,35.398156]]]}},{"type":"Feature","properties":{"k":"bunker"},"geometry":{"type":"Polygon","coordinates":[[[-79.209696,35.398294],[-79.209689,35.398309],[-79.20967,35.39831],[-79.20966,35.398289],[-79.209634,35.398269],[-79.209632,35.39824],[-79.209608,35.398225],[-79.209607,35.398217],[-79.209632,35.398212],[-79.209647,35.398222],[-79.209696,35.398294]]]}},{"type":"Feature","properties":{"k":"tee"},"geometry":{"type":"Polygon","coordinates":[[[-79.209928,35.398847],[-79.209864,35.398836],[-79.209846,35.398827],[-79.209846,35.39881],[-79.209887,35.398704],[-79.209901,35.398687],[-79.209923,35.398676],[-79.209965,35.398673],[-79.210002,35.398685],[-79.210022,35.398706],[-79.210024,35.398728],[-79.21,35.398744],[-79.209922,35.398753],[-79.209903,35.398761],[-79.209898,35.398788],[-79.209944,35.398829],[-79.209944,35.398844],[-79.209928,35.398847]]]}},{"type":"Feature","properties":{"k":"tee"},"geometry":{"type":"Polygon","coordinates":[[[-79.209758,35.398783],[-79.209738,35.39883],[-79.209716,35.398854],[-79.209673,35.398864],[-79.20962,35.398864],[-79.209553,35.398848],[-79.209526,35.398805],[-79.209505,35.398792],[-79.209478,35.398792],[-79.209451,35.39873],[-79.209458,35.398716],[-79.20948,35.398707],[-79.209491,35.398665],[-79.209511,35.398658],[-79.20959,35.398673],[-79.209711,35.398666],[-79.209742,35.398677],[-79.209764,35.398697],[-79.209773,35.398747],[-79.209758,35.398783]]]}},{"type":"Feature","properties":{"k":"tee"},"geometry":{"type":"Polygon","coordinates":[[[-79.209413,35.398818],[-79.209399,35.398846],[-79.209369,35.398859],[-79.209326,35.398854],[-79.209314,35.39877],[-79.209386,35.398751],[-79.209416,35.398794],[-79.209413,35.398818]]]}},{"type":"Feature","properties":{"k":"bunker"},"geometry":{"type":"Polygon","coordinates":[[[-79.208907,35.398539],[-79.208967,35.398538],[-79.208975,35.398546],[-79.208967,35.398566],[-79.20898,35.3986],[-79.209028,35.398658],[-79.209056,35.398671],[-79.209056,35.398699],[-79.209072,35.398724],[-79.209094,35.398739],[-79.209183,35.398741],[-79.209254,35.39869],[-79.209298,35.398698],[-79.209345,35.398692],[-79.20935,35.398706],[-79.20934,35.398722],[-79.209319,35.398732],[-79.209261,35.398742],[-79.209218,35.398763],[-79.209171,35.398805],[-79.209131,35.398824],[-79.209096,35.398824],[-79.209034,35.3988],[-79.209004,35.398779],[-79.208937,35.398756],[-79.208818,35.398663],[-79.208809,35.398648],[-79.208812,35.398638],[-79.208799,35.398626],[-79.208776,35.398614],[-79.208721,35.398619],[-79.208685,35.398615],[-79.208675,35.398624],[-79.208655,35.398685],[-79.208578,35.398708],[-79.208545,35.398711],[-79.2085,35.398703],[-79.208407,35.398717],[-79.208345,35.398715],[-79.20822,35.398725],[-79.208183,35.398746],[-79.20817,35.398741],[-79.208108,35.398756],[-79.208048,35.398824],[-79.208033,35.398874],[-79.208069,35.398923],[-79.208086,35.398927],[-79.208105,35.398914],[-79.20813,35.398916],[-79.208186,35.398933],[-79.208212,35.398977],[-79.208252,35.398982],[-79.208282,35.399026],[-79.2083,35.399037],[-79.20838,35.399043],[-79.20841,35.399033],[-79.208414,35.399004],[-79.208436,35.398966],[-79.208481,35.398927],[-79.208528,35.398921],[-79.208568,35.398935],[-79.208598,35.398933],[-79.208658,35.398913],[-79.208682,35.398917],[-79.208682,35.398898],[-79.208705,35.398894],[-79.208776,35.398901],[-79.208839,35.398879],[-79.208848,35.398871],[-79.208849,35.398851],[-79.208774,35.398753],[-79.208778,35.398741],[-79.208799,35.398738],[-79.208825,35.398748],[-79.208837,35.398773],[-79.208926,35.39883],[-79.208943,35.39887],[-79.208929,35.398906],[-79.208757,35.398967],[-79.208559,35.39899],[-79.208517,35.399015],[-79.208497,35.399054],[-79.208508,35.399074],[-79.208526,35.399083],[-79.208607,35.399085],[-79.208584,35.399027],[-79.208618,35.398997],[-79.208807,35.398979],[-79.208854,35.398953],[-79.20893,35.398935],[-79.208911,35.398958],[-79.208865,35.398972],[-79.208817,35.398998],[-79.208648,35.399018],[-79.208636,35.399037],[-79.208641,35.399051],[-79.208658,35.399056],[-79.208812,35.399056],[-79.208902,35.399068],[-79.208921,35.399058],[-79.209004,35.399117],[-79.208865,35.399082],[-79.208811,35.399076],[-79.208727,35.399083],[-79.208643,35.399179],[-79.208613,35.399195],[-79.208569,35.399188],[-79.208542,35.399166],[-79.208482,35.399148],[-79.208314,35.399154],[-79.208236,35.399122],[-79.208203,35.399073],[-79.208193,35.399037],[-79.208162,35.399001],[-79.208141,35.398985],[-79.208099,35.398981],[-79.208024,35.398906],[-79.208011,35.398869],[-79.208037,35.398793],[-79.208023,35.398721],[-79.208067,35.39866],[-79.208263,35.398607],[-79.20834,35.39856],[-79.20837,35.398546],[-79.20841,35.39854],[-79.208591,35.398547],[-79.208671,35.39854],[-79.208701,35.398526],[-79.208907,35.398539]]]}},{"type":"Feature","properties":{"k":"green"},"geometry":{"type":"Polygon","coordinates":[[[-79.208778,35.398863],[-79.20867,35.398863],[-79.208597,35.398879],[-79.2085,35.398879],[-79.208463,35.398887],[-79.208375,35.398955],[-79.208341,35.398957],[-79.208314,35.398954],[-79.208274,35.39893],[-79.208212,35.398871],[-79.208208,35.398846],[-79.208216,35.398821],[-79.208341,35.398768],[-79.208605,35.398743],[-79.208684,35.398723],[-79.208705,35.398725],[-79.208724,35.398739],[-79.208796,35.398829],[-79.208794,35.398857],[-79.208778,35.398863]]]}},{"type":"Feature","properties":{"k":"bunker"},"geometry":{"type":"Polygon","coordinates":[[[-79.211147,35.400509],[-79.211135,35.400535],[-79.211111,35.400554],[-79.211083,35.400552],[-79.211061,35.400521],[-79.211061,35.400488],[-79.211078,35.400449],[-79.211067,35.400426],[-79.210943,35.400354],[-79.210809,35.40032],[-79.210712,35.400275],[-79.210675,35.400208],[-79.210647,35.400189],[-79.210635,35.400131],[-79.210585,35.400074],[-79.210569,35.400016],[-79.210547,35.400013],[-79.210462,35.400077],[-79.210369,35.400112],[-79.210266,35.400125],[-79.210256,35.400157],[-79.210308,35.400222],[-79.210364,35.400328],[-79.210362,35.40039],[-79.210346,35.400411],[-79.210372,35.40047],[-79.210362,35.400478],[-79.210365,35.400565],[-79.210378,35.40058],[-79.210442,35.400587],[-79.210462,35.400599],[-79.210498,35.40065],[-79.21058,35.400684],[-79.210548,35.400734],[-79.210534,35.400733],[-79.210437,35.400784],[-79.210431,35.400795],[-79.210438,35.400807],[-79.210522,35.400858],[-79.210577,35.400856],[-79.210626,35.400872],[-79.210664,35.400865],[-79.210689,35.400848],[-79.2107,35.400816],[-79.210736,35.400766],[-79.21078,35.40081],[-79.21079,35.400849],[-79.210789,35.400898],[-79.210775,35.400908],[-79.21078,35.400924],[-79.210749,35.401018],[-79.210755,35.401041],[-79.210732,35.401133],[-79.210721,35.401159],[-79.210709,35.401167],[-79.210662,35.401174],[-79.210622,35.401204],[-79.210606,35.401242],[-79.210502,35.401105],[-79.210458,35.401063],[-79.210374,35.401018],[-79.210266,35.400887],[-79.210216,35.400853],[-79.210166,35.400835],[-79.209993,35.400805],[-79.210049,35.400774],[-79.210056,35.400734],[-79.210021,35.400728],[-79.209968,35.40069],[-79.209961,35.400662],[-79.210154,35.400621],[-79.21018,35.400601],[-79.210183,35.400566],[-79.210167,35.400547],[-79.210164,35.400493],[-79.210155,35.400468],[-79.210103,35.400448],[-79.210076,35.400455],[-79.210048,35.400491],[-79.210033,35.400528],[-79.209968,35.400525],[-79.209969,35.400498],[-79.209953,35.400472],[-79.209926,35.400455],[-79.209832,35.400455],[-79.2098,35.400463],[-79.209767,35.400404],[-79.209761,35.400372],[-79.209743,35.400361],[-79.20972,35.400361],[-79.209702,35.400375],[-79.209692,35.400399],[-79.209696,35.400418],[-79.209637,35.400521],[-79.209596,35.4005],[-79.209518,35.400478],[-79.209506,35.40048],[-79.209509,35.400537],[-79.209473,35.400542],[-79.209421,35.400511],[-79.209428,35.40042],[-79.209452,35.40039],[-79.20947,35.400274],[-79.209493,35.400225],[-79.209591,35.400219],[-79.209759,35.400279],[-79.209817,35.40031],[-79.209851,35.400319],[-79.209914,35.400329],[-79.209981,35.400326],[-79.21008,35.40035],[-79.21016,35.400356],[-79.210256,35.400379],[-79.210283,35.400374],[-79.210304,35.400347],[-79.210316,35.4003],[-79.210225,35.400161],[-79.21022,35.400124],[-79.210227,35.400089],[-79.210247,35.400047],[-79.210282,35.400015],[-79.210327,35.399994],[-79.210456,35.399956],[-79.21049,35.399952],[-79.210527,35.399962],[-79.210538,35.399984],[-79.210559,35.399989],[-79.210595,35.399979],[-79.210623,35.40007],[-79.21071,35.400165],[-79.210736,35.40023],[-79.210774,35.400261],[-79.210825,35.400283],[-79.21087,35.400293],[-79.21091,35.400329],[-79.210968,35.400336],[-79.211029,35.400334],[-79.211061,35.400356],[-79.211089,35.40038],[-79.211148,35.400465],[-79.211147,35.400509]]]}},{"type":"Feature","properties":{"k":"bunker"},"geometry":{"type":"Polygon","coordinates":[[[-79.212777,35.401443],[-79.212785,35.401464],[-79.212863,35.401467],[-79.212853,35.401433],[-79.21282,35.401376],[-79.2128,35.401359],[-79.212803,35.401351],[-79.212817,35.401336],[-79.212891,35.401301],[-79.212944,35.401238],[-79.213018,35.401228],[-79.213044,35.401215],[-79.213111,35.401122],[-79.213068,35.40104],[-79.212967,35.401067],[-79.212943,35.401081],[-79.212949,35.401048],[-79.213015,35.401021],[-79.213034,35.400988],[-79.213051,35.400984],[-79.213104,35.400993],[-79.213162,35.40099],[-79.21327,35.401006],[-79.213319,35.401003],[-79.213345,35.40099],[-79.213417,35.400936],[-79.213427,35.400913],[-79.213425,35.400849],[-79.213474,35.400809],[-79.213479,35.400768],[-79.213469,35.400735],[-79.213448,35.400721],[-79.213428,35.400716],[-79.213408,35.400727],[-79.213347,35.400696],[-79.213315,35.400707],[-79.213239,35.4007],[-79.213148,35.40071],[-79.213098,35.400703],[-79.213079,35.400706],[-79.213078,35.400714],[-79.213065,35.400718],[-79.212968,35.400719],[-79.212924,35.40074],[-79.212779,35.400833],[-79.212792,35.400852],[-79.212786,35.400867],[-79.212711,35.400942],[-79.212669,35.401023],[-79.212655,35.401044],[-79.212637,35.401052],[-79.212558,35.401051],[-79.212559,35.400965],[-79.212531,35.400951],[-79.212388,35.400952],[-79.212379,35.400968],[-79.212383,35.400982],[-79.212494,35.401037],[-79.212493,35.401059],[-79.212506,35.401075],[-79.2125,35.401093],[-79.212444,35.401123],[-79.212436,35.401136],[-79.212448,35.40115],[-79.212448,35.401171],[-79.212402,35.401214],[-79.21238,35.401224],[-79.21231,35.401219],[-79.212273,35.401232],[-79.212259,35.401227],[-79.212251,35.401187],[-79.212228,35.401179],[-79.212218,35.401169],[-79.21222,35.401159],[-79.212204,35.401159],[-79.212184,35.401168],[-79.212193,35.40119],[-79.212175,35.401246],[-79.212191,35.401252],[-79.212158,35.40128],[-79.212104,35.401293],[-79.212048,35.401289],[-79.211984,35.401231],[-79.211968,35.401226],[-79.211887,35.401271],[-79.211848,35.401284],[-79.211613,35.40128],[-79.211517,35.401235],[-79.211498,35.401213],[-79.211493,35.40118],[-79.21148,35.401169],[-79.211488,35.401159],[-79.211508,35.40116],[-79.211522,35.401149],[-79.21152,35.40112],[-79.211501,35.401107],[-79.211455,35.401106],[-79.21144,35.401059],[-79.211429,35.401023],[-79.21144,35.400843],[-79.211463,35.400822],[-79.211469,35.400802],[-79.211243,35.400624],[-79.21122,35.400585],[-79.211231,35.400565],[-79.211279,35.400568],[-79.211375,35.400617],[-79.211396,35.400642],[-79.211457,35.400681],[-79.211494,35.400679],[-79.21155,35.400723],[-79.211645,35.400734],[-79.211684,35.400746],[-79.211715,35.400775],[-79.211733,35.400812],[-79.211732,35.400838],[-79.211692,35.400877],[-79.211706,35.400904],[-79.211806,35.400956],[-79.211841,35.400964],[-79.211877,35.400962],[-79.211881,35.40095],[-79.211822,35.400853],[-79.21181,35.400808],[-79.211814,35.400763],[-79.21185,35.400705],[-79.211889,35.400702],[-79.211936,35.40072],[-79.212427,35.400714],[-79.212476,35.400705],[-79.212525,35.400689],[-79.212707,35.400562],[-79.212738,35.400533],[-79.212786,35.400514],[-79.212831,35.400511],[-79.212896,35.400543],[-79.212947,35.400556],[-79.213073,35.400605],[-79.213078,35.40059],[-79.213109,35.400586],[-79.21327,35.400594],[-79.213378,35.400609],[-79.213419,35.400633],[-79.213463,35.40068],[-79.213479,35.400685],[-79.213491,35.400703],[-79.213502,35.400767],[-79.213496,35.400798],[-79.213501,35.400948],[-79.213538,35.400955],[-79.21354,35.400988],[-79.213499,35.401013],[-79.213398,35.401012],[-79.213332,35.401083],[-79.21332,35.401157],[-79.213249,35.40121],[-79.213261,35.401223],[-79.213438,35.40129],[-79.213475,35.401312],[-79.213584,35.401332],[-79.213602,35.40136],[-79.213639,35.401449],[-79.213645,35.401494],[-79.213621,35.401618],[-79.213581,35.40173],[-79.21365,35.401879],[-79.213658,35.40192],[-79.213597,35.401968],[-79.213612,35.402022],[-79.2135,35.402061],[-79.213523,35.402189],[-79.213506,35.402219],[-79.213446,35.402218],[-79.213377,35.402187],[-79.213355,35.402185],[-79.213333,35.40219],[-79.213311,35.402214],[-79.213323,35.402254],[-79.213365,35.402275],[-79.213421,35.402281],[-79.21347,35.402321],[-79.213452,35.402338],[-79.213433,35.402392],[-79.213433,35.40242],[-79.213445,35.402435],[-79.213409,35.402458],[-79.213375,35.402452],[-79.213314,35.402475],[-79.213286,35.402542],[-79.213288,35.402565],[-79.213294,35.402598],[-79.213331,35.402624],[-79.213373,35.402623],[-79.213405,35.402608],[-79.213448,35.402567],[-79.213585,35.402586],[-79.213671,35.402653],[-79.213705,35.402722],[-79.213724,35.402733],[-79.213719,35.402764],[-79.21369,35.402781],[-79.213676,35.402864],[-79.213643,35.402938],[-79.21367,35.402967],[-79.213692,35.402971],[-79.213716,35.402965],[-79.213766,35.403045],[-79.213764,35.403056],[-79.213785,35.403072],[-79.213807,35.40307],[-79.213812,35.40306],[-79.2138,35.403037],[-79.213824,35.402976],[-79.213842,35.402981],[-79.213855,35.402976],[-79.213862,35.402964],[-79.213923,35.402949],[-79.213958,35.402963],[-79.213977,35.402949],[-79.214001,35.402873],[-79.214074,35.402853],[-79.214079,35.40289],[-79.214099,35.402907],[-79.214124,35.402886],[-79.214131,35.402853],[-79.214174,35.402825],[-79.2142,35.402868],[-79.2142,35.402913],[-79.21417,35.402962],[-79.21417,35.402991],[-79.214206,35.40301],[-79.214225,35.403035],[-79.214233,35.403098],[-79.214225,35.403137],[-79.214282,35.403178],[-79.214295,35.403196],[-79.214287,35.403211],[-79.214265,35.403222],[-79.214247,35.403244],[-79.214229,35.403241],[-79.214195,35.403201],[-79.214188,35.403187],[-79.214195,35.403172],[-79.214185,35.403156],[-79.214168,35.403148],[-79.214125,35.40309],[-79.214071,35.403069],[-79.214022,35.403077],[-79.213985,35.403069],[-79.213895,35.40316],[-79.213872,35.403205],[-79.213851,35.403224],[-79.213862,35.40327],[-79.213898,35.403331],[-79.214041,35.403393],[-79.21404,35.403425],[-79.214024,35.403436],[-79.213982,35.403442],[-79.213931,35.403433],[-79.213909,35.40342],[-79.213906,35.403409],[-79.213844,35.403395],[-79.213832,35.403382],[-79.213829,35.403334],[-79.213803,35.403306],[-79.21376,35.403313],[-79.213684,35.403307],[-79.213676,35.403289],[-79.213628,35.40327],[-79.213607,35.403228],[-79.213582,35.403208],[-79.213578,35.403176],[-79.213511,35.403198],[-79.213505,35.403187],[-79.213599,35.403138],[-79.213618,35.403121],[-79.21367,35.403047],[-79.213672,35.403017],[-79.213663,35.402997],[-79.213619,35.402966],[-79.213572,35.402962],[-79.2135,35.402914],[-79.21347,35.402877],[-79.213436,35.402785],[-79.213402,35.402774],[-79.213397,35.402763],[-79.213412,35.402751],[-79.213489,35.402722],[-79.213506,35.402682],[-79.213492,35.402675],[-79.213479,35.40268],[-79.213392,35.402734],[-79.213295,35.402685],[-79.213215,35.402663],[-79.213183,35.402641],[-79.213172,35.4026],[-79.213198,35.402528],[-79.213195,35.402485],[-79.213229,35.402435],[-79.213225,35.402382],[-79.213201,35.402383],[-79.213184,35.40237],[-79.213131,35.402282],[-79.213071,35.402057],[-79.212996,35.401923],[-79.212984,35.401921],[-79.21297,35.401905],[-79.212959,35.401874],[-79.212989,35.401785],[-79.213009,35.401767],[-79.213043,35.401762],[-79.213087,35.401772],[-79.213104,35.401764],[-79.213108,35.401731],[-79.213049,35.401685],[-79.213041,35.401644],[-79.213051,35.401621],[-79.213077,35.401596],[-79.213137,35.401578],[-79.213187,35.401572],[-79.213238,35.401576],[-79.213327,35.401558],[-79.213425,35.401579],[-79.21348,35.40161],[-79.213576,35.401636],[-79.213614,35.401525],[-79.213616,35.401456],[-79.213573,35.401359],[-79.213464,35.401326],[-79.213404,35.401295],[-79.213257,35.401244],[-79.213179,35.401227],[-79.213211,35.401205],[-79.213219,35.401182],[-79.213194,35.401167],[-79.213157,35.401161],[-79.213115,35.40117],[-79.21309,35.401194],[-79.213067,35.401261],[-79.213025,35.401289],[-79.212999,35.401328],[-79.212975,35.401336],[-79.212982,35.401283],[-79.212961,35.401282],[-79.212898,35.401317],[-79.212853,35.401353],[-79.212845,35.401375],[-79.212853,35.401398],[-79.212885,35.401451],[-79.2129,35.401462],[-79.212868,35.401505],[-79.212855,35.40149],[-79.212763,35.401481],[-79.212751,35.401468],[-79.212777,35.401443]]]}},{"type":"Feature","properties":{"k":"bunker"},"geometry":{"type":"Polygon","coordinates":[[[-79.211878,35.401921],[-79.211797,35.401922],[-79.211818,35.401907],[-79.211806,35.40187],[-79.211771,35.401851],[-79.211681,35.401825],[-79.211522,35.401791],[-79.211389,35.401751],[-79.211091,35.401712],[-79.211085,35.401704],[-79.211098,35.4017],[-79.211229,35.401713],[-79.211399,35.40174],[-79.211547,35.401783],[-79.211585,35.401783],[-79.211784,35.401837],[-79.211878,35.401901],[-79.211884,35.401914],[-79.211878,35.401921]]]}},{"type":"Feature","properties":{"k":"green"},"geometry":{"type":"Polygon","coordinates":[[[-79.213087,35.400892],[-79.21291,35.400977],[-79.212858,35.400994],[-79.212828,35.400997],[-79.212799,35.400984],[-79.212788,35.400952],[-79.21279,35.400908],[-79.212805,35.400874],[-79.212924,35.400773],[-79.212964,35.400753],[-79.213075,35.400747],[-79.213141,35.400771],[-79.213158,35.400798],[-79.21316,35.400825],[-79.213119,35.400877],[-79.213087,35.400892]]]}},{"type":"Feature","properties":{"k":"tee"},"geometry":{"type":"Polygon","coordinates":[[[-79.213345,35.401349],[-79.213163,35.401393],[-79.213163,35.401412],[-79.213196,35.401501],[-79.213192,35.401533],[-79.213153,35.401553],[-79.213092,35.401571],[-79.213046,35.401598],[-79.213025,35.401623],[-79.213021,35.401698],[-79.213003,35.401722],[-79.212963,35.401725],[-79.212944,35.401716],[-79.212931,35.401696],[-79.212934,35.401666],[-79.212994,35.401589],[-79.21302,35.401541],[-79.213052,35.401425],[-79.21309,35.401345],[-79.213139,35.401309],[-79.213197,35.40128],[-79.213243,35.40127],[-79.213335,35.401306],[-79.213359,35.401326],[-79.213345,35.401349]]]}},{"type":"Feature","properties":{"k":"tee"},"geometry":{"type":"Polygon","coordinates":[[[-79.213446,35.401483],[-79.213445,35.401518],[-79.21343,35.401536],[-79.213271,35.401532],[-79.21325,35.401525],[-79.213237,35.401441],[-79.213247,35.401421],[-79.213412,35.401396],[-79.213438,35.401423],[-79.213447,35.401448],[-79.213446,35.401483]]]}},{"type":"Feature","properties":{"k":"green"},"geometry":{"type":"Polygon","coordinates":[[[-79.214316,35.40348],[-79.214219,35.403538],[-79.214158,35.403562],[-79.214106,35.40357],[-79.21406,35.40356],[-79.214028,35.403541],[-79.214007,35.403513],[-79.214006,35.403485],[-79.21402,35.403457],[-79.214082,35.403412],[-79.21418,35.403324],[-79.21423,35.403307],[-79.214304,35.403321],[-79.214357,35.403366],[-79.214364,35.403399],[-79.214355,35.403436],[-79.214339,35.403463],[-79.214316,35.40348]]]}},{"type":"Feature","properties":{"k":"bunker"},"geometry":{"type":"Polygon","coordinates":[[[-79.213554,35.403419],[-79.213518,35.40342],[-79.213504,35.403411],[-79.213467,35.403375],[-79.213471,35.403354],[-79.213482,35.403349],[-79.213501,35.403359],[-79.213529,35.403359],[-79.213561,35.403374],[-79.213573,35.403404],[-79.213554,35.403419]]]}},{"type":"Feature","properties":{"k":"bunker"},"geometry":{"type":"Polygon","coordinates":[[[-79.213877,35.403547],[-79.21384,35.403546],[-79.213786,35.403585],[-79.213763,35.403626],[-79.213744,35.403626],[-79.213757,35.403577],[-79.213756,35.403511],[-79.213763,35.403491],[-79.213814,35.403494],[-79.213831,35.403498],[-79.213843,35.403512],[-79.213889,35.403519],[-79.213902,35.403531],[-79.2139,35.403544],[-79.21388,35.403555],[-79.213877,35.403547]]]}},{"type":"Feature","properties":{"k":"bunker"},"geometry":{"type":"Polygon","coordinates":[[[-79.212783,35.403152],[-79.212623,35.403078],[-79.212539,35.403014],[-79.212517,35.402962],[-79.212532,35.402825],[-79.212509,35.40274],[-79.212514,35.402712],[-79.21254,35.402697],[-79.212559,35.402718],[-79.212564,35.402769],[-79.212537,35.402968],[-79.212588,35.403027],[-79.212711,35.403097],[-79.212865,35.403148],[-79.212887,35.403142],[-79.212888,35.403153],[-79.212872,35.403169],[-79.212854,35.403171],[-79.212826,35.403171],[-79.212783,35.403152]]]}},{"type":"Feature","properties":{"k":"bunker"},"geometry":{"type":"Polygon","coordinates":[[[-79.213181,35.403611],[-79.213141,35.403651],[-79.213185,35.4037],[-79.213159,35.403714],[-79.213111,35.403694],[-79.213079,35.403713],[-79.213076,35.403729],[-79.21305,35.403727],[-79.213045,35.403708],[-79.213057,35.403692],[-79.213087,35.40367],[-79.213107,35.403666],[-79.213126,35.403623],[-79.213168,35.403588],[-79.213207,35.403515],[-79.213216,35.403476],[-79.213216,35.403452],[-79.213188,35.403364],[-79.21314,35.403255],[-79.213156,35.403258],[-79.213196,35.403336],[-79.21323,35.403467],[-79.213226,35.403497],[-79.213191,35.403572],[-79.213192,35.4036],[-79.213181,35.403611]]]}},{"type":"Feature","properties":{"k":"bunker"},"geometry":{"type":"Polygon","coordinates":[[[-79.213865,35.40478],[-79.213794,35.404776],[-79.213757,35.404782],[-79.213729,35.404794],[-79.213691,35.404826],[-79.213674,35.404753],[-79.213624,35.404758],[-79.213555,35.404777],[-79.213497,35.4048],[-79.21347,35.404822],[-79.213465,35.40485],[-79.213477,35.404884],[-79.213433,35.404904],[-79.213417,35.404884],[-79.213366,35.404855],[-79.213327,35.404844],[-79.212989,35.404804],[-79.212973,35.404789],[-79.212952,35.404732],[-79.212991,35.404678],[-79.213002,35.404725],[-79.213027,35.404775],[-79.213078,35.404796],[-79.213396,35.404815],[-79.21343,35.404799],[-79.213442,35.404783],[-79.213441,35.404755],[-79.213474,35.404738],[-79.213507,35.404758],[-79.213541,35.404754],[-79.213633,35.404717],[-79.213668,35.404684],[-79.213753,35.40468],[-79.213779,35.404696],[-79.213793,35.404692],[-79.213805,35.40467],[-79.213799,35.404661],[-79.213836,35.404613],[-79.213863,35.404613],[-79.21388,35.404586],[-79.213876,35.404577],[-79.213864,35.404575],[-79.213882,35.404541],[-79.213938,35.404521],[-79.213974,35.404498],[-79.213999,35.404464],[-79.214007,35.40443],[-79.213995,35.404405],[-79.213971,35.404387],[-79.213938,35.404377],[-79.21391,35.404381],[-79.213837,35.404426],[-79.213816,35.404399],[-79.213882,35.404351],[-79.21391,35.404318],[-79.213934,35.404269],[-79.213926,35.404213],[-79.213909,35.404193],[-79.213876,35.404179],[-79.213821,35.404175],[-79.213823,35.404145],[-79.213852,35.40414],[-79.213892,35.404109],[-79.213897,35.404089],[-79.213884,35.404069],[-79.2141,35.404034],[-79.214108,35.404017],[-79.214099,35.404007],[-79.214079,35.404005],[-79.214069,35.404015],[-79.214016,35.403995],[-79.214021,35.403983],[-79.214014,35.403972],[-79.213996,35.40397],[-79.213913,35.404021],[-79.213907,35.404013],[-79.21388,35.404014],[-79.213754,35.403947],[-79.213757,35.403929],[-79.213733,35.403894],[-79.21371,35.403899],[-79.213712,35.403931],[-79.213663,35.403907],[-79.213662,35.403876],[-79.213648,35.403859],[-79.213616,35.403849],[-79.21359,35.403823],[-79.213603,35.403798],[-79.213574,35.40378],[-79.213533,35.403772],[-79.213371,35.403773],[-79.213253,35.403758],[-79.213119,35.403775],[-79.213082,35.403767],[-79.213058,35.40375],[-79.21305,35.403727],[-79.213076,35.403729],[-79.213106,35.40375],[-79.213153,35.403749],[-79.213165,35.403725],[-79.213159,35.403714],[-79.213185,35.4037],[-79.213221,35.403725],[-79.213246,35.403732],[-79.213301,35.403732],[-79.213339,35.403725],[-79.21346,35.403721],[-79.21352,35.403678],[-79.213526,35.403665],[-79.213607,35.403679],[-79.213551,35.403637],[-79.213555,35.403616],[-79.213516,35.403586],[-79.213508,35.403511],[-79.21352,35.403512],[-79.213541,35.403497],[-79.213582,35.403493],[-79.213585,35.403539],[-79.213578,35.403551],[-79.213564,35.403557],[-79.213565,35.403566],[-79.21358,35.403569],[-79.2136,35.40356],[-79.213642,35.403591],[-79.213646,35.403622],[-79.213628,35.403622],[-79.213624,35.403635],[-79.213634,35.403648],[-79.213658,35.403642],[-79.213702,35.403727],[-79.21372,35.40374],[-79.213736,35.403745],[-79.213761,35.403738],[-79.213763,35.403699],[-79.21379,35.403614],[-79.213846,35.403556],[-79.213864,35.403557],[-79.213872,35.403569],[-79.213896,35.403571],[-79.213919,35.403583],[-79.213936,35.403607],[-79.213938,35.403632],[-79.213921,35.403632],[-79.213911,35.403646],[-79.213898,35.4037],[-79.213885,35.403706],[-79.213883,35.403719],[-79.213915,35.403714],[-79.21395,35.403685],[-79.213975,35.403678],[-79.213996,35.403695],[-79.214005,35.40372],[-79.214002,35.403736],[-79.213949,35.403774],[-79.213914,35.403789],[-79.213871,35.40379],[-79.213799,35.403778],[-79.213771,35.403785],[-79.213736,35.40382],[-79.213732,35.403836],[-79.213746,35.40386],[-79.213768,35.403881],[-79.213796,35.403934],[-79.213819,35.403953],[-79.213904,35.403972],[-79.213949,35.403966],[-79.213986,35.403945],[-79.214011,35.403939],[-79.214107,35.403981],[-79.214233,35.403965],[-79.214265,35.403973],[-79.214274,35.403992],[-79.214246,35.404044],[-79.214226,35.404051],[-79.21423,35.404062],[-79.214262,35.404065],[-79.214264,35.404083],[-79.214216,35.404131],[-79.214225,35.404139],[-79.214208,35.404161],[-79.214191,35.404169],[-79.214176,35.404166],[-79.214156,35.404143],[-79.214138,35.404149],[-79.214103,35.404141],[-79.214083,35.40416],[-79.21409,35.404176],[-79.214139,35.404175],[-79.214131,35.404184],[-79.214139,35.404192],[-79.214155,35.40419],[-79.214148,35.404203],[-79.214157,35.404205],[-79.214177,35.404235],[-79.214162,35.404249],[-79.214168,35.404254],[-79.214197,35.404249],[-79.214206,35.40426],[-79.214211,35.404335],[-79.214192,35.404384],[-79.214174,35.404414],[-79.214124,35.404449],[-79.214085,35.40451],[-79.21404,35.404535],[-79.214028,35.404553],[-79.214004,35.404567],[-79.213919,35.404589],[-79.213898,35.404614],[-79.213899,35.404629],[-79.213921,35.404634],[-79.213944,35.40463],[-79.214059,35.404601],[-79.214084,35.404575],[-79.214105,35.404573],[-79.214151,35.404547],[-79.214172,35.404544],[-79.214191,35.40455],[-79.214199,35.404547],[-79.214197,35.404539],[-79.214246,35.404547],[-79.214248,35.404556],[-79.214211,35.404566],[-79.214181,35.404607],[-79.21416,35.404616],[-79.214161,35.40465],[-79.214147,35.404665],[-79.214128,35.404715],[-79.214128,35.404741],[-79.214148,35.404776],[-79.214147,35.404793],[-79.214132,35.40481],[-79.214106,35.404819],[-79.213865,35.40478]]]}},{"type":"Feature","properties":{"k":"bunker"},"geometry":{"type":"Polygon","coordinates":[[[-79.214466,35.404309],[-79.214455,35.404331],[-79.214434,35.404322],[-79.21441,35.40433],[-79.214415,35.404352],[-79.214438,35.404359],[-79.214441,35.404393],[-79.214417,35.404406],[-79.214405,35.404392],[-79.214374,35.404394],[-79.214366,35.404335],[-79.214377,35.404334],[-79.214376,35.404322],[-79.214391,35.404317],[-79.214368,35.40429],[-79.214388,35.404283],[-79.214393,35.40426],[-79.21441,35.404259],[-79.214426,35.404274],[-79.214437,35.404268],[-79.214456,35.404278],[-79.214466,35.404309]]]}},{"type":"Feature","properties":{"k":"bunker"},"geometry":{"type":"Polygon","coordinates":[[[-79.214406,35.404515],[-79.214363,35.404564],[-79.214314,35.404573],[-79.214287,35.404561],[-79.214283,35.404534],[-79.214323,35.404493],[-79.214356,35.40443],[-79.214414,35.404443],[-79.214426,35.404483],[-79.214406,35.404515]]]}},{"type":"Feature","properties":{"k":"green"},"geometry":{"type":"Polygon","coordinates":[[[-79.214426,35.404232],[-79.214367,35.404251],[-79.214354,35.404268],[-79.214344,35.404293],[-79.214341,35.40438],[-79.214328,35.404423],[-79.214283,35.4045],[-79.214253,35.404514],[-79.214204,35.404507],[-79.214178,35.40449],[-79.21417,35.404465],[-79.214229,35.404359],[-79.214234,35.404221],[-79.214246,35.404185],[-79.214299,35.404066],[-79.21432,35.404046],[-79.214353,35.404038],[-79.214398,35.404055],[-79.214444,35.404192],[-79.21444,35.404222],[-79.214426,35.404232]]]}},{"type":"Feature","properties":{"k":"tee"},"geometry":{"type":"Polygon","coordinates":[[[-79.213146,35.403844],[-79.213132,35.403863],[-79.213108,35.403867],[-79.213073,35.403858],[-79.213054,35.403842],[-79.213054,35.40382],[-79.213074,35.403809],[-79.213103,35.403808],[-79.213136,35.403823],[-79.213146,35.403844]]]}},{"type":"Feature","properties":{"k":"tee"},"geometry":{"type":"Polygon","coordinates":[[[-79.213291,35.403946],[-79.213227,35.404018],[-79.213192,35.404022],[-79.213132,35.403989],[-79.213037,35.403959],[-79.213006,35.403938],[-79.213,35.403913],[-79.21301,35.403893],[-79.213132,35.403916],[-79.213278,35.403907],[-79.213297,35.403923],[-79.213291,35.403946]]]}},{"type":"Feature","properties":{"k":"tee"},"geometry":{"type":"Polygon","coordinates":[[[-79.213289,35.404192],[-79.213294,35.404237],[-79.213279,35.404278],[-79.213204,35.404356],[-79.213197,35.404398],[-79.21331,35.404614],[-79.213336,35.404684],[-79.213343,35.404717],[-79.213337,35.404734],[-79.213303,35.404735],[-79.213284,35.40471],[-79.213245,35.40459],[-79.213205,35.404534],[-79.213166,35.404453],[-79.21315,35.404398],[-79.213149,35.4043],[-79.21314,35.404264],[-79.213147,35.40422],[-79.213139,35.404184],[-79.213118,35.404156],[-79.213122,35.404135],[-79.213166,35.404098],[-79.2132,35.404085],[-79.213242,35.40409],[-79.213269,35.404115],[-79.213289,35.404192]]]}},{"type":"Feature","properties":{"k":"tee"},"geometry":{"type":"Polygon","coordinates":[[[-79.214568,35.404417],[-79.21453,35.404495],[-79.214477,35.404567],[-79.214455,35.404595],[-79.214429,35.404599],[-79.214416,35.404589],[-79.214416,35.404571],[-79.214484,35.404418],[-79.214511,35.40433],[-79.214527,35.404317],[-79.214592,35.40433],[-79.214603,35.404351],[-79.214568,35.404417]]]}},{"type":"Feature","properties":{"k":"tee"},"geometry":{"type":"Polygon","coordinates":[[[-79.214752,35.404287],[-79.21472,35.4043],[-79.214668,35.404304],[-79.214616,35.404296],[-79.214568,35.404283],[-79.21455,35.40427],[-79.214553,35.404246],[-79.214585,35.404229],[-79.214658,35.404243],[-79.214694,35.404243],[-79.214759,35.404262],[-79.214766,35.404275],[-79.214752,35.404287]]]}},{"type":"Feature","properties":{"k":"tee"},"geometry":{"type":"Polygon","coordinates":[[[-79.214746,35.404195],[-79.214613,35.404168],[-79.2146,35.404148],[-79.214602,35.404124],[-79.214623,35.404109],[-79.214645,35.404108],[-79.214685,35.404121],[-79.214714,35.404153],[-79.214753,35.404173],[-79.214756,35.404183],[-79.214746,35.404195]]]}},{"type":"Feature","properties":{"k":"bunker"},"geometry":{"type":"Polygon","coordinates":[[[-79.214629,35.403709],[-79.21462,35.40373],[-79.214586,35.403757],[-79.214544,35.403764],[-79.214502,35.403736],[-79.21449,35.403704],[-79.214493,35.40368],[-79.214527,35.403657],[-79.214529,35.403649],[-79.214517,35.403636],[-79.214532,35.403593],[-79.214559,35.403578],[-79.214591,35.403577],[-79.214579,35.403543],[-79.214584,35.403511],[-79.214595,35.403482],[-79.214608,35.403474],[-79.214607,35.403435],[-79.214618,35.40341],[-79.214667,35.403383],[-79.214732,35.403375],[-79.214745,35.403383],[-79.214742,35.403401],[-79.214702,35.40344],[-79.214701,35.403454],[-79.214727,35.403501],[-79.214715,35.403531],[-79.214726,35.403558],[-79.214688,35.403599],[-79.214646,35.403611],[-79.214624,35.403634],[-79.214636,35.403687],[-79.214629,35.403709]]]}},{"type":"Feature","properties":{"k":"bunker"},"geometry":{"type":"Polygon","coordinates":[[[-79.214585,35.402467],[-79.214545,35.402461],[-79.214547,35.402526],[-79.214528,35.402522],[-79.21451,35.402442],[-79.214553,35.402434],[-79.214592,35.402442],[-79.214601,35.402463],[-79.214585,35.402467]]]}},{"type":"Feature","properties":{"k":"bunker"},"geometry":{"type":"Polygon","coordinates":[[[-79.214535,35.402178],[-79.214524,35.402201],[-79.214485,35.402156],[-79.214493,35.402136],[-79.214526,35.40212],[-79.214545,35.402084],[-79.214569,35.402079],[-79.214585,35.40209],[-79.214586,35.402115],[-79.21453,35.402144],[-79.214535,35.402178]]]}},{"type":"Feature","properties":{"k":"bunker"},"geometry":{"type":"Polygon","coordinates":[[[-79.214687,35.401978],[-79.214661,35.401989],[-79.214632,35.40199],[-79.214626,35.40198],[-79.214658,35.401945],[-79.214683,35.40194],[-79.214694,35.40195],[-79.214687,35.401978]]]}},{"type":"Feature","properties":{"k":"bunker"},"geometry":{"type":"Polygon","coordinates":[[[-79.215717,35.401603],[-79.215665,35.401594],[-79.215636,35.401616],[-79.215632,35.401639],[-79.215383,35.401623],[-79.21537,35.40157],[-79.21535,35.401564],[-79.215306,35.401566],[-79.215284,35.401554],[-79.215347,35.401522],[-79.215402,35.401511],[-79.215454,35.401489],[-79.215508,35.401486],[-79.215545,35.401496],[-79.215613,35.401491],[-79.215651,35.401507],[-79.21565,35.401521],[-79.215683,35.401564],[-79.215707,35.401566],[-79.215719,35.401559],[-79.215759,35.401566],[-79.215767,35.401626],[-79.215833,35.401708],[-79.215831,35.40172],[-79.215807,35.401724],[-79.215779,35.401718],[-79.215717,35.401603]]]}},{"type":"Feature","properties":{"k":"bunker"},"geometry":{"type":"Polygon","coordinates":[[[-79.215226,35.401591],[-79.215223,35.401604],[-79.215213,35.401609],[-79.215174,35.401571],[-79.215131,35.401502],[-79.214991,35.40144],[-79.214967,35.401407],[-79.214976,35.401355],[-79.214975,35.4013],[-79.214993,35.401226],[-79.215099,35.401058],[-79.215133,35.400964],[-79.215124,35.400881],[-79.215152,35.400852],[-79.215173,35.400852],[-79.215193,35.400878],[-79.21525,35.400921],[-79.215251,35.40095],[-79.215275,35.400966],[-79.215276,35.40098],[-79.215269,35.400991],[-79.215239,35.401004],[-79.215238,35.401013],[-79.215245,35.401022],[-79.215304,35.401022],[-79.215329,35.40104],[-79.215353,35.401072],[-79.21535,35.401084],[-79.215333,35.401092],[-79.215356,35.401113],[-79.215352,35.401122],[-79.215317,35.401133],[-79.215308,35.401127],[-79.215293,35.401058],[-79.215218,35.401032],[-79.215179,35.401045],[-79.215162,35.401099],[-79.215173,35.401188],[-79.215166,35.401192],[-79.215154,35.401255],[-79.215112,35.401343],[-79.215098,35.401404],[-79.215084,35.401414],[-79.215044,35.401413],[-79.215024,35.401387],[-79.214993,35.401383],[-79.214989,35.401404],[-79.215014,35.401433],[-79.21505,35.401442],[-79.21512,35.401478],[-79.21515,35.401483],[-79.215198,35.401521],[-79.215226,35.401591]]]}},{"type":"Feature","properties":{"k":"bunker"},"geometry":{"type":"Polygon","coordinates":[[[-79.215864,35.401244],[-79.215926,35.401214],[-79.215926,35.401206],[-79.215901,35.401197],[-79.215916,35.401187],[-79.215964,35.401197],[-79.215985,35.401189],[-79.215989,35.40117],[-79.216038,35.40117],[-79.216064,35.401188],[-79.216071,35.401212],[-79.216061,35.401245],[-79.216082,35.401263],[-79.21608,35.401277],[-79.216031,35.401306],[-79.216036,35.401335],[-79.21603,35.401341],[-79.215986,35.401312],[-79.215969,35.40131],[-79.215952,35.401316],[-79.215941,35.401331],[-79.215946,35.40137],[-79.215922,35.401383],[-79.215888,35.401384],[-79.215844,35.401423],[-79.215851,35.401439],[-79.215826,35.401439],[-79.215814,35.401428],[-79.215772,35.401431],[-79.215714,35.401406],[-79.215715,35.401349],[-79.215726,35.401334],[-79.21576,35.401306],[-79.215772,35.401308],[-79.215798,35.401295],[-79.215851,35.401245],[-79.215864,35.401244]]]}},{"type":"Feature","properties":{"k":"bunker"},"geometry":{"type":"Polygon","coordinates":[[[-79.215997,35.400938],[-79.216007,35.400993],[-79.216025,35.401016],[-79.216017,35.401041],[-79.215995,35.40106],[-79.215967,35.401104],[-79.215948,35.401112],[-79.215899,35.401098],[-79.215863,35.401068],[-79.215743,35.401001],[-79.215676,35.400991],[-79.215654,35.400999],[-79.215647,35.401012],[-79.215687,35.401133],[-79.215784,35.40122],[-79.215799,35.401225],[-79.215837,35.401215],[-79.215838,35.401227],[-79.215818,35.401243],[-79.215787,35.401251],[-79.215777,35.40127],[-79.215756,35.401283],[-79.215742,35.401283],[-79.215733,35.401272],[-79.215759,35.401243],[-79.215732,35.401203],[-79.215696,35.401176],[-79.215671,35.401224],[-79.215695,35.40125],[-79.215701,35.401275],[-79.21567,35.401303],[-79.215643,35.401308],[-79.215585,35.401299],[-79.215534,35.401277],[-79.215516,35.401252],[-79.2155,35.401152],[-79.215512,35.401138],[-79.215537,35.401139],[-79.215548,35.401128],[-79.21555,35.401113],[-79.215508,35.401098],[-79.215508,35.401086],[-79.215517,35.401072],[-79.21559,35.401023],[-79.215602,35.401004],[-79.215604,35.40098],[-79.215585,35.400942],[-79.21554,35.400899],[-79.215455,35.400847],[-79.215392,35.400823],[-79.215367,35.400802],[-79.215341,35.400763],[-79.215343,35.400742],[-79.215358,35.400719],[-79.215399,35.400701],[-79.215452,35.400715],[-79.215491,35.400752],[-79.215517,35.400748],[-79.215517,35.400768],[-79.215491,35.400819],[-79.21551,35.400843],[-79.215519,35.400843],[-79.215542,35.400786],[-79.215537,35.400734],[-79.215543,35.400662],[-79.215531,35.400639],[-79.215552,35.400644],[-79.21557,35.400678],[-79.215742,35.40078],[-79.21593,35.400817],[-79.215956,35.400835],[-79.215963,35.40085],[-79.215938,35.400873],[-79.215939,35.400884],[-79.215969,35.400884],[-79.216012,35.400837],[-79.216032,35.400832],[-79.216051,35.400863],[-79.215997,35.400938]]]}},{"type":"Feature","properties":{"k":"green"},"geometry":{"type":"Polygon","coordinates":[[[-79.215599,35.401451],[-79.215531,35.401459],[-79.21545,35.401452],[-79.215286,35.4015],[-79.215244,35.401495],[-79.215209,35.401479],[-79.215181,35.401453],[-79.215164,35.401416],[-79.215162,35.401373],[-79.215202,35.401261],[-79.215242,35.401218],[-79.215322,35.401153],[-79.215365,35.401141],[-79.215399,35.401144],[-79.215434,35.40116],[-79.215494,35.401287],[-79.215518,35.401317],[-79.215601,35.401343],[-79.215627,35.401356],[-79.215639,35.401372],[-79.215644,35.401403],[-79.215631,35.401433],[-79.215599,35.401451]]]}},{"type":"Feature","properties":{"k":"fairway"},"geometry":{"type":"Polygon","coordinates":[[[-79.21476,35.40382],[-79.214737,35.403858],[-79.214701,35.403884],[-79.214616,35.403914],[-79.214586,35.403907],[-79.214575,35.403883],[-79.214579,35.40385],[-79.21461,35.403763],[-79.214655,35.40371],[-79.214677,35.403645],[-79.214726,35.403606],[-79.214787,35.403386],[-79.214796,35.403318],[-79.214777,35.403257],[-79.214651,35.403068],[-79.214623,35.402961],[-79.214625,35.402891],[-79.214653,35.402806],[-79.214693,35.402762],[-79.214698,35.402706],[-79.21469,35.402617],[-79.214695,35.402478],[-79.21468,35.402327],[-79.214637,35.402263],[-79.214612,35.402202],[-79.214612,35.402147],[-79.214634,35.402098],[-79.214767,35.402019],[-79.214791,35.40198],[-79.214805,35.401875],[-79.214826,35.401839],[-79.21488,35.401823],[-79.214947,35.401851],[-79.215036,35.401911],[-79.215156,35.401957],[-79.215398,35.402006],[-79.215495,35.402012],[-79.215516,35.402034],[-79.215521,35.40208],[-79.215507,35.40217],[-79.21554,35.402272],[-79.215538,35.402313],[-79.215516,35.402343],[-79.215419,35.402398],[-79.215389,35.402446],[-79.21539,35.402602],[-79.215366,35.402654],[-79.215347,35.402749],[-79.215387,35.402839],[-79.215387,35.40288],[-79.215373,35.402908],[-79.21531,35.402984],[-79.215235,35.40313],[-79.215193,35.403177],[-79.215144,35.403207],[-79.214998,35.403229],[-79.214945,35.403251],[-79.214915,35.403282],[-79.214848,35.403519],[-79.21487,35.403634],[-79.214865,35.40368],[-79.214841,35.40372],[-79.21478,35.403776],[-79.21476,35.40382]]]}},{"type":"Feature","properties":{"k":"bunker"},"geometry":{"type":"Polygon","coordinates":[[[-79.214899,35.400605],[-79.214878,35.40063],[-79.21483,35.400644],[-79.214813,35.400593],[-79.214764,35.400584],[-79.214764,35.400575],[-79.214827,35.400554],[-79.21485,35.400519],[-79.214883,35.400514],[-79.214919,35.400551],[-79.21492,35.400583],[-79.214899,35.400605]]]}},{"type":"Feature","properties":{"k":"bunker"},"geometry":{"type":"Polygon","coordinates":[[[-79.215444,35.4004],[-79.215438,35.400412],[-79.215425,35.40041],[-79.215374,35.400373],[-79.215336,35.400294],[-79.215333,35.400243],[-79.215324,35.40023],[-79.215284,35.400217],[-79.215216,35.400219],[-79.215191,35.400253],[-79.215233,35.400395],[-79.215207,35.400426],[-79.215158,35.400439],[-79.215091,35.400398],[-79.215068,35.400368],[-79.215074,35.400318],[-79.215121,35.400209],[-79.215107,35.400197],[-79.215119,35.40019],[-79.215107,35.40016],[-79.215148,35.400116],[-79.215168,35.400144],[-79.215194,35.400142],[-79.215305,35.400095],[-79.215317,35.400033],[-79.215341,35.400013],[-79.21538,35.399999],[-79.21542,35.399955],[-79.215435,35.399928],[-79.215423,35.399894],[-79.215491,35.399932],[-79.215453,35.39999],[-79.215426,35.400049],[-79.215385,35.400208],[-79.215386,35.400235],[-79.215429,35.4003],[-79.21542,35.400345],[-79.215444,35.4004]]]}},{"type":"Feature","properties":{"k":"green"},"geometry":{"type":"Polygon","coordinates":[[[-79.21515,35.400562],[-79.215083,35.40059],[-79.215056,35.400593],[-79.215019,35.400581],[-79.214979,35.400557],[-79.214896,35.400476],[-79.214881,35.400443],[-79.214862,35.40038],[-79.214866,35.400356],[-79.21493,35.400226],[-79.214952,35.400191],[-79.214983,35.400169],[-79.215018,35.400162],[-79.215047,35.400173],[-79.215064,35.400196],[-79.215065,35.400224],[-79.215033,35.400347],[-79.215032,35.400377],[-79.215048,35.400405],[-79.215107,35.400444],[-79.215161,35.400496],[-79.215172,35.400523],[-79.215169,35.400546],[-79.21515,35.400562]]]}},{"type":"Feature","properties":{"k":"tee"},"geometry":{"type":"Polygon","coordinates":[[[-79.216405,35.401349],[-79.216325,35.401405],[-79.216303,35.401413],[-79.216277,35.40141],[-79.216257,35.401391],[-79.216257,35.401368],[-79.216278,35.40134],[-79.216352,35.401288],[-79.216375,35.401257],[-79.216399,35.401205],[-79.216428,35.401193],[-79.216459,35.401198],[-79.21649,35.401222],[-79.216485,35.401257],[-79.216434,35.401329],[-79.216405,35.401349]]]}},{"type":"Feature","properties":{"k":"tee"},"geometry":{"type":"Polygon","coordinates":[[[-79.216253,35.40124],[-79.21616,35.401292],[-79.21614,35.401289],[-79.216113,35.401191],[-79.216114,35.401165],[-79.216136,35.401143],[-79.216225,35.401135],[-79.216253,35.401139],[-79.216266,35.401223],[-79.216253,35.40124]]]}},{"type":"Feature","properties":{"k":"tee"},"geometry":{"type":"Polygon","coordinates":[[[-79.216168,35.40106],[-79.216082,35.401066],[-79.21606,35.40106],[-79.216055,35.401044],[-79.216069,35.400978],[-79.216076,35.400959],[-79.2161,35.400946],[-79.216137,35.400952],[-79.216154,35.40097],[-79.216174,35.401032],[-79.216168,35.40106]]]}},{"type":"Feature","properties":{"k":"tee"},"geometry":{"type":"Polygon","coordinates":[[[-79.214538,35.400423],[-79.21452,35.400442],[-79.214497,35.400448],[-79.214484,35.400439],[-79.214496,35.400389],[-79.214512,35.400377],[-79.214529,35.400384],[-79.21454,35.400402],[-79.214538,35.400423]]]}},{"type":"Feature","properties":{"k":"tee"},"geometry":{"type":"Polygon","coordinates":[[[-79.214667,35.400233],[-79.214631,35.400241],[-79.214608,35.400258],[-79.214589,35.400299],[-79.214546,35.400334],[-79.214535,35.400339],[-79.214511,35.400329],[-79.214501,35.400316],[-79.214509,35.400306],[-79.214528,35.400303],[-79.214552,35.400286],[-79.214649,35.4002],[-79.214741,35.40014],[-79.21475,35.400124],[-79.214744,35.400086],[-79.214755,35.400069],[-79.214837,35.400054],[-79.214966,35.399974],[-79.214972,35.399984],[-79.214966,35.399999],[-79.214937,35.40002],[-79.21482,35.400069],[-79.214817,35.400083],[-79.214774,35.400124],[-79.214728,35.40019],[-79.214698,35.400219],[-79.214667,35.400233]]]}},{"type":"Feature","properties":{"k":"tee"},"geometry":{"type":"Polygon","coordinates":[[[-79.215071,35.399803],[-79.215076,35.399829],[-79.215066,35.399852],[-79.215054,35.399856],[-79.215034,35.399847],[-79.215021,35.399821],[-79.215009,35.399788],[-79.215013,35.399772],[-79.215028,35.399765],[-79.215047,35.39977],[-79.215071,35.399803]]]}},{"type":"Feature","properties":{"k":"bunker"},"geometry":{"type":"Polygon","coordinates":[[[-79.214904,35.399239],[-79.214893,35.399234],[-79.214863,35.399254],[-79.214857,35.399271],[-79.214883,35.399266],[-79.214904,35.399239]]]}},{"type":"Feature","properties":{"k":"bunker"},"geometry":{"type":"Polygon","coordinates":[[[-79.21476,35.3994],[-79.21467,35.39941],[-79.214603,35.399431],[-79.214506,35.399439],[-79.214318,35.399503],[-79.214209,35.399495],[-79.214193,35.399488],[-79.214187,35.399473],[-79.21421,35.399448],[-79.214228,35.39945],[-79.214238,35.399481],[-79.214259,35.399489],[-79.214308,35.39949],[-79.214368,35.399473],[-79.214411,35.399446],[-79.21453,35.399414],[-79.214545,35.39942],[-79.214607,35.399416],[-79.214653,35.399393],[-79.214727,35.399378],[-79.214769,35.399391],[-79.21476,35.3994]]]}},{"type":"Feature","properties":{"k":"bunker"},"geometry":{"type":"Polygon","coordinates":[[[-79.215104,35.398682],[-79.214989,35.398756],[-79.21496,35.398783],[-79.214937,35.398832],[-79.214881,35.398802],[-79.214871,35.39879],[-79.214881,35.398753],[-79.21491,35.39873],[-79.214937,35.398686],[-79.214961,35.398677],[-79.214963,35.39866],[-79.21498,35.398652],[-79.215016,35.39869],[-79.215027,35.398686],[-79.215009,35.398639],[-79.215017,35.398625],[-79.215103,35.398592],[-79.215105,35.398583],[-79.215129,35.398589],[-79.215142,35.398604],[-79.215145,35.398625],[-79.215132,35.398641],[-79.215147,35.398663],[-79.215104,35.398682]]]}},{"type":"Feature","properties":{"k":"bunker"},"geometry":{"type":"Polygon","coordinates":[[[-79.214499,35.398768],[-79.214428,35.398757],[-79.214368,35.398738],[-79.214337,35.398709],[-79.2143,35.398688],[-79.214241,35.398686],[-79.214055,35.398712],[-79.214026,35.398732],[-79.214028,35.398711],[-79.214048,35.398694],[-79.214085,35.398681],[-79.214259,35.398642],[-79.214317,35.398649],[-79.214365,35.398698],[-79.2144,35.398713],[-79.214446,35.398729],[-79.214537,35.398734],[-79.214607,35.398766],[-79.214636,35.398799],[-79.214647,35.398846],[-79.214645,35.398922],[-79.214634,35.398959],[-79.214588,35.399027],[-79.21453,35.39909],[-79.2145,35.399108],[-79.214456,35.39912],[-79.21442,35.399119],[-79.214428,35.399096],[-79.214463,35.399089],[-79.214494,35.399025],[-79.214519,35.399],[-79.214558,35.398986],[-79.214601,35.398916],[-79.214608,35.398841],[-79.214595,35.39881],[-79.214557,35.398781],[-79.214499,35.398768]]]}},{"type":"Feature","properties":{"k":"bunker"},"geometry":{"type":"Polygon","coordinates":[[[-79.21496,35.398007],[-79.214957,35.398045],[-79.214877,35.39806],[-79.214859,35.398047],[-79.214837,35.398013],[-79.214828,35.39798],[-79.214812,35.397962],[-79.214774,35.397947],[-79.214774,35.397938],[-79.214802,35.397941],[-79.214814,35.397928],[-79.214811,35.397908],[-79.21483,35.397902],[-79.214848,35.397922],[-79.214875,35.39792],[-79.214881,35.397914],[-79.214875,35.397906],[-79.214903,35.397909],[-79.214907,35.397901],[-79.21489,35.397879],[-79.214922,35.397872],[-79.214968,35.397867],[-79.214976,35.397888],[-79.215056,35.397883],[-79.215071,35.397897],[-79.215069,35.397924],[-79.215033,35.397943],[-79.215015,35.397971],[-79.214961,35.397988],[-79.21496,35.398007]]]}},{"type":"Feature","properties":{"k":"bunker"},"geometry":{"type":"Polygon","coordinates":[[[-79.214759,35.397006],[-79.214755,35.39702],[-79.214769,35.397027],[-79.21477,35.397038],[-79.21475,35.397044],[-79.21475,35.397051],[-79.214786,35.397055],[-79.214796,35.397066],[-79.214753,35.397076],[-79.21477,35.397121],[-79.214678,35.397272],[-79.214675,35.397302],[-79.214701,35.397389],[-79.214676,35.397449],[-79.214683,35.397463],[-79.214623,35.397501],[-79.214593,35.397546],[-79.214609,35.3976],[-79.214713,35.3977],[-79.214732,35.397705],[-79.214762,35.39769],[-79.214832,35.397715],[-79.21481,35.397723],[-79.214788,35.397754],[-79.214772,35.397758],[-79.214749,35.397751],[-79.214704,35.397721],[-79.214631,35.397655],[-79.214614,35.397649],[-79.214599,35.397654],[-79.214545,35.397624],[-79.214518,35.397579],[-79.214522,35.397567],[-79.214559,35.397567],[-79.214568,35.397539],[-79.214496,35.397529],[-79.214485,35.397511],[-79.214488,35.397496],[-79.214534,35.397502],[-79.214559,35.397489],[-79.214548,35.397459],[-79.214505,35.397432],[-79.214492,35.397434],[-79.2145,35.397389],[-79.214512,35.397381],[-79.214522,35.397354],[-79.214578,35.397359],[-79.214608,35.397348],[-79.214663,35.397357],[-79.214669,35.397348],[-79.21465,35.397312],[-79.214622,35.397303],[-79.214607,35.39728],[-79.214612,35.397272],[-79.214645,35.397272],[-79.214655,35.397245],[-79.214586,35.39724],[-79.214563,35.397212],[-79.214598,35.397095],[-79.214639,35.397021],[-79.214652,35.397016],[-79.214665,35.397028],[-79.214687,35.397013],[-79.214712,35.397025],[-79.214792,35.396989],[-79.214749,35.396981],[-79.214676,35.396992],[-79.214666,35.396983],[-79.214701,35.396984],[-79.214732,35.396974],[-79.214752,35.396953],[-79.21477,35.396951],[-79.214767,35.396962],[-79.214776,35.396966],[-79.214787,35.396959],[-79.214798,35.396969],[-79.214806,35.397],[-79.214798,35.397013],[-79.214759,35.397006]]]}},{"type":"Feature","properties":{"k":"bunker"},"geometry":{"type":"Polygon","coordinates":[[[-79.214537,35.397927],[-79.214527,35.397946],[-79.214515,35.397946],[-79.21448,35.397903],[-79.214479,35.39789],[-79.214507,35.397865],[-79.214515,35.397862],[-79.214527,35.397876],[-79.214534,35.397875],[-79.214537,35.397927]]]}},{"type":"Feature","properties":{"k":"bunker"},"geometry":{"type":"Polygon","coordinates":[[[-79.214731,35.396858],[-79.214687,35.39688],[-79.214667,35.39688],[-79.214655,35.396872],[-79.214653,35.396859],[-79.214679,35.396848],[-79.214653,35.39683],[-79.214651,35.396771],[-79.214726,35.396797],[-79.214731,35.396858]]]}},{"type":"Feature","properties":{"k":"green"},"geometry":{"type":"Polygon","coordinates":[[[-79.214466,35.397275],[-79.214415,35.397325],[-79.214384,35.39734],[-79.214363,35.397342],[-79.214349,35.397334],[-79.214341,35.397288],[-79.214393,35.397184],[-79.214388,35.397088],[-79.214394,35.397065],[-79.214407,35.397042],[-79.214433,35.397024],[-79.214467,35.397015],[-79.214512,35.397021],[-79.214533,35.397038],[-79.21454,35.397062],[-79.214466,35.397275]]]}},{"type":"Feature","properties":{"k":"bunker"},"geometry":{"type":"Polygon","coordinates":[[[-79.211423,35.398969],[-79.211312,35.398932],[-79.211235,35.398944],[-79.21114,35.398995],[-79.211102,35.399032],[-79.211064,35.399089],[-79.211017,35.399101],[-79.210981,35.399096],[-79.210897,35.399045],[-79.210865,35.39905],[-79.210787,35.399095],[-79.210767,35.399114],[-79.210755,35.399134],[-79.210757,35.399165],[-79.210728,35.399223],[-79.210677,35.399244],[-79.210628,35.399284],[-79.210516,35.399314],[-79.210491,35.399336],[-79.210453,35.399352],[-79.210413,35.399361],[-79.210386,35.399347],[-79.210384,35.399322],[-79.210319,35.399271],[-79.210329,35.399214],[-79.210376,35.399261],[-79.210406,35.399277],[-79.210464,35.399288],[-79.21057,35.399272],[-79.210633,35.399244],[-79.210644,35.399227],[-79.210637,35.399184],[-79.210682,35.399126],[-79.21065,35.399108],[-79.210628,35.399115],[-79.210568,35.399184],[-79.210588,35.399206],[-79.210565,35.39924],[-79.210542,35.399253],[-79.210478,35.399263],[-79.210424,35.399252],[-79.210377,35.399218],[-79.210363,35.399194],[-79.210382,35.399185],[-79.210428,35.399186],[-79.210455,35.399172],[-79.210463,35.399159],[-79.210553,35.399136],[-79.210606,35.399079],[-79.21067,35.399044],[-79.210666,35.399037],[-79.210688,35.399015],[-79.210776,35.398994],[-79.210775,35.398983],[-79.210805,35.398938],[-79.210841,35.398909],[-79.210859,35.39879],[-79.21087,35.398784],[-79.210873,35.398763],[-79.210892,35.398811],[-79.210909,35.398817],[-79.210911,35.398828],[-79.2109,35.398901],[-79.210874,35.398945],[-79.210891,35.398978],[-79.210905,35.398985],[-79.210954,35.398994],[-79.210966,35.398987],[-79.210959,35.398934],[-79.210986,35.398874],[-79.210967,35.398828],[-79.210967,35.398763],[-79.210986,35.398687],[-79.211011,35.398657],[-79.211053,35.398634],[-79.211108,35.398619],[-79.211191,35.398616],[-79.211223,35.398622],[-79.21122,35.398606],[-79.211241,35.398605],[-79.211265,35.398611],[-79.21127,35.39863],[-79.211283,35.39863],[-79.211294,35.398614],[-79.211329,35.398604],[-79.211415,35.398619],[-79.211475,35.398645],[-79.211553,35.398665],[-79.211658,35.398716],[-79.211683,35.398735],[-79.211701,35.398774],[-79.211738,35.398809],[-79.211758,35.398807],[-79.211837,35.398825],[-79.211926,35.398828],[-79.211959,35.398818],[-79.211986,35.39884],[-79.211998,35.398839],[-79.212004,35.398812],[-79.212024,35.398814],[-79.212078,35.39883],[-79.212098,35.398866],[-79.212059,35.39896],[-79.212004,35.399055],[-79.211988,35.399073],[-79.211958,35.399085],[-79.211922,35.399086],[-79.211898,35.399072],[-79.211883,35.399057],[-79.211879,35.399037],[-79.211882,35.399013],[-79.211927,35.398942],[-79.211943,35.398901],[-79.211929,35.398889],[-79.211891,35.398898],[-79.211848,35.39892],[-79.211825,35.398941],[-79.211808,35.398966],[-79.211797,35.399012],[-79.211801,35.399074],[-79.211816,35.399092],[-79.211903,35.399144],[-79.211914,35.399172],[-79.211899,35.399195],[-79.211821,35.399238],[-79.211789,35.399283],[-79.211766,35.39929],[-79.21173,35.39929],[-79.211706,35.399276],[-79.21165,35.399166],[-79.211642,35.399156],[-79.211618,35.399155],[-79.211588,35.399172],[-79.211572,35.399204],[-79.211581,35.399262],[-79.211611,35.399312],[-79.211601,35.39934],[-79.211579,35.399359],[-79.211542,35.39937],[-79.211505,35.399367],[-79.211447,35.399348],[-79.211424,35.399331],[-79.211393,35.399324],[-79.211178,35.399355],[-79.211081,35.399347],[-79.211031,35.399298],[-79.211033,35.399278],[-79.211066,35.399244],[-79.211133,35.399229],[-79.211219,35.39922],[-79.211223,35.399207],[-79.211207,35.399154],[-79.211215,35.399126],[-79.211241,35.399115],[-79.211343,35.399118],[-79.211501,35.3991],[-79.211541,35.39909],[-79.211561,35.399074],[-79.211562,35.399052],[-79.211552,35.399027],[-79.211533,35.39901],[-79.211423,35.398969]]]}},{"type":"Feature","properties":{"k":"green"},"geometry":{"type":"Polygon","coordinates":[[[-79.21449,35.395262],[-79.214478,35.395283],[-79.214448,35.395296],[-79.214413,35.395299],[-79.214361,35.395291],[-79.214311,35.39526],[-79.214283,35.395219],[-79.214266,35.39521],[-79.214225,35.395203],[-79.214195,35.395211],[-79.214154,35.395264],[-79.214114,35.395335],[-79.214114,35.395358],[-79.214094,35.395381],[-79.214078,35.395386],[-79.214028,35.395363],[-79.213959,35.395357],[-79.213947,35.395344],[-79.213947,35.395325],[-79.213976,35.395195],[-79.213931,35.395137],[-79.213927,35.395118],[-79.213951,35.395109],[-79.214035,35.395123],[-79.214107,35.39502],[-79.214129,35.395016],[-79.21416,35.395022],[-79.214204,35.395053],[-79.214239,35.395097],[-79.214267,35.39511],[-79.214318,35.395128],[-79.214419,35.39514],[-79.214447,35.395152],[-79.214493,35.395214],[-79.21449,35.395262]]]}},{"type":"Feature","properties":{"k":"fairway"},"geometry":{"type":"Polygon","coordinates":[[[-79.213847,35.39502],[-79.213833,35.395109],[-79.213824,35.395122],[-79.21378,35.395147],[-79.213756,35.39519],[-79.213803,35.39529],[-79.213806,35.395317],[-79.213787,35.395339],[-79.213753,35.395341],[-79.213716,35.39533],[-79.213692,35.39531],[-79.213686,35.395284],[-79.213692,35.395253],[-79.213734,35.395173],[-79.213783,35.395124],[-79.213793,35.395104],[-79.213789,35.395081],[-79.213818,35.395001],[-79.213831,35.394998],[-79.213847,35.39502]]]}},{"type":"Feature","properties":{"k":"fairway"},"geometry":{"type":"Polygon","coordinates":[[[-79.213758,35.395458],[-79.213745,35.395473],[-79.213725,35.39548],[-79.213679,35.39547],[-79.213663,35.39545],[-79.21366,35.395429],[-79.213667,35.395413],[-79.213685,35.395404],[-79.213738,35.395409],[-79.213755,35.395423],[-79.213758,35.395458]]]}},{"type":"Feature","properties":{"k":"tee"},"geometry":{"type":"Polygon","coordinates":[[[-79.213691,35.395603],[-79.213659,35.395618],[-79.213627,35.395612],[-79.213624,35.395567],[-79.213635,35.395555],[-79.213654,35.395552],[-79.213687,35.395573],[-79.213695,35.395588],[-79.213691,35.395603]]]}},{"type":"Feature","properties":{"k":"fairway"},"geometry":{"type":"Polygon","coordinates":[[[-79.213975,35.395848],[-79.213982,35.395877],[-79.213971,35.39588],[-79.2139,35.395776],[-79.213921,35.395706],[-79.213909,35.395677],[-79.213927,35.395666],[-79.213938,35.395668],[-79.213943,35.395684],[-79.213939,35.395748],[-79.213975,35.395848]]]}},{"type":"Feature","properties":{"k":"bunker"},"geometry":{"type":"Polygon","coordinates":[[[-79.213724,35.395708],[-79.213631,35.395708],[-79.213569,35.395715],[-79.213509,35.395695],[-79.213503,35.395658],[-79.213522,35.395626],[-79.213557,35.395612],[-79.213586,35.395623],[-79.213641,35.395674],[-79.213679,35.39566],[-79.213716,35.395627],[-79.213752,35.395624],[-79.213794,35.395695],[-79.213724,35.395708]]]}},{"type":"Feature","properties":{"k":"bunker"},"geometry":{"type":"Polygon","coordinates":[[[-79.21087,35.397945],[-79.210872,35.397956],[-79.210945,35.398007],[-79.210992,35.398086],[-79.211042,35.398067],[-79.21109,35.398069],[-79.211008,35.398106],[-79.210996,35.398133],[-79.211005,35.398171],[-79.211061,35.398221],[-79.211306,35.398201],[-79.211299,35.398185],[-79.211308,35.398184],[-79.211359,35.398199],[-79.211368,35.39821],[-79.211414,35.398207],[-79.211434,35.398215],[-79.211468,35.398246],[-79.211537,35.398244],[-79.211639,35.398307],[-79.211667,35.398313],[-79.211716,35.398285],[-79.211766,35.398298],[-79.211782,35.398308],[-79.211786,35.39833],[-79.211766,35.39837],[-79.211711,35.398381],[-79.211597,35.398313],[-79.211489,35.398282],[-79.211369,35.398234],[-79.211334,35.398227],[-79.211226,35.398231],[-79.211174,35.398241],[-79.21111,35.398265],[-79.211089,35.398267],[-79.211078,35.398257],[-79.211033,35.398283],[-79.210999,35.398325],[-79.210958,35.398323],[-79.210909,35.398348],[-79.210884,35.398348],[-79.210817,35.398403],[-79.210777,35.398449],[-79.210709,35.398472],[-79.210646,35.398475],[-79.210642,35.398459],[-79.210524,35.398396],[-79.210416,35.398312],[-79.210404,35.398268],[-79.210369,35.39826],[-79.210338,35.398221],[-79.210318,35.398138],[-79.210325,35.398101],[-79.210345,35.398088],[-79.210359,35.398091],[-79.21038,35.398115],[-79.210449,35.398148],[-79.210504,35.398152],[-79.210546,35.398147],[-79.210578,35.398131],[-79.210578,35.398119],[-79.210557,35.3981],[-79.210534,35.398092],[-79.210495,35.398103],[-79.210459,35.398098],[-79.210441,35.398081],[-79.210425,35.398085],[-79.210415,35.39808],[-79.210387,35.398056],[-79.210344,35.398055],[-79.210324,35.398042],[-79.210311,35.398012],[-79.210322,35.397992],[-79.210391,35.397926],[-79.210453,35.397914],[-79.210467,35.397907],[-79.210456,35.397894],[-79.210481,35.397883],[-79.210498,35.397892],[-79.210532,35.397936],[-79.210551,35.397992],[-79.210555,35.39806],[-79.210581,35.398083],[-79.210636,35.398108],[-79.210785,35.398129],[-79.21088,35.398177],[-79.210935,35.398186],[-79.210954,35.398182],[-79.210968,35.398171],[-79.210966,35.398123],[-79.210935,35.398062],[-79.210807,35.397944],[-79.210771,35.397866],[-79.210791,35.39787],[-79.210814,35.397854],[-79.210816,35.397844],[-79.210852,35.397833],[-79.210861,35.397822],[-79.210852,35.397805],[-79.210802,35.397793],[-79.210706,35.397814],[-79.210663,35.397783],[-79.21072,35.397781],[-79.210791,35.397762],[-79.2108,35.39775],[-79.210801,35.397717],[-79.210816,35.397701],[-79.210842,35.397691],[-79.210906,35.397701],[-79.210936,35.397713],[-79.210997,35.397774],[-79.211048,35.397766],[-79.211113,35.397738],[-79.211172,35.397646],[-79.211229,35.397612],[-79.21127,35.397604],[-79.211443,35.397601],[-79.211567,35.397582],[-79.211821,35.397501],[-79.211852,35.397477],[-79.211929,35.397447],[-79.212068,35.397415],[-79.212243,35.397358],[-79.212328,35.397293],[-79.212441,35.397135],[-79.212548,35.396957],[-79.212627,35.396889],[-79.212655,35.39684],[-79.212701,35.396792],[-79.212801,35.39673],[-79.212943,35.396665],[-79.213079,35.396555],[-79.213124,35.396527],[-79.213295,35.396452],[-79.213402,35.396381],[-79.213565,35.396243],[-79.213631,35.396202],[-79.213684,35.396155],[-79.213757,35.396035],[-79.213773,35.396022],[-79.213755,35.396],[-79.213702,35.395982],[-79.213716,35.395965],[-79.213769,35.395981],[-79.213824,35.395969],[-79.213837,35.396004],[-79.213794,35.396029],[-79.213749,35.396098],[-79.213744,35.396124],[-79.213846,35.396139],[-79.213855,35.396131],[-79.213867,35.396139],[-79.213873,35.396161],[-79.213851,35.396233],[-79.213838,35.396243],[-79.213767,35.396236],[-79.213745,35.396259],[-79.213747,35.396267],[-79.213814,35.396292],[-79.213808,35.396324],[-79.213798,35.396332],[-79.213788,35.396335],[-79.213759,35.396323],[-79.213705,35.396282],[-79.213669,35.396305],[-79.213676,35.396335],[-79.21372,35.396375],[-79.213736,35.396367],[-79.213757,35.39638],[-79.213759,35.396402],[-79.213722,35.396424],[-79.213643,35.396321],[-79.213588,35.396329],[-79.213579,35.396336],[-79.21357,35.396397],[-79.213499,35.396435],[-79.213558,35.396476],[-79.213586,35.396479],[-79.213595,35.396494],[-79.213592,35.396509],[-79.213614,35.396546],[-79.213604,35.396572],[-79.213589,35.396583],[-79.213558,35.39659],[-79.213536,35.39659],[-79.21352,35.396578],[-79.213492,35.396585],[-79.213399,35.396547],[-79.213379,35.396548],[-79.213338,35.396532],[-79.213339,35.396525],[-79.213322,35.396522],[-79.213319,35.396536],[-79.213283,35.396541],[-79.213224,35.396564],[-79.213189,35.396561],[-79.213167,35.396575],[-79.213155,35.396599],[-79.213128,35.396616],[-79.213109,35.396641],[-79.212962,35.396723],[-79.21293,35.396725],[-79.212945,35.396753],[-79.212929,35.396773],[-79.212909,35.396783],[-79.212882,35.396776],[-79.212871,35.396798],[-79.21282,35.396841],[-79.212815,35.396859],[-79.212798,35.396876],[-79.212745,35.396899],[-79.212719,35.396944],[-79.212627,35.397019],[-79.212613,35.397046],[-79.21256,35.397095],[-79.212488,35.397201],[-79.212417,35.397281],[-79.212402,35.397329],[-79.212382,35.39733],[-79.212376,35.397379],[-79.212389,35.397391],[-79.212348,35.397418],[-79.212359,35.397433],[-79.212345,35.397465],[-79.212306,35.397516],[-79.212291,35.397523],[-79.212288,35.397538],[-79.212235,35.397589],[-79.212167,35.397627],[-79.211997,35.397692],[-79.211956,35.397725],[-79.211907,35.397724],[-79.211857,35.397737],[-79.211836,35.397735],[-79.211769,35.39776],[-79.211748,35.39776],[-79.21174,35.397749],[-79.211724,35.397753],[-79.211696,35.397738],[-79.211524,35.397696],[-79.21146,35.397707],[-79.211378,35.397694],[-79.211298,35.3977],[-79.211272,35.397708],[-79.211219,35.397761],[-79.211219,35.397838],[-79.211205,35.397872],[-79.211156,35.39789],[-79.211113,35.397891],[-79.211074,35.397912],[-79.211046,35.397915],[-79.211034,35.397906],[-79.211002,35.397906],[-79.210982,35.397944],[-79.210949,35.397927],[-79.210917,35.397938],[-79.210879,35.397937],[-79.21087,35.397945]]]}},{"type":"Feature","properties":{"k":"bunker"},"geometry":{"type":"Polygon","coordinates":[[[-79.211483,35.397987],[-79.211455,35.398023],[-79.211439,35.398031],[-79.211399,35.398032],[-79.211325,35.398],[-79.21131,35.39797],[-79.211324,35.397945],[-79.211349,35.397923],[-79.211376,35.39792],[-79.211422,35.397891],[-79.211441,35.397886],[-79.211462,35.397889],[-79.2115,35.397919],[-79.211502,35.397958],[-79.211483,35.397987]]]}},{"type":"Feature","properties":{"k":"green"},"geometry":{"type":"Polygon","coordinates":[[[-79.211668,35.397877],[-79.211632,35.397906],[-79.21158,35.397907],[-79.211511,35.397854],[-79.211454,35.397844],[-79.211398,35.39786],[-79.211347,35.397889],[-79.211304,35.397895],[-79.211286,35.397885],[-79.211277,35.397869],[-79.211301,35.397753],[-79.211326,35.397728],[-79.211352,35.397723],[-79.211511,35.397727],[-79.211575,35.397737],[-79.211603,35.397749],[-79.211644,35.397794],[-79.211669,35.397849],[-79.211668,35.397877]]]}},{"type":"Feature","properties":{"k":"tee"},"geometry":{"type":"Polygon","coordinates":[[[-79.210316,35.398283],[-79.210314,35.3983],[-79.210299,35.398306],[-79.210276,35.398299],[-79.21018,35.39816],[-79.210164,35.398102],[-79.21017,35.398073],[-79.210179,35.398059],[-79.210208,35.398047],[-79.210223,35.398052],[-79.21022,35.398138],[-79.210234,35.398194],[-79.210253,35.398224],[-79.210316,35.398283]]]}},{"type":"Feature","properties":{"k":"tee"},"geometry":{"type":"Polygon","coordinates":[[[-79.21029,35.397884],[-79.210174,35.397936],[-79.210148,35.39793],[-79.210139,35.397918],[-79.210149,35.397889],[-79.210297,35.397842],[-79.210312,35.397852],[-79.210312,35.397871],[-79.21029,35.397884]]]}},{"type":"Feature","properties":{"k":"tee"},"geometry":{"type":"Polygon","coordinates":[[[-79.208848,35.396441],[-79.208834,35.396474],[-79.208819,35.396484],[-79.208804,35.396481],[-79.20881,35.396434],[-79.208824,35.396419],[-79.208851,35.396425],[-79.208848,35.396441]]]}},{"type":"Feature","properties":{"k":"bunker"},"geometry":{"type":"Polygon","coordinates":[[[-79.210373,35.395856],[-79.210357,35.395861],[-79.21031,35.395853],[-79.210314,35.395843],[-79.210231,35.395781],[-79.210191,35.395764],[-79.210176,35.395772],[-79.210175,35.395807],[-79.210186,35.395823],[-79.210169,35.395832],[-79.210148,35.395872],[-79.210061,35.395975],[-79.210032,35.396073],[-79.209979,35.396137],[-79.209968,35.396198],[-79.209995,35.39629],[-79.209993,35.396319],[-79.209962,35.396529],[-79.209938,35.396558],[-79.209941,35.396571],[-79.209966,35.396588],[-79.209981,35.396658],[-79.209973,35.396673],[-79.209944,35.396684],[-79.209928,35.396707],[-79.209915,35.396696],[-79.209888,35.396698],[-79.209889,35.396717],[-79.209901,35.39673],[-79.209914,35.396724],[-79.209914,35.396744],[-79.209932,35.396748],[-79.209964,35.396711],[-79.209984,35.396711],[-79.209992,35.396721],[-79.209992,35.396748],[-79.209979,35.396773],[-79.210025,35.396824],[-79.210004,35.396951],[-79.210021,35.397005],[-79.210009,35.397052],[-79.209966,35.397125],[-79.209968,35.397217],[-79.209963,35.397252],[-79.209945,35.397284],[-79.209891,35.397344],[-79.209832,35.39739],[-79.209807,35.397404],[-79.209791,35.397395],[-79.209774,35.397399],[-79.209769,35.397413],[-79.209743,35.39742],[-79.20966,35.397388],[-79.20962,35.397354],[-79.209613,35.39734],[-79.209624,35.397333],[-79.209615,35.39731],[-79.209595,35.397304],[-79.209577,35.397287],[-79.209575,35.397277],[-79.209588,35.397265],[-79.209574,35.397239],[-79.209547,35.397235],[-79.209533,35.397251],[-79.209498,35.397235],[-79.209474,35.397163],[-79.209435,35.397158],[-79.209425,35.397138],[-79.209406,35.39713],[-79.209396,35.397117],[-79.209392,35.397101],[-79.209381,35.397099],[-79.209362,35.39706],[-79.209373,35.397012],[-79.209403,35.396991],[-79.209442,35.396988],[-79.209505,35.397021],[-79.209514,35.397039],[-79.209554,35.39707],[-79.209632,35.397104],[-79.209646,35.397104],[-79.209633,35.397118],[-79.209656,35.397132],[-79.209667,35.397128],[-79.209665,35.397109],[-79.209703,35.397114],[-79.209714,35.397107],[-79.209712,35.39709],[-79.209788,35.397072],[-79.209844,35.397031],[-79.20991,35.396958],[-79.20995,35.396932],[-79.209984,35.396875],[-79.209986,35.396857],[-79.209962,35.396811],[-79.20986,35.396794],[-79.209832,35.396765],[-79.209799,35.396658],[-79.209788,35.396642],[-79.20977,35.396635],[-79.209763,35.39662],[-79.20978,35.396567],[-79.209774,35.396548],[-79.209781,35.3965],[-79.20977,35.396484],[-79.209784,35.396441],[-79.209759,35.396254],[-79.209773,35.396236],[-79.209722,35.396152],[-79.209722,35.396128],[-79.209708,35.396104],[-79.209726,35.396092],[-79.209728,35.396071],[-79.209717,35.396061],[-79.209641,35.39606],[-79.209624,35.396066],[-79.209584,35.396053],[-79.209564,35.39603],[-79.209556,35.396005],[-79.209569,35.395964],[-79.209549,35.395951],[-79.209542,35.395904],[-79.209561,35.395873],[-79.2096,35.395857],[-79.209625,35.395855],[-79.209686,35.395867],[-79.209764,35.395849],[-79.209791,35.39586],[-79.209817,35.395892],[-79.209831,35.395897],[-79.209872,35.395885],[-79.209901,35.395887],[-79.209933,35.395876],[-79.209976,35.395881],[-79.210031,35.395877],[-79.210094,35.395835],[-79.210099,35.395783],[-79.210123,35.395733],[-79.210108,35.395706],[-79.210133,35.395664],[-79.210129,35.395651],[-79.210169,35.395628],[-79.210173,35.395591],[-79.210205,35.39556],[-79.210219,35.395593],[-79.210202,35.39563],[-79.210206,35.395665],[-79.210271,35.395697],[-79.210319,35.395696],[-79.210348,35.395714],[-79.210366,35.395706],[-79.210373,35.395685],[-79.210359,35.395673],[-79.210343,35.395628],[-79.210331,35.395627],[-79.210329,35.395618],[-79.210265,35.39558],[-79.210258,35.395569],[-79.210241,35.395572],[-79.210224,35.395551],[-79.21026,35.395485],[-79.210286,35.395473],[-79.210297,35.395479],[-79.210315,35.39547],[-79.210327,35.395446],[-79.210307,35.395431],[-79.210324,35.395411],[-79.210353,35.395387],[-79.210371,35.395386],[-79.210371,35.395331],[-79.210469,35.395347],[-79.210514,35.395365],[-79.210555,35.395407],[-79.210554,35.395428],[-79.210569,35.395457],[-79.210569,35.395469],[-79.210508,35.395467],[-79.210473,35.395482],[-79.210404,35.395558],[-79.210338,35.395611],[-79.210377,35.395629],[-79.210385,35.395664],[-79.210412,35.395668],[-79.210518,35.395594],[-79.21065,35.395564],[-79.210715,35.395513],[-79.210756,35.395462],[-79.210813,35.395466],[-79.21082,35.395481],[-79.21085,35.395503],[-79.210834,35.395521],[-79.210852,35.395534],[-79.210879,35.395529],[-79.210891,35.395496],[-79.210927,35.395504],[-79.210945,35.395523],[-79.210956,35.395555],[-79.210955,35.395582],[-79.210943,35.395596],[-79.210919,35.395596],[-79.210879,35.395581],[-79.210859,35.395587],[-79.2108,35.395647],[-79.210796,35.395665],[-79.210823,35.39571],[-79.210832,35.395756],[-79.210819,35.395761],[-79.210791,35.39575],[-79.210373,35.395856]]]}},{"type":"Feature","properties":{"k":"bunker"},"geometry":{"type":"Polygon","coordinates":[[[-79.211237,35.395308],[-79.211224,35.395345],[-79.211189,35.395374],[-79.211155,35.395377],[-79.2111,35.395369],[-79.211071,35.395339],[-79.211065,35.395305],[-79.211038,35.395264],[-79.210994,35.395236],[-79.210986,35.395222],[-79.210987,35.39517],[-79.210996,35.395156],[-79.211018,35.395141],[-79.21107,35.39514],[-79.211155,35.395184],[-79.211203,35.395155],[-79.211248,35.395153],[-79.211266,35.395162],[-79.211279,35.395179],[-79.211281,35.395209],[-79.211234,35.395259],[-79.211229,35.395274],[-79.211237,35.395308]]]}},{"type":"Feature","properties":{"k":"green"},"geometry":{"type":"Polygon","coordinates":[[[-79.211148,35.395483],[-79.211149,35.395537],[-79.211132,35.395562],[-79.211114,35.395575],[-79.211073,35.395574],[-79.211034,35.395546],[-79.210994,35.395466],[-79.210977,35.395454],[-79.210883,35.395425],[-79.210858,35.395409],[-79.210841,35.395369],[-79.210849,35.395341],[-79.210871,35.395318],[-79.21092,35.395289],[-79.210993,35.395292],[-79.211022,35.395322],[-79.211047,35.395376],[-79.211116,35.39543],[-79.211148,35.395483]]]}},{"type":"Feature","properties":{"k":"tee"},"geometry":{"type":"Polygon","coordinates":[[[-79.211399,35.394752],[-79.211372,35.394803],[-79.211337,35.394827],[-79.211289,35.394828],[-79.21124,35.394811],[-79.211214,35.394779],[-79.211216,35.39474],[-79.211238,35.394693],[-79.211267,35.394666],[-79.211312,35.394659],[-79.211362,35.394666],[-79.211394,35.394689],[-79.211399,35.394752]]]}},{"type":"Feature","properties":{"k":"tee"},"geometry":{"type":"Polygon","coordinates":[[[-79.211716,35.39476],[-79.211667,35.394758],[-79.21162,35.394747],[-79.211603,35.394722],[-79.211604,35.39469],[-79.21163,35.394675],[-79.211666,35.394677],[-79.21171,35.394699],[-79.211743,35.394728],[-79.211737,35.39475],[-79.211716,35.39476]]]}},{"type":"Feature","properties":{"k":"tee"},"geometry":{"type":"Polygon","coordinates":[[[-79.21228,35.39446],[-79.212272,35.394478],[-79.212249,35.394485],[-79.212226,35.394477],[-79.212212,35.394461],[-79.212214,35.394449],[-79.212239,35.394444],[-79.212273,35.39445],[-79.21228,35.39446]]]}},{"type":"Feature","properties":{"k":"bunker"},"geometry":{"type":"Polygon","coordinates":[[[-79.211455,35.394297],[-79.211421,35.394306],[-79.211403,35.394338],[-79.211311,35.394383],[-79.211291,35.394404],[-79.211275,35.394455],[-79.211346,35.394508],[-79.211444,35.394494],[-79.211471,35.394495],[-79.211505,35.394509],[-79.211529,35.394545],[-79.211533,35.394582],[-79.211474,35.394638],[-79.211468,35.394662],[-79.211456,35.394664],[-79.211404,35.394632],[-79.21139,35.3946],[-79.211356,35.394567],[-79.211351,35.394541],[-79.211341,35.394535],[-79.211326,35.394543],[-79.211297,35.394585],[-79.21128,35.394595],[-79.211232,35.39461],[-79.211189,35.394601],[-79.211169,35.394584],[-79.211177,35.394496],[-79.211193,35.394469],[-79.21125,35.394423],[-79.211253,35.394389],[-79.211218,35.394319],[-79.211202,35.39425],[-79.211206,35.39422],[-79.211232,35.394199],[-79.211284,35.394198],[-79.211364,35.394215],[-79.211419,35.394234],[-79.211509,35.394289],[-79.21159,35.394301],[-79.211591,35.394247],[-79.211578,35.394196],[-79.211615,35.394157],[-79.211686,35.394159],[-79.211761,35.394184],[-79.211797,35.394187],[-79.211928,35.394228],[-79.211964,35.394244],[-79.211992,35.394268],[-79.212016,35.394319],[-79.212018,35.394345],[-79.212002,35.394395],[-79.212028,35.394416],[-79.212069,35.394399],[-79.212166,35.39438],[-79.212199,35.394351],[-79.212229,35.394303],[-79.212294,35.394272],[-79.212321,35.394267],[-79.212433,35.394277],[-79.212442,35.394283],[-79.212432,35.39429],[-79.21239,35.394291],[-79.212388,35.394309],[-79.212408,35.39433],[-79.21243,35.394339],[-79.212455,35.394339],[-79.212521,35.394326],[-79.212529,35.394297],[-79.212519,35.394283],[-79.212521,35.394268],[-79.212534,35.394258],[-79.212624,35.394255],[-79.212688,35.394238],[-79.212736,35.394182],[-79.212777,35.394156],[-79.212807,35.394156],[-79.212832,35.394165],[-79.212843,35.394172],[-79.21285,35.394193],[-79.212822,35.394243],[-79.212694,35.394345],[-79.212625,35.394358],[-79.21249,35.394365],[-79.212407,35.394362],[-79.212319,35.394388],[-79.212282,35.394392],[-79.212225,35.394388],[-79.212058,35.394434],[-79.21203,35.394432],[-79.211985,35.394482],[-79.211897,35.394545],[-79.211849,35.39456],[-79.211832,35.394555],[-79.211792,35.394519],[-79.211777,35.394517],[-79.211776,35.394505],[-79.211763,35.394497],[-79.211676,35.3945],[-79.211593,35.394478],[-79.211579,35.394461],[-79.211576,35.394437],[-79.211607,35.394388],[-79.211612,35.394354],[-79.211594,35.394332],[-79.211562,35.394332],[-79.211537,35.394318],[-79.211455,35.394297]]]}},{"type":"Feature","properties":{"k":"bunker"},"geometry":{"type":"Polygon","coordinates":[[[-79.213151,35.393851],[-79.213108,35.393901],[-79.213056,35.394012],[-79.213069,35.394033],[-79.213105,35.394047],[-79.213153,35.394028],[-79.213183,35.394],[-79.213193,35.39395],[-79.213266,35.39388],[-79.213369,35.393736],[-79.213367,35.393692],[-79.213339,35.393651],[-79.213312,35.393631],[-79.213282,35.393623],[-79.213217,35.393564],[-79.213228,35.393553],[-79.213236,35.393478],[-79.213178,35.393454],[-79.213151,35.393454],[-79.213094,35.393473],[-79.213087,35.393496],[-79.213094,35.393555],[-79.213167,35.393689],[-79.213191,35.393751],[-79.213181,35.39381],[-79.213151,35.393851]]]}},{"type":"Feature","properties":{"k":"bunker"},"geometry":{"type":"Polygon","coordinates":[[[-79.212508,35.392543],[-79.212463,35.392405],[-79.212478,35.392337],[-79.21252,35.392267],[-79.212523,35.392235],[-79.212538,35.392217],[-79.212579,35.392203],[-79.212582,35.392183],[-79.212602,35.392179],[-79.212664,35.392199],[-79.212716,35.392197],[-79.212753,35.392307],[-79.212779,35.392344],[-79.212767,35.392375],[-79.212793,35.392381],[-79.212801,35.392391],[-79.212838,35.392471],[-79.212852,35.392606],[-79.212888,35.392718],[-79.212889,35.392755],[-79.212899,35.392761],[-79.212885,35.392772],[-79.212893,35.392792],[-79.212901,35.392795],[-79.212894,35.392813],[-79.212899,35.392823],[-79.212891,35.392831],[-79.212917,35.392873],[-79.212915,35.392906],[-79.212897,35.392914],[-79.212899,35.392924],[-79.212911,35.392927],[-79.212924,35.393001],[-79.212918,35.393144],[-79.212901,35.393156],[-79.212899,35.393171],[-79.212907,35.393178],[-79.212894,35.393195],[-79.212898,35.393214],[-79.212874,35.393256],[-79.212864,35.39326],[-79.212867,35.39327],[-79.212856,35.393275],[-79.212855,35.393299],[-79.212819,35.393336],[-79.212819,35.393347],[-79.212797,35.393354],[-79.212799,35.393368],[-79.212785,35.39337],[-79.212786,35.393386],[-79.212766,35.393391],[-79.21277,35.393401],[-79.212753,35.393404],[-79.212756,35.393467],[-79.212727,35.393483],[-79.21273,35.393488],[-79.212688,35.393552],[-79.212678,35.393579],[-79.212679,35.393611],[-79.212631,35.393625],[-79.212612,35.393624],[-79.212583,35.393602],[-79.212574,35.393578],[-79.212573,35.393522],[-79.212596,35.393418],[-79.212643,35.393351],[-79.212694,35.393226],[-79.212695,35.393154],[-79.212669,35.393008],[-79.212671,35.392978],[-79.212714,35.392901],[-79.212698,35.392872],[-79.212625,35.392858],[-79.212587,35.392827],[-79.212561,35.392724],[-79.212545,35.392708],[-79.212522,35.39265],[-79.212508,35.392543]]]}},{"type":"Feature","properties":{"k":"green"},"geometry":{"type":"Polygon","coordinates":[[[-79.21306,35.39244],[-79.213039,35.39246],[-79.213006,35.392475],[-79.212976,35.392479],[-79.212938,35.392472],[-79.212905,35.392454],[-79.212883,35.392428],[-79.212828,35.392328],[-79.212795,35.392222],[-79.212807,35.392151],[-79.212828,35.392136],[-79.21285,35.392133],[-79.212894,35.39214],[-79.212938,35.39217],[-79.21298,35.392212],[-79.213072,35.392374],[-79.213071,35.392419],[-79.21306,35.39244]]]}},{"type":"Feature","properties":{"k":"bunker"},"geometry":{"type":"Polygon","coordinates":[[[-79.213323,35.392347],[-79.213247,35.392364],[-79.213232,35.392345],[-79.213243,35.392325],[-79.213275,35.392312],[-79.21328,35.392287],[-79.21325,35.392254],[-79.213233,35.392214],[-79.213179,35.392156],[-79.213184,35.392126],[-79.213229,35.392052],[-79.213229,35.392037],[-79.213217,35.392001],[-79.213149,35.391967],[-79.21316,35.391943],[-79.213201,35.391941],[-79.21325,35.391955],[-79.213286,35.391988],[-79.213298,35.392015],[-79.213305,35.392041],[-79.213298,35.392091],[-79.213235,35.392139],[-79.213239,35.392148],[-79.213272,35.39215],[-79.213314,35.392175],[-79.213304,35.39222],[-79.213349,35.392287],[-79.21335,35.392306],[-79.213323,35.392347]]]}},{"type":"Feature","properties":{"k":"tee"},"geometry":{"type":"Polygon","coordinates":[[[-79.214471,35.39342],[-79.214381,35.393436],[-79.214367,35.393427],[-79.214389,35.393407],[-79.214471,35.393389],[-79.214483,35.393397],[-79.214484,35.393409],[-79.214471,35.39342]]]}},{"type":"Feature","properties":{"k":"tee"},"geometry":{"type":"Polygon","coordinates":[[[-79.214964,35.39353],[-79.214969,35.39355],[-79.214959,35.393567],[-79.214937,35.393574],[-79.214908,35.393571],[-79.214869,35.393526],[-79.214866,35.393501],[-79.214874,35.393486],[-79.214896,35.393484],[-79.214922,35.393496],[-79.214964,35.39353]]]}},{"type":"Feature","properties":{"k":"tee"},"geometry":{"type":"Polygon","coordinates":[[[-79.214802,35.393264],[-79.214798,35.393287],[-79.214783,35.393304],[-79.214755,35.39331],[-79.214725,35.393304],[-79.21471,35.393286],[-79.214716,35.393236],[-79.214736,35.393223],[-79.214764,35.393221],[-79.214782,35.393227],[-79.214802,35.393264]]]}},{"type":"Feature","properties":{"k":"tee"},"geometry":{"type":"Polygon","coordinates":[[[-79.215003,35.393223],[-79.214971,35.393231],[-79.214934,35.39323],[-79.214914,35.393214],[-79.214906,35.393166],[-79.21493,35.393144],[-79.214959,35.393137],[-79.215018,35.393162],[-79.215024,35.393206],[-79.215003,35.393223]]]}},{"type":"Feature","properties":{"k":"tee"},"geometry":{"type":"Polygon","coordinates":[[[-79.215225,35.393176],[-79.215214,35.393195],[-79.21519,35.393207],[-79.215163,35.393207],[-79.215147,35.393198],[-79.215136,35.393179],[-79.215142,35.39316],[-79.215191,35.393135],[-79.215223,35.393151],[-79.215225,35.393176]]]}},{"type":"Feature","properties":{"k":"tee"},"geometry":{"type":"Polygon","coordinates":[[[-79.215143,35.393094],[-79.215136,35.393115],[-79.215111,35.393128],[-79.215089,35.393127],[-79.215048,35.393107],[-79.215027,35.393084],[-79.215026,35.393058],[-79.215034,35.39304],[-79.215066,35.393028],[-79.215095,35.393029],[-79.215119,35.393044],[-79.215143,35.393094]]]}},{"type":"Feature","properties":{"k":"tee"},"geometry":{"type":"Polygon","coordinates":[[[-79.215322,35.393024],[-79.215319,35.393044],[-79.215298,35.393054],[-79.215262,35.393048],[-79.215248,35.393027],[-79.215246,35.393007],[-79.215265,35.392989],[-79.215289,35.392987],[-79.215313,35.393],[-79.215322,35.393024]]]}},{"type":"Feature","properties":{"k":"tee"},"geometry":{"type":"Polygon","coordinates":[[[-79.21542,35.392786],[-79.215396,35.392797],[-79.215358,35.392795],[-79.215341,35.392778],[-79.215346,35.392756],[-79.215396,35.392744],[-79.215424,35.392751],[-79.215429,35.39277],[-79.21542,35.392786]]]}},{"type":"Feature","properties":{"k":"tee"},"geometry":{"type":"Polygon","coordinates":[[[-79.215691,35.393198],[-79.2157,35.393227],[-79.215696,35.393243],[-79.215674,35.393244],[-79.215645,35.393226],[-79.215621,35.393181],[-79.215622,35.393156],[-79.215632,35.393144],[-79.215648,35.39314],[-79.215669,35.39315],[-79.215691,35.393198]]]}},{"type":"Feature","properties":{"k":"tee"},"geometry":{"type":"Polygon","coordinates":[[[-79.215683,35.392529],[-79.215684,35.392598],[-79.215667,35.392624],[-79.215643,35.392637],[-79.21562,35.39263],[-79.215604,35.392603],[-79.2156,35.392569],[-79.215613,35.39252],[-79.215663,35.392519],[-79.215683,35.392529]]]}},{"type":"Feature","properties":{"k":"bunker"},"geometry":{"type":"Polygon","coordinates":[[[-79.217833,35.393038],[-79.217787,35.393049],[-79.217765,35.393045],[-79.217701,35.39298],[-79.21765,35.392952],[-79.21762,35.392952],[-79.217574,35.392965],[-79.217523,35.392941],[-79.217517,35.392912],[-79.217568,35.392806],[-79.21756,35.392736],[-79.217541,35.392687],[-79.217546,35.392648],[-79.217566,35.392632],[-79.217558,35.392626],[-79.217562,35.392609],[-79.217551,35.392602],[-79.217544,35.392502],[-79.217516,35.392356],[-79.217468,35.392301],[-79.217498,35.392289],[-79.21753,35.392297],[-79.217551,35.392314],[-79.217577,35.392446],[-79.217566,35.392472],[-79.21758,35.392508],[-79.217616,35.392544],[-79.217641,35.392559],[-79.217676,35.392567],[-79.217716,35.392596],[-79.217687,35.392623],[-79.217641,35.392619],[-79.217607,35.392631],[-79.217623,35.392646],[-79.217685,35.392647],[-79.217708,35.392654],[-79.21772,35.392666],[-79.217723,35.392713],[-79.217663,35.392756],[-79.217666,35.392771],[-79.217696,35.392805],[-79.217684,35.392822],[-79.217587,35.392849],[-79.217587,35.392871],[-79.217602,35.392875],[-79.217608,35.392886],[-79.217598,35.392908],[-79.217578,35.392917],[-79.21755,35.392913],[-79.21755,35.392938],[-79.217665,35.392932],[-79.217709,35.392958],[-79.217767,35.393014],[-79.217789,35.39302],[-79.217824,35.393015],[-79.217834,35.393022],[-79.217833,35.393038]]]}},{"type":"Feature","properties":{"k":"bunker"},"geometry":{"type":"Polygon","coordinates":[[[-79.218388,35.393755],[-79.21838,35.393775],[-79.218364,35.393781],[-79.218312,35.393773],[-79.218294,35.39376],[-79.218289,35.393746],[-79.2183,35.393689],[-79.218291,35.393678],[-79.218276,35.393676],[-79.218267,35.393686],[-79.218266,35.393736],[-79.218239,35.393753],[-79.218208,35.393746],[-79.218203,35.39373],[-79.218226,35.393694],[-79.218228,35.393655],[-79.218201,35.393659],[-79.218203,35.393687],[-79.218175,35.393712],[-79.21813,35.393719],[-79.218088,35.393698],[-79.218051,35.393669],[-79.218047,35.393655],[-79.21805,35.393647],[-79.218097,35.393624],[-79.218093,35.393572],[-79.218129,35.39356],[-79.218154,35.393562],[-79.218177,35.393567],[-79.218219,35.393594],[-79.218234,35.393594],[-79.218252,35.393583],[-79.218253,35.393569],[-79.218271,35.393568],[-79.218356,35.393602],[-79.218379,35.393635],[-79.218366,35.393665],[-79.218388,35.393755]]]}},{"type":"Feature","properties":{"k":"bunker"},"geometry":{"type":"Polygon","coordinates":[[[-79.21885,35.393751],[-79.218834,35.393761],[-79.218824,35.393747],[-79.21881,35.393746],[-79.218721,35.393784],[-79.218721,35.393768],[-79.21874,35.393751],[-79.218817,35.39372],[-79.218843,35.393728],[-79.218841,35.393745],[-79.21885,35.393751]]]}},{"type":"Feature","properties":{"k":"bunker"},"geometry":{"type":"Polygon","coordinates":[[[-79.218876,35.393654],[-79.218852,35.393665],[-79.218836,35.393651],[-79.21882,35.393663],[-79.218789,35.393665],[-79.218779,35.393662],[-79.218774,35.393642],[-79.218762,35.393651],[-79.218753,35.393648],[-79.218727,35.393625],[-79.218736,35.393588],[-79.218752,35.393581],[-79.218749,35.393565],[-79.218779,35.393551],[-79.218786,35.393555],[-79.21877,35.393578],[-79.218773,35.393608],[-79.218766,35.393623],[-79.218787,35.393619],[-79.218798,35.393634],[-79.218828,35.393626],[-79.218829,35.393618],[-79.218808,35.393611],[-79.218802,35.3936],[-79.218794,35.393609],[-79.21878,35.393597],[-79.218799,35.39358],[-79.218819,35.39358],[-79.21883,35.393602],[-79.218885,35.393647],[-79.218876,35.393654]]]}},{"type":"Feature","properties":{"k":"green"},"geometry":{"type":"Polygon","coordinates":[[[-79.219052,35.393692],[-79.219031,35.393747],[-79.219009,35.39377],[-79.218985,35.39378],[-79.218957,35.393777],[-79.218944,35.393767],[-79.218917,35.393696],[-79.218934,35.393601],[-79.218918,35.393522],[-79.218941,35.393492],[-79.218961,35.393482],[-79.219004,35.393479],[-79.219024,35.393488],[-79.21905,35.393521],[-79.21904,35.393619],[-79.219052,35.393659],[-79.219052,35.393692]]]}},{"type":"Feature","properties":{"k":"tee"},"geometry":{"type":"Polygon","coordinates":[[[-79.218918,35.394018],[-79.218941,35.394005],[-79.218954,35.39401],[-79.218962,35.394026],[-79.218955,35.394036],[-79.218935,35.394041],[-79.218919,35.39403],[-79.218918,35.394018]]]}},{"type":"Feature","properties":{"k":"tee"},"geometry":{"type":"Polygon","coordinates":[[[-79.218773,35.394038],[-79.218768,35.39409],[-79.218747,35.394096],[-79.218734,35.394088],[-79.218729,35.394021],[-79.218731,35.394003],[-79.218744,35.393995],[-79.218762,35.393999],[-79.218773,35.394038]]]}},{"type":"Feature","properties":{"k":"tee"},"geometry":{"type":"Polygon","coordinates":[[[-79.218615,35.39407],[-79.218609,35.394093],[-79.218591,35.394112],[-79.218564,35.394121],[-79.218542,35.394115],[-79.21849,35.394044],[-79.218481,35.39402],[-79.218486,35.393998],[-79.218506,35.393993],[-79.218558,35.394012],[-79.218604,35.394042],[-79.218615,35.39407]]]}},{"type":"Feature","properties":{"k":"tee"},"geometry":{"type":"Polygon","coordinates":[[[-79.218474,35.39413],[-79.218474,35.394155],[-79.218462,35.394168],[-79.218435,35.394171],[-79.218399,35.394164],[-79.21836,35.394129],[-79.218357,35.394089],[-79.21837,35.394038],[-79.218365,35.393982],[-79.218354,35.393953],[-79.218355,35.393936],[-79.218373,35.393927],[-79.218397,35.393926],[-79.218415,35.393938],[-79.218424,35.393958],[-79.218414,35.394042],[-79.218456,35.394093],[-79.218474,35.39413]]]}},{"type":"Feature","properties":{"k":"tee"},"geometry":{"type":"Polygon","coordinates":[[[-79.218247,35.39397],[-79.218252,35.394011],[-79.218226,35.394025],[-79.218195,35.394022],[-79.218166,35.39398],[-79.218169,35.393967],[-79.218211,35.393948],[-79.218227,35.393952],[-79.218247,35.39397]]]}},{"type":"Feature","properties":{"k":"tee"},"geometry":{"type":"Polygon","coordinates":[[[-79.218221,35.394221],[-79.218189,35.394285],[-79.218175,35.394296],[-79.218151,35.394297],[-79.218129,35.394258],[-79.218134,35.394216],[-79.218178,35.394188],[-79.218209,35.394182],[-79.218223,35.394188],[-79.21823,35.394204],[-79.218221,35.394221]]]}},{"type":"Feature","properties":{"k":"tee"},"geometry":{"type":"Polygon","coordinates":[[[-79.218077,35.394317],[-79.218074,35.394332],[-79.218053,35.394345],[-79.218034,35.394349],[-79.218018,35.394342],[-79.218011,35.394324],[-79.218019,35.394286],[-79.218032,35.394277],[-79.218053,35.394275],[-79.218075,35.394295],[-79.218077,35.394317]]]}},{"type":"Feature","properties":{"k":"bunker"},"geometry":{"type":"Polygon","coordinates":[[[-79.217547,35.394653],[-79.217416,35.394641],[-79.217372,35.394626],[-79.217402,35.394613],[-79.217413,35.394583],[-79.217395,35.394538],[-79.217327,35.394526],[-79.217318,35.39453],[-79.217309,35.394553],[-79.217288,35.394559],[-79.217272,35.394529],[-79.217248,35.394521],[-79.217237,35.394529],[-79.21724,35.394539],[-79.217258,35.394558],[-79.217232,35.394566],[-79.217225,35.394537],[-79.217202,35.394519],[-79.217193,35.394534],[-79.217169,35.394534],[-79.217173,35.394517],[-79.217163,35.394509],[-79.21712,35.394532],[-79.217114,35.39452],[-79.217125,35.394517],[-79.217124,35.39451],[-79.217105,35.394495],[-79.217098,35.394517],[-79.217086,35.39452],[-79.217097,35.394474],[-79.217069,35.394461],[-79.217053,35.394461],[-79.217053,35.394475],[-79.217037,35.394488],[-79.217008,35.394484],[-79.216991,35.39447],[-79.21692,35.394469],[-79.216902,35.394476],[-79.216904,35.394513],[-79.216887,35.394507],[-79.216884,35.394494],[-79.216857,35.394515],[-79.216842,35.394516],[-79.216826,35.394508],[-79.216842,35.394479],[-79.216808,35.394454],[-79.216808,35.394442],[-79.216822,35.394433],[-79.216846,35.394447],[-79.216863,35.394444],[-79.216864,35.394454],[-79.216887,35.394455],[-79.216908,35.394452],[-79.216916,35.394442],[-79.216933,35.394447],[-79.216959,35.394435],[-79.216963,35.394446],[-79.216984,35.394442],[-79.217002,35.394452],[-79.217028,35.39444],[-79.217028,35.394453],[-79.217049,35.394443],[-79.217069,35.394446],[-79.217082,35.394462],[-79.217116,35.394461],[-79.217161,35.394492],[-79.217229,35.394498],[-79.217265,35.394491],[-79.217306,35.394494],[-79.217392,35.394525],[-79.21742,35.394516],[-79.21743,35.394504],[-79.217439,35.394464],[-79.217467,35.394457],[-79.217468,35.394467],[-79.217461,35.394469],[-79.217474,35.394475],[-79.217468,35.39448],[-79.217475,35.394486],[-79.217485,35.394486],[-79.217478,35.394495],[-79.217485,35.394508],[-79.217456,35.394533],[-79.217416,35.394546],[-79.217424,35.394559],[-79.21747,35.394556],[-79.217512,35.394579],[-79.217557,35.394644],[-79.217547,35.394653]]]}},{"type":"Feature","properties":{"k":"green"},"geometry":{"type":"Polygon","coordinates":[[[-79.21725,35.394448],[-79.217195,35.394452],[-79.217111,35.394422],[-79.217054,35.394411],[-79.216975,35.394412],[-79.216877,35.394424],[-79.216854,35.394419],[-79.216831,35.394402],[-79.216823,35.394384],[-79.216827,35.394338],[-79.216838,35.394321],[-79.216877,35.394309],[-79.216904,35.394312],[-79.217,35.394351],[-79.217021,35.394351],[-79.217079,35.394331],[-79.217138,35.394322],[-79.21721,35.394328],[-79.217271,35.394354],[-79.217287,35.394373],[-79.217294,35.394394],[-79.217289,35.394419],[-79.21725,35.394448]]]}},{"type":"Feature","properties":{"k":"tee"},"geometry":{"type":"Polygon","coordinates":[[[-79.218653,35.396193],[-79.218631,35.396221],[-79.218611,35.396232],[-79.218585,35.396231],[-79.218561,35.396215],[-79.218558,35.396194],[-79.218597,35.396143],[-79.218636,35.396143],[-79.218652,35.396161],[-79.218653,35.396193]]]}},{"type":"Feature","properties":{"k":"tee"},"geometry":{"type":"Polygon","coordinates":[[[-79.218769,35.396314],[-79.218564,35.396349],[-79.21851,35.396339],[-79.218506,35.396316],[-79.218507,35.396295],[-79.218522,35.396286],[-79.218611,35.396307],[-79.218666,35.396301],[-79.218707,35.396262],[-79.21873,35.396248],[-79.218756,35.396245],[-79.21878,35.396256],[-79.218794,35.39628],[-79.218797,35.396299],[-79.218788,35.39631],[-79.218769,35.396314]]]}},{"type":"Feature","properties":{"k":"tee"},"geometry":{"type":"Polygon","coordinates":[[[-79.218794,35.396442],[-79.218784,35.396474],[-79.218753,35.396493],[-79.218721,35.396495],[-79.218683,35.396476],[-79.218667,35.396455],[-79.218669,35.396435],[-79.218688,35.396417],[-79.218749,35.396395],[-79.218776,35.396397],[-79.218794,35.396411],[-79.218794,35.396442]]]}},{"type":"Feature","properties":{"k":"tee"},"geometry":{"type":"Polygon","coordinates":[[[-79.217184,35.397279],[-79.217137,35.397289],[-79.217117,35.397272],[-79.217117,35.397254],[-79.217164,35.397238],[-79.217189,35.397254],[-79.217184,35.397279]]]}},{"type":"Feature","properties":{"k":"bunker"},"geometry":{"type":"Polygon","coordinates":[[[-79.216728,35.397672],[-79.216643,35.397636],[-79.216595,35.397635],[-79.216541,35.397649],[-79.216506,35.397664],[-79.216474,35.397706],[-79.216449,35.397721],[-79.216408,35.397731],[-79.216311,35.397794],[-79.216254,35.397812],[-79.216238,35.397835],[-79.216174,35.397818],[-79.216165,35.397794],[-79.216138,35.397774],[-79.216042,35.397733],[-79.21605,35.397723],[-79.21606,35.397723],[-79.216112,35.397735],[-79.216166,35.397759],[-79.216226,35.39781],[-79.216279,35.397782],[-79.216282,35.397772],[-79.216329,35.397742],[-79.216354,35.397735],[-79.216372,35.397711],[-79.216421,35.397693],[-79.216449,35.397668],[-79.216485,35.397651],[-79.216498,35.397629],[-79.216526,35.397618],[-79.216603,35.397605],[-79.21664,35.397609],[-79.216709,35.397636],[-79.216725,35.397654],[-79.216728,35.397672]]]}},{"type":"Feature","properties":{"k":"bunker"},"geometry":{"type":"Polygon","coordinates":[[[-79.21597,35.398443],[-79.215957,35.398467],[-79.215956,35.398506],[-79.215929,35.398543],[-79.215869,35.398562],[-79.21584,35.398557],[-79.215821,35.39854],[-79.215796,35.398501],[-79.215807,35.398441],[-79.215801,35.398407],[-79.215817,35.398372],[-79.215811,35.398344],[-79.215778,35.39828],[-79.215725,35.398113],[-79.215729,35.398049],[-79.21571,35.398002],[-79.215726,35.397956],[-79.215725,35.397929],[-79.215687,35.397873],[-79.215649,35.39785],[-79.215652,35.397827],[-79.215672,35.397826],[-79.215672,35.397814],[-79.215685,35.397816],[-79.215686,35.397833],[-79.215711,35.397833],[-79.215767,35.397876],[-79.215814,35.397893],[-79.215849,35.397895],[-79.21588,35.397923],[-79.215885,35.397958],[-79.215867,35.397985],[-79.215833,35.397988],[-79.215794,35.397964],[-79.215767,35.397963],[-79.215749,35.397965],[-79.215733,35.397991],[-79.215751,35.398034],[-79.21578,35.398041],[-79.215802,35.398058],[-79.215796,35.398116],[-79.215818,35.398204],[-79.215847,35.398254],[-79.215849,35.398272],[-79.21592,35.398322],[-79.215944,35.39838],[-79.21592,35.398392],[-79.215953,35.398403],[-79.215973,35.398434],[-79.21597,35.398443]]]}},{"type":"Feature","properties":{"k":"green"},"geometry":{"type":"Polygon","coordinates":[[[-79.216117,35.398288],[-79.216104,35.398313],[-79.21605,35.398345],[-79.216021,35.398346],[-79.215992,35.398337],[-79.215947,35.398298],[-79.215843,35.398151],[-79.215833,35.398116],[-79.215836,35.398062],[-79.215905,35.397962],[-79.215906,35.397906],[-79.21589,35.39785],[-79.215907,35.397801],[-79.21592,35.397787],[-79.215978,35.397787],[-79.216006,35.3978],[-79.216054,35.397839],[-79.216059,35.397884],[-79.215988,35.398004],[-79.215974,35.398087],[-79.215979,35.398109],[-79.215999,35.398131],[-79.2161,35.398204],[-79.216124,35.398262],[-79.216117,35.398288]]]}},{"type":"Feature","properties":{"k":"tee"},"geometry":{"type":"Polygon","coordinates":[[[-79.215961,35.397252],[-79.215954,35.397289],[-79.21593,35.397317],[-79.215896,35.397334],[-79.215874,35.397332],[-79.215863,35.397323],[-79.215893,35.397224],[-79.215924,35.397176],[-79.215947,35.397168],[-79.215966,35.397174],[-79.215972,35.397191],[-79.215961,35.397252]]]}},{"type":"Feature","properties":{"k":"tee"},"geometry":{"type":"Polygon","coordinates":[[[-79.216061,35.397235],[-79.216032,35.397271],[-79.216012,35.397272],[-79.215999,35.397262],[-79.216001,35.397227],[-79.216028,35.397195],[-79.216063,35.397196],[-79.21607,35.397209],[-79.216061,35.397235]]]}},{"type":"Feature","properties":{"k":"tee"},"geometry":{"type":"Polygon","coordinates":[[[-79.216168,35.397047],[-79.216158,35.397074],[-79.216137,35.397081],[-79.216111,35.397073],[-79.216103,35.397056],[-79.216109,35.397033],[-79.216134,35.397021],[-79.216154,35.397024],[-79.216168,35.397047]]]}},{"type":"Feature","properties":{"k":"tee"},"geometry":{"type":"Polygon","coordinates":[[[-79.21633,35.396863],[-79.216225,35.396913],[-79.216207,35.396911],[-79.216198,35.396901],[-79.216201,35.396887],[-79.216222,35.39687],[-79.216329,35.396811],[-79.216346,35.396813],[-79.216355,35.396823],[-79.216352,35.39684],[-79.21633,35.396863]]]}},{"type":"Feature","properties":{"k":"green"},"geometry":{"type":"Polygon","coordinates":[[[-79.217355,35.395707],[-79.217341,35.395745],[-79.21731,35.39577],[-79.217266,35.395791],[-79.217231,35.395792],[-79.21716,35.395768],[-79.217127,35.395718],[-79.217097,35.395602],[-79.217117,35.395556],[-79.217146,35.395537],[-79.217196,35.395532],[-79.217247,35.395537],[-79.217294,35.395552],[-79.217344,35.395601],[-79.217359,35.39564],[-79.217355,35.395707]]]}},{"type":"Feature","properties":{"k":"bunker"},"geometry":{"type":"Polygon","coordinates":[[[-79.216723,35.397135],[-79.216668,35.397112],[-79.216662,35.397092],[-79.216752,35.397005],[-79.216781,35.396923],[-79.216782,35.396899],[-79.216823,35.396851],[-79.216823,35.396828],[-79.216767,35.39671],[-79.216769,35.396668],[-79.216787,35.39666],[-79.216799,35.396693],[-79.21681,35.396694],[-79.216815,35.396707],[-79.216807,35.396739],[-79.216824,35.396754],[-79.216812,35.396766],[-79.216815,35.396773],[-79.216854,35.396788],[-79.216855,35.396802],[-79.216841,35.39681],[-79.21684,35.396824],[-79.216859,35.396844],[-79.216854,35.396862],[-79.216838,35.396865],[-79.216858,35.396904],[-79.216844,35.39691],[-79.216847,35.396928],[-79.216832,35.396948],[-79.21682,35.396954],[-79.216788,35.396949],[-79.216786,35.396988],[-79.216775,35.396996],[-79.216783,35.397005],[-79.21678,35.397027],[-79.216706,35.397072],[-79.216695,35.397101],[-79.216708,35.397107],[-79.21672,35.397107],[-79.216728,35.397089],[-79.216741,35.3971],[-79.216749,35.397096],[-79.216766,35.397073],[-79.216774,35.397084],[-79.216762,35.397111],[-79.216744,35.397128],[-79.216723,35.397135]]]}},{"type":"Feature","properties":{"k":"bunker"},"geometry":{"type":"Polygon","coordinates":[[[-79.216841,35.397041],[-79.216814,35.397091],[-79.216798,35.397087],[-79.216809,35.397054],[-79.216889,35.396911],[-79.216907,35.396797],[-79.216928,35.396721],[-79.216921,35.396709],[-79.216878,35.396698],[-79.216863,35.396684],[-79.216854,35.396644],[-79.216859,35.396631],[-79.216911,35.396604],[-79.216916,35.396591],[-79.216986,35.396576],[-79.217013,35.396602],[-79.217018,35.396642],[-79.216985,35.396672],[-79.216942,35.396747],[-79.216938,35.396781],[-79.216947,35.396821],[-79.21694,35.396841],[-79.216841,35.397041]]]}},{"type":"Feature","properties":{"k":"bunker"},"geometry":{"type":"Polygon","coordinates":[[[-79.21719,35.396753],[-79.217163,35.396772],[-79.217115,35.396768],[-79.217102,35.396752],[-79.217116,35.396746],[-79.217112,35.39672],[-79.2171,35.396715],[-79.217061,35.39672],[-79.217031,35.396709],[-79.217018,35.396703],[-79.217018,35.396683],[-79.217042,35.396681],[-79.217041,35.39666],[-79.217057,35.396663],[-79.217098,35.396638],[-79.217103,35.396625],[-79.217123,35.396625],[-79.21717,35.396657],[-79.217174,35.396667],[-79.217166,35.396695],[-79.217177,35.396718],[-79.217197,35.396734],[-79.21719,35.396753]]]}},{"type":"Feature","properties":{"k":"bunker"},"geometry":{"type":"Polygon","coordinates":[[[-79.217117,35.395915],[-79.217059,35.395962],[-79.217056,35.395941],[-79.21709,35.395887],[-79.217106,35.395882],[-79.217125,35.395892],[-79.217129,35.395882],[-79.21712,35.395874],[-79.217127,35.39587],[-79.217162,35.395873],[-79.217168,35.395889],[-79.21715,35.395909],[-79.217127,35.395907],[-79.217117,35.395915]]]}},{"type":"Feature","properties":{"k":"bunker"},"geometry":{"type":"Polygon","coordinates":[[[-79.217134,35.395854],[-79.217071,35.395891],[-79.217034,35.395951],[-79.217028,35.395969],[-79.217034,35.396036],[-79.217014,35.396044],[-79.216989,35.396042],[-79.216976,35.396013],[-79.216982,35.396002],[-79.217021,35.395977],[-79.217022,35.395951],[-79.217063,35.395889],[-79.217089,35.395866],[-79.217155,35.395844],[-79.217155,35.39585],[-79.217134,35.395854]]]}},{"type":"Feature","properties":{"k":"bunker"},"geometry":{"type":"Polygon","coordinates":[[[-79.217143,35.395826],[-79.217129,35.395823],[-79.217095,35.395838],[-79.217089,35.39585],[-79.217078,35.395851],[-79.217082,35.395861],[-79.217051,35.395871],[-79.217046,35.395879],[-79.216983,35.395873],[-79.21697,35.395891],[-79.216955,35.395898],[-79.216953,35.395889],[-79.217,35.395841],[-79.217014,35.395844],[-79.217015,35.395857],[-79.217028,35.395857],[-79.217073,35.395815],[-79.217133,35.395817],[-79.21717,35.395833],[-79.217143,35.395826]]]}},{"type":"Feature","properties":{"k":"bunker"},"geometry":{"type":"Polygon","coordinates":[[[-79.216941,35.395675],[-79.216918,35.3957],[-79.216931,35.39571],[-79.216941,35.395696],[-79.216947,35.395702],[-79.216942,35.395728],[-79.21695,35.39573],[-79.216964,35.395721],[-79.21697,35.395694],[-79.216961,35.395678],[-79.216941,35.395675]]]}},{"type":"Feature","properties":{"k":"bunker"},"geometry":{"type":"Polygon","coordinates":[[[-79.216962,35.395651],[-79.216943,35.39566],[-79.216923,35.395651],[-79.216932,35.395623],[-79.216945,35.395624],[-79.216943,35.395632],[-79.216962,35.395651]]]}},{"type":"Feature","properties":{"k":"bunker"},"geometry":{"type":"Polygon","coordinates":[[[-79.217587,35.396235],[-79.217578,35.396248],[-79.21755,35.396252],[-79.217552,35.396246],[-79.217502,35.396239],[-79.217464,35.396216],[-79.217447,35.396157],[-79.217412,35.396113],[-79.217445,35.396068],[-79.217443,35.396051],[-79.217461,35.396051],[-79.217495,35.39608],[-79.217501,35.396053],[-79.217526,35.396057],[-79.217511,35.396089],[-79.21754,35.396116],[-79.217534,35.396129],[-79.217555,35.396138],[-79.217557,35.396145],[-79.217547,35.396149],[-79.217576,35.396181],[-79.217571,35.396196],[-79.217587,35.396205],[-79.217581,35.396215],[-79.21759,35.396226],[-79.217587,35.396235]]]}},{"type":"Feature","properties":{"k":"bunker"},"geometry":{"type":"Polygon","coordinates":[[[-79.217438,35.396036],[-79.217426,35.396051],[-79.217365,35.396056],[-79.217352,35.396055],[-79.217338,35.396039],[-79.217324,35.396],[-79.217328,35.395967],[-79.217321,35.395947],[-79.217322,35.395937],[-79.217341,35.395924],[-79.217352,35.395892],[-79.21736,35.395892],[-79.217367,35.395931],[-79.217389,35.395943],[-79.217371,35.395977],[-79.217389,35.395984],[-79.217398,35.395974],[-79.217427,35.395976],[-79.217427,35.395983],[-79.217407,35.395985],[-79.217412,35.395994],[-79.217431,35.395995],[-79.217432,35.396011],[-79.217444,35.396027],[-79.217438,35.396036]]]}},{"type":"Feature","properties":{"k":"bunker"},"geometry":{"type":"Polygon","coordinates":[[[-79.217391,35.395832],[-79.217367,35.395851],[-79.217344,35.395851],[-79.217361,35.395812],[-79.21738,35.395806],[-79.217393,35.395812],[-79.217391,35.395832]]]}},{"type":"Feature","properties":{"k":"bunker"},"geometry":{"type":"Polygon","coordinates":[[[-79.217508,35.39579],[-79.21751,35.395817],[-79.217492,35.395809],[-79.21749,35.395798],[-79.217391,35.395754],[-79.217408,35.395745],[-79.217459,35.395751],[-79.217478,35.395768],[-79.217515,35.395772],[-79.21752,35.395782],[-79.217508,35.395783],[-79.217508,35.39579]]]}},{"type":"Feature","properties":{"k":"bunker"},"geometry":{"type":"Polygon","coordinates":[[[-79.217449,35.395902],[-79.217441,35.395925],[-79.217432,35.395924],[-79.217423,35.395893],[-79.217431,35.395887],[-79.217451,35.395887],[-79.217443,35.395895],[-79.217449,35.395902]]]}},{"type":"Feature","properties":{"k":"tee"},"geometry":{"type":"Polygon","coordinates":[[[-79.216886,35.395827],[-79.216881,35.395857],[-79.216859,35.395888],[-79.216824,35.395888],[-79.216809,35.395858],[-79.216807,35.395827],[-79.216806,35.395569],[-79.216844,35.395518],[-79.216864,35.39551],[-79.216932,35.39551],[-79.216949,35.395531],[-79.216945,35.395541],[-79.216909,35.395558],[-79.216892,35.395577],[-79.216859,35.395641],[-79.216863,35.395711],[-79.216886,35.395785],[-79.216886,35.395827]]]}},{"type":"Feature","properties":{"k":"tee"},"geometry":{"type":"Polygon","coordinates":[[[-79.216661,35.39594],[-79.216671,35.395967],[-79.216668,35.395981],[-79.216651,35.395988],[-79.216629,35.395982],[-79.216589,35.395924],[-79.216584,35.395908],[-79.21659,35.395894],[-79.216622,35.395876],[-79.216637,35.39588],[-79.216661,35.39594]]]}},{"type":"Feature","properties":{"k":"tee"},"geometry":{"type":"Polygon","coordinates":[[[-79.216503,35.396051],[-79.216468,35.396063],[-79.21643,35.396065],[-79.216402,35.396054],[-79.21636,35.395984],[-79.216356,35.395948],[-79.21638,35.395916],[-79.216399,35.395913],[-79.216421,35.395921],[-79.216501,35.395989],[-79.216517,35.396022],[-79.216517,35.396037],[-79.216503,35.396051]]]}},{"type":"Feature","properties":{"k":"tee"},"geometry":{"type":"Polygon","coordinates":[[[-79.216321,35.396201],[-79.216311,35.396244],[-79.21629,35.396254],[-79.216262,35.396256],[-79.216151,35.396232],[-79.216086,35.396243],[-79.216065,35.396239],[-79.216038,35.396213],[-79.216034,35.396187],[-79.216046,35.396162],[-79.216065,35.396148],[-79.216093,35.396141],[-79.21613,35.39614],[-79.216203,35.396164],[-79.216285,35.396146],[-79.2163,35.396149],[-79.216315,35.396172],[-79.216321,35.396201]]]}},{"type":"Feature","properties":{"k":"bunker"},"geometry":{"type":"Polygon","coordinates":[[[-79.216376,35.395589],[-79.216365,35.395578],[-79.216364,35.395562],[-79.216349,35.395553],[-79.216336,35.395512],[-79.216345,35.395485],[-79.216384,35.395473],[-79.216398,35.395472],[-79.216412,35.395487],[-79.216436,35.395489],[-79.216401,35.395525],[-79.216382,35.395527],[-79.216368,35.395511],[-79.216358,35.395511],[-79.216377,35.395539],[-79.216376,35.395562],[-79.216396,35.395578],[-79.216402,35.395561],[-79.216391,35.39556],[-79.216391,35.39555],[-79.216399,35.395535],[-79.216413,35.395538],[-79.216428,35.395518],[-79.216464,35.395555],[-79.21647,35.395544],[-79.216477,35.395549],[-79.216474,35.395569],[-79.216481,35.395573],[-79.216499,35.395562],[-79.216491,35.395583],[-79.216468,35.395596],[-79.216471,35.395609],[-79.216487,35.395616],[-79.216511,35.395615],[-79.216508,35.395602],[-79.21649,35.395603],[-79.21651,35.395587],[-79.216528,35.395588],[-79.216528,35.395582],[-79.216505,35.395582],[-79.216516,35.395567],[-79.216546,35.395557],[-79.216555,35.395562],[-79.216545,35.395577],[-79.216571,35.395572],[-79.216571,35.395585],[-79.216545,35.395582],[-79.21654,35.395592],[-79.216553,35.395595],[-79.216562,35.395612],[-79.216595,35.395618],[-79.216602,35.395642],[-79.216594,35.395643],[-79.216579,35.395627],[-79.216571,35.395635],[-79.216557,35.39563],[-79.216554,35.395636],[-79.216567,35.395647],[-79.216545,35.395659],[-79.216507,35.395625],[-79.216472,35.395625],[-79.216458,35.395615],[-79.216438,35.395627],[-79.216432,35.395648],[-79.216455,35.395655],[-79.21645,35.395671],[-79.216458,35.395674],[-79.216462,35.3957],[-79.216474,35.395708],[-79.216531,35.395716],[-79.216528,35.395739],[-79.216549,35.395728],[-79.21656,35.395728],[-79.216569,35.395739],[-79.216587,35.395734],[-79.216588,35.395742],[-79.216552,35.395757],[-79.216584,35.39577],[-79.216601,35.395756],[-79.216605,35.395768],[-79.216594,35.395795],[-79.216503,35.395804],[-79.216463,35.395781],[-79.216445,35.395748],[-79.216449,35.39572],[-79.216437,35.395714],[-79.216413,35.395727],[-79.216404,35.395755],[-79.216445,35.395777],[-79.216466,35.395819],[-79.216439,35.395815],[-79.216441,35.395823],[-79.216428,35.395832],[-79.216393,35.395813],[-79.216374,35.395788],[-79.216375,35.39576],[-79.216364,35.395757],[-79.216349,35.395736],[-79.216357,35.395722],[-79.216366,35.395727],[-79.216372,35.395723],[-79.216346,35.395664],[-79.216363,35.395648],[-79.216399,35.395635],[-79.216416,35.39561],[-79.216412,35.3956],[-79.216376,35.395589]]]}},{"type":"Feature","properties":{"k":"bunker"},"geometry":{"type":"Polygon","coordinates":[[[-79.215736,35.395774],[-79.215758,35.395759],[-79.215836,35.395757],[-79.215874,35.395771],[-79.215888,35.395766],[-79.215928,35.395698],[-79.215912,35.395684],[-79.215911,35.395658],[-79.215969,35.395666],[-79.215983,35.395661],[-79.21599,35.395655],[-79.215982,35.395616],[-79.216009,35.395581],[-79.216016,35.395575],[-79.216057,35.395588],[-79.216088,35.395573],[-79.216106,35.395555],[-79.216097,35.395535],[-79.216072,35.395531],[-79.215999,35.395562],[-79.215987,35.395554],[-79.215978,35.395527],[-79.215984,35.3955],[-79.216064,35.395501],[-79.216136,35.395484],[-79.216215,35.395491],[-79.216226,35.395467],[-79.21621,35.395415],[-79.216187,35.395396],[-79.216173,35.395367],[-79.216176,35.395359],[-79.216195,35.395359],[-79.216209,35.395347],[-79.216241,35.39537],[-79.216298,35.395431],[-79.21631,35.39547],[-79.216321,35.395546],[-79.216314,35.395596],[-79.216326,35.395734],[-79.216341,35.395813],[-79.216361,35.395824],[-79.216363,35.395839],[-79.216347,35.395857],[-79.216345,35.395876],[-79.216325,35.395879],[-79.216283,35.395954],[-79.216266,35.395961],[-79.21624,35.395951],[-79.216196,35.39596],[-79.216118,35.395991],[-79.216079,35.39607],[-79.216093,35.396083],[-79.216129,35.396082],[-79.216188,35.396041],[-79.216222,35.396043],[-79.216239,35.39607],[-79.216234,35.396106],[-79.216181,35.396113],[-79.216079,35.396102],[-79.21603,35.396111],[-79.215995,35.396142],[-79.215973,35.39619],[-79.215928,35.396219],[-79.21585,35.396242],[-79.215795,35.396231],[-79.21579,35.396208],[-79.215832,35.396153],[-79.215861,35.396142],[-79.215894,35.396143],[-79.215909,35.396135],[-79.215917,35.396088],[-79.215911,35.396069],[-79.215896,35.39606],[-79.215809,35.396044],[-79.215787,35.396027],[-79.215767,35.396031],[-79.215758,35.396005],[-79.215719,35.395995],[-79.215685,35.395968],[-79.215695,35.395938],[-79.215667,35.395928],[-79.215662,35.39591],[-79.215679,35.395861],[-79.215675,35.395849],[-79.215736,35.395774]]]}},{"type":"Feature","properties":{"k":"green"},"geometry":{"type":"Polygon","coordinates":[[[-79.215764,35.396125],[-79.215711,35.396162],[-79.215676,35.396173],[-79.215646,35.396172],[-79.21561,35.39616],[-79.215582,35.396137],[-79.215564,35.396109],[-79.215553,35.396049],[-79.21558,35.395967],[-79.215585,35.39591],[-79.21557,35.395765],[-79.215621,35.395687],[-79.21566,35.395648],[-79.21567,35.395604],[-79.21567,35.39551],[-79.215682,35.395489],[-79.2157,35.395477],[-79.215729,35.395473],[-79.215756,35.395478],[-79.215782,35.395528],[-79.215769,35.395585],[-79.215767,35.395662],[-79.21576,35.395688],[-79.215639,35.395859],[-79.215625,35.395934],[-79.215633,35.395959],[-79.21567,35.396008],[-79.215778,35.396081],[-79.215778,35.396105],[-79.215764,35.396125]]]}},{"type":"Feature","properties":{"k":"tee"},"geometry":{"type":"Polygon","coordinates":[[[-79.217146,35.395432],[-79.217097,35.395444],[-79.217082,35.395437],[-79.217081,35.39542],[-79.217098,35.395401],[-79.217119,35.395393],[-79.21714,35.395395],[-79.217155,35.39542],[-79.217146,35.395432]]]}},{"type":"Feature","properties":{"k":"tee"},"geometry":{"type":"Polygon","coordinates":[[[-79.216956,35.395335],[-79.216905,35.395342],[-79.216875,35.395333],[-79.216868,35.395298],[-79.216875,35.39528],[-79.216897,35.395263],[-79.216944,35.395258],[-79.216965,35.395272],[-79.216975,35.395298],[-79.216972,35.395321],[-79.216956,35.395335]]]}},{"type":"Feature","properties":{"k":"tee"},"geometry":{"type":"Polygon","coordinates":[[[-79.216793,35.395257],[-79.216778,35.395275],[-79.216748,35.395283],[-79.216723,35.395274],[-79.216702,35.395255],[-79.216698,35.395238],[-79.216705,35.395224],[-79.21673,35.395206],[-79.216754,35.395199],[-79.216777,35.395203],[-79.216794,35.395213],[-79.216803,35.395233],[-79.216793,35.395257]]]}},{"type":"Feature","properties":{"k":"tee"},"geometry":{"type":"Polygon","coordinates":[[[-79.216612,35.395075],[-79.216567,35.395077],[-79.216545,35.395068],[-79.216537,35.395051],[-79.216555,35.395002],[-79.216594,35.394984],[-79.216613,35.394985],[-79.216633,35.394997],[-79.216642,35.395017],[-79.216643,35.395042],[-79.216612,35.395075]]]}},{"type":"Feature","properties":{"k":"tee"},"geometry":{"type":"Polygon","coordinates":[[[-79.216454,35.39498],[-79.216437,35.394991],[-79.216403,35.394989],[-79.216385,35.394975],[-79.216381,35.394941],[-79.216417,35.394926],[-79.216443,35.394934],[-79.216461,35.394963],[-79.216454,35.39498]]]}},{"type":"Feature","properties":{"k":"green"},"geometry":{"type":"Polygon","coordinates":[[[-79.213579,35.394214],[-79.213533,35.394238],[-79.213455,35.394299],[-79.213363,35.394311],[-79.213229,35.394302],[-79.213191,35.394268],[-79.213186,35.394244],[-79.213205,35.394155],[-79.213248,35.394122],[-79.213284,35.394115],[-79.213358,35.394115],[-79.213446,35.394133],[-79.213553,35.394123],[-79.213606,35.394131],[-79.21363,35.394155],[-79.213631,35.394174],[-79.213613,35.394201],[-79.213579,35.394214]]]}},{"type":"Feature","properties":{"k":"bunker"},"geometry":{"type":"Polygon","coordinates":[[[-79.216472,35.395108],[-79.216425,35.395136],[-79.216398,35.395139],[-79.216311,35.395119],[-79.216279,35.395093],[-79.216268,35.395051],[-79.216247,35.395024],[-79.216209,35.395005],[-79.216197,35.395009],[-79.216181,35.395049],[-79.216154,35.395075],[-79.216134,35.395079],[-79.216091,35.395066],[-79.216072,35.395008],[-79.216085,35.39497],[-79.21608,35.394917],[-79.216065,35.394876],[-79.216047,35.39487],[-79.21602,35.394872],[-79.215969,35.394896],[-79.2159,35.394979],[-79.215833,35.395016],[-79.215804,35.395009],[-79.215795,35.394999],[-79.215806,35.394992],[-79.21586,35.394979],[-79.215878,35.394968],[-79.215916,35.394926],[-79.215924,35.394895],[-79.21592,35.394877],[-79.215898,35.394861],[-79.215789,35.394809],[-79.215685,35.394783],[-79.215669,35.394764],[-79.215664,35.394737],[-79.215693,35.394653],[-79.215692,35.394612],[-79.215717,35.394572],[-79.215782,35.394547],[-79.215842,35.394485],[-79.21587,35.394471],[-79.215894,35.394471],[-79.215926,35.39448],[-79.215979,35.394524],[-79.2163,35.394697],[-79.216475,35.394722],[-79.216564,35.394724],[-79.216602,35.394715],[-79.216726,35.394716],[-79.216763,35.394711],[-79.216781,35.394698],[-79.216808,35.394699],[-79.216815,35.394709],[-79.216799,35.394726],[-79.216691,35.394739],[-79.216675,35.394765],[-79.216676,35.394783],[-79.216708,35.394813],[-79.216729,35.394827],[-79.216802,35.394851],[-79.216794,35.394878],[-79.216746,35.394878],[-79.216657,35.39483],[-79.216627,35.394766],[-79.216627,35.394742],[-79.216544,35.394763],[-79.216528,35.394794],[-79.216502,35.394813],[-79.216467,35.394825],[-79.216317,35.394787],[-79.216318,35.394798],[-79.216364,35.394822],[-79.216381,35.394842],[-79.216391,35.394885],[-79.216345,35.394915],[-79.216242,35.394925],[-79.216225,35.394933],[-79.216223,35.394962],[-79.216231,35.394976],[-79.216287,35.395015],[-79.216381,35.39501],[-79.216428,35.395035],[-79.216468,35.395042],[-79.21649,35.395067],[-79.216473,35.395087],[-79.216472,35.395108]]]}},{"type":"Feature","properties":{"k":"bunker"},"geometry":{"type":"Polygon","coordinates":[[[-79.214256,35.394221],[-79.214219,35.394224],[-79.214174,35.394214],[-79.214163,35.394183],[-79.21417,35.394161],[-79.214185,35.394146],[-79.214221,35.394143],[-79.214246,35.394157],[-79.214267,35.394191],[-79.214267,35.394209],[-79.214256,35.394221]]]}},{"type":"Feature","properties":{"k":"bunker"},"geometry":{"type":"Polygon","coordinates":[[[-79.214134,35.394184],[-79.214118,35.394204],[-79.214094,35.394209],[-79.214047,35.394183],[-79.214053,35.394161],[-79.214044,35.39416],[-79.214032,35.394163],[-79.214031,35.39417],[-79.214,35.394172],[-79.213993,35.394183],[-79.213977,35.394183],[-79.213965,35.394221],[-79.213923,35.394208],[-79.21391,35.394179],[-79.213928,35.394187],[-79.213919,35.394152],[-79.213955,35.394142],[-79.214018,35.394107],[-79.214048,35.394102],[-79.214068,35.394119],[-79.214058,35.394145],[-79.214068,35.394147],[-79.214098,35.394112],[-79.214133,35.394118],[-79.21415,35.394152],[-79.214146,35.394177],[-79.214134,35.394184]]]}},{"type":"Feature","properties":{"k":"bunker"},"geometry":{"type":"Polygon","coordinates":[[[-79.214176,35.393856],[-79.214171,35.393874],[-79.214147,35.393878],[-79.214124,35.393866],[-79.21412,35.393847],[-79.214095,35.393841],[-79.214099,35.393832],[-79.214151,35.393824],[-79.21416,35.393845],[-79.214176,35.39385],[-79.214176,35.393856]]]}},{"type":"Feature","properties":{"k":"bunker"},"geometry":{"type":"Polygon","coordinates":[[[-79.214266,35.393764],[-79.214244,35.393775],[-79.214211,35.393766],[-79.214203,35.393754],[-79.214209,35.393733],[-79.214235,35.393719],[-79.214253,35.393723],[-79.214269,35.393743],[-79.214273,35.393759],[-79.214266,35.393764]]]}},{"type":"Feature","properties":{"k":"bunker"},"geometry":{"type":"Polygon","coordinates":[[[-79.213949,35.393876],[-79.213944,35.393901],[-79.21393,35.393906],[-79.213922,35.393904],[-79.213931,35.393892],[-79.21391,35.393891],[-79.213889,35.393869],[-79.213887,35.393855],[-79.21391,35.393836],[-79.213927,35.393839],[-79.213944,35.393855],[-79.213949,35.393876]]]}},{"type":"Feature","properties":{"k":"bunker"},"geometry":{"type":"Polygon","coordinates":[[[-79.214125,35.393921],[-79.214075,35.393944],[-79.21406,35.39394],[-79.214051,35.393919],[-79.21401,35.393882],[-79.21402,35.393858],[-79.214042,35.393849],[-79.214073,35.393859],[-79.214095,35.393891],[-79.214107,35.393892],[-79.214129,35.393909],[-79.214125,35.393921]]]}},{"type":"Feature","properties":{"k":"bunker"},"geometry":{"type":"Polygon","coordinates":[[[-79.214028,35.39398],[-79.214002,35.394005],[-79.21398,35.394001],[-79.213964,35.393985],[-79.213968,35.393975],[-79.213933,35.393965],[-79.213923,35.393938],[-79.213947,35.393932],[-79.213948,35.393923],[-79.213977,35.393909],[-79.214009,35.393908],[-79.214001,35.393925],[-79.214014,35.393938],[-79.214019,35.393931],[-79.214027,35.393944],[-79.21402,35.393955],[-79.214033,35.393966],[-79.214028,35.39398]]]}},{"type":"Feature","properties":{"k":"bunker"},"geometry":{"type":"Polygon","coordinates":[[[-79.213857,35.393958],[-79.213824,35.393981],[-79.213821,35.393968],[-79.213782,35.393957],[-79.213784,35.393914],[-79.213796,35.393895],[-79.213836,35.393893],[-79.213863,35.393916],[-79.213857,35.39392],[-79.213872,35.393918],[-79.213884,35.393926],[-79.213884,35.393934],[-79.213861,35.39394],[-79.213865,35.393943],[-79.213853,35.393949],[-79.213857,35.393958]]]}},{"type":"Feature","properties":{"k":"bunker"},"geometry":{"type":"Polygon","coordinates":[[[-79.213902,35.394041],[-79.213881,35.394073],[-79.213863,35.394087],[-79.213831,35.394076],[-79.213816,35.394057],[-79.213833,35.394019],[-79.213858,35.394007],[-79.213855,35.393989],[-79.213872,35.393983],[-79.213875,35.39397],[-79.213896,35.393977],[-79.213891,35.393991],[-79.21391,35.393991],[-79.213919,35.39402],[-79.21393,35.394018],[-79.213923,35.394036],[-79.213902,35.394041]]]}},{"type":"Feature","properties":{"k":"bunker"},"geometry":{"type":"Polygon","coordinates":[[[-79.213603,35.394096],[-79.213579,35.394094],[-79.213572,35.394071],[-79.213496,35.394088],[-79.213476,35.394071],[-79.213501,35.394056],[-79.213541,35.394052],[-79.213558,35.394036],[-79.213575,35.394043],[-79.21361,35.394086],[-79.213603,35.394096]]]}},{"type":"Feature","properties":{"k":"path"},"geometry":{"type":"LineString","coordinates":[[-79.213943,35.394952],[-79.214016,35.394956],[-79.214067,35.394934],[-79.21413,35.394924],[-79.214184,35.394934],[-79.214231,35.394967],[-79.214247,35.395006],[-79.214297,35.395016],[-79.214382,35.395018],[-79.214486,35.395039],[-79.21455,35.395082],[-79.21459,35.39515],[-79.214609,35.395216],[-79.214655,35.395263],[-79.214895,35.395368],[-79.214951,35.395452],[-79.214987,35.395584],[-79.214994,35.39572],[-79.214887,35.395909],[-79.214805,35.395954],[-79.214687,35.395996],[-79.214617,35.396014],[-79.214563,35.396017],[-79.214507,35.396003],[-79.21437,35.395947],[-79.214286,35.395931],[-79.214191,35.395924],[-79.214105,35.395939],[-79.214058,35.395961],[-79.214033,35.395985],[-79.213993,35.396076],[-79.213904,35.39621],[-79.213892,35.396305],[-79.213875,35.396346],[-79.213825,35.396416],[-79.213766,35.396544],[-79.213768,35.39664],[-79.213755,35.396719],[-79.213719,35.396764],[-79.213663,35.396802],[-79.21348,35.396901],[-79.213426,35.39697],[-79.213386,35.397049],[-79.21335,35.397153],[-79.213399,35.397332],[-79.213397,35.397377],[-79.213357,35.397509],[-79.213359,35.397576],[-79.213369,35.397634],[-79.213403,35.397744],[-79.213395,35.397815],[-79.213402,35.397872],[-79.213421,35.397918],[-79.213496,35.398037],[-79.213505,35.398094],[-79.213488,35.39815],[-79.213454,35.398181],[-79.213284,35.398276],[-79.213256,35.398308],[-79.213264,35.398342],[-79.213284,35.398375],[-79.213318,35.398406],[-79.213362,35.398465],[-79.213377,35.398504],[-79.213359,35.398544],[-79.213176,35.398713],[-79.213157,35.398771],[-79.213155,35.398833],[-79.213167,35.398899],[-79.213095,35.399085],[-79.213056,35.39917],[-79.21301,35.399242],[-79.212997,35.399285],[-79.213005,35.399317],[-79.213028,35.399347],[-79.213094,35.399407],[-79.213108,35.399444],[-79.213094,35.399476],[-79.213043,35.399476],[-79.212746,35.399442],[-79.21269,35.399418],[-79.212575,35.399214],[-79.212555,35.39914],[-79.212525,35.399113],[-79.212387,35.399092],[-79.212332,35.399054],[-79.212198,35.398902],[-79.212178,35.398851],[-79.212184,35.398782],[-79.212229,35.398704]]}},{"type":"Feature","properties":{"k":"path"},"geometry":{"type":"LineString","coordinates":[[-79.209767,35.399824],[-79.209753,35.399883],[-79.209714,35.399965],[-79.209644,35.400022],[-79.209564,35.400065],[-79.209525,35.400115],[-79.209471,35.400402],[-79.209443,35.400449],[-79.209431,35.400505],[-79.209459,35.400554],[-79.209552,35.400633],[-79.20973,35.400721],[-79.209965,35.400818],[-79.210191,35.400862],[-79.21024,35.400885],[-79.210338,35.401016],[-79.21048,35.40111],[-79.21055,35.401205],[-79.210606,35.401266],[-79.2107,35.401321],[-79.210804,35.401398],[-79.210957,35.401613],[-79.211073,35.401716],[-79.211289,35.401869],[-79.211338,35.401877],[-79.211437,35.401869],[-79.211488,35.401883],[-79.211551,35.401921],[-79.211657,35.401938],[-79.211883,35.40194],[-79.211959,35.401957],[-79.212045,35.401964],[-79.212121,35.401953],[-79.212292,35.40189],[-79.212481,35.401786],[-79.212666,35.401765],[-79.212722,35.40172],[-79.212742,35.40169],[-79.212808,35.401629],[-79.21295,35.401408],[-79.212998,35.401346],[-79.213087,35.4013],[-79.213232,35.401204],[-79.213233,35.401173],[-79.213188,35.401154],[-79.213114,35.401154],[-79.213088,35.401182],[-79.213055,35.401255],[-79.213019,35.401282],[-79.213011,35.40131],[-79.213021,35.401334],[-79.213015,35.401381],[-79.212966,35.401517],[-79.212919,35.401585],[-79.212811,35.401672],[-79.212795,35.401756],[-79.212797,35.401836],[-79.212778,35.401931],[-79.212737,35.402029],[-79.212623,35.402209],[-79.21261,35.402258],[-79.212631,35.402379],[-79.212591,35.402517],[-79.212608,35.402595],[-79.212602,35.402646],[-79.212576,35.402699],[-79.212575,35.402774],[-79.212596,35.402868],[-79.21263,35.402941],[-79.212701,35.403028],[-79.212831,35.403162],[-79.212891,35.403291],[-79.212902,35.403392],[-79.212863,35.403467],[-79.212871,35.403554],[-79.212858,35.403652],[-79.212835,35.403706],[-79.212781,35.403749],[-79.212733,35.403805],[-79.212701,35.403886],[-79.212784,35.404245],[-79.212852,35.404359],[-79.212905,35.40449],[-79.212974,35.404716],[-79.213003,35.404783],[-79.213104,35.404812],[-79.213346,35.40484],[-79.213429,35.404868],[-79.213479,35.404896],[-79.213523,35.404905],[-79.213601,35.404879],[-79.213719,35.404779],[-79.213795,35.404767],[-79.214122,35.404764],[-79.214281,35.404746],[-79.214389,35.404686],[-79.214566,35.404615],[-79.214734,35.40446],[-79.214817,35.404356]]}},{"type":"Feature","properties":{"k":"tee"},"geometry":{"type":"Polygon","coordinates":[[[-79.213429,35.405103],[-79.213442,35.405131],[-79.213421,35.405146],[-79.213399,35.405146],[-79.213375,35.405127],[-79.213363,35.405093],[-79.213362,35.405042],[-79.213375,35.40498],[-79.213402,35.40498],[-79.213425,35.405002],[-79.213414,35.405088],[-79.213429,35.405103]]]}},{"type":"Feature","properties":{"k":"path"},"geometry":{"type":"LineString","coordinates":[[-79.213479,35.404896],[-79.213489,35.404938],[-79.21353,35.404972],[-79.213567,35.404967],[-79.213597,35.404937],[-79.213601,35.404879]]}},{"type":"Feature","properties":{"k":"path"},"geometry":{"type":"LineString","coordinates":[[-79.214817,35.404356],[-79.214922,35.404155],[-79.215022,35.403936],[-79.215067,35.403818],[-79.215128,35.403562],[-79.215182,35.403441],[-79.215207,35.403361],[-79.215345,35.403244],[-79.215432,35.403159],[-79.215455,35.403057],[-79.215417,35.402753],[-79.215439,35.402691],[-79.215493,35.402634],[-79.215571,35.402582],[-79.215598,35.40254],[-79.215606,35.402458],[-79.215575,35.402324],[-79.215588,35.402246],[-79.215636,35.402174],[-79.215677,35.402138],[-79.215682,35.402095],[-79.215714,35.402054],[-79.21578,35.402013],[-79.215816,35.401963],[-79.215835,35.401888],[-79.215808,35.401765],[-79.215736,35.40159],[-79.215767,35.4015],[-79.215816,35.401482],[-79.215873,35.401482],[-79.215948,35.401493],[-79.215994,35.401482],[-79.216037,35.401457],[-79.216141,35.401428],[-79.216216,35.401346],[-79.216273,35.401304],[-79.216291,35.401266],[-79.216292,35.401194],[-79.216288,35.401017],[-79.216269,35.400929],[-79.216229,35.400849],[-79.216189,35.400791],[-79.216118,35.400759],[-79.216039,35.400757],[-79.215937,35.400732],[-79.215852,35.400693],[-79.215768,35.400614],[-79.215663,35.400448],[-79.215636,35.400337],[-79.215644,35.400249],[-79.215682,35.400128],[-79.215673,35.40006],[-79.215639,35.400015],[-79.215583,35.399956],[-79.215481,35.399902],[-79.21539,35.399867],[-79.215315,35.399858],[-79.21525,35.399876],[-79.215198,35.399908],[-79.215137,35.399923],[-79.215082,35.39992],[-79.215026,35.399893],[-79.21499,35.399852],[-79.214974,35.399788],[-79.214805,35.399409],[-79.214798,35.399371],[-79.214816,35.399333],[-79.214993,35.399187],[-79.215026,35.399126],[-79.215041,35.399075],[-79.215036,35.399021],[-79.214973,35.39889],[-79.214958,35.398841],[-79.21497,35.398801],[-79.215069,35.398722],[-79.215243,35.39864],[-79.215299,35.398596],[-79.215317,35.398511],[-79.215312,35.398463],[-79.215261,35.398384],[-79.215203,35.398317],[-79.215198,35.398282],[-79.215207,35.39823],[-79.215147,35.398164],[-79.215045,35.398129],[-79.214977,35.398086],[-79.214945,35.398049],[-79.214922,35.397998],[-79.214924,35.39796],[-79.214951,35.397881],[-79.214959,35.397815],[-79.214955,35.397783],[-79.214932,35.397752],[-79.214682,35.397639],[-79.214623,35.397602],[-79.214606,35.397563],[-79.214617,35.397523],[-79.21465,35.397499],[-79.21472,35.397479],[-79.214741,35.397459],[-79.214745,35.397433],[-79.21469,35.397329],[-79.214688,35.397289],[-79.214707,35.397244],[-79.214792,35.397138],[-79.214812,35.397088],[-79.214817,35.397022],[-79.214808,35.396964],[-79.214745,35.396821],[-79.214746,35.396777],[-79.214761,35.396726],[-79.214867,35.396592],[-79.214896,35.396536],[-79.214907,35.396487],[-79.2149,35.396434],[-79.214832,35.396262],[-79.214915,35.395986],[-79.214912,35.395936],[-79.214887,35.395909]]}},{"type":"Feature","properties":{"k":"path"},"geometry":{"type":"LineString","coordinates":[[-79.213766,35.396544],[-79.213745,35.396616],[-79.213701,35.396677],[-79.213607,35.396795],[-79.213521,35.396878]]}},{"type":"Feature","properties":{"k":"path"},"geometry":{"type":"LineString","coordinates":[[-79.21127,35.398157],[-79.211281,35.398092],[-79.210925,35.398001],[-79.210848,35.397961],[-79.210631,35.397771],[-79.210574,35.397754],[-79.210501,35.397756],[-79.210403,35.397779],[-79.210345,35.39778],[-79.21009,35.397736],[-79.210014,35.397706],[-79.209968,35.397667],[-79.209941,35.397613],[-79.209929,35.397566],[-79.209902,35.397531],[-79.209835,35.397496],[-79.209729,35.397467],[-79.209685,35.397473],[-79.209621,35.397496],[-79.209506,35.397624],[-79.209339,35.397723],[-79.209274,35.39773],[-79.209131,35.397684],[-79.209085,35.397661],[-79.209036,35.397626],[-79.208966,35.397499],[-79.208961,35.397472],[-79.209,35.397347],[-79.20905,35.397246],[-79.209063,35.397197],[-79.209066,35.397141],[-79.209051,35.397065],[-79.208993,35.396996],[-79.208804,35.396815],[-79.2088,35.396762]]}},{"type":"Feature","properties":{"k":"path"},"geometry":{"type":"LineString","coordinates":[[-79.2088,35.396762],[-79.208823,35.396716],[-79.208834,35.396668],[-79.208819,35.396632],[-79.208729,35.396563],[-79.208685,35.396519],[-79.208681,35.396455],[-79.208718,35.396366],[-79.208765,35.396303],[-79.208779,35.396242],[-79.208775,35.396175],[-79.208803,35.396117],[-79.208926,35.395968],[-79.208989,35.395918],[-79.209066,35.395878],[-79.209148,35.39585],[-79.209192,35.395816],[-79.209278,35.395685],[-79.209316,35.395645],[-79.209581,35.3955],[-79.209747,35.395347],[-79.209893,35.395227],[-79.209931,35.395163],[-79.21,35.394994],[-79.210064,35.394946],[-79.210175,35.394908],[-79.210262,35.394857],[-79.210356,35.394828],[-79.210432,35.394838],[-79.210592,35.394924],[-79.210843,35.394983],[-79.210906,35.394992],[-79.210988,35.395035],[-79.211061,35.395048],[-79.211242,35.395023],[-79.211289,35.394992],[-79.211332,35.39495],[-79.211415,35.394932],[-79.211494,35.394948],[-79.211651,35.394943],[-79.211701,35.394934],[-79.211836,35.394857],[-79.21194,35.394824],[-79.211979,35.394788],[-79.212003,35.394741],[-79.212003,35.394674],[-79.212016,35.394648],[-79.21207,35.394607],[-79.212143,35.394592],[-79.212235,35.394594],[-79.212514,35.394566],[-79.212685,35.3945],[-79.212693,35.394464],[-79.212712,35.394436],[-79.212755,35.394423],[-79.212822,35.394418],[-79.212878,35.3944],[-79.21292,35.39437],[-79.212984,35.394309],[-79.213003,35.394265],[-79.212987,35.394197],[-79.212984,35.394125],[-79.213003,35.394077],[-79.213059,35.394024],[-79.213109,35.393994],[-79.213173,35.39391],[-79.213245,35.393774],[-79.213243,35.393714],[-79.213215,35.393647],[-79.21317,35.393595],[-79.213165,35.393563],[-79.213175,35.393535],[-79.21323,35.393526],[-79.213273,35.393534],[-79.213337,35.393575],[-79.213428,35.393654],[-79.213474,35.39367],[-79.213502,35.393661],[-79.213544,35.393521],[-79.213538,35.393481],[-79.213474,35.393395],[-79.213469,35.393345],[-79.213481,35.393298],[-79.213612,35.393141],[-79.213627,35.39309],[-79.213628,35.393028],[-79.213611,35.392955],[-79.213482,35.392714],[-79.213274,35.39255],[-79.213235,35.392497],[-79.213236,35.392448],[-79.213258,35.392416],[-79.213318,35.392418],[-79.213389,35.392429],[-79.213439,35.392456],[-79.213513,35.392527],[-79.213576,35.392618],[-79.213482,35.392714]]}},{"type":"Feature","properties":{"k":"path"},"geometry":{"type":"LineString","coordinates":[[-79.213258,35.392416],[-79.213326,35.392398],[-79.213359,35.392372],[-79.213379,35.392336],[-79.213365,35.392208],[-79.213341,35.392146],[-79.213333,35.392016],[-79.213305,35.391961],[-79.213263,35.391925],[-79.213168,35.391904],[-79.213043,35.391897],[-79.212878,35.3919],[-79.212823,35.39191],[-79.212693,35.391914],[-79.212654,35.391928],[-79.212646,35.391908],[-79.212672,35.391897],[-79.212693,35.391914]]}},{"type":"Feature","properties":{"k":"path"},"geometry":{"type":"LineString","coordinates":[[-79.213576,35.392618],[-79.21362,35.392693],[-79.213683,35.392776],[-79.213861,35.392956],[-79.213918,35.393022],[-79.213998,35.393144],[-79.214045,35.393193],[-79.214094,35.393223],[-79.214162,35.393244],[-79.214249,35.393259],[-79.214409,35.393258],[-79.214485,35.393239],[-79.214556,35.393205],[-79.214784,35.393049],[-79.214897,35.392999],[-79.214968,35.392955],[-79.215075,35.392906],[-79.215232,35.392848],[-79.215298,35.392841],[-79.215376,35.392844],[-79.215503,35.392864],[-79.21555,35.392889],[-79.215596,35.392938],[-79.215625,35.39299],[-79.215727,35.393115],[-79.21581,35.393291],[-79.215849,35.393327],[-79.215899,35.393357],[-79.215979,35.393361],[-79.21606,35.393341],[-79.216148,35.393291],[-79.216399,35.393186],[-79.216467,35.393134],[-79.21654,35.393094],[-79.216864,35.393028],[-79.216909,35.39303],[-79.217049,35.393138],[-79.217174,35.393133],[-79.217206,35.393144],[-79.217216,35.393216],[-79.217238,35.393263],[-79.217293,35.393355],[-79.217369,35.39344],[-79.217389,35.39351],[-79.217422,35.393552],[-79.217473,35.393575],[-79.217621,35.393592],[-79.217665,35.393606],[-79.217775,35.393772],[-79.217824,35.393808],[-79.217897,35.393834],[-79.218027,35.393862],[-79.218231,35.393867],[-79.218705,35.393896],[-79.21879,35.393882],[-79.218824,35.393892],[-79.218843,35.393912],[-79.218842,35.394034],[-79.218854,35.394113],[-79.218833,35.394143],[-79.218736,35.394171],[-79.218472,35.39422],[-79.218323,35.39426],[-79.218238,35.394295],[-79.218196,35.394344],[-79.218191,35.394478],[-79.218169,35.394543]]}},{"type":"Feature","properties":{"k":"path"},"geometry":{"type":"LineString","coordinates":[[-79.216922,35.39468],[-79.216913,35.394729],[-79.216934,35.394779],[-79.216993,35.394831],[-79.217126,35.394919],[-79.217241,35.395028],[-79.217256,35.395089],[-79.217249,35.395158],[-79.217254,35.395216],[-79.217284,35.395279],[-79.21733,35.395328],[-79.217417,35.39539],[-79.217544,35.395511],[-79.217763,35.395767],[-79.217866,35.395859],[-79.218095,35.395999],[-79.218192,35.396083],[-79.218255,35.396096],[-79.218341,35.396084],[-79.218424,35.396027],[-79.218482,35.395964],[-79.218526,35.395938],[-79.218587,35.395921],[-79.218644,35.395937],[-79.218688,35.395983],[-79.218687,35.396026],[-79.218661,35.39605]]}},{"type":"Feature","properties":{"k":"path"},"geometry":{"type":"LineString","coordinates":[[-79.218661,35.39605],[-79.218657,35.396077],[-79.21868,35.396109],[-79.218863,35.396192],[-79.218876,35.396243],[-79.218875,35.396362],[-79.218868,35.396442],[-79.218842,35.396534],[-79.218853,35.39662],[-79.218848,35.396676],[-79.218668,35.396887],[-79.218614,35.396931],[-79.218525,35.396997],[-79.218403,35.397023],[-79.218354,35.39706],[-79.218225,35.397269],[-79.218091,35.397374],[-79.218046,35.397435],[-79.217965,35.397624],[-79.217973,35.397692],[-79.217948,35.397734],[-79.217849,35.397777],[-79.217744,35.397803],[-79.217651,35.397805],[-79.217607,35.397797],[-79.217541,35.397813],[-79.217507,35.397841],[-79.217452,35.39787],[-79.217351,35.39788],[-79.217341,35.397903],[-79.217366,35.397919],[-79.217417,35.397931],[-79.217429,35.397955],[-79.217423,35.397966],[-79.217366,35.398001],[-79.217199,35.398021],[-79.217117,35.398059],[-79.217069,35.398063],[-79.216975,35.398052],[-79.216918,35.398067],[-79.216761,35.398046],[-79.216658,35.398054],[-79.216611,35.398071],[-79.216576,35.398099],[-79.216342,35.398229],[-79.216317,35.398249],[-79.216313,35.39828],[-79.216326,35.39837],[-79.216322,35.398413],[-79.216293,35.398432],[-79.216221,35.398441],[-79.216119,35.398465],[-79.216043,35.398472],[-79.215968,35.398463],[-79.215825,35.398421],[-79.215766,35.398396],[-79.215694,35.39836],[-79.215658,35.398327],[-79.215624,35.398269],[-79.215613,35.398214],[-79.215653,35.398076],[-79.21565,35.398022],[-79.215628,35.397888],[-79.215632,35.397744],[-79.215624,35.397703],[-79.215592,35.397666],[-79.215561,35.397656],[-79.215512,35.397664],[-79.215427,35.397697],[-79.215332,35.397745],[-79.215242,35.39778],[-79.214999,35.397934],[-79.214924,35.39796]]}},{"type":"Feature","properties":{"k":"path"},"geometry":{"type":"LineString","coordinates":[[-79.215561,35.397656],[-79.215565,35.397627],[-79.215589,35.397586],[-79.215671,35.397516],[-79.215687,35.397481],[-79.215755,35.397313],[-79.215756,35.39716],[-79.215785,35.397118],[-79.215848,35.397089],[-79.215913,35.397077],[-79.215974,35.397033],[-79.216192,35.39684],[-79.216226,35.396792],[-79.216246,35.396732],[-79.216285,35.396665],[-79.216345,35.396594],[-79.216411,35.396536],[-79.216541,35.396479],[-79.216601,35.39647],[-79.216694,35.396476],[-79.216744,35.396446],[-79.216789,35.396376],[-79.216817,35.396349],[-79.216921,35.396348],[-79.216969,35.39632],[-79.21697,35.39627],[-79.216946,35.396231],[-79.216832,35.396167],[-79.216749,35.396141],[-79.216698,35.396112],[-79.216629,35.396094],[-79.216463,35.396146],[-79.216402,35.396153],[-79.216364,35.396143],[-79.216332,35.396112],[-79.216288,35.396011],[-79.216278,35.395966],[-79.216317,35.395797],[-79.216297,35.395638],[-79.21629,35.395485],[-79.216275,35.395405],[-79.216284,35.39537],[-79.216328,35.395348],[-79.216396,35.395331],[-79.216556,35.395309],[-79.216609,35.395329],[-79.216692,35.395397],[-79.216754,35.39542],[-79.216801,35.395434],[-79.21686,35.395437],[-79.216926,35.395431],[-79.216993,35.395404],[-79.217032,35.395361],[-79.217051,35.395221],[-79.217071,35.395191],[-79.217161,35.395175],[-79.217251,35.395175]]}},{"type":"Feature","properties":{"k":"path"},"geometry":{"type":"LineString","coordinates":[[-79.215663,35.394323],[-79.215606,35.394349],[-79.215567,35.394379],[-79.215561,35.39443],[-79.215538,35.394492],[-79.215492,35.394553],[-79.215445,35.394584],[-79.215376,35.39458],[-79.215302,35.394555],[-79.215142,35.39447],[-79.214276,35.394312],[-79.213915,35.394258],[-79.213882,35.394281],[-79.213849,35.394334],[-79.213734,35.394435],[-79.21371,35.394485],[-79.21367,35.394537],[-79.213632,35.394555],[-79.213422,35.394556],[-79.21338,35.394549],[-79.213337,35.394532],[-79.213308,35.394505],[-79.213266,35.394447],[-79.21318,35.394439],[-79.213089,35.394382],[-79.213013,35.394299],[-79.213003,35.394265]]}},{"type":"Feature","properties":{"k":"path"},"geometry":{"type":"LineString","coordinates":[[-79.21335,35.397153],[-79.213259,35.397185],[-79.213179,35.397228],[-79.213127,35.397286],[-79.213108,35.397348],[-79.213133,35.397407],[-79.213206,35.397493],[-79.213203,35.397538],[-79.213011,35.397677],[-79.212955,35.397731],[-79.212936,35.397773],[-79.212944,35.397806],[-79.212972,35.397843],[-79.21298,35.397878],[-79.212955,35.39792],[-79.2129,35.397947],[-79.212676,35.398044],[-79.21257,35.39808],[-79.212136,35.398164],[-79.211686,35.398149],[-79.211281,35.398092]]}},{"type":"Feature","properties":{"k":"path"},"geometry":{"type":"LineString","coordinates":[[-79.217667,35.394707],[-79.217606,35.394682],[-79.217547,35.394667],[-79.217136,35.39459],[-79.217079,35.39459],[-79.216967,35.394641],[-79.216922,35.39468],[-79.216863,35.394688],[-79.216804,35.394659],[-79.216776,35.394619],[-79.216757,35.394547],[-79.216738,35.394519],[-79.216697,35.394508],[-79.216596,35.394514],[-79.216518,35.394506],[-79.216392,35.39447],[-79.216215,35.394389],[-79.216054,35.394345],[-79.215936,35.394322],[-79.215758,35.394304],[-79.215663,35.394323]]}},{"type":"Feature","properties":{"k":"path"},"geometry":{"type":"LineString","coordinates":[[-79.216284,35.39537],[-79.216175,35.395314],[-79.216085,35.395235],[-79.21611,35.395149]]}},{"type":"Feature","properties":{"k":"stream"},"geometry":{"type":"LineString","coordinates":[[-79.214862,35.399635],[-79.214795,35.399682],[-79.214674,35.399748],[-79.21452,35.399803],[-79.214285,35.399858],[-79.21403,35.399885],[-79.213473,35.399902],[-79.213084,35.399946],[-79.212769,35.399962]]}},{"type":"Feature","properties":{"k":"stream"},"geometry":{"type":"LineString","coordinates":[[-79.214922,35.399592],[-79.214862,35.399635]]}},{"type":"Feature","properties":{"k":"stream"},"geometry":{"type":"LineString","coordinates":[[-79.215769,35.401759],[-79.215574,35.401731],[-79.21544,35.401731],[-79.215252,35.401693],[-79.215037,35.401572],[-79.214843,35.401424],[-79.214379,35.400984],[-79.214118,35.400759],[-79.213977,35.400627],[-79.213849,35.40049],[-79.213587,35.400253],[-79.213453,35.400176],[-79.213164,35.400061],[-79.213003,35.400012],[-79.212769,35.399962]]}},{"type":"Feature","properties":{"k":"stream"},"geometry":{"type":"LineString","coordinates":[[-79.21587,35.401772],[-79.215769,35.401759]]}},{"type":"Feature","properties":{"k":"stream"},"geometry":{"type":"LineString","coordinates":[[-79.216578,35.393862],[-79.216525,35.393818],[-79.216531,35.393822],[-79.216377,35.393659],[-79.216317,35.393554],[-79.216215,35.393296]]}},{"type":"Feature","properties":{"k":"stream"},"geometry":{"type":"LineString","coordinates":[[-79.216215,35.393296],[-79.216193,35.393235]]}},{"type":"Feature","properties":{"k":"range"},"geometry":{"type":"Polygon","coordinates":[[[-79.212559,35.394761],[-79.211444,35.395727],[-79.210619,35.39635],[-79.210587,35.396728],[-79.211118,35.397161],[-79.211493,35.396544],[-79.2119,35.396489],[-79.212746,35.39547],[-79.212955,35.395589],[-79.213397,35.395041],[-79.212559,35.394761]]]}},{"type":"Feature","properties":{"k":"path"},"geometry":{"type":"LineString","coordinates":[[-79.215025,35.398201],[-79.215046,35.398163],[-79.215045,35.398129]]}},{"type":"Feature","properties":{"k":"path"},"geometry":{"type":"LineString","coordinates":[[-79.213603,35.393154],[-79.213553,35.39315],[-79.213527,35.393137],[-79.213455,35.393078]]}},{"type":"Feature","properties":{"k":"path"},"geometry":{"type":"LineString","coordinates":[[-79.212812,35.399448],[-79.212955,35.399299],[-79.213001,35.399272]]}},{"type":"Feature","properties":{"k":"path"},"geometry":{"type":"LineString","coordinates":[[-79.213993,35.396076],[-79.213868,35.396006],[-79.213846,35.395981],[-79.213834,35.395944],[-79.213842,35.395797],[-79.213805,35.395673],[-79.21377,35.395614],[-79.213637,35.3955],[-79.213614,35.395444],[-79.213613,35.395342],[-79.213586,35.395326]]}},{"type":"Feature","properties":{"k":"bunker"},"geometry":{"type":"Polygon","coordinates":[[[-79.214055,35.398712],[-79.214066,35.398761],[-79.21414,35.398788],[-79.214196,35.398818],[-79.214242,35.398874],[-79.21427,35.398894],[-79.214318,35.399017],[-79.214393,35.399087],[-79.214428,35.399096],[-79.21442,35.399119],[-79.214371,35.399108],[-79.214318,35.399064],[-79.214206,35.399037],[-79.21419,35.399023],[-79.214196,35.399011],[-79.214244,35.398992],[-79.214197,35.39893],[-79.214181,35.398841],[-79.214045,35.39877],[-79.214026,35.398732],[-79.214055,35.398712]]]}},{"type":"Feature","properties":{"k":"path"},"geometry":{"type":"LineString","coordinates":[[-79.209477,35.398564],[-79.209352,35.398635]]}},{"type":"Feature","properties":{"k":"path"},"geometry":{"type":"LineString","coordinates":[[-79.210369,35.397779],[-79.210318,35.397831]]}},{"type":"Feature","properties":{"k":"path"},"geometry":{"type":"LineString","coordinates":[[-79.21123,35.398033],[-79.211216,35.398075]]}},{"type":"Feature","properties":{"k":"fairway"},"geometry":{"type":"Polygon","coordinates":[[[-79.209521,35.395884],[-79.209511,35.395922],[-79.209517,35.395971],[-79.209363,35.395907],[-79.209387,35.395876],[-79.209388,35.395845],[-79.209521,35.395884]]]}},{"type":"Feature","properties":{"k":"path"},"geometry":{"type":"LineString","coordinates":[[-79.215021,35.393482],[-79.214991,35.393451],[-79.214935,35.393426],[-79.214861,35.393406],[-79.214795,35.393398],[-79.214737,35.393372],[-79.214568,35.393262],[-79.214528,35.393218]]}},{"type":"Feature","properties":{"k":"path"},"geometry":{"type":"LineString","coordinates":[[-79.21555,35.392889],[-79.215591,35.392826],[-79.215617,35.392763],[-79.215622,35.392723],[-79.215615,35.392696],[-79.215591,35.392695],[-79.215587,35.392729],[-79.215611,35.392777]]}},{"type":"Feature","properties":{"k":"path"},"geometry":{"type":"LineString","coordinates":[[-79.216312,35.395756],[-79.216433,35.395804],[-79.216508,35.395825],[-79.216552,35.395828],[-79.216644,35.395807],[-79.216679,35.395809],[-79.216714,35.395833],[-79.216733,35.395905],[-79.216715,35.395993],[-79.216659,35.396102]]}},{"type":"Feature","properties":{"k":"path"},"geometry":{"type":"LineString","coordinates":[[-79.213741,35.394961],[-79.213669,35.39502],[-79.213605,35.39506],[-79.213593,35.395077],[-79.213588,35.395103],[-79.213596,35.395227],[-79.213587,35.395256],[-79.213552,35.395305]]}},{"type":"Feature","properties":{"k":"path"},"geometry":{"type":"LineString","coordinates":[[-79.212229,35.398704],[-79.212261,35.398606],[-79.212231,35.398572],[-79.212163,35.398544],[-79.212107,35.398511],[-79.212026,35.39843],[-79.21185,35.398315],[-79.211723,35.398261],[-79.211586,35.398232],[-79.211454,35.398186],[-79.211349,35.398163],[-79.21127,35.398157],[-79.211167,35.398191],[-79.211062,35.398245],[-79.211022,35.398282],[-79.211007,35.398305],[-79.211023,35.398415],[-79.211015,35.398494],[-79.210914,35.398643],[-79.210898,35.398694],[-79.210886,35.398857],[-79.210874,35.398912],[-79.210827,35.398984],[-79.210689,35.399097],[-79.210621,35.399178],[-79.210576,35.399246],[-79.210516,35.399273],[-79.210458,35.39928],[-79.210401,35.399259],[-79.210236,35.399116],[-79.210171,35.3991],[-79.210008,35.399116],[-79.209954,35.399087],[-79.209828,35.398969],[-79.209785,35.398921],[-79.209773,35.398881],[-79.209777,35.398834],[-79.209809,35.398777],[-79.209831,35.39868],[-79.209804,35.398609],[-79.209768,35.398575],[-79.209713,35.398558],[-79.209532,35.398576],[-79.209477,35.398564],[-79.209341,35.398496],[-79.209278,35.398481],[-79.209238,35.398456],[-79.209203,35.398345],[-79.209186,35.398314],[-79.209097,35.398294],[-79.20908,35.398306],[-79.209076,35.398333],[-79.209117,35.398447],[-79.209137,35.398475],[-79.209183,35.398497],[-79.209245,35.398514],[-79.209294,35.398567],[-79.209352,35.398635],[-79.209407,35.398719],[-79.209473,35.398854],[-79.209455,35.398891],[-79.209403,35.398926],[-79.209357,35.398941],[-79.2093,35.398944],[-79.209166,35.398898],[-79.20901,35.39891],[-79.208958,35.398939],[-79.208926,35.398983],[-79.208926,35.399019],[-79.208951,35.399056],[-79.208998,35.399091],[-79.209069,35.399128],[-79.209152,35.399157],[-79.209383,35.399207],[-79.209458,35.399237],[-79.209518,35.399282],[-79.209744,35.399572],[-79.209772,35.39967],[-79.209783,35.39976]]}},{"type":"Feature","properties":{"k":"path"},"geometry":{"type":"LineString","coordinates":[[-79.209783,35.39976],[-79.209767,35.399824]]}},{"type":"Feature","properties":{"k":"bunker"},"geometry":{"type":"Polygon","coordinates":[[[-79.210164,35.400493],[-79.210143,35.400493],[-79.210076,35.400455],[-79.210048,35.400491],[-79.210063,35.400486],[-79.210097,35.400496],[-79.210146,35.400525],[-79.210167,35.400547],[-79.210164,35.400493]]]}},{"type":"Feature","properties":{"k":"bunker"},"geometry":{"type":"Polygon","coordinates":[[[-79.210154,35.400621],[-79.210088,35.400615],[-79.210064,35.400605],[-79.210037,35.400561],[-79.210033,35.400528],[-79.209968,35.400525],[-79.209948,35.400571],[-79.209891,35.40058],[-79.209769,35.400525],[-79.209754,35.400513],[-79.209759,35.400484],[-79.209772,35.400472],[-79.2098,35.400463],[-79.209767,35.400404],[-79.209729,35.40043],[-79.20971,35.400429],[-79.209696,35.400418],[-79.209637,35.400521],[-79.209668,35.400528],[-79.209765,35.400573],[-79.209805,35.400602],[-79.209961,35.400662],[-79.210154,35.400621]]]}},{"type":"Feature","properties":{"k":"bunker"},"geometry":{"type":"Polygon","coordinates":[[[-79.210736,35.400766],[-79.210646,35.400713],[-79.21058,35.400684],[-79.210548,35.400734],[-79.210585,35.400754],[-79.210629,35.400749],[-79.21065,35.400755],[-79.210696,35.400787],[-79.2107,35.400816],[-79.210736,35.400766]]]}},{"type":"Feature","properties":{"k":"bunker"},"geometry":{"type":"Polygon","coordinates":[[[-79.212674,35.40164],[-79.21265,35.401656],[-79.212624,35.4017],[-79.212506,35.401766],[-79.212643,35.401756],[-79.212669,35.40173],[-79.212664,35.401686],[-79.212674,35.40164]]]}},{"type":"Feature","properties":{"k":"bunker"},"geometry":{"type":"Polygon","coordinates":[[[-79.21282,35.401376],[-79.212812,35.401384],[-79.212806,35.401429],[-79.212785,35.401464],[-79.212777,35.401443],[-79.212795,35.40141],[-79.2128,35.401359],[-79.21282,35.401376]]]}},{"type":"Feature","properties":{"k":"bunker"},"geometry":{"type":"Polygon","coordinates":[[[-79.213891,35.401905],[-79.213899,35.401921],[-79.213888,35.401936],[-79.213911,35.401943],[-79.213957,35.401979],[-79.213995,35.401974],[-79.214006,35.401964],[-79.213976,35.401933],[-79.213913,35.401906],[-79.213821,35.401824],[-79.213789,35.401824],[-79.213823,35.401851],[-79.213847,35.401897],[-79.213891,35.401905]]]}},{"type":"Feature","properties":{"k":"bunker"},"geometry":{"type":"Polygon","coordinates":[[[-79.213612,35.402022],[-79.213628,35.40204],[-79.213653,35.402049],[-79.213713,35.402055],[-79.213728,35.402062],[-79.213747,35.402094],[-79.213744,35.402125],[-79.213749,35.402137],[-79.213762,35.402141],[-79.213781,35.402117],[-79.213773,35.401959],[-79.213763,35.401947],[-79.213732,35.401934],[-79.213723,35.401915],[-79.213725,35.401895],[-79.213758,35.401891],[-79.213825,35.40191],[-79.213859,35.401929],[-79.213879,35.401947],[-79.213884,35.401972],[-79.213877,35.401988],[-79.213859,35.401996],[-79.213862,35.402013],[-79.213958,35.40206],[-79.213983,35.402081],[-79.214006,35.402114],[-79.214006,35.402144],[-79.213998,35.402151],[-79.213956,35.402152],[-79.213954,35.402188],[-79.21397,35.402207],[-79.213941,35.402217],[-79.213923,35.402198],[-79.213918,35.402155],[-79.213902,35.402137],[-79.213882,35.402121],[-79.213854,35.402113],[-79.213824,35.402122],[-79.21381,35.402159],[-79.213843,35.402199],[-79.213864,35.402244],[-79.213793,35.402393],[-79.213772,35.402382],[-79.213739,35.402387],[-79.213725,35.402402],[-79.213693,35.402397],[-79.213701,35.402352],[-79.213693,35.402335],[-79.213678,35.402327],[-79.213638,35.402344],[-79.213602,35.402239],[-79.21363,35.402223],[-79.213654,35.402189],[-79.213654,35.402178],[-79.213628,35.402152],[-79.213589,35.402141],[-79.213571,35.402145],[-79.213523,35.402189],[-79.2135,35.402061],[-79.213612,35.402022]]]}},{"type":"Feature","properties":{"k":"bunker"},"geometry":{"type":"Polygon","coordinates":[[[-79.213506,35.402219],[-79.213514,35.402262],[-79.213522,35.402275],[-79.213535,35.402278],[-79.213602,35.402239],[-79.213638,35.402344],[-79.213594,35.402358],[-79.213531,35.402351],[-79.213522,35.402387],[-79.213486,35.402459],[-79.213486,35.402482],[-79.213546,35.402483],[-79.213585,35.402491],[-79.2136,35.402502],[-79.213608,35.402544],[-79.213585,35.402586],[-79.213448,35.402567],[-79.213454,35.402539],[-79.213446,35.402495],[-79.213427,35.402467],[-79.213409,35.402458],[-79.213445,35.402435],[-79.21347,35.402437],[-79.213487,35.402411],[-79.213492,35.402381],[-79.213491,35.402332],[-79.213421,35.402281],[-79.213439,35.402271],[-79.213446,35.402218],[-79.213506,35.402219]]]}},{"type":"Feature","properties":{"k":"bunker"},"geometry":{"type":"Polygon","coordinates":[[[-79.213941,35.402217],[-79.213961,35.402248],[-79.213962,35.402283],[-79.213935,35.402293],[-79.213874,35.402263],[-79.213864,35.402244],[-79.213793,35.402393],[-79.213826,35.402426],[-79.213834,35.402477],[-79.213819,35.402521],[-79.213797,35.402538],[-79.213773,35.402543],[-79.213747,35.402535],[-79.213714,35.402473],[-79.213713,35.402436],[-79.213725,35.402402],[-79.213693,35.402397],[-79.213688,35.40247],[-79.213707,35.402545],[-79.213755,35.402634],[-79.213763,35.402683],[-79.213811,35.402655],[-79.213803,35.40259],[-79.213821,35.402578],[-79.213874,35.402564],[-79.21391,35.402578],[-79.213908,35.402613],[-79.213893,35.402635],[-79.21395,35.40279],[-79.213978,35.402785],[-79.213998,35.402807],[-79.214001,35.402873],[-79.214074,35.402853],[-79.214022,35.402741],[-79.214031,35.402705],[-79.214093,35.40276],[-79.214122,35.402814],[-79.214131,35.402853],[-79.214174,35.402825],[-79.214118,35.402732],[-79.213967,35.40257],[-79.213942,35.402515],[-79.213945,35.402482],[-79.213973,35.402452],[-79.213989,35.402419],[-79.214039,35.4024],[-79.214056,35.402389],[-79.214056,35.402374],[-79.21412,35.402356],[-79.214137,35.402345],[-79.214138,35.402326],[-79.214123,35.402309],[-79.214137,35.402292],[-79.214142,35.402266],[-79.214099,35.402246],[-79.213994,35.402231],[-79.213976,35.402223],[-79.21397,35.402207],[-79.213941,35.402217]]]}},{"type":"Feature","properties":{"k":"bunker"},"geometry":{"type":"Polygon","coordinates":[[[-79.21395,35.40279],[-79.213932,35.402801],[-79.213921,35.402846],[-79.213925,35.402897],[-79.213913,35.402915],[-79.213923,35.402949],[-79.213862,35.402964],[-79.213858,35.402945],[-79.213837,35.402952],[-79.213825,35.402967],[-79.2138,35.403037],[-79.213766,35.403045],[-79.213716,35.402965],[-79.213776,35.40295],[-79.213853,35.402899],[-79.213764,35.402792],[-79.213757,35.402769],[-79.213719,35.402764],[-79.213724,35.402733],[-79.213752,35.402731],[-79.213762,35.40272],[-79.213769,35.402706],[-79.213763,35.402683],[-79.213811,35.402655],[-79.21385,35.40267],[-79.213881,35.402652],[-79.213893,35.402635],[-79.21395,35.40279]]]}},{"type":"Feature","properties":{"k":"bunker"},"geometry":{"type":"Polygon","coordinates":[[[-79.214663,35.403984],[-79.214696,35.404025],[-79.214719,35.403976],[-79.214698,35.403963],[-79.214663,35.403984]]]}},{"type":"Feature","properties":{"k":"bunker"},"geometry":{"type":"Polygon","coordinates":[[[-79.214684,35.397505],[-79.21472,35.397497],[-79.214722,35.397526],[-79.214752,35.397556],[-79.214779,35.397555],[-79.214808,35.397503],[-79.214825,35.397504],[-79.214842,35.39752],[-79.214803,35.397573],[-79.214814,35.39761],[-79.214802,35.397638],[-79.214816,35.397666],[-79.214813,35.397677],[-79.214717,35.397635],[-79.214701,35.397621],[-79.214687,35.39759],[-79.214684,35.397505]]]}},{"type":"Feature","properties":{"k":"bunker"},"geometry":{"type":"Polygon","coordinates":[[[-79.214768,35.396391],[-79.214817,35.396383],[-79.214838,35.3964],[-79.214838,35.396439],[-79.214854,35.396477],[-79.214854,35.3965],[-79.214837,35.396511],[-79.214816,35.396514],[-79.214793,35.396486],[-79.214791,35.396452],[-79.214799,35.396434],[-79.214794,35.396416],[-79.21478,35.396412],[-79.214768,35.396391]]]}},{"type":"Feature","properties":{"k":"bunker"},"geometry":{"type":"Polygon","coordinates":[[[-79.214981,35.396385],[-79.214988,35.396418],[-79.215005,35.396417],[-79.215064,35.396398],[-79.215083,35.396368],[-79.21505,35.39633],[-79.21504,35.396304],[-79.215015,35.396295],[-79.214999,35.396263],[-79.214986,35.396261],[-79.214968,35.396272],[-79.214963,35.396292],[-79.214947,35.39629],[-79.214913,35.39631],[-79.214915,35.396337],[-79.214928,35.396355],[-79.214949,35.396356],[-79.214949,35.396371],[-79.214981,35.396385]]]}},{"type":"Feature","properties":{"k":"path"},"geometry":{"type":"LineString","coordinates":[[-79.214832,35.396262],[-79.214779,35.396296],[-79.214738,35.39636],[-79.214574,35.396726]]}},{"type":"Feature","properties":{"k":"bunker"},"geometry":{"type":"Polygon","coordinates":[[[-79.210151,35.394941],[-79.210072,35.394995],[-79.210063,35.395065],[-79.210052,35.395081],[-79.210042,35.395132],[-79.210021,35.395164],[-79.210053,35.395144],[-79.210073,35.395116],[-79.210079,35.395089],[-79.210107,35.395084],[-79.210121,35.395069],[-79.210112,35.395],[-79.210135,35.394976],[-79.210151,35.394941]]]}},{"type":"Feature","properties":{"k":"bunker"},"geometry":{"type":"Polygon","coordinates":[[[-79.210241,35.395572],[-79.210219,35.395593],[-79.210211,35.395561],[-79.210224,35.395551],[-79.210241,35.395572]]]}},{"type":"Feature","properties":{"k":"bunker"},"geometry":{"type":"Polygon","coordinates":[[[-79.213834,35.393446],[-79.213797,35.39344],[-79.213769,35.39345],[-79.213764,35.393472],[-79.213727,35.393486],[-79.213721,35.393515],[-79.213727,35.393553],[-79.213739,35.393563],[-79.213782,35.393563],[-79.213797,35.393549],[-79.213792,35.393528],[-79.213827,35.39351],[-79.213843,35.393481],[-79.213846,35.393466],[-79.213834,35.393446]]]}},{"type":"Feature","properties":{"k":"bunker"},"geometry":{"type":"Polygon","coordinates":[[[-79.213764,35.393724],[-79.213778,35.393721],[-79.213784,35.393707],[-79.213821,35.393676],[-79.213812,35.393648],[-79.213721,35.393652],[-79.213704,35.393688],[-79.213642,35.393724],[-79.213609,35.393693],[-79.213581,35.393683],[-79.213563,35.393698],[-79.213579,35.393734],[-79.213625,35.393757],[-79.213643,35.393786],[-79.213582,35.393786],[-79.213566,35.393777],[-79.213537,35.393786],[-79.213531,35.393808],[-79.213542,35.393836],[-79.213532,35.393858],[-79.213556,35.393858],[-79.213625,35.393823],[-79.213646,35.393822],[-79.21366,35.393839],[-79.213629,35.393869],[-79.213644,35.393893],[-79.213644,35.393909],[-79.213615,35.393915],[-79.213577,35.393895],[-79.213545,35.393906],[-79.213547,35.39393],[-79.213591,35.393938],[-79.213688,35.393925],[-79.213697,35.393915],[-79.213686,35.39388],[-79.213707,35.393868],[-79.213717,35.393842],[-79.213703,35.393783],[-79.213724,35.393775],[-79.213781,35.393799],[-79.213794,35.393783],[-79.213794,35.393764],[-79.213741,35.393759],[-79.213736,35.393744],[-79.213764,35.393724]]]}},{"type":"Feature","properties":{"k":"bunker"},"geometry":{"type":"Polygon","coordinates":[[[-79.218803,35.393855],[-79.218831,35.393859],[-79.218827,35.393822],[-79.218865,35.393775],[-79.218867,35.393748],[-79.218823,35.393783],[-79.218813,35.393806],[-79.218794,35.39382],[-79.218808,35.393843],[-79.218803,35.393855]]]}},{"type":"Feature","properties":{"k":"path"},"geometry":{"type":"LineString","coordinates":[[-79.218219,35.393867],[-79.218129,35.393801],[-79.218046,35.393725],[-79.218022,35.393686],[-79.217995,35.393602]]}},{"type":"Feature","properties":{"k":"bunker"},"geometry":{"type":"Polygon","coordinates":[[[-79.216451,35.392873],[-79.216435,35.392845],[-79.216409,35.39285],[-79.216402,35.392868],[-79.216451,35.392873]]]}},{"type":"Feature","properties":{"k":"bunker"},"geometry":{"type":"Polygon","coordinates":[[[-79.217683,35.392745],[-79.217732,35.392774],[-79.217757,35.392772],[-79.217769,35.392753],[-79.217782,35.392678],[-79.217772,35.392628],[-79.217716,35.392596],[-79.217687,35.392623],[-79.217741,35.392637],[-79.217751,35.392653],[-79.217754,35.392712],[-79.217723,35.392713],[-79.217683,35.392745]]]}},{"type":"Feature","properties":{"k":"bunker"},"geometry":{"type":"Polygon","coordinates":[[[-79.217525,35.394427],[-79.217546,35.394432],[-79.217534,35.394459],[-79.217535,35.394477],[-79.217549,35.394488],[-79.217558,35.394492],[-79.217605,35.394475],[-79.217606,35.394426],[-79.217595,35.394397],[-79.217581,35.394387],[-79.217539,35.394377],[-79.21753,35.394365],[-79.217498,35.394354],[-79.21739,35.394347],[-79.217364,35.394338],[-79.217326,35.394341],[-79.217383,35.394366],[-79.217506,35.394386],[-79.217517,35.394393],[-79.217525,35.394427]]]}},{"type":"Feature","properties":{"k":"bunker"},"geometry":{"type":"Polygon","coordinates":[[[-79.217067,35.394294],[-79.217066,35.394313],[-79.217014,35.394335],[-79.216973,35.394327],[-79.216952,35.394308],[-79.216933,35.394308],[-79.216884,35.39428],[-79.216831,35.394282],[-79.216801,35.394306],[-79.216773,35.394303],[-79.216743,35.394283],[-79.216734,35.394261],[-79.216757,35.394243],[-79.216789,35.394256],[-79.216852,35.394254],[-79.217027,35.394295],[-79.217067,35.394294]]]}},{"type":"Feature","properties":{"k":"bunker"},"geometry":{"type":"Polygon","coordinates":[[[-79.216715,35.394402],[-79.216747,35.394396],[-79.216756,35.394408],[-79.216746,35.394422],[-79.216725,35.394427],[-79.216713,35.394412],[-79.216697,35.394416],[-79.216698,35.394433],[-79.216708,35.394438],[-79.216722,35.394432],[-79.21673,35.394452],[-79.216748,35.394449],[-79.216754,35.394434],[-79.216782,35.394444],[-79.216801,35.394425],[-79.216796,35.394414],[-79.216778,35.394428],[-79.216769,35.394426],[-79.216773,35.394407],[-79.216761,35.394381],[-79.216716,35.394392],[-79.216711,35.39438],[-79.216699,35.394398],[-79.216715,35.394402]]]}},{"type":"Feature","properties":{"k":"path"},"geometry":{"type":"LineString","coordinates":[[-79.21829,35.396722],[-79.218411,35.396703],[-79.218523,35.396669],[-79.218618,35.396631],[-79.218738,35.396595],[-79.218842,35.396534]]}},{"type":"Feature","properties":{"k":"path"},"geometry":{"type":"LineString","coordinates":[[-79.215476,35.394564],[-79.215546,35.394649],[-79.215588,35.394782],[-79.215606,35.3949],[-79.215645,35.394984]]}},{"type":"Feature","properties":{"k":"path"},"geometry":{"type":"LineString","coordinates":[[-79.214829,35.394748],[-79.215168,35.394621],[-79.215274,35.394574],[-79.215302,35.394555]]}},{"type":"Feature","properties":{"k":"path"},"geometry":{"type":"LineString","coordinates":[[-79.216085,35.395235],[-79.21602,35.395237],[-79.215911,35.395291],[-79.21581,35.39537]]}},{"type":"Feature","properties":{"k":"path"},"geometry":{"type":"LineString","coordinates":[[-79.214987,35.393034],[-79.214897,35.392999]]}},{"type":"Feature","properties":{"k":"bunker"},"geometry":{"type":"Polygon","coordinates":[[[-79.217093,35.396294],[-79.217053,35.396284],[-79.217053,35.396301],[-79.217029,35.396316],[-79.216979,35.396291],[-79.21698,35.396308],[-79.217026,35.396333],[-79.217049,35.396355],[-79.217015,35.396351],[-79.216973,35.396333],[-79.216946,35.396347],[-79.216987,35.396367],[-79.217006,35.396398],[-79.217038,35.396389],[-79.217031,35.39638],[-79.217016,35.396383],[-79.217004,35.396374],[-79.21701,35.396366],[-79.217026,35.396362],[-79.217058,35.396378],[-79.217081,35.396374],[-79.217091,35.39636],[-79.217093,35.396294]]]}}]}