{"type":"FeatureCollection","features":[{"type":"Feature","properties":{"k":"hole","ref":"1","par":4},"geometry":{"type":"LineString","coordinates":[[-111.910046,33.640532],[-111.91099,33.642832],[-111.911768,33.643583]]}},{"type":"Feature","properties":{"k":"hole","ref":"2","par":4},"geometry":{"type":"LineString","coordinates":[[-111.912307,33.643769],[-111.911184,33.641269],[-111.910631,33.640354]]}},{"type":"Feature","properties":{"k":"hole","ref":"3","par":5},"geometry":{"type":"LineString","coordinates":[[-111.911263,33.640689],[-111.914601,33.641108],[-111.916623,33.641742]]}},{"type":"Feature","properties":{"k":"hole","ref":"4","par":3},"geometry":{"type":"LineString","coordinates":[[-111.917197,33.641908],[-111.917536,33.643414]]}},{"type":"Feature","properties":{"k":"hole","ref":"5","par":4},"geometry":{"type":"LineString","coordinates":[[-111.916977,33.644029],[-111.918337,33.643385],[-111.919736,33.642753],[-111.921025,33.642064]]}},{"type":"Feature","properties":{"k":"hole","ref":"6","par":4},"geometry":{"type":"LineString","coordinates":[[-111.921649,33.642109],[-111.919418,33.640287],[-111.918238,33.640126]]}},{"type":"Feature","properties":{"k":"hole","ref":"7","par":3},"geometry":{"type":"LineString","coordinates":[[-111.917803,33.640568],[-111.919112,33.642015]]}},{"type":"Feature","properties":{"k":"hole","ref":"8","par":4},"geometry":{"type":"LineString","coordinates":[[-111.918828,33.642591],[-111.916907,33.640675],[-111.915346,33.640023]]}},{"type":"Feature","properties":{"k":"hole","ref":"9","par":4},"geometry":{"type":"LineString","coordinates":[[-111.915432,33.64059],[-111.912423,33.640128],[-111.911039,33.639811]]}},{"type":"Feature","properties":{"k":"hole","ref":"10","par":4},"geometry":{"type":"LineString","coordinates":[[-111.909246,33.639446],[-111.910973,33.637592],[-111.912395,33.637508]]}},{"type":"Feature","properties":{"k":"hole","ref":"11","par":4},"geometry":{"type":"LineString","coordinates":[[-111.912611,33.637926],[-111.915524,33.638931],[-111.916669,33.639786]]}},{"type":"Feature","properties":{"k":"hole","ref":"12","par":3},"geometry":{"type":"LineString","coordinates":[[-111.917281,33.64008],[-111.91859,33.638889]]}},{"type":"Feature","properties":{"k":"hole","ref":"13","par":5},"geometry":{"type":"LineString","coordinates":[[-111.919072,33.63904],[-111.921361,33.640738],[-111.922835,33.642324]]}},{"type":"Feature","properties":{"k":"hole","ref":"14","par":4},"geometry":{"type":"LineString","coordinates":[[-111.923592,33.64179],[-111.922032,33.639682],[-111.920389,33.638913]]}},{"type":"Feature","properties":{"k":"hole","ref":"15","par":5},"geometry":{"type":"LineString","coordinates":[[-111.920327,33.638591],[-111.917004,33.638154],[-111.914826,33.638092]]}},{"type":"Feature","properties":{"k":"hole","ref":"16","par":3},"geometry":{"type":"LineString","coordinates":[[-111.914814,33.637317],[-111.913179,33.637468]]}},{"type":"Feature","properties":{"k":"hole","ref":"17","par":4},"geometry":{"type":"LineString","coordinates":[[-111.913278,33.636971],[-111.910811,33.636871],[-111.910022,33.636927]]}},{"type":"Feature","properties":{"k":"hole","ref":"18","par":4},"geometry":{"type":"LineString","coordinates":[[-111.909262,33.636128],[-111.9085,33.638678],[-111.908618,33.639696]]}},{"type":"Feature","properties":{"k":"tee"},"geometry":{"type":"Polygon","coordinates":[[[-111.910099,33.640505],[-111.910117,33.640533],[-111.910121,33.640578],[-111.910153,33.640707],[-111.910137,33.640732],[-111.910087,33.640744],[-111.910061,33.640737],[-111.910045,33.64072],[-111.909989,33.640541],[-111.91,33.640509],[-111.910018,33.640494],[-111.910065,33.64049],[-111.910099,33.640505]]]}},{"type":"Feature","properties":{"k":"tee"},"geometry":{"type":"Polygon","coordinates":[[[-111.910274,33.64102],[-111.910317,33.641088],[-111.910325,33.641128],[-111.910317,33.641149],[-111.910286,33.641176],[-111.910252,33.641181],[-111.910219,33.641173],[-111.910197,33.64115],[-111.910175,33.641099],[-111.910148,33.641061],[-111.910131,33.641028],[-111.910134,33.640959],[-111.910176,33.640934],[-111.910219,33.640935],[-111.910262,33.640978],[-111.910274,33.64102]]]}},{"type":"Feature","properties":{"k":"tee"},"geometry":{"type":"Polygon","coordinates":[[[-111.910323,33.641365],[-111.910284,33.641372],[-111.910248,33.641359],[-111.910236,33.641337],[-111.910239,33.641315],[-111.910262,33.641291],[-111.910299,33.641281],[-111.910329,33.641291],[-111.910347,33.641335],[-111.910344,33.641348],[-111.910323,33.641365]]]}},{"type":"Feature","properties":{"k":"bunker"},"geometry":{"type":"Polygon","coordinates":[[[-111.911151,33.642774],[-111.911131,33.642771],[-111.911109,33.642755],[-111.911101,33.642732],[-111.911108,33.642704],[-111.911139,33.642683],[-111.911199,33.642679],[-111.911221,33.642698],[-111.911246,33.642739],[-111.911246,33.642751],[-111.911223,33.642773],[-111.911254,33.6428],[-111.911241,33.64284],[-111.911215,33.642848],[-111.911189,33.642837],[-111.911175,33.642814],[-111.911184,33.642765],[-111.911167,33.642757],[-111.911151,33.642774]]]}},{"type":"Feature","properties":{"k":"green"},"geometry":{"type":"Polygon","coordinates":[[[-111.911832,33.643501],[-111.911897,33.643629],[-111.911901,33.643701],[-111.911889,33.643724],[-111.911831,33.643763],[-111.911793,33.643772],[-111.911745,33.643767],[-111.911712,33.643753],[-111.911687,33.643726],[-111.911678,33.643691],[-111.911681,33.643624],[-111.911624,33.643527],[-111.911624,33.643459],[-111.911645,33.643428],[-111.911662,33.643422],[-111.911739,33.643422],[-111.911786,33.643447],[-111.911832,33.643501]]]}},{"type":"Feature","properties":{"k":"rough"},"geometry":{"type":"Polygon","coordinates":[[[-111.910623,33.641553],[-111.91059,33.641559],[-111.910563,33.641579],[-111.910554,33.641656],[-111.910509,33.641796],[-111.910498,33.641871],[-111.910526,33.642199],[-111.910612,33.642561],[-111.910625,33.642643],[-111.910649,33.642725],[-111.910676,33.642777],[-111.910817,33.642919],[-111.911035,33.643047],[-111.91106,33.643072],[-111.911079,33.643152],[-111.911104,33.643195],[-111.911186,33.643258],[-111.911268,33.643307],[-111.911294,33.643332],[-111.911361,33.643463],[-111.911371,33.643573],[-111.911389,33.643636],[-111.911412,33.643671],[-111.911442,33.643697],[-111.911525,33.6438],[-111.91158,33.643855],[-111.911632,33.64389],[-111.9117,33.643915],[-111.911873,33.643913],[-111.911978,33.643936],[-111.912038,33.64393],[-111.912095,33.643879],[-111.912142,33.643811],[-111.91215,33.643758],[-111.912149,33.643657],[-111.912166,33.64361],[-111.912199,33.643578],[-111.912316,33.643526],[-111.912357,33.643486],[-111.912378,33.643454],[-111.912342,33.64342],[-111.912333,33.643399],[-111.91234,33.643374],[-111.91238,33.643333],[-111.912375,33.643313],[-111.912328,33.643269],[-111.912278,33.643171],[-111.912249,33.643089],[-111.912223,33.642935],[-111.912188,33.64292],[-111.912127,33.642916],[-111.912097,33.642925],[-111.912076,33.64294],[-111.912049,33.642985],[-111.912055,33.643084],[-111.912089,33.643214],[-111.912102,33.643369],[-111.912099,33.643411],[-111.912072,33.643441],[-111.912011,33.643444],[-111.911946,33.643419],[-111.911872,33.643347],[-111.911806,33.643256],[-111.911741,33.64322],[-111.91162,33.643192],[-111.911543,33.643156],[-111.911508,33.643122],[-111.911449,33.642992],[-111.91135,33.642885],[-111.911332,33.642855],[-111.911292,33.642699],[-111.91124,33.642561],[-111.911237,33.642446],[-111.911214,33.642292],[-111.911085,33.642174],[-111.911014,33.642049],[-111.910969,33.641927],[-111.910916,33.64187],[-111.910839,33.641832],[-111.91082,33.641811],[-111.91079,33.641733],[-111.910718,33.641665],[-111.910692,33.641581],[-111.910644,33.641553],[-111.910623,33.641553]]]}},{"type":"Feature","properties":{"k":"rough"},"geometry":{"type":"Polygon","coordinates":[[[-111.912234,33.64386],[-111.91228,33.643844],[-111.912343,33.643782],[-111.912386,33.643733],[-111.912414,33.643682],[-111.91241,33.643648],[-111.91236,33.643593],[-111.912363,33.643561],[-111.912389,33.64351],[-111.912332,33.643559],[-111.912273,33.64359],[-111.912214,33.643608],[-111.912197,33.64363],[-111.912185,33.643668],[-111.912189,33.643774],[-111.912183,33.643809],[-111.912214,33.643851],[-111.912234,33.64386]]]}},{"type":"Feature","properties":{"k":"tee"},"geometry":{"type":"Polygon","coordinates":[[[-111.912328,33.643763],[-111.912317,33.643791],[-111.912284,33.643806],[-111.912248,33.643802],[-111.91223,33.643784],[-111.91222,33.643694],[-111.912235,33.643653],[-111.912259,33.643643],[-111.912293,33.643643],[-111.912321,33.643658],[-111.912328,33.643669],[-111.912328,33.643763]]]}},{"type":"Feature","properties":{"k":"tee"},"geometry":{"type":"Polygon","coordinates":[[[-111.912299,33.64344],[-111.912296,33.643483],[-111.912284,33.643498],[-111.912226,33.643499],[-111.912194,33.643475],[-111.912188,33.643431],[-111.912201,33.643345],[-111.91215,33.643226],[-111.912159,33.643202],[-111.912177,33.643188],[-111.912211,33.643187],[-111.912229,33.643197],[-111.912301,33.64331],[-111.912304,33.643348],[-111.912291,33.643418],[-111.912299,33.64344]]]}},{"type":"Feature","properties":{"k":"tee"},"geometry":{"type":"Polygon","coordinates":[[[-111.912141,33.643053],[-111.912112,33.643038],[-111.9121,33.643],[-111.912115,33.642977],[-111.912154,33.642971],[-111.912184,33.642983],[-111.912195,33.643002],[-111.912195,33.643031],[-111.912169,33.643054],[-111.912141,33.643053]]]}},{"type":"Feature","properties":{"k":"bunker"},"geometry":{"type":"Polygon","coordinates":[[[-111.911628,33.641501],[-111.911645,33.641529],[-111.911636,33.641553],[-111.911626,33.641559],[-111.911584,33.641562],[-111.911557,33.64155],[-111.911562,33.6415],[-111.911552,33.641491],[-111.911535,33.641494],[-111.911501,33.641532],[-111.911479,33.641545],[-111.911422,33.641548],[-111.911397,33.64154],[-111.911362,33.641513],[-111.911348,33.641465],[-111.91137,33.641444],[-111.911447,33.641427],[-111.911463,33.641436],[-111.911468,33.641447],[-111.911452,33.641492],[-111.911477,33.641504],[-111.911487,33.641498],[-111.911496,33.64146],[-111.911491,33.641413],[-111.911507,33.641396],[-111.911533,33.641394],[-111.911556,33.641417],[-111.911585,33.641429],[-111.911608,33.641488],[-111.911628,33.641501]]]}},{"type":"Feature","properties":{"k":"bunker"},"geometry":{"type":"Polygon","coordinates":[[[-111.911386,33.641337],[-111.911359,33.641334],[-111.911315,33.641341],[-111.911297,33.641327],[-111.911299,33.641299],[-111.911344,33.64127],[-111.911376,33.641266],[-111.911418,33.64131],[-111.911416,33.641328],[-111.911386,33.641337]]]}},{"type":"Feature","properties":{"k":"bunker"},"geometry":{"type":"Polygon","coordinates":[[[-111.91067,33.640614],[-111.91063,33.640626],[-111.910562,33.640623],[-111.910528,33.640603],[-111.910519,33.640583],[-111.910525,33.640555],[-111.910543,33.640544],[-111.910567,33.640543],[-111.910578,33.640551],[-111.910578,33.640577],[-111.910589,33.640583],[-111.910606,33.640556],[-111.91066,33.640545],[-111.910682,33.64057],[-111.910682,33.640596],[-111.91067,33.640614]]]}},{"type":"Feature","properties":{"k":"bunker"},"geometry":{"type":"Polygon","coordinates":[[[-111.910787,33.640385],[-111.910766,33.640387],[-111.91075,33.640371],[-111.910751,33.640348],[-111.910771,33.640315],[-111.910784,33.640308],[-111.9108,33.64031],[-111.910813,33.640324],[-111.910804,33.640369],[-111.910787,33.640385]]]}},{"type":"Feature","properties":{"k":"bunker"},"geometry":{"type":"Polygon","coordinates":[[[-111.910481,33.640443],[-111.910459,33.640437],[-111.910442,33.640419],[-111.91044,33.64037],[-111.910461,33.640343],[-111.910502,33.640333],[-111.910519,33.640352],[-111.910518,33.640374],[-111.910487,33.640394],[-111.910517,33.640421],[-111.910509,33.640436],[-111.910481,33.640443]]]}},{"type":"Feature","properties":{"k":"green"},"geometry":{"type":"Polygon","coordinates":[[[-111.910729,33.640434],[-111.910699,33.640481],[-111.910661,33.640494],[-111.910584,33.640496],[-111.910534,33.640466],[-111.910529,33.640281],[-111.910564,33.640233],[-111.910594,33.640212],[-111.91064,33.640201],[-111.91069,33.640207],[-111.910729,33.640226],[-111.910741,33.640242],[-111.910729,33.640434]]]}},{"type":"Feature","properties":{"k":"rough"},"geometry":{"type":"Polygon","coordinates":[[[-111.911913,33.642632],[-111.911859,33.642639],[-111.911818,33.642633],[-111.911772,33.642612],[-111.91168,33.642495],[-111.911529,33.642327],[-111.911322,33.642148],[-111.911288,33.642085],[-111.911287,33.641996],[-111.911261,33.641953],[-111.911172,33.641911],[-111.911141,33.641885],[-111.911102,33.641835],[-111.911035,33.641645],[-111.910951,33.641524],[-111.910931,33.641483],[-111.910894,33.641214],[-111.910864,33.641092],[-111.910853,33.640995],[-111.910827,33.640947],[-111.910795,33.640932],[-111.910675,33.640909],[-111.910582,33.640812],[-111.910528,33.640799],[-111.91049,33.640804],[-111.910436,33.640823],[-111.910336,33.640884],[-111.9103,33.640948],[-111.910306,33.640989],[-111.910321,33.641026],[-111.91036,33.641065],[-111.910376,33.641106],[-111.910378,33.641183],[-111.910367,33.641246],[-111.91041,33.64134],[-111.91041,33.64138],[-111.9104,33.641419],[-111.910332,33.64145],[-111.910263,33.641439],[-111.910229,33.641428],[-111.910212,33.641412],[-111.910173,33.641241],[-111.910126,33.641127],[-111.910092,33.640989],[-111.9101,33.640928],[-111.910096,33.640875],[-111.910026,33.64074],[-111.909952,33.640536],[-111.909924,33.640512],[-111.909895,33.640505],[-111.90979,33.640517],[-111.909648,33.640519],[-111.90961,33.640512],[-111.909589,33.640503],[-111.909581,33.640491],[-111.909582,33.640478],[-111.9096,33.640459],[-111.909718,33.640361],[-111.909774,33.640288],[-111.909797,33.640232],[-111.909814,33.64022],[-111.909857,33.640207],[-111.909933,33.640202],[-111.910024,33.640183],[-111.910317,33.640107],[-111.910561,33.64007],[-111.910633,33.640066],[-111.910769,33.640069],[-111.910886,33.640088],[-111.911035,33.640137],[-111.91115,33.640163],[-111.911168,33.640184],[-111.911163,33.640216],[-111.911064,33.640279],[-111.911049,33.640331],[-111.911063,33.640376],[-111.911134,33.640447],[-111.911062,33.640444],[-111.911023,33.640461],[-111.911006,33.640485],[-111.910997,33.640524],[-111.911,33.640589],[-111.911065,33.640665],[-111.91117,33.640735],[-111.911185,33.640754],[-111.911275,33.640944],[-111.911326,33.641023],[-111.911468,33.641194],[-111.911484,33.641224],[-111.911477,33.641292],[-111.911483,33.64133],[-111.911493,33.641338],[-111.911564,33.641337],[-111.911607,33.641356],[-111.911695,33.64153],[-111.91168,33.641568],[-111.911678,33.641641],[-111.911654,33.641725],[-111.911649,33.641823],[-111.911658,33.641861],[-111.911684,33.641902],[-111.911755,33.641979],[-111.911809,33.642103],[-111.911876,33.642206],[-111.911923,33.642331],[-111.911949,33.642426],[-111.911982,33.642483],[-111.912016,33.642523],[-111.912007,33.642556],[-111.911987,33.642586],[-111.911913,33.642632]]]}},{"type":"Feature","properties":{"k":"green"},"geometry":{"type":"Polygon","coordinates":[[[-111.909852,33.640763],[-111.90984,33.640777],[-111.9098,33.640786],[-111.909765,33.640765],[-111.909755,33.640708],[-111.909764,33.640666],[-111.909776,33.640652],[-111.909819,33.640648],[-111.909837,33.640655],[-111.909851,33.640673],[-111.90986,33.640734],[-111.909852,33.640763]]]}},{"type":"Feature","properties":{"k":"rough"},"geometry":{"type":"Polygon","coordinates":[[[-111.910059,33.640999],[-111.910065,33.640891],[-111.90999,33.640757],[-111.909965,33.640671],[-111.90992,33.640566],[-111.909888,33.640544],[-111.909739,33.640547],[-111.909751,33.640599],[-111.909727,33.640679],[-111.909729,33.640749],[-111.909768,33.64082],[-111.909816,33.640859],[-111.909852,33.640877],[-111.909922,33.640893],[-111.910001,33.640924],[-111.910059,33.640999]]]}},{"type":"Feature","properties":{"k":"tee"},"geometry":{"type":"Polygon","coordinates":[[[-111.911386,33.640711],[-111.911282,33.640714],[-111.911255,33.640697],[-111.911255,33.640681],[-111.911296,33.640654],[-111.91135,33.640651],[-111.911371,33.640657],[-111.9114,33.640679],[-111.911401,33.640697],[-111.911386,33.640711]]]}},{"type":"Feature","properties":{"k":"tee"},"geometry":{"type":"Polygon","coordinates":[[[-111.911826,33.640796],[-111.91176,33.640798],[-111.91161,33.640756],[-111.911556,33.640736],[-111.911537,33.640715],[-111.911532,33.640691],[-111.911555,33.640668],[-111.911598,33.640656],[-111.911709,33.640685],[-111.9118,33.640692],[-111.911863,33.640707],[-111.911887,33.64072],[-111.911904,33.640742],[-111.911905,33.640759],[-111.911896,33.640777],[-111.911826,33.640796]]]}},{"type":"Feature","properties":{"k":"tee"},"geometry":{"type":"Polygon","coordinates":[[[-111.912157,33.640886],[-111.912137,33.640878],[-111.912124,33.640861],[-111.912135,33.640835],[-111.91217,33.640827],[-111.91221,33.640837],[-111.912221,33.64085],[-111.912219,33.640873],[-111.912184,33.64089],[-111.912157,33.640886]]]}},{"type":"Feature","properties":{"k":"rough"},"geometry":{"type":"Polygon","coordinates":[[[-111.91125,33.640813],[-111.911214,33.640727],[-111.911183,33.640696],[-111.911111,33.64066],[-111.911086,33.64064],[-111.91103,33.640573],[-111.911028,33.64051],[-111.911056,33.640477],[-111.911083,33.640474],[-111.911169,33.640485],[-111.911186,33.640515],[-111.911198,33.640575],[-111.91121,33.640583],[-111.911333,33.640585],[-111.911466,33.640598],[-111.911501,33.640588],[-111.911492,33.640561],[-111.911589,33.64059],[-111.911725,33.640655],[-111.911899,33.640686],[-111.911947,33.640719],[-111.912031,33.640846],[-111.91199,33.640837],[-111.911766,33.640818],[-111.91149,33.640737],[-111.911436,33.640729],[-111.911348,33.640734],[-111.911307,33.640747],[-111.911279,33.640794],[-111.91125,33.640813]]]}},{"type":"Feature","properties":{"k":"rough"},"geometry":{"type":"Polygon","coordinates":[[[-111.912349,33.640949],[-111.912172,33.640907],[-111.91213,33.640891],[-111.912071,33.640844],[-111.912002,33.640737],[-111.912067,33.640764],[-111.912227,33.640791],[-111.912269,33.640807],[-111.912299,33.640835],[-111.912327,33.640876],[-111.912353,33.640937],[-111.912349,33.640949]]]}},{"type":"Feature","properties":{"k":"tee"},"geometry":{"type":"Polygon","coordinates":[[[-111.913213,33.641023],[-111.913199,33.640995],[-111.913205,33.640982],[-111.91326,33.640978],[-111.913283,33.640996],[-111.913286,33.641015],[-111.913272,33.641031],[-111.913237,33.641035],[-111.913213,33.641023]]]}},{"type":"Feature","properties":{"k":"rough"},"geometry":{"type":"Polygon","coordinates":[[[-111.912828,33.640806],[-111.912863,33.640811],[-111.912966,33.640877],[-111.913112,33.640991],[-111.913246,33.641054],[-111.91345,33.641099],[-111.913616,33.641156],[-111.913824,33.641217],[-111.914419,33.641327],[-111.914558,33.64136],[-111.914794,33.641444],[-111.914865,33.641482],[-111.914941,33.64151],[-111.91503,33.641563],[-111.915085,33.64151],[-111.91517,33.641462],[-111.91527,33.641427],[-111.915317,33.641419],[-111.915426,33.641432],[-111.915516,33.641465],[-111.915569,33.641476],[-111.91572,33.64145],[-111.915777,33.641449],[-111.915811,33.641454],[-111.915907,33.641507],[-111.916016,33.641536],[-111.916102,33.641533],[-111.916189,33.641558],[-111.916262,33.641551],[-111.916372,33.641554],[-111.916573,33.641469],[-111.916631,33.641389],[-111.916642,33.641357],[-111.916634,33.641305],[-111.916591,33.641256],[-111.916423,33.641175],[-111.916392,33.641165],[-111.916238,33.641148],[-111.916187,33.641127],[-111.916168,33.641114],[-111.916119,33.641035],[-111.91609,33.641003],[-111.916034,33.640971],[-111.915976,33.640964],[-111.915888,33.640968],[-111.915788,33.640992],[-111.915648,33.641],[-111.915559,33.640982],[-111.915442,33.640975],[-111.915375,33.640947],[-111.915345,33.640903],[-111.915345,33.640851],[-111.915354,33.640839],[-111.915414,33.640786],[-111.915443,33.640734],[-111.915463,33.640719],[-111.915546,33.640696],[-111.915591,33.640658],[-111.915605,33.640636],[-111.915607,33.640579],[-111.915544,33.640465],[-111.91537,33.640447],[-111.915265,33.640448],[-111.915194,33.640457],[-111.915132,33.640517],[-111.915035,33.640573],[-111.915135,33.640626],[-111.915274,33.640652],[-111.915312,33.640685],[-111.915319,33.640721],[-111.915299,33.640752],[-111.915231,33.640793],[-111.915177,33.640809],[-111.915006,33.640807],[-111.914924,33.640798],[-111.914837,33.640779],[-111.914664,33.640681],[-111.914484,33.640634],[-111.914384,33.640635],[-111.914304,33.640617],[-111.914275,33.640619],[-111.914218,33.640636],[-111.914158,33.640641],[-111.91393,33.640618],[-111.91372,33.640645],[-111.91363,33.640639],[-111.913559,33.640648],[-111.913537,33.640647],[-111.913447,33.64061],[-111.913305,33.640591],[-111.913102,33.640596],[-111.912988,33.640626],[-111.912879,33.6407],[-111.91284,33.640756],[-111.912828,33.640806]]]}},{"type":"Feature","properties":{"k":"bunker"},"geometry":{"type":"Polygon","coordinates":[[[-111.91452,33.640913],[-111.914573,33.640912],[-111.914581,33.640939],[-111.914555,33.640965],[-111.914509,33.640975],[-111.914451,33.640952],[-111.914396,33.640893],[-111.914313,33.64087],[-111.914269,33.640829],[-111.914258,33.640788],[-111.914265,33.640755],[-111.914304,33.640734],[-111.914337,33.640733],[-111.914365,33.640744],[-111.914374,33.640777],[-111.914359,33.640814],[-111.914382,33.640827],[-111.914463,33.640791],[-111.914533,33.64081],[-111.914547,33.640846],[-111.914532,33.640874],[-111.914511,33.640888],[-111.914509,33.640906],[-111.91452,33.640913]]]}},{"type":"Feature","properties":{"k":"bunker"},"geometry":{"type":"Polygon","coordinates":[[[-111.91567,33.641234],[-111.915631,33.641238],[-111.915572,33.641223],[-111.915561,33.641207],[-111.915564,33.641169],[-111.915513,33.64113],[-111.915494,33.641106],[-111.915495,33.641087],[-111.915509,33.641073],[-111.915588,33.641052],[-111.915617,33.641059],[-111.915622,33.641103],[-111.915604,33.64114],[-111.915613,33.641154],[-111.915629,33.641159],[-111.91567,33.64115],[-111.91568,33.64112],[-111.9157,33.641102],[-111.915721,33.641101],[-111.915739,33.641111],[-111.915744,33.641141],[-111.915724,33.641173],[-111.915714,33.641208],[-111.91567,33.641234]]]}},{"type":"Feature","properties":{"k":"bunker"},"geometry":{"type":"Polygon","coordinates":[[[-111.91623,33.641251],[-111.916179,33.64125],[-111.916147,33.641235],[-111.916141,33.641193],[-111.916162,33.641168],[-111.916192,33.641164],[-111.916296,33.6412],[-111.916318,33.641247],[-111.916311,33.64127],[-111.916293,33.64128],[-111.916264,33.641278],[-111.91623,33.641251]]]}},{"type":"Feature","properties":{"k":"bunker"},"geometry":{"type":"Polygon","coordinates":[[[-111.916454,33.641927],[-111.916418,33.641924],[-111.916391,33.641907],[-111.916378,33.641876],[-111.916341,33.641872],[-111.916299,33.641842],[-111.916301,33.641818],[-111.916341,33.64176],[-111.916365,33.641744],[-111.916395,33.641739],[-111.916409,33.641748],[-111.916399,33.641803],[-111.916429,33.641846],[-111.916453,33.641856],[-111.916496,33.641854],[-111.91652,33.641871],[-111.916522,33.641885],[-111.916511,33.6419],[-111.916472,33.641906],[-111.916454,33.641927]]]}},{"type":"Feature","properties":{"k":"green"},"geometry":{"type":"Polygon","coordinates":[[[-111.916546,33.641828],[-111.916477,33.641822],[-111.916444,33.641809],[-111.916426,33.641789],[-111.916426,33.64174],[-111.916441,33.6417],[-111.91647,33.64167],[-111.916489,33.641662],[-111.916547,33.641657],[-111.916736,33.641652],[-111.916762,33.641662],[-111.916799,33.641692],[-111.916813,33.641715],[-111.916817,33.64176],[-111.916808,33.641782],[-111.916768,33.641817],[-111.916713,33.64183],[-111.916546,33.641828]]]}},{"type":"Feature","properties":{"k":"fairway"},"geometry":{"type":"Polygon","coordinates":[[[-111.914156,33.640769],[-111.914075,33.640762],[-111.91363,33.640775],[-111.913521,33.640804],[-111.913497,33.640821],[-111.913473,33.640853],[-111.91346,33.640892],[-111.913469,33.640949],[-111.913491,33.640993],[-111.913571,33.641039],[-111.913796,33.641085],[-111.913881,33.641094],[-111.914447,33.641216],[-111.915165,33.641405],[-111.915196,33.641423],[-111.915323,33.641393],[-111.9154,33.641397],[-111.915526,33.641435],[-111.915581,33.641444],[-111.915735,33.641418],[-111.915797,33.64142],[-111.915828,33.641425],[-111.91588,33.641462],[-111.915945,33.641487],[-111.916032,33.641508],[-111.91613,33.641508],[-111.916204,33.641528],[-111.916272,33.64152],[-111.916339,33.641527],[-111.916397,33.641515],[-111.91643,33.641495],[-111.916529,33.641461],[-111.916576,33.641415],[-111.916572,33.641381],[-111.916525,33.64134],[-111.91627,33.641293],[-111.916207,33.641274],[-111.91617,33.641272],[-111.916072,33.641233],[-111.915995,33.641215],[-111.915907,33.641203],[-111.915731,33.641192],[-111.915708,33.641225],[-111.915683,33.641238],[-111.91566,33.641247],[-111.915611,33.641247],[-111.915561,33.641224],[-111.915549,33.641174],[-111.915504,33.641153],[-111.915471,33.641126],[-111.915262,33.641069],[-111.915171,33.641018],[-111.914547,33.640846],[-111.914532,33.640874],[-111.914514,33.640882],[-111.914509,33.640906],[-111.91452,33.640913],[-111.914573,33.640912],[-111.914581,33.640939],[-111.914555,33.640965],[-111.914509,33.640975],[-111.914451,33.640952],[-111.914396,33.640893],[-111.914313,33.64087],[-111.914282,33.640848],[-111.914258,33.640788],[-111.914156,33.640769]]]}},{"type":"Feature","properties":{"k":"tee"},"geometry":{"type":"Polygon","coordinates":[[[-111.917253,33.641963],[-111.917153,33.64197],[-111.917106,33.641959],[-111.917073,33.641918],[-111.917079,33.641875],[-111.917111,33.641857],[-111.917224,33.641859],[-111.917267,33.641872],[-111.917297,33.641887],[-111.917303,33.641926],[-111.917285,33.641949],[-111.917253,33.641963]]]}},{"type":"Feature","properties":{"k":"tee"},"geometry":{"type":"Polygon","coordinates":[[[-111.917167,33.642337],[-111.917083,33.642351],[-111.917062,33.642346],[-111.917042,33.64231],[-111.917045,33.642259],[-111.917097,33.642097],[-111.917127,33.642067],[-111.917179,33.642046],[-111.917248,33.642038],[-111.917275,33.642044],[-111.917301,33.642059],[-111.917315,33.642087],[-111.917305,33.642157],[-111.917322,33.6423],[-111.917289,33.642336],[-111.917247,33.642355],[-111.917204,33.642352],[-111.917167,33.642337]]]}},{"type":"Feature","properties":{"k":"tee"},"geometry":{"type":"Polygon","coordinates":[[[-111.917233,33.642466],[-111.917244,33.642478],[-111.917245,33.6425],[-111.91722,33.642527],[-111.917162,33.642544],[-111.917143,33.642543],[-111.917108,33.642525],[-111.917104,33.642496],[-111.917111,33.642483],[-111.917161,33.642464],[-111.917197,33.642459],[-111.917233,33.642466]]]}},{"type":"Feature","properties":{"k":"sand"},"geometry":{"type":"Polygon","coordinates":[[[-111.917043,33.641993],[-111.91706,33.642041],[-111.917055,33.642097],[-111.917038,33.642111],[-111.917015,33.642114],[-111.916972,33.642108],[-111.916957,33.642098],[-111.916955,33.642087],[-111.916989,33.642039],[-111.916993,33.641988],[-111.917015,33.641973],[-111.917043,33.641993]]]}},{"type":"Feature","properties":{"k":"green"},"geometry":{"type":"Polygon","coordinates":[[[-111.917688,33.64335],[-111.917689,33.643391],[-111.917672,33.643432],[-111.917594,33.643491],[-111.917536,33.643513],[-111.9175,33.643516],[-111.917461,33.643506],[-111.917433,33.643481],[-111.917427,33.643454],[-111.917434,33.64344],[-111.917482,33.643389],[-111.917504,33.643308],[-111.917542,33.643266],[-111.917603,33.643261],[-111.917639,33.643273],[-111.91767,33.643307],[-111.917688,33.64335]]]}},{"type":"Feature","properties":{"k":"bunker"},"geometry":{"type":"Polygon","coordinates":[[[-111.917747,33.64346],[-111.917717,33.643462],[-111.917704,33.643448],[-111.917704,33.643417],[-111.917728,33.643391],[-111.917718,33.643376],[-111.917719,33.643345],[-111.917697,33.643318],[-111.9177,33.643299],[-111.917716,33.643295],[-111.917751,33.643303],[-111.917761,33.643323],[-111.917797,33.643359],[-111.917795,33.643375],[-111.917765,33.6434],[-111.917768,33.643443],[-111.917747,33.64346]]]}},{"type":"Feature","properties":{"k":"bunker"},"geometry":{"type":"Polygon","coordinates":[[[-111.917462,33.64336],[-111.917448,33.643384],[-111.917409,33.643372],[-111.917405,33.643359],[-111.917417,33.643323],[-111.917444,33.643313],[-111.917467,33.643318],[-111.917474,33.643343],[-111.917462,33.64336]]]}},{"type":"Feature","properties":{"k":"bunker"},"geometry":{"type":"Polygon","coordinates":[[[-111.917561,33.643203],[-111.917569,33.643223],[-111.917555,33.643233],[-111.917525,33.643231],[-111.917506,33.643216],[-111.917501,33.643198],[-111.917508,33.643181],[-111.917493,33.643153],[-111.917518,33.643127],[-111.917565,33.643124],[-111.917626,33.64317],[-111.917627,33.643194],[-111.917618,33.643206],[-111.917595,33.643209],[-111.917582,33.643191],[-111.917566,33.643186],[-111.917559,33.643191],[-111.917561,33.643203]]]}},{"type":"Feature","properties":{"k":"tee"},"geometry":{"type":"Polygon","coordinates":[[[-111.917027,33.644056],[-111.916963,33.644061],[-111.916945,33.644053],[-111.916938,33.644029],[-111.916948,33.644003],[-111.917004,33.643963],[-111.917064,33.643957],[-111.91709,33.643976],[-111.917085,33.644011],[-111.917027,33.644056]]]}},{"type":"Feature","properties":{"k":"bunker"},"geometry":{"type":"Polygon","coordinates":[[[-111.919543,33.643172],[-111.919514,33.64317],[-111.919493,33.64316],[-111.91947,33.643126],[-111.919466,33.643098],[-111.91949,33.643003],[-111.919526,33.642977],[-111.919591,33.642963],[-111.919673,33.642924],[-111.919724,33.642931],[-111.919749,33.642955],[-111.919738,33.642978],[-111.919696,33.642999],[-111.91965,33.643003],[-111.91968,33.643031],[-111.919669,33.643059],[-111.919629,33.643064],[-111.919558,33.643025],[-111.919539,33.64303],[-111.919539,33.643042],[-111.919557,33.643054],[-111.919564,33.643071],[-111.919533,33.643102],[-111.919574,33.643123],[-111.919584,33.643144],[-111.919568,33.643166],[-111.919543,33.643172]]]}},{"type":"Feature","properties":{"k":"bunker"},"geometry":{"type":"Polygon","coordinates":[[[-111.920822,33.642087],[-111.920797,33.642107],[-111.920757,33.642097],[-111.920743,33.642083],[-111.920735,33.64203],[-111.920749,33.641988],[-111.920746,33.641946],[-111.920767,33.641928],[-111.920828,33.641929],[-111.920857,33.641883],[-111.920898,33.641872],[-111.920919,33.641885],[-111.920924,33.641921],[-111.920904,33.641946],[-111.920837,33.641967],[-111.920845,33.642003],[-111.920822,33.64205],[-111.920822,33.642087]]]}},{"type":"Feature","properties":{"k":"green"},"geometry":{"type":"Polygon","coordinates":[[[-111.921109,33.642192],[-111.92107,33.642221],[-111.921027,33.642241],[-111.92099,33.642241],[-111.920942,33.642215],[-111.920885,33.642153],[-111.920856,33.642109],[-111.92084,33.642057],[-111.920858,33.642007],[-111.920894,33.641965],[-111.920974,33.641903],[-111.921025,33.641895],[-111.921073,33.641904],[-111.921125,33.641958],[-111.921147,33.642002],[-111.92116,33.642076],[-111.92115,33.642132],[-111.921109,33.642192]]]}},{"type":"Feature","properties":{"k":"tee"},"geometry":{"type":"Polygon","coordinates":[[[-111.917523,33.643914],[-111.917456,33.64394],[-111.917414,33.643942],[-111.917386,33.64393],[-111.917385,33.643892],[-111.91741,33.643859],[-111.917519,33.6438],[-111.917565,33.643793],[-111.917604,33.643802],[-111.917622,33.643827],[-111.917611,33.643869],[-111.917594,33.643884],[-111.917523,33.643914]]]}},{"type":"Feature","properties":{"k":"tee"},"geometry":{"type":"Polygon","coordinates":[[[-111.917944,33.643764],[-111.917912,33.643775],[-111.917866,33.643777],[-111.917822,33.643764],[-111.917811,33.643743],[-111.91781,33.643709],[-111.917839,33.643666],[-111.917889,33.643642],[-111.917994,33.64361],[-111.918098,33.643551],[-111.918149,33.643547],[-111.918168,33.643555],[-111.918192,33.643585],[-111.918192,33.643602],[-111.918163,33.643661],[-111.918077,33.643713],[-111.917997,33.643736],[-111.917944,33.643764]]]}},{"type":"Feature","properties":{"k":"fairway"},"geometry":{"type":"Polygon","coordinates":[[[-111.919109,33.643229],[-111.918854,33.643354],[-111.918809,33.643365],[-111.918728,33.643369],[-111.91868,33.643341],[-111.918652,33.643302],[-111.918647,33.643228],[-111.918665,33.64319],[-111.918686,33.64317],[-111.91897,33.643031],[-111.919293,33.642825],[-111.919506,33.642678],[-111.919875,33.642527],[-111.919959,33.642474],[-111.920226,33.642332],[-111.920293,33.642321],[-111.920416,33.642329],[-111.920522,33.642356],[-111.920556,33.642377],[-111.920578,33.642418],[-111.920576,33.642461],[-111.920552,33.642493],[-111.92052,33.642517],[-111.920028,33.642755],[-111.919897,33.642837],[-111.919753,33.642894],[-111.919713,33.642916],[-111.919432,33.643132],[-111.919383,33.643157],[-111.919109,33.643229]]]}},{"type":"Feature","properties":{"k":"rough"},"geometry":{"type":"Polygon","coordinates":[[[-111.917299,33.64412],[-111.917225,33.644168],[-111.917188,33.644179],[-111.917118,33.644182],[-111.916984,33.644162],[-111.916864,33.644085],[-111.916805,33.644018],[-111.916808,33.64398],[-111.916832,33.643948],[-111.916858,33.643929],[-111.917036,33.643856],[-111.917108,33.643855],[-111.917199,33.643875],[-111.917226,33.643874],[-111.917246,33.643954],[-111.917263,33.643988],[-111.917315,33.644029],[-111.917371,33.644045],[-111.917386,33.644083],[-111.917299,33.64412]]]}},{"type":"Feature","properties":{"k":"water"},"geometry":{"type":"Polygon","coordinates":[[[-111.918163,33.644233],[-111.918052,33.64424],[-111.917816,33.644235],[-111.917745,33.644217],[-111.917699,33.644185],[-111.91768,33.644161],[-111.917502,33.644164],[-111.91746,33.644169],[-111.917415,33.644184],[-111.917371,33.64421],[-111.917296,33.644239],[-111.917088,33.644255],[-111.917003,33.644249],[-111.9169,33.644288],[-111.916854,33.644313],[-111.91681,33.644349],[-111.91675,33.644377],[-111.91671,33.644377],[-111.916669,33.644367],[-111.916629,33.644289],[-111.916629,33.64411],[-111.916647,33.644067],[-111.916672,33.644046],[-111.91672,33.644036],[-111.91676,33.644041],[-111.916788,33.64405],[-111.916812,33.644068],[-111.916915,33.644171],[-111.916974,33.644205],[-111.917159,33.644227],[-111.917221,33.644215],[-111.917263,33.644218],[-111.917299,33.644206],[-111.917321,33.644179],[-111.917465,33.644129],[-111.917653,33.644128],[-111.917695,33.644121],[-111.917759,33.644038],[-111.917847,33.643963],[-111.917934,33.643928],[-111.918026,33.64392],[-111.918055,33.643929],[-111.918119,33.643966],[-111.918185,33.644067],[-111.91827,33.64414],[-111.918273,33.644164],[-111.918163,33.644233]]]}},{"type":"Feature","properties":{"k":"rough"},"geometry":{"type":"Polygon","coordinates":[[[-111.916581,33.641614],[-111.916513,33.641621],[-111.91639,33.641664],[-111.91636,33.641693],[-111.916341,33.641731],[-111.916303,33.641774],[-111.916261,33.641805],[-111.916225,33.641819],[-111.91619,33.641823],[-111.916125,33.641803],[-111.916054,33.641799],[-111.916077,33.641847],[-111.916111,33.641902],[-111.91613,33.641917],[-111.916201,33.641944],[-111.916729,33.642053],[-111.916854,33.642045],[-111.916916,33.642051],[-111.916928,33.642063],[-111.916934,33.642086],[-111.916988,33.642377],[-111.91702,33.642471],[-111.917089,33.642585],[-111.917096,33.642569],[-111.917114,33.642566],[-111.917194,33.642588],[-111.917218,33.642588],[-111.917265,33.642561],[-111.917275,33.642528],[-111.917272,33.642402],[-111.917281,33.642382],[-111.917329,33.64234],[-111.917347,33.642293],[-111.917346,33.642257],[-111.917326,33.642178],[-111.917348,33.642104],[-111.917348,33.642015],[-111.917381,33.641994],[-111.917445,33.641976],[-111.917489,33.641984],[-111.917513,33.642013],[-111.917513,33.642057],[-111.917503,33.642084],[-111.917459,33.642144],[-111.917413,33.642355],[-111.917414,33.642376],[-111.917442,33.642448],[-111.917455,33.642507],[-111.917445,33.642669],[-111.917479,33.642822],[-111.917462,33.642856],[-111.9174,33.642905],[-111.917222,33.642976],[-111.917229,33.643065],[-111.91718,33.643362],[-111.91718,33.643417],[-111.917189,33.64345],[-111.917249,33.643576],[-111.917339,33.643571],[-111.917434,33.643575],[-111.917491,33.64361],[-111.917526,33.643673],[-111.917529,33.643709],[-111.917505,33.643745],[-111.917369,33.643788],[-111.917261,33.643865],[-111.917271,33.643917],[-111.917291,33.643963],[-111.917321,33.643997],[-111.917335,33.644003],[-111.917382,33.644013],[-111.917417,33.644007],[-111.917514,33.643973],[-111.917708,33.643893],[-111.917811,33.643837],[-111.917963,33.643782],[-111.918077,33.643751],[-111.918228,33.643686],[-111.918246,33.64362],[-111.918266,33.643594],[-111.918301,33.643568],[-111.918416,33.643505],[-111.918478,33.643497],[-111.918563,33.643457],[-111.918631,33.643458],[-111.918669,33.643478],[-111.918949,33.6434],[-111.919138,33.643373],[-111.919259,33.643332],[-111.91945,33.643241],[-111.91952,33.64322],[-111.91965,33.64315],[-111.919976,33.642951],[-111.920105,33.64288],[-111.920394,33.642673],[-111.920455,33.642641],[-111.92058,33.642594],[-111.920597,33.642559],[-111.920585,33.642412],[-111.920549,33.642359],[-111.920482,33.642335],[-111.920415,33.642322],[-111.920262,33.642314],[-111.920178,33.642299],[-111.920146,33.642307],[-111.919995,33.642415],[-111.91988,33.642486],[-111.919458,33.642663],[-111.919343,33.642751],[-111.919321,33.642757],[-111.919278,33.64275],[-111.919241,33.642714],[-111.919207,33.642653],[-111.919136,33.642596],[-111.919022,33.642584],[-111.918965,33.64257],[-111.918808,33.642477],[-111.91877,33.642476],[-111.918722,33.642486],[-111.918641,33.642519],[-111.918598,33.642517],[-111.918572,33.642504],[-111.918305,33.642229],[-111.918291,33.6422],[-111.918282,33.642148],[-111.918164,33.642173],[-111.918126,33.64217],[-111.918093,33.642156],[-111.918041,33.642101],[-111.917961,33.641965],[-111.917931,33.641938],[-111.917849,33.641922],[-111.917793,33.641896],[-111.917613,33.641859],[-111.917554,33.641827],[-111.917454,33.641807],[-111.917385,33.641759],[-111.917276,33.641722],[-111.917147,33.641702],[-111.91709,33.641713],[-111.917014,33.641744],[-111.916981,33.641742],[-111.91695,33.64172],[-111.916926,33.641672],[-111.916901,33.641647],[-111.916825,33.641611],[-111.916782,33.6416],[-111.916615,33.641607],[-111.916581,33.641614]]]}},{"type":"Feature","properties":{"k":"sand"},"geometry":{"type":"Polygon","coordinates":[[[-111.918461,33.643225],[-111.918337,33.643385],[-111.918243,33.643461],[-111.918095,33.643509],[-111.918034,33.643513],[-111.91796,33.64351],[-111.917922,33.643482],[-111.917915,33.643443],[-111.917937,33.643412],[-111.917985,33.643379],[-111.918153,33.643319],[-111.918198,33.643294],[-111.918234,33.643224],[-111.91823,33.643177],[-111.918187,33.643112],[-111.918158,33.643078],[-111.918049,33.642987],[-111.918025,33.642955],[-111.917997,33.642845],[-111.917961,33.642784],[-111.91792,33.642587],[-111.917918,33.642527],[-111.91794,33.642497],[-111.91801,33.642459],[-111.918059,33.642464],[-111.918334,33.642627],[-111.918567,33.642785],[-111.918643,33.642855],[-111.918695,33.642888],[-111.918767,33.642969],[-111.918768,33.643004],[-111.918754,33.643071],[-111.918724,33.643112],[-111.918693,33.643134],[-111.918508,33.643191],[-111.918461,33.643225]]]}},{"type":"Feature","properties":{"k":"tee"},"geometry":{"type":"Polygon","coordinates":[[[-111.918908,33.642644],[-111.91886,33.642641],[-111.91876,33.642588],[-111.918741,33.642564],[-111.918746,33.642529],[-111.91876,33.642515],[-111.918809,33.642519],[-111.918869,33.642552],[-111.918942,33.642576],[-111.918958,33.642598],[-111.918958,33.64262],[-111.918948,33.642632],[-111.918908,33.642644]]]}},{"type":"Feature","properties":{"k":"tee"},"geometry":{"type":"Polygon","coordinates":[[[-111.918604,33.642474],[-111.918562,33.642417],[-111.918563,33.64238],[-111.918582,33.642357],[-111.918607,33.642352],[-111.918647,33.642369],[-111.918668,33.642388],[-111.918682,33.642416],[-111.918667,33.642469],[-111.918644,33.64248],[-111.918604,33.642474]]]}},{"type":"Feature","properties":{"k":"tee"},"geometry":{"type":"Polygon","coordinates":[[[-111.918497,33.642347],[-111.918453,33.642329],[-111.918348,33.64221],[-111.918342,33.64216],[-111.918356,33.642145],[-111.918373,33.642138],[-111.9184,33.64214],[-111.91843,33.642156],[-111.918447,33.642212],[-111.91847,33.642247],[-111.918529,33.642305],[-111.918526,33.642337],[-111.918497,33.642347]]]}},{"type":"Feature","properties":{"k":"rough"},"geometry":{"type":"Polygon","coordinates":[[[-111.918782,33.642442],[-111.918719,33.64245],[-111.918649,33.642492],[-111.918602,33.642487],[-111.918351,33.642238],[-111.91833,33.6422],[-111.918319,33.642129],[-111.918378,33.642103],[-111.918436,33.642117],[-111.918513,33.642241],[-111.918656,33.642329],[-111.918706,33.642386],[-111.918782,33.642442]]]}},{"type":"Feature","properties":{"k":"tee"},"geometry":{"type":"Polygon","coordinates":[[[-111.921638,33.642154],[-111.921607,33.642152],[-111.92159,33.642139],[-111.921577,33.642116],[-111.92156,33.642051],[-111.921566,33.642031],[-111.921582,33.642013],[-111.921596,33.642009],[-111.921627,33.642014],[-111.921676,33.642057],[-111.921737,33.642089],[-111.921767,33.642116],[-111.921767,33.642142],[-111.921752,33.642163],[-111.921708,33.642164],[-111.921638,33.642154]]]}},{"type":"Feature","properties":{"k":"tee"},"geometry":{"type":"Polygon","coordinates":[[[-111.921411,33.641936],[-111.921385,33.64193],[-111.921241,33.641809],[-111.921231,33.641784],[-111.921233,33.641755],[-111.921251,33.641734],[-111.921298,33.641722],[-111.921348,33.641727],[-111.921378,33.641739],[-111.921417,33.641784],[-111.921455,33.641866],[-111.921457,33.641919],[-111.921411,33.641936]]]}},{"type":"Feature","properties":{"k":"tee"},"geometry":{"type":"Polygon","coordinates":[[[-111.921202,33.641669],[-111.921174,33.641683],[-111.921118,33.641685],[-111.921076,33.641666],[-111.921025,33.641611],[-111.920986,33.641582],[-111.920987,33.641527],[-111.921018,33.641501],[-111.921034,33.641498],[-111.921058,33.6415],[-111.921111,33.641523],[-111.92121,33.64162],[-111.921216,33.641644],[-111.921202,33.641669]]]}},{"type":"Feature","properties":{"k":"tee"},"geometry":{"type":"Polygon","coordinates":[[[-111.920921,33.641442],[-111.920885,33.641456],[-111.920856,33.641448],[-111.920818,33.64142],[-111.920811,33.641393],[-111.920821,33.641381],[-111.920841,33.641376],[-111.920899,33.64139],[-111.920926,33.641417],[-111.920921,33.641442]]]}},{"type":"Feature","properties":{"k":"bunker"},"geometry":{"type":"Polygon","coordinates":[[[-111.919933,33.640391],[-111.919888,33.640409],[-111.919852,33.640399],[-111.91984,33.640383],[-111.919837,33.640362],[-111.919846,33.640347],[-111.919894,33.64031],[-111.919939,33.640325],[-111.919946,33.640342],[-111.919931,33.640358],[-111.919938,33.640374],[-111.919933,33.640391]]]}},{"type":"Feature","properties":{"k":"bunker"},"geometry":{"type":"Polygon","coordinates":[[[-111.919639,33.640268],[-111.919601,33.640259],[-111.919566,33.640237],[-111.919526,33.640231],[-111.919504,33.640208],[-111.919509,33.640182],[-111.919531,33.640173],[-111.919556,33.640175],[-111.919604,33.640199],[-111.919659,33.640206],[-111.919676,33.640224],[-111.919676,33.640236],[-111.919662,33.640264],[-111.919639,33.640268]]]}},{"type":"Feature","properties":{"k":"bunker"},"geometry":{"type":"Polygon","coordinates":[[[-111.919548,33.640653],[-111.919508,33.640648],[-111.919477,33.640618],[-111.919432,33.640619],[-111.919381,33.640606],[-111.919362,33.640577],[-111.919375,33.64054],[-111.919412,33.640531],[-111.919432,33.640545],[-111.919442,33.640578],[-111.919463,33.640579],[-111.919476,33.640529],[-111.9195,33.640528],[-111.919517,33.640541],[-111.919535,33.640535],[-111.919522,33.640507],[-111.919532,33.640482],[-111.919546,33.640475],[-111.919577,33.640476],[-111.919613,33.640493],[-111.919634,33.640528],[-111.919633,33.640598],[-111.919611,33.64061],[-111.919598,33.640607],[-111.919559,33.64057],[-111.919549,33.64057],[-111.91954,33.640588],[-111.919583,33.640624],[-111.919576,33.640642],[-111.919548,33.640653]]]}},{"type":"Feature","properties":{"k":"bunker"},"geometry":{"type":"Polygon","coordinates":[[[-111.919273,33.640463],[-111.919252,33.640459],[-111.919236,33.640444],[-111.919237,33.640417],[-111.919267,33.640396],[-111.919293,33.640402],[-111.919305,33.640417],[-111.919303,33.640446],[-111.919285,33.640462],[-111.919273,33.640463]]]}},{"type":"Feature","properties":{"k":"bunker"},"geometry":{"type":"Polygon","coordinates":[[[-111.919177,33.640534],[-111.91915,33.640535],[-111.919135,33.640527],[-111.919135,33.640507],[-111.919113,33.640492],[-111.919116,33.640471],[-111.919129,33.640456],[-111.919167,33.64045],[-111.919212,33.640486],[-111.919208,33.640518],[-111.919177,33.640534]]]}},{"type":"Feature","properties":{"k":"bunker"},"geometry":{"type":"Polygon","coordinates":[[[-111.918358,33.640277],[-111.918347,33.640302],[-111.918311,33.640343],[-111.918289,33.64034],[-111.918275,33.640317],[-111.918246,33.640324],[-111.918233,33.640316],[-111.918247,33.64026],[-111.918267,33.640256],[-111.918265,33.640231],[-111.918296,33.64021],[-111.918323,33.640206],[-111.91833,33.640211],[-111.918339,33.640234],[-111.918359,33.640246],[-111.918358,33.640277]]]}},{"type":"Feature","properties":{"k":"bunker"},"geometry":{"type":"Polygon","coordinates":[[[-111.918306,33.639996],[-111.91824,33.640007],[-111.9182,33.640003],[-111.91819,33.63999],[-111.918191,33.639976],[-111.918218,33.639955],[-111.918244,33.639956],[-111.918266,33.639972],[-111.918347,33.63996],[-111.918373,33.639979],[-111.918375,33.639993],[-111.918365,33.640003],[-111.918343,33.640007],[-111.918306,33.639996]]]}},{"type":"Feature","properties":{"k":"green"},"geometry":{"type":"Polygon","coordinates":[[[-111.918245,33.640238],[-111.918205,33.640319],[-111.91817,33.640332],[-111.918139,33.640329],[-111.918104,33.640311],[-111.918087,33.640293],[-111.918077,33.640244],[-111.918119,33.640167],[-111.918119,33.640073],[-111.918148,33.640036],[-111.918174,33.640024],[-111.918206,33.640021],[-111.918341,33.64004],[-111.918434,33.640033],[-111.918468,33.640048],[-111.918479,33.640063],[-111.918482,33.640097],[-111.918459,33.640128],[-111.918332,33.640175],[-111.918245,33.640238]]]}},{"type":"Feature","properties":{"k":"fairway"},"geometry":{"type":"Polygon","coordinates":[[[-111.920336,33.640827],[-111.920284,33.640861],[-111.920206,33.640868],[-111.920139,33.640861],[-111.920031,33.640832],[-111.919657,33.64065],[-111.91962,33.640605],[-111.919633,33.640598],[-111.919638,33.640574],[-111.919634,33.640528],[-111.919613,33.640493],[-111.919577,33.640476],[-111.919546,33.640475],[-111.919525,33.640489],[-111.919403,33.640465],[-111.919305,33.640434],[-111.919305,33.640417],[-111.919293,33.640402],[-111.919256,33.640398],[-111.919237,33.640417],[-111.919046,33.64036],[-111.918452,33.640235],[-111.918355,33.640226],[-111.918323,33.640206],[-111.918296,33.64021],[-111.918245,33.640238],[-111.918332,33.640175],[-111.918459,33.640128],[-111.918473,33.640115],[-111.918482,33.640097],[-111.918479,33.640063],[-111.918468,33.640048],[-111.918434,33.640033],[-111.918341,33.64004],[-111.918206,33.640021],[-111.918174,33.640024],[-111.918148,33.640036],[-111.918119,33.640073],[-111.918119,33.640167],[-111.918077,33.640244],[-111.918078,33.640268],[-111.918059,33.640263],[-111.918028,33.640221],[-111.918023,33.640197],[-111.918049,33.64007],[-111.918124,33.640022],[-111.918155,33.640011],[-111.9182,33.640003],[-111.91824,33.640007],[-111.918306,33.639996],[-111.918343,33.640007],[-111.918365,33.640003],[-111.918375,33.639993],[-111.918373,33.639979],[-111.918504,33.639972],[-111.918926,33.640039],[-111.919252,33.640103],[-111.919319,33.640127],[-111.919436,33.640151],[-111.919509,33.640182],[-111.919507,33.640217],[-111.919536,33.640236],[-111.919566,33.640237],[-111.919601,33.640259],[-111.919639,33.640268],[-111.919737,33.640265],[-111.919789,33.640285],[-111.919838,33.640322],[-111.919854,33.640345],[-111.919837,33.640362],[-111.919852,33.640399],[-111.919888,33.640409],[-111.919933,33.640391],[-111.920196,33.640585],[-111.920306,33.64065],[-111.920342,33.640679],[-111.920373,33.640723],[-111.920375,33.640763],[-111.920365,33.640791],[-111.920336,33.640827]]]}},{"type":"Feature","properties":{"k":"water"},"geometry":{"type":"Polygon","coordinates":[[[-111.920991,33.640847],[-111.920971,33.640855],[-111.920937,33.64085],[-111.920856,33.640812],[-111.920744,33.64074],[-111.920664,33.64065],[-111.920456,33.640452],[-111.920347,33.640301],[-111.920236,33.640178],[-111.91996,33.640016],[-111.919769,33.639919],[-111.919731,33.639875],[-111.91973,33.639853],[-111.91974,33.639835],[-111.919812,33.639809],[-111.920153,33.639798],[-111.920265,33.639805],[-111.92035,33.639831],[-111.920401,33.639884],[-111.920438,33.640044],[-111.92047,33.640085],[-111.920584,33.640183],[-111.920615,33.640219],[-111.920674,33.640426],[-111.920812,33.640633],[-111.9209,33.640715],[-111.920995,33.640771],[-111.92102,33.640793],[-111.921018,33.640823],[-111.920991,33.640847]]]}},{"type":"Feature","properties":{"k":"rough"},"geometry":{"type":"Polygon","coordinates":[[[-111.921293,33.642235],[-111.921213,33.642266],[-111.921177,33.642324],[-111.921134,33.642334],[-111.920962,33.6423],[-111.920856,33.642321],[-111.920826,33.642321],[-111.920739,33.64231],[-111.920563,33.642271],[-111.920496,33.642231],[-111.920425,33.642213],[-111.920346,33.642178],[-111.920326,33.642158],[-111.920327,33.642139],[-111.920343,33.642124],[-111.920408,33.642081],[-111.920449,33.642043],[-111.920515,33.64195],[-111.92057,33.641836],[-111.92062,33.641773],[-111.920688,33.641714],[-111.92077,33.641678],[-111.920835,33.641662],[-111.920943,33.641682],[-111.920963,33.641677],[-111.920977,33.641664],[-111.920985,33.641637],[-111.920964,33.641597],[-111.920829,33.641495],[-111.920897,33.641503],[-111.921059,33.64148],[-111.921133,33.641503],[-111.921198,33.641571],[-111.921406,33.64174],[-111.921442,33.641781],[-111.92148,33.641878],[-111.92151,33.642029],[-111.921481,33.64201],[-111.921378,33.641983],[-111.921343,33.641984],[-111.921302,33.642004],[-111.921296,33.642043],[-111.921357,33.64209],[-111.921375,33.642116],[-111.921361,33.642157],[-111.921293,33.642235]]]}},{"type":"Feature","properties":{"k":"tee"},"geometry":{"type":"Polygon","coordinates":[[[-111.917886,33.640593],[-111.917885,33.640625],[-111.917864,33.640653],[-111.917828,33.64067],[-111.917794,33.640658],[-111.917784,33.640647],[-111.917777,33.640603],[-111.917755,33.64058],[-111.917753,33.640549],[-111.917782,33.640523],[-111.917819,33.640524],[-111.91786,33.640554],[-111.917886,33.640593]]]}},{"type":"Feature","properties":{"k":"tee"},"geometry":{"type":"Polygon","coordinates":[[[-111.918261,33.640963],[-111.918238,33.640983],[-111.918217,33.640988],[-111.918166,33.640975],[-111.91814,33.640901],[-111.918122,33.640885],[-111.918093,33.640873],[-111.918043,33.640865],[-111.917988,33.640833],[-111.917962,33.640811],[-111.917923,33.640749],[-111.917918,33.640718],[-111.917936,33.64068],[-111.917959,33.64067],[-111.91802,33.640669],[-111.91808,33.640701],[-111.918122,33.640752],[-111.918195,33.640805],[-111.918224,33.640836],[-111.918267,33.640925],[-111.918261,33.640963]]]}},{"type":"Feature","properties":{"k":"tee"},"geometry":{"type":"Polygon","coordinates":[[[-111.91835,33.641114],[-111.918322,33.641117],[-111.918289,33.641109],[-111.918262,33.641091],[-111.918254,33.64107],[-111.918257,33.641048],[-111.918278,33.641035],[-111.918304,33.641033],[-111.918356,33.641061],[-111.918364,33.641094],[-111.91835,33.641114]]]}},{"type":"Feature","properties":{"k":"bunker"},"geometry":{"type":"Polygon","coordinates":[[[-111.919271,33.641965],[-111.919248,33.641959],[-111.91919,33.641919],[-111.919179,33.641879],[-111.919161,33.641862],[-111.919082,33.64187],[-111.919039,33.641854],[-111.919026,33.641814],[-111.919042,33.641785],[-111.919151,33.641762],[-111.919196,33.641779],[-111.919213,33.641846],[-111.919242,33.64187],[-111.91929,33.64189],[-111.919315,33.641917],[-111.919309,33.64195],[-111.919271,33.641965]]]}},{"type":"Feature","properties":{"k":"bunker"},"geometry":{"type":"Polygon","coordinates":[[[-111.91894,33.642097],[-111.918919,33.642097],[-111.918877,33.642072],[-111.91888,33.642021],[-111.91891,33.641997],[-111.918951,33.642005],[-111.918974,33.642033],[-111.918971,33.642064],[-111.91894,33.642097]]]}},{"type":"Feature","properties":{"k":"green"},"geometry":{"type":"Polygon","coordinates":[[[-111.919155,33.642137],[-111.919114,33.642165],[-111.919045,33.642187],[-111.919015,33.64218],[-111.918999,33.642168],[-111.918985,33.64214],[-111.918986,33.642034],[-111.918973,33.641957],[-111.918978,33.641915],[-111.91901,33.641886],[-111.91904,33.64188],[-111.919107,33.641883],[-111.919139,33.641893],[-111.919253,33.64197],[-111.919291,33.642009],[-111.919295,33.642039],[-111.919274,33.642072],[-111.919192,33.642102],[-111.919155,33.642137]]]}},{"type":"Feature","properties":{"k":"fairway"},"geometry":{"type":"Polygon","coordinates":[[[-111.91907,33.641881],[-111.919032,33.641862],[-111.919019,33.641817],[-111.919016,33.641759],[-111.918967,33.641716],[-111.918872,33.641719],[-111.918812,33.64176],[-111.91877,33.641805],[-111.918771,33.64186],[-111.918796,33.641907],[-111.918841,33.641965],[-111.91889,33.642007],[-111.918914,33.641996],[-111.918951,33.642005],[-111.918965,33.642015],[-111.918984,33.642051],[-111.918973,33.641957],[-111.918978,33.641915],[-111.91901,33.641886],[-111.91907,33.641881]]]}},{"type":"Feature","properties":{"k":"tee"},"geometry":{"type":"Polygon","coordinates":[[[-111.917832,33.641717],[-111.917809,33.64172],[-111.917756,33.641694],[-111.917738,33.641664],[-111.917741,33.641637],[-111.91775,33.641627],[-111.917802,33.641618],[-111.91784,33.641639],[-111.917856,33.64167],[-111.917849,33.641703],[-111.917832,33.641717]]]}},{"type":"Feature","properties":{"k":"bunker"},"geometry":{"type":"Polygon","coordinates":[[[-111.9169,33.640911],[-111.916862,33.64092],[-111.916844,33.6409],[-111.916843,33.640878],[-111.916869,33.640848],[-111.916892,33.64084],[-111.916921,33.640845],[-111.916926,33.640855],[-111.916926,33.640881],[-111.9169,33.640911]]]}},{"type":"Feature","properties":{"k":"bunker"},"geometry":{"type":"Polygon","coordinates":[[[-111.916714,33.640793],[-111.916663,33.640809],[-111.916625,33.640777],[-111.916624,33.640749],[-111.916635,33.640723],[-111.916662,33.640701],[-111.916678,33.640699],[-111.916732,33.640741],[-111.916729,33.640776],[-111.916714,33.640793]]]}},{"type":"Feature","properties":{"k":"bunker"},"geometry":{"type":"Polygon","coordinates":[[[-111.915437,33.639905],[-111.915409,33.639921],[-111.915383,33.639918],[-111.915372,33.639908],[-111.915377,33.639881],[-111.915368,33.639877],[-111.915343,33.639906],[-111.915288,33.639903],[-111.915264,33.639879],[-111.915258,33.639854],[-111.915265,33.639832],[-111.91528,33.639819],[-111.915308,33.639814],[-111.915372,33.639828],[-111.915424,33.639864],[-111.915439,33.639887],[-111.915437,33.639905]]]}},{"type":"Feature","properties":{"k":"green"},"geometry":{"type":"Polygon","coordinates":[[[-111.915488,33.640192],[-111.915466,33.640202],[-111.91541,33.640204],[-111.915387,33.640197],[-111.915347,33.64017],[-111.915287,33.6401],[-111.915212,33.640057],[-111.91518,33.64003],[-111.915166,33.639984],[-111.915192,33.639941],[-111.915254,33.639919],[-111.915317,33.639917],[-111.915365,33.639923],[-111.915416,33.639945],[-111.915462,33.640045],[-111.915507,33.640082],[-111.915525,33.640116],[-111.915522,33.640158],[-111.915488,33.640192]]]}},{"type":"Feature","properties":{"k":"green"},"geometry":{"type":"Polygon","coordinates":[[[-111.915597,33.639679],[-111.915526,33.639659],[-111.915465,33.63966],[-111.915423,33.639641],[-111.915414,33.639623],[-111.915426,33.639554],[-111.915422,33.639509],[-111.915436,33.639481],[-111.915485,33.639476],[-111.915528,33.639483],[-111.915548,33.63949],[-111.915585,33.639521],[-111.915662,33.639626],[-111.915651,33.639671],[-111.915624,33.639683],[-111.915597,33.639679]]]}},{"type":"Feature","properties":{"k":"green"},"geometry":{"type":"Polygon","coordinates":[[[-111.915212,33.639663],[-111.91517,33.639657],[-111.915129,33.639624],[-111.915121,33.639609],[-111.915122,33.639556],[-111.915138,33.639526],[-111.915179,33.639486],[-111.915195,33.639477],[-111.915272,33.63948],[-111.915352,33.639495],[-111.915382,33.639516],[-111.915392,33.63953],[-111.91539,33.639571],[-111.91537,33.639621],[-111.915356,33.639635],[-111.915212,33.639663]]]}},{"type":"Feature","properties":{"k":"tee"},"geometry":{"type":"Polygon","coordinates":[[[-111.915527,33.640602],[-111.915511,33.640625],[-111.91549,33.640633],[-111.915328,33.640619],[-111.915263,33.640598],[-111.915252,33.64058],[-111.915252,33.640557],[-111.915272,33.64053],[-111.915303,33.640514],[-111.915431,33.640529],[-111.915509,33.640558],[-111.91552,33.64057],[-111.915527,33.640602]]]}},{"type":"Feature","properties":{"k":"tee"},"geometry":{"type":"Polygon","coordinates":[[[-111.915012,33.64051],[-111.914978,33.640527],[-111.914947,33.640525],[-111.914788,33.6405],[-111.914657,33.640488],[-111.914617,33.640465],[-111.914608,33.640452],[-111.91461,33.640428],[-111.914632,33.640403],[-111.914649,33.640398],[-111.914719,33.640398],[-111.914988,33.640446],[-111.915012,33.64046],[-111.915026,33.640482],[-111.915012,33.64051]]]}},{"type":"Feature","properties":{"k":"tee"},"geometry":{"type":"Polygon","coordinates":[[[-111.914329,33.640367],[-111.914316,33.640403],[-111.91429,33.640424],[-111.914265,33.640427],[-111.9142,33.640408],[-111.914166,33.640377],[-111.914165,33.640351],[-111.914201,33.640321],[-111.914273,33.640325],[-111.91431,33.640338],[-111.914329,33.640367]]]}},{"type":"Feature","properties":{"k":"bunker"},"geometry":{"type":"Polygon","coordinates":[[[-111.912741,33.639981],[-111.912715,33.640013],[-111.912663,33.640024],[-111.912622,33.640018],[-111.912582,33.640021],[-111.912512,33.640006],[-111.912483,33.640017],[-111.912452,33.640018],[-111.912426,33.640011],[-111.912419,33.64],[-111.91243,33.639952],[-111.91245,33.639949],[-111.91248,33.639966],[-111.912499,33.639968],[-111.912507,33.639957],[-111.912489,33.639939],[-111.912487,33.639923],[-111.912511,33.639912],[-111.912548,33.63991],[-111.912598,33.639917],[-111.912614,33.639935],[-111.912616,33.63995],[-111.912606,33.639962],[-111.912611,33.639976],[-111.912647,33.639984],[-111.912667,33.639975],[-111.912668,33.639962],[-111.912643,33.639951],[-111.912642,33.639917],[-111.912664,33.639903],[-111.9127,33.639906],[-111.912729,33.639927],[-111.912741,33.639981]]]}},{"type":"Feature","properties":{"k":"bunker"},"geometry":{"type":"Polygon","coordinates":[[[-111.911197,33.639855],[-111.911169,33.639848],[-111.911158,33.639834],[-111.911165,33.639802],[-111.911194,33.639783],[-111.911213,33.639787],[-111.911225,33.639803],[-111.911226,33.639822],[-111.911197,33.639855]]]}},{"type":"Feature","properties":{"k":"bunker"},"geometry":{"type":"Polygon","coordinates":[[[-111.91116,33.639646],[-111.911141,33.639648],[-111.91111,33.639631],[-111.911088,33.639647],[-111.91104,33.639646],[-111.911024,33.639632],[-111.911012,33.639596],[-111.911023,33.639585],[-111.911064,33.639576],[-111.911083,33.639591],[-111.911096,33.639592],[-111.911112,33.639565],[-111.911147,33.639562],[-111.911169,33.639579],[-111.911156,33.63961],[-111.911167,33.639632],[-111.91116,33.639646]]]}},{"type":"Feature","properties":{"k":"green"},"geometry":{"type":"Polygon","coordinates":[[[-111.911074,33.639933],[-111.911029,33.639964],[-111.910982,33.639974],[-111.910954,33.639973],[-111.910934,33.639963],[-111.910906,33.639925],[-111.910894,33.639874],[-111.910899,33.639832],[-111.910923,33.639795],[-111.910974,33.639747],[-111.911025,33.639681],[-111.911066,33.639663],[-111.911139,33.639663],[-111.911178,33.639688],[-111.911185,33.639735],[-111.911137,33.639802],[-111.911109,33.639875],[-111.911074,33.639933]]]}},{"type":"Feature","properties":{"k":"bunker"},"geometry":{"type":"Polygon","coordinates":[[[-111.914526,33.640079],[-111.9145,33.640084],[-111.914454,33.640064],[-111.914447,33.640054],[-111.914452,33.640036],[-111.91446,33.640031],[-111.914499,33.640031],[-111.914522,33.64004],[-111.914535,33.640061],[-111.914526,33.640079]]]}},{"type":"Feature","properties":{"k":"bunker"},"geometry":{"type":"Polygon","coordinates":[[[-111.914423,33.640031],[-111.914399,33.640032],[-111.914376,33.640018],[-111.914372,33.640001],[-111.914385,33.639988],[-111.914416,33.639988],[-111.914438,33.640001],[-111.914439,33.640018],[-111.914423,33.640031]]]}},{"type":"Feature","properties":{"k":"bunker"},"geometry":{"type":"Polygon","coordinates":[[[-111.914729,33.639956],[-111.914712,33.639955],[-111.914683,33.639931],[-111.914685,33.639906],[-111.914703,33.639897],[-111.914738,33.639898],[-111.914753,33.639909],[-111.914756,33.639929],[-111.914729,33.639956]]]}},{"type":"Feature","properties":{"k":"green"},"geometry":{"type":"Polygon","coordinates":[[[-111.914702,33.640043],[-111.914671,33.640063],[-111.914613,33.640064],[-111.914461,33.640006],[-111.914432,33.639986],[-111.914413,33.639955],[-111.914415,33.639923],[-111.914428,33.639901],[-111.914461,33.639882],[-111.914497,33.639877],[-111.914591,33.639902],[-111.914706,33.639977],[-111.914712,33.640008],[-111.914702,33.640043]]]}},{"type":"Feature","properties":{"k":"tee"},"geometry":{"type":"Polygon","coordinates":[[[-111.91485,33.640024],[-111.914889,33.640116],[-111.914887,33.640148],[-111.914873,33.640174],[-111.914845,33.640175],[-111.914745,33.640146],[-111.914706,33.640148],[-111.914615,33.640174],[-111.914493,33.640161],[-111.914331,33.640159],[-111.914291,33.640132],[-111.91428,33.640104],[-111.914279,33.640033],[-111.914272,33.640014],[-111.91421,33.639957],[-111.914206,33.639907],[-111.914216,33.63989],[-111.91432,33.63981],[-111.914377,33.63974],[-111.914457,33.63962],[-111.91449,33.639497],[-111.914493,33.63944],[-111.914479,33.639344],[-111.914479,33.63927],[-111.914486,33.639248],[-111.914499,33.63924],[-111.914555,33.639235],[-111.914739,33.639288],[-111.914952,33.639361],[-111.914993,33.639385],[-111.915021,33.639413],[-111.915032,33.639476],[-111.915018,33.639534],[-111.914944,33.639716],[-111.914847,33.639896],[-111.91485,33.640024]]]}},{"type":"Feature","properties":{"k":"range"},"geometry":{"type":"Polygon","coordinates":[[[-111.914369,33.639288],[-111.914375,33.639419],[-111.914346,33.639581],[-111.91432,33.639675],[-111.91427,33.639752],[-111.914142,33.639883],[-111.914059,33.639915],[-111.913978,33.63993],[-111.913854,33.639908],[-111.913668,33.63983],[-111.913524,33.639814],[-111.913414,33.639784],[-111.913155,33.639685],[-111.913035,33.63966],[-111.912856,33.639635],[-111.912571,33.639562],[-111.912455,33.639526],[-111.912296,33.639502],[-111.912198,33.639502],[-111.912116,33.639491],[-111.912049,33.639456],[-111.91199,33.639415],[-111.911949,33.639326],[-111.911909,33.639112],[-111.911934,33.639018],[-111.911939,33.638942],[-111.911971,33.638821],[-111.912007,33.638748],[-111.912054,33.638686],[-111.912107,33.638635],[-111.912171,33.638589],[-111.912276,33.638556],[-111.912395,33.638545],[-111.912573,33.638548],[-111.913108,33.638637],[-111.913257,33.63868],[-111.913348,33.638729],[-111.91343,33.638792],[-111.913622,33.638863],[-111.913967,33.639021],[-111.914266,33.639187],[-111.914335,33.639234],[-111.914369,33.639288]]]}},{"type":"Feature","properties":{"k":"tee"},"geometry":{"type":"Polygon","coordinates":[[[-111.912013,33.638493],[-111.911947,33.638603],[-111.911923,33.638658],[-111.911862,33.638885],[-111.911847,33.639071],[-111.911817,33.639109],[-111.911767,33.639107],[-111.911645,33.639036],[-111.911573,33.639005],[-111.911452,33.638966],[-111.911283,33.638926],[-111.911217,33.638904],[-111.911175,33.638875],[-111.911157,33.63884],[-111.911171,33.638774],[-111.91124,33.638598],[-111.911315,33.638482],[-111.911454,33.638302],[-111.911726,33.637988],[-111.911782,33.63798],[-111.911896,33.63799],[-111.912189,33.638137],[-111.912225,33.63816],[-111.91224,33.638181],[-111.91224,33.638205],[-111.912228,33.638229],[-111.912013,33.638493]]]}},{"type":"Feature","properties":{"k":"green"},"geometry":{"type":"Polygon","coordinates":[[[-111.911305,33.639205],[-111.911157,33.639227],[-111.911079,33.639225],[-111.911038,33.639196],[-111.911027,33.639178],[-111.911021,33.639122],[-111.911033,33.639087],[-111.9111,33.63902],[-111.91116,33.639014],[-111.911221,33.63903],[-111.911327,33.639096],[-111.911365,33.639137],[-111.911365,33.63916],[-111.911349,33.639189],[-111.911305,33.639205]]]}},{"type":"Feature","properties":{"k":"bunker"},"geometry":{"type":"Polygon","coordinates":[[[-111.911252,33.638996],[-111.911245,33.63901],[-111.911224,33.639015],[-111.911199,33.639002],[-111.911137,33.638988],[-111.911127,33.63897],[-111.911149,33.638933],[-111.911176,33.638926],[-111.911194,33.638931],[-111.911216,33.638961],[-111.911247,33.638967],[-111.911252,33.638996]]]}},{"type":"Feature","properties":{"k":"bunker"},"geometry":{"type":"Polygon","coordinates":[[[-111.910913,33.638886],[-111.910897,33.638926],[-111.910882,33.638935],[-111.910849,33.638931],[-111.91083,33.638907],[-111.91084,33.638874],[-111.910884,33.638865],[-111.910899,33.638836],[-111.910936,33.638813],[-111.910961,33.638813],[-111.910976,33.638826],[-111.910967,33.638859],[-111.910929,33.63887],[-111.910913,33.638886]]]}},{"type":"Feature","properties":{"k":"green"},"geometry":{"type":"Polygon","coordinates":[[[-111.910449,33.639094],[-111.910396,33.639103],[-111.910278,33.639105],[-111.910253,33.639098],[-111.91022,33.63907],[-111.910206,33.639034],[-111.910208,33.63894],[-111.910259,33.638879],[-111.910281,33.638866],[-111.910331,33.638854],[-111.910605,33.638855],[-111.910698,33.638867],[-111.910752,33.638905],[-111.910767,33.638924],[-111.910769,33.638991],[-111.910749,33.639038],[-111.910718,33.639076],[-111.910622,33.639094],[-111.910449,33.639094]]]}},{"type":"Feature","properties":{"k":"green"},"geometry":{"type":"Polygon","coordinates":[[[-111.910951,33.638717],[-111.91094,33.638761],[-111.910921,33.638788],[-111.910878,33.638827],[-111.910832,33.638848],[-111.910806,33.638854],[-111.910757,33.638842],[-111.910695,33.638804],[-111.910683,33.638787],[-111.910692,33.638735],[-111.910807,33.638655],[-111.910833,33.638623],[-111.910843,33.638556],[-111.910882,33.638537],[-111.910983,33.638538],[-111.911022,33.638562],[-111.911016,33.638608],[-111.910991,33.638643],[-111.910951,33.638678],[-111.910951,33.638717]]]}},{"type":"Feature","properties":{"k":"tee"},"geometry":{"type":"Polygon","coordinates":[[[-111.909264,33.639474],[-111.909222,33.639498],[-111.909192,33.639488],[-111.90919,33.639449],[-111.909202,33.639407],[-111.909218,33.639386],[-111.909248,33.639373],[-111.909284,33.639377],[-111.909296,33.639407],[-111.909291,33.639433],[-111.909264,33.639474]]]}},{"type":"Feature","properties":{"k":"tee"},"geometry":{"type":"Polygon","coordinates":[[[-111.909466,33.639308],[-111.909423,33.639321],[-111.909376,33.639319],[-111.909347,33.639305],[-111.909322,33.639269],[-111.909325,33.639247],[-111.909363,33.639225],[-111.90944,33.639236],[-111.909478,33.639276],[-111.909476,33.6393],[-111.909466,33.639308]]]}},{"type":"Feature","properties":{"k":"tee"},"geometry":{"type":"Polygon","coordinates":[[[-111.909568,33.639074],[-111.90954,33.639129],[-111.909489,33.639172],[-111.909443,33.639165],[-111.909411,33.639129],[-111.909415,33.639099],[-111.909504,33.639005],[-111.90954,33.638953],[-111.909594,33.638938],[-111.909633,33.638957],[-111.909644,33.639009],[-111.909611,33.639046],[-111.909568,33.639074]]]}},{"type":"Feature","properties":{"k":"bunker"},"geometry":{"type":"Polygon","coordinates":[[[-111.911571,33.637709],[-111.911552,33.637715],[-111.911508,33.637706],[-111.911471,33.637711],[-111.911459,33.637703],[-111.911453,33.637679],[-111.911431,33.63769],[-111.911404,33.637679],[-111.911398,33.6377],[-111.911436,33.637713],[-111.911458,33.637736],[-111.911459,33.637749],[-111.911447,33.637773],[-111.911426,33.637781],[-111.911399,33.637804],[-111.911354,33.637813],[-111.911326,33.637803],[-111.911301,33.637776],[-111.911315,33.637751],[-111.911311,33.637742],[-111.91128,33.637744],[-111.911273,33.637763],[-111.911296,33.637799],[-111.911294,33.637812],[-111.911273,33.637829],[-111.911242,33.637831],[-111.911225,33.637824],[-111.911217,33.637804],[-111.911201,33.637806],[-111.911209,33.637833],[-111.911202,33.637872],[-111.911175,33.6379],[-111.911151,33.63791],[-111.911104,33.637914],[-111.911085,33.637906],[-111.911087,33.637877],[-111.911075,33.637869],[-111.911055,33.6379],[-111.911015,33.637925],[-111.910996,33.637924],[-111.910977,33.637911],[-111.910964,33.63788],[-111.910976,33.637843],[-111.910995,33.63783],[-111.911048,33.637828],[-111.911045,33.637816],[-111.91102,33.637808],[-111.911008,33.637795],[-111.911029,33.637747],[-111.911064,33.637712],[-111.911118,33.637683],[-111.911163,33.637683],[-111.9112,33.637714],[-111.911212,33.637708],[-111.91122,33.637676],[-111.911269,33.637657],[-111.91135,33.637657],[-111.911435,33.637631],[-111.911481,33.637631],[-111.911558,33.637646],[-111.911575,33.63766],[-111.911584,33.637694],[-111.911571,33.637709]]]}},{"type":"Feature","properties":{"k":"bunker"},"geometry":{"type":"Polygon","coordinates":[[[-111.911274,33.637409],[-111.911247,33.637409],[-111.911216,33.63739],[-111.911204,33.637371],[-111.911205,33.637342],[-111.911213,33.637336],[-111.911254,33.637333],[-111.911263,33.637355],[-111.91129,33.637354],[-111.911302,33.637363],[-111.9113,33.637389],[-111.911274,33.637409]]]}},{"type":"Feature","properties":{"k":"bunker"},"geometry":{"type":"Polygon","coordinates":[[[-111.911816,33.637716],[-111.911799,33.637737],[-111.911779,33.637735],[-111.911766,33.63772],[-111.911774,33.637661],[-111.911797,33.637643],[-111.911814,33.637644],[-111.911826,33.637653],[-111.911816,33.637716]]]}},{"type":"Feature","properties":{"k":"bunker"},"geometry":{"type":"Polygon","coordinates":[[[-111.912225,33.637642],[-111.912205,33.637646],[-111.912186,33.637627],[-111.912199,33.637591],[-111.912214,33.637591],[-111.912236,33.637603],[-111.912239,33.637623],[-111.912225,33.637642]]]}},{"type":"Feature","properties":{"k":"bunker"},"geometry":{"type":"Polygon","coordinates":[[[-111.912165,33.637452],[-111.912146,33.637455],[-111.91215,33.637467],[-111.912182,33.637483],[-111.912184,33.637498],[-111.91216,33.637522],[-111.91211,33.637519],[-111.912067,33.637487],[-111.912066,33.637456],[-111.912081,33.637431],[-111.912137,33.637397],[-111.912176,33.637405],[-111.912217,33.637376],[-111.912242,33.63737],[-111.912265,33.637373],[-111.912293,33.637408],[-111.912286,33.637444],[-111.91224,33.637446],[-111.912216,33.637469],[-111.912198,33.637468],[-111.912165,33.637452]]]}},{"type":"Feature","properties":{"k":"bunker"},"geometry":{"type":"Polygon","coordinates":[[[-111.912337,33.637669],[-111.91232,33.637667],[-111.912302,33.637644],[-111.912305,33.637629],[-111.912324,33.637621],[-111.912367,33.637637],[-111.912365,33.637654],[-111.912337,33.637669]]]}},{"type":"Feature","properties":{"k":"green"},"geometry":{"type":"Polygon","coordinates":[[[-111.912402,33.637625],[-111.912363,33.637612],[-111.912296,33.637608],[-111.912248,33.637595],[-111.912201,33.637565],[-111.912187,33.637525],[-111.912218,33.637479],[-111.912237,33.637467],[-111.912302,33.637443],[-111.91237,33.637392],[-111.912411,33.637386],[-111.91247,33.637397],[-111.912502,33.637421],[-111.912547,33.637491],[-111.912555,33.637531],[-111.912534,33.637578],[-111.91249,33.637612],[-111.912447,33.637629],[-111.912402,33.637625]]]}},{"type":"Feature","properties":{"k":"tee"},"geometry":{"type":"Polygon","coordinates":[[[-111.91265,33.637992],[-111.9126,33.637974],[-111.912568,33.63794],[-111.912562,33.637921],[-111.912567,33.637893],[-111.912588,33.637875],[-111.91265,33.637872],[-111.912709,33.637901],[-111.912712,33.637957],[-111.912703,33.637975],[-111.91265,33.637992]]]}},{"type":"Feature","properties":{"k":"tee"},"geometry":{"type":"Polygon","coordinates":[[[-111.912958,33.63801],[-111.912962,33.638034],[-111.912949,33.638061],[-111.912899,33.638065],[-111.912816,33.638029],[-111.912803,33.638012],[-111.912804,33.637972],[-111.912825,33.637953],[-111.912868,33.637953],[-111.912958,33.63801]]]}},{"type":"Feature","properties":{"k":"tee"},"geometry":{"type":"Polygon","coordinates":[[[-111.913149,33.638204],[-111.913065,33.638166],[-111.913025,33.638138],[-111.91301,33.638104],[-111.913029,33.638074],[-111.913085,33.638073],[-111.913155,33.638089],[-111.913239,33.638134],[-111.913249,33.638172],[-111.913238,33.638193],[-111.913201,33.638211],[-111.913149,33.638204]]]}},{"type":"Feature","properties":{"k":"tee"},"geometry":{"type":"Polygon","coordinates":[[[-111.913453,33.638304],[-111.913416,33.638284],[-111.9134,33.638261],[-111.913401,33.638237],[-111.913438,33.638214],[-111.913474,33.638218],[-111.913506,33.638235],[-111.913523,33.638266],[-111.913514,33.638289],[-111.913496,33.638303],[-111.913453,33.638304]]]}},{"type":"Feature","properties":{"k":"bunker"},"geometry":{"type":"Polygon","coordinates":[[[-111.916849,33.639867],[-111.916815,33.639859],[-111.916809,33.639847],[-111.916814,33.639814],[-111.916829,33.639797],[-111.916847,33.639797],[-111.916867,33.639806],[-111.916878,33.639828],[-111.91687,33.639856],[-111.916849,33.639867]]]}},{"type":"Feature","properties":{"k":"bunker"},"geometry":{"type":"Polygon","coordinates":[[[-111.916403,33.639622],[-111.916379,33.639623],[-111.916351,33.63961],[-111.916327,33.639577],[-111.916317,33.63954],[-111.916335,33.639521],[-111.916363,33.63952],[-111.916404,33.639547],[-111.916476,33.639565],[-111.916526,33.639588],[-111.916593,33.639588],[-111.916624,33.639596],[-111.916636,33.639606],[-111.91664,33.639624],[-111.916624,33.639645],[-111.916578,33.639657],[-111.916555,33.639679],[-111.916531,33.639685],[-111.916515,33.639673],[-111.916498,33.639638],[-111.916468,33.639629],[-111.916438,33.639606],[-111.916421,33.639605],[-111.916403,33.639622]]]}},{"type":"Feature","properties":{"k":"green"},"geometry":{"type":"Polygon","coordinates":[[[-111.916614,33.639906],[-111.916585,33.639882],[-111.916572,33.639843],[-111.916531,33.639797],[-111.916519,33.639759],[-111.916526,33.639719],[-111.916546,33.639699],[-111.91661,33.639662],[-111.916674,33.639642],[-111.916732,33.639643],[-111.916769,33.639665],[-111.916798,33.639708],[-111.916805,33.639767],[-111.9168,33.639811],[-111.916775,33.639873],[-111.916717,33.639929],[-111.916668,33.63993],[-111.916614,33.639906]]]}},{"type":"Feature","properties":{"k":"tee"},"geometry":{"type":"Polygon","coordinates":[[[-111.917355,33.640116],[-111.917304,33.640137],[-111.917247,33.640133],[-111.917218,33.640106],[-111.917218,33.640068],[-111.917253,33.640026],[-111.917283,33.640008],[-111.917316,33.640003],[-111.917349,33.64001],[-111.917366,33.640024],[-111.917381,33.640055],[-111.917378,33.640083],[-111.917355,33.640116]]]}},{"type":"Feature","properties":{"k":"tee"},"geometry":{"type":"Polygon","coordinates":[[[-111.917509,33.63997],[-111.917459,33.640005],[-111.917412,33.640006],[-111.917388,33.639997],[-111.917376,33.639984],[-111.917368,33.639943],[-111.91738,33.639915],[-111.917408,33.639882],[-111.917474,33.639872],[-111.917514,33.639893],[-111.91753,33.639928],[-111.917527,33.639949],[-111.917509,33.63997]]]}},{"type":"Feature","properties":{"k":"tee"},"geometry":{"type":"Polygon","coordinates":[[[-111.917638,33.639873],[-111.91762,33.639882],[-111.917574,33.639884],[-111.917536,33.639853],[-111.917534,33.639829],[-111.917547,33.639806],[-111.917582,33.639775],[-111.917628,33.639752],[-111.917669,33.639766],[-111.917684,33.639808],[-111.917682,33.639824],[-111.917638,33.639873]]]}},{"type":"Feature","properties":{"k":"tee"},"geometry":{"type":"Polygon","coordinates":[[[-111.917865,33.639685],[-111.917838,33.639715],[-111.917809,33.639722],[-111.917767,33.639713],[-111.917752,33.639691],[-111.917776,33.639646],[-111.917818,33.639622],[-111.91786,33.639628],[-111.91787,33.639636],[-111.917877,33.639659],[-111.917865,33.639685]]]}},{"type":"Feature","properties":{"k":"bunker"},"geometry":{"type":"Polygon","coordinates":[[[-111.918446,33.638872],[-111.918433,33.638904],[-111.918389,33.638947],[-111.918357,33.638947],[-111.91834,33.638936],[-111.918337,33.638894],[-111.91837,33.638874],[-111.918351,33.638834],[-111.918356,33.638807],[-111.918369,33.638793],[-111.918417,33.638791],[-111.918435,33.638766],[-111.918452,33.638761],[-111.918481,33.638768],[-111.918492,33.638786],[-111.91846,33.63884],[-111.91843,33.638833],[-111.918413,33.638839],[-111.918443,33.638861],[-111.918446,33.638872]]]}},{"type":"Feature","properties":{"k":"bunker"},"geometry":{"type":"Polygon","coordinates":[[[-111.918578,33.638769],[-111.918559,33.638769],[-111.918541,33.638759],[-111.918526,33.638739],[-111.918523,33.63871],[-111.918532,33.638697],[-111.9186,33.638699],[-111.918641,33.638681],[-111.918658,33.638683],[-111.918668,33.638717],[-111.918657,33.638739],[-111.918625,33.638751],[-111.918603,33.638742],[-111.918578,33.638769]]]}},{"type":"Feature","properties":{"k":"green"},"geometry":{"type":"Polygon","coordinates":[[[-111.918597,33.639016],[-111.9185,33.639039],[-111.918429,33.639034],[-111.918405,33.639017],[-111.918395,33.638996],[-111.918394,33.638964],[-111.918448,33.638899],[-111.918477,33.638836],[-111.918502,33.638811],[-111.918581,33.638776],[-111.918673,33.638751],[-111.918712,33.638748],[-111.918739,33.638762],[-111.918746,33.638774],[-111.918742,33.638828],[-111.91871,33.638888],[-111.918631,33.638993],[-111.918597,33.639016]]]}},{"type":"Feature","properties":{"k":"tee"},"geometry":{"type":"Polygon","coordinates":[[[-111.919173,33.639079],[-111.919175,33.63914],[-111.919153,33.639146],[-111.919112,33.63914],[-111.918993,33.639063],[-111.918985,33.639039],[-111.918991,33.63901],[-111.91901,33.638992],[-111.919075,33.638991],[-111.919091,33.638997],[-111.919153,33.639048],[-111.919173,33.639079]]]}},{"type":"Feature","properties":{"k":"tee"},"geometry":{"type":"Polygon","coordinates":[[[-111.919492,33.639412],[-111.919468,33.639416],[-111.919432,33.63941],[-111.91935,33.639348],[-111.919331,33.639319],[-111.919326,33.639279],[-111.919351,33.639246],[-111.919371,33.639236],[-111.919409,33.639235],[-111.919471,33.639272],[-111.919523,33.639356],[-111.919519,33.639392],[-111.919492,33.639412]]]}},{"type":"Feature","properties":{"k":"tee"},"geometry":{"type":"Polygon","coordinates":[[[-111.919602,33.639564],[-111.919547,33.639541],[-111.919517,33.63951],[-111.919519,33.639485],[-111.919538,33.639463],[-111.919563,33.63945],[-111.919596,33.639446],[-111.919623,33.639453],[-111.919654,33.639491],[-111.919652,33.639538],[-111.919635,33.639562],[-111.919602,33.639564]]]}},{"type":"Feature","properties":{"k":"tee"},"geometry":{"type":"Polygon","coordinates":[[[-111.919994,33.639572],[-111.919927,33.639572],[-111.919882,33.639547],[-111.919872,33.639513],[-111.919886,33.63948],[-111.919906,33.639457],[-111.919967,33.639452],[-111.920012,33.639484],[-111.920025,33.639509],[-111.920025,33.639527],[-111.920017,33.639555],[-111.919994,33.639572]]]}},{"type":"Feature","properties":{"k":"bunker"},"geometry":{"type":"Polygon","coordinates":[[[-111.921474,33.640665],[-111.921464,33.640653],[-111.921462,33.640617],[-111.921398,33.640586],[-111.92139,33.640568],[-111.921396,33.640532],[-111.921422,33.640519],[-111.921434,33.640503],[-111.921456,33.640497],[-111.921478,33.640504],[-111.921515,33.640537],[-111.921494,33.640555],[-111.921458,33.640551],[-111.921457,33.640571],[-111.921484,33.640571],[-111.921505,33.640582],[-111.921554,33.640573],[-111.921579,33.640619],[-111.921588,33.640661],[-111.921575,33.640686],[-111.921529,33.640697],[-111.921511,33.640695],[-111.921504,33.640669],[-111.921474,33.640665]]]}},{"type":"Feature","properties":{"k":"bunker"},"geometry":{"type":"Polygon","coordinates":[[[-111.922663,33.642149],[-111.922669,33.642163],[-111.922656,33.642181],[-111.922634,33.64218],[-111.922609,33.642153],[-111.922613,33.642131],[-111.922639,33.642116],[-111.922641,33.64208],[-111.922654,33.642064],[-111.922731,33.64207],[-111.92278,33.642102],[-111.922777,33.642129],[-111.922723,33.642175],[-111.922706,33.642171],[-111.922684,33.642137],[-111.922672,33.642136],[-111.922663,33.642149]]]}},{"type":"Feature","properties":{"k":"bunker"},"geometry":{"type":"Polygon","coordinates":[[[-111.922679,33.642217],[-111.922656,33.642205],[-111.922657,33.642198],[-111.922685,33.642207],[-111.922679,33.642217]]]}},{"type":"Feature","properties":{"k":"bunker"},"geometry":{"type":"Polygon","coordinates":[[[-111.922947,33.642165],[-111.922919,33.642169],[-111.922909,33.642162],[-111.922903,33.642145],[-111.922919,33.642114],[-111.92294,33.642102],[-111.922994,33.642113],[-111.923018,33.642151],[-111.923016,33.642163],[-111.922997,33.642171],[-111.922983,33.642164],[-111.922977,33.642149],[-111.922965,33.642148],[-111.922947,33.642165]]]}},{"type":"Feature","properties":{"k":"green"},"geometry":{"type":"Polygon","coordinates":[[[-111.922795,33.642432],[-111.922705,33.642431],[-111.922666,33.642419],[-111.922648,33.642401],[-111.922629,33.642358],[-111.922625,33.642327],[-111.922632,33.642296],[-111.922646,33.64228],[-111.922757,33.642241],[-111.922804,33.642195],[-111.922843,33.642177],[-111.922912,33.642177],[-111.922973,33.642189],[-111.923029,33.642237],[-111.923047,33.642266],[-111.923051,33.642327],[-111.923011,33.642364],[-111.92294,33.64239],[-111.922873,33.642429],[-111.922795,33.642432]]]}},{"type":"Feature","properties":{"k":"tee"},"geometry":{"type":"Polygon","coordinates":[[[-111.9236,33.64186],[-111.92357,33.641865],[-111.923546,33.64186],[-111.923515,33.641836],[-111.923464,33.641746],[-111.923467,33.641711],[-111.923491,33.64169],[-111.923508,33.641685],[-111.923561,33.641695],[-111.923624,33.641748],[-111.923635,33.641771],[-111.923638,33.641815],[-111.92363,33.641837],[-111.9236,33.64186]]]}},{"type":"Feature","properties":{"k":"tee"},"geometry":{"type":"Polygon","coordinates":[[[-111.923451,33.641676],[-111.923382,33.641679],[-111.923341,33.641655],[-111.923328,33.641638],[-111.923307,33.641573],[-111.923304,33.641525],[-111.923311,33.641499],[-111.92334,33.641479],[-111.92337,33.641474],[-111.923406,33.641481],[-111.923436,33.6415],[-111.923472,33.641548],[-111.923484,33.641573],[-111.923486,33.64164],[-111.923483,33.641656],[-111.923451,33.641676]]]}},{"type":"Feature","properties":{"k":"tee"},"geometry":{"type":"Polygon","coordinates":[[[-111.923236,33.641419],[-111.923191,33.641419],[-111.923157,33.6414],[-111.923129,33.641334],[-111.923141,33.64129],[-111.923166,33.64128],[-111.92319,33.64128],[-111.923216,33.641288],[-111.923237,33.641308],[-111.923256,33.641351],[-111.923263,33.641389],[-111.923236,33.641419]]]}},{"type":"Feature","properties":{"k":"tee"},"geometry":{"type":"Polygon","coordinates":[[[-111.923277,33.641133],[-111.923254,33.641139],[-111.923224,33.641137],[-111.92321,33.641125],[-111.923203,33.641073],[-111.92322,33.641046],[-111.923261,33.641039],[-111.923296,33.641056],[-111.923308,33.641071],[-111.923308,33.641102],[-111.923277,33.641133]]]}},{"type":"Feature","properties":{"k":"bunker"},"geometry":{"type":"Polygon","coordinates":[[[-111.922474,33.640265],[-111.922473,33.640315],[-111.92245,33.640333],[-111.922434,33.640333],[-111.922396,33.640312],[-111.922373,33.640272],[-111.922309,33.640249],[-111.922305,33.640222],[-111.922327,33.640196],[-111.922364,33.640196],[-111.922401,33.640219],[-111.922453,33.640221],[-111.92247,33.640242],[-111.922474,33.640265]]]}},{"type":"Feature","properties":{"k":"bunker"},"geometry":{"type":"Polygon","coordinates":[[[-111.92058,33.639116],[-111.92053,33.639114],[-111.920525,33.639097],[-111.920494,33.639086],[-111.920483,33.639077],[-111.92048,33.639028],[-111.920494,33.639015],[-111.920517,33.639015],[-111.920535,33.639055],[-111.920566,33.639058],[-111.920579,33.639052],[-111.92058,33.639044],[-111.920547,33.639028],[-111.920543,33.639003],[-111.920575,33.639002],[-111.920589,33.638985],[-111.920609,33.63899],[-111.920638,33.639015],[-111.920648,33.639056],[-111.920633,33.639089],[-111.920603,33.639097],[-111.92058,33.639116]]]}},{"type":"Feature","properties":{"k":"bunker"},"geometry":{"type":"Polygon","coordinates":[[[-111.920405,33.639055],[-111.920393,33.639065],[-111.920356,33.639069],[-111.920336,33.639057],[-111.920337,33.639019],[-111.92035,33.639008],[-111.920367,33.639008],[-111.920405,33.639028],[-111.920405,33.639055]]]}},{"type":"Feature","properties":{"k":"fairway"},"geometry":{"type":"Polygon","coordinates":[[[-111.920196,33.638945],[-111.920125,33.638916],[-111.92011,33.638899],[-111.920107,33.638861],[-111.920131,33.638824],[-111.920231,33.638766],[-111.920299,33.638758],[-111.920423,33.638757],[-111.920649,33.638783],[-111.920683,33.638791],[-111.920859,33.638866],[-111.921128,33.638998],[-111.92137,33.639089],[-111.921499,33.639161],[-111.921537,33.639192],[-111.921792,33.639337],[-111.921865,33.639394],[-111.921963,33.639487],[-111.922113,33.639573],[-111.922234,33.639662],[-111.92233,33.639775],[-111.92241,33.639886],[-111.922591,33.640051],[-111.922677,33.640153],[-111.922701,33.640196],[-111.922708,33.640242],[-111.922705,33.640285],[-111.922669,33.640352],[-111.922643,33.640372],[-111.922578,33.640392],[-111.922534,33.640383],[-111.922508,33.640363],[-111.92248,33.640327],[-111.92248,33.640259],[-111.922467,33.640223],[-111.922332,33.640182],[-111.922255,33.640134],[-111.922157,33.640009],[-111.922026,33.639886],[-111.921883,33.639693],[-111.921739,33.639588],[-111.921564,33.639497],[-111.921376,33.63934],[-111.921284,33.639298],[-111.920712,33.639075],[-111.920656,33.639059],[-111.920641,33.639002],[-111.920607,33.638983],[-111.920564,33.638975],[-111.920575,33.638952],[-111.920569,33.638906],[-111.920534,33.638862],[-111.920499,33.638844],[-111.920251,33.638841],[-111.920215,33.638863],[-111.920186,33.638898],[-111.920186,33.638925],[-111.920196,33.638945]]]}},{"type":"Feature","properties":{"k":"green"},"geometry":{"type":"Polygon","coordinates":[[[-111.920398,33.638997],[-111.920322,33.638968],[-111.920221,33.638954],[-111.920193,33.638939],[-111.920186,33.638898],[-111.9202,33.638876],[-111.920251,33.638841],[-111.920294,33.638839],[-111.920485,33.638841],[-111.920534,33.638862],[-111.920575,33.638921],[-111.920575,33.638952],[-111.920561,33.638978],[-111.920526,33.638995],[-111.920475,33.639007],[-111.920398,33.638997]]]}},{"type":"Feature","properties":{"k":"tee"},"geometry":{"type":"Polygon","coordinates":[[[-111.92038,33.638575],[-111.920392,33.638596],[-111.920378,33.638631],[-111.920357,33.638641],[-111.92031,33.638638],[-111.920223,33.638608],[-111.920105,33.638596],[-111.920073,33.638577],[-111.920061,33.638543],[-111.920096,33.638517],[-111.92012,33.63851],[-111.920164,33.63851],[-111.920285,33.638539],[-111.92038,33.638575]]]}},{"type":"Feature","properties":{"k":"tee"},"geometry":{"type":"Polygon","coordinates":[[[-111.91984,33.638419],[-111.919842,33.638445],[-111.919835,33.63846],[-111.919814,33.638474],[-111.919749,33.638475],[-111.919683,33.638452],[-111.91961,33.63844],[-111.919594,33.638428],[-111.919586,33.638401],[-111.919589,33.638385],[-111.919619,33.638363],[-111.919706,33.638356],[-111.919796,33.638376],[-111.919829,33.638396],[-111.91984,33.638419]]]}},{"type":"Feature","properties":{"k":"tee"},"geometry":{"type":"Polygon","coordinates":[[[-111.919516,33.638358],[-111.919505,33.638372],[-111.919475,33.638381],[-111.919244,33.63837],[-111.919219,33.638361],[-111.919186,33.638331],[-111.919184,33.638295],[-111.919221,33.638264],[-111.919284,33.638253],[-111.919451,33.638272],[-111.919519,33.638309],[-111.919525,33.638328],[-111.919516,33.638358]]]}},{"type":"Feature","properties":{"k":"tee"},"geometry":{"type":"Polygon","coordinates":[[[-111.918908,33.638235],[-111.918877,33.638256],[-111.918837,33.638255],[-111.918806,33.638232],[-111.918804,33.638206],[-111.918825,33.638184],[-111.918876,33.638182],[-111.918907,33.6382],[-111.918915,33.638215],[-111.918908,33.638235]]]}},{"type":"Feature","properties":{"k":"fairway"},"geometry":{"type":"Polygon","coordinates":[[[-111.917863,33.638106],[-111.917884,33.638153],[-111.917887,33.638214],[-111.917872,33.638278],[-111.917848,33.638319],[-111.917798,33.638363],[-111.917726,33.6384],[-111.91759,33.638416],[-111.917402,33.638405],[-111.917262,33.638385],[-111.9172,33.638369],[-111.917128,33.638339],[-111.917061,33.638326],[-111.916859,33.638321],[-111.916739,33.638277],[-111.916608,33.638182],[-111.916569,33.638164],[-111.916528,33.638159],[-111.916464,33.638169],[-111.916355,33.63822],[-111.916272,33.638247],[-111.91609,33.638274],[-111.915823,33.638347],[-111.915769,33.638355],[-111.915652,33.638353],[-111.915592,33.638339],[-111.915469,33.638287],[-111.915403,33.638232],[-111.915382,33.638201],[-111.91537,33.638161],[-111.91535,33.638044],[-111.915358,33.638016],[-111.915397,33.637993],[-111.915465,33.637992],[-111.915809,33.638018],[-111.915988,33.638019],[-111.916062,33.638015],[-111.916293,33.637973],[-111.916396,33.637962],[-111.916487,33.637964],[-111.917571,33.63804],[-111.917696,33.638054],[-111.917776,33.638071],[-111.917863,33.638106]]]}},{"type":"Feature","properties":{"k":"bunker"},"geometry":{"type":"Polygon","coordinates":[[[-111.915007,33.638252],[-111.914987,33.638276],[-111.914958,33.638287],[-111.91486,33.638292],[-111.914745,33.638274],[-111.914734,33.638255],[-111.914738,33.63822],[-111.914779,33.638205],[-111.914815,33.638217],[-111.91483,33.638245],[-111.914875,33.638254],[-111.914879,33.638243],[-111.914836,33.638218],[-111.914836,33.6382],[-111.914847,33.638184],[-111.914887,33.63818],[-111.9149,33.638188],[-111.914938,33.638182],[-111.91498,33.638187],[-111.915003,33.638215],[-111.915007,33.638252]]]}},{"type":"Feature","properties":{"k":"bunker"},"geometry":{"type":"Polygon","coordinates":[[[-111.915055,33.638041],[-111.915038,33.638065],[-111.915011,33.638067],[-111.914963,33.63804],[-111.914954,33.638021],[-111.914969,33.638003],[-111.915004,33.637998],[-111.915049,33.638022],[-111.915055,33.638041]]]}},{"type":"Feature","properties":{"k":"green"},"geometry":{"type":"Polygon","coordinates":[[[-111.915008,33.638097],[-111.915015,33.638136],[-111.915005,33.638157],[-111.914984,33.638167],[-111.914864,33.638176],[-111.914795,33.638197],[-111.914773,33.638197],[-111.914717,33.638174],[-111.91469,33.638143],[-111.914658,33.638074],[-111.914654,33.638039],[-111.91467,33.638],[-111.914709,33.63798],[-111.91476,33.637977],[-111.914837,33.637994],[-111.914951,33.63804],[-111.914999,33.638079],[-111.915008,33.638097]]]}},{"type":"Feature","properties":{"k":"fairway"},"geometry":{"type":"Polygon","coordinates":[[[-111.914987,33.638185],[-111.915055,33.638236],[-111.915112,33.638237],[-111.915133,33.63823],[-111.915158,33.638204],[-111.915172,33.638131],[-111.915163,33.638095],[-111.915141,33.638067],[-111.915115,33.638056],[-111.915088,33.638055],[-111.915005,33.638092],[-111.915015,33.638136],[-111.915005,33.638157],[-111.914984,33.638167],[-111.914987,33.638185]]]}},{"type":"Feature","properties":{"k":"rough"},"geometry":{"type":"Polygon","coordinates":[[[-111.915186,33.638202],[-111.915157,33.638246],[-111.91513,33.638263],[-111.915066,33.638295],[-111.914997,33.638319],[-111.914773,33.638301],[-111.914586,33.63821],[-111.914531,33.638175],[-111.914479,33.638134],[-111.914434,33.638082],[-111.914422,33.638058],[-111.914421,33.638034],[-111.91445,33.637997],[-111.914509,33.637948],[-111.914595,33.637911],[-111.914644,33.637903],[-111.91472,33.637914],[-111.914862,33.637971],[-111.915016,33.637986],[-111.91514,33.638028],[-111.915175,33.638062],[-111.915195,33.638149],[-111.915186,33.638202]]]}},{"type":"Feature","properties":{"k":"water"},"geometry":{"type":"Polygon","coordinates":[[[-111.918974,33.638749],[-111.918954,33.638846],[-111.918858,33.639008],[-111.918833,33.639041],[-111.918797,33.639066],[-111.918757,33.639077],[-111.918734,33.639071],[-111.918707,33.639041],[-111.918698,33.63899],[-111.91878,33.638856],[-111.918813,33.638781],[-111.918814,33.638747],[-111.918791,33.638694],[-111.918743,33.638651],[-111.918661,33.638622],[-111.918608,33.638614],[-111.918536,33.638618],[-111.918348,33.638657],[-111.918222,33.638696],[-111.918183,33.638723],[-111.918112,33.638818],[-111.918076,33.638889],[-111.918003,33.639089],[-111.917948,33.639187],[-111.91791,33.63923],[-111.917793,33.639325],[-111.917614,33.63942],[-111.917499,33.639473],[-111.917317,33.639622],[-111.917195,33.639749],[-111.917076,33.639857],[-111.917028,33.639894],[-111.91698,33.639915],[-111.916941,33.639915],[-111.916922,33.639898],[-111.916909,33.639851],[-111.916906,33.639767],[-111.916867,33.639707],[-111.916794,33.639636],[-111.916754,33.639611],[-111.916655,33.639574],[-111.91647,33.639543],[-111.916385,33.639506],[-111.916365,33.639485],[-111.916335,33.639424],[-111.916331,33.639302],[-111.916301,33.639198],[-111.916273,33.63915],[-111.916245,33.63912],[-111.916106,33.639004],[-111.91598,33.638928],[-111.915836,33.638888],[-111.915748,33.638851],[-111.915609,33.638763],[-111.91549,33.638663],[-111.915315,33.638548],[-111.915172,33.638481],[-111.914924,33.638458],[-111.914749,33.638434],[-111.91467,33.638415],[-111.914521,33.638357],[-111.914381,33.638263],[-111.914326,33.638199],[-111.914291,33.638128],[-111.914269,33.637961],[-111.914286,33.637906],[-111.914312,33.637871],[-111.91434,33.637853],[-111.914429,33.637809],[-111.914524,33.637779],[-111.914554,33.637777],[-111.914538,33.637912],[-111.914526,33.637941],[-111.914486,33.63796],[-111.914429,33.638014],[-111.914422,33.638058],[-111.914434,33.638082],[-111.914479,33.638134],[-111.914531,33.638175],[-111.914586,33.63821],[-111.914746,33.638292],[-111.914773,33.638301],[-111.914997,33.638319],[-111.915098,33.63828],[-111.915157,33.638246],[-111.915176,33.638224],[-111.915192,33.638187],[-111.915195,33.638149],[-111.915175,33.638062],[-111.915161,33.638044],[-111.915114,33.638014],[-111.915046,33.637994],[-111.914987,33.63798],[-111.914862,33.637971],[-111.91472,33.637914],[-111.914644,33.637903],[-111.914595,33.637911],[-111.91459,33.637896],[-111.914603,33.637806],[-111.914613,33.637798],[-111.914635,33.637811],[-111.914692,33.63782],[-111.914774,33.637817],[-111.914843,33.637824],[-111.915157,33.637911],[-111.915248,33.637963],[-111.915302,33.638018],[-111.915338,33.638086],[-111.915388,33.638219],[-111.915441,33.638331],[-111.9155,33.638407],[-111.915533,33.638427],[-111.915569,33.638436],[-111.915761,33.638433],[-111.916086,33.638326],[-111.916295,33.63829],[-111.916358,33.638273],[-111.916549,33.638182],[-111.916576,33.638186],[-111.916693,33.638316],[-111.916761,33.63835],[-111.916855,33.638365],[-111.916989,33.638351],[-111.917043,33.638353],[-111.917267,33.638459],[-111.917375,33.638482],[-111.917531,33.638481],[-111.917731,33.638447],[-111.918007,33.638355],[-111.918168,33.638288],[-111.91832,33.638236],[-111.918381,33.638228],[-111.91844,33.638237],[-111.918623,33.638297],[-111.918722,33.638346],[-111.918838,33.638439],[-111.918949,33.638572],[-111.918948,33.638595],[-111.91897,33.638651],[-111.918974,33.638749]]]}},{"type":"Feature","properties":{"k":"tee"},"geometry":{"type":"Polygon","coordinates":[[[-111.914874,33.637306],[-111.914868,33.63733],[-111.914843,33.637352],[-111.914764,33.637382],[-111.914711,33.63738],[-111.914681,33.637364],[-111.914663,33.637341],[-111.914665,33.637305],[-111.914679,33.637277],[-111.914702,33.637255],[-111.914738,33.637246],[-111.914789,33.637246],[-111.914839,33.63726],[-111.914863,33.637279],[-111.914874,33.637306]]]}},{"type":"Feature","properties":{"k":"tee"},"geometry":{"type":"Polygon","coordinates":[[[-111.914628,33.637343],[-111.91458,33.637387],[-111.914558,33.637395],[-111.914498,33.637396],[-111.91447,33.637388],[-111.914449,33.637369],[-111.914446,33.637335],[-111.914477,33.637293],[-111.914506,33.637223],[-111.914524,33.637206],[-111.914598,33.637202],[-111.91463,33.637213],[-111.91465,33.637238],[-111.914628,33.637343]]]}},{"type":"Feature","properties":{"k":"tee"},"geometry":{"type":"Polygon","coordinates":[[[-111.914401,33.637366],[-111.914369,33.637403],[-111.914339,33.637408],[-111.914303,33.637406],[-111.914277,33.637394],[-111.914257,33.637372],[-111.914243,33.637311],[-111.914246,33.63723],[-111.91427,33.637196],[-111.914304,33.637186],[-111.914395,33.637184],[-111.914439,33.637203],[-111.914451,33.637224],[-111.91445,33.63725],[-111.914422,33.637298],[-111.914401,33.637366]]]}},{"type":"Feature","properties":{"k":"tee"},"geometry":{"type":"Polygon","coordinates":[[[-111.914164,33.637267],[-111.91415,33.637281],[-111.914117,33.637293],[-111.914069,33.637279],[-111.914046,33.637257],[-111.914034,33.637231],[-111.914032,33.637207],[-111.914043,33.637189],[-111.91408,33.637172],[-111.914146,33.637182],[-111.91417,33.637222],[-111.914164,33.637267]]]}},{"type":"Feature","properties":{"k":"rough"},"geometry":{"type":"Polygon","coordinates":[[[-111.914864,33.637352],[-111.914769,33.637392],[-111.91473,33.637392],[-111.91468,33.637376],[-111.914638,33.637373],[-111.914554,33.637404],[-111.914497,33.637404],[-111.914439,33.637393],[-111.91435,33.637412],[-111.914304,33.637413],[-111.914267,33.637399],[-111.914243,33.63737],[-111.914234,33.637325],[-111.914234,33.637238],[-111.914254,33.637198],[-111.914302,33.637175],[-111.914403,33.637175],[-111.914476,33.637207],[-111.914544,33.637188],[-111.914609,33.637195],[-111.914645,33.637209],[-111.914658,33.637226],[-111.914686,33.637241],[-111.914783,33.637241],[-111.914849,33.63726],[-111.914873,33.637278],[-111.914884,33.637304],[-111.914881,33.637331],[-111.914864,33.637352]]]}},{"type":"Feature","properties":{"k":"rough"},"geometry":{"type":"Polygon","coordinates":[[[-111.914117,33.637301],[-111.91407,33.63729],[-111.914024,33.637247],[-111.914025,33.637194],[-111.91404,33.637176],[-111.914064,33.637166],[-111.914114,33.637164],[-111.914144,33.637172],[-111.914164,33.637185],[-111.914179,33.637208],[-111.914176,33.637265],[-111.914153,33.637288],[-111.914117,33.637301]]]}},{"type":"Feature","properties":{"k":"bunker"},"geometry":{"type":"Polygon","coordinates":[[[-111.913435,33.637526],[-111.913403,33.637554],[-111.91338,33.63756],[-111.91335,33.637544],[-111.913343,33.637521],[-111.913381,33.637473],[-111.913419,33.637463],[-111.913431,33.637467],[-111.913441,33.637484],[-111.913435,33.637526]]]}},{"type":"Feature","properties":{"k":"bunker"},"geometry":{"type":"Polygon","coordinates":[[[-111.91328,33.63761],[-111.913261,33.637623],[-111.913238,33.637622],[-111.913207,33.637603],[-111.913207,33.637582],[-111.913234,33.637563],[-111.913255,33.637561],[-111.913281,33.637586],[-111.91328,33.63761]]]}},{"type":"Feature","properties":{"k":"bunker"},"geometry":{"type":"Polygon","coordinates":[[[-111.913124,33.63742],[-111.91311,33.637433],[-111.913093,33.637433],[-111.913057,33.637415],[-111.91305,33.637406],[-111.913053,33.637381],[-111.913079,33.637364],[-111.91311,33.637367],[-111.913121,33.637376],[-111.913124,33.63742]]]}},{"type":"Feature","properties":{"k":"bunker"},"geometry":{"type":"Polygon","coordinates":[[[-111.913384,33.637365],[-111.913355,33.637374],[-111.913329,33.637362],[-111.913329,33.637337],[-111.913338,33.637324],[-111.913373,33.637302],[-111.913388,33.637304],[-111.913407,33.637323],[-111.913408,33.637336],[-111.913384,33.637365]]]}},{"type":"Feature","properties":{"k":"green"},"geometry":{"type":"Polygon","coordinates":[[[-111.913319,33.637512],[-111.91327,33.637536],[-111.913206,33.63755],[-111.913163,33.637583],[-111.913131,33.637598],[-111.913084,33.637597],[-111.913059,33.637588],[-111.913024,33.637566],[-111.91301,33.637537],[-111.913009,33.637514],[-111.913029,33.637483],[-111.913135,33.637428],[-111.913195,33.637367],[-111.913246,33.637352],[-111.913302,33.637358],[-111.91332,33.637367],[-111.913345,33.637392],[-111.91336,33.637422],[-111.91336,33.637451],[-111.913319,33.637512]]]}},{"type":"Feature","properties":{"k":"rough"},"geometry":{"type":"Polygon","coordinates":[[[-111.913568,33.637577],[-111.913517,33.637663],[-111.913496,33.637672],[-111.913393,33.63767],[-111.913305,33.637704],[-111.913176,33.637704],[-111.913134,33.63772],[-111.913069,33.637776],[-111.91297,33.637825],[-111.91283,33.637787],[-111.912725,33.637703],[-111.912704,33.637662],[-111.912703,33.63763],[-111.91272,33.637569],[-111.912814,33.637362],[-111.912912,33.637266],[-111.912917,33.637243],[-111.91291,33.637222],[-111.912883,33.637199],[-111.912849,33.637189],[-111.912722,33.637205],[-111.912298,33.637136],[-111.91224,33.637124],[-111.912196,33.637105],[-111.91215,33.637073],[-111.912128,33.637031],[-111.912099,33.636826],[-111.912106,33.636799],[-111.912126,33.636789],[-111.912226,33.63677],[-111.912346,33.636773],[-111.912643,33.636841],[-111.912838,33.636861],[-111.912968,33.636883],[-111.913075,33.63691],[-111.913249,33.636918],[-111.913342,33.63694],[-111.913383,33.636964],[-111.913419,33.636997],[-111.913464,33.637068],[-111.913494,33.637084],[-111.913544,33.63709],[-111.913513,33.637133],[-111.913512,33.637161],[-111.913521,33.637183],[-111.91356,33.637228],[-111.913665,33.637309],[-111.913683,33.637328],[-111.913702,33.637368],[-111.913706,33.637405],[-111.913697,33.637431],[-111.913603,33.6375],[-111.913583,33.637527],[-111.913568,33.637577]]]}},{"type":"Feature","properties":{"k":"tee"},"geometry":{"type":"Polygon","coordinates":[[[-111.913353,33.637],[-111.913336,33.637023],[-111.913309,33.637036],[-111.913249,33.637038],[-111.913179,33.637012],[-111.913165,33.636986],[-111.913167,33.636963],[-111.913203,33.636939],[-111.913307,33.636943],[-111.91334,33.636959],[-111.913354,33.636982],[-111.913353,33.637]]]}},{"type":"Feature","properties":{"k":"tee"},"geometry":{"type":"Polygon","coordinates":[[[-111.913038,33.636966],[-111.912996,33.637005],[-111.912947,33.637006],[-111.912848,33.636988],[-111.912777,33.636992],[-111.912732,33.636979],[-111.912716,33.636957],[-111.912718,33.63692],[-111.912729,33.636903],[-111.912761,33.63689],[-111.912858,33.636893],[-111.913008,33.636911],[-111.913032,33.636928],[-111.913038,33.636966]]]}},{"type":"Feature","properties":{"k":"tee"},"geometry":{"type":"Polygon","coordinates":[[[-111.91262,33.636904],[-111.912617,33.636956],[-111.912594,33.63698],[-111.912577,33.636985],[-111.912414,33.636981],[-111.912389,33.636975],[-111.912362,33.636935],[-111.91237,33.636889],[-111.912391,33.636862],[-111.91245,33.636839],[-111.912532,33.636846],[-111.912589,33.63686],[-111.912602,33.636866],[-111.91262,33.636904]]]}},{"type":"Feature","properties":{"k":"tee"},"geometry":{"type":"Polygon","coordinates":[[[-111.912305,33.636878],[-111.912298,33.636933],[-111.912288,33.636951],[-111.912265,33.636968],[-111.912204,33.636968],[-111.912167,33.636949],[-111.912148,33.636886],[-111.912154,33.636864],[-111.912194,33.636822],[-111.912249,33.636814],[-111.912276,33.636823],[-111.912288,33.636835],[-111.912305,33.636878]]]}},{"type":"Feature","properties":{"k":"bunker"},"geometry":{"type":"Polygon","coordinates":[[[-111.91116,33.63671],[-111.911131,33.636694],[-111.911123,33.636678],[-111.91113,33.636642],[-111.911147,33.636633],[-111.911209,33.636648],[-111.911224,33.636655],[-111.911232,33.636671],[-111.911221,33.636686],[-111.91116,33.63671]]]}},{"type":"Feature","properties":{"k":"bunker"},"geometry":{"type":"Polygon","coordinates":[[[-111.911032,33.636708],[-111.911032,33.63672],[-111.911018,33.636737],[-111.91098,33.636749],[-111.910954,33.636743],[-111.910949,33.63673],[-111.910961,33.636705],[-111.910952,33.636694],[-111.910939,33.636697],[-111.910922,33.636728],[-111.910893,33.636735],[-111.910876,33.636731],[-111.910858,33.63672],[-111.910843,33.636691],[-111.910836,33.636665],[-111.910841,33.636648],[-111.910852,33.636636],[-111.910882,33.636627],[-111.91091,33.636635],[-111.910955,33.636668],[-111.911003,33.636667],[-111.911019,33.636676],[-111.911032,33.636708]]]}},{"type":"Feature","properties":{"k":"bunker"},"geometry":{"type":"Polygon","coordinates":[[[-111.910528,33.636639],[-111.910515,33.636672],[-111.910499,33.636678],[-111.91045,33.636671],[-111.910361,33.636682],[-111.910339,33.636669],[-111.910334,33.636656],[-111.910339,33.636629],[-111.910401,33.636607],[-111.910453,33.636614],[-111.910497,33.636604],[-111.910522,33.636619],[-111.910528,33.636639]]]}},{"type":"Feature","properties":{"k":"bunker"},"geometry":{"type":"Polygon","coordinates":[[[-111.910696,33.636836],[-111.910674,33.636863],[-111.910639,33.636879],[-111.910619,33.636875],[-111.9106,33.636858],[-111.910603,33.63684],[-111.910621,33.636824],[-111.910653,33.636825],[-111.910682,33.636813],[-111.910695,33.63682],[-111.910696,33.636836]]]}},{"type":"Feature","properties":{"k":"bunker"},"geometry":{"type":"Polygon","coordinates":[[[-111.911118,33.637035],[-111.911109,33.637075],[-111.911059,33.637097],[-111.911039,33.637088],[-111.911024,33.637058],[-111.911031,33.637023],[-111.911016,33.637014],[-111.910973,33.637034],[-111.91092,33.637039],[-111.910874,33.637069],[-111.91084,33.637071],[-111.91081,33.637082],[-111.910771,33.637068],[-111.910727,33.637095],[-111.910681,33.637089],[-111.910658,33.63706],[-111.91067,33.637042],[-111.910702,33.637031],[-111.910807,33.637023],[-111.910865,33.636997],[-111.910903,33.637001],[-111.910932,33.636969],[-111.910964,33.636959],[-111.911005,33.636961],[-111.91105,33.636976],[-111.91109,33.637001],[-111.911118,33.637035]]]}},{"type":"Feature","properties":{"k":"bunker"},"geometry":{"type":"Polygon","coordinates":[[[-111.909877,33.636918],[-111.909854,33.63692],[-111.909829,33.636907],[-111.9098,33.636914],[-111.909782,33.636903],[-111.909779,33.636885],[-111.909792,33.636869],[-111.909816,33.636866],[-111.909836,33.636847],[-111.909851,33.636845],[-111.909894,33.636887],[-111.909894,33.636899],[-111.909877,33.636918]]]}},{"type":"Feature","properties":{"k":"green"},"geometry":{"type":"Polygon","coordinates":[[[-111.909847,33.63703],[-111.909818,33.637032],[-111.909764,33.637017],[-111.909752,33.637006],[-111.909746,33.636969],[-111.909757,33.636946],[-111.909789,33.63693],[-111.909888,33.636924],[-111.909906,33.636902],[-111.909904,33.636812],[-111.909926,33.636789],[-111.909971,33.636783],[-111.910123,33.636797],[-111.910164,33.636807],[-111.910201,33.636831],[-111.910222,33.636869],[-111.910218,33.636959],[-111.910201,33.637005],[-111.910177,33.637034],[-111.910116,33.637059],[-111.910068,33.637059],[-111.909944,33.637014],[-111.909908,33.637014],[-111.909847,33.63703]]]}},{"type":"Feature","properties":{"k":"tee"},"geometry":{"type":"Polygon","coordinates":[[[-111.909357,33.636122],[-111.909355,33.636139],[-111.909334,33.63617],[-111.909287,33.636188],[-111.909242,33.63619],[-111.909182,33.636174],[-111.90916,33.636149],[-111.909159,33.636101],[-111.909182,33.636073],[-111.909246,33.636066],[-111.909333,33.636085],[-111.909357,33.636122]]]}},{"type":"Feature","properties":{"k":"tee"},"geometry":{"type":"Polygon","coordinates":[[[-111.908873,33.636362],[-111.908846,33.63642],[-111.908724,33.636581],[-111.90862,33.6367],[-111.908551,33.636753],[-111.908501,33.63675],[-111.90847,33.636721],[-111.908466,33.636679],[-111.908528,33.636555],[-111.908687,33.636367],[-111.908746,33.636324],[-111.908804,33.636301],[-111.908857,33.63631],[-111.908867,33.636323],[-111.908873,33.636362]]]}},{"type":"Feature","properties":{"k":"tee"},"geometry":{"type":"Polygon","coordinates":[[[-111.908457,33.637079],[-111.908444,33.637095],[-111.908432,33.637098],[-111.908393,33.637095],[-111.908374,33.637068],[-111.908377,33.637043],[-111.908409,33.63702],[-111.908438,33.637021],[-111.908458,33.637041],[-111.908457,33.637079]]]}},{"type":"Feature","properties":{"k":"bunker"},"geometry":{"type":"Polygon","coordinates":[[[-111.908698,33.637721],[-111.908642,33.637707],[-111.908627,33.637691],[-111.908625,33.637654],[-111.908636,33.637636],[-111.908681,33.637617],[-111.908676,33.637592],[-111.908652,33.637573],[-111.908651,33.637537],[-111.908665,33.637522],[-111.9087,33.637516],[-111.908727,33.637528],[-111.908737,33.637559],[-111.908718,33.637614],[-111.90873,33.637691],[-111.908717,33.637713],[-111.908698,33.637721]]]}},{"type":"Feature","properties":{"k":"bunker"},"geometry":{"type":"Polygon","coordinates":[[[-111.90835,33.638442],[-111.908321,33.638449],[-111.908248,33.638431],[-111.90824,33.638408],[-111.908269,33.638364],[-111.908266,33.638346],[-111.908252,33.63834],[-111.908235,33.638344],[-111.908224,33.638385],[-111.9082,33.638387],[-111.908185,33.638372],[-111.908185,33.638346],[-111.908146,33.638332],[-111.908145,33.638296],[-111.908163,33.638284],[-111.908234,33.638273],[-111.908273,33.638256],[-111.908305,33.638261],[-111.908322,33.638275],[-111.908337,33.638305],[-111.908335,33.638329],[-111.908318,33.638366],[-111.908364,33.638407],[-111.908363,33.638426],[-111.90835,33.638442]]]}},{"type":"Feature","properties":{"k":"bunker"},"geometry":{"type":"Polygon","coordinates":[[[-111.908354,33.638666],[-111.908344,33.638691],[-111.908286,33.638695],[-111.90827,33.638689],[-111.908272,33.638644],[-111.908283,33.638628],[-111.908307,33.638617],[-111.908341,33.638627],[-111.908354,33.638666]]]}},{"type":"Feature","properties":{"k":"bunker"},"geometry":{"type":"Polygon","coordinates":[[[-111.90837,33.638764],[-111.908362,33.638787],[-111.908316,33.638791],[-111.908305,33.638773],[-111.90831,33.638746],[-111.908331,33.638738],[-111.908358,33.638743],[-111.90837,33.638764]]]}},{"type":"Feature","properties":{"k":"bunker"},"geometry":{"type":"Polygon","coordinates":[[[-111.908744,33.639595],[-111.908736,33.63961],[-111.908711,33.639612],[-111.908698,33.639599],[-111.908696,33.63958],[-111.908709,33.63957],[-111.90873,33.639569],[-111.908741,33.639577],[-111.908744,33.639595]]]}},{"type":"Feature","properties":{"k":"bunker"},"geometry":{"type":"Polygon","coordinates":[[[-111.908518,33.63967],[-111.908504,33.639689],[-111.908487,33.63969],[-111.908472,33.639666],[-111.908489,33.639647],[-111.908506,33.639645],[-111.908517,33.639653],[-111.908518,33.63967]]]}},{"type":"Feature","properties":{"k":"bunker"},"geometry":{"type":"Polygon","coordinates":[[[-111.908471,33.639643],[-111.908459,33.639658],[-111.90846,33.639723],[-111.908447,33.639737],[-111.908419,33.639749],[-111.908396,33.639749],[-111.908374,33.639737],[-111.908359,33.639702],[-111.908368,33.639683],[-111.908402,33.63966],[-111.908395,33.639604],[-111.908413,33.639575],[-111.908442,33.639559],[-111.908475,33.63956],[-111.908513,33.639588],[-111.908512,33.639622],[-111.908471,33.639643]]]}},{"type":"Feature","properties":{"k":"green"},"geometry":{"type":"Polygon","coordinates":[[[-111.908615,33.639801],[-111.908564,33.639843],[-111.908536,33.639851],[-111.908497,33.639849],[-111.908457,33.639821],[-111.908452,33.639773],[-111.908472,33.639735],[-111.908527,33.639671],[-111.908534,33.63959],[-111.908552,33.639548],[-111.90858,33.639521],[-111.908631,33.639516],[-111.908668,33.639534],[-111.908699,33.639618],[-111.908773,33.639668],[-111.908782,33.639721],[-111.908763,33.639753],[-111.908738,33.63977],[-111.908615,33.639801]]]}},{"type":"Feature","properties":{"k":"water"},"geometry":{"type":"Polygon","coordinates":[[[-111.909117,33.637505],[-111.909069,33.637593],[-111.909051,33.637659],[-111.909031,33.637856],[-111.909021,33.637882],[-111.909016,33.638018],[-111.908991,33.638214],[-111.908956,33.638329],[-111.908904,33.638445],[-111.90883,33.63852],[-111.908787,33.638538],[-111.908725,33.638537],[-111.908697,33.638514],[-111.908688,33.638473],[-111.908692,33.638435],[-111.908788,33.638116],[-111.908814,33.63798],[-111.908795,33.637825],[-111.908774,33.637748],[-111.908779,33.637512],[-111.908739,33.637424],[-111.908562,33.637133],[-111.908515,33.637036],[-111.908509,33.63698],[-111.90853,33.636926],[-111.908561,33.636889],[-111.908763,33.636704],[-111.908806,33.636652],[-111.908835,33.636608],[-111.908875,33.636512],[-111.908924,33.636449],[-111.909082,33.636353],[-111.909168,33.636324],[-111.909251,33.636311],[-111.909319,33.636326],[-111.909352,33.636343],[-111.909395,33.636383],[-111.909468,33.636476],[-111.909607,33.636626],[-111.909649,33.636711],[-111.909662,33.636758],[-111.909683,33.636962],[-111.909693,33.637004],[-111.909737,33.63705],[-111.909755,33.637062],[-111.9098,33.637071],[-111.909988,33.637062],[-111.910108,33.637103],[-111.910146,33.637098],[-111.910235,33.637062],[-111.910253,33.637063],[-111.910339,33.637089],[-111.910349,33.637113],[-111.910343,33.637127],[-111.910314,33.637147],[-111.910223,33.6372],[-111.910154,33.637232],[-111.910052,33.637259],[-111.909952,33.63725],[-111.909673,33.637158],[-111.909629,33.637154],[-111.909569,33.637161],[-111.909502,33.637182],[-111.909424,33.637211],[-111.909285,33.637304],[-111.909167,33.637418],[-111.909117,33.637505]]]}},{"type":"Feature","properties":{"k":"rough"},"geometry":{"type":"Polygon","coordinates":[[[-111.922918,33.641902],[-111.922982,33.641968],[-111.923041,33.642014],[-111.923168,33.642131],[-111.923212,33.642144],[-111.923244,33.642144],[-111.923282,33.642134],[-111.923315,33.642106],[-111.923413,33.641998],[-111.92344,33.641942],[-111.923456,33.641858],[-111.923341,33.641722],[-111.923295,33.641733],[-111.923216,33.641732],[-111.923197,33.641726],[-111.923179,33.641706],[-111.923157,33.641585],[-111.923083,33.641535],[-111.923069,33.641517],[-111.923057,33.641471],[-111.922994,33.641481],[-111.922901,33.641516],[-111.9229,33.641576],[-111.922916,33.64162],[-111.922918,33.641902]]]}},{"type":"Feature","properties":{"k":"rough"},"geometry":{"type":"Polygon","coordinates":[[[-111.918482,33.638628],[-111.918473,33.638658],[-111.91842,33.638725],[-111.918392,33.638744],[-111.918335,33.638766],[-111.918311,33.638785],[-111.918245,33.638899],[-111.918135,33.638991],[-111.918098,33.639054],[-111.91809,33.639123],[-111.918124,33.639193],[-111.918178,33.639236],[-111.918256,33.639263],[-111.918346,33.639274],[-111.918414,33.639263],[-111.918446,33.63925],[-111.91852,33.639201],[-111.918665,33.639132],[-111.918697,33.63912],[-111.918805,33.639103],[-111.918861,33.639102],[-111.918986,33.639118],[-111.919144,33.63919],[-111.919225,33.639188],[-111.919393,33.639142],[-111.919284,33.639055],[-111.919257,33.63904],[-111.91918,33.639017],[-111.919117,33.638965],[-111.919051,33.63893],[-111.919032,33.638894],[-111.919034,33.638876],[-111.919048,33.638859],[-111.919096,33.638843],[-111.919208,33.638866],[-111.919283,33.6389],[-111.91933,33.638971],[-111.919379,33.639018],[-111.919442,33.639064],[-111.919501,33.639092],[-111.919561,33.639097],[-111.919613,33.639119],[-111.91966,33.639124],[-111.919841,33.639128],[-111.919983,33.639116],[-111.920047,33.639101],[-111.920058,33.63909],[-111.920048,33.639054],[-111.920003,33.638975],[-111.919973,33.638903],[-111.919923,33.638729],[-111.919935,33.638639],[-111.919996,33.638509],[-111.919979,33.638444],[-111.919927,33.638399],[-111.919897,33.638385],[-111.919727,33.63834],[-111.919622,33.638321],[-111.919513,33.638268],[-111.919425,33.638239],[-111.919087,33.638205],[-111.91872,33.638119],[-111.918716,33.638177],[-111.918735,33.638223],[-111.918774,33.638261],[-111.918796,33.638273],[-111.918903,33.638291],[-111.918999,33.638327],[-111.919123,33.638355],[-111.919166,33.638379],[-111.919207,33.638437],[-111.919208,33.638463],[-111.919199,33.63848],[-111.919117,33.638494],[-111.91907,33.638513],[-111.918978,33.638594],[-111.918967,33.638637],[-111.918974,33.638749],[-111.918954,33.638846],[-111.918858,33.639008],[-111.918833,33.639041],[-111.918797,33.639066],[-111.918757,33.639077],[-111.918734,33.639071],[-111.918707,33.639041],[-111.918698,33.639017],[-111.918706,33.638969],[-111.91878,33.638856],[-111.918813,33.638781],[-111.918814,33.638747],[-111.918791,33.638694],[-111.918743,33.638651],[-111.918661,33.638622],[-111.918608,33.638614],[-111.918482,33.638628]]]}},{"type":"Feature","properties":{"k":"sand"},"geometry":{"type":"Polygon","coordinates":[[[-111.923341,33.641101],[-111.923317,33.641123],[-111.923267,33.641146],[-111.923195,33.641157],[-111.923184,33.641181],[-111.923211,33.64125],[-111.923289,33.641346],[-111.923562,33.641616],[-111.923608,33.64164],[-111.92364,33.64164],[-111.923669,33.641609],[-111.923662,33.641573],[-111.923629,33.641532],[-111.923556,33.64147],[-111.923519,33.641397],[-111.923489,33.641367],[-111.923432,33.641334],[-111.923409,33.64125],[-111.923408,33.641129],[-111.923399,33.641103],[-111.923367,33.641083],[-111.923354,33.641086],[-111.923341,33.641101]]]}},{"type":"Feature","properties":{"k":"rough"},"geometry":{"type":"Polygon","coordinates":[[[-111.914613,33.637798],[-111.914755,33.637711],[-111.914815,33.637691],[-111.914902,33.637681],[-111.915339,33.637688],[-111.915536,33.637748],[-111.915715,33.637841],[-111.91582,33.63788],[-111.915864,33.637879],[-111.916132,33.637838],[-111.916278,33.637825],[-111.916394,33.637825],[-111.916432,33.637848],[-111.91649,33.637907],[-111.916528,33.63792],[-111.916716,33.637934],[-111.916924,33.637983],[-111.917018,33.63798],[-111.917046,33.637966],[-111.917063,33.637942],[-111.917066,33.63788],[-111.917172,33.637892],[-111.91734,33.637921],[-111.917536,33.637976],[-111.917674,33.638006],[-111.917717,33.638007],[-111.917784,33.637995],[-111.917809,33.638019],[-111.91789,33.638047],[-111.917976,33.638053],[-111.9181,33.638033],[-111.918194,33.638041],[-111.918234,33.638058],[-111.918263,33.638086],[-111.91828,33.638112],[-111.918291,33.638154],[-111.918262,33.638229],[-111.91824,33.638252],[-111.918118,33.638313],[-111.91778,33.638435],[-111.917531,33.638481],[-111.917375,33.638482],[-111.917305,33.638469],[-111.917232,33.638444],[-111.917139,33.638394],[-111.917043,33.638353],[-111.916989,33.638351],[-111.916855,33.638365],[-111.916761,33.63835],[-111.916693,33.638316],[-111.916576,33.638186],[-111.916549,33.638182],[-111.916358,33.638273],[-111.916295,33.63829],[-111.916086,33.638326],[-111.915761,33.638433],[-111.915569,33.638436],[-111.915533,33.638427],[-111.9155,33.638407],[-111.915441,33.638331],[-111.915388,33.638219],[-111.915338,33.638086],[-111.915302,33.638018],[-111.915228,33.637948],[-111.915124,33.6379],[-111.914843,33.637824],[-111.914774,33.637817],[-111.914692,33.63782],[-111.914635,33.637811],[-111.914613,33.637798]]]}},{"type":"Feature","properties":{"k":"rough"},"geometry":{"type":"Polygon","coordinates":[[[-111.911573,33.638042],[-111.911421,33.638164],[-111.911212,33.638417],[-111.911147,33.638539],[-111.911079,33.638729],[-111.911002,33.638907],[-111.910899,33.639022],[-111.9108,33.639085],[-111.910709,33.639119],[-111.910573,33.639134],[-111.910456,33.639161],[-111.910367,33.639145],[-111.910268,33.639148],[-111.910219,33.639165],[-111.910122,33.639308],[-111.910047,33.639344],[-111.909973,33.639376],[-111.909792,33.639413],[-111.909669,33.639474],[-111.909592,33.639482],[-111.909575,33.639472],[-111.909562,33.639433],[-111.909564,33.639401],[-111.909734,33.639177],[-111.909755,33.63914],[-111.909785,33.638995],[-111.909805,33.63896],[-111.909981,33.638904],[-111.910061,33.638889],[-111.910107,33.638866],[-111.910143,33.638831],[-111.910163,33.638796],[-111.910255,33.638731],[-111.910371,33.638691],[-111.910478,33.638674],[-111.910535,33.638658],[-111.910586,33.638629],[-111.91061,33.638595],[-111.910633,33.638537],[-111.910656,33.638512],[-111.910718,33.638478],[-111.910764,33.638432],[-111.910781,33.638391],[-111.910771,33.638348],[-111.911013,33.638152],[-111.911444,33.637885],[-111.911543,33.637847],[-111.911587,33.63784],[-111.911632,33.637847],[-111.911697,33.637876],[-111.91172,33.637896],[-111.91166,33.637942],[-111.911573,33.638042]]]}},{"type":"Feature","properties":{"k":"rough"},"geometry":{"type":"Polygon","coordinates":[[[-111.909612,33.63659],[-111.909607,33.636626],[-111.909649,33.636711],[-111.909672,33.63681],[-111.909679,33.636938],[-111.909693,33.637004],[-111.909726,33.637041],[-111.909776,33.637068],[-111.909849,33.637071],[-111.909936,33.637061],[-111.909988,33.637062],[-111.910108,33.637103],[-111.910146,33.637098],[-111.910235,33.637062],[-111.910274,33.637067],[-111.91032,33.63708],[-111.910348,33.637103],[-111.910343,33.637127],[-111.910314,33.637147],[-111.910426,33.637182],[-111.910565,33.637162],[-111.910644,33.637124],[-111.910692,33.637112],[-111.910856,33.637096],[-111.910979,33.637059],[-111.911004,33.637066],[-111.911032,33.637097],[-111.911055,33.637109],[-111.911143,33.637112],[-111.911276,33.637162],[-111.911438,33.637137],[-111.911569,33.637133],[-111.911617,33.637118],[-111.911687,33.63708],[-111.911747,33.637025],[-111.911786,33.637],[-111.911834,33.636984],[-111.911918,33.636978],[-111.911987,33.636958],[-111.912011,33.63697],[-111.912033,33.637022],[-111.912038,33.637065],[-111.912009,33.637081],[-111.911944,33.637148],[-111.911922,33.637191],[-111.911886,33.637229],[-111.911837,33.637251],[-111.911735,33.637276],[-111.911551,33.637338],[-111.911498,33.637345],[-111.911357,33.63729],[-111.911307,33.637283],[-111.911239,33.637298],[-111.911118,33.637308],[-111.911004,33.637334],[-111.910844,33.637313],[-111.910752,33.637342],[-111.910666,33.637382],[-111.91057,33.637448],[-111.91054,33.637487],[-111.910516,33.637538],[-111.910505,33.637628],[-111.910339,33.637852],[-111.910262,33.638012],[-111.91016,33.63819],[-111.910157,33.638261],[-111.910142,33.638295],[-111.910051,33.638426],[-111.910048,33.638485],[-111.910058,33.638515],[-111.910152,33.638652],[-111.910256,33.638607],[-111.910462,33.638549],[-111.91053,33.638519],[-111.910603,33.638466],[-111.910748,33.638323],[-111.911015,33.638106],[-111.911324,33.637915],[-111.911513,33.637822],[-111.911555,33.63781],[-111.911623,33.637808],[-111.911851,33.637902],[-111.912054,33.637956],[-111.912101,33.637957],[-111.912143,33.637935],[-111.912189,33.637874],[-111.912236,33.637829],[-111.912304,33.637788],[-111.912385,33.63777],[-111.912426,33.637769],[-111.912558,33.637784],[-111.91263,33.637761],[-111.912659,33.637696],[-111.912672,33.637598],[-111.912768,33.637384],[-111.912788,33.637298],[-111.91278,33.637271],[-111.912762,33.637255],[-111.912702,33.637229],[-111.912619,33.63721],[-111.912283,33.637163],[-111.912196,33.637138],[-111.912138,33.637107],[-111.9121,33.637058],[-111.912088,33.637023],[-111.912068,33.636845],[-111.912047,33.636811],[-111.911908,33.636829],[-111.911828,33.636831],[-111.911743,33.636828],[-111.911595,33.636802],[-111.911386,33.636735],[-111.911198,33.636621],[-111.910976,33.636587],[-111.910812,33.636548],[-111.910441,33.636557],[-111.910185,33.636573],[-111.909963,33.636622],[-111.909893,33.636631],[-111.909697,33.636623],[-111.909639,33.636608],[-111.909612,33.63659]]]}},{"type":"Feature","properties":{"k":"rough"},"geometry":{"type":"Polygon","coordinates":[[[-111.913516,33.63839],[-111.913567,33.638332],[-111.913583,33.638298],[-111.913588,33.63828],[-111.913556,33.638228],[-111.913496,33.638172],[-111.913316,33.63813],[-111.913341,33.638173],[-111.913359,33.638243],[-111.913394,33.638293],[-111.913443,33.638341],[-111.913516,33.63839]]]}},{"type":"Feature","properties":{"k":"rough"},"geometry":{"type":"Polygon","coordinates":[[[-111.909512,33.640467],[-111.909495,33.640484],[-111.909471,33.640488],[-111.909398,33.640468],[-111.909393,33.640446],[-111.909292,33.640269],[-111.909274,33.64022],[-111.90934,33.640204],[-111.909325,33.640161],[-111.909433,33.640122],[-111.909472,33.640097],[-111.909523,33.640043],[-111.90954,33.64001],[-111.909556,33.640002],[-111.909584,33.640006],[-111.909604,33.640024],[-111.909726,33.640172],[-111.909744,33.640204],[-111.909741,33.640245],[-111.909725,33.640282],[-111.909662,33.640353],[-111.909512,33.640467]]]}},{"type":"Feature","properties":{"k":"rough"},"geometry":{"type":"Polygon","coordinates":[[[-111.909075,33.640143],[-111.909014,33.640127],[-111.90892,33.640116],[-111.908644,33.640121],[-111.908568,33.640112],[-111.908472,33.640077],[-111.908048,33.639801],[-111.908018,33.639812],[-111.907991,33.639834],[-111.907965,33.639908],[-111.907939,33.639952],[-111.907945,33.640002],[-111.90797,33.640063],[-111.907964,33.640186],[-111.908011,33.640281],[-111.908108,33.640434],[-111.908144,33.640412],[-111.908217,33.640485],[-111.908232,33.640473],[-111.908311,33.640547],[-111.908386,33.640601],[-111.908474,33.640646],[-111.908485,33.640629],[-111.908479,33.640591],[-111.908396,33.640524],[-111.908366,33.640487],[-111.908393,33.640417],[-111.90848,33.640445],[-111.908496,33.640397],[-111.908555,33.640413],[-111.908576,33.640368],[-111.90862,33.640376],[-111.908637,33.64033],[-111.908751,33.640354],[-111.90877,33.640306],[-111.908854,33.640326],[-111.908866,33.640307],[-111.908914,33.640318],[-111.908919,33.640302],[-111.908982,33.640287],[-111.909041,33.640328],[-111.909029,33.640346],[-111.909059,33.640358],[-111.90904,33.640418],[-111.909099,33.640432],[-111.909111,33.640372],[-111.909156,33.640379],[-111.909166,33.640345],[-111.909141,33.640305],[-111.909085,33.640242],[-111.90907,33.640213],[-111.909068,33.640168],[-111.909075,33.640143]]]}},{"type":"Feature","properties":{"k":"rough"},"geometry":{"type":"Polygon","coordinates":[[[-111.908229,33.639835],[-111.908141,33.639793],[-111.908053,33.639737],[-111.907975,33.639674],[-111.907917,33.639587],[-111.907856,33.639451],[-111.907799,33.639189],[-111.907803,33.639105],[-111.907829,33.639065],[-111.907842,33.638978],[-111.907835,33.637836],[-111.907822,33.637661],[-111.907847,33.637113],[-111.90785,33.636852],[-111.907872,33.636562],[-111.907857,33.636525],[-111.907869,33.636387],[-111.90786,33.636348],[-111.907878,33.636285],[-111.907913,33.636217],[-111.908058,33.63608],[-111.908197,33.635993],[-111.908293,33.635951],[-111.908436,33.635911],[-111.90861,33.63591],[-111.909003,33.635975],[-111.909088,33.635994],[-111.909146,33.63603],[-111.909405,33.636075],[-111.909582,33.63608],[-111.909574,33.636115],[-111.909582,33.636154],[-111.909603,33.636192],[-111.909633,33.63621],[-111.909676,33.636217],[-111.909735,33.636211],[-111.909791,33.636192],[-111.910035,33.63619],[-111.910225,33.636177],[-111.910585,33.636107],[-111.911594,33.63638],[-111.911997,33.636541],[-111.912021,33.636627],[-111.912031,33.636702],[-111.911989,33.63671],[-111.911904,33.636711],[-111.911857,33.6367],[-111.911683,33.636598],[-111.911457,33.636551],[-111.911242,33.636483],[-111.911164,33.636471],[-111.911037,33.636414],[-111.910881,33.636396],[-111.910753,33.636365],[-111.910699,33.636365],[-111.910659,33.636369],[-111.91061,33.636392],[-111.910552,33.636445],[-111.910535,33.636471],[-111.91053,33.636535],[-111.910276,33.636541],[-111.91017,33.636552],[-111.909958,33.636598],[-111.909865,33.636606],[-111.909694,33.636591],[-111.909656,33.636577],[-111.909628,33.636555],[-111.909561,33.636483],[-111.909428,33.636311],[-111.909371,33.636267],[-111.909328,33.636249],[-111.909174,33.636227],[-111.909085,33.636194],[-111.909029,33.636182],[-111.908981,33.63618],[-111.908878,33.636201],[-111.908708,33.63628],[-111.908556,33.636392],[-111.908508,33.636444],[-111.908435,33.636415],[-111.90838,33.636409],[-111.908298,33.636424],[-111.908257,33.636443],[-111.908228,33.63647],[-111.908212,33.63651],[-111.908198,33.636587],[-111.908198,33.636659],[-111.908238,33.636762],[-111.908244,33.636802],[-111.908241,33.636841],[-111.908188,33.636958],[-111.908187,33.636983],[-111.908195,33.637001],[-111.90823,33.637009],[-111.908338,33.636976],[-111.908308,33.637048],[-111.90818,33.637253],[-111.908095,33.637478],[-111.908066,33.637623],[-111.908017,33.638022],[-111.908018,33.638087],[-111.908048,33.638306],[-111.908144,33.638555],[-111.908156,33.638721],[-111.908183,33.638896],[-111.908321,33.639304],[-111.908343,33.639396],[-111.908342,33.63951],[-111.908326,33.639631],[-111.908258,33.639809],[-111.908229,33.639835]]]}},{"type":"Feature","properties":{"k":"rough"},"geometry":{"type":"Polygon","coordinates":[[[-111.909025,33.636211],[-111.908946,33.636216],[-111.908889,33.636232],[-111.908825,33.636254],[-111.908764,33.636286],[-111.908632,33.63637],[-111.908541,33.636454],[-111.908513,33.636493],[-111.908426,33.636705],[-111.908386,33.63693],[-111.908364,33.637011],[-111.908347,33.637052],[-111.908228,33.63723],[-111.908185,33.637322],[-111.908126,33.637483],[-111.908095,33.637651],[-111.908053,33.638009],[-111.908055,33.638116],[-111.908088,33.638323],[-111.908161,33.638485],[-111.908183,33.638561],[-111.908198,33.638801],[-111.908217,33.638883],[-111.908361,33.639322],[-111.908379,33.639403],[-111.908376,33.639564],[-111.90836,33.639641],[-111.90829,33.639857],[-111.9083,33.639888],[-111.908388,33.639957],[-111.908483,33.640014],[-111.90859,33.640052],[-111.90865,33.640062],[-111.90886,33.640056],[-111.908985,33.640064],[-111.909112,33.640086],[-111.909211,33.640113],[-111.909265,33.640115],[-111.909335,33.640098],[-111.909389,33.64007],[-111.909434,33.640038],[-111.909473,33.639998],[-111.909491,33.639964],[-111.909495,33.639928],[-111.909482,33.639881],[-111.909447,33.639824],[-111.909402,33.639819],[-111.909345,33.639784],[-111.909308,33.639735],[-111.909304,33.639691],[-111.909334,33.639631],[-111.909375,33.639601],[-111.909412,33.639591],[-111.909469,33.639528],[-111.909483,33.639503],[-111.909497,33.639359],[-111.909512,33.639308],[-111.909634,33.639176],[-111.909668,33.639124],[-111.909705,33.638979],[-111.909716,33.638831],[-111.909748,33.63868],[-111.909668,33.638644],[-111.909664,33.638593],[-111.909671,33.638539],[-111.909736,33.638299],[-111.909728,33.638269],[-111.909676,33.638188],[-111.909649,33.638127],[-111.909572,33.637998],[-111.909512,33.637949],[-111.909448,33.637931],[-111.909326,33.637921],[-111.90929,33.637901],[-111.909281,33.637883],[-111.909276,33.637775],[-111.909283,33.637718],[-111.909302,33.637661],[-111.909356,33.637559],[-111.909373,33.637467],[-111.909427,33.637384],[-111.909547,33.637405],[-111.909796,33.637466],[-111.909931,33.637535],[-111.909983,33.637541],[-111.910129,33.637519],[-111.910227,33.637491],[-111.910249,33.637478],[-111.910308,33.637403],[-111.910302,33.637363],[-111.910266,33.637313],[-111.91021,33.637276],[-111.910058,33.637267],[-111.910052,33.637259],[-111.909952,33.63725],[-111.909673,33.637158],[-111.909629,33.637154],[-111.909569,33.637161],[-111.909502,33.637182],[-111.909424,33.637211],[-111.909336,33.637266],[-111.909285,33.637304],[-111.909167,33.637418],[-111.909069,33.637593],[-111.909051,33.637659],[-111.909031,33.637856],[-111.909021,33.637882],[-111.909016,33.638018],[-111.908991,33.638214],[-111.908956,33.638329],[-111.908904,33.638445],[-111.90883,33.63852],[-111.908805,33.638531],[-111.908742,33.638541],[-111.90871,33.638526],[-111.908691,33.638495],[-111.908692,33.638435],[-111.908788,33.638116],[-111.908814,33.63798],[-111.908795,33.637825],[-111.908774,33.637748],[-111.908779,33.637512],[-111.908739,33.637424],[-111.908562,33.637133],[-111.90851,33.637014],[-111.908458,33.636977],[-111.908454,33.63695],[-111.908478,33.63691],[-111.908482,33.636865],[-111.908514,33.636834],[-111.908534,33.636782],[-111.908625,33.636724],[-111.908673,33.636659],[-111.908742,33.636604],[-111.90877,33.636552],[-111.908833,33.636478],[-111.908883,33.63639],[-111.908931,33.63635],[-111.908984,33.636258],[-111.909025,33.636211]]]}},{"type":"Feature","properties":{"k":"rough"},"geometry":{"type":"Polygon","coordinates":[[[-111.912526,33.640701],[-111.912142,33.640732],[-111.912097,33.640732],[-111.912061,33.640723],[-111.911924,33.64065],[-111.911734,33.640619],[-111.911555,33.640513],[-111.911455,33.640496],[-111.911389,33.640474],[-111.911353,33.640455],[-111.911267,33.640363],[-111.91125,33.640331],[-111.91125,33.640298],[-111.911271,33.640278],[-111.911307,33.640265],[-111.911467,33.640266],[-111.911568,33.640294],[-111.911867,33.640412],[-111.912039,33.640496],[-111.912259,33.640584],[-111.912399,33.640592],[-111.912498,33.640629],[-111.912525,33.640658],[-111.912526,33.640701]]]}},{"type":"Feature","properties":{"k":"rough"},"geometry":{"type":"Polygon","coordinates":[[[-111.911273,33.638441],[-111.91119,33.638586],[-111.911143,33.638708],[-111.911162,33.638713],[-111.911063,33.638931],[-111.911048,33.638927],[-111.911009,33.638995],[-111.910884,33.639107],[-111.910837,33.639131],[-111.91073,33.639157],[-111.910606,33.639159],[-111.910534,33.639178],[-111.910482,33.639208],[-111.910482,33.639236],[-111.91046,33.63928],[-111.910526,33.63944],[-111.910543,33.639508],[-111.910528,33.63964],[-111.910496,33.639689],[-111.910437,33.639718],[-111.910237,33.639766],[-111.909862,33.63984],[-111.909718,33.639878],[-111.909679,33.639909],[-111.909657,33.639944],[-111.909653,33.639986],[-111.909668,33.640029],[-111.909764,33.640144],[-111.909845,33.640169],[-111.909952,33.640173],[-111.910235,33.640097],[-111.910355,33.640073],[-111.910492,33.640051],[-111.910702,33.640033],[-111.910839,33.640048],[-111.91108,33.640115],[-111.911136,33.640123],[-111.911242,33.640121],[-111.911357,33.640104],[-111.91141,33.640104],[-111.911511,33.640117],[-111.911882,33.640225],[-111.912093,33.640315],[-111.912277,33.640376],[-111.912725,33.640443],[-111.912854,33.640448],[-111.913523,33.640385],[-111.913811,33.640416],[-111.914039,33.640415],[-111.9141,33.640422],[-111.914327,33.640483],[-111.914943,33.640558],[-111.915007,33.640551],[-111.915095,33.640503],[-111.915137,33.640465],[-111.91515,33.640438],[-111.915148,33.640411],[-111.91498,33.640185],[-111.914918,33.640049],[-111.914889,33.639951],[-111.914892,33.639897],[-111.914904,33.639857],[-111.915041,33.639527],[-111.915048,33.639438],[-111.91503,33.639387],[-111.914987,33.639353],[-111.914475,33.639158],[-111.914426,33.639133],[-111.914325,33.63903],[-111.914284,33.638939],[-111.914252,33.638967],[-111.914196,33.638994],[-111.914109,33.638994],[-111.914052,33.638973],[-111.913944,33.63889],[-111.91389,33.638864],[-111.913803,33.638843],[-111.91363,33.638782],[-111.913544,33.638765],[-111.913479,33.638761],[-111.913444,33.638743],[-111.913398,33.638681],[-111.913388,33.638644],[-111.913389,33.638604],[-111.91341,33.638553],[-111.91346,33.638483],[-111.913495,33.638416],[-111.913408,33.638358],[-111.913363,33.638314],[-111.91333,33.638258],[-111.913287,33.638147],[-111.913229,33.638098],[-111.913056,33.638026],[-111.912837,33.637905],[-111.912718,33.637854],[-111.912656,33.637841],[-111.912544,33.637837],[-111.912458,33.637814],[-111.91235,33.637815],[-111.912263,33.637854],[-111.912201,33.637916],[-111.912233,33.637933],[-111.91225,33.638063],[-111.912214,33.638087],[-111.912079,33.638024],[-111.912036,33.637988],[-111.911844,33.637935],[-111.911765,33.637934],[-111.911723,33.637966],[-111.91153,33.638164],[-111.911401,33.638272],[-111.911273,33.638441]]]}},{"type":"Feature","properties":{"k":"rough"},"geometry":{"type":"Polygon","coordinates":[[[-111.914306,33.638159],[-111.914206,33.638167],[-111.914147,33.638154],[-111.91404,33.638332],[-111.91403,33.638358],[-111.914037,33.638413],[-111.914105,33.638543],[-111.914171,33.638553],[-111.914245,33.638583],[-111.914755,33.638955],[-111.914854,33.639017],[-111.91517,33.63911],[-111.915406,33.639164],[-111.915534,33.639197],[-111.915565,33.639212],[-111.915625,33.639256],[-111.91583,33.639456],[-111.916198,33.639887],[-111.91628,33.63995],[-111.91637,33.639986],[-111.916577,33.640022],[-111.91671,33.640032],[-111.916831,33.64002],[-111.916911,33.640027],[-111.916904,33.639979],[-111.916929,33.639905],[-111.916909,33.639851],[-111.916906,33.639767],[-111.916867,33.639707],[-111.916794,33.639636],[-111.916703,33.639588],[-111.916655,33.639574],[-111.91647,33.639543],[-111.916385,33.639506],[-111.916365,33.639485],[-111.916335,33.639424],[-111.916331,33.639302],[-111.916301,33.639198],[-111.916273,33.63915],[-111.916245,33.63912],[-111.916106,33.639004],[-111.91598,33.638928],[-111.915836,33.638888],[-111.915748,33.638851],[-111.915609,33.638763],[-111.91549,33.638663],[-111.915315,33.638548],[-111.915172,33.638481],[-111.914924,33.638458],[-111.914749,33.638434],[-111.91467,33.638415],[-111.914521,33.638357],[-111.914381,33.638263],[-111.914326,33.638199],[-111.914306,33.638159]]]}},{"type":"Feature","properties":{"k":"rough"},"geometry":{"type":"Polygon","coordinates":[[[-111.91513,33.639134],[-111.915068,33.639236],[-111.915029,33.639246],[-111.914983,33.639245],[-111.914906,33.639184],[-111.914875,33.639171],[-111.914743,33.639162],[-111.91472,33.639144],[-111.914704,33.639105],[-111.914709,33.63902],[-111.914721,33.638967],[-111.914835,33.639035],[-111.914924,33.639068],[-111.915104,33.639114],[-111.91513,33.639134]]]}},{"type":"Feature","properties":{"k":"rough"},"geometry":{"type":"Polygon","coordinates":[[[-111.915096,33.639393],[-111.915105,33.639407],[-111.915107,33.639448],[-111.915057,33.639628],[-111.915005,33.639752],[-111.914935,33.639874],[-111.914928,33.639964],[-111.914984,33.640112],[-111.915028,33.640194],[-111.915201,33.640413],[-111.915445,33.640419],[-111.915547,33.640435],[-111.915724,33.640478],[-111.915821,33.640515],[-111.915955,33.640602],[-111.9164,33.640802],[-111.916733,33.640987],[-111.9168,33.641036],[-111.916835,33.641072],[-111.916962,33.641283],[-111.917116,33.641365],[-111.917267,33.641461],[-111.917664,33.641647],[-111.91779,33.641751],[-111.917967,33.641799],[-111.917984,33.641739],[-111.917984,33.641692],[-111.917962,33.641608],[-111.917928,33.641545],[-111.917909,33.641521],[-111.917835,33.641471],[-111.917786,33.641424],[-111.917716,33.641319],[-111.91765,33.641244],[-111.917568,33.641184],[-111.91748,33.641146],[-111.917459,33.641115],[-111.917465,33.641084],[-111.917497,33.641039],[-111.917499,33.640963],[-111.917509,33.640926],[-111.917536,33.640894],[-111.91758,33.640886],[-111.917692,33.640925],[-111.917733,33.640923],[-111.917775,33.64091],[-111.917807,33.64088],[-111.917826,33.640827],[-111.917827,33.640809],[-111.917802,33.640725],[-111.917822,33.64071],[-111.917872,33.640709],[-111.917893,33.640726],[-111.917915,33.640785],[-111.917962,33.640841],[-111.918019,33.640875],[-111.918113,33.640901],[-111.918152,33.641011],[-111.918217,33.641061],[-111.918258,33.641108],[-111.918306,33.641139],[-111.91832,33.64116],[-111.918334,33.641211],[-111.918372,33.64126],[-111.918386,33.641305],[-111.918382,33.641371],[-111.918361,33.641421],[-111.918367,33.641476],[-111.9184,33.64154],[-111.918469,33.641634],[-111.918505,33.641707],[-111.91857,33.64177],[-111.918598,33.641846],[-111.918638,33.641882],[-111.918725,33.641917],[-111.918745,33.641944],[-111.918751,33.642012],[-111.918732,33.642059],[-111.918732,33.642091],[-111.918745,33.642125],[-111.918862,33.642235],[-111.919031,33.642338],[-111.919094,33.642342],[-111.919145,33.642329],[-111.919187,33.642328],[-111.919212,33.642302],[-111.919246,33.642283],[-111.919444,33.642235],[-111.919516,33.642191],[-111.919558,33.642141],[-111.919572,33.642079],[-111.919567,33.642038],[-111.91953,33.641964],[-111.919439,33.641831],[-111.919181,33.641622],[-111.919113,33.641629],[-111.919052,33.641615],[-111.919,33.641588],[-111.91891,33.641526],[-111.918805,33.641497],[-111.918776,33.641458],[-111.918765,33.641419],[-111.918736,33.641382],[-111.918664,33.641311],[-111.918596,33.641263],[-111.918563,33.641216],[-111.918538,33.641129],[-111.918542,33.641052],[-111.918384,33.640977],[-111.918313,33.640896],[-111.918227,33.640772],[-111.918227,33.640737],[-111.918243,33.640715],[-111.918389,33.640661],[-111.918454,33.640601],[-111.918476,33.640558],[-111.918485,33.640498],[-111.918449,33.640409],[-111.918466,33.640377],[-111.918499,33.640361],[-111.918545,33.640359],[-111.91863,33.640393],[-111.91865,33.640373],[-111.918722,33.64035],[-111.918768,33.640347],[-111.918818,33.640359],[-111.918863,33.640392],[-111.918917,33.640445],[-111.91896,33.640538],[-111.919318,33.640604],[-111.919399,33.640631],[-111.919497,33.640677],[-111.919564,33.640712],[-111.919674,33.640812],[-111.919839,33.640881],[-111.919931,33.640935],[-111.920029,33.641002],[-111.920242,33.641171],[-111.920415,33.641273],[-111.920539,33.64137],[-111.920684,33.641418],[-111.920772,33.641437],[-111.92085,33.641468],[-111.920906,33.641473],[-111.921062,33.64145],[-111.921114,33.641458],[-111.92114,33.641469],[-111.921441,33.641728],[-111.92149,33.641804],[-111.921538,33.641972],[-111.921575,33.642181],[-111.921664,33.642177],[-111.921743,33.642226],[-111.921789,33.642199],[-111.921879,33.642128],[-111.921944,33.642113],[-111.921993,33.642124],[-111.922087,33.64218],[-111.92216,33.642267],[-111.922233,33.6423],[-111.922273,33.642362],[-111.922271,33.642409],[-111.9224,33.642456],[-111.92261,33.642584],[-111.922832,33.642657],[-111.923,33.642691],[-111.923041,33.64269],[-111.923088,33.642676],[-111.923166,33.642626],[-111.923201,33.642584],[-111.923241,33.642514],[-111.923267,33.642446],[-111.923267,33.642409],[-111.923258,33.642297],[-111.92323,33.642206],[-111.923216,33.64219],[-111.923118,33.642138],[-111.923061,33.642092],[-111.92291,33.641936],[-111.92278,33.641958],[-111.922731,33.641955],[-111.922576,33.641919],[-111.922448,33.641862],[-111.922375,33.641867],[-111.922338,33.641854],[-111.922311,33.641832],[-111.922284,33.641792],[-111.922288,33.641654],[-111.922247,33.64155],[-111.922195,33.641488],[-111.92207,33.641416],[-111.922029,33.641373],[-111.922023,33.641261],[-111.922051,33.641153],[-111.922038,33.641096],[-111.921999,33.641057],[-111.921883,33.641005],[-111.921834,33.640953],[-111.921737,33.640878],[-111.921711,33.640847],[-111.921674,33.640783],[-111.921671,33.640753],[-111.921713,33.640675],[-111.921696,33.640628],[-111.921648,33.640548],[-111.921605,33.640508],[-111.921519,33.64045],[-111.921426,33.640465],[-111.921366,33.64046],[-111.921335,33.640447],[-111.921274,33.640401],[-111.921241,33.640355],[-111.921238,33.640308],[-111.921265,33.640269],[-111.921314,33.640233],[-111.921334,33.640202],[-111.92132,33.640152],[-111.921273,33.640083],[-111.921208,33.640038],[-111.921091,33.640011],[-111.921005,33.63998],[-111.92076,33.639812],[-111.920657,33.639765],[-111.920605,33.639748],[-111.920457,33.639727],[-111.920374,33.639697],[-111.920098,33.639523],[-111.919973,33.639433],[-111.919951,33.639425],[-111.919926,33.639427],[-111.919812,33.639462],[-111.919773,33.639468],[-111.919751,33.639463],[-111.919734,33.639444],[-111.919725,33.639401],[-111.919686,33.639307],[-111.919481,33.639182],[-111.919419,33.63917],[-111.919238,33.639218],[-111.919163,33.639225],[-111.919093,33.639203],[-111.919009,33.639159],[-111.918929,33.639139],[-111.918782,33.639143],[-111.918719,33.639152],[-111.918656,33.639172],[-111.918488,33.639265],[-111.91846,33.639283],[-111.918426,33.639345],[-111.918404,33.639365],[-111.918263,33.639424],[-111.918164,33.63951],[-111.918132,33.639529],[-111.918054,33.639545],[-111.917847,33.63955],[-111.917724,33.639603],[-111.917525,33.639762],[-111.917377,33.639858],[-111.917273,33.639956],[-111.917193,33.640012],[-111.917119,33.640054],[-111.917038,33.640078],[-111.916976,33.640075],[-111.91684,33.64005],[-111.916672,33.640066],[-111.916603,33.640058],[-111.916472,33.640039],[-111.916301,33.639994],[-111.916183,33.64002],[-111.916038,33.640016],[-111.915953,33.639979],[-111.915916,33.639935],[-111.915896,33.639864],[-111.915877,33.639842],[-111.915797,33.63981],[-111.915757,33.63977],[-111.915735,33.639725],[-111.915713,33.639646],[-111.915628,33.639528],[-111.91557,33.639479],[-111.915536,33.639468],[-111.915388,33.639452],[-111.915326,33.639433],[-111.915277,33.639405],[-111.915194,33.639375],[-111.915144,33.639376],[-111.915096,33.639393]]]}},{"type":"Feature","properties":{"k":"path"},"geometry":{"type":"LineString","coordinates":[[-111.909556,33.640518],[-111.909632,33.640532],[-111.909884,33.640523],[-111.909908,33.640527],[-111.909932,33.640543],[-111.909953,33.640573],[-111.910016,33.640755],[-111.910083,33.640886],[-111.910076,33.641],[-111.910138,33.641198],[-111.910243,33.641609],[-111.910279,33.641673],[-111.910421,33.641789],[-111.910456,33.64183],[-111.910478,33.641872],[-111.910493,33.641924],[-111.9105,33.642123],[-111.910517,33.642226],[-111.910625,33.642702],[-111.910649,33.642762],[-111.910692,33.642825],[-111.910798,33.642928],[-111.911017,33.643047],[-111.911038,33.643073],[-111.911068,33.64318],[-111.911099,33.64322],[-111.911194,33.643291],[-111.911263,33.643328],[-111.911327,33.643456],[-111.911344,33.643505],[-111.911359,33.64361],[-111.911378,33.643656],[-111.911551,33.643863],[-111.911598,33.643898],[-111.91169,33.643929],[-111.911903,33.643931],[-111.912008,33.643951],[-111.912067,33.643934],[-111.912147,33.643842],[-111.912166,33.643792],[-111.912169,33.643659],[-111.912185,33.643613],[-111.912205,33.643593],[-111.91227,33.64357],[-111.912368,33.643505],[-111.912411,33.643429],[-111.912412,33.64338],[-111.912402,33.643332],[-111.912325,33.643228],[-111.912297,33.643173],[-111.912271,33.643093],[-111.912229,33.642884],[-111.912186,33.642759],[-111.912104,33.642615],[-111.911976,33.642444],[-111.911952,33.642392],[-111.911913,33.642249],[-111.911778,33.641997],[-111.91177,33.641934],[-111.911804,33.641706],[-111.911798,33.641681],[-111.911609,33.641315],[-111.911474,33.641179],[-111.911326,33.640998],[-111.911289,33.640937],[-111.911186,33.640724],[-111.911071,33.640647],[-111.911013,33.640581],[-111.911013,33.640513],[-111.911041,33.640466],[-111.911065,33.640458],[-111.911287,33.640478],[-111.911373,33.640495],[-111.911534,33.64054],[-111.911735,33.640639],[-111.911902,33.640668],[-111.911959,33.640704],[-111.912043,33.640834],[-111.912119,33.640902],[-111.912394,33.640982],[-111.912445,33.640993],[-111.912528,33.640979],[-111.912604,33.640942],[-111.912667,33.640899],[-111.912719,33.640836],[-111.912774,33.640814],[-111.912813,33.640817],[-111.912867,33.640838],[-111.913091,33.640992],[-111.913184,33.641044],[-111.913295,33.641081],[-111.913445,33.641115],[-111.913859,33.641235],[-111.91444,33.641343],[-111.914546,33.641368],[-111.914766,33.641446],[-111.914985,33.641554],[-111.91531,33.641647],[-111.915378,33.64166],[-111.915945,33.641679],[-111.915969,33.641689],[-111.915989,33.641712],[-111.916068,33.641889],[-111.916106,33.641937],[-111.916157,33.641957],[-111.916458,33.642012],[-111.916687,33.642064],[-111.91673,33.642069],[-111.916892,33.642064],[-111.916914,33.642079],[-111.916956,33.642331],[-111.916985,33.642432],[-111.917093,33.642646],[-111.91708,33.642757],[-111.917092,33.64279],[-111.917179,33.642918],[-111.917205,33.642987],[-111.917207,33.643076],[-111.917162,33.643383],[-111.917165,33.643411],[-111.917243,33.643629],[-111.917229,33.64377],[-111.917237,33.643851],[-111.917266,33.643956],[-111.917292,33.643995],[-111.917323,33.644018],[-111.917351,33.644026],[-111.917435,33.644022],[-111.917665,33.64393],[-111.917897,33.64382],[-111.918168,33.643735],[-111.918436,33.643586],[-111.918634,33.643499],[-111.918943,33.643414],[-111.919122,33.64339],[-111.919205,33.643367],[-111.919274,33.643343],[-111.919439,33.64326],[-111.919562,33.643215],[-111.920118,33.642885],[-111.920321,33.642732],[-111.92041,33.642677],[-111.920486,33.64264],[-111.92067,33.642572],[-111.92077,33.64251],[-111.920846,33.642476],[-111.920885,33.642466],[-111.921056,33.642467],[-111.921097,33.642453],[-111.921145,33.642415],[-111.92122,33.642285],[-111.92128,33.642256],[-111.921508,33.64222],[-111.921577,33.64222],[-111.921801,33.642263],[-111.92194,33.642307],[-111.922067,33.64237],[-111.922316,33.642435],[-111.922383,33.642461],[-111.922609,33.642596],[-111.922698,33.642631],[-111.92281,33.642668],[-111.922991,33.6427],[-111.923046,33.642703],[-111.923119,33.642678],[-111.923176,33.642641],[-111.923222,33.642586],[-111.92326,33.64251],[-111.923282,33.642443],[-111.923284,33.64237],[-111.923275,33.642305],[-111.923244,33.642177],[-111.923229,33.642165],[-111.923145,33.642134],[-111.922845,33.641855],[-111.922789,33.641823],[-111.922606,33.641771],[-111.92251,33.641735],[-111.922443,33.641688],[-111.922364,33.641602],[-111.922262,33.641479],[-111.922209,33.641396],[-111.922057,33.641005],[-111.922024,33.640955],[-111.921777,33.640746],[-111.921668,33.64055],[-111.921628,33.640501],[-111.921457,33.640386],[-111.921398,33.640319],[-111.921358,33.64023],[-111.921325,33.640124],[-111.921295,33.640081],[-111.92126,33.64005],[-111.921211,33.640023],[-111.921084,33.639996],[-111.921025,33.639975],[-111.92081,33.639832],[-111.920643,33.639745],[-111.920581,33.639728],[-111.920496,33.639717],[-111.920394,33.639688],[-111.920325,33.639657],[-111.919995,33.639425],[-111.919747,33.639327],[-111.919505,33.639175],[-111.919427,33.639156],[-111.919398,33.639155],[-111.91923,33.639205],[-111.919149,33.639209],[-111.919096,33.639192],[-111.918988,33.63914],[-111.918916,33.639124],[-111.918833,33.639121],[-111.918749,33.63913],[-111.918645,33.639159],[-111.918396,33.639297],[-111.918355,33.639311],[-111.918284,33.639315],[-111.918068,33.639299],[-111.917931,33.639322],[-111.917864,33.639353],[-111.917815,33.639408],[-111.917717,33.639575],[-111.917663,33.639632],[-111.917491,33.639769],[-111.917357,33.63985],[-111.917222,33.639973],[-111.917144,33.640028],[-111.917077,33.640054],[-111.91701,33.640063],[-111.916867,33.640036],[-111.916714,33.640048],[-111.916496,33.640026],[-111.916374,33.640002],[-111.916288,33.639975],[-111.916208,33.63993],[-111.915864,33.639516],[-111.915586,33.639244],[-111.915551,33.639222],[-111.915498,33.639202],[-111.915173,33.639123],[-111.914819,33.639011],[-111.914224,33.638585],[-111.914179,33.638568],[-111.913964,33.638543],[-111.913574,33.638435],[-111.913505,33.638406],[-111.913439,33.638361],[-111.913383,33.638307],[-111.913344,33.638243],[-111.913309,33.638157],[-111.913264,33.638099],[-111.913215,33.638068],[-111.913071,33.638011],[-111.91284,33.637882],[-111.912742,33.637843],[-111.912605,33.637816],[-111.912476,33.637798],[-111.912376,33.637793],[-111.912284,33.637816],[-111.912224,33.637861],[-111.912128,33.637966],[-111.912093,33.637977],[-111.911968,33.637952],[-111.911763,33.63789],[-111.911623,33.637828],[-111.911555,33.637828],[-111.911509,33.637841],[-111.911436,33.637873],[-111.911028,33.63811],[-111.910743,33.638346],[-111.910574,33.638507],[-111.910538,33.638532],[-111.910497,33.638552],[-111.910201,33.63865],[-111.910107,33.638695],[-111.910014,33.638749],[-111.909749,33.638949]]}},{"type":"Feature","properties":{"k":"path"},"geometry":{"type":"LineString","coordinates":[[-111.909556,33.640518],[-111.909545,33.640504],[-111.909549,33.640477],[-111.909735,33.640306],[-111.909777,33.640234],[-111.909788,33.640189],[-111.909955,33.640184],[-111.910357,33.640086],[-111.910661,33.640045],[-111.910814,33.640058],[-111.911047,33.64012],[-111.911169,33.640142],[-111.911397,33.640116],[-111.911558,33.640137],[-111.911879,33.640234],[-111.912045,33.64031],[-111.912212,33.640372],[-111.912358,33.640406],[-111.912777,33.640462],[-111.912882,33.64046],[-111.913462,33.640402],[-111.913527,33.640402],[-111.913826,33.640433],[-111.914042,33.640431],[-111.914121,33.640441],[-111.91436,33.640502],[-111.914964,33.640576],[-111.915009,33.640567],[-111.915102,33.640516],[-111.915186,33.64044],[-111.915321,33.64043],[-111.915419,33.640433],[-111.915518,33.640444],[-111.915635,33.640467],[-111.915812,33.640523],[-111.915922,33.640601],[-111.916462,33.64085],[-111.91664,33.640942],[-111.916779,33.641036],[-111.91682,33.641078],[-111.91691,33.641246],[-111.916938,33.641284],[-111.916986,33.641318],[-111.917307,33.641494],[-111.91764,33.641646],[-111.917686,33.641675],[-111.917728,33.641723],[-111.917763,33.641749],[-111.917831,33.641777],[-111.917969,33.64181],[-111.918082,33.641825],[-111.918149,33.641862],[-111.918196,33.64192],[-111.918199,33.641966],[-111.918281,33.642058],[-111.918317,33.642201],[-111.918346,33.64225],[-111.918577,33.642489],[-111.918598,33.642502],[-111.918645,33.642507],[-111.918673,33.6425],[-111.918723,33.642468],[-111.918782,33.642457],[-111.918812,33.642461],[-111.918958,33.642546],[-111.91902,33.642567],[-111.91906,33.642569],[-111.919112,33.64255],[-111.919134,33.642534],[-111.919171,33.642485],[-111.919181,33.642457],[-111.919191,33.642364],[-111.919201,33.642338],[-111.919224,33.642313],[-111.919257,33.642297],[-111.919462,33.642248],[-111.919538,33.6422],[-111.919579,33.642149],[-111.91959,33.642121],[-111.91958,33.642018],[-111.919462,33.641828],[-111.91942,33.641789],[-111.919083,33.641525],[-111.918977,33.641452],[-111.918895,33.641376],[-111.918792,33.641201],[-111.918737,33.641142],[-111.91865,33.641082],[-111.918411,33.640966],[-111.918369,33.640936],[-111.918251,33.640775],[-111.918249,33.640758],[-111.918272,33.640727],[-111.9183,33.64071],[-111.918383,33.640682],[-111.918434,33.640644],[-111.91847,33.640601],[-111.918499,33.640522],[-111.918481,33.640453],[-111.918484,33.640392],[-111.918513,33.640383],[-111.918568,33.640382],[-111.918869,33.640523],[-111.918937,33.640546],[-111.919271,33.640606],[-111.919343,33.640625],[-111.919527,33.640707],[-111.919569,33.640735],[-111.919638,33.640803],[-111.919686,33.640836],[-111.919836,33.6409],[-111.920081,33.641067],[-111.920191,33.641152],[-111.920426,33.641297],[-111.920508,33.641369],[-111.920561,33.641392],[-111.920761,33.641449],[-111.920845,33.641481],[-111.920895,33.641486],[-111.921069,33.641463],[-111.921134,33.641481],[-111.921429,33.641739],[-111.921453,33.641771],[-111.921476,33.641814],[-111.921509,33.641921],[-111.921562,33.64222]]}},{"type":"Feature","properties":{"k":"path"},"geometry":{"type":"LineString","coordinates":[[-111.923244,33.642177],[-111.923321,33.642124],[-111.923385,33.642062],[-111.923436,33.641992],[-111.923463,33.641931],[-111.923473,33.641878],[-111.923466,33.64184],[-111.923377,33.641737],[-111.923208,33.641587],[-111.923142,33.641554],[-111.92311,33.641525],[-111.923079,33.641484],[-111.923065,33.641388],[-111.923022,33.6413],[-111.922954,33.641222],[-111.922827,33.641154],[-111.922793,33.641117],[-111.92274,33.641025],[-111.922717,33.641],[-111.922612,33.64094],[-111.922526,33.640875],[-111.922415,33.640775],[-111.922298,33.640692],[-111.922274,33.640661],[-111.922234,33.640575],[-111.922198,33.640443],[-111.922172,33.640414],[-111.922136,33.64039],[-111.921953,33.640289],[-111.921919,33.640253],[-111.921888,33.640207],[-111.921865,33.6401],[-111.921851,33.640068],[-111.921685,33.639891],[-111.921519,33.639747],[-111.921452,33.639627],[-111.92134,33.639503],[-111.921122,33.639431],[-111.920999,33.639367],[-111.920946,33.639357],[-111.920777,33.639364],[-111.920666,33.639345],[-111.920621,33.639325],[-111.920506,33.639212],[-111.92048,33.639198],[-111.920439,33.63918],[-111.920233,33.639137],[-111.92013,33.639104],[-111.920092,33.63908],[-111.920049,33.63903],[-111.920008,33.638943],[-111.91995,33.638763],[-111.919948,33.638665],[-111.920009,33.638525],[-111.920012,33.638494],[-111.920006,33.63846],[-111.919985,33.638418],[-111.919937,33.638379],[-111.919824,33.638345],[-111.919647,33.638308],[-111.919443,33.638226],[-111.919112,33.63819],[-111.918411,33.638015],[-111.918058,33.637948],[-111.917966,33.637941],[-111.917892,33.637948],[-111.91775,33.637986],[-111.917686,33.63799],[-111.917613,33.637981],[-111.917319,33.637907],[-111.917061,33.637867],[-111.916893,33.637809],[-111.916802,33.637794],[-111.91671,33.637792],[-111.916368,33.637806],[-111.915852,33.637866],[-111.915817,33.637863],[-111.915767,33.637849],[-111.91548,33.637709],[-111.915481,33.637681],[-111.915913,33.637279]]}},{"type":"Feature","properties":{"k":"path"},"geometry":{"type":"LineString","coordinates":[[-111.915481,33.637681],[-111.915213,33.637651],[-111.914948,33.637645],[-111.914719,33.637674],[-111.914419,33.637737],[-111.914117,33.637858],[-111.9138,33.637952],[-111.91375,33.637953],[-111.913597,33.637929],[-111.913417,33.637932],[-111.913266,33.637921],[-111.913091,33.637883],[-111.912864,33.637819],[-111.912769,33.637777],[-111.912697,33.637721],[-111.91268,33.637678],[-111.912694,33.637593],[-111.912825,33.63726],[-111.912812,33.637233],[-111.912259,33.637141],[-111.912194,33.637118],[-111.912148,33.637092],[-111.912117,33.637054],[-111.912049,33.636698],[-111.91204,33.636559]]}},{"type":"Feature","properties":{"k":"path"},"geometry":{"type":"LineString","coordinates":[[-111.912069,33.636787],[-111.912236,33.63675],[-111.912304,33.636747],[-111.912467,33.636777],[-111.912673,33.636828],[-111.91281,33.636841],[-111.912999,33.636872],[-111.913082,33.636895],[-111.913213,33.636897],[-111.913295,33.636908],[-111.913369,33.63693],[-111.913461,33.637014]]}},{"type":"Feature","properties":{"k":"path"},"geometry":{"type":"LineString","coordinates":[[-111.912069,33.636787],[-111.911893,33.636814],[-111.911771,33.636813],[-111.911596,33.636788],[-111.911443,33.636745],[-111.911371,33.636714],[-111.911222,33.63662],[-111.911192,33.636608],[-111.910797,33.636536],[-111.910716,33.636544],[-111.910277,33.636551],[-111.910132,33.636571],[-111.909959,33.636612],[-111.90989,33.636618],[-111.909706,33.636609],[-111.909657,33.636597],[-111.909601,33.636556],[-111.909399,33.636311],[-111.909348,33.636271],[-111.909163,33.636239],[-111.90905,33.636197],[-111.908997,33.636191],[-111.908871,33.636215],[-111.908758,33.636266],[-111.908592,33.63638],[-111.908535,33.636434],[-111.908496,33.636485],[-111.90843,33.636632],[-111.908397,33.636749],[-111.908373,33.636895],[-111.908327,33.637051],[-111.908212,33.637224],[-111.908141,33.637387],[-111.908103,33.637502],[-111.908039,33.637968],[-111.90804,33.638136],[-111.908063,33.638298],[-111.908157,33.638526],[-111.908173,33.638743],[-111.908196,33.638869],[-111.908359,33.639382],[-111.90836,33.63953],[-111.908346,33.639622],[-111.908262,33.639848],[-111.908241,33.639878]]}},{"type":"Feature","properties":{"k":"path"},"geometry":{"type":"LineString","coordinates":[[-111.911456,33.640122],[-111.911339,33.640196],[-111.911223,33.640289],[-111.911208,33.640314],[-111.911222,33.640364],[-111.911337,33.640488]]}},{"type":"Feature","properties":{"k":"path"},"geometry":{"type":"LineString","coordinates":[[-111.915186,33.64044],[-111.915165,33.640399],[-111.915028,33.640221],[-111.914969,33.64012],[-111.914918,33.639998],[-111.914903,33.639922],[-111.915042,33.639596],[-111.91507,33.639478],[-111.915073,33.639425],[-111.91506,33.639392],[-111.915043,33.639368],[-111.915009,33.639345],[-111.914497,33.639145],[-111.914417,33.639098],[-111.914323,33.638987],[-111.91426,33.638804],[-111.914239,33.638764],[-111.914046,33.638471],[-111.914021,33.638418],[-111.914011,33.638388],[-111.914021,33.638317],[-111.914128,33.638134],[-111.914157,33.638062],[-111.914223,33.637815]]}},{"type":"Feature","properties":{"k":"path"},"geometry":{"type":"LineString","coordinates":[[-111.914109,33.638169],[-111.913927,33.638091],[-111.91375,33.637953]]}},{"type":"Feature","properties":{"k":"path"},"geometry":{"type":"LineString","coordinates":[[-111.92013,33.639104],[-111.920006,33.639132],[-111.919796,33.639147],[-111.91955,33.639137],[-111.919452,33.639162]]}},{"type":"Feature","properties":{"k":"bunker"},"geometry":{"type":"Polygon","coordinates":[[[-111.908804,33.638846],[-111.908757,33.638836],[-111.90874,33.638807],[-111.908738,33.638787],[-111.908852,33.638794],[-111.908873,33.638788],[-111.908872,33.638776],[-111.90878,33.638775],[-111.908761,33.638765],[-111.908755,33.638774],[-111.908764,33.638786],[-111.908738,33.638786],[-111.908707,33.638765],[-111.9087,33.638735],[-111.90871,33.638726],[-111.908856,33.638724],[-111.908867,33.638718],[-111.908864,33.638709],[-111.908749,33.638705],[-111.908738,33.638714],[-111.908742,33.638723],[-111.90871,33.638725],[-111.908682,33.638699],[-111.908675,33.638677],[-111.908691,33.638657],[-111.908856,33.638663],[-111.90887,33.638656],[-111.908867,33.638648],[-111.908764,33.638642],[-111.908725,33.638645],[-111.908721,33.638657],[-111.90869,33.638656],[-111.908671,33.638636],[-111.908666,33.638611],[-111.90868,33.638599],[-111.908714,33.638596],[-111.908723,33.638603],[-111.908856,33.638598],[-111.908862,33.638592],[-111.908843,33.638582],[-111.908779,33.638587],[-111.908733,33.638581],[-111.908718,33.638586],[-111.908714,33.638595],[-111.90868,33.638598],[-111.908663,33.638584],[-111.908663,33.638562],[-111.908682,33.638541],[-111.908741,33.638555],[-111.908814,33.638547],[-111.908865,33.638512],[-111.908887,33.638514],[-111.908902,33.638529],[-111.908899,33.638542],[-111.908879,33.638553],[-111.908892,33.638616],[-111.908901,33.638784],[-111.908918,33.638825],[-111.908903,33.638844],[-111.908865,33.638836],[-111.908804,33.638846]]]}},{"type":"Feature","properties":{"k":"path"},"geometry":{"type":"LineString","coordinates":[[-111.910929,33.640517],[-111.91093,33.64047],[-111.910899,33.640426]]}},{"type":"Feature","properties":{"k":"fairway"},"geometry":{"type":"Polygon","coordinates":[[[-111.920921,33.64228],[-111.92101,33.642244],[-111.92099,33.642241],[-111.920942,33.642215],[-111.920885,33.642153],[-111.920841,33.642077],[-111.92083,33.642102],[-111.920801,33.642116],[-111.920755,33.642107],[-111.920715,33.642085],[-111.920655,33.642087],[-111.920587,33.642103],[-111.920525,33.64213],[-111.920491,33.642162],[-111.920494,33.642207],[-111.920519,33.642239],[-111.92058,33.642266],[-111.920782,33.642308],[-111.920846,33.642312],[-111.920887,33.642306],[-111.920921,33.64228]]]}},{"type":"Feature","properties":{"k":"fairway"},"geometry":{"type":"Polygon","coordinates":[[[-111.918377,33.639213],[-111.918423,33.639213],[-111.918655,33.63911],[-111.918683,33.639085],[-111.918693,33.63906],[-111.918678,33.638996],[-111.918685,33.638966],[-111.918738,33.638894],[-111.918776,33.63883],[-111.918785,33.638799],[-111.918775,33.638742],[-111.918757,33.638723],[-111.918735,33.638715],[-111.918708,33.638715],[-111.918682,33.638725],[-111.918651,33.638749],[-111.918581,33.638776],[-111.918696,33.638746],[-111.918739,33.638762],[-111.918746,33.638774],[-111.918742,33.638828],[-111.91871,33.638888],[-111.918617,33.639008],[-111.9185,33.639039],[-111.918429,33.639034],[-111.918405,33.639017],[-111.918395,33.638996],[-111.918394,33.638964],[-111.918404,33.638945],[-111.918376,33.63895],[-111.918338,33.63894],[-111.918249,33.639001],[-111.918216,33.639056],[-111.918222,33.639107],[-111.918276,33.639165],[-111.918328,33.639195],[-111.918377,33.639213]]]}}]}