{"type":"FeatureCollection","features":[{"type":"Feature","properties":{"k":"hole","ref":"1","par":4,"hcp":5},"geometry":{"type":"LineString","coordinates":[[-88.1553,41.847881],[-88.156296,41.849753],[-88.157371,41.850862]]}},{"type":"Feature","properties":{"k":"hole","ref":"1","par":4},"geometry":{"type":"LineString","coordinates":[[-88.155002,41.848337],[-88.155109,41.850409],[-88.153731,41.851413]]}},{"type":"Feature","properties":{"k":"hole","ref":"1","par":4,"hcp":5},"geometry":{"type":"LineString","coordinates":[[-88.154297,41.848229],[-88.154037,41.850248],[-88.152833,41.851212]]}},{"type":"Feature","properties":{"k":"hole","ref":"2","par":5,"hcp":1},"geometry":{"type":"LineString","coordinates":[[-88.156813,41.851695],[-88.159416,41.850781],[-88.16307,41.850577]]}},{"type":"Feature","properties":{"k":"hole","ref":"2","par":5},"geometry":{"type":"LineString","coordinates":[[-88.153149,41.851631],[-88.150553,41.853058],[-88.148372,41.854377]]}},{"type":"Feature","properties":{"k":"hole","ref":"2","par":5,"hcp":2},"geometry":{"type":"LineString","coordinates":[[-88.153005,41.850505],[-88.150768,41.851864],[-88.149225,41.852987],[-88.148338,41.85341]]}},{"type":"Feature","properties":{"k":"hole","ref":"3","par":4,"hcp":6},"geometry":{"type":"LineString","coordinates":[[-88.163575,41.849929],[-88.161023,41.849805],[-88.159552,41.85003]]}},{"type":"Feature","properties":{"k":"hole","ref":"3","par":3},"geometry":{"type":"LineString","coordinates":[[-88.149867,41.854731],[-88.147508,41.855143]]}},{"type":"Feature","properties":{"k":"hole","ref":"3","par":4,"hcp":8},"geometry":{"type":"LineString","coordinates":[[-88.147963,41.853064],[-88.149385,41.851352],[-88.150503,41.850683]]}},{"type":"Feature","properties":{"k":"hole","ref":"4","par":3,"hcp":7},"geometry":{"type":"LineString","coordinates":[[-88.160087,41.849363],[-88.161383,41.849195],[-88.162138,41.848937]]}},{"type":"Feature","properties":{"k":"hole","ref":"4","par":4},"geometry":{"type":"LineString","coordinates":[[-88.146698,41.855708],[-88.147014,41.853702],[-88.147346,41.852527]]}},{"type":"Feature","properties":{"k":"hole","ref":"4","par":4,"hcp":6},"geometry":{"type":"LineString","coordinates":[[-88.150757,41.850245],[-88.150664,41.848374],[-88.151589,41.84726]]}},{"type":"Feature","properties":{"k":"hole","ref":"5","par":5,"hcp":3},"geometry":{"type":"LineString","coordinates":[[-88.161071,41.848609],[-88.159722,41.846723],[-88.160398,41.844521]]}},{"type":"Feature","properties":{"k":"hole","ref":"5","par":4},"geometry":{"type":"LineString","coordinates":[[-88.146693,41.852364],[-88.14775,41.850736],[-88.149284,41.850257]]}},{"type":"Feature","properties":{"k":"hole","ref":"5","par":3,"hcp":9},"geometry":{"type":"LineString","coordinates":[[-88.150761,41.84711],[-88.151735,41.846122]]}},{"type":"Feature","properties":{"k":"hole","ref":"6","par":4,"hcp":9},"geometry":{"type":"LineString","coordinates":[[-88.159478,41.844459],[-88.158351,41.845958],[-88.157068,41.846362]]}},{"type":"Feature","properties":{"k":"hole","ref":"6","par":4},"geometry":{"type":"LineString","coordinates":[[-88.149995,41.850273],[-88.149568,41.848392],[-88.150109,41.846705]]}},{"type":"Feature","properties":{"k":"hole","ref":"6","par":4,"hcp":1},"geometry":{"type":"LineString","coordinates":[[-88.150495,41.8464],[-88.152078,41.844733],[-88.15263,41.843614]]}},{"type":"Feature","properties":{"k":"hole","ref":"7","par":4,"hcp":4},"geometry":{"type":"LineString","coordinates":[[-88.156818,41.846653],[-88.15885,41.848229],[-88.160309,41.848571]]}},{"type":"Feature","properties":{"k":"hole","ref":"7","par":5},"geometry":{"type":"LineString","coordinates":[[-88.149229,41.846955],[-88.14999,41.843658],[-88.150619,41.843064]]}},{"type":"Feature","properties":{"k":"hole","ref":"7","par":5,"hcp":3},"geometry":{"type":"LineString","coordinates":[[-88.154909,41.842922],[-88.157398,41.843432],[-88.160389,41.843036]]}},{"type":"Feature","properties":{"k":"hole","ref":"8","par":3,"hcp":8},"geometry":{"type":"LineString","coordinates":[[-88.160077,41.849036],[-88.158334,41.849605]]}},{"type":"Feature","properties":{"k":"hole","ref":"8","par":3},"geometry":{"type":"LineString","coordinates":[[-88.150933,41.84371],[-88.152666,41.843106]]}},{"type":"Feature","properties":{"k":"hole","ref":"8","par":3,"hcp":7},"geometry":{"type":"LineString","coordinates":[[-88.160886,41.843449],[-88.158919,41.844074]]}},{"type":"Feature","properties":{"k":"hole","ref":"9","par":4,"hcp":2},"geometry":{"type":"LineString","coordinates":[[-88.158237,41.850558],[-88.156933,41.848804],[-88.156246,41.847581]]}},{"type":"Feature","properties":{"k":"hole","ref":"9","par":4},"geometry":{"type":"LineString","coordinates":[[-88.154127,41.843299],[-88.154794,41.844982],[-88.155594,41.846532]]}},{"type":"Feature","properties":{"k":"hole","ref":"9","par":4,"hcp":4},"geometry":{"type":"LineString","coordinates":[[-88.158236,41.843904],[-88.156474,41.845274],[-88.156347,41.846621]]}},{"type":"Feature","properties":{"k":"water"},"geometry":{"type":"Polygon","coordinates":[[[-88.147421,41.854046],[-88.147482,41.854031],[-88.147528,41.85404],[-88.147589,41.85409],[-88.147616,41.854123],[-88.147653,41.854146],[-88.147763,41.854172],[-88.1478,41.854192],[-88.147842,41.854301],[-88.147895,41.85432],[-88.147936,41.854324],[-88.147987,41.854309],[-88.148014,41.854313],[-88.148014,41.854338],[-88.147972,41.854374],[-88.147928,41.854391],[-88.147817,41.854397],[-88.147785,41.854436],[-88.147799,41.854489],[-88.147785,41.85453],[-88.147738,41.854546],[-88.147681,41.854544],[-88.147591,41.854629],[-88.147464,41.854677],[-88.147387,41.854751],[-88.147345,41.854808],[-88.147308,41.85488],[-88.147272,41.854902],[-88.14722,41.854911],[-88.147167,41.854901],[-88.147148,41.854881],[-88.14715,41.854846],[-88.147125,41.854798],[-88.147076,41.854753],[-88.147048,41.854711],[-88.147045,41.854661],[-88.14709,41.854623],[-88.147114,41.854576],[-88.147109,41.854529],[-88.147067,41.854467],[-88.147072,41.854409],[-88.147107,41.854355],[-88.147287,41.854241],[-88.147318,41.854206],[-88.147341,41.854143],[-88.147421,41.854046]]]}},{"type":"Feature","properties":{"k":"water"},"geometry":{"type":"Polygon","coordinates":[[[-88.148976,41.854715],[-88.149014,41.854709],[-88.149095,41.854731],[-88.14914,41.854731],[-88.14922,41.854752],[-88.149249,41.854776],[-88.149267,41.854809],[-88.149262,41.854877],[-88.149373,41.854948],[-88.149354,41.855053],[-88.149319,41.855087],[-88.149272,41.855094],[-88.149224,41.855072],[-88.149171,41.855067],[-88.149135,41.855079],[-88.149078,41.855138],[-88.14904,41.855159],[-88.148989,41.855155],[-88.148927,41.855112],[-88.148815,41.85508],[-88.148804,41.855052],[-88.148819,41.855018],[-88.148881,41.854984],[-88.148905,41.854952],[-88.148884,41.85489],[-88.148827,41.854844],[-88.148814,41.854818],[-88.148822,41.854793],[-88.148846,41.854778],[-88.148952,41.854743],[-88.148976,41.854715]]]}},{"type":"Feature","properties":{"k":"water"},"geometry":{"type":"Polygon","coordinates":[[[-88.155768,41.845476],[-88.155809,41.845456],[-88.155897,41.845449],[-88.156019,41.845478],[-88.156043,41.845492],[-88.156107,41.845546],[-88.156136,41.845599],[-88.156131,41.845635],[-88.156139,41.845651],[-88.156218,41.845727],[-88.156231,41.845752],[-88.156226,41.845775],[-88.156189,41.84582],[-88.156163,41.845831],[-88.156047,41.84583],[-88.156009,41.845842],[-88.155984,41.845867],[-88.155971,41.845886],[-88.155955,41.845987],[-88.155867,41.846089],[-88.155861,41.84614],[-88.155871,41.846226],[-88.155849,41.846251],[-88.155734,41.846338],[-88.155679,41.84637],[-88.155599,41.846356],[-88.155556,41.846332],[-88.155531,41.846308],[-88.155527,41.846235],[-88.155546,41.846156],[-88.155537,41.846122],[-88.155521,41.846089],[-88.155404,41.84594],[-88.155396,41.845897],[-88.155405,41.84586],[-88.155445,41.845798],[-88.155451,41.845768],[-88.15544,41.845729],[-88.155438,41.845675],[-88.15545,41.845632],[-88.15548,41.845601],[-88.155532,41.84559],[-88.155631,41.845585],[-88.155674,41.845574],[-88.155708,41.845541],[-88.155726,41.845506],[-88.155768,41.845476]]]}},{"type":"Feature","properties":{"k":"water"},"geometry":{"type":"Polygon","coordinates":[[[-88.160236,41.850691],[-88.160304,41.850702],[-88.160357,41.85072],[-88.160475,41.850823],[-88.160578,41.850846],[-88.160744,41.850877],[-88.160793,41.850873],[-88.160837,41.850853],[-88.160892,41.850842],[-88.160958,41.850854],[-88.161001,41.850907],[-88.161094,41.85096],[-88.161119,41.850991],[-88.161126,41.851023],[-88.161113,41.851071],[-88.161046,41.851113],[-88.160996,41.851134],[-88.160959,41.851166],[-88.160953,41.851227],[-88.160964,41.85135],[-88.160949,41.851395],[-88.16091,41.851415],[-88.160777,41.851433],[-88.160666,41.851485],[-88.160637,41.851512],[-88.160596,41.851586],[-88.160576,41.8517],[-88.160525,41.851807],[-88.16048,41.851845],[-88.160405,41.851872],[-88.160351,41.851873],[-88.160308,41.851846],[-88.160281,41.851817],[-88.160273,41.851787],[-88.160288,41.851756],[-88.160413,41.851648],[-88.160455,41.851478],[-88.160456,41.851421],[-88.160417,41.85138],[-88.160364,41.85136],[-88.160304,41.851363],[-88.16023,41.851371],[-88.160091,41.851403],[-88.16003,41.851406],[-88.159973,41.851399],[-88.159903,41.851377],[-88.159738,41.851359],[-88.159654,41.851368],[-88.159465,41.851405],[-88.159415,41.851393],[-88.159369,41.851367],[-88.159317,41.851323],[-88.159215,41.851278],[-88.159169,41.851244],[-88.159158,41.851219],[-88.159168,41.851185],[-88.15922,41.851161],[-88.159508,41.85112],[-88.159699,41.85113],[-88.159862,41.851123],[-88.160025,41.851137],[-88.16008,41.851127],[-88.160108,41.851082],[-88.160098,41.85104],[-88.159996,41.85101],[-88.159935,41.851002],[-88.159884,41.851005],[-88.159848,41.851023],[-88.159746,41.851015],[-88.159725,41.850991],[-88.159728,41.850957],[-88.159741,41.850929],[-88.159781,41.850909],[-88.159884,41.850895],[-88.159923,41.850883],[-88.159945,41.850855],[-88.159939,41.850775],[-88.159957,41.850738],[-88.159987,41.85071],[-88.1601,41.850688],[-88.160236,41.850691]]]}},{"type":"Feature","properties":{"k":"water"},"geometry":{"type":"Polygon","coordinates":[[[-88.161321,41.850031],[-88.161422,41.850099],[-88.161488,41.850121],[-88.161564,41.850126],[-88.161623,41.850145],[-88.161666,41.850178],[-88.161679,41.850215],[-88.161634,41.850251],[-88.161537,41.850293],[-88.161511,41.850326],[-88.161509,41.850359],[-88.161487,41.850404],[-88.161366,41.850519],[-88.161321,41.850545],[-88.16127,41.850555],[-88.161222,41.850543],[-88.161057,41.850456],[-88.160991,41.850451],[-88.160747,41.850456],[-88.160639,41.850432],[-88.16061,41.850409],[-88.160618,41.850377],[-88.160653,41.850346],[-88.160727,41.850317],[-88.160793,41.850307],[-88.16094,41.850265],[-88.161091,41.850238],[-88.161151,41.850218],[-88.161181,41.850186],[-88.161175,41.850149],[-88.161133,41.850088],[-88.161143,41.850049],[-88.161199,41.85],[-88.161254,41.849996],[-88.161321,41.850031]]]}},{"type":"Feature","properties":{"k":"water"},"geometry":{"type":"Polygon","coordinates":[[[-88.149003,41.850326],[-88.149071,41.850325],[-88.149099,41.850338],[-88.149125,41.85036],[-88.149152,41.850365],[-88.149175,41.850382],[-88.149193,41.850398],[-88.149195,41.850417],[-88.149173,41.850433],[-88.149064,41.850434],[-88.149018,41.850449],[-88.148987,41.850474],[-88.148914,41.850502],[-88.148893,41.850524],[-88.148867,41.850616],[-88.148832,41.850669],[-88.148795,41.850694],[-88.148657,41.850741],[-88.148588,41.850787],[-88.148554,41.850801],[-88.148457,41.850819],[-88.148438,41.850843],[-88.148421,41.850904],[-88.148407,41.850923],[-88.14834,41.850947],[-88.148254,41.85094],[-88.148239,41.850956],[-88.148207,41.850963],[-88.148158,41.850934],[-88.148169,41.850877],[-88.148146,41.850822],[-88.148142,41.850775],[-88.148162,41.850683],[-88.148131,41.850655],[-88.148125,41.850631],[-88.148132,41.850605],[-88.148175,41.850566],[-88.148262,41.850533],[-88.148304,41.850502],[-88.148337,41.850489],[-88.148397,41.85048],[-88.148456,41.850491],[-88.148511,41.850487],[-88.148634,41.85052],[-88.148685,41.850505],[-88.148831,41.850386],[-88.148868,41.850367],[-88.149003,41.850326]]]}},{"type":"Feature","properties":{"k":"stream"},"geometry":{"type":"LineString","coordinates":[[-88.1599,41.84884],[-88.159442,41.848819],[-88.159171,41.848796],[-88.15914,41.848778],[-88.15903,41.848758],[-88.158965,41.848724],[-88.158928,41.848717],[-88.158873,41.84869],[-88.158819,41.848676],[-88.158323,41.848436],[-88.158111,41.848307],[-88.158038,41.84822]]}},{"type":"Feature","properties":{"k":"stream"},"geometry":{"type":"LineString","coordinates":[[-88.15347,41.851899],[-88.153109,41.851872],[-88.153046,41.851883],[-88.15301,41.851897],[-88.152931,41.851953],[-88.152885,41.852014],[-88.152828,41.85202],[-88.152717,41.851991],[-88.152545,41.851991],[-88.152498,41.851972],[-88.152473,41.851951],[-88.152451,41.851946],[-88.152269,41.851959],[-88.152205,41.851954],[-88.152035,41.852029],[-88.151994,41.852072],[-88.151776,41.852147],[-88.151745,41.852191],[-88.151659,41.852252],[-88.151546,41.852253],[-88.151439,41.85228],[-88.151265,41.852286],[-88.151156,41.852351],[-88.151099,41.852406],[-88.151013,41.852448],[-88.150963,41.852486],[-88.150864,41.852457],[-88.150782,41.85246],[-88.150775,41.852501],[-88.150798,41.852556],[-88.150782,41.852599],[-88.150718,41.852604],[-88.150665,41.852589],[-88.150602,41.852597],[-88.150582,41.852692],[-88.150506,41.852692],[-88.150372,41.852719],[-88.150331,41.852785],[-88.15031,41.852848],[-88.1502,41.852891],[-88.150105,41.852962],[-88.150087,41.853006],[-88.149871,41.853118],[-88.149859,41.853237],[-88.149808,41.853267],[-88.149713,41.853263],[-88.149668,41.853305],[-88.149555,41.853331],[-88.149543,41.853396],[-88.149473,41.853449],[-88.149363,41.853461],[-88.149288,41.853434],[-88.149201,41.85344],[-88.149208,41.853597],[-88.149186,41.853677],[-88.149221,41.853725],[-88.149226,41.853803],[-88.149181,41.853878],[-88.149173,41.853932],[-88.149157,41.853965],[-88.149096,41.853961],[-88.149099,41.854022],[-88.149068,41.854083],[-88.149057,41.854148],[-88.148986,41.854176],[-88.148918,41.854143],[-88.14882,41.854147],[-88.148743,41.854162],[-88.148693,41.854198],[-88.148609,41.854192],[-88.148565,41.854174],[-88.148536,41.854148],[-88.148529,41.854114],[-88.148473,41.85408],[-88.14841,41.854077],[-88.1483,41.854087],[-88.148014,41.854313]]}},{"type":"Feature","properties":{"k":"bunker"},"geometry":{"type":"Polygon","coordinates":[[[-88.156724,41.847991],[-88.156741,41.848092],[-88.156773,41.848095],[-88.156781,41.848118],[-88.156792,41.848112],[-88.156821,41.84815],[-88.156867,41.848137],[-88.156885,41.848153],[-88.156878,41.848179],[-88.156974,41.848147],[-88.157066,41.848105],[-88.157037,41.848084],[-88.156944,41.848065],[-88.15691,41.848012],[-88.156903,41.847985],[-88.156861,41.847961],[-88.156807,41.847961],[-88.156727,41.847982],[-88.156724,41.847991]]]}},{"type":"Feature","properties":{"k":"bunker"},"geometry":{"type":"Polygon","coordinates":[[[-88.157301,41.8462],[-88.157225,41.84621],[-88.157209,41.846234],[-88.157195,41.846231],[-88.157184,41.846215],[-88.157138,41.846224],[-88.157135,41.84625],[-88.157163,41.846275],[-88.157184,41.846281],[-88.157218,41.846272],[-88.157234,41.846243],[-88.157255,41.846248],[-88.15725,41.846263],[-88.15727,41.846273],[-88.157314,41.846262],[-88.157338,41.846228],[-88.157333,41.846215],[-88.157301,41.8462]]]}},{"type":"Feature","properties":{"k":"bunker"},"geometry":{"type":"Polygon","coordinates":[[[-88.15742,41.846334],[-88.157398,41.846344],[-88.157374,41.846328],[-88.157356,41.846331],[-88.157346,41.84635],[-88.157335,41.846342],[-88.157314,41.846362],[-88.157315,41.846375],[-88.157326,41.846384],[-88.157358,41.846387],[-88.157363,41.846368],[-88.157387,41.846369],[-88.157396,41.846382],[-88.157418,41.846388],[-88.157442,41.846371],[-88.157448,41.846347],[-88.15742,41.846334]]]}},{"type":"Feature","properties":{"k":"bunker"},"geometry":{"type":"Polygon","coordinates":[[[-88.157257,41.846418],[-88.157218,41.846434],[-88.157214,41.846448],[-88.157241,41.846455],[-88.157252,41.846499],[-88.157265,41.846502],[-88.157292,41.846487],[-88.157292,41.846473],[-88.157306,41.846457],[-88.157276,41.846418],[-88.157257,41.846418]]]}},{"type":"Feature","properties":{"k":"bunker"},"geometry":{"type":"Polygon","coordinates":[[[-88.157179,41.846446],[-88.157148,41.846452],[-88.157153,41.846473],[-88.157146,41.846477],[-88.157167,41.846496],[-88.157191,41.846492],[-88.157209,41.846474],[-88.157192,41.846458],[-88.157197,41.846446],[-88.157179,41.846446]]]}},{"type":"Feature","properties":{"k":"bunker"},"geometry":{"type":"Polygon","coordinates":[[[-88.158254,41.846182],[-88.158242,41.846172],[-88.158223,41.846173],[-88.158197,41.846193],[-88.158186,41.846186],[-88.158156,41.846214],[-88.158186,41.846239],[-88.158182,41.84625],[-88.158166,41.846251],[-88.15817,41.846265],[-88.158214,41.846288],[-88.158256,41.846278],[-88.158261,41.846264],[-88.158239,41.84624],[-88.158276,41.846222],[-88.158261,41.846212],[-88.158265,41.846185],[-88.158254,41.846182]]]}},{"type":"Feature","properties":{"k":"bunker"},"geometry":{"type":"Polygon","coordinates":[[[-88.158372,41.846153],[-88.158331,41.846168],[-88.158306,41.846193],[-88.158326,41.846222],[-88.158305,41.846244],[-88.158327,41.846261],[-88.158347,41.846264],[-88.158372,41.846253],[-88.158361,41.846238],[-88.158375,41.846222],[-88.158401,41.846243],[-88.15843,41.84623],[-88.158428,41.846207],[-88.158395,41.846193],[-88.158397,41.846182],[-88.158412,41.846173],[-88.158387,41.846155],[-88.158372,41.846153]]]}},{"type":"Feature","properties":{"k":"bunker"},"geometry":{"type":"Polygon","coordinates":[[[-88.160136,41.846782],[-88.160093,41.846782],[-88.160071,41.846802],[-88.160104,41.846854],[-88.160136,41.846866],[-88.160163,41.84686],[-88.160179,41.846844],[-88.160157,41.846798],[-88.160136,41.846782]]]}},{"type":"Feature","properties":{"k":"bunker"},"geometry":{"type":"Polygon","coordinates":[[[-88.16019,41.846678],[-88.16017,41.846684],[-88.160161,41.846702],[-88.160102,41.846729],[-88.16006,41.8467],[-88.16,41.846676],[-88.159993,41.846655],[-88.160013,41.846644],[-88.160037,41.846614],[-88.160031,41.846595],[-88.160014,41.846578],[-88.159987,41.846581],[-88.159962,41.84657],[-88.159962,41.846554],[-88.159949,41.846539],[-88.159965,41.846519],[-88.16,41.846515],[-88.160014,41.846499],[-88.159987,41.846466],[-88.16,41.846443],[-88.160028,41.846426],[-88.160059,41.846442],[-88.160071,41.846434],[-88.160104,41.84646],[-88.160117,41.846484],[-88.160091,41.846499],[-88.16011,41.846562],[-88.160102,41.846589],[-88.160108,41.846623],[-88.16013,41.846633],[-88.160144,41.846618],[-88.160136,41.84655],[-88.160153,41.846537],[-88.160208,41.846537],[-88.160228,41.84655],[-88.160233,41.846571],[-88.160219,41.846582],[-88.160253,41.846611],[-88.160259,41.846638],[-88.160247,41.846668],[-88.160216,41.846684],[-88.16019,41.846678]]]}},{"type":"Feature","properties":{"k":"bunker"},"geometry":{"type":"Polygon","coordinates":[[[-88.160248,41.846302],[-88.160248,41.846326],[-88.16021,41.846345],[-88.160174,41.846345],[-88.160139,41.846356],[-88.160124,41.846383],[-88.160083,41.846379],[-88.16006,41.846365],[-88.160073,41.846328],[-88.160097,41.846329],[-88.160114,41.846314],[-88.160076,41.846295],[-88.160073,41.846267],[-88.16009,41.846249],[-88.160114,41.84626],[-88.160137,41.846254],[-88.160108,41.846207],[-88.160136,41.846176],[-88.160161,41.84617],[-88.160173,41.846184],[-88.160202,41.846186],[-88.160213,41.846208],[-88.160194,41.846223],[-88.160188,41.846258],[-88.16021,41.846261],[-88.160218,41.84624],[-88.160245,41.846243],[-88.160264,41.846266],[-88.160248,41.846302]]]}},{"type":"Feature","properties":{"k":"bunker"},"geometry":{"type":"Polygon","coordinates":[[[-88.15956,41.846408],[-88.159493,41.846447],[-88.159413,41.846453],[-88.159384,41.846463],[-88.159358,41.846456],[-88.159342,41.846463],[-88.159267,41.846439],[-88.159209,41.846348],[-88.159209,41.846316],[-88.15923,41.84629],[-88.159252,41.84628],[-88.159329,41.846333],[-88.159353,41.846325],[-88.159344,41.846278],[-88.159383,41.846258],[-88.159429,41.846263],[-88.159447,41.846305],[-88.159467,41.846313],[-88.159492,41.846301],[-88.15951,41.846277],[-88.159554,41.846285],[-88.159588,41.846329],[-88.159584,41.846372],[-88.15956,41.846408]]]}},{"type":"Feature","properties":{"k":"bunker"},"geometry":{"type":"Polygon","coordinates":[[[-88.160515,41.845617],[-88.160469,41.8456],[-88.160453,41.845568],[-88.160422,41.845553],[-88.160401,41.845514],[-88.160412,41.845468],[-88.160396,41.845451],[-88.160399,41.845423],[-88.160418,41.845411],[-88.160435,41.845423],[-88.160452,41.845416],[-88.160447,41.845397],[-88.160418,41.845375],[-88.160409,41.84535],[-88.160436,41.845337],[-88.160503,41.845337],[-88.160526,41.845355],[-88.160521,41.84538],[-88.160499,41.845398],[-88.160558,41.845425],[-88.16058,41.845456],[-88.160506,41.845487],[-88.160512,41.845514],[-88.160564,41.845533],[-88.160578,41.845546],[-88.160572,41.845564],[-88.160549,41.84557],[-88.160544,41.845613],[-88.160515,41.845617]]]}},{"type":"Feature","properties":{"k":"bunker"},"geometry":{"type":"Polygon","coordinates":[[[-88.159951,41.844813],[-88.159935,41.844823],[-88.159886,41.844805],[-88.15985,41.844825],[-88.15985,41.844846],[-88.159862,41.844867],[-88.159938,41.844889],[-88.15995,41.844908],[-88.159957,41.844926],[-88.159914,41.844952],[-88.159921,41.844973],[-88.159937,41.844985],[-88.16002,41.844997],[-88.160052,41.844988],[-88.160071,41.844954],[-88.160039,41.844927],[-88.160056,41.844909],[-88.160044,41.844895],[-88.160016,41.844896],[-88.160004,41.844874],[-88.160044,41.844835],[-88.160039,41.844806],[-88.16001,41.844787],[-88.159974,41.84479],[-88.159953,41.844801],[-88.159951,41.844813]]]}},{"type":"Feature","properties":{"k":"bunker"},"geometry":{"type":"Polygon","coordinates":[[[-88.160189,41.84482],[-88.160166,41.844823],[-88.160139,41.844808],[-88.160133,41.84479],[-88.160104,41.84479],[-88.160087,41.844802],[-88.160069,41.844793],[-88.160061,41.844774],[-88.160084,41.84475],[-88.160051,41.844715],[-88.160114,41.844688],[-88.160136,41.844695],[-88.160134,41.844717],[-88.160162,41.844724],[-88.160218,41.844711],[-88.160242,41.844724],[-88.160248,41.844751],[-88.160212,41.844766],[-88.160224,41.844802],[-88.160206,41.844817],[-88.160189,41.84482]]]}},{"type":"Feature","properties":{"k":"bunker"},"geometry":{"type":"Polygon","coordinates":[[[-88.160532,41.844658],[-88.160511,41.844673],[-88.16046,41.844685],[-88.160421,41.844666],[-88.16044,41.844634],[-88.160454,41.844631],[-88.160468,41.844647],[-88.160485,41.844644],[-88.160469,41.84462],[-88.16047,41.844603],[-88.160493,41.844598],[-88.160545,41.844608],[-88.160554,41.844647],[-88.160532,41.844658]]]}},{"type":"Feature","properties":{"k":"bunker"},"geometry":{"type":"Polygon","coordinates":[[[-88.160578,41.84452],[-88.160563,41.844532],[-88.160564,41.84455],[-88.160601,41.844582],[-88.160638,41.844587],[-88.160678,41.844579],[-88.160696,41.844565],[-88.160692,41.844547],[-88.160656,41.844524],[-88.160676,41.844495],[-88.160666,41.844476],[-88.160645,41.844467],[-88.160607,41.844462],[-88.160599,41.844487],[-88.160579,41.844504],[-88.160578,41.84452]]]}},{"type":"Feature","properties":{"k":"bunker"},"geometry":{"type":"Polygon","coordinates":[[[-88.15908,41.848415],[-88.158981,41.848422],[-88.158978,41.848444],[-88.159028,41.848479],[-88.159055,41.848477],[-88.15906,41.848467],[-88.159052,41.848448],[-88.159062,41.84845],[-88.159083,41.848484],[-88.159118,41.848492],[-88.15914,41.848473],[-88.159143,41.848442],[-88.159126,41.848427],[-88.159108,41.848429],[-88.15908,41.848415]]]}},{"type":"Feature","properties":{"k":"bunker"},"geometry":{"type":"Polygon","coordinates":[[[-88.156353,41.847757],[-88.156341,41.847781],[-88.156297,41.847779],[-88.15629,41.847789],[-88.156258,41.847763],[-88.156278,41.847737],[-88.156257,41.847729],[-88.156243,41.847737],[-88.156237,41.847721],[-88.156244,41.847707],[-88.156291,41.84769],[-88.156291,41.847705],[-88.156301,41.847714],[-88.156327,41.847702],[-88.156331,41.847689],[-88.156382,41.847679],[-88.156407,41.847708],[-88.156406,41.847732],[-88.156397,41.847745],[-88.156353,41.847757]]]}},{"type":"Feature","properties":{"k":"bunker"},"geometry":{"type":"Polygon","coordinates":[[[-88.15612,41.847666],[-88.156137,41.847694],[-88.156125,41.847714],[-88.156104,41.847722],[-88.156067,41.847705],[-88.156062,41.847685],[-88.156067,41.847673],[-88.156094,41.847655],[-88.15612,41.847666]]]}},{"type":"Feature","properties":{"k":"bunker"},"geometry":{"type":"Polygon","coordinates":[[[-88.156191,41.847476],[-88.156175,41.847499],[-88.156136,41.847518],[-88.156092,41.847493],[-88.156114,41.847466],[-88.156142,41.84746],[-88.15615,41.847433],[-88.15617,41.847419],[-88.156211,41.847424],[-88.156238,41.847451],[-88.156235,41.847463],[-88.156203,41.847478],[-88.156191,41.847476]]]}},{"type":"Feature","properties":{"k":"tee"},"geometry":{"type":"Polygon","coordinates":[[[-88.155398,41.847935],[-88.155249,41.847981],[-88.15538,41.848218],[-88.155529,41.848172],[-88.155398,41.847935]]]}},{"type":"Feature","properties":{"k":"tee"},"geometry":{"type":"Polygon","coordinates":[[[-88.15553,41.848365],[-88.155435,41.848389],[-88.155481,41.848491],[-88.155576,41.848467],[-88.15553,41.848365]]]}},{"type":"Feature","properties":{"k":"tee"},"geometry":{"type":"Polygon","coordinates":[[[-88.1556,41.848502],[-88.155518,41.848526],[-88.155589,41.848662],[-88.155672,41.848638],[-88.1556,41.848502]]]}},{"type":"Feature","properties":{"k":"fairway"},"geometry":{"type":"Polygon","coordinates":[[[-88.160427,41.84758],[-88.160325,41.847575],[-88.160222,41.847497],[-88.159874,41.847323],[-88.15978,41.847232],[-88.159748,41.847185],[-88.159692,41.847135],[-88.159661,41.847045],[-88.159661,41.846964],[-88.159484,41.846771],[-88.159433,41.846698],[-88.159388,41.846504],[-88.159433,41.846474],[-88.15954,41.84646],[-88.159617,41.846406],[-88.159661,41.84634],[-88.159633,41.846119],[-88.15965,41.846039],[-88.159703,41.845975],[-88.159748,41.845937],[-88.15976,41.845745],[-88.15979,41.84559],[-88.159815,41.845385],[-88.159881,41.845277],[-88.15993,41.845159],[-88.159923,41.845081],[-88.159998,41.845018],[-88.160065,41.845002],[-88.160142,41.84486],[-88.160247,41.844811],[-88.160297,41.84474],[-88.160287,41.844689],[-88.16029,41.844609],[-88.160325,41.844623],[-88.160406,41.844613],[-88.160411,41.844696],[-88.160495,41.844868],[-88.160507,41.845015],[-88.160423,41.8451],[-88.160353,41.845376],[-88.160374,41.845486],[-88.160282,41.845571],[-88.160287,41.845728],[-88.16017,41.845865],[-88.160135,41.845952],[-88.160135,41.846063],[-88.160124,41.846123],[-88.160075,41.846171],[-88.160028,41.846269],[-88.160016,41.846371],[-88.159939,41.846448],[-88.159893,41.846526],[-88.159902,41.846611],[-88.159956,41.846697],[-88.160033,41.846744],[-88.160037,41.846803],[-88.160014,41.846843],[-88.160149,41.846964],[-88.160208,41.847147],[-88.160331,41.847213],[-88.160392,41.847265],[-88.160502,41.847394],[-88.160509,41.847507],[-88.160495,41.847554],[-88.160427,41.84758]]]}},{"type":"Feature","properties":{"k":"green"},"geometry":{"type":"Polygon","coordinates":[[[-88.160271,41.84458],[-88.160258,41.844526],[-88.160268,41.844443],[-88.160313,41.844431],[-88.160451,41.844416],[-88.160533,41.844426],[-88.160555,41.844453],[-88.160549,41.844499],[-88.160534,41.844549],[-88.160492,41.844576],[-88.160452,41.84459],[-88.160424,41.844612],[-88.160325,41.844623],[-88.16029,41.844609],[-88.160271,41.84458]]]}},{"type":"Feature","properties":{"k":"tee"},"geometry":{"type":"Polygon","coordinates":[[[-88.159625,41.844462],[-88.159602,41.844494],[-88.159424,41.844507],[-88.15936,41.8445],[-88.159287,41.844468],[-88.159297,41.844427],[-88.159342,41.844404],[-88.159433,41.844409],[-88.159511,41.844431],[-88.159557,41.844427],[-88.159603,41.844432],[-88.159627,41.844445],[-88.159625,41.844462]]]}},{"type":"Feature","properties":{"k":"tee"},"geometry":{"type":"Polygon","coordinates":[[[-88.159609,41.844601],[-88.159583,41.84462],[-88.159523,41.844622],[-88.159455,41.844637],[-88.159374,41.844627],[-88.159343,41.844589],[-88.1593,41.844584],[-88.159231,41.844596],[-88.159199,41.844583],[-88.159185,41.844529],[-88.159217,41.84451],[-88.159271,41.844502],[-88.159339,41.84453],[-88.159406,41.844541],[-88.159505,41.844522],[-88.159593,41.844544],[-88.159622,41.844577],[-88.159609,41.844601]]]}},{"type":"Feature","properties":{"k":"tee"},"geometry":{"type":"Polygon","coordinates":[[[-88.159376,41.844825],[-88.159456,41.844866],[-88.15951,41.844905],[-88.159493,41.844954],[-88.159325,41.844997],[-88.15929,41.844994],[-88.159275,41.844971],[-88.15931,41.844866],[-88.159343,41.844832],[-88.159376,41.844825]]]}},{"type":"Feature","properties":{"k":"fairway"},"geometry":{"type":"Polygon","coordinates":[[[-88.158965,41.845289],[-88.158987,41.845388],[-88.158879,41.845455],[-88.158753,41.845606],[-88.158506,41.846051],[-88.158383,41.846109],[-88.158146,41.846157],[-88.158038,41.846237],[-88.157927,41.846258],[-88.157816,41.846258],[-88.15772,41.846302],[-88.157631,41.846329],[-88.157533,41.846345],[-88.157452,41.84632],[-88.157385,41.846311],[-88.157326,41.846318],[-88.157298,41.846345],[-88.157249,41.846375],[-88.157268,41.846336],[-88.157215,41.846315],[-88.157128,41.846307],[-88.157128,41.846292],[-88.157147,41.84629],[-88.157252,41.846297],[-88.157281,41.846292],[-88.157343,41.846252],[-88.157376,41.846209],[-88.157404,41.846151],[-88.15747,41.846097],[-88.157594,41.846029],[-88.157746,41.845989],[-88.15785,41.845979],[-88.1581,41.845876],[-88.158175,41.845796],[-88.158207,41.845737],[-88.158388,41.845526],[-88.158496,41.845452],[-88.15853,41.845413],[-88.158673,41.84537],[-88.158656,41.845293],[-88.158673,41.845225],[-88.158738,41.845202],[-88.158784,41.845196],[-88.158864,41.845214],[-88.158933,41.845246],[-88.158965,41.845289]]]}},{"type":"Feature","properties":{"k":"green"},"geometry":{"type":"Polygon","coordinates":[[[-88.157156,41.846431],[-88.157113,41.846431],[-88.157014,41.846455],[-88.156952,41.846438],[-88.15691,41.846417],[-88.156885,41.846394],[-88.156893,41.846354],[-88.156922,41.84629],[-88.156961,41.846272],[-88.157001,41.846239],[-88.157033,41.846242],[-88.157147,41.84629],[-88.157128,41.846292],[-88.157128,41.846307],[-88.157215,41.846315],[-88.157268,41.846336],[-88.157249,41.846375],[-88.157249,41.8464],[-88.157183,41.84643],[-88.157156,41.846431]]]}},{"type":"Feature","properties":{"k":"tee"},"geometry":{"type":"Polygon","coordinates":[[[-88.156816,41.846601],[-88.156853,41.846613],[-88.156878,41.846633],[-88.156891,41.846657],[-88.156883,41.846675],[-88.156837,41.846667],[-88.156797,41.846638],[-88.156789,41.846609],[-88.156796,41.846601],[-88.156816,41.846601]]]}},{"type":"Feature","properties":{"k":"tee"},"geometry":{"type":"Polygon","coordinates":[[[-88.157307,41.846742],[-88.157307,41.846906],[-88.157264,41.846911],[-88.157079,41.846836],[-88.156918,41.846754],[-88.156905,41.846725],[-88.156913,41.846695],[-88.156937,41.846683],[-88.15697,41.846681],[-88.157078,41.846736],[-88.157131,41.846747],[-88.157182,41.846739],[-88.157217,41.846714],[-88.157257,41.846706],[-88.157308,41.846728],[-88.157307,41.846742]]]}},{"type":"Feature","properties":{"k":"tee"},"geometry":{"type":"Polygon","coordinates":[[[-88.157752,41.847048],[-88.157769,41.847147],[-88.157757,41.847164],[-88.157724,41.847162],[-88.157673,41.847116],[-88.157667,41.847052],[-88.157679,41.847031],[-88.15772,41.847016],[-88.157753,41.84703],[-88.157752,41.847048]]]}},{"type":"Feature","properties":{"k":"tee"},"geometry":{"type":"Polygon","coordinates":[[[-88.157749,41.847349],[-88.157768,41.847375],[-88.15775,41.847398],[-88.15772,41.8474],[-88.157686,41.84738],[-88.157669,41.847358],[-88.157666,41.847333],[-88.157704,41.847314],[-88.157741,41.847327],[-88.157749,41.847349]]]}},{"type":"Feature","properties":{"k":"fairway"},"geometry":{"type":"Polygon","coordinates":[[[-88.15812,41.847353],[-88.158028,41.847372],[-88.157873,41.847465],[-88.157861,41.847536],[-88.157949,41.84764],[-88.158055,41.847692],[-88.158162,41.847732],[-88.15824,41.847788],[-88.158268,41.847867],[-88.158283,41.848027],[-88.158326,41.848096],[-88.158413,41.848157],[-88.158527,41.848214],[-88.158801,41.848374],[-88.158941,41.848392],[-88.159103,41.848391],[-88.159174,41.848403],[-88.159255,41.848464],[-88.159291,41.848518],[-88.159448,41.848588],[-88.159573,41.848603],[-88.159856,41.848621],[-88.160043,41.848647],[-88.160167,41.848656],[-88.160151,41.848555],[-88.160177,41.848508],[-88.160206,41.848493],[-88.1602,41.848477],[-88.160149,41.848476],[-88.160066,41.848433],[-88.159955,41.848415],[-88.159873,41.848424],[-88.15956,41.84835],[-88.159138,41.848186],[-88.158906,41.848081],[-88.158538,41.847758],[-88.158505,41.847623],[-88.158423,41.847501],[-88.158296,41.847395],[-88.158202,41.847361],[-88.15812,41.847353]]]}},{"type":"Feature","properties":{"k":"green"},"geometry":{"type":"Polygon","coordinates":[[[-88.160244,41.84869],[-88.160291,41.848705],[-88.16035,41.848689],[-88.160405,41.848658],[-88.160457,41.848603],[-88.160463,41.848548],[-88.160443,41.848506],[-88.160327,41.848467],[-88.16026,41.848473],[-88.160177,41.848508],[-88.160151,41.848555],[-88.160167,41.848656],[-88.160244,41.84869]]]}},{"type":"Feature","properties":{"k":"tee"},"geometry":{"type":"Polygon","coordinates":[[[-88.157884,41.850168],[-88.157872,41.850218],[-88.15792,41.850327],[-88.157927,41.850378],[-88.157872,41.850393],[-88.157824,41.850383],[-88.157787,41.850336],[-88.157773,41.850274],[-88.157773,41.850223],[-88.157821,41.850094],[-88.157849,41.85007],[-88.157881,41.850059],[-88.157906,41.850067],[-88.157921,41.850091],[-88.157923,41.850122],[-88.157912,41.850147],[-88.157884,41.850168]]]}},{"type":"Feature","properties":{"k":"tee"},"geometry":{"type":"Polygon","coordinates":[[[-88.157864,41.849957],[-88.157852,41.850002],[-88.157799,41.850024],[-88.157782,41.849996],[-88.157778,41.849958],[-88.157789,41.849928],[-88.157829,41.849924],[-88.157856,41.849932],[-88.157864,41.849957]]]}},{"type":"Feature","properties":{"k":"tee"},"geometry":{"type":"Polygon","coordinates":[[[-88.157635,41.849715],[-88.157667,41.849753],[-88.157675,41.849799],[-88.157639,41.849832],[-88.157591,41.849831],[-88.157548,41.849753],[-88.157555,41.849724],[-88.157595,41.849708],[-88.157635,41.849715]]]}},{"type":"Feature","properties":{"k":"fairway"},"geometry":{"type":"Polygon","coordinates":[[[-88.157232,41.849285],[-88.15725,41.84923],[-88.157197,41.849115],[-88.157192,41.849066],[-88.157205,41.848995],[-88.157151,41.848876],[-88.157038,41.848699],[-88.157025,41.84865],[-88.157081,41.848509],[-88.157177,41.848413],[-88.157201,41.84833],[-88.157202,41.848226],[-88.157179,41.848152],[-88.157083,41.848133],[-88.157016,41.848162],[-88.156919,41.848184],[-88.156829,41.848188],[-88.156738,41.848147],[-88.156684,41.848059],[-88.156674,41.847983],[-88.156732,41.847901],[-88.156766,41.847831],[-88.156694,41.84776],[-88.156595,41.847725],[-88.15652,41.847708],[-88.156463,41.847609],[-88.156396,41.84756],[-88.156403,41.847612],[-88.15637,41.847653],[-88.156398,41.847674],[-88.156424,41.847717],[-88.156421,41.847753],[-88.156369,41.84778],[-88.1563,41.847845],[-88.156404,41.847918],[-88.156482,41.847931],[-88.156525,41.847986],[-88.156431,41.84812],[-88.156665,41.8483],[-88.156696,41.848391],[-88.156628,41.848491],[-88.156617,41.84856],[-88.156662,41.848633],[-88.156675,41.84875],[-88.156743,41.848877],[-88.156929,41.849043],[-88.156929,41.849157],[-88.156959,41.849239],[-88.157003,41.849285],[-88.157078,41.849311],[-88.157149,41.849314],[-88.157196,41.84931],[-88.157232,41.849285]]]}},{"type":"Feature","properties":{"k":"green"},"geometry":{"type":"Polygon","coordinates":[[[-88.156389,41.847549],[-88.156344,41.847496],[-88.156296,41.847468],[-88.156235,41.847479],[-88.156086,41.847556],[-88.156055,41.847579],[-88.156061,41.847614],[-88.156177,41.847668],[-88.156244,41.847673],[-88.156346,41.847658],[-88.15637,41.847653],[-88.156403,41.847612],[-88.156389,41.847549]]]}},{"type":"Feature","properties":{"k":"tee"},"geometry":{"type":"Polygon","coordinates":[[[-88.155075,41.848603],[-88.154907,41.84861],[-88.154925,41.848871],[-88.155093,41.848864],[-88.155075,41.848603]]]}},{"type":"Feature","properties":{"k":"tee"},"geometry":{"type":"Polygon","coordinates":[[[-88.155073,41.84896],[-88.155076,41.849026],[-88.154945,41.849029],[-88.154942,41.848964],[-88.155073,41.84896]]]}},{"type":"Feature","properties":{"k":"tee"},"geometry":{"type":"Polygon","coordinates":[[[-88.15829,41.850573],[-88.158281,41.850596],[-88.158197,41.850573],[-88.158178,41.85054],[-88.158192,41.85051],[-88.158227,41.850514],[-88.158276,41.85054],[-88.15829,41.850573]]]}},{"type":"Feature","properties":{"k":"path"},"geometry":{"type":"LineString","coordinates":[[-88.155194,41.847726],[-88.155157,41.847898],[-88.155199,41.848104],[-88.155276,41.848359],[-88.15564,41.84898],[-88.155643,41.849092],[-88.155738,41.849191],[-88.155832,41.84942],[-88.155876,41.8495],[-88.155918,41.849645],[-88.155888,41.849819],[-88.156005,41.850005],[-88.15617,41.85024],[-88.156563,41.850468],[-88.156668,41.85057],[-88.156824,41.850628],[-88.156976,41.850668],[-88.157032,41.850741],[-88.157055,41.850928],[-88.157037,41.851022],[-88.157139,41.851219],[-88.157144,41.851276],[-88.15702,41.85148],[-88.157018,41.851582],[-88.157065,41.851666],[-88.157198,41.851749],[-88.157336,41.851781],[-88.157441,41.85176],[-88.157634,41.851556],[-88.157672,41.851469],[-88.157707,41.851353],[-88.1577,41.851261],[-88.157912,41.851123],[-88.158008,41.851125],[-88.158092,41.851135],[-88.158167,41.85109],[-88.158477,41.85084],[-88.158935,41.850647],[-88.159038,41.850577],[-88.15911,41.850473],[-88.159196,41.850316],[-88.159334,41.850255],[-88.160333,41.850364],[-88.160471,41.85036],[-88.160909,41.850163],[-88.160978,41.85015],[-88.161103,41.850213]]}},{"type":"Feature","properties":{"k":"path"},"geometry":{"type":"LineString","coordinates":[[-88.159334,41.850255],[-88.159115,41.850128],[-88.15844,41.850048],[-88.158426,41.849955],[-88.158617,41.849882],[-88.158795,41.84988],[-88.159021,41.849826],[-88.159227,41.849744],[-88.159444,41.849763],[-88.159588,41.8496],[-88.159738,41.849478],[-88.159929,41.849412],[-88.160221,41.849473],[-88.160389,41.84948],[-88.160548,41.84944],[-88.160653,41.849403],[-88.160889,41.849421],[-88.161097,41.849395],[-88.161284,41.849337],[-88.161447,41.849334],[-88.161683,41.849306],[-88.161837,41.849327],[-88.162036,41.84937],[-88.162115,41.849381],[-88.162227,41.849334],[-88.162276,41.849266],[-88.162416,41.849221],[-88.162547,41.84913],[-88.162603,41.849054],[-88.162612,41.848923],[-88.162521,41.84884],[-88.16236,41.84873],[-88.162276,41.848695],[-88.162108,41.8487],[-88.161713,41.848405],[-88.161529,41.848323],[-88.161104,41.848304],[-88.160756,41.848118],[-88.160707,41.847974],[-88.160527,41.847928],[-88.160305,41.847906],[-88.160238,41.847826],[-88.16021,41.847598],[-88.160142,41.847499],[-88.159901,41.847424],[-88.159701,41.847213],[-88.159476,41.847118],[-88.159364,41.847024],[-88.15914,41.846735],[-88.159103,41.846624],[-88.159187,41.846406],[-88.159182,41.846311],[-88.159411,41.8461],[-88.1596,41.84579],[-88.159701,41.845542],[-88.15978,41.845404],[-88.159843,41.845236],[-88.159766,41.84486],[-88.159785,41.844806],[-88.159999,41.844649],[-88.160025,41.844601],[-88.159967,41.844338],[-88.159918,41.84431],[-88.159799,41.844371],[-88.159703,41.844503],[-88.159705,41.84462],[-88.159621,41.844778],[-88.159619,41.844919],[-88.159262,41.845234],[-88.159164,41.845356],[-88.159136,41.845629],[-88.159077,41.845719],[-88.158918,41.845822],[-88.158692,41.845928],[-88.158587,41.846102],[-88.158559,41.846194],[-88.158456,41.846279],[-88.15833,41.846325],[-88.157959,41.846375],[-88.1577,41.846434],[-88.157534,41.846514],[-88.157454,41.846587],[-88.157356,41.846604],[-88.157331,41.846645],[-88.157352,41.846664],[-88.157382,41.846672],[-88.157417,41.846655],[-88.157454,41.846587],[-88.157608,41.846552],[-88.157695,41.846566],[-88.157804,41.846636],[-88.157863,41.846751],[-88.157861,41.846846],[-88.157809,41.846977],[-88.157828,41.847375],[-88.157786,41.847488],[-88.15777,41.847592],[-88.157814,41.847667],[-88.157984,41.847725],[-88.158071,41.847727],[-88.158194,41.847789],[-88.15823,41.847888],[-88.158225,41.848102],[-88.158246,41.848187],[-88.158351,41.848273],[-88.159199,41.848627],[-88.159437,41.8487],[-88.159712,41.848744],[-88.159955,41.848774],[-88.159976,41.848895],[-88.159932,41.848968],[-88.159782,41.848956],[-88.159715,41.848921],[-88.159588,41.848925],[-88.159532,41.84897],[-88.159451,41.849012],[-88.15932,41.849007],[-88.159257,41.849027],[-88.159145,41.849123],[-88.159009,41.849118],[-88.158862,41.849153],[-88.158694,41.849243],[-88.158584,41.849322],[-88.158465,41.849304],[-88.158363,41.849264],[-88.158211,41.849226],[-88.157987,41.849278],[-88.157893,41.849386],[-88.157898,41.849504],[-88.157933,41.849676],[-88.157998,41.849895],[-88.158008,41.850026],[-88.157982,41.850076],[-88.158017,41.850128],[-88.158087,41.850146],[-88.158157,41.850115],[-88.15815,41.850042],[-88.158071,41.850022],[-88.158008,41.850026],[-88.157947,41.849974],[-88.157896,41.849868],[-88.157821,41.849817],[-88.157737,41.849713],[-88.157672,41.849647],[-88.156955,41.849348],[-88.156801,41.849252],[-88.156726,41.849101],[-88.156674,41.848928],[-88.156537,41.848786],[-88.156352,41.84864],[-88.156393,41.848397]]}},{"type":"Feature","properties":{"k":"water"},"geometry":{"type":"Polygon","coordinates":[[[-88.161914,41.848718],[-88.16193,41.848749],[-88.161918,41.848777],[-88.16192,41.84881],[-88.161937,41.848829],[-88.161927,41.848851],[-88.161806,41.848861],[-88.161761,41.84887],[-88.161733,41.848884],[-88.161695,41.84891],[-88.161673,41.848938],[-88.161647,41.849015],[-88.161628,41.849027],[-88.161474,41.849062],[-88.161428,41.849062],[-88.161285,41.849035],[-88.161247,41.849051],[-88.161218,41.849105],[-88.161151,41.849127],[-88.161121,41.849145],[-88.16106,41.849243],[-88.161029,41.849258],[-88.161001,41.849253],[-88.160972,41.849233],[-88.160936,41.849148],[-88.160865,41.849087],[-88.160831,41.84903],[-88.160827,41.848995],[-88.160843,41.848954],[-88.1609,41.848863],[-88.160901,41.848829],[-88.160788,41.848718],[-88.160795,41.848681],[-88.160827,41.848638],[-88.160867,41.848613],[-88.160914,41.84861],[-88.160958,41.848634],[-88.160992,41.848682],[-88.161056,41.848718],[-88.161139,41.848707],[-88.161186,41.848681],[-88.161208,41.84865],[-88.161213,41.848615],[-88.161151,41.848553],[-88.161116,41.848471],[-88.161119,41.848416],[-88.161163,41.848385],[-88.161194,41.848378],[-88.161242,41.848385],[-88.161308,41.848379],[-88.161357,41.848359],[-88.161476,41.848376],[-88.161529,41.848392],[-88.161646,41.848473],[-88.1617,41.848492],[-88.161745,41.848524],[-88.161768,41.848564],[-88.161787,41.848659],[-88.161844,41.848703],[-88.161876,41.848703],[-88.161914,41.848718]]]}},{"type":"Feature","properties":{"k":"path"},"geometry":{"type":"LineString","coordinates":[[-88.159918,41.84431],[-88.159974,41.844282],[-88.160324,41.844269],[-88.160472,41.844285],[-88.160625,41.844266],[-88.16071,41.844321],[-88.16077,41.844374],[-88.160851,41.844414],[-88.160897,41.844469],[-88.160851,41.844567],[-88.160833,41.844662],[-88.160901,41.844741]]}},{"type":"Feature","properties":{"k":"path"},"geometry":{"type":"LineString","coordinates":[[-88.159974,41.844282],[-88.159889,41.84424],[-88.159804,41.844249],[-88.159724,41.844299],[-88.159308,41.844304],[-88.159202,41.844352],[-88.158822,41.844432],[-88.158525,41.844448],[-88.158377,41.844427],[-88.158154,41.844419],[-88.158073,41.844389],[-88.158012,41.844483],[-88.157873,41.844537],[-88.15776,41.844622],[-88.157691,41.844701],[-88.157451,41.84477],[-88.157077,41.845207]]}},{"type":"Feature","properties":{"k":"path"},"geometry":{"type":"LineString","coordinates":[[-88.155157,41.847898],[-88.155024,41.848129],[-88.154871,41.84823],[-88.154843,41.848332],[-88.154847,41.848667],[-88.154886,41.849139],[-88.154783,41.849376],[-88.154784,41.849416],[-88.154847,41.849527],[-88.154816,41.849716],[-88.154775,41.849859],[-88.154662,41.850022],[-88.154629,41.850116],[-88.154617,41.850255],[-88.15459,41.850333],[-88.154489,41.850414],[-88.154452,41.850458],[-88.154428,41.850575],[-88.154393,41.85064],[-88.154275,41.850717],[-88.154088,41.850791],[-88.153991,41.850881],[-88.153895,41.851028],[-88.153733,41.851183],[-88.153482,41.851209],[-88.153332,41.851343],[-88.153167,41.851409],[-88.153049,41.851559],[-88.152989,41.851707],[-88.153058,41.851839]]}},{"type":"Feature","properties":{"k":"path"},"geometry":{"type":"LineString","coordinates":[[-88.149616,41.85486],[-88.149722,41.85483],[-88.14974,41.854716],[-88.149659,41.854592],[-88.149517,41.85453],[-88.149197,41.854545],[-88.148374,41.854707],[-88.147736,41.854869],[-88.147506,41.854892],[-88.147291,41.854978],[-88.147132,41.855151],[-88.147029,41.855312],[-88.146962,41.855511],[-88.146894,41.855493],[-88.146874,41.855424],[-88.146866,41.855329],[-88.146902,41.855229],[-88.146905,41.855135],[-88.146856,41.855043],[-88.146868,41.854919],[-88.14677,41.854755],[-88.146642,41.854398],[-88.146671,41.854147],[-88.146793,41.853552],[-88.146801,41.853405],[-88.14674,41.853181],[-88.146825,41.853034],[-88.146933,41.852944],[-88.146929,41.852825],[-88.146612,41.85259],[-88.146492,41.852452],[-88.146504,41.85208],[-88.146673,41.851695],[-88.147031,41.85118],[-88.147124,41.850984],[-88.14722,41.850888],[-88.147248,41.850755],[-88.147303,41.850678],[-88.147291,41.850526],[-88.147352,41.850431],[-88.147577,41.850349],[-88.147706,41.850257],[-88.147811,41.85011],[-88.148025,41.850062],[-88.148366,41.850125],[-88.14862,41.850125],[-88.148801,41.850143],[-88.148907,41.850134],[-88.148998,41.850086],[-88.149114,41.849969],[-88.149334,41.84984],[-88.149496,41.849834],[-88.149645,41.849875],[-88.149777,41.849901],[-88.149801,41.849786],[-88.14971,41.849472],[-88.149667,41.849292],[-88.149529,41.849123],[-88.149462,41.849109],[-88.149492,41.849368],[-88.149417,41.849494],[-88.149421,41.8497],[-88.149334,41.84984]]}},{"type":"Feature","properties":{"k":"path"},"geometry":{"type":"LineString","coordinates":[[-88.149462,41.849109],[-88.149287,41.848926],[-88.149219,41.848543],[-88.149248,41.848164],[-88.149191,41.847597],[-88.149343,41.847486],[-88.149433,41.847387],[-88.149452,41.847222],[-88.14939,41.847121],[-88.149419,41.846984],[-88.149415,41.846827],[-88.149477,41.846688],[-88.149643,41.846698],[-88.149681,41.846758],[-88.14975,41.846762],[-88.14976,41.84671],[-88.149688,41.846682],[-88.149643,41.846698]]}},{"type":"Feature","properties":{"k":"path"},"geometry":{"type":"LineString","coordinates":[[-88.149477,41.846688],[-88.149314,41.846538],[-88.149201,41.846454],[-88.149258,41.846296],[-88.149424,41.846172],[-88.149642,41.846073],[-88.149797,41.84602],[-88.149854,41.845934],[-88.149859,41.845741],[-88.149872,41.845667],[-88.150072,41.845499],[-88.150091,41.845431],[-88.150033,41.845306],[-88.150063,41.845236],[-88.150312,41.845179],[-88.150383,41.845088],[-88.150392,41.844958],[-88.150289,41.84481],[-88.15025,41.844731],[-88.150314,41.844528],[-88.150379,41.844357],[-88.150413,41.844045],[-88.150459,41.843794],[-88.150546,41.843596],[-88.150588,41.84343],[-88.150799,41.843252],[-88.150907,41.843192],[-88.151241,41.84322],[-88.151337,41.843196],[-88.151401,41.84309],[-88.151478,41.843092],[-88.15156,41.843119],[-88.151641,41.843071],[-88.151792,41.842934],[-88.151962,41.842834],[-88.152234,41.842801],[-88.15239,41.842836],[-88.152423,41.842833],[-88.152521,41.8428],[-88.152777,41.842757],[-88.152935,41.842755],[-88.153089,41.842843],[-88.153098,41.842913],[-88.153071,41.842985],[-88.153057,41.843079],[-88.153112,41.843326],[-88.153621,41.843302],[-88.153715,41.843319],[-88.153772,41.843346]]}},{"type":"Feature","properties":{"k":"path"},"geometry":{"type":"LineString","coordinates":[[-88.155358,41.846601],[-88.155226,41.846493],[-88.155099,41.846439],[-88.155053,41.846403],[-88.155022,41.846342],[-88.155005,41.846209],[-88.154948,41.846099],[-88.15493,41.845966],[-88.154803,41.845658],[-88.154702,41.845549],[-88.154678,41.845504]]}},{"type":"Feature","properties":{"k":"tee"},"geometry":{"type":"Polygon","coordinates":[[[-88.155398,41.847913],[-88.155275,41.847951],[-88.155222,41.847857],[-88.155344,41.847819],[-88.155398,41.847913]]]}},{"type":"Feature","properties":{"k":"path"},"geometry":{"type":"LineString","coordinates":[[-88.154645,41.842777],[-88.154785,41.842769],[-88.154897,41.842783],[-88.154988,41.842809],[-88.155053,41.842855],[-88.155141,41.842883],[-88.155254,41.842895],[-88.155377,41.842947],[-88.155466,41.843046],[-88.155514,41.843182],[-88.155579,41.843236],[-88.155721,41.843306],[-88.155866,41.84334],[-88.155978,41.843336],[-88.156051,41.843372],[-88.156214,41.843422],[-88.156362,41.843454],[-88.15648,41.843462],[-88.156561,41.843482],[-88.156736,41.843573],[-88.156889,41.843619],[-88.15698,41.843631],[-88.157169,41.843735],[-88.157204,41.843746],[-88.157399,41.843737],[-88.157488,41.843762],[-88.157539,41.843756],[-88.157736,41.843697],[-88.158232,41.843641],[-88.158318,41.843605],[-88.158629,41.843599],[-88.158741,41.843565],[-88.158865,41.843564],[-88.159015,41.843526],[-88.159161,41.843452],[-88.159411,41.843372],[-88.159576,41.843346],[-88.159902,41.84332],[-88.160052,41.843266],[-88.160154,41.843271],[-88.160272,41.843342],[-88.160387,41.843384],[-88.160505,41.843376],[-88.160602,41.843358],[-88.160672,41.84337],[-88.160728,41.843414],[-88.160704,41.843448],[-88.160599,41.843474],[-88.160353,41.843498],[-88.160165,41.843574],[-88.159942,41.84357],[-88.159822,41.843626],[-88.15973,41.843632],[-88.159666,41.843614],[-88.159438,41.843716],[-88.159336,41.843738],[-88.159132,41.843674],[-88.159073,41.843666],[-88.158958,41.843704],[-88.158875,41.8438],[-88.1588,41.843824],[-88.158614,41.843798],[-88.158496,41.843834],[-88.158365,41.84392],[-88.158325,41.844018],[-88.158325,41.844132],[-88.158239,41.84419],[-88.158083,41.844192],[-88.157984,41.844202],[-88.157936,41.844162],[-88.157871,41.844084],[-88.157721,41.844028],[-88.157558,41.84402],[-88.156986,41.844122]]}},{"type":"Feature","properties":{"k":"path"},"geometry":{"type":"LineString","coordinates":[[-88.155862,41.846659],[-88.155956,41.846654],[-88.155986,41.846582],[-88.155958,41.846537],[-88.156047,41.846473],[-88.156103,41.846455],[-88.156133,41.846377],[-88.156117,41.846294],[-88.156133,41.84624],[-88.156203,41.846182],[-88.156511,41.846076],[-88.156689,41.846041],[-88.156862,41.845988],[-88.156933,41.845872],[-88.156954,41.845725],[-88.15681,41.845622],[-88.156847,41.845494],[-88.15705,41.845347],[-88.157077,41.845207]]}},{"type":"Feature","properties":{"k":"tee"},"geometry":{"type":"Polygon","coordinates":[[[-88.154376,41.848166],[-88.154218,41.848158],[-88.154196,41.84839],[-88.154353,41.848399],[-88.154376,41.848166]]]}},{"type":"Feature","properties":{"k":"tee"},"geometry":{"type":"Polygon","coordinates":[[[-88.154261,41.848611],[-88.154255,41.848736],[-88.154149,41.848733],[-88.154155,41.848608],[-88.154261,41.848611]]]}},{"type":"Feature","properties":{"k":"tee"},"geometry":{"type":"Polygon","coordinates":[[[-88.154003,41.848885],[-88.154003,41.849019],[-88.153903,41.849019],[-88.153903,41.848885],[-88.154003,41.848885]]]}},{"type":"Feature","properties":{"k":"range"},"geometry":{"type":"Polygon","coordinates":[[[-88.153065,41.848096],[-88.151992,41.847905],[-88.151515,41.849271],[-88.151525,41.849855],[-88.151423,41.850182],[-88.152303,41.850338],[-88.152888,41.850182],[-88.152818,41.849863],[-88.15292,41.849739],[-88.153038,41.849531],[-88.152872,41.849323],[-88.153033,41.848792],[-88.153151,41.848292],[-88.153065,41.848096]]]}},{"type":"Feature","properties":{"k":"path"},"geometry":{"type":"LineString","coordinates":[[-88.153106,41.851487],[-88.153024,41.851447],[-88.152902,41.851447],[-88.15265,41.851512],[-88.152266,41.851441],[-88.152146,41.851401],[-88.152103,41.851345],[-88.152109,41.851218],[-88.152148,41.851152],[-88.152504,41.85107],[-88.152583,41.851033],[-88.152662,41.850956],[-88.152788,41.850744],[-88.15279,41.850623],[-88.152664,41.850524],[-88.152494,41.850535],[-88.152363,41.850617],[-88.15223,41.850676],[-88.151973,41.850704],[-88.15184,41.850777],[-88.151772,41.850884],[-88.151606,41.851038],[-88.151389,41.851205],[-88.15134,41.851321],[-88.151282,41.851427],[-88.151121,41.851471],[-88.150899,41.851471],[-88.150801,41.851497],[-88.150684,41.851592],[-88.150598,41.851619],[-88.150427,41.851615],[-88.150306,41.851645],[-88.150299,41.851706],[-88.150329,41.851812],[-88.150327,41.85186],[-88.15028,41.851906],[-88.1502,41.851925],[-88.150025,41.851926],[-88.149486,41.85229],[-88.149437,41.852457],[-88.149281,41.85254],[-88.149075,41.85262],[-88.148928,41.852733],[-88.148837,41.852843],[-88.148543,41.852953],[-88.148498,41.853008],[-88.148353,41.853114],[-88.148225,41.85314],[-88.14816,41.853076],[-88.148181,41.852998],[-88.148248,41.852949],[-88.148206,41.852862],[-88.148148,41.852782],[-88.148174,41.852608],[-88.14809,41.85254],[-88.148001,41.852483],[-88.148022,41.852391],[-88.148122,41.85232],[-88.148209,41.852245],[-88.148272,41.85217],[-88.148377,41.852163],[-88.14844,41.852121],[-88.14848,41.852019],[-88.148643,41.851799],[-88.148811,41.85162],[-88.148863,41.851385],[-88.148923,41.851326],[-88.149019,41.851292],[-88.149098,41.851231],[-88.149122,41.851098],[-88.149129,41.85098],[-88.149442,41.850859],[-88.149913,41.850763],[-88.149972,41.850698],[-88.149997,41.850578],[-88.150077,41.850547],[-88.150203,41.850528],[-88.150238,41.850497],[-88.15024,41.850427],[-88.150259,41.850323],[-88.150394,41.850185],[-88.150408,41.85006],[-88.150495,41.849822],[-88.15044,41.849528],[-88.15038,41.849467],[-88.150436,41.849175],[-88.150334,41.848969]]}},{"type":"Feature","properties":{"k":"path"},"geometry":{"type":"LineString","coordinates":[[-88.154101,41.848206],[-88.154072,41.848742],[-88.154044,41.848798],[-88.153853,41.848843],[-88.153847,41.848935],[-88.153881,41.849146],[-88.153964,41.849229],[-88.153936,41.849553],[-88.153797,41.849833],[-88.153597,41.850427],[-88.153477,41.850544],[-88.153258,41.850555],[-88.152762,41.850786]]}},{"type":"Feature","properties":{"k":"path"},"geometry":{"type":"LineString","coordinates":[[-88.150982,41.846594],[-88.1511,41.84681],[-88.151127,41.847002],[-88.151191,41.847262],[-88.151111,41.847409],[-88.150918,41.847521],[-88.150789,41.847625],[-88.150644,41.847705],[-88.150638,41.847801],[-88.150456,41.847885],[-88.150327,41.848037],[-88.150376,41.848121],[-88.150306,41.848273],[-88.150231,41.84838],[-88.150322,41.84852],[-88.150317,41.848728],[-88.150263,41.848828],[-88.150334,41.848969]]}},{"type":"Feature","properties":{"k":"path"},"geometry":{"type":"LineString","coordinates":[[-88.150982,41.846594],[-88.150958,41.84651],[-88.15099,41.84641],[-88.151173,41.846188],[-88.151299,41.846154],[-88.151301,41.846098],[-88.151183,41.846054],[-88.151028,41.846014],[-88.150926,41.845946],[-88.150974,41.845764],[-88.150918,41.84554],[-88.150926,41.84543],[-88.151127,41.845273],[-88.151331,41.845072],[-88.151583,41.844703],[-88.15175,41.844615],[-88.151848,41.844527],[-88.151864,41.84444],[-88.15186,41.844324],[-88.151905,41.844279],[-88.151961,41.844252],[-88.152124,41.844194],[-88.152331,41.844143],[-88.152714,41.844021],[-88.152903,41.843987]]}},{"type":"Feature","properties":{"k":"water"},"geometry":{"type":"Polygon","coordinates":[[[-88.151998,41.846212],[-88.151941,41.846216],[-88.151901,41.846233],[-88.151863,41.846239],[-88.151796,41.846239],[-88.15175,41.846253],[-88.151663,41.846334],[-88.151524,41.846386],[-88.151485,41.846429],[-88.151478,41.846453],[-88.15154,41.846522],[-88.151579,41.846608],[-88.151603,41.846632],[-88.151665,41.846674],[-88.151814,41.846715],[-88.151846,41.846746],[-88.151867,41.846878],[-88.151903,41.846904],[-88.152014,41.846939],[-88.152141,41.846927],[-88.152188,41.846891],[-88.152189,41.846846],[-88.15217,41.846806],[-88.152191,41.846695],[-88.152185,41.846575],[-88.152161,41.846475],[-88.152168,41.846393],[-88.152155,41.84634],[-88.152134,41.846286],[-88.152097,41.846247],[-88.152047,41.846215],[-88.151998,41.846212]]]}},{"type":"Feature","properties":{"k":"rough"},"geometry":{"type":"Polygon","coordinates":[[[-88.151867,41.846349],[-88.151823,41.846347],[-88.151739,41.846366],[-88.151718,41.846388],[-88.151702,41.84643],[-88.151711,41.846462],[-88.151766,41.846484],[-88.151882,41.846451],[-88.151892,41.846425],[-88.151869,41.846412],[-88.151843,41.846408],[-88.151841,41.8464],[-88.151849,41.846392],[-88.151907,41.846384],[-88.151906,41.846372],[-88.151901,41.846357],[-88.151867,41.846349]]]}},{"type":"Feature","properties":{"k":"path"},"geometry":{"type":"LineString","coordinates":[[-88.151127,41.845273],[-88.15124,41.845249],[-88.151314,41.845257],[-88.151494,41.845323],[-88.151816,41.845486],[-88.151972,41.845626],[-88.152096,41.8457],[-88.152708,41.845976],[-88.152892,41.846079],[-88.153222,41.846103]]}},{"type":"Feature","properties":{"k":"tee"},"geometry":{"type":"Polygon","coordinates":[[[-88.157826,41.843126],[-88.157758,41.843126],[-88.15776,41.843094],[-88.157829,41.843095],[-88.157826,41.843126]]]}},{"type":"Feature","properties":{"k":"path"},"geometry":{"type":"LineString","coordinates":[[-88.153092,41.851916],[-88.153137,41.852018],[-88.152913,41.852237],[-88.152743,41.852305],[-88.152566,41.85228],[-88.152377,41.852348],[-88.152202,41.852531],[-88.152139,41.85279],[-88.151761,41.852969],[-88.151165,41.85319],[-88.150596,41.853327],[-88.150391,41.853565],[-88.14987,41.853723],[-88.149765,41.853932],[-88.14947,41.854076],[-88.149224,41.854263],[-88.148888,41.854283],[-88.148758,41.854325],[-88.14876,41.85463]]}},{"type":"Feature","properties":{"k":"path"},"geometry":{"type":"LineString","coordinates":[[-88.153058,41.851839],[-88.153092,41.851916]]}},{"type":"Feature","properties":{"k":"stream"},"geometry":{"type":"LineString","coordinates":[[-88.153633,41.851911],[-88.15347,41.851899]]}},{"type":"Feature","properties":{"k":"stream"},"geometry":{"type":"LineString","coordinates":[[-88.160969,41.848908],[-88.160519,41.848855],[-88.160034,41.848843]]}},{"type":"Feature","properties":{"k":"stream"},"geometry":{"type":"LineString","coordinates":[[-88.160034,41.848843],[-88.1599,41.84884]]}},{"type":"Feature","properties":{"k":"path"},"geometry":{"type":"LineString","coordinates":[[-88.153052,41.84399],[-88.153084,41.843987],[-88.153128,41.843946],[-88.153136,41.843867],[-88.153108,41.843682],[-88.153071,41.843646],[-88.15312,41.843416],[-88.153112,41.843326]]}},{"type":"Feature","properties":{"k":"path"},"geometry":{"type":"LineString","coordinates":[[-88.152903,41.843987],[-88.153052,41.84399]]}},{"type":"Feature","properties":{"k":"path"},"geometry":{"type":"LineString","coordinates":[[-88.155716,41.847727],[-88.155626,41.847765],[-88.155411,41.847619],[-88.15536,41.847551],[-88.155194,41.847726]]}},{"type":"Feature","properties":{"k":"path"},"geometry":{"type":"LineString","coordinates":[[-88.156098,41.847806],[-88.155716,41.847727]]}},{"type":"Feature","properties":{"k":"path"},"geometry":{"type":"LineString","coordinates":[[-88.156378,41.848174],[-88.156303,41.848099],[-88.156168,41.848015],[-88.156158,41.847899],[-88.156098,41.847806]]}},{"type":"Feature","properties":{"k":"path"},"geometry":{"type":"LineString","coordinates":[[-88.156393,41.848397],[-88.156378,41.848174]]}},{"type":"Feature","properties":{"k":"path"},"geometry":{"type":"LineString","coordinates":[[-88.153917,41.843726],[-88.153778,41.843783]]}},{"type":"Feature","properties":{"k":"path"},"geometry":{"type":"LineString","coordinates":[[-88.153892,41.843431],[-88.153898,41.843471],[-88.153873,41.843526],[-88.153872,41.843551],[-88.153931,41.843623],[-88.153942,41.843666],[-88.153941,41.843705],[-88.153917,41.843726]]}},{"type":"Feature","properties":{"k":"path"},"geometry":{"type":"LineString","coordinates":[[-88.153778,41.843783],[-88.15367,41.84382],[-88.153663,41.843837],[-88.153666,41.84386],[-88.153682,41.84388],[-88.153743,41.843914],[-88.153773,41.843944],[-88.153796,41.843995],[-88.153779,41.844061],[-88.153746,41.844137],[-88.153752,41.844188],[-88.153783,41.844228],[-88.153898,41.844282],[-88.154016,41.844357],[-88.154049,41.844394],[-88.154091,41.844525],[-88.154121,41.844665],[-88.154158,41.844725],[-88.154225,41.844795],[-88.154251,41.844881],[-88.154221,41.845028],[-88.154267,41.845121],[-88.154315,41.845166],[-88.154395,41.845196],[-88.154506,41.845207],[-88.154565,41.845228],[-88.154609,41.845281],[-88.154678,41.845504]]}},{"type":"Feature","properties":{"k":"path"},"geometry":{"type":"LineString","coordinates":[[-88.153772,41.843346],[-88.153892,41.843431]]}},{"type":"Feature","properties":{"k":"path"},"geometry":{"type":"LineString","coordinates":[[-88.16154,41.850354],[-88.16163,41.850368],[-88.161769,41.850374],[-88.161842,41.850339],[-88.161917,41.850142],[-88.162013,41.850043],[-88.162185,41.850005],[-88.162342,41.849996],[-88.162521,41.850041],[-88.16269,41.850012],[-88.162921,41.850081],[-88.163115,41.85008],[-88.163231,41.850068],[-88.163383,41.850097],[-88.163374,41.850229],[-88.163257,41.850361],[-88.163208,41.850382],[-88.163101,41.850309],[-88.163024,41.850316],[-88.162967,41.850346],[-88.162869,41.85036],[-88.162806,41.850335],[-88.162741,41.850339],[-88.162631,41.850368],[-88.162524,41.850368],[-88.162398,41.850342],[-88.162225,41.850325],[-88.161945,41.85033],[-88.161842,41.850339]]}},{"type":"Feature","properties":{"k":"path"},"geometry":{"type":"LineString","coordinates":[[-88.161103,41.850213],[-88.161289,41.850307],[-88.16154,41.850354]]}},{"type":"Feature","properties":{"k":"tee"},"geometry":{"type":"Polygon","coordinates":[[[-88.155071,41.848562],[-88.154899,41.848568],[-88.154891,41.848442],[-88.154957,41.84844],[-88.154949,41.848307],[-88.155056,41.848303],[-88.155071,41.848562]]]}},{"type":"Feature","properties":{"k":"green"},"geometry":{"type":"Polygon","coordinates":[[[-88.153868,41.851425],[-88.153836,41.851357],[-88.153776,41.851316],[-88.153732,41.851306],[-88.153638,41.851312],[-88.153594,41.851331],[-88.153575,41.851365],[-88.153594,41.851507],[-88.153606,41.851533],[-88.153644,41.851548],[-88.153718,41.851554],[-88.15376,41.851548],[-88.153801,41.851529],[-88.153868,41.851425]]]}},{"type":"Feature","properties":{"k":"bunker"},"geometry":{"type":"Polygon","coordinates":[[[-88.154938,41.850951],[-88.154919,41.850901],[-88.154903,41.850893],[-88.15483,41.850904],[-88.154735,41.850958],[-88.154729,41.851004],[-88.154742,41.851017],[-88.154764,41.851022],[-88.15481,41.851],[-88.154819,41.850988],[-88.154809,41.850954],[-88.154817,41.85094],[-88.154875,41.850941],[-88.154899,41.850971],[-88.154917,41.850975],[-88.154933,41.850971],[-88.154938,41.850951]]]}},{"type":"Feature","properties":{"k":"bunker"},"geometry":{"type":"Polygon","coordinates":[[[-88.154535,41.851116],[-88.154536,41.851098],[-88.154524,41.851086],[-88.154498,41.851083],[-88.154451,41.851105],[-88.15444,41.851123],[-88.154468,41.85116],[-88.154489,41.851162],[-88.154527,41.85114],[-88.154535,41.851116]]]}},{"type":"Feature","properties":{"k":"bunker"},"geometry":{"type":"Polygon","coordinates":[[[-88.154546,41.850425],[-88.154514,41.850443],[-88.154496,41.850477],[-88.154518,41.850512],[-88.154537,41.850516],[-88.154564,41.85051],[-88.154595,41.85045],[-88.154585,41.850423],[-88.154546,41.850425]]]}},{"type":"Feature","properties":{"k":"bunker"},"geometry":{"type":"Polygon","coordinates":[[[-88.154807,41.850369],[-88.15476,41.850362],[-88.154729,41.850384],[-88.154703,41.850386],[-88.154691,41.850397],[-88.154689,41.850429],[-88.15464,41.850445],[-88.154624,41.850458],[-88.154622,41.850486],[-88.154604,41.850496],[-88.154601,41.850508],[-88.154612,41.850522],[-88.154648,41.850532],[-88.154675,41.850527],[-88.154687,41.850511],[-88.154681,41.850467],[-88.154697,41.850462],[-88.154714,41.85047],[-88.154729,41.850506],[-88.154764,41.850508],[-88.154797,41.850489],[-88.154791,41.850465],[-88.154805,41.850454],[-88.154821,41.850452],[-88.154829,41.850434],[-88.154825,41.850384],[-88.154807,41.850369]]]}},{"type":"Feature","properties":{"k":"fairway"},"geometry":{"type":"Polygon","coordinates":[[[-88.153868,41.851425],[-88.153836,41.851357],[-88.153776,41.851316],[-88.153732,41.851306],[-88.153774,41.851307],[-88.153802,41.8513],[-88.153882,41.851245],[-88.154037,41.851095],[-88.154137,41.85102],[-88.15427,41.85096],[-88.154308,41.850907],[-88.154343,41.85077],[-88.15438,41.85073],[-88.154497,41.850637],[-88.154551,41.850617],[-88.154763,41.850573],[-88.154824,41.850545],[-88.154861,41.850507],[-88.15488,41.850458],[-88.154873,41.850396],[-88.154845,41.85034],[-88.154791,41.850312],[-88.154775,41.850288],[-88.15477,41.850244],[-88.154815,41.850145],[-88.154815,41.850088],[-88.154784,41.849968],[-88.154798,41.849902],[-88.154868,41.849763],[-88.15491,41.849614],[-88.154913,41.84943],[-88.154936,41.849378],[-88.154983,41.849345],[-88.15506,41.849329],[-88.155135,41.849329],[-88.155251,41.849376],[-88.155279,41.849411],[-88.155296,41.849473],[-88.155283,41.849635],[-88.155298,41.849837],[-88.155326,41.849927],[-88.155372,41.85001],[-88.155498,41.850185],[-88.15552,41.850272],[-88.155514,41.850382],[-88.155501,41.850462],[-88.155461,41.850543],[-88.155381,41.850595],[-88.155203,41.850662],[-88.155126,41.850719],[-88.155073,41.850777],[-88.155008,41.850823],[-88.154932,41.850853],[-88.154771,41.850892],[-88.154707,41.850931],[-88.154593,41.851022],[-88.154516,41.851039],[-88.154411,41.851073],[-88.154331,41.851114],[-88.154266,41.851169],[-88.154214,41.851242],[-88.154149,41.8513],[-88.154081,41.85133],[-88.15402,41.851341],[-88.153921,41.851385],[-88.153868,41.851425]]]}},{"type":"Feature","properties":{"k":"tee"},"geometry":{"type":"Polygon","coordinates":[[[-88.153204,41.851642],[-88.153117,41.851751],[-88.153066,41.85175],[-88.153041,41.851726],[-88.153041,41.851691],[-88.153126,41.851594],[-88.153154,41.851585],[-88.153184,41.851593],[-88.153202,41.851609],[-88.153204,41.851642]]]}},{"type":"Feature","properties":{"k":"tee"},"geometry":{"type":"Polygon","coordinates":[[[-88.152919,41.851748],[-88.152887,41.851745],[-88.152843,41.851755],[-88.152814,41.851775],[-88.152805,41.851811],[-88.152818,41.851845],[-88.152843,41.851869],[-88.152878,41.851883],[-88.152921,41.851887],[-88.152981,41.851852],[-88.152984,41.851825],[-88.152979,41.851796],[-88.152961,41.851771],[-88.152944,41.851755],[-88.152919,41.851748]]]}},{"type":"Feature","properties":{"k":"tee"},"geometry":{"type":"Polygon","coordinates":[[[-88.152668,41.851833],[-88.152583,41.851828],[-88.152535,41.851833],[-88.152494,41.851849],[-88.152482,41.851871],[-88.152512,41.851889],[-88.152551,41.851898],[-88.152682,41.851923],[-88.152714,41.851919],[-88.152737,41.8519],[-88.152729,41.851867],[-88.152708,41.851846],[-88.152668,41.851833]]]}},{"type":"Feature","properties":{"k":"tee"},"geometry":{"type":"Polygon","coordinates":[[[-88.152676,41.85224],[-88.15263,41.852244],[-88.152584,41.852236],[-88.152547,41.852219],[-88.152531,41.852196],[-88.152544,41.852168],[-88.152572,41.852153],[-88.152623,41.852153],[-88.152668,41.852164],[-88.152701,41.852182],[-88.15271,41.852215],[-88.152676,41.85224]]]}},{"type":"Feature","properties":{"k":"tee"},"geometry":{"type":"Polygon","coordinates":[[[-88.152347,41.852326],[-88.152395,41.852305],[-88.152413,41.852267],[-88.152399,41.852242],[-88.152354,41.852232],[-88.152283,41.852271],[-88.152264,41.852291],[-88.15226,41.852316],[-88.152278,41.852329],[-88.152315,41.852337],[-88.152347,41.852326]]]}},{"type":"Feature","properties":{"k":"fairway"},"geometry":{"type":"Polygon","coordinates":[[[-88.151945,41.852505],[-88.151583,41.852685],[-88.151181,41.852925],[-88.151084,41.852953],[-88.150953,41.852977],[-88.150728,41.853065],[-88.15065,41.853121],[-88.150585,41.853183],[-88.150508,41.853235],[-88.1504,41.853293],[-88.150272,41.853341],[-88.150156,41.8534],[-88.149844,41.853619],[-88.149753,41.853667],[-88.149656,41.853701],[-88.149576,41.853739],[-88.149426,41.853839],[-88.149372,41.853853],[-88.149308,41.853845],[-88.149289,41.853819],[-88.149294,41.853765],[-88.149286,41.853639],[-88.149292,41.853549],[-88.14931,41.853519],[-88.149383,41.853499],[-88.149458,41.853505],[-88.149552,41.853495],[-88.149632,41.853473],[-88.149858,41.853367],[-88.15004,41.853218],[-88.15011,41.853144],[-88.150193,41.853074],[-88.15044,41.852924],[-88.150579,41.852856],[-88.150661,41.8528],[-88.150873,41.852726],[-88.151072,41.852626],[-88.151335,41.85253],[-88.151399,41.852478],[-88.151498,41.85243],[-88.151573,41.852381],[-88.151648,41.852353],[-88.151756,41.852337],[-88.151823,41.852337],[-88.151879,41.852357],[-88.151989,41.852421],[-88.152,41.852452],[-88.151981,41.852486],[-88.151945,41.852505]]]}},{"type":"Feature","properties":{"k":"fairway"},"geometry":{"type":"Polygon","coordinates":[[[-88.149127,41.85383],[-88.148992,41.85401],[-88.148961,41.854042],[-88.148913,41.854065],[-88.1487,41.85412],[-88.148646,41.85411],[-88.1486,41.85408],[-88.1486,41.85404],[-88.148614,41.854008],[-88.148672,41.853978],[-88.148713,41.853938],[-88.148725,41.853885],[-88.148707,41.853806],[-88.148722,41.853762],[-88.148879,41.853675],[-88.14895,41.853648],[-88.148998,41.853641],[-88.149058,41.853638],[-88.149104,41.85365],[-88.149137,41.853682],[-88.149159,41.853761],[-88.149127,41.85383]]]}},{"type":"Feature","properties":{"k":"bunker"},"geometry":{"type":"Polygon","coordinates":[[[-88.148632,41.853864],[-88.148623,41.853874],[-88.148571,41.853877],[-88.148562,41.853883],[-88.148555,41.853901],[-88.148564,41.853928],[-88.148593,41.853937],[-88.148615,41.853936],[-88.148626,41.853901],[-88.148651,41.853907],[-88.14866,41.853925],[-88.14868,41.853917],[-88.148679,41.85387],[-88.14866,41.853856],[-88.148632,41.853864]]]}},{"type":"Feature","properties":{"k":"bunker"},"geometry":{"type":"Polygon","coordinates":[[[-88.148565,41.854252],[-88.148535,41.854236],[-88.148479,41.854266],[-88.14848,41.854278],[-88.148506,41.854287],[-88.1485,41.854298],[-88.148519,41.854316],[-88.148536,41.854316],[-88.148545,41.854308],[-88.148546,41.854288],[-88.148569,41.854285],[-88.148565,41.854252]]]}},{"type":"Feature","properties":{"k":"green"},"geometry":{"type":"Polygon","coordinates":[[[-88.14847,41.854344],[-88.148447,41.854294],[-88.148428,41.854276],[-88.148398,41.854264],[-88.148364,41.85426],[-88.14833,41.854267],[-88.148266,41.854299],[-88.148252,41.854316],[-88.148237,41.85434],[-88.148239,41.854393],[-88.148248,41.854412],[-88.148332,41.854487],[-88.148379,41.854502],[-88.148443,41.854494],[-88.148497,41.854449],[-88.148496,41.854403],[-88.14847,41.854344]]]}},{"type":"Feature","properties":{"k":"tee"},"geometry":{"type":"Polygon","coordinates":[[[-88.14982,41.854953],[-88.149806,41.855002],[-88.149778,41.855031],[-88.14973,41.855041],[-88.149683,41.855042],[-88.149649,41.855027],[-88.149624,41.854994],[-88.149616,41.854961],[-88.149619,41.854932],[-88.149648,41.854914],[-88.14969,41.854898],[-88.149738,41.854893],[-88.149786,41.85491],[-88.14982,41.854953]]]}},{"type":"Feature","properties":{"k":"tee"},"geometry":{"type":"Polygon","coordinates":[[[-88.149954,41.854714],[-88.149912,41.854694],[-88.149816,41.854686],[-88.149788,41.854704],[-88.149782,41.854741],[-88.149813,41.854767],[-88.149906,41.854773],[-88.149936,41.854768],[-88.149959,41.854748],[-88.149954,41.854714]]]}},{"type":"Feature","properties":{"k":"tee"},"geometry":{"type":"Polygon","coordinates":[[[-88.14967,41.854752],[-88.149668,41.854717],[-88.149633,41.854662],[-88.149604,41.854648],[-88.149561,41.854649],[-88.149524,41.854673],[-88.14951,41.854711],[-88.14953,41.854742],[-88.149553,41.854757],[-88.149585,41.854771],[-88.149623,41.854774],[-88.149644,41.854773],[-88.14967,41.854752]]]}},{"type":"Feature","properties":{"k":"tee"},"geometry":{"type":"Polygon","coordinates":[[[-88.149513,41.854883],[-88.149502,41.854854],[-88.149515,41.854783],[-88.149474,41.85471],[-88.149448,41.854695],[-88.149411,41.854689],[-88.149372,41.8547],[-88.14935,41.854716],[-88.149348,41.854846],[-88.149362,41.854873],[-88.14942,41.854927],[-88.149435,41.854959],[-88.149446,41.855027],[-88.149474,41.85505],[-88.149518,41.855058],[-88.149564,41.855046],[-88.149585,41.855019],[-88.149584,41.854968],[-88.149534,41.854919],[-88.149513,41.854883]]]}},{"type":"Feature","properties":{"k":"green"},"geometry":{"type":"Polygon","coordinates":[[[-88.14764,41.855134],[-88.147632,41.855178],[-88.147606,41.855201],[-88.147512,41.855238],[-88.147477,41.855243],[-88.147336,41.855236],[-88.147316,41.855226],[-88.147306,41.855208],[-88.147316,41.855168],[-88.147392,41.855121],[-88.147473,41.85504],[-88.147501,41.855028],[-88.147543,41.855025],[-88.147576,41.855036],[-88.147601,41.855055],[-88.147615,41.855069],[-88.14764,41.855134]]]}},{"type":"Feature","properties":{"k":"bunker"},"geometry":{"type":"Polygon","coordinates":[[[-88.147961,41.855149],[-88.147931,41.855145],[-88.147853,41.855163],[-88.147845,41.855174],[-88.147858,41.855219],[-88.14788,41.855225],[-88.147929,41.855189],[-88.14795,41.855201],[-88.14797,41.855203],[-88.147983,41.855195],[-88.147992,41.85517],[-88.147987,41.855159],[-88.147961,41.855149]]]}},{"type":"Feature","properties":{"k":"bunker"},"geometry":{"type":"Polygon","coordinates":[[[-88.148133,41.854924],[-88.148146,41.854889],[-88.14814,41.854877],[-88.148116,41.854864],[-88.148102,41.854862],[-88.148079,41.854873],[-88.148079,41.854897],[-88.148071,41.854904],[-88.148057,41.854901],[-88.148034,41.854867],[-88.148016,41.854861],[-88.147929,41.854871],[-88.147911,41.854897],[-88.147916,41.854904],[-88.147951,41.854914],[-88.147961,41.854928],[-88.147951,41.854936],[-88.147922,41.854932],[-88.147898,41.854943],[-88.147903,41.854998],[-88.147945,41.855008],[-88.147977,41.855003],[-88.148024,41.854962],[-88.148038,41.854967],[-88.14804,41.854993],[-88.148051,41.854998],[-88.148088,41.854991],[-88.148114,41.854972],[-88.148133,41.854924]]]}},{"type":"Feature","properties":{"k":"bunker"},"geometry":{"type":"Polygon","coordinates":[[[-88.147727,41.855089],[-88.147712,41.855071],[-88.147666,41.855067],[-88.147653,41.855072],[-88.147657,41.8551],[-88.147679,41.855119],[-88.147696,41.855121],[-88.147727,41.855103],[-88.147727,41.855089]]]}},{"type":"Feature","properties":{"k":"bunker"},"geometry":{"type":"Polygon","coordinates":[[[-88.147408,41.855042],[-88.147395,41.855023],[-88.147363,41.855025],[-88.147338,41.855047],[-88.147337,41.855055],[-88.147353,41.85507],[-88.147348,41.855079],[-88.147314,41.855078],[-88.147323,41.855108],[-88.147352,41.855111],[-88.147366,41.855102],[-88.147372,41.85508],[-88.147413,41.855061],[-88.147408,41.855042]]]}},{"type":"Feature","properties":{"k":"tee"},"geometry":{"type":"Polygon","coordinates":[[[-88.146811,41.855224],[-88.146828,41.855151],[-88.146796,41.85512],[-88.146767,41.855111],[-88.146737,41.855111],[-88.146697,41.855124],[-88.146676,41.855149],[-88.146642,41.855231],[-88.146644,41.855275],[-88.146669,41.855293],[-88.146699,41.8553],[-88.146761,41.855296],[-88.146802,41.855266],[-88.146811,41.855224]]]}},{"type":"Feature","properties":{"k":"tee"},"geometry":{"type":"Polygon","coordinates":[[[-88.146735,41.854898],[-88.146704,41.854926],[-88.146664,41.854925],[-88.146648,41.854912],[-88.146649,41.85487],[-88.146682,41.854833],[-88.146724,41.854825],[-88.146741,41.854832],[-88.146754,41.854861],[-88.146735,41.854898]]]}},{"type":"Feature","properties":{"k":"green"},"geometry":{"type":"Polygon","coordinates":[[[-88.147453,41.852559],[-88.147357,41.852635],[-88.147298,41.852658],[-88.147266,41.852655],[-88.147214,41.852629],[-88.147195,41.852578],[-88.147203,41.852548],[-88.14723,41.852507],[-88.147305,41.852446],[-88.147368,41.852426],[-88.147437,41.852434],[-88.147481,41.852467],[-88.147488,41.852516],[-88.147473,41.852545],[-88.147453,41.852559]]]}},{"type":"Feature","properties":{"k":"bunker"},"geometry":{"type":"Polygon","coordinates":[[[-88.147533,41.852595],[-88.147506,41.8526],[-88.147492,41.85263],[-88.147477,41.852635],[-88.147468,41.852614],[-88.147421,41.852619],[-88.147408,41.852637],[-88.147403,41.852681],[-88.147396,41.852686],[-88.147371,41.852675],[-88.147355,41.85268],[-88.14734,41.852701],[-88.147344,41.852723],[-88.147388,41.852758],[-88.147419,41.852754],[-88.147433,41.852707],[-88.147492,41.852699],[-88.147512,41.852685],[-88.147524,41.852658],[-88.147553,41.852644],[-88.147557,41.85262],[-88.147547,41.8526],[-88.147533,41.852595]]]}},{"type":"Feature","properties":{"k":"bunker"},"geometry":{"type":"Polygon","coordinates":[[[-88.147314,41.852388],[-88.147338,41.852365],[-88.147334,41.852343],[-88.147318,41.852331],[-88.147275,41.852333],[-88.147254,41.852369],[-88.147237,41.852379],[-88.147215,41.852377],[-88.147198,41.852359],[-88.147199,41.852341],[-88.147187,41.852331],[-88.147167,41.852328],[-88.147154,41.852329],[-88.147132,41.852361],[-88.147107,41.852367],[-88.147095,41.852385],[-88.147097,41.852404],[-88.147135,41.852431],[-88.14714,41.852461],[-88.147127,41.852486],[-88.147105,41.852489],[-88.14707,41.85247],[-88.147048,41.852469],[-88.147036,41.852479],[-88.147045,41.852528],[-88.147083,41.852549],[-88.147084,41.852565],[-88.147027,41.852579],[-88.147025,41.852596],[-88.147049,41.852623],[-88.147095,41.852632],[-88.147136,41.85262],[-88.147168,41.85253],[-88.147162,41.852501],[-88.147252,41.852445],[-88.147275,41.852412],[-88.147314,41.852388]]]}},{"type":"Feature","properties":{"k":"fairway"},"geometry":{"type":"Polygon","coordinates":[[[-88.147357,41.852635],[-88.147327,41.85267],[-88.147318,41.8527],[-88.147321,41.852732],[-88.147347,41.852792],[-88.147358,41.852871],[-88.147323,41.853019],[-88.147289,41.853067],[-88.147275,41.853119],[-88.147285,41.85322],[-88.147276,41.853256],[-88.147213,41.853349],[-88.147222,41.853476],[-88.147165,41.853626],[-88.147147,41.85373],[-88.147179,41.853848],[-88.147173,41.85398],[-88.147127,41.854099],[-88.147039,41.854203],[-88.146988,41.854245],[-88.146947,41.854262],[-88.146893,41.854272],[-88.146843,41.854267],[-88.146797,41.85425],[-88.146783,41.854213],[-88.146783,41.854163],[-88.146793,41.85412],[-88.146831,41.85404],[-88.146854,41.853928],[-88.14692,41.853746],[-88.146922,41.853516],[-88.146934,41.853432],[-88.146927,41.853342],[-88.146934,41.853305],[-88.146979,41.853269],[-88.147047,41.853186],[-88.147042,41.853135],[-88.146991,41.853051],[-88.146987,41.853006],[-88.147001,41.852961],[-88.147101,41.852785],[-88.147195,41.852578],[-88.147214,41.852629],[-88.147266,41.852655],[-88.147298,41.852658],[-88.147357,41.852635]]]}},{"type":"Feature","properties":{"k":"tee"},"geometry":{"type":"Polygon","coordinates":[[[-88.146872,41.852062],[-88.146708,41.852074],[-88.146693,41.852083],[-88.14669,41.852115],[-88.146702,41.852126],[-88.14679,41.852145],[-88.146885,41.852137],[-88.146928,41.852114],[-88.146935,41.852081],[-88.146914,41.852067],[-88.146872,41.852062]]]}},{"type":"Feature","properties":{"k":"tee"},"geometry":{"type":"Polygon","coordinates":[[[-88.146763,41.852163],[-88.146708,41.852165],[-88.146681,41.852173],[-88.146652,41.852207],[-88.146652,41.852306],[-88.146636,41.852384],[-88.146644,41.852402],[-88.146661,41.852414],[-88.146691,41.852417],[-88.146717,41.852411],[-88.146734,41.852398],[-88.146761,41.852338],[-88.146828,41.852277],[-88.146837,41.852257],[-88.146842,41.852232],[-88.146826,41.852192],[-88.146795,41.85217],[-88.146763,41.852163]]]}},{"type":"Feature","properties":{"k":"tee"},"geometry":{"type":"Polygon","coordinates":[[[-88.146849,41.851743],[-88.146786,41.851744],[-88.146761,41.851756],[-88.146716,41.851825],[-88.146716,41.851843],[-88.146733,41.851859],[-88.146784,41.851858],[-88.146883,41.851799],[-88.146895,41.851779],[-88.146889,41.85176],[-88.146849,41.851743]]]}},{"type":"Feature","properties":{"k":"green"},"geometry":{"type":"Polygon","coordinates":[[[-88.149394,41.850191],[-88.149446,41.850245],[-88.149447,41.850276],[-88.14941,41.850319],[-88.149351,41.850341],[-88.149291,41.850356],[-88.149259,41.850356],[-88.149107,41.850297],[-88.149077,41.850273],[-88.149071,41.850239],[-88.149107,41.850207],[-88.149216,41.850188],[-88.149289,41.850154],[-88.149348,41.850151],[-88.149369,41.85016],[-88.149394,41.850191]]]}},{"type":"Feature","properties":{"k":"bunker"},"geometry":{"type":"Polygon","coordinates":[[[-88.148297,41.850191],[-88.148297,41.850219],[-88.148284,41.850233],[-88.148257,41.850239],[-88.14813,41.850234],[-88.148113,41.850231],[-88.148101,41.850218],[-88.148108,41.850186],[-88.148146,41.850175],[-88.148167,41.850182],[-88.14819,41.850206],[-88.148205,41.85021],[-88.148239,41.850179],[-88.148287,41.850179],[-88.148297,41.850191]]]}},{"type":"Feature","properties":{"k":"bunker"},"geometry":{"type":"Polygon","coordinates":[[[-88.147687,41.850503],[-88.147698,41.850531],[-88.147674,41.850551],[-88.147674,41.850569],[-88.147661,41.850581],[-88.147585,41.850588],[-88.147483,41.850559],[-88.147492,41.850527],[-88.147501,41.850521],[-88.147544,41.850527],[-88.147538,41.850508],[-88.147568,41.85049],[-88.14758,41.850493],[-88.147583,41.850517],[-88.147606,41.850518],[-88.147628,41.850534],[-88.14764,41.850533],[-88.147647,41.850523],[-88.147621,41.850493],[-88.147636,41.850478],[-88.147679,41.850487],[-88.147687,41.850503]]]}},{"type":"Feature","properties":{"k":"fairway"},"geometry":{"type":"Polygon","coordinates":[[[-88.149107,41.850207],[-88.148988,41.850214],[-88.148735,41.850207],[-88.148578,41.85018],[-88.14852,41.850185],[-88.14847,41.850198],[-88.148351,41.850248],[-88.148294,41.850262],[-88.148103,41.850264],[-88.148065,41.850273],[-88.147981,41.850317],[-88.147943,41.85033],[-88.147849,41.850342],[-88.147814,41.850359],[-88.147788,41.850383],[-88.147765,41.850499],[-88.147731,41.850572],[-88.147695,41.850597],[-88.147653,41.850614],[-88.147486,41.850622],[-88.147441,41.850631],[-88.147398,41.850649],[-88.147376,41.850675],[-88.147326,41.850851],[-88.147229,41.851],[-88.147187,41.851093],[-88.14713,41.851182],[-88.147127,41.851222],[-88.147161,41.851281],[-88.147224,41.851333],[-88.147254,41.851344],[-88.147343,41.851355],[-88.14741,41.851352],[-88.14754,41.851335],[-88.147614,41.851312],[-88.147726,41.851252],[-88.147869,41.851045],[-88.14804,41.850831],[-88.148053,41.850773],[-88.148054,41.850602],[-88.1481,41.850493],[-88.14816,41.850436],[-88.148204,41.850419],[-88.148261,41.850413],[-88.148517,41.850465],[-88.148579,41.850472],[-88.148642,41.850469],[-88.148704,41.850448],[-88.14882,41.85036],[-88.148922,41.85031],[-88.14903,41.850289],[-88.149107,41.850297],[-88.149077,41.850273],[-88.149071,41.850255],[-88.149083,41.850223],[-88.149107,41.850207]]]}},{"type":"Feature","properties":{"k":"tee"},"geometry":{"type":"Polygon","coordinates":[[[-88.150046,41.850233],[-88.150014,41.850209],[-88.14999,41.850205],[-88.149946,41.850216],[-88.14993,41.85023],[-88.149929,41.850266],[-88.149967,41.850315],[-88.150004,41.850319],[-88.150024,41.850308],[-88.150047,41.850278],[-88.150046,41.850233]]]}},{"type":"Feature","properties":{"k":"tee"},"geometry":{"type":"Polygon","coordinates":[[[-88.15002,41.850033],[-88.150092,41.850058],[-88.150109,41.850071],[-88.150119,41.850108],[-88.15011,41.850127],[-88.150093,41.85014],[-88.150061,41.850148],[-88.149943,41.850158],[-88.149897,41.850149],[-88.14989,41.850134],[-88.149901,41.850037],[-88.149877,41.84997],[-88.149892,41.84993],[-88.149938,41.849925],[-88.149957,41.849933],[-88.149996,41.850019],[-88.15002,41.850033]]]}},{"type":"Feature","properties":{"k":"tee"},"geometry":{"type":"Polygon","coordinates":[[[-88.149259,41.849511],[-88.14922,41.849563],[-88.14919,41.849661],[-88.149184,41.849814],[-88.149199,41.849829],[-88.149221,41.849835],[-88.149253,41.849832],[-88.14931,41.849784],[-88.149327,41.849752],[-88.149339,41.849664],[-88.149374,41.849564],[-88.14937,41.84952],[-88.149353,41.849507],[-88.14929,41.849497],[-88.149259,41.849511]]]}},{"type":"Feature","properties":{"k":"green"},"geometry":{"type":"Polygon","coordinates":[[[-88.150238,41.84673],[-88.150224,41.84667],[-88.150207,41.846645],[-88.150182,41.846626],[-88.150104,41.846606],[-88.150063,41.846607],[-88.15003,41.84662],[-88.150009,41.846643],[-88.14998,41.846691],[-88.149967,41.846753],[-88.150001,41.846799],[-88.150075,41.846822],[-88.150112,41.846823],[-88.150158,41.846818],[-88.150217,41.846784],[-88.150238,41.84673]]]}},{"type":"Feature","properties":{"k":"bunker"},"geometry":{"type":"Polygon","coordinates":[[[-88.150239,41.846905],[-88.150224,41.846935],[-88.150211,41.846943],[-88.150176,41.846938],[-88.150149,41.846858],[-88.150177,41.846846],[-88.150201,41.846849],[-88.150195,41.846876],[-88.150205,41.846882],[-88.150219,41.846882],[-88.150228,41.846857],[-88.150239,41.846851],[-88.150273,41.846858],[-88.150275,41.846885],[-88.150239,41.846905]]]}},{"type":"Feature","properties":{"k":"bunker"},"geometry":{"type":"Polygon","coordinates":[[[-88.149894,41.846955],[-88.149867,41.846942],[-88.149852,41.846945],[-88.149837,41.846966],[-88.149841,41.846987],[-88.149872,41.846996],[-88.149897,41.846978],[-88.149894,41.846955]]]}},{"type":"Feature","properties":{"k":"bunker"},"geometry":{"type":"Polygon","coordinates":[[[-88.149997,41.846908],[-88.149964,41.84693],[-88.149941,41.84693],[-88.149932,41.846922],[-88.149918,41.846879],[-88.149929,41.846859],[-88.149911,41.846838],[-88.149921,41.846821],[-88.149944,41.846816],[-88.149978,41.846829],[-88.149987,41.846848],[-88.149967,41.846876],[-88.15,41.84688],[-88.149997,41.846908]]]}},{"type":"Feature","properties":{"k":"fairway"},"geometry":{"type":"Polygon","coordinates":[[[-88.150158,41.846818],[-88.150127,41.84685],[-88.150125,41.84688],[-88.150137,41.846914],[-88.150176,41.846971],[-88.150184,41.847007],[-88.15016,41.847106],[-88.150076,41.847267],[-88.150013,41.847339],[-88.149882,41.847465],[-88.149852,41.847536],[-88.149843,41.847666],[-88.149869,41.847856],[-88.149854,41.8479],[-88.149785,41.848019],[-88.149757,41.848146],[-88.149711,41.848199],[-88.149683,41.848277],[-88.149698,41.84835],[-88.149759,41.848418],[-88.149805,41.848496],[-88.149805,41.848653],[-88.149842,41.848862],[-88.149838,41.848953],[-88.149846,41.849002],[-88.14991,41.849116],[-88.149936,41.849178],[-88.14995,41.849255],[-88.14994,41.849286],[-88.149919,41.84931],[-88.14989,41.84933],[-88.149839,41.849338],[-88.149765,41.849319],[-88.149711,41.849263],[-88.149681,41.849191],[-88.149676,41.849051],[-88.149657,41.848976],[-88.149617,41.84895],[-88.149404,41.848953],[-88.149355,41.848935],[-88.149333,41.848896],[-88.149315,41.848804],[-88.149312,41.848723],[-88.149331,41.848637],[-88.149422,41.848421],[-88.149431,41.848359],[-88.149434,41.848293],[-88.149387,41.848063],[-88.149403,41.848002],[-88.149525,41.847856],[-88.149564,41.847785],[-88.149567,41.847686],[-88.149534,41.847532],[-88.149532,41.847464],[-88.149578,41.847389],[-88.14963,41.847337],[-88.149711,41.84728],[-88.149758,41.847231],[-88.149805,41.847099],[-88.149838,41.847052],[-88.149931,41.847005],[-88.150011,41.84695],[-88.150037,41.846907],[-88.150038,41.846864],[-88.149984,41.846784],[-88.150001,41.846799],[-88.150075,41.846822],[-88.150158,41.846818]]]}},{"type":"Feature","properties":{"k":"tee"},"geometry":{"type":"Polygon","coordinates":[[[-88.149271,41.846919],[-88.149227,41.8469],[-88.149181,41.846899],[-88.149154,41.846906],[-88.149128,41.84694],[-88.149136,41.846978],[-88.149164,41.847],[-88.149203,41.847015],[-88.149275,41.847017],[-88.149305,41.847005],[-88.149331,41.846994],[-88.149352,41.846955],[-88.149331,41.846937],[-88.149271,41.846919]]]}},{"type":"Feature","properties":{"k":"tee"},"geometry":{"type":"Polygon","coordinates":[[[-88.149326,41.846734],[-88.149256,41.846763],[-88.149227,41.846785],[-88.149212,41.846802],[-88.149206,41.846829],[-88.149213,41.84685],[-88.149234,41.846867],[-88.149296,41.846888],[-88.149326,41.846885],[-88.149366,41.846858],[-88.149387,41.846774],[-88.149376,41.84674],[-88.149326,41.846734]]]}},{"type":"Feature","properties":{"k":"tee"},"geometry":{"type":"Polygon","coordinates":[[[-88.149242,41.846604],[-88.149181,41.846629],[-88.149153,41.846667],[-88.149153,41.846693],[-88.149188,41.846715],[-88.149238,41.8467],[-88.149261,41.846684],[-88.149285,41.846644],[-88.149284,41.846627],[-88.149269,41.846613],[-88.149242,41.846604]]]}},{"type":"Feature","properties":{"k":"tee"},"geometry":{"type":"Polygon","coordinates":[[[-88.149461,41.84638],[-88.149482,41.846329],[-88.149471,41.846306],[-88.149451,41.846294],[-88.149424,41.846294],[-88.149333,41.846375],[-88.149319,41.846399],[-88.149322,41.846421],[-88.149346,41.846436],[-88.149373,41.846436],[-88.149461,41.84638]]]}},{"type":"Feature","properties":{"k":"bunker"},"geometry":{"type":"Polygon","coordinates":[[[-88.150041,41.844965],[-88.150013,41.844957],[-88.149982,41.844971],[-88.149979,41.844981],[-88.149997,41.845008],[-88.149993,41.845017],[-88.149962,41.845017],[-88.149951,41.844996],[-88.149934,41.844994],[-88.14991,41.845014],[-88.149914,41.845039],[-88.149955,41.845084],[-88.150017,41.845093],[-88.150048,41.845069],[-88.150069,41.845024],[-88.15006,41.844999],[-88.150046,41.844993],[-88.150049,41.844974],[-88.150041,41.844965]]]}},{"type":"Feature","properties":{"k":"bunker"},"geometry":{"type":"Polygon","coordinates":[[[-88.150519,41.84317],[-88.150503,41.843163],[-88.150454,41.84317],[-88.150446,41.843183],[-88.150464,41.843211],[-88.150454,41.843227],[-88.150425,41.843246],[-88.15042,41.843261],[-88.150441,41.843275],[-88.1505,41.843273],[-88.150531,41.843257],[-88.150534,41.843233],[-88.150509,41.843201],[-88.150519,41.84317]]]}},{"type":"Feature","properties":{"k":"bunker"},"geometry":{"type":"Polygon","coordinates":[[[-88.150717,41.842942],[-88.150703,41.842929],[-88.150662,41.842926],[-88.15065,41.842959],[-88.150661,41.84297],[-88.150703,41.84297],[-88.150717,41.842942]]]}},{"type":"Feature","properties":{"k":"green"},"geometry":{"type":"Polygon","coordinates":[[[-88.15076,41.842998],[-88.150657,41.842985],[-88.150588,41.842991],[-88.150559,41.843003],[-88.15051,41.843048],[-88.150503,41.843067],[-88.150502,41.843093],[-88.150527,41.843134],[-88.15058,41.843157],[-88.150641,41.843156],[-88.150732,41.843103],[-88.150799,41.843075],[-88.150823,41.843047],[-88.150822,41.843026],[-88.150814,41.843013],[-88.15076,41.842998]]]}},{"type":"Feature","properties":{"k":"fairway"},"geometry":{"type":"Polygon","coordinates":[[[-88.150549,41.843147],[-88.15049,41.843134],[-88.150455,41.84314],[-88.150415,41.843157],[-88.150351,41.843224],[-88.150313,41.843312],[-88.150287,41.843421],[-88.15023,41.843552],[-88.150114,41.843708],[-88.150096,41.843755],[-88.150091,41.843875],[-88.150013,41.844236],[-88.150013,41.844425],[-88.15006,41.844639],[-88.150048,41.844704],[-88.15,41.844758],[-88.149882,41.844834],[-88.149849,41.844902],[-88.149837,41.844979],[-88.149857,41.84504],[-88.149925,41.845145],[-88.149934,41.84521],[-88.149923,41.845273],[-88.149889,41.845336],[-88.149783,41.845445],[-88.149761,41.8455],[-88.149771,41.845622],[-88.149757,41.845677],[-88.149657,41.845759],[-88.149621,41.84582],[-88.149637,41.845902],[-88.149609,41.845954],[-88.149569,41.845984],[-88.149527,41.845996],[-88.14947,41.846001],[-88.149429,41.845988],[-88.149392,41.845966],[-88.149373,41.845932],[-88.149369,41.845896],[-88.149441,41.845759],[-88.149472,41.845645],[-88.149472,41.84557],[-88.14943,41.845362],[-88.149429,41.845309],[-88.149487,41.845207],[-88.1495,41.845138],[-88.149484,41.84501],[-88.149492,41.844948],[-88.14968,41.844579],[-88.149704,41.844481],[-88.14972,41.844312],[-88.14968,41.844168],[-88.149691,41.844092],[-88.149742,41.843904],[-88.14974,41.843764],[-88.149752,41.843708],[-88.149825,41.843584],[-88.149868,41.843444],[-88.149926,41.84333],[-88.149977,41.843268],[-88.150047,41.843208],[-88.15012,41.843156],[-88.150257,41.843078],[-88.150399,41.843016],[-88.150493,41.843017],[-88.150559,41.843003],[-88.15051,41.843048],[-88.150503,41.843067],[-88.15051,41.843114],[-88.150549,41.843147]]]}},{"type":"Feature","properties":{"k":"tee"},"geometry":{"type":"Polygon","coordinates":[[[-88.151035,41.843687],[-88.151055,41.843652],[-88.151054,41.843629],[-88.151042,41.843608],[-88.151018,41.843599],[-88.150988,41.843598],[-88.150898,41.843649],[-88.150864,41.843711],[-88.15087,41.843747],[-88.150905,41.84377],[-88.15094,41.843771],[-88.150963,41.843763],[-88.150996,41.843713],[-88.151035,41.843687]]]}},{"type":"Feature","properties":{"k":"tee"},"geometry":{"type":"Polygon","coordinates":[[[-88.151204,41.843567],[-88.151194,41.843582],[-88.151153,41.843603],[-88.151093,41.843605],[-88.151068,41.843594],[-88.151039,41.843552],[-88.151048,41.843511],[-88.151102,41.843484],[-88.151155,41.843493],[-88.151206,41.84353],[-88.151214,41.843549],[-88.151204,41.843567]]]}},{"type":"Feature","properties":{"k":"tee"},"geometry":{"type":"Polygon","coordinates":[[[-88.151356,41.843507],[-88.151341,41.8435],[-88.151297,41.843499],[-88.151277,41.843508],[-88.151269,41.843525],[-88.151273,41.843544],[-88.151287,41.843557],[-88.151337,41.84358],[-88.151361,41.843579],[-88.151382,41.843569],[-88.151388,41.843556],[-88.151381,41.843527],[-88.151356,41.843507]]]}},{"type":"Feature","properties":{"k":"tee"},"geometry":{"type":"Polygon","coordinates":[[[-88.151553,41.84319],[-88.15153,41.843178],[-88.151496,41.843172],[-88.151432,41.843178],[-88.151391,41.843204],[-88.151392,41.843237],[-88.151451,41.843272],[-88.151522,41.843278],[-88.151561,41.843256],[-88.151569,41.843234],[-88.15157,41.843217],[-88.151553,41.84319]]]}},{"type":"Feature","properties":{"k":"bunker"},"geometry":{"type":"Polygon","coordinates":[[[-88.152494,41.843209],[-88.152466,41.843202],[-88.152442,41.843183],[-88.152404,41.843183],[-88.15233,41.843239],[-88.15233,41.843249],[-88.152348,41.843262],[-88.152374,41.843263],[-88.152426,41.843243],[-88.152485,41.843276],[-88.152524,41.843276],[-88.152538,41.843265],[-88.152539,41.843246],[-88.152519,41.843221],[-88.152494,41.843209]]]}},{"type":"Feature","properties":{"k":"green"},"geometry":{"type":"Polygon","coordinates":[[[-88.15278,41.843353],[-88.152813,41.843422],[-88.152827,41.843485],[-88.152798,41.843569],[-88.15275,41.84364],[-88.152733,41.843723],[-88.152713,41.843743],[-88.152684,41.843754],[-88.152617,41.843757],[-88.152537,41.843743],[-88.152495,41.843714],[-88.152483,41.843693],[-88.152473,41.843646],[-88.152477,41.843623],[-88.152511,41.843544],[-88.152624,41.843432],[-88.152648,41.843384],[-88.152635,41.843324],[-88.152579,41.843215],[-88.152501,41.843164],[-88.152485,41.843119],[-88.152502,41.843095],[-88.152579,41.843049],[-88.152614,41.842999],[-88.152658,41.842968],[-88.152693,41.842956],[-88.15276,41.842965],[-88.152802,41.843],[-88.152817,41.843031],[-88.152802,41.843095],[-88.152773,41.84314],[-88.152735,41.843177],[-88.152732,41.843202],[-88.152778,41.843287],[-88.15278,41.843353]]]}},{"type":"Feature","properties":{"k":"fairway"},"geometry":{"type":"Polygon","coordinates":[[[-88.152783,41.843302],[-88.152732,41.843202],[-88.152735,41.843177],[-88.152773,41.84314],[-88.152802,41.843095],[-88.152817,41.843031],[-88.152802,41.843],[-88.15276,41.842965],[-88.152693,41.842956],[-88.152658,41.842968],[-88.152614,41.842999],[-88.152579,41.843049],[-88.152502,41.843095],[-88.152485,41.843119],[-88.152501,41.843164],[-88.152579,41.843215],[-88.152635,41.843324],[-88.152648,41.843384],[-88.152624,41.843432],[-88.152511,41.843544],[-88.152477,41.843623],[-88.152473,41.843646],[-88.152483,41.843693],[-88.152495,41.843714],[-88.152537,41.843743],[-88.152617,41.843757],[-88.152684,41.843754],[-88.152713,41.843743],[-88.152733,41.843723],[-88.15275,41.84364],[-88.152798,41.843569],[-88.152827,41.843485],[-88.152813,41.843422],[-88.152783,41.843372],[-88.152783,41.843302]]]}},{"type":"Feature","properties":{"k":"tee"},"geometry":{"type":"Polygon","coordinates":[[[-88.154195,41.843309],[-88.154203,41.843261],[-88.15419,41.84324],[-88.154168,41.843225],[-88.154138,41.843219],[-88.154098,41.843224],[-88.154078,41.843237],[-88.154045,41.843306],[-88.154045,41.843328],[-88.15407,41.843356],[-88.154116,41.843362],[-88.154142,41.843359],[-88.15418,41.843331],[-88.154195,41.843309]]]}},{"type":"Feature","properties":{"k":"tee"},"geometry":{"type":"Polygon","coordinates":[[[-88.154117,41.843496],[-88.154118,41.843424],[-88.154104,41.843393],[-88.154077,41.843387],[-88.154016,41.843399],[-88.153975,41.843421],[-88.153951,41.843449],[-88.153929,41.843504],[-88.153929,41.843552],[-88.153941,41.843569],[-88.153975,41.843587],[-88.153996,41.84359],[-88.15404,41.843584],[-88.154096,41.843563],[-88.154111,41.843549],[-88.154117,41.843496]]]}},{"type":"Feature","properties":{"k":"tee"},"geometry":{"type":"Polygon","coordinates":[[[-88.154115,41.843674],[-88.154095,41.843724],[-88.154072,41.843745],[-88.154047,41.843756],[-88.153998,41.843748],[-88.153983,41.84373],[-88.15398,41.843685],[-88.153988,41.843645],[-88.154005,41.843615],[-88.154051,41.843599],[-88.154098,41.843602],[-88.154116,41.843617],[-88.154115,41.843674]]]}},{"type":"Feature","properties":{"k":"tee"},"geometry":{"type":"Polygon","coordinates":[[[-88.154032,41.844171],[-88.154003,41.844142],[-88.153941,41.844123],[-88.153907,41.844127],[-88.153889,41.844138],[-88.153883,41.844156],[-88.153891,41.844177],[-88.153954,41.844239],[-88.153979,41.844279],[-88.15402,41.844291],[-88.15404,41.844288],[-88.154049,41.844278],[-88.154057,41.84425],[-88.154048,41.844199],[-88.154032,41.844171]]]}},{"type":"Feature","properties":{"k":"bunker"},"geometry":{"type":"Polygon","coordinates":[[[-88.154739,41.844676],[-88.154648,41.844671],[-88.154632,41.844679],[-88.154624,41.844696],[-88.154632,41.844755],[-88.154642,41.844769],[-88.154675,41.844775],[-88.154689,41.844769],[-88.154692,41.844744],[-88.154676,41.844725],[-88.154691,41.844718],[-88.154747,41.844756],[-88.154777,41.844755],[-88.15479,41.844744],[-88.154791,41.84471],[-88.154779,41.84469],[-88.154739,41.844676]]]}},{"type":"Feature","properties":{"k":"bunker"},"geometry":{"type":"Polygon","coordinates":[[[-88.154708,41.845197],[-88.154671,41.845185],[-88.154642,41.845224],[-88.154651,41.845236],[-88.154672,41.845243],[-88.154699,41.845241],[-88.154714,41.845224],[-88.154708,41.845197]]]}},{"type":"Feature","properties":{"k":"bunker"},"geometry":{"type":"Polygon","coordinates":[[[-88.154942,41.845481],[-88.154893,41.84546],[-88.154826,41.845457],[-88.154808,41.845475],[-88.154806,41.845499],[-88.154831,41.845515],[-88.154848,41.845516],[-88.154879,41.845486],[-88.154893,41.845488],[-88.154897,41.845523],[-88.154922,41.845532],[-88.154947,41.845532],[-88.154962,41.845519],[-88.154962,41.845499],[-88.154942,41.845481]]]}},{"type":"Feature","properties":{"k":"bunker"},"geometry":{"type":"Polygon","coordinates":[[[-88.155232,41.846252],[-88.155218,41.846196],[-88.155201,41.846173],[-88.155175,41.846165],[-88.155125,41.846178],[-88.155095,41.84622],[-88.155099,41.846242],[-88.155118,41.846251],[-88.155139,41.846249],[-88.155161,41.846227],[-88.155178,41.846228],[-88.155181,41.846291],[-88.15515,41.846329],[-88.155161,41.846351],[-88.155176,41.84636],[-88.155204,41.846366],[-88.155242,41.846345],[-88.155246,41.846315],[-88.15523,41.84628],[-88.155232,41.846252]]]}},{"type":"Feature","properties":{"k":"bunker"},"geometry":{"type":"Polygon","coordinates":[[[-88.155397,41.846466],[-88.1554,41.846447],[-88.155383,41.846415],[-88.155348,41.846398],[-88.15532,41.846403],[-88.15531,41.846417],[-88.155325,41.84647],[-88.155361,41.846483],[-88.155383,41.84648],[-88.155397,41.846466]]]}},{"type":"Feature","properties":{"k":"green"},"geometry":{"type":"Polygon","coordinates":[[[-88.155693,41.846471],[-88.155658,41.84643],[-88.155594,41.846402],[-88.155535,41.846401],[-88.155502,41.846411],[-88.155485,41.846429],[-88.155475,41.84645],[-88.155478,41.846536],[-88.155522,41.84661],[-88.155581,41.846652],[-88.15566,41.846652],[-88.155697,41.846638],[-88.155726,41.846612],[-88.155734,41.846581],[-88.155728,41.846552],[-88.155693,41.846471]]]}},{"type":"Feature","properties":{"k":"fairway"},"geometry":{"type":"Polygon","coordinates":[[[-88.155473,41.846488],[-88.155464,41.846431],[-88.155447,41.8464],[-88.155417,41.846381],[-88.155341,41.846358],[-88.1553,41.846337],[-88.155278,41.846313],[-88.155273,41.846242],[-88.155246,41.846164],[-88.155187,41.846114],[-88.155149,41.846056],[-88.155159,41.84598],[-88.155186,41.845955],[-88.155282,41.845921],[-88.155332,41.845927],[-88.155372,41.845956],[-88.155491,41.846124],[-88.1555,41.846148],[-88.155486,41.846237],[-88.155489,41.846315],[-88.15552,41.846369],[-88.155548,41.846389],[-88.155594,41.846402],[-88.155564,41.846398],[-88.155502,41.846411],[-88.155475,41.84645],[-88.155473,41.846488]]]}},{"type":"Feature","properties":{"k":"fairway"},"geometry":{"type":"Polygon","coordinates":[[[-88.15525,41.8452],[-88.155275,41.845332],[-88.155337,41.845452],[-88.155349,41.845515],[-88.15534,41.845716],[-88.155321,41.845748],[-88.155277,41.845774],[-88.155224,41.845794],[-88.155162,41.845801],[-88.155095,41.845793],[-88.155038,41.845768],[-88.155006,41.845727],[-88.154979,41.845677],[-88.154976,41.845625],[-88.15502,41.845533],[-88.15501,41.845492],[-88.154971,41.845454],[-88.154797,41.845401],[-88.154762,41.845379],[-88.154748,41.845338],[-88.154781,41.845247],[-88.154771,41.845195],[-88.154608,41.845084],[-88.154482,41.844921],[-88.154397,41.844739],[-88.154309,41.844599],[-88.1543,41.844562],[-88.154302,41.84452],[-88.154323,41.844481],[-88.154355,41.844446],[-88.154394,41.844419],[-88.154482,41.844398],[-88.154541,41.844405],[-88.154594,41.844426],[-88.154686,41.844491],[-88.154712,41.844532],[-88.154718,41.84458],[-88.1547,41.844616],[-88.154618,41.844654],[-88.154592,41.844684],[-88.154587,41.844725],[-88.154602,41.844767],[-88.154633,41.844795],[-88.154668,41.844811],[-88.154788,41.844815],[-88.154841,41.844825],[-88.154893,41.84484],[-88.154939,41.844867],[-88.155063,41.844982],[-88.155218,41.845144],[-88.15525,41.8452]]]}},{"type":"Feature","properties":{"k":"bunker"},"geometry":{"type":"Polygon","coordinates":[[[-88.154533,41.850189],[-88.154515,41.850181],[-88.154479,41.850138],[-88.154438,41.850133],[-88.154411,41.850147],[-88.15439,41.850196],[-88.154399,41.850211],[-88.154429,41.850218],[-88.154457,41.850192],[-88.154473,41.85019],[-88.154485,41.850202],[-88.154465,41.850241],[-88.15447,41.850254],[-88.154499,41.85027],[-88.154517,41.850268],[-88.154544,41.85024],[-88.15455,41.850207],[-88.154533,41.850189]]]}},{"type":"Feature","properties":{"k":"bunker"},"geometry":{"type":"Polygon","coordinates":[[[-88.154333,41.850262],[-88.154308,41.850291],[-88.154263,41.850313],[-88.154268,41.850346],[-88.154298,41.850361],[-88.154317,41.850361],[-88.154333,41.850342],[-88.154361,41.850353],[-88.154398,41.850349],[-88.154414,41.850337],[-88.154432,41.850285],[-88.15443,41.850271],[-88.154359,41.850237],[-88.154339,41.850244],[-88.154333,41.850262]]]}},{"type":"Feature","properties":{"k":"green"},"geometry":{"type":"Polygon","coordinates":[[[-88.152978,41.851233],[-88.152996,41.851182],[-88.152978,41.85113],[-88.152956,41.85111],[-88.15288,41.851071],[-88.152854,41.851071],[-88.152809,41.851088],[-88.152709,41.851202],[-88.152702,41.851228],[-88.152715,41.851279],[-88.152746,41.851326],[-88.152761,41.851341],[-88.152789,41.851349],[-88.152826,41.85135],[-88.152849,41.851346],[-88.152893,41.851281],[-88.152963,41.851248],[-88.152978,41.851233]]]}},{"type":"Feature","properties":{"k":"fairway"},"geometry":{"type":"Polygon","coordinates":[[[-88.154336,41.849588],[-88.154359,41.849653],[-88.154429,41.849776],[-88.154455,41.849849],[-88.154453,41.849929],[-88.154397,41.850028],[-88.154369,41.850098],[-88.154362,41.850162],[-88.154327,41.850207],[-88.154168,41.850327],[-88.154135,41.850381],[-88.154119,41.850515],[-88.154079,41.850583],[-88.154009,41.850632],[-88.153932,41.850665],[-88.153757,41.850696],[-88.153684,41.850717],[-88.153626,41.85075],[-88.15357,41.850792],[-88.153455,41.850937],[-88.153395,41.85098],[-88.153339,41.850977],[-88.153318,41.850947],[-88.153321,41.850925],[-88.153332,41.850905],[-88.153442,41.8508],[-88.15346,41.850767],[-88.15346,41.850741],[-88.153439,41.850726],[-88.153397,41.850724],[-88.153358,41.850741],[-88.153342,41.850794],[-88.153309,41.850828],[-88.153267,41.850846],[-88.153176,41.850853],[-88.15311,41.850874],[-88.153065,41.850866],[-88.153053,41.850847],[-88.153057,41.850819],[-88.153104,41.850757],[-88.153222,41.850717],[-88.153405,41.850629],[-88.153635,41.850494],[-88.153713,41.850424],[-88.15377,41.850336],[-88.153845,41.850182],[-88.153892,41.849985],[-88.153961,41.84977],[-88.153981,41.849653],[-88.154028,41.849544],[-88.154052,41.849509],[-88.154095,41.849478],[-88.15415,41.849461],[-88.154211,41.849466],[-88.15427,41.849493],[-88.15431,41.849526],[-88.154336,41.849588]]]}},{"type":"Feature","properties":{"k":"tee"},"geometry":{"type":"Polygon","coordinates":[[[-88.153035,41.850531],[-88.153013,41.850542],[-88.152969,41.850537],[-88.152948,41.850506],[-88.152961,41.850488],[-88.153012,41.850471],[-88.153035,41.850474],[-88.15305,41.850485],[-88.153058,41.850506],[-88.153035,41.850531]]]}},{"type":"Feature","properties":{"k":"tee"},"geometry":{"type":"Polygon","coordinates":[[[-88.152633,41.850682],[-88.152647,41.850656],[-88.152638,41.850628],[-88.15261,41.850612],[-88.152573,41.850614],[-88.15253,41.850628],[-88.152517,41.850647],[-88.152517,41.850673],[-88.152533,41.850694],[-88.152561,41.850701],[-88.152603,41.850698],[-88.152633,41.850682]]]}},{"type":"Feature","properties":{"k":"tee"},"geometry":{"type":"Polygon","coordinates":[[[-88.152394,41.850696],[-88.152345,41.850705],[-88.152308,41.850725],[-88.152283,41.850746],[-88.152269,41.850775],[-88.152288,41.850832],[-88.152345,41.850853],[-88.15238,41.850849],[-88.15241,41.850836],[-88.152476,41.850771],[-88.152479,41.850718],[-88.152463,41.850703],[-88.152432,41.850695],[-88.152394,41.850696]]]}},{"type":"Feature","properties":{"k":"tee"},"geometry":{"type":"Polygon","coordinates":[[[-88.152047,41.850869],[-88.152,41.85092],[-88.151975,41.850931],[-88.151911,41.850931],[-88.151893,41.850916],[-88.151892,41.85089],[-88.151975,41.850783],[-88.152012,41.850778],[-88.152035,41.850783],[-88.152062,41.850802],[-88.152063,41.850838],[-88.152047,41.850869]]]}},{"type":"Feature","properties":{"k":"tee"},"geometry":{"type":"Polygon","coordinates":[[[-88.151794,41.851086],[-88.151803,41.851062],[-88.151787,41.85104],[-88.151759,41.85103],[-88.151729,41.851032],[-88.151697,41.851048],[-88.15169,41.851077],[-88.151704,41.851099],[-88.151731,41.851109],[-88.151768,41.851107],[-88.151794,41.851086]]]}},{"type":"Feature","properties":{"k":"tee"},"geometry":{"type":"Polygon","coordinates":[[[-88.151632,41.851188],[-88.151586,41.851176],[-88.151527,41.851189],[-88.151508,41.851208],[-88.151508,41.85123],[-88.15152,41.851247],[-88.151538,41.85126],[-88.151575,41.851269],[-88.151601,41.851269],[-88.15163,41.851258],[-88.151651,41.851238],[-88.151658,41.851217],[-88.151653,41.8512],[-88.151632,41.851188]]]}},{"type":"Feature","properties":{"k":"bunker"},"geometry":{"type":"Polygon","coordinates":[[[-88.15022,41.852122],[-88.15017,41.852123],[-88.150133,41.852161],[-88.150115,41.852167],[-88.150065,41.852161],[-88.150053,41.852146],[-88.150062,41.852114],[-88.150056,41.852098],[-88.150029,41.85207],[-88.150035,41.852038],[-88.150078,41.852018],[-88.150124,41.852013],[-88.150158,41.852038],[-88.150178,41.852046],[-88.150197,41.852044],[-88.150224,41.85201],[-88.150272,41.852002],[-88.150289,41.852012],[-88.150295,41.852035],[-88.150284,41.852096],[-88.150272,41.852109],[-88.15022,41.852122]]]}},{"type":"Feature","properties":{"k":"bunker"},"geometry":{"type":"Polygon","coordinates":[[[-88.148625,41.853434],[-88.148605,41.853451],[-88.148598,41.853479],[-88.148581,41.853488],[-88.148561,41.85349],[-88.148547,41.853471],[-88.148532,41.853468],[-88.148517,41.853473],[-88.148503,41.853503],[-88.148486,41.85351],[-88.148471,41.853507],[-88.148453,41.853489],[-88.148452,41.853477],[-88.148487,41.853438],[-88.1485,41.853431],[-88.148561,41.853426],[-88.14857,41.853417],[-88.148566,41.853385],[-88.14858,41.853379],[-88.148602,41.853377],[-88.148629,41.853395],[-88.148635,41.85342],[-88.148625,41.853434]]]}},{"type":"Feature","properties":{"k":"green"},"geometry":{"type":"Polygon","coordinates":[[[-88.148391,41.853313],[-88.148319,41.85332],[-88.148276,41.853334],[-88.148247,41.853352],[-88.148209,41.853402],[-88.148195,41.85343],[-88.148196,41.853455],[-88.148222,41.8535],[-88.148266,41.853533],[-88.148297,41.853541],[-88.148338,41.853534],[-88.148377,41.853504],[-88.148392,41.853472],[-88.148421,41.853442],[-88.148512,41.853397],[-88.148524,41.853377],[-88.148523,41.853353],[-88.148488,41.853321],[-88.148453,41.853312],[-88.148391,41.853313]]]}},{"type":"Feature","properties":{"k":"fairway"},"geometry":{"type":"Polygon","coordinates":[[[-88.148512,41.853397],[-88.148556,41.853364],[-88.148619,41.853338],[-88.14891,41.853316],[-88.148991,41.853303],[-88.149189,41.853236],[-88.149229,41.8532],[-88.149308,41.853096],[-88.149394,41.853031],[-88.14957,41.852846],[-88.149716,41.852728],[-88.149798,41.852696],[-88.14993,41.852676],[-88.149991,41.852648],[-88.150205,41.852517],[-88.150446,41.85242],[-88.150513,41.852382],[-88.150633,41.852338],[-88.150737,41.85229],[-88.150913,41.852089],[-88.150964,41.852002],[-88.151017,41.851939],[-88.151271,41.851716],[-88.151297,41.851653],[-88.151289,41.851595],[-88.151255,41.851556],[-88.151198,41.851533],[-88.151133,41.851519],[-88.151055,41.851516],[-88.150982,41.851533],[-88.150814,41.851619],[-88.150671,41.851674],[-88.150472,41.851786],[-88.150366,41.851887],[-88.15034,41.851934],[-88.150338,41.852048],[-88.150318,41.852108],[-88.150273,41.852151],[-88.150198,41.852184],[-88.150025,41.852229],[-88.149809,41.852304],[-88.149722,41.852388],[-88.149618,41.852437],[-88.149553,41.852514],[-88.149511,41.852537],[-88.149428,41.852545],[-88.149366,41.852563],[-88.149328,41.85259],[-88.149269,41.852681],[-88.149159,41.852734],[-88.149125,41.852776],[-88.1491,41.852837],[-88.149049,41.852905],[-88.148871,41.85306],[-88.148722,41.853135],[-88.148566,41.853274],[-88.148517,41.8533],[-88.148453,41.853312],[-88.148488,41.853321],[-88.148523,41.853353],[-88.148524,41.853377],[-88.148512,41.853397]]]}},{"type":"Feature","properties":{"k":"tee"},"geometry":{"type":"Polygon","coordinates":[[[-88.147971,41.853009],[-88.147942,41.85301],[-88.147914,41.853024],[-88.147892,41.853039],[-88.14788,41.853061],[-88.14788,41.853086],[-88.147913,41.853116],[-88.14794,41.853121],[-88.147968,41.853113],[-88.147993,41.8531],[-88.148011,41.853077],[-88.148014,41.853032],[-88.147999,41.853017],[-88.147971,41.853009]]]}},{"type":"Feature","properties":{"k":"tee"},"geometry":{"type":"Polygon","coordinates":[[[-88.148111,41.85286],[-88.148064,41.852849],[-88.148033,41.852859],[-88.147997,41.852894],[-88.147999,41.852919],[-88.148011,41.852935],[-88.148052,41.852937],[-88.148086,41.85292],[-88.148112,41.852891],[-88.148111,41.85286]]]}},{"type":"Feature","properties":{"k":"tee"},"geometry":{"type":"Polygon","coordinates":[[[-88.148039,41.85261],[-88.148007,41.852616],[-88.147963,41.852641],[-88.147967,41.852681],[-88.148017,41.852706],[-88.148073,41.85269],[-88.148104,41.852661],[-88.148096,41.852627],[-88.148062,41.85261],[-88.148039,41.85261]]]}},{"type":"Feature","properties":{"k":"tee"},"geometry":{"type":"Polygon","coordinates":[[[-88.148171,41.852404],[-88.148148,41.852399],[-88.148119,41.852405],[-88.148095,41.852417],[-88.148087,41.852433],[-88.148101,41.852468],[-88.148142,41.852474],[-88.148175,41.852458],[-88.148191,41.852428],[-88.148185,41.852412],[-88.148171,41.852404]]]}},{"type":"Feature","properties":{"k":"tee"},"geometry":{"type":"Polygon","coordinates":[[[-88.148357,41.852315],[-88.148331,41.852282],[-88.148284,41.852273],[-88.148243,41.852291],[-88.148232,41.852327],[-88.148252,41.852356],[-88.148269,41.852363],[-88.148313,41.852364],[-88.148352,41.852342],[-88.148357,41.852315]]]}},{"type":"Feature","properties":{"k":"bunker"},"geometry":{"type":"Polygon","coordinates":[[[-88.149655,41.851526],[-88.149676,41.851543],[-88.149677,41.851558],[-88.149674,41.851568],[-88.149648,41.851577],[-88.149639,41.851614],[-88.149582,41.851618],[-88.149565,41.8516],[-88.149565,41.851587],[-88.149579,41.851568],[-88.149596,41.851563],[-88.149586,41.851546],[-88.149595,41.851533],[-88.149621,41.851516],[-88.149635,41.851515],[-88.149655,41.851526]]]}},{"type":"Feature","properties":{"k":"bunker"},"geometry":{"type":"Polygon","coordinates":[[[-88.149504,41.851513],[-88.149484,41.851532],[-88.149479,41.851574],[-88.149466,41.85159],[-88.14947,41.85161],[-88.149489,41.851617],[-88.149505,41.85161],[-88.14951,41.851593],[-88.149533,41.851585],[-88.149543,41.851569],[-88.149503,41.851548],[-88.149546,41.851536],[-88.149546,41.851521],[-88.149504,41.851513]]]}},{"type":"Feature","properties":{"k":"bunker"},"geometry":{"type":"Polygon","coordinates":[[[-88.149588,41.851417],[-88.149569,41.851448],[-88.149546,41.85146],[-88.149543,41.851478],[-88.149555,41.85149],[-88.149586,41.85149],[-88.149634,41.85147],[-88.149637,41.851421],[-88.149617,41.851412],[-88.149588,41.851417]]]}},{"type":"Feature","properties":{"k":"bunker"},"geometry":{"type":"Polygon","coordinates":[[[-88.149596,41.850997],[-88.149558,41.851004],[-88.149547,41.851015],[-88.149541,41.851038],[-88.149557,41.851053],[-88.149644,41.851045],[-88.149649,41.851019],[-88.149612,41.850994],[-88.149596,41.850997]]]}},{"type":"Feature","properties":{"k":"bunker"},"geometry":{"type":"Polygon","coordinates":[[[-88.149479,41.850998],[-88.149448,41.850997],[-88.149422,41.851029],[-88.149404,41.851023],[-88.149401,41.851008],[-88.149361,41.85102],[-88.149358,41.851046],[-88.149374,41.851073],[-88.149404,41.85108],[-88.149432,41.851059],[-88.149457,41.851062],[-88.149485,41.851053],[-88.14949,41.851033],[-88.149479,41.851021],[-88.149486,41.851015],[-88.149479,41.850998]]]}},{"type":"Feature","properties":{"k":"bunker"},"geometry":{"type":"Polygon","coordinates":[[[-88.15029,41.850723],[-88.150264,41.850748],[-88.150239,41.850755],[-88.150203,41.850755],[-88.150167,41.850737],[-88.15018,41.850705],[-88.150168,41.850679],[-88.150182,41.850657],[-88.150214,41.850648],[-88.150222,41.850682],[-88.150232,41.850686],[-88.15025,41.85067],[-88.150247,41.850639],[-88.150276,41.850633],[-88.150314,41.850645],[-88.150325,41.850652],[-88.150321,41.850671],[-88.15027,41.850688],[-88.150276,41.850698],[-88.150298,41.850705],[-88.15029,41.850723]]]}},{"type":"Feature","properties":{"k":"bunker"},"geometry":{"type":"Polygon","coordinates":[[[-88.150548,41.850864],[-88.150555,41.850879],[-88.150535,41.850904],[-88.150457,41.850916],[-88.150443,41.850913],[-88.150436,41.850882],[-88.150414,41.850864],[-88.150423,41.85084],[-88.150451,41.850831],[-88.15047,41.850837],[-88.150474,41.850854],[-88.150491,41.85087],[-88.150504,41.85087],[-88.150514,41.85086],[-88.150503,41.850829],[-88.150561,41.850783],[-88.150591,41.850794],[-88.150594,41.850836],[-88.150551,41.850853],[-88.150548,41.850864]]]}},{"type":"Feature","properties":{"k":"bunker"},"geometry":{"type":"Polygon","coordinates":[[[-88.15078,41.850832],[-88.150762,41.85084],[-88.150722,41.850836],[-88.150664,41.850849],[-88.150635,41.850841],[-88.150632,41.850826],[-88.150655,41.850776],[-88.150676,41.850771],[-88.150688,41.850772],[-88.1507,41.850785],[-88.150708,41.850807],[-88.150722,41.850807],[-88.15074,41.850786],[-88.150777,41.850786],[-88.150793,41.850806],[-88.15078,41.850832]]]}},{"type":"Feature","properties":{"k":"green"},"geometry":{"type":"Polygon","coordinates":[[[-88.150381,41.850652],[-88.150346,41.850725],[-88.150344,41.850748],[-88.150355,41.850774],[-88.150392,41.850801],[-88.150426,41.850805],[-88.150483,41.850795],[-88.150572,41.850755],[-88.150663,41.85075],[-88.150695,41.850737],[-88.150729,41.850704],[-88.150715,41.850665],[-88.150611,41.850627],[-88.150515,41.850573],[-88.150455,41.850569],[-88.15043,41.850573],[-88.150403,41.850588],[-88.150389,41.850609],[-88.150381,41.850652]]]}},{"type":"Feature","properties":{"k":"fairway"},"geometry":{"type":"Polygon","coordinates":[[[-88.150453,41.850799],[-88.150426,41.850805],[-88.150392,41.850801],[-88.150371,41.85079],[-88.150344,41.850748],[-88.150346,41.850725],[-88.150323,41.850749],[-88.150122,41.850828],[-88.150075,41.850841],[-88.149954,41.850845],[-88.149889,41.850859],[-88.149794,41.850907],[-88.149765,41.85093],[-88.149706,41.851054],[-88.149652,41.851079],[-88.149527,41.851084],[-88.149391,41.851108],[-88.149277,41.851169],[-88.149216,41.851214],[-88.149171,41.851267],[-88.149148,41.851329],[-88.149104,41.851402],[-88.148997,41.851484],[-88.148931,41.851585],[-88.148774,41.851778],[-88.148723,41.851823],[-88.148679,41.851886],[-88.148646,41.85194],[-88.148595,41.852084],[-88.148593,41.852129],[-88.148613,41.852169],[-88.148658,41.852193],[-88.14873,41.852213],[-88.148803,41.852218],[-88.148866,41.852213],[-88.148931,41.852187],[-88.148994,41.85215],[-88.14916,41.851992],[-88.149186,41.851945],[-88.149211,41.851858],[-88.149237,41.851818],[-88.149274,41.8518],[-88.149342,41.851795],[-88.149393,41.851778],[-88.149428,41.851746],[-88.149438,41.851705],[-88.149419,41.8516],[-88.149433,41.851541],[-88.149454,41.851494],[-88.149547,41.85138],[-88.149606,41.851352],[-88.149662,41.851337],[-88.149772,41.85134],[-88.149828,41.851326],[-88.149881,41.8513],[-88.149961,41.851225],[-88.150217,41.851056],[-88.150333,41.850899],[-88.150386,41.850839],[-88.150453,41.850799]]]}},{"type":"Feature","properties":{"k":"tee"},"geometry":{"type":"Polygon","coordinates":[[[-88.150797,41.850266],[-88.150772,41.850289],[-88.15075,41.85029],[-88.150733,41.850282],[-88.150716,41.85026],[-88.150716,41.850244],[-88.150719,41.850222],[-88.150736,41.850206],[-88.150772,41.850202],[-88.150787,41.850208],[-88.150796,41.850222],[-88.150797,41.850266]]]}},{"type":"Feature","properties":{"k":"tee"},"geometry":{"type":"Polygon","coordinates":[[[-88.150673,41.850118],[-88.150712,41.850099],[-88.150737,41.850061],[-88.150761,41.849911],[-88.150758,41.849879],[-88.150735,41.849836],[-88.150696,41.849815],[-88.15065,41.849805],[-88.150601,41.849815],[-88.150584,41.849841],[-88.15062,41.849902],[-88.150632,41.849947],[-88.150617,41.850063],[-88.150625,41.850102],[-88.150639,41.850114],[-88.150673,41.850118]]]}},{"type":"Feature","properties":{"k":"tee"},"geometry":{"type":"Polygon","coordinates":[[[-88.150574,41.850035],[-88.15059,41.849993],[-88.150592,41.849939],[-88.150582,41.849922],[-88.150543,41.849916],[-88.15051,41.84994],[-88.150501,41.849963],[-88.150472,41.850077],[-88.150482,41.850091],[-88.150533,41.850093],[-88.150553,41.850082],[-88.150574,41.850035]]]}},{"type":"Feature","properties":{"k":"tee"},"geometry":{"type":"Polygon","coordinates":[[[-88.150547,41.84939],[-88.150518,41.849476],[-88.150498,41.849485],[-88.150459,41.849479],[-88.150445,41.849465],[-88.150448,41.849418],[-88.150504,41.849299],[-88.150534,41.849286],[-88.150555,41.849289],[-88.150576,41.849313],[-88.150547,41.84939]]]}},{"type":"Feature","properties":{"k":"green"},"geometry":{"type":"Polygon","coordinates":[[[-88.151673,41.847314],[-88.151717,41.847253],[-88.151725,41.847229],[-88.151705,41.847181],[-88.151671,41.847166],[-88.151581,41.847158],[-88.151503,41.847178],[-88.151446,41.847219],[-88.151411,41.847266],[-88.151406,41.847289],[-88.151415,41.847316],[-88.151432,41.847336],[-88.151494,41.847363],[-88.151572,41.84737],[-88.1516,41.847364],[-88.151638,41.847352],[-88.151673,41.847314]]]}},{"type":"Feature","properties":{"k":"bunker"},"geometry":{"type":"Polygon","coordinates":[[[-88.150636,41.847906],[-88.150654,41.847902],[-88.1507,41.847912],[-88.150717,41.847945],[-88.15071,41.847962],[-88.150651,41.847975],[-88.150578,41.848033],[-88.15055,41.848032],[-88.150515,41.848009],[-88.150507,41.847969],[-88.150516,41.847953],[-88.15055,41.847932],[-88.150572,41.847933],[-88.150596,41.847952],[-88.150607,41.847952],[-88.150613,41.847943],[-88.150605,41.847919],[-88.150636,41.847906]]]}},{"type":"Feature","properties":{"k":"fairway"},"geometry":{"type":"Polygon","coordinates":[[[-88.151638,41.847352],[-88.151554,41.847413],[-88.151527,41.847451],[-88.151483,41.847572],[-88.151403,41.847741],[-88.151264,41.847874],[-88.151175,41.847978],[-88.151088,41.848103],[-88.151032,41.84816],[-88.150949,41.848264],[-88.150867,41.848442],[-88.150848,41.84852],[-88.150834,41.848764],[-88.150814,41.848822],[-88.150777,41.848884],[-88.150676,41.849033],[-88.150639,41.849065],[-88.150593,41.849078],[-88.150538,41.849074],[-88.150492,41.849055],[-88.150457,41.849024],[-88.150427,41.848983],[-88.150409,41.848925],[-88.150402,41.848858],[-88.150407,41.848717],[-88.150427,41.848629],[-88.150478,41.848508],[-88.150488,41.848453],[-88.15049,41.848397],[-88.150473,41.848281],[-88.15049,41.848159],[-88.150511,41.848122],[-88.15055,41.84808],[-88.150703,41.848],[-88.150749,41.847969],[-88.15078,41.847916],[-88.150812,41.847798],[-88.150885,41.847707],[-88.150942,41.847658],[-88.15106,41.84758],[-88.151258,41.847521],[-88.151318,41.847484],[-88.151375,41.84739],[-88.151406,41.847289],[-88.151415,41.847316],[-88.151432,41.847336],[-88.151494,41.847363],[-88.151572,41.84737],[-88.151638,41.847352]]]}},{"type":"Feature","properties":{"k":"tee"},"geometry":{"type":"Polygon","coordinates":[[[-88.150871,41.847102],[-88.150856,41.847086],[-88.150824,41.847072],[-88.150724,41.847052],[-88.150678,41.847069],[-88.150664,41.847089],[-88.150663,41.84711],[-88.150693,41.84714],[-88.150745,41.847161],[-88.15081,41.847163],[-88.150853,41.847152],[-88.150873,41.847124],[-88.150871,41.847102]]]}},{"type":"Feature","properties":{"k":"tee"},"geometry":{"type":"Polygon","coordinates":[[[-88.150992,41.846934],[-88.150994,41.846959],[-88.150982,41.846995],[-88.150946,41.847037],[-88.150917,41.847051],[-88.150878,41.847058],[-88.150826,41.847057],[-88.150766,41.847038],[-88.150725,41.847004],[-88.150716,41.846967],[-88.150733,41.846922],[-88.150756,41.846884],[-88.150792,41.84687],[-88.150973,41.846919],[-88.150992,41.846934]]]}},{"type":"Feature","properties":{"k":"tee"},"geometry":{"type":"Polygon","coordinates":[[[-88.15094,41.846813],[-88.150955,41.846756],[-88.150949,41.846732],[-88.150934,41.846716],[-88.150909,41.84671],[-88.150852,41.84672],[-88.150831,41.846735],[-88.150803,41.846799],[-88.150803,41.846818],[-88.150824,41.846849],[-88.150856,41.846865],[-88.150897,41.846861],[-88.150917,41.846853],[-88.15094,41.846813]]]}},{"type":"Feature","properties":{"k":"green"},"geometry":{"type":"Polygon","coordinates":[[[-88.151729,41.846028],[-88.151608,41.846091],[-88.151551,41.846154],[-88.151536,41.846175],[-88.151532,41.846203],[-88.151538,41.846229],[-88.151554,41.846245],[-88.151618,41.846262],[-88.151675,41.846258],[-88.151725,41.846236],[-88.151809,41.846213],[-88.15185,41.846192],[-88.151875,41.846151],[-88.151868,41.846088],[-88.151847,41.846045],[-88.15181,41.84602],[-88.151782,41.846016],[-88.151729,41.846028]]]}},{"type":"Feature","properties":{"k":"bunker"},"geometry":{"type":"Polygon","coordinates":[[[-88.151987,41.846126],[-88.151991,41.846136],[-88.151976,41.84616],[-88.151946,41.846166],[-88.151917,41.846159],[-88.15189,41.846096],[-88.151893,41.846079],[-88.151918,41.846073],[-88.151924,41.846085],[-88.151959,41.84609],[-88.15197,41.846108],[-88.151954,41.84612],[-88.151987,41.846126]]]}},{"type":"Feature","properties":{"k":"bunker"},"geometry":{"type":"Polygon","coordinates":[[[-88.151726,41.845948],[-88.151695,41.845932],[-88.151674,41.845942],[-88.151655,41.845977],[-88.151638,41.845983],[-88.151619,41.845982],[-88.151619,41.845962],[-88.151608,41.845957],[-88.151564,41.845975],[-88.151558,41.846008],[-88.151569,41.846034],[-88.151566,41.846044],[-88.151538,41.846058],[-88.151544,41.846078],[-88.151579,41.846079],[-88.151634,41.846044],[-88.151648,41.846019],[-88.151689,41.846013],[-88.151723,41.845996],[-88.151732,41.845982],[-88.151726,41.845948]]]}},{"type":"Feature","properties":{"k":"tee"},"geometry":{"type":"Polygon","coordinates":[[[-88.150569,41.846373],[-88.150542,41.846423],[-88.150516,41.846444],[-88.150481,41.84645],[-88.150454,41.84644],[-88.150441,41.846424],[-88.150441,41.846401],[-88.150488,41.846346],[-88.150512,41.846332],[-88.15056,41.846338],[-88.150572,41.846353],[-88.150569,41.846373]]]}},{"type":"Feature","properties":{"k":"tee"},"geometry":{"type":"Polygon","coordinates":[[[-88.150884,41.846144],[-88.150844,41.846193],[-88.150806,41.846215],[-88.150773,41.846219],[-88.150713,41.846212],[-88.150682,41.846181],[-88.15066,41.846032],[-88.150646,41.846001],[-88.150604,41.845955],[-88.150599,41.845925],[-88.150608,41.8459],[-88.150632,41.845882],[-88.150725,41.845838],[-88.15077,41.845844],[-88.150785,41.845892],[-88.150776,41.845925],[-88.150806,41.845973],[-88.150797,41.846019],[-88.150772,41.84607],[-88.150791,41.846091],[-88.150855,41.846091],[-88.150891,41.846097],[-88.150902,41.846106],[-88.150899,41.846127],[-88.150884,41.846144]]]}},{"type":"Feature","properties":{"k":"tee"},"geometry":{"type":"Polygon","coordinates":[[[-88.151128,41.845885],[-88.151147,41.845829],[-88.151145,41.845803],[-88.151133,41.845786],[-88.151108,41.845782],[-88.151081,41.84579],[-88.151058,41.845809],[-88.151032,41.845868],[-88.151029,41.845902],[-88.151053,41.845928],[-88.151077,41.845931],[-88.151109,41.845916],[-88.151128,41.845885]]]}},{"type":"Feature","properties":{"k":"tee"},"geometry":{"type":"Polygon","coordinates":[[[-88.15117,41.845481],[-88.151107,41.845526],[-88.151072,41.845532],[-88.151047,41.845529],[-88.151023,41.845513],[-88.151016,41.845489],[-88.151021,41.845465],[-88.151054,41.845438],[-88.151109,41.845401],[-88.151137,41.845397],[-88.151163,41.845403],[-88.151192,41.845437],[-88.151189,41.845458],[-88.15117,41.845481]]]}},{"type":"Feature","properties":{"k":"bunker"},"geometry":{"type":"Polygon","coordinates":[[[-88.152129,41.844243],[-88.152097,41.844238],[-88.152076,41.844244],[-88.152047,41.844278],[-88.151987,41.844276],[-88.151963,41.844296],[-88.151926,41.844309],[-88.151915,41.844321],[-88.15192,41.844352],[-88.151909,41.844386],[-88.15191,41.844432],[-88.15192,41.844459],[-88.151949,41.844462],[-88.151976,41.84444],[-88.151984,41.844415],[-88.152029,41.844401],[-88.152039,41.844389],[-88.15204,41.844348],[-88.152096,41.844332],[-88.152108,41.844301],[-88.152139,41.844281],[-88.15214,41.844251],[-88.152129,41.844243]]]}},{"type":"Feature","properties":{"k":"fairway"},"geometry":{"type":"Polygon","coordinates":[[[-88.152271,41.844853],[-88.15225,41.844909],[-88.152148,41.845013],[-88.151925,41.845185],[-88.151799,41.845251],[-88.151679,41.845259],[-88.151582,41.845215],[-88.151518,41.845153],[-88.151496,41.845121],[-88.151488,41.845075],[-88.151523,41.844897],[-88.151595,41.844788],[-88.151644,41.844738],[-88.151778,41.844658],[-88.151999,41.84447],[-88.152048,41.844439],[-88.152169,41.84431],[-88.152202,41.84423],[-88.152242,41.844198],[-88.152486,41.844124],[-88.152532,41.844126],[-88.152569,41.844146],[-88.15258,41.844182],[-88.152567,41.84422],[-88.152532,41.84425],[-88.152518,41.84428],[-88.152516,41.844328],[-88.152529,41.844368],[-88.152529,41.844426],[-88.152497,41.84452],[-88.152467,41.844662],[-88.15244,41.8447],[-88.152296,41.844802],[-88.152271,41.844853]]]}},{"type":"Feature","properties":{"k":"tee"},"geometry":{"type":"Polygon","coordinates":[[[-88.154957,41.843069],[-88.154975,41.84305],[-88.154986,41.843019],[-88.154968,41.842914],[-88.154955,41.842892],[-88.154934,41.84288],[-88.154902,41.842869],[-88.154874,41.842871],[-88.154852,41.842883],[-88.154846,41.842903],[-88.154882,41.843001],[-88.154879,41.843062],[-88.154906,41.843078],[-88.15493,41.843082],[-88.154957,41.843069]]]}},{"type":"Feature","properties":{"k":"tee"},"geometry":{"type":"Polygon","coordinates":[[[-88.155346,41.843039],[-88.15531,41.842974],[-88.155286,41.842964],[-88.1551,41.842945],[-88.155047,41.842955],[-88.155032,41.842969],[-88.155006,41.843056],[-88.155024,41.843102],[-88.155046,41.843121],[-88.155083,41.84314],[-88.15511,41.843141],[-88.155135,41.843135],[-88.155178,41.843086],[-88.155198,41.843075],[-88.155219,41.84307],[-88.15532,41.843085],[-88.155341,41.843077],[-88.155352,41.843062],[-88.155346,41.843039]]]}},{"type":"Feature","properties":{"k":"tee"},"geometry":{"type":"Polygon","coordinates":[[[-88.155882,41.843209],[-88.155791,41.843186],[-88.155695,41.843176],[-88.155658,41.843182],[-88.155646,41.843197],[-88.155646,41.843215],[-88.155665,41.843234],[-88.155849,41.843292],[-88.155898,41.84328],[-88.155914,41.843261],[-88.155906,41.843225],[-88.155882,41.843209]]]}},{"type":"Feature","properties":{"k":"bunker"},"geometry":{"type":"Polygon","coordinates":[[[-88.157871,41.843593],[-88.157884,41.843582],[-88.157872,41.843551],[-88.157832,41.843537],[-88.157784,41.843539],[-88.157733,41.843554],[-88.157695,41.84355],[-88.157662,41.843563],[-88.157656,41.843575],[-88.157656,41.843585],[-88.157717,41.843621],[-88.15772,41.843632],[-88.157763,41.843643],[-88.157788,41.84364],[-88.157805,41.843621],[-88.157784,41.84359],[-88.157793,41.843581],[-88.15783,41.84358],[-88.157854,41.843596],[-88.157871,41.843593]]]}},{"type":"Feature","properties":{"k":"bunker"},"geometry":{"type":"Polygon","coordinates":[[[-88.157514,41.84361],[-88.157469,41.843629],[-88.157429,41.843623],[-88.157396,41.843635],[-88.157391,41.843676],[-88.157406,41.843694],[-88.157445,41.843692],[-88.157442,41.843668],[-88.157466,41.843658],[-88.157476,41.843691],[-88.157524,41.843697],[-88.15755,41.843687],[-88.157556,41.843677],[-88.157543,41.843653],[-88.157552,41.843646],[-88.157573,41.843651],[-88.157585,41.843622],[-88.157558,41.843608],[-88.157514,41.84361]]]}},{"type":"Feature","properties":{"k":"bunker"},"geometry":{"type":"Polygon","coordinates":[[[-88.158121,41.843368],[-88.158101,41.843387],[-88.158082,41.843391],[-88.158027,41.843376],[-88.15802,41.843368],[-88.158031,41.843353],[-88.158047,41.843347],[-88.158072,41.843351],[-88.158095,41.843341],[-88.158123,41.843351],[-88.158121,41.843368]]]}},{"type":"Feature","properties":{"k":"bunker"},"geometry":{"type":"Polygon","coordinates":[[[-88.160407,41.843189],[-88.160382,41.843161],[-88.160339,41.843175],[-88.160335,41.843215],[-88.160377,41.843247],[-88.160399,41.843247],[-88.160416,41.843225],[-88.160416,41.843216],[-88.160401,41.843209],[-88.160407,41.843189]]]}},{"type":"Feature","properties":{"k":"bunker"},"geometry":{"type":"Polygon","coordinates":[[[-88.160561,41.843125],[-88.160533,41.843131],[-88.160507,41.843154],[-88.160465,41.843145],[-88.16044,41.84316],[-88.160454,41.843216],[-88.160479,41.84324],[-88.160493,41.843243],[-88.160505,41.843235],[-88.160516,41.843199],[-88.160529,41.843195],[-88.160543,41.843201],[-88.160566,41.843239],[-88.160598,41.843239],[-88.16061,41.843228],[-88.160619,41.843204],[-88.160571,41.843174],[-88.160579,41.84316],[-88.160603,41.84316],[-88.16061,41.843142],[-88.160588,41.843129],[-88.160561,41.843125]]]}},{"type":"Feature","properties":{"k":"green"},"geometry":{"type":"Polygon","coordinates":[[[-88.16056,41.843055],[-88.160495,41.843115],[-88.160399,41.843131],[-88.160325,41.843128],[-88.160302,41.843119],[-88.16027,41.843083],[-88.160247,41.843013],[-88.160253,41.842976],[-88.160285,41.842947],[-88.160345,41.842936],[-88.16044,41.842963],[-88.160545,41.842972],[-88.160581,41.843005],[-88.160582,41.843023],[-88.16056,41.843055]]]}},{"type":"Feature","properties":{"k":"bunker"},"geometry":{"type":"Polygon","coordinates":[[[-88.158995,41.843868],[-88.158969,41.84384],[-88.158945,41.843835],[-88.158921,41.843844],[-88.158927,41.843891],[-88.158909,41.843891],[-88.158877,41.84386],[-88.158859,41.843855],[-88.158838,41.843864],[-88.158832,41.843893],[-88.158851,41.843909],[-88.15886,41.843939],[-88.158875,41.843953],[-88.158895,41.843958],[-88.158915,41.843952],[-88.158934,41.843925],[-88.158986,41.843925],[-88.159005,41.843914],[-88.159015,41.843903],[-88.159013,41.843886],[-88.158995,41.843868]]]}},{"type":"Feature","properties":{"k":"bunker"},"geometry":{"type":"Polygon","coordinates":[[[-88.158764,41.843964],[-88.158751,41.843948],[-88.158699,41.843916],[-88.15867,41.843916],[-88.158649,41.84394],[-88.158652,41.843951],[-88.158659,41.843961],[-88.158694,41.843971],[-88.158703,41.84398],[-88.158697,41.84399],[-88.158665,41.843997],[-88.158633,41.843994],[-88.158616,41.844004],[-88.158612,41.844028],[-88.158642,41.844057],[-88.158657,41.844061],[-88.15873,41.844056],[-88.158762,41.84401],[-88.158764,41.843964]]]}},{"type":"Feature","properties":{"k":"bunker"},"geometry":{"type":"Polygon","coordinates":[[[-88.159065,41.844222],[-88.159039,41.844168],[-88.159021,41.844157],[-88.159004,41.84416],[-88.158981,41.844188],[-88.159012,41.844209],[-88.158997,41.844227],[-88.159009,41.844246],[-88.159036,41.844253],[-88.159051,41.844249],[-88.159065,41.844222]]]}},{"type":"Feature","properties":{"k":"green"},"geometry":{"type":"Polygon","coordinates":[[[-88.159071,41.844085],[-88.159013,41.844131],[-88.158939,41.844172],[-88.158904,41.844184],[-88.158862,41.844191],[-88.158828,41.844185],[-88.158798,41.844174],[-88.158762,41.844135],[-88.158757,41.844105],[-88.158766,41.84407],[-88.158797,41.84402],[-88.158819,41.844001],[-88.15895,41.843971],[-88.15903,41.843943],[-88.159083,41.843957],[-88.159108,41.843995],[-88.159102,41.844042],[-88.159071,41.844085]]]}},{"type":"Feature","properties":{"k":"fairway"},"geometry":{"type":"Polygon","coordinates":[[[-88.158993,41.844142],[-88.159071,41.844085],[-88.159091,41.844063],[-88.159108,41.844019],[-88.159108,41.843995],[-88.159083,41.843957],[-88.15903,41.843943],[-88.159079,41.843929],[-88.159131,41.84386],[-88.159177,41.843829],[-88.159249,41.843807],[-88.159421,41.843807],[-88.159502,41.843786],[-88.159576,41.843793],[-88.159598,41.843807],[-88.15962,41.843833],[-88.159612,41.843888],[-88.159594,41.843919],[-88.159503,41.843982],[-88.159354,41.844042],[-88.159143,41.84415],[-88.159091,41.844157],[-88.15904,41.844137],[-88.158993,41.844142]]]}},{"type":"Feature","properties":{"k":"tee"},"geometry":{"type":"Polygon","coordinates":[[[-88.160295,41.843822],[-88.160225,41.843803],[-88.160135,41.843799],[-88.160058,41.84382],[-88.160032,41.843839],[-88.160031,41.843864],[-88.160046,41.843883],[-88.160073,41.843893],[-88.160271,41.843892],[-88.160318,41.843875],[-88.160331,41.843857],[-88.160324,41.843833],[-88.160295,41.843822]]]}},{"type":"Feature","properties":{"k":"tee"},"geometry":{"type":"Polygon","coordinates":[[[-88.160862,41.843662],[-88.160854,41.843751],[-88.160829,41.843768],[-88.160756,41.843778],[-88.160637,41.843764],[-88.160611,41.84375],[-88.160609,41.843727],[-88.160633,41.843682],[-88.160625,41.84366],[-88.160605,41.843645],[-88.160512,41.843622],[-88.160507,41.843572],[-88.160522,41.84355],[-88.160552,41.843535],[-88.160594,41.843529],[-88.160644,41.843542],[-88.160746,41.843584],[-88.160827,41.843596],[-88.160857,41.843607],[-88.16087,41.843628],[-88.160862,41.843662]]]}},{"type":"Feature","properties":{"k":"tee"},"geometry":{"type":"Polygon","coordinates":[[[-88.160915,41.843467],[-88.160888,41.843506],[-88.160865,41.843522],[-88.160808,41.843524],[-88.160796,41.843511],[-88.1608,41.843471],[-88.160863,41.843416],[-88.160898,41.8434],[-88.16093,41.843415],[-88.160915,41.843467]]]}},{"type":"Feature","properties":{"k":"tee"},"geometry":{"type":"Polygon","coordinates":[[[-88.158278,41.843918],[-88.158257,41.843934],[-88.158192,41.843941],[-88.158171,41.843929],[-88.158166,41.843911],[-88.158173,41.84389],[-88.158194,41.843875],[-88.158251,41.843862],[-88.158288,41.843877],[-88.158291,41.843897],[-88.158278,41.843918]]]}},{"type":"Feature","properties":{"k":"tee"},"geometry":{"type":"Polygon","coordinates":[[[-88.158177,41.843997],[-88.158085,41.843983],[-88.157993,41.843997],[-88.157956,41.844018],[-88.157937,41.844048],[-88.157944,41.844076],[-88.157964,41.844094],[-88.157992,41.844102],[-88.158025,41.844103],[-88.158083,41.84409],[-88.158191,41.844119],[-88.15822,41.84412],[-88.158247,41.844102],[-88.158258,41.844082],[-88.158259,41.844054],[-88.158249,41.844033],[-88.158221,41.844012],[-88.158177,41.843997]]]}},{"type":"Feature","properties":{"k":"tee"},"geometry":{"type":"Polygon","coordinates":[[[-88.157812,41.84421],[-88.157757,41.844224],[-88.157734,41.844218],[-88.157713,41.844201],[-88.157706,41.844177],[-88.157718,41.844158],[-88.157763,41.844126],[-88.157819,41.844132],[-88.157835,41.844149],[-88.157837,41.844172],[-88.157812,41.84421]]]}},{"type":"Feature","properties":{"k":"tee"},"geometry":{"type":"Polygon","coordinates":[[[-88.157908,41.84437],[-88.157871,41.844368],[-88.157799,41.844389],[-88.157781,41.844409],[-88.157774,41.844436],[-88.157781,41.844457],[-88.157801,41.844472],[-88.157833,41.844483],[-88.157872,41.844482],[-88.157907,41.844471],[-88.157931,41.844453],[-88.157947,41.844429],[-88.157949,41.844406],[-88.15794,41.844384],[-88.157908,41.84437]]]}},{"type":"Feature","properties":{"k":"tee"},"geometry":{"type":"Polygon","coordinates":[[[-88.157656,41.844586],[-88.157618,41.844585],[-88.157546,41.84461],[-88.157534,41.844635],[-88.157538,41.844658],[-88.157557,41.844681],[-88.157587,41.844691],[-88.157651,41.844688],[-88.157694,41.844658],[-88.157706,41.844637],[-88.157701,41.844611],[-88.157683,41.844591],[-88.157656,41.844586]]]}},{"type":"Feature","properties":{"k":"fairway"},"geometry":{"type":"Polygon","coordinates":[[[-88.157216,41.844996],[-88.157171,41.845043],[-88.157073,41.84512],[-88.157016,41.845153],[-88.156868,41.845208],[-88.156746,41.845284],[-88.156697,41.845325],[-88.156666,41.845366],[-88.156637,41.84543],[-88.156584,41.845677],[-88.156557,41.845864],[-88.156517,41.845943],[-88.156463,41.846025],[-88.156412,41.846082],[-88.156355,41.846116],[-88.156292,41.846133],[-88.15623,41.846136],[-88.156181,41.846119],[-88.156139,41.846077],[-88.15613,41.846026],[-88.156144,41.845936],[-88.15617,41.845894],[-88.156275,41.845836],[-88.156324,41.845791],[-88.156336,41.845744],[-88.156324,41.845706],[-88.156247,41.845639],[-88.156199,41.84555],[-88.156127,41.845473],[-88.156113,41.845418],[-88.156127,41.845356],[-88.156175,41.84524],[-88.156266,41.845148],[-88.156333,41.845102],[-88.156558,41.844993],[-88.156618,41.844948],[-88.156694,41.844906],[-88.156763,41.844856],[-88.156839,41.844772],[-88.156886,41.844732],[-88.156925,41.844718],[-88.157108,41.844714],[-88.157156,41.844721],[-88.157201,41.844739],[-88.157231,41.844762],[-88.157272,41.844805],[-88.157293,41.844856],[-88.157258,41.844951],[-88.157216,41.844996]]]}},{"type":"Feature","properties":{"k":"fairway"},"geometry":{"type":"Polygon","coordinates":[[[-88.156291,41.846534],[-88.156269,41.846602],[-88.156232,41.846653],[-88.156228,41.846685],[-88.156242,41.846721],[-88.156263,41.846738],[-88.156291,41.846746],[-88.15642,41.846731],[-88.156444,41.846719],[-88.156459,41.846695],[-88.156444,41.846613],[-88.156444,41.84652],[-88.156434,41.846492],[-88.156392,41.846457],[-88.156363,41.846451],[-88.156333,41.846455],[-88.156307,41.846471],[-88.156291,41.846534]]]}},{"type":"Feature","properties":{"k":"bunker"},"geometry":{"type":"Polygon","coordinates":[[[-88.156523,41.846459],[-88.156516,41.846438],[-88.156499,41.846425],[-88.15648,41.846423],[-88.156434,41.84646],[-88.156449,41.846483],[-88.156481,41.846485],[-88.156488,41.846496],[-88.156472,41.846541],[-88.156489,41.846575],[-88.156472,41.846627],[-88.156479,41.846644],[-88.156537,41.846665],[-88.156559,41.846663],[-88.156574,41.846653],[-88.156583,41.846635],[-88.156566,41.846604],[-88.156537,41.84659],[-88.156541,41.846575],[-88.156571,41.846553],[-88.15657,41.846538],[-88.15652,41.846494],[-88.156523,41.846459]]]}},{"type":"Feature","properties":{"k":"fairway"},"geometry":{"type":"Polygon","coordinates":[[[-88.156506,41.846295],[-88.156498,41.846258],[-88.15647,41.846219],[-88.156433,41.846187],[-88.156383,41.846175],[-88.1563,41.8462],[-88.15627,41.846222],[-88.156254,41.846251],[-88.156254,41.846328],[-88.1563,41.846446],[-88.156301,41.846473],[-88.156282,41.846567],[-88.156269,41.846602],[-88.156232,41.846653],[-88.156228,41.846685],[-88.156242,41.846721],[-88.156263,41.846738],[-88.156291,41.846746],[-88.15642,41.846731],[-88.156444,41.846719],[-88.156459,41.846695],[-88.156444,41.846613],[-88.156444,41.84652],[-88.156415,41.846472],[-88.156414,41.846444],[-88.156481,41.846361],[-88.156506,41.846295]]]}},{"type":"Feature","properties":{"k":"bunker"},"geometry":{"type":"Polygon","coordinates":[[[-88.157543,41.850951],[-88.157522,41.850939],[-88.157478,41.850945],[-88.157466,41.850957],[-88.157467,41.850997],[-88.157475,41.851006],[-88.157514,41.851015],[-88.157528,41.851007],[-88.157528,41.850997],[-88.157557,41.850981],[-88.157559,41.850967],[-88.157543,41.850951]]]}},{"type":"Feature","properties":{"k":"bunker"},"geometry":{"type":"Polygon","coordinates":[[[-88.15732,41.851006],[-88.157252,41.85099],[-88.157248,41.850967],[-88.157231,41.850951],[-88.157217,41.850951],[-88.15718,41.850957],[-88.157172,41.850965],[-88.157174,41.850985],[-88.157143,41.851032],[-88.157174,41.851056],[-88.157192,41.851056],[-88.157205,41.851051],[-88.157216,41.851024],[-88.15724,41.851019],[-88.157248,41.851028],[-88.157232,41.85104],[-88.157236,41.85105],[-88.157258,41.851065],[-88.157281,41.851069],[-88.157292,41.851059],[-88.157323,41.851059],[-88.157342,41.85104],[-88.157342,41.851026],[-88.15732,41.851006]]]}},{"type":"Feature","properties":{"k":"bunker"},"geometry":{"type":"Polygon","coordinates":[[[-88.157232,41.850741],[-88.157194,41.850736],[-88.157178,41.850742],[-88.157166,41.850753],[-88.157174,41.850774],[-88.157202,41.850786],[-88.157236,41.850786],[-88.157253,41.850755],[-88.157232,41.850741]]]}},{"type":"Feature","properties":{"k":"green"},"geometry":{"type":"Polygon","coordinates":[[[-88.157485,41.850815],[-88.15753,41.850852],[-88.157532,41.850877],[-88.157516,41.850901],[-88.157434,41.850963],[-88.157371,41.850976],[-88.157286,41.850948],[-88.157264,41.850931],[-88.157243,41.850887],[-88.157265,41.850824],[-88.157288,41.850794],[-88.1573,41.850722],[-88.157335,41.850706],[-88.157398,41.850723],[-88.157485,41.850815]]]}},{"type":"Feature","properties":{"k":"fairway"},"geometry":{"type":"Polygon","coordinates":[[[-88.157293,41.850769],[-88.1573,41.850722],[-88.157335,41.850706],[-88.157368,41.85071],[-88.157338,41.85069],[-88.157284,41.850611],[-88.157101,41.85043],[-88.157065,41.850376],[-88.157051,41.850241],[-88.157028,41.85021],[-88.15693,41.850173],[-88.156794,41.850158],[-88.156745,41.850134],[-88.1567,41.850095],[-88.156671,41.850036],[-88.156636,41.849905],[-88.156597,41.849852],[-88.156493,41.849753],[-88.156421,41.849615],[-88.156325,41.849474],[-88.156292,41.849403],[-88.156248,41.849247],[-88.156064,41.84896],[-88.15603,41.84892],[-88.155987,41.848887],[-88.155932,41.848872],[-88.155867,41.848868],[-88.155817,41.848879],[-88.155779,41.848901],[-88.155761,41.848934],[-88.15577,41.849013],[-88.155908,41.849192],[-88.155959,41.849395],[-88.156064,41.849585],[-88.156085,41.84965],[-88.156092,41.849771],[-88.156112,41.849825],[-88.156218,41.850027],[-88.156254,41.850077],[-88.156317,41.850129],[-88.156472,41.850197],[-88.156657,41.850292],[-88.156716,41.850336],[-88.156766,41.850378],[-88.156799,41.850442],[-88.156811,41.850499],[-88.156831,41.850542],[-88.156859,41.850569],[-88.157025,41.850632],[-88.157072,41.850662],[-88.157264,41.850723],[-88.157283,41.850739],[-88.157293,41.850769]]]}},{"type":"Feature","properties":{"k":"tee"},"geometry":{"type":"Polygon","coordinates":[[[-88.156869,41.851692],[-88.156856,41.851669],[-88.156827,41.851661],[-88.156795,41.851665],[-88.15677,41.851676],[-88.156762,41.851697],[-88.156767,41.851718],[-88.15679,41.85173],[-88.156847,41.851724],[-88.156864,41.851712],[-88.156869,41.851692]]]}},{"type":"Feature","properties":{"k":"tee"},"geometry":{"type":"Polygon","coordinates":[[[-88.157585,41.851517],[-88.15752,41.851568],[-88.157448,41.851654],[-88.157403,41.851723],[-88.157366,41.851737],[-88.157314,41.851735],[-88.157278,41.851721],[-88.157257,41.851701],[-88.157251,41.851644],[-88.157272,41.851608],[-88.157271,41.851553],[-88.157289,41.851513],[-88.157369,41.851412],[-88.157409,41.851387],[-88.157451,41.851378],[-88.157506,41.851377],[-88.157539,41.851386],[-88.157577,41.851411],[-88.157602,41.851453],[-88.1576,41.851486],[-88.157585,41.851517]]]}},{"type":"Feature","properties":{"k":"tee"},"geometry":{"type":"Polygon","coordinates":[[[-88.157905,41.851266],[-88.157845,41.851303],[-88.157808,41.851301],[-88.157787,41.851288],[-88.157781,41.851261],[-88.157811,41.851232],[-88.157895,41.851198],[-88.15793,41.851201],[-88.157942,41.851216],[-88.157944,41.851239],[-88.157905,41.851266]]]}},{"type":"Feature","properties":{"k":"tee"},"geometry":{"type":"Polygon","coordinates":[[[-88.158132,41.851043],[-88.158095,41.851061],[-88.158058,41.851068],[-88.158024,41.851063],[-88.158018,41.851044],[-88.15803,41.851024],[-88.158066,41.851008],[-88.158123,41.850998],[-88.158141,41.851005],[-88.158149,41.851027],[-88.158132,41.851043]]]}},{"type":"Feature","properties":{"k":"bunker"},"geometry":{"type":"Polygon","coordinates":[[[-88.159854,41.850433],[-88.15987,41.850434],[-88.159882,41.850425],[-88.159882,41.850386],[-88.159867,41.850378],[-88.159838,41.850379],[-88.159802,41.8504],[-88.15979,41.85038],[-88.159744,41.850388],[-88.159734,41.850414],[-88.159748,41.85044],[-88.159783,41.850442],[-88.159807,41.850433],[-88.159854,41.850433]]]}},{"type":"Feature","properties":{"k":"bunker"},"geometry":{"type":"Polygon","coordinates":[[[-88.159621,41.850378],[-88.159578,41.850368],[-88.159565,41.850372],[-88.159557,41.850385],[-88.159523,41.850393],[-88.159512,41.850378],[-88.159528,41.850364],[-88.159521,41.850357],[-88.159509,41.850353],[-88.159472,41.850363],[-88.159451,41.850385],[-88.159411,41.85039],[-88.159398,41.850398],[-88.159389,41.850458],[-88.159407,41.850479],[-88.159426,41.850483],[-88.159468,41.850467],[-88.159476,41.850459],[-88.159469,41.850438],[-88.159481,41.850432],[-88.159498,41.850433],[-88.159538,41.850458],[-88.159602,41.850455],[-88.159635,41.850423],[-88.159632,41.850404],[-88.159618,41.850396],[-88.159621,41.850378]]]}},{"type":"Feature","properties":{"k":"bunker"},"geometry":{"type":"Polygon","coordinates":[[[-88.162188,41.850513],[-88.162176,41.850501],[-88.162139,41.850493],[-88.162084,41.850529],[-88.162069,41.850515],[-88.162077,41.850495],[-88.162072,41.850485],[-88.162046,41.85048],[-88.162016,41.850496],[-88.162007,41.850519],[-88.162021,41.850546],[-88.162037,41.850555],[-88.162149,41.850567],[-88.162186,41.850558],[-88.162195,41.85053],[-88.162188,41.850513]]]}},{"type":"Feature","properties":{"k":"bunker"},"geometry":{"type":"Polygon","coordinates":[[[-88.162956,41.850672],[-88.162957,41.85069],[-88.162947,41.850699],[-88.162923,41.850701],[-88.162835,41.850667],[-88.162792,41.850633],[-88.162792,41.850606],[-88.162809,41.850584],[-88.162829,41.850573],[-88.16285,41.850574],[-88.162882,41.850608],[-88.162868,41.850637],[-88.162919,41.850635],[-88.16293,41.850661],[-88.162956,41.850672]]]}},{"type":"Feature","properties":{"k":"green"},"geometry":{"type":"Polygon","coordinates":[[[-88.163147,41.850476],[-88.163044,41.850495],[-88.162928,41.85049],[-88.162897,41.850495],[-88.162879,41.850508],[-88.162876,41.850558],[-88.162897,41.850582],[-88.16299,41.850666],[-88.163045,41.850695],[-88.163077,41.850702],[-88.163105,41.850705],[-88.163152,41.850691],[-88.163223,41.85056],[-88.163224,41.85053],[-88.16321,41.850491],[-88.163183,41.850479],[-88.163147,41.850476]]]}},{"type":"Feature","properties":{"k":"fairway"},"geometry":{"type":"Polygon","coordinates":[[[-88.162928,41.85049],[-88.162803,41.850461],[-88.162752,41.85046],[-88.162692,41.850469],[-88.162477,41.850531],[-88.16234,41.850582],[-88.162194,41.850609],[-88.162127,41.850608],[-88.162029,41.850581],[-88.161972,41.850549],[-88.161918,41.850532],[-88.161859,41.850528],[-88.161649,41.85055],[-88.16143,41.850561],[-88.161286,41.850599],[-88.161211,41.850591],[-88.161022,41.850506],[-88.160936,41.850497],[-88.16079,41.850514],[-88.160707,41.850503],[-88.160577,41.850456],[-88.160389,41.850437],[-88.160099,41.850449],[-88.159912,41.850466],[-88.159707,41.85047],[-88.159538,41.850491],[-88.159439,41.85051],[-88.159294,41.850549],[-88.159217,41.850558],[-88.159154,41.850575],[-88.159091,41.850609],[-88.158967,41.850723],[-88.158875,41.85077],[-88.158749,41.850852],[-88.158717,41.850891],[-88.158692,41.850947],[-88.1587,41.851041],[-88.158711,41.851082],[-88.158741,41.851109],[-88.158792,41.851135],[-88.158853,41.851152],[-88.158928,41.851157],[-88.159012,41.851145],[-88.159221,41.851065],[-88.1593,41.851059],[-88.15944,41.851077],[-88.159509,41.851074],[-88.159591,41.851058],[-88.159633,41.85103],[-88.159668,41.850991],[-88.159682,41.850941],[-88.159713,41.850902],[-88.159829,41.850824],[-88.159865,41.850788],[-88.159894,41.850727],[-88.159932,41.850679],[-88.16005,41.850626],[-88.160132,41.850611],[-88.160234,41.850609],[-88.160314,41.850635],[-88.160367,41.850664],[-88.160525,41.850787],[-88.160653,41.85082],[-88.160718,41.850826],[-88.160802,41.850824],[-88.160895,41.850808],[-88.160993,41.850812],[-88.161113,41.850876],[-88.161249,41.850912],[-88.161334,41.850908],[-88.161448,41.850879],[-88.161692,41.850782],[-88.161839,41.850761],[-88.1619,41.850767],[-88.162186,41.850871],[-88.16229,41.850894],[-88.162373,41.850897],[-88.162581,41.850858],[-88.162658,41.850834],[-88.162717,41.850797],[-88.162758,41.850764],[-88.162778,41.850723],[-88.16278,41.850691],[-88.162763,41.85064],[-88.162775,41.850592],[-88.162823,41.850553],[-88.162876,41.850558],[-88.162879,41.850508],[-88.162897,41.850495],[-88.162928,41.85049]]]}},{"type":"Feature","properties":{"k":"tee"},"geometry":{"type":"Polygon","coordinates":[[[-88.160178,41.849369],[-88.16015,41.849341],[-88.160129,41.849331],[-88.160101,41.84933],[-88.160027,41.849342],[-88.160008,41.849355],[-88.160004,41.849371],[-88.160031,41.849395],[-88.160107,41.849404],[-88.160154,41.849395],[-88.160169,41.849386],[-88.160178,41.849369]]]}},{"type":"Feature","properties":{"k":"tee"},"geometry":{"type":"Polygon","coordinates":[[[-88.160813,41.849135],[-88.160738,41.849119],[-88.160691,41.849125],[-88.160676,41.849147],[-88.160676,41.849174],[-88.160691,41.849196],[-88.160721,41.849207],[-88.160847,41.849216],[-88.160871,41.849216],[-88.160892,41.849207],[-88.160907,41.849188],[-88.160902,41.849164],[-88.160887,41.849153],[-88.160813,41.849135]]]}},{"type":"Feature","properties":{"k":"tee"},"geometry":{"type":"Polygon","coordinates":[[[-88.160545,41.849286],[-88.160495,41.849232],[-88.16046,41.849221],[-88.160389,41.849221],[-88.160357,41.849232],[-88.160349,41.849252],[-88.160348,41.849272],[-88.160392,41.849305],[-88.16052,41.849358],[-88.160573,41.849365],[-88.16059,41.849356],[-88.160597,41.849336],[-88.160581,41.849313],[-88.160545,41.849286]]]}},{"type":"Feature","properties":{"k":"tee"},"geometry":{"type":"Polygon","coordinates":[[[-88.160129,41.849036],[-88.160116,41.849016],[-88.160087,41.849004],[-88.160044,41.849011],[-88.16003,41.849031],[-88.160033,41.84905],[-88.16007,41.849073],[-88.16011,41.849068],[-88.160129,41.849036]]]}},{"type":"Feature","properties":{"k":"tee"},"geometry":{"type":"Polygon","coordinates":[[[-88.160316,41.849293],[-88.160357,41.849417],[-88.160346,41.849432],[-88.160318,41.849439],[-88.160273,41.849419],[-88.1602,41.849331],[-88.16016,41.849295],[-88.160059,41.849247],[-88.160011,41.849249],[-88.159939,41.849289],[-88.159871,41.849302],[-88.159812,41.849286],[-88.159682,41.8493],[-88.159656,41.849289],[-88.159644,41.849257],[-88.159654,41.84924],[-88.159674,41.849228],[-88.159757,41.849201],[-88.159787,41.849183],[-88.159831,41.849137],[-88.159875,41.849071],[-88.159929,41.849066],[-88.160108,41.849137],[-88.160123,41.849153],[-88.160125,41.849206],[-88.160139,41.849226],[-88.16017,41.849233],[-88.16028,41.849211],[-88.160302,41.849221],[-88.160312,41.849233],[-88.160316,41.849293]]]}},{"type":"Feature","properties":{"k":"bunker"},"geometry":{"type":"Polygon","coordinates":[[[-88.162335,41.849034],[-88.162281,41.849074],[-88.16223,41.849087],[-88.162153,41.849065],[-88.162062,41.849051],[-88.162015,41.849062],[-88.16199,41.849058],[-88.161957,41.849028],[-88.161905,41.849011],[-88.161877,41.849018],[-88.161862,41.849068],[-88.161806,41.849081],[-88.161787,41.849094],[-88.161779,41.849125],[-88.16179,41.849136],[-88.161829,41.849142],[-88.161903,41.849101],[-88.161955,41.849106],[-88.162033,41.849091],[-88.162058,41.849095],[-88.162128,41.849131],[-88.162183,41.849123],[-88.162224,41.849134],[-88.162285,41.849131],[-88.162349,41.849094],[-88.162402,41.849094],[-88.162421,41.849084],[-88.162433,41.849044],[-88.162424,41.84903],[-88.162383,41.849019],[-88.162335,41.849034]]]}},{"type":"Feature","properties":{"k":"green"},"geometry":{"type":"Polygon","coordinates":[[[-88.162295,41.848921],[-88.162212,41.848851],[-88.16214,41.848847],[-88.161952,41.848926],[-88.161933,41.848956],[-88.161936,41.848975],[-88.161979,41.849008],[-88.162005,41.849018],[-88.162182,41.849039],[-88.162241,41.849037],[-88.162292,41.849014],[-88.162315,41.848983],[-88.162315,41.84895],[-88.162295,41.848921]]]}},{"type":"Feature","properties":{"k":"fairway"},"geometry":{"type":"Polygon","coordinates":[[[-88.161973,41.848915],[-88.161952,41.848926],[-88.161933,41.848956],[-88.161936,41.848975],[-88.161979,41.849008],[-88.161931,41.84899],[-88.161887,41.848995],[-88.161864,41.849006],[-88.161827,41.849046],[-88.161771,41.849078],[-88.161685,41.849187],[-88.161605,41.849235],[-88.161466,41.849272],[-88.161422,41.849276],[-88.161348,41.84927],[-88.161285,41.849239],[-88.161252,41.849181],[-88.161253,41.849148],[-88.161291,41.849101],[-88.161318,41.849086],[-88.161362,41.849079],[-88.16145,41.849091],[-88.161517,41.849093],[-88.161578,41.849085],[-88.16168,41.849046],[-88.161701,41.849024],[-88.161742,41.848947],[-88.161786,41.848914],[-88.16182,41.84891],[-88.16194,41.848921],[-88.161973,41.848915]]]}},{"type":"Feature","properties":{"k":"tee"},"geometry":{"type":"Polygon","coordinates":[[[-88.163618,41.849876],[-88.163569,41.849866],[-88.16341,41.849868],[-88.163364,41.849886],[-88.163331,41.849906],[-88.163303,41.849942],[-88.163297,41.849975],[-88.163309,41.850003],[-88.163331,41.850024],[-88.163372,41.850026],[-88.163447,41.849997],[-88.163571,41.849995],[-88.163616,41.849985],[-88.163644,41.849965],[-88.163664,41.849929],[-88.163652,41.849894],[-88.163618,41.849876]]]}},{"type":"Feature","properties":{"k":"tee"},"geometry":{"type":"Polygon","coordinates":[[[-88.163259,41.849835],[-88.16321,41.849825],[-88.163176,41.849832],[-88.163155,41.849847],[-88.163147,41.84987],[-88.163164,41.849911],[-88.163211,41.849928],[-88.163245,41.849927],[-88.163269,41.849917],[-88.163286,41.849901],[-88.163294,41.849875],[-88.163282,41.849848],[-88.163259,41.849835]]]}},{"type":"Feature","properties":{"k":"tee"},"geometry":{"type":"Polygon","coordinates":[[[-88.16305,41.849906],[-88.163135,41.84998],[-88.163143,41.85],[-88.163137,41.850023],[-88.163103,41.850038],[-88.16292,41.850021],[-88.162867,41.850002],[-88.162853,41.849987],[-88.162861,41.849957],[-88.162934,41.849938],[-88.162986,41.849901],[-88.163005,41.849894],[-88.16305,41.849906]]]}},{"type":"Feature","properties":{"k":"bunker"},"geometry":{"type":"Polygon","coordinates":[[[-88.16154,41.849576],[-88.16152,41.849553],[-88.161468,41.849542],[-88.161428,41.849559],[-88.161414,41.849571],[-88.161414,41.849587],[-88.161425,41.849601],[-88.16147,41.849603],[-88.161508,41.849617],[-88.161534,41.849618],[-88.16155,41.849601],[-88.16154,41.849576]]]}},{"type":"Feature","properties":{"k":"bunker"},"geometry":{"type":"Polygon","coordinates":[[[-88.161314,41.84955],[-88.161296,41.849537],[-88.161254,41.849541],[-88.161245,41.849553],[-88.161252,41.849579],[-88.16124,41.849591],[-88.161196,41.849597],[-88.161177,41.849607],[-88.161179,41.849635],[-88.161222,41.849641],[-88.161288,41.849636],[-88.161319,41.849625],[-88.161314,41.84955]]]}},{"type":"Feature","properties":{"k":"bunker"},"geometry":{"type":"Polygon","coordinates":[[[-88.159799,41.850015],[-88.159761,41.850023],[-88.15973,41.850051],[-88.159683,41.850062],[-88.159669,41.850072],[-88.159663,41.850087],[-88.159677,41.850112],[-88.159693,41.850115],[-88.159731,41.850107],[-88.159762,41.850113],[-88.159791,41.850107],[-88.159809,41.850075],[-88.159844,41.850056],[-88.15985,41.850045],[-88.159843,41.850026],[-88.159799,41.850015]]]}},{"type":"Feature","properties":{"k":"bunker"},"geometry":{"type":"Polygon","coordinates":[[[-88.159768,41.849859],[-88.159725,41.849865],[-88.159708,41.849875],[-88.1597,41.849906],[-88.159648,41.849886],[-88.159592,41.849889],[-88.159586,41.849911],[-88.159633,41.849946],[-88.15966,41.849952],[-88.159689,41.849948],[-88.15972,41.84997],[-88.159751,41.849975],[-88.159828,41.849917],[-88.15981,41.849883],[-88.159768,41.849859]]]}},{"type":"Feature","properties":{"k":"green"},"geometry":{"type":"Polygon","coordinates":[[[-88.159681,41.849988],[-88.159611,41.849966],[-88.159556,41.849938],[-88.159527,41.849932],[-88.159491,41.84994],[-88.159416,41.850024],[-88.159404,41.850071],[-88.159409,41.85009],[-88.159423,41.850107],[-88.159468,41.850122],[-88.159583,41.850116],[-88.159629,41.85009],[-88.15969,41.850036],[-88.159697,41.850007],[-88.159681,41.849988]]]}},{"type":"Feature","properties":{"k":"fairway"},"geometry":{"type":"Polygon","coordinates":[[[-88.15969,41.850036],[-88.159738,41.850009],[-88.159805,41.850001],[-88.160024,41.850039],[-88.160547,41.849956],[-88.16072,41.849943],[-88.160837,41.84995],[-88.160909,41.849972],[-88.160973,41.84998],[-88.161048,41.849973],[-88.161157,41.849925],[-88.161216,41.849918],[-88.161278,41.849925],[-88.161452,41.850005],[-88.161516,41.850015],[-88.161595,41.850013],[-88.161818,41.849965],[-88.162063,41.84998],[-88.162131,41.849978],[-88.162259,41.849928],[-88.162302,41.849897],[-88.162322,41.849864],[-88.162325,41.849817],[-88.162303,41.849783],[-88.162268,41.849749],[-88.162218,41.849719],[-88.162051,41.849659],[-88.161974,41.849639],[-88.161898,41.849637],[-88.16171,41.849687],[-88.161645,41.849691],[-88.161505,41.849651],[-88.161387,41.849643],[-88.161225,41.849684],[-88.161151,41.849669],[-88.161062,41.849628],[-88.161023,41.849628],[-88.160914,41.849647],[-88.16073,41.849707],[-88.160601,41.849758],[-88.160528,41.849772],[-88.160277,41.849803],[-88.160091,41.849798],[-88.160032,41.849806],[-88.159941,41.849842],[-88.159886,41.849904],[-88.159785,41.849983],[-88.159743,41.849993],[-88.159663,41.84998],[-88.159697,41.850007],[-88.15969,41.850036]]]}},{"type":"Feature","properties":{"k":"green"},"geometry":{"type":"Polygon","coordinates":[[[-88.158484,41.849631],[-88.158473,41.849702],[-88.158444,41.849746],[-88.158388,41.849772],[-88.158347,41.849782],[-88.15831,41.84978],[-88.15828,41.849763],[-88.158224,41.849694],[-88.158178,41.849662],[-88.158167,41.849642],[-88.158185,41.849555],[-88.15817,41.849444],[-88.158192,41.849406],[-88.158223,41.849397],[-88.158255,41.849401],[-88.158286,41.849418],[-88.158351,41.849481],[-88.158447,41.849514],[-88.158468,41.84953],[-88.158486,41.849565],[-88.158484,41.849631]]]}},{"type":"Feature","properties":{"k":"bunker"},"geometry":{"type":"Polygon","coordinates":[[[-88.158625,41.849421],[-88.158599,41.849399],[-88.158578,41.8494],[-88.158552,41.849424],[-88.158527,41.849481],[-88.158538,41.849512],[-88.158562,41.849523],[-88.158579,41.849545],[-88.158596,41.84955],[-88.158627,41.849548],[-88.158651,41.849523],[-88.158645,41.849505],[-88.158606,41.84949],[-88.158598,41.849474],[-88.158635,41.849449],[-88.158625,41.849421]]]}},{"type":"Feature","properties":{"k":"bunker"},"geometry":{"type":"Polygon","coordinates":[[[-88.158482,41.849416],[-88.158464,41.849439],[-88.158457,41.84947],[-88.15843,41.849475],[-88.15837,41.849457],[-88.158343,41.84942],[-88.158315,41.8494],[-88.158316,41.849388],[-88.158349,41.849371],[-88.15837,41.849372],[-88.158422,41.849391],[-88.158474,41.84939],[-88.158486,41.849399],[-88.158482,41.849416]]]}},{"type":"Feature","properties":{"k":"fairway"},"geometry":{"type":"Polygon","coordinates":[[[-88.158444,41.849746],[-88.158529,41.849689],[-88.158584,41.849668],[-88.15876,41.849624],[-88.158867,41.849614],[-88.158912,41.849593],[-88.159005,41.849499],[-88.159108,41.849418],[-88.15912,41.849352],[-88.159108,41.849326],[-88.159086,41.849306],[-88.159058,41.849293],[-88.158983,41.849282],[-88.158822,41.849314],[-88.158781,41.849332],[-88.158708,41.849392],[-88.158692,41.849437],[-88.158693,41.84948],[-88.158673,41.84955],[-88.158636,41.84957],[-88.158593,41.849574],[-88.158547,41.849563],[-88.158447,41.849514],[-88.158468,41.84953],[-88.158486,41.849565],[-88.158473,41.849702],[-88.158444,41.849746]]]}},{"type":"Feature","properties":{"k":"rough"},"geometry":{"type":"Polygon","coordinates":[[[-88.154231,41.843344],[-88.154167,41.843446],[-88.154168,41.843482],[-88.154188,41.843542],[-88.154184,41.843578],[-88.154161,41.843633],[-88.154173,41.84367],[-88.154167,41.84372],[-88.154094,41.843786],[-88.154048,41.843809],[-88.153993,41.84381],[-88.153949,41.843783],[-88.153923,41.843752],[-88.153903,41.843714],[-88.1539,41.843637],[-88.153837,41.843554],[-88.153869,41.84344],[-88.15396,41.843368],[-88.153986,41.843322],[-88.154005,41.843235],[-88.154027,41.843205],[-88.154066,41.843189],[-88.154167,41.843176],[-88.154218,41.8432],[-88.154242,41.843229],[-88.154248,41.843273],[-88.154247,41.843308],[-88.154231,41.843344]]]}},{"type":"Feature","properties":{"k":"rough"},"geometry":{"type":"Polygon","coordinates":[[[-88.152,41.843694],[-88.152023,41.843665],[-88.152014,41.843636],[-88.151974,41.843626],[-88.151931,41.843633],[-88.151911,41.843668],[-88.151916,41.843702],[-88.151971,41.843712],[-88.152,41.843694]]]}},{"type":"Feature","properties":{"k":"rough"},"geometry":{"type":"Polygon","coordinates":[[[-88.151392,41.843643],[-88.151323,41.843612],[-88.151275,41.843606],[-88.151206,41.843625],[-88.151136,41.843716],[-88.151081,41.843754],[-88.150987,41.843837],[-88.150931,41.843863],[-88.15089,41.843863],[-88.15085,41.843852],[-88.150803,41.843805],[-88.150788,41.843733],[-88.150805,41.84365],[-88.150831,41.843618],[-88.15091,41.843559],[-88.150924,41.84352],[-88.15101,41.843463],[-88.151064,41.843408],[-88.151101,41.843395],[-88.151142,41.843398],[-88.151182,41.843417],[-88.151216,41.843455],[-88.15125,41.843462],[-88.151326,41.843446],[-88.151397,41.843462],[-88.151454,41.843554],[-88.151441,41.843631],[-88.151392,41.843643]]]}},{"type":"Feature","properties":{"k":"rough"},"geometry":{"type":"Polygon","coordinates":[[[-88.152865,41.843617],[-88.152896,41.843537],[-88.152922,41.843513],[-88.15293,41.843483],[-88.152918,41.843439],[-88.152898,41.843415],[-88.152867,41.843342],[-88.152875,41.843307],[-88.152859,41.843272],[-88.152824,41.843239],[-88.152822,41.843201],[-88.152865,41.843136],[-88.152879,41.843095],[-88.152859,41.84301],[-88.152859,41.842953],[-88.152845,41.842918],[-88.152804,41.8429],[-88.152733,41.842894],[-88.152662,41.8429],[-88.152605,41.842922],[-88.152479,41.84301],[-88.152418,41.843041],[-88.152324,41.843065],[-88.152296,41.843089],[-88.152292,41.843183],[-88.152272,41.843225],[-88.152251,41.843237],[-88.152267,41.843275],[-88.152318,41.843301],[-88.152465,41.843346],[-88.152485,41.843359],[-88.152479,41.843377],[-88.152406,41.843399],[-88.152365,41.843392],[-88.152298,41.843399],[-88.152223,41.843386],[-88.152186,41.843398],[-88.15217,41.843481],[-88.152143,41.843504],[-88.152135,41.843537],[-88.152143,41.843564],[-88.152168,41.843576],[-88.152209,41.843576],[-88.152247,41.843555],[-88.152302,41.843489],[-88.15242,41.843481],[-88.152461,41.843492],[-88.152465,41.843519],[-88.152438,41.84354],[-88.152398,41.843554],[-88.152373,41.843575],[-88.152363,41.843605],[-88.152377,41.84368],[-88.152357,41.84372],[-88.152367,41.843754],[-88.152461,41.84386],[-88.152518,41.843874],[-88.152552,41.843869],[-88.152589,41.843882],[-88.152652,41.843889],[-88.152704,41.843876],[-88.152741,41.843857],[-88.152766,41.843835],[-88.152827,41.843801],[-88.152835,41.843733],[-88.152861,41.843656],[-88.152865,41.843617]]]}},{"type":"Feature","properties":{"k":"rough"},"geometry":{"type":"Polygon","coordinates":[[[-88.156875,41.847183],[-88.156834,41.847156],[-88.156773,41.847136],[-88.156718,41.847142],[-88.156665,41.84717],[-88.156639,41.847223],[-88.156655,41.847276],[-88.156812,41.847329],[-88.156881,41.847362],[-88.156932,41.847362],[-88.156989,41.847332],[-88.156987,41.847273],[-88.156928,41.847198],[-88.156875,41.847183]]]}},{"type":"Feature","properties":{"k":"rough"},"geometry":{"type":"Polygon","coordinates":[[[-88.161707,41.848778],[-88.161611,41.848802],[-88.161498,41.848868],[-88.161469,41.848873],[-88.161445,41.848867],[-88.16143,41.848853],[-88.161425,41.848834],[-88.161433,41.848813],[-88.16145,41.848801],[-88.161514,41.84879],[-88.161579,41.848755],[-88.161607,41.848709],[-88.161627,41.848695],[-88.161649,41.848689],[-88.161679,41.848692],[-88.161718,41.848722],[-88.16173,41.848752],[-88.161725,41.848766],[-88.161707,41.848778]]]}},{"type":"Feature","properties":{"k":"tee"},"geometry":{"type":"Polygon","coordinates":[[[-88.161071,41.848558],[-88.161025,41.848451],[-88.160977,41.848432],[-88.160948,41.848434],[-88.160923,41.848445],[-88.160909,41.848462],[-88.160913,41.848506],[-88.161004,41.848569],[-88.161039,41.84862],[-88.161074,41.848643],[-88.161096,41.848638],[-88.161111,41.84862],[-88.161111,41.848603],[-88.161071,41.848558]]]}},{"type":"Feature","properties":{"k":"tee"},"geometry":{"type":"Polygon","coordinates":[[[-88.16094,41.848341],[-88.16091,41.848309],[-88.160878,41.848303],[-88.160846,41.848311],[-88.160822,41.848329],[-88.160812,41.848349],[-88.160811,41.848368],[-88.160833,41.84841],[-88.160872,41.848426],[-88.160916,41.848415],[-88.160943,41.848385],[-88.16094,41.848341]]]}},{"type":"Feature","properties":{"k":"tee"},"geometry":{"type":"Polygon","coordinates":[[[-88.160795,41.848219],[-88.160769,41.848176],[-88.160752,41.848165],[-88.160724,41.848162],[-88.160675,41.848177],[-88.160656,41.848196],[-88.160648,41.848228],[-88.160652,41.848251],[-88.160675,41.848288],[-88.160715,41.848306],[-88.160769,41.848303],[-88.16079,41.84829],[-88.160803,41.848269],[-88.160795,41.848219]]]}},{"type":"Feature","properties":{"k":"tee"},"geometry":{"type":"Polygon","coordinates":[[[-88.160395,41.847834],[-88.160397,41.847798],[-88.160382,41.847776],[-88.160355,41.847769],[-88.160327,41.847778],[-88.16032,41.847795],[-88.160334,41.847841],[-88.16035,41.847851],[-88.160378,41.84785],[-88.160395,41.847834]]]}},{"type":"Feature","properties":{"k":"fairway"},"geometry":{"type":"Polygon","coordinates":[[[-88.157286,41.850948],[-88.157264,41.850931],[-88.157243,41.850887],[-88.157265,41.850824],[-88.157288,41.850794],[-88.157261,41.85081],[-88.157235,41.850814],[-88.1572,41.85081],[-88.157148,41.850789],[-88.157117,41.850786],[-88.157095,41.850798],[-88.157088,41.850816],[-88.157102,41.85092],[-88.157116,41.850932],[-88.157159,41.850942],[-88.157212,41.850929],[-88.157236,41.85093],[-88.157286,41.850948]]]}},{"type":"Feature","properties":{"k":"fairway"},"geometry":{"type":"Polygon","coordinates":[[[-88.151641,41.846262],[-88.151561,41.846285],[-88.151463,41.84637],[-88.15141,41.846394],[-88.151362,41.846406],[-88.151322,41.846401],[-88.151295,41.846378],[-88.151288,41.846348],[-88.151307,41.846315],[-88.151364,41.846269],[-88.151403,41.846224],[-88.151504,41.846192],[-88.151536,41.846175],[-88.151538,41.846229],[-88.151554,41.846245],[-88.151641,41.846262]]]}},{"type":"Feature","properties":{"k":"fairway"},"geometry":{"type":"Polygon","coordinates":[[[-88.152996,41.851182],[-88.153025,41.851147],[-88.15311,41.851115],[-88.153167,41.851083],[-88.153182,41.851039],[-88.153178,41.851018],[-88.153158,41.851001],[-88.153094,41.850987],[-88.153021,41.850993],[-88.152832,41.851076],[-88.15288,41.851071],[-88.152956,41.85111],[-88.152978,41.85113],[-88.152996,41.851182]]]}},{"type":"Feature","properties":{"k":"fairway"},"geometry":{"type":"Polygon","coordinates":[[[-88.148447,41.854294],[-88.148428,41.854276],[-88.148398,41.854264],[-88.148364,41.85426],[-88.14833,41.854267],[-88.148266,41.854299],[-88.148333,41.854241],[-88.14836,41.854181],[-88.148398,41.85414],[-88.148432,41.854138],[-88.148462,41.854146],[-88.148496,41.854173],[-88.148497,41.854213],[-88.148457,41.854254],[-88.148447,41.854294]]]}}]}