{"type":"FeatureCollection","features":[{"type":"Feature","properties":{"k":"hole","ref":"1","par":5,"hcp":9},"geometry":{"type":"LineString","coordinates":[[-120.211074,39.332711],[-120.208269,39.331646],[-120.205859,39.330548]]}},{"type":"Feature","properties":{"k":"hole","ref":"2","par":4,"hcp":5},"geometry":{"type":"LineString","coordinates":[[-120.204616,39.329936],[-120.201617,39.330069],[-120.199945,39.329967]]}},{"type":"Feature","properties":{"k":"hole","ref":"3","par":3,"hcp":15},"geometry":{"type":"LineString","coordinates":[[-120.200735,39.330828],[-120.198874,39.329982]]}},{"type":"Feature","properties":{"k":"hole","ref":"4","par":4,"hcp":1},"geometry":{"type":"LineString","coordinates":[[-120.198703,39.330448],[-120.200516,39.331933],[-120.202301,39.332573]]}},{"type":"Feature","properties":{"k":"hole","ref":"5","par":4,"hcp":3},"geometry":{"type":"LineString","coordinates":[[-120.201705,39.331256],[-120.203689,39.33266],[-120.20525,39.332882]]}},{"type":"Feature","properties":{"k":"hole","ref":"6","par":4,"hcp":13},"geometry":{"type":"LineString","coordinates":[[-120.20465,39.332121],[-120.202568,39.330813],[-120.201117,39.331044]]}},{"type":"Feature","properties":{"k":"hole","ref":"7","par":5,"hcp":11},"geometry":{"type":"LineString","coordinates":[[-120.202692,39.330251],[-120.205055,39.331655],[-120.207596,39.331969]]}},{"type":"Feature","properties":{"k":"hole","ref":"8","par":3,"hcp":17},"geometry":{"type":"LineString","coordinates":[[-120.207277,39.332533],[-120.205675,39.332598]]}},{"type":"Feature","properties":{"k":"hole","ref":"9","par":4,"hcp":7},"geometry":{"type":"LineString","coordinates":[[-120.205494,39.333103],[-120.20859,39.332813],[-120.210033,39.332962]]}},{"type":"Feature","properties":{"k":"hole","ref":"10","par":4,"hcp":6},"geometry":{"type":"LineString","coordinates":[[-120.211015,39.333317],[-120.208404,39.333661],[-120.206562,39.333503]]}},{"type":"Feature","properties":{"k":"hole","ref":"11","par":4,"hcp":10},"geometry":{"type":"LineString","coordinates":[[-120.206008,39.333348],[-120.20331,39.334456],[-120.201701,39.334023]]}},{"type":"Feature","properties":{"k":"hole","ref":"12","par":5,"hcp":14},"geometry":{"type":"LineString","coordinates":[[-120.203792,39.333942],[-120.200906,39.333175],[-120.199332,39.331818]]}},{"type":"Feature","properties":{"k":"hole","ref":"13","par":3,"hcp":8},"geometry":{"type":"LineString","coordinates":[[-120.199746,39.332703],[-120.199122,39.333399],[-120.198264,39.33414]]}},{"type":"Feature","properties":{"k":"hole","ref":"14","par":4,"hcp":18},"geometry":{"type":"LineString","coordinates":[[-120.197806,39.334448],[-120.199694,39.334708],[-120.2009,39.334596]]}},{"type":"Feature","properties":{"k":"hole","ref":"15","par":5,"hcp":4},"geometry":{"type":"LineString","coordinates":[[-120.203148,39.334935],[-120.2062,39.334987],[-120.209257,39.335928]]}},{"type":"Feature","properties":{"k":"hole","ref":"16","par":3,"hcp":12},"geometry":{"type":"LineString","coordinates":[[-120.210454,39.336382],[-120.211498,39.334892]]}},{"type":"Feature","properties":{"k":"hole","ref":"17","par":4,"hcp":2},"geometry":{"type":"LineString","coordinates":[[-120.211854,39.33448],[-120.209039,39.335064],[-120.207113,39.334771]]}},{"type":"Feature","properties":{"k":"hole","ref":"18","par":4,"hcp":16},"geometry":{"type":"LineString","coordinates":[[-120.207463,39.33435],[-120.209578,39.334157],[-120.210923,39.333897]]}},{"type":"Feature","properties":{"k":"water"},"geometry":{"type":"Polygon","coordinates":[[[-120.210152,39.335056],[-120.210092,39.335096],[-120.210048,39.335108],[-120.209869,39.335093],[-120.209767,39.335093],[-120.209491,39.335129],[-120.209394,39.335107],[-120.209342,39.33508],[-120.209322,39.335054],[-120.209245,39.334879],[-120.209191,39.334837],[-120.209177,39.334814],[-120.209176,39.334784],[-120.209194,39.334737],[-120.209211,39.334717],[-120.209263,39.334686],[-120.209326,39.334666],[-120.209392,39.334657],[-120.209448,39.334661],[-120.209716,39.334772],[-120.209885,39.334824],[-120.209945,39.334819],[-120.210053,39.334786],[-120.210112,39.334787],[-120.210162,39.334799],[-120.210209,39.334829],[-120.21023,39.334865],[-120.210238,39.33491],[-120.210234,39.334955],[-120.210215,39.334989],[-120.210192,39.335023],[-120.210152,39.335056]]]}},{"type":"Feature","properties":{"k":"water"},"geometry":{"type":"Polygon","coordinates":[[[-120.211471,39.335206],[-120.211461,39.335236],[-120.211433,39.335267],[-120.21139,39.335299],[-120.211293,39.33535],[-120.211149,39.335384],[-120.21107,39.335394],[-120.210919,39.335403],[-120.210853,39.335389],[-120.210827,39.335372],[-120.210811,39.335349],[-120.210736,39.335147],[-120.210684,39.335098],[-120.210581,39.335028],[-120.210547,39.334948],[-120.210551,39.334871],[-120.210593,39.334818],[-120.210676,39.334764],[-120.210746,39.334748],[-120.210817,39.334748],[-120.210857,39.334755],[-120.211163,39.334895],[-120.211203,39.334928],[-120.211219,39.33502],[-120.211238,39.335048],[-120.211271,39.33507],[-120.21139,39.335114],[-120.211442,39.335154],[-120.211463,39.335178],[-120.211471,39.335206]]]}},{"type":"Feature","properties":{"k":"tee"},"geometry":{"type":"Polygon","coordinates":[[[-120.211027,39.332716],[-120.211082,39.332734],[-120.211115,39.332723],[-120.211119,39.33271],[-120.211078,39.33268],[-120.211016,39.332665],[-120.211,39.33267],[-120.210991,39.332683],[-120.210996,39.332697],[-120.211027,39.332716]]]}},{"type":"Feature","properties":{"k":"tee"},"geometry":{"type":"Polygon","coordinates":[[[-120.210592,39.33254],[-120.210679,39.332567],[-120.210704,39.332561],[-120.210712,39.332523],[-120.2107,39.332509],[-120.210614,39.332485],[-120.21059,39.332492],[-120.21058,39.332509],[-120.210592,39.33254]]]}},{"type":"Feature","properties":{"k":"green"},"geometry":{"type":"Polygon","coordinates":[[[-120.205778,39.330646],[-120.205821,39.330657],[-120.205894,39.330661],[-120.20596,39.330649],[-120.205999,39.330631],[-120.206035,39.3306],[-120.206056,39.330559],[-120.206058,39.330495],[-120.206044,39.330467],[-120.205986,39.330443],[-120.20589,39.330441],[-120.205743,39.330464],[-120.205676,39.330493],[-120.205658,39.330532],[-120.20567,39.330572],[-120.205701,39.330608],[-120.205778,39.330646]]]}},{"type":"Feature","properties":{"k":"tee"},"geometry":{"type":"Polygon","coordinates":[[[-120.21001,39.332409],[-120.210032,39.332402],[-120.210124,39.332423],[-120.210193,39.332453],[-120.210199,39.33247],[-120.210185,39.332487],[-120.210166,39.332494],[-120.210134,39.33249],[-120.210004,39.332434],[-120.209998,39.332423],[-120.21001,39.332409]]]}},{"type":"Feature","properties":{"k":"tee"},"geometry":{"type":"Polygon","coordinates":[[[-120.209395,39.332187],[-120.209444,39.332206],[-120.20946,39.332225],[-120.209452,39.33225],[-120.209421,39.332256],[-120.209381,39.332247],[-120.20933,39.332217],[-120.209332,39.332195],[-120.209352,39.332182],[-120.209395,39.332187]]]}},{"type":"Feature","properties":{"k":"tee"},"geometry":{"type":"Polygon","coordinates":[[[-120.204604,39.329974],[-120.204645,39.329971],[-120.204673,39.329949],[-120.204677,39.329935],[-120.204659,39.329911],[-120.20462,39.329897],[-120.204579,39.329894],[-120.20455,39.329913],[-120.204549,39.329931],[-120.20457,39.32996],[-120.204604,39.329974]]]}},{"type":"Feature","properties":{"k":"tee"},"geometry":{"type":"Polygon","coordinates":[[[-120.204088,39.329958],[-120.204175,39.329973],[-120.204195,39.329963],[-120.204204,39.329947],[-120.204195,39.32993],[-120.204161,39.329909],[-120.204092,39.32989],[-120.204059,39.329908],[-120.204057,39.329923],[-120.204069,39.329949],[-120.204088,39.329958]]]}},{"type":"Feature","properties":{"k":"tee"},"geometry":{"type":"Polygon","coordinates":[[[-120.20381,39.329943],[-120.203957,39.329942],[-120.203972,39.329928],[-120.203974,39.329913],[-120.203966,39.329897],[-120.203924,39.329881],[-120.203808,39.32988],[-120.203791,39.329887],[-120.203781,39.329903],[-120.203791,39.329933],[-120.20381,39.329943]]]}},{"type":"Feature","properties":{"k":"tee"},"geometry":{"type":"Polygon","coordinates":[[[-120.200693,39.330823],[-120.200702,39.330853],[-120.200726,39.330864],[-120.200766,39.330855],[-120.200779,39.330834],[-120.200772,39.330812],[-120.200748,39.330798],[-120.200719,39.330799],[-120.200693,39.330823]]]}},{"type":"Feature","properties":{"k":"tee"},"geometry":{"type":"Polygon","coordinates":[[[-120.20053,39.330799],[-120.200437,39.330745],[-120.200425,39.330723],[-120.200437,39.330704],[-120.20046,39.330695],[-120.200484,39.330702],[-120.200563,39.330743],[-120.200577,39.33076],[-120.200575,39.330779],[-120.200561,39.330796],[-120.20053,39.330799]]]}},{"type":"Feature","properties":{"k":"tee"},"geometry":{"type":"Polygon","coordinates":[[[-120.200344,39.330672],[-120.200353,39.330649],[-120.200334,39.330606],[-120.200269,39.330571],[-120.200241,39.330573],[-120.200224,39.330588],[-120.20022,39.33062],[-120.200243,39.330654],[-120.200313,39.33068],[-120.200344,39.330672]]]}},{"type":"Feature","properties":{"k":"tee"},"geometry":{"type":"Polygon","coordinates":[[[-120.199954,39.330509],[-120.199994,39.330511],[-120.20001,39.330502],[-120.20001,39.330484],[-120.199996,39.330468],[-120.199959,39.330453],[-120.199922,39.330464],[-120.199924,39.330482],[-120.199954,39.330509]]]}},{"type":"Feature","properties":{"k":"tee"},"geometry":{"type":"Polygon","coordinates":[[[-120.198731,39.330472],[-120.198741,39.330456],[-120.198723,39.330423],[-120.198669,39.330428],[-120.198673,39.330461],[-120.198703,39.330475],[-120.198731,39.330472]]]}},{"type":"Feature","properties":{"k":"tee"},"geometry":{"type":"Polygon","coordinates":[[[-120.198877,39.330521],[-120.198877,39.3305],[-120.198865,39.330483],[-120.198847,39.330477],[-120.198796,39.330489],[-120.19877,39.330505],[-120.198765,39.330522],[-120.198776,39.330544],[-120.198811,39.330553],[-120.198858,39.330539],[-120.198877,39.330521]]]}},{"type":"Feature","properties":{"k":"tee"},"geometry":{"type":"Polygon","coordinates":[[[-120.199018,39.330627],[-120.19902,39.33061],[-120.199,39.330585],[-120.198954,39.330584],[-120.198916,39.330606],[-120.198907,39.330642],[-120.198915,39.330655],[-120.198952,39.330668],[-120.198993,39.330653],[-120.199018,39.330627]]]}},{"type":"Feature","properties":{"k":"tee"},"geometry":{"type":"Polygon","coordinates":[[[-120.199331,39.331138],[-120.199385,39.331142],[-120.199395,39.331137],[-120.199402,39.331116],[-120.199381,39.331086],[-120.199332,39.331072],[-120.199309,39.331083],[-120.199303,39.331105],[-120.199309,39.331125],[-120.199331,39.331138]]]}},{"type":"Feature","properties":{"k":"tee"},"geometry":{"type":"Polygon","coordinates":[[[-120.201748,39.331277],[-120.201759,39.331254],[-120.201746,39.331238],[-120.201721,39.331226],[-120.201692,39.331226],[-120.201661,39.331237],[-120.201653,39.331259],[-120.201667,39.331282],[-120.201707,39.331292],[-120.201748,39.331277]]]}},{"type":"Feature","properties":{"k":"tee"},"geometry":{"type":"Polygon","coordinates":[[[-120.201823,39.331356],[-120.201864,39.331338],[-120.201957,39.331344],[-120.201982,39.331333],[-120.201989,39.331319],[-120.201982,39.331303],[-120.201965,39.331288],[-120.201909,39.331282],[-120.201751,39.331303],[-120.201724,39.331316],[-120.201719,39.331339],[-120.201741,39.331358],[-120.2018,39.331365],[-120.201823,39.331356]]]}},{"type":"Feature","properties":{"k":"tee"},"geometry":{"type":"Polygon","coordinates":[[[-120.20203,39.331429],[-120.202086,39.33143],[-120.202106,39.331423],[-120.202122,39.331397],[-120.202095,39.331378],[-120.202068,39.331376],[-120.201975,39.331395],[-120.20191,39.331392],[-120.201875,39.331406],[-120.201873,39.331423],[-120.201883,39.331437],[-120.201912,39.331453],[-120.201958,39.331454],[-120.20203,39.331429]]]}},{"type":"Feature","properties":{"k":"tee"},"geometry":{"type":"Polygon","coordinates":[[[-120.202513,39.331851],[-120.2025,39.331812],[-120.202453,39.331786],[-120.202432,39.331787],[-120.202422,39.331797],[-120.202422,39.331812],[-120.202445,39.331845],[-120.202481,39.331865],[-120.202497,39.331866],[-120.202513,39.331851]]]}},{"type":"Feature","properties":{"k":"water"},"geometry":{"type":"Polygon","coordinates":[[[-120.204307,39.331622],[-120.204275,39.331533],[-120.204269,39.331453],[-120.204278,39.331402],[-120.204335,39.331261],[-120.204336,39.331216],[-120.204326,39.331191],[-120.204255,39.331122],[-120.204176,39.331081],[-120.204042,39.331055],[-120.203982,39.331058],[-120.203952,39.331068],[-120.203907,39.3311],[-120.203877,39.331135],[-120.20386,39.331178],[-120.203851,39.331249],[-120.203866,39.331444],[-120.203853,39.33149],[-120.203835,39.331513],[-120.203807,39.331528],[-120.203776,39.331536],[-120.203687,39.331541],[-120.203664,39.331549],[-120.203647,39.331562],[-120.203638,39.331585],[-120.203649,39.331627],[-120.2037,39.33168],[-120.203803,39.331731],[-120.203925,39.331765],[-120.204084,39.331779],[-120.204183,39.331766],[-120.204258,39.331735],[-120.20429,39.331704],[-120.204309,39.331669],[-120.204307,39.331622]]]}},{"type":"Feature","properties":{"k":"tee"},"geometry":{"type":"Polygon","coordinates":[[[-120.204659,39.332147],[-120.204677,39.332138],[-120.204682,39.332115],[-120.204662,39.3321],[-120.204642,39.3321],[-120.204622,39.332116],[-120.204623,39.332133],[-120.204638,39.332145],[-120.204659,39.332147]]]}},{"type":"Feature","properties":{"k":"tee"},"geometry":{"type":"Polygon","coordinates":[[[-120.204494,39.332003],[-120.204436,39.331967],[-120.204413,39.331966],[-120.204397,39.331974],[-120.204404,39.332004],[-120.204452,39.332034],[-120.204485,39.332038],[-120.204495,39.332033],[-120.204504,39.332022],[-120.204494,39.332003]]]}},{"type":"Feature","properties":{"k":"tee"},"geometry":{"type":"Polygon","coordinates":[[[-120.204293,39.33194],[-120.204295,39.331912],[-120.204264,39.331897],[-120.204232,39.331911],[-120.204215,39.331936],[-120.204221,39.331949],[-120.204254,39.331963],[-120.204283,39.331954],[-120.204293,39.33194]]]}},{"type":"Feature","properties":{"k":"tee"},"geometry":{"type":"Polygon","coordinates":[[[-120.2036,39.331675],[-120.203598,39.331657],[-120.20358,39.331638],[-120.203556,39.331632],[-120.203538,39.331642],[-120.203539,39.331665],[-120.20356,39.331683],[-120.203586,39.331686],[-120.2036,39.331675]]]}},{"type":"Feature","properties":{"k":"bunker"},"geometry":{"type":"Polygon","coordinates":[[[-120.203172,39.33098],[-120.203155,39.33097],[-120.203105,39.330967],[-120.203114,39.330926],[-120.203102,39.330917],[-120.203068,39.330917],[-120.203045,39.330909],[-120.203042,39.330866],[-120.20302,39.330837],[-120.203001,39.330831],[-120.202972,39.330835],[-120.202936,39.330856],[-120.202933,39.330887],[-120.202949,39.330902],[-120.203013,39.330921],[-120.203035,39.330942],[-120.203051,39.330985],[-120.203076,39.33101],[-120.203112,39.331024],[-120.203148,39.331021],[-120.203168,39.331009],[-120.203172,39.33098]]]}},{"type":"Feature","properties":{"k":"bunker"},"geometry":{"type":"Polygon","coordinates":[[[-120.201304,39.331225],[-120.20132,39.331209],[-120.201318,39.331194],[-120.201328,39.331181],[-120.201365,39.331177],[-120.201387,39.331167],[-120.201385,39.33113],[-120.20142,39.331109],[-120.20142,39.331085],[-120.201393,39.331065],[-120.201351,39.331069],[-120.201334,39.331099],[-120.201301,39.331105],[-120.201275,39.331136],[-120.201232,39.331152],[-120.20122,39.331166],[-120.20122,39.331188],[-120.201257,39.331227],[-120.201274,39.331233],[-120.201304,39.331225]]]}},{"type":"Feature","properties":{"k":"tee"},"geometry":{"type":"Polygon","coordinates":[[[-120.202732,39.330262],[-120.202729,39.330247],[-120.202688,39.330227],[-120.202655,39.330235],[-120.202656,39.330263],[-120.202688,39.330282],[-120.202723,39.330275],[-120.202732,39.330262]]]}},{"type":"Feature","properties":{"k":"tee"},"geometry":{"type":"Polygon","coordinates":[[[-120.20291,39.330367],[-120.202848,39.330333],[-120.202825,39.330329],[-120.202812,39.330336],[-120.202808,39.330359],[-120.202856,39.330396],[-120.202899,39.330405],[-120.20291,39.330401],[-120.202919,39.330379],[-120.20291,39.330367]]]}},{"type":"Feature","properties":{"k":"tee"},"geometry":{"type":"Polygon","coordinates":[[[-120.203203,39.330462],[-120.203211,39.330432],[-120.203203,39.330417],[-120.203171,39.330405],[-120.203146,39.33041],[-120.20313,39.330423],[-120.203109,39.330451],[-120.203103,39.330474],[-120.203118,39.330493],[-120.203147,39.330498],[-120.203182,39.330485],[-120.203203,39.330462]]]}},{"type":"Feature","properties":{"k":"bunker"},"geometry":{"type":"Polygon","coordinates":[[[-120.20483,39.331739],[-120.204814,39.331704],[-120.204742,39.331685],[-120.204713,39.331647],[-120.204692,39.331632],[-120.204645,39.331633],[-120.204622,39.331655],[-120.204615,39.331679],[-120.204626,39.331701],[-120.204647,39.331712],[-120.204702,39.331706],[-120.204705,39.331748],[-120.204731,39.331772],[-120.204765,39.331775],[-120.204808,39.331764],[-120.20483,39.331739]]]}},{"type":"Feature","properties":{"k":"tee"},"geometry":{"type":"Polygon","coordinates":[[[-120.205521,39.333123],[-120.205532,39.333106],[-120.205512,39.33309],[-120.205475,39.333089],[-120.205458,39.333098],[-120.205471,39.333118],[-120.205497,39.333126],[-120.205521,39.333123]]]}},{"type":"Feature","properties":{"k":"tee"},"geometry":{"type":"Polygon","coordinates":[[[-120.205839,39.333131],[-120.205902,39.333119],[-120.205915,39.333102],[-120.205909,39.333085],[-120.205879,39.33307],[-120.205846,39.333068],[-120.205791,39.333073],[-120.205759,39.333087],[-120.205755,39.333107],[-120.205766,39.333122],[-120.205839,39.333131]]]}},{"type":"Feature","properties":{"k":"tee"},"geometry":{"type":"Polygon","coordinates":[[[-120.206124,39.333101],[-120.206145,39.333077],[-120.206138,39.33305],[-120.206093,39.333038],[-120.206034,39.333049],[-120.206026,39.333073],[-120.20604,39.3331],[-120.206064,39.333106],[-120.206124,39.333101]]]}},{"type":"Feature","properties":{"k":"tee"},"geometry":{"type":"Polygon","coordinates":[[[-120.206623,39.333127],[-120.206663,39.333114],[-120.20667,39.3331],[-120.206663,39.333082],[-120.206634,39.33307],[-120.206566,39.333077],[-120.206557,39.33309],[-120.206564,39.333114],[-120.206595,39.333127],[-120.206623,39.333127]]]}},{"type":"Feature","properties":{"k":"tee"},"geometry":{"type":"Polygon","coordinates":[[[-120.207324,39.332558],[-120.207337,39.332539],[-120.207337,39.332522],[-120.207309,39.332496],[-120.207256,39.332487],[-120.207194,39.332494],[-120.207179,39.332503],[-120.207174,39.332539],[-120.207184,39.332553],[-120.207217,39.332571],[-120.207269,39.332574],[-120.207324,39.332558]]]}},{"type":"Feature","properties":{"k":"tee"},"geometry":{"type":"Polygon","coordinates":[[[-120.207065,39.332546],[-120.207041,39.332526],[-120.206994,39.332521],[-120.206949,39.332528],[-120.206939,39.332548],[-120.206941,39.332561],[-120.206966,39.332582],[-120.207013,39.332588],[-120.207037,39.332587],[-120.207065,39.332573],[-120.207065,39.332546]]]}},{"type":"Feature","properties":{"k":"tee"},"geometry":{"type":"Polygon","coordinates":[[[-120.206817,39.332573],[-120.206823,39.332562],[-120.206817,39.332552],[-120.206791,39.332539],[-120.206758,39.332539],[-120.206742,39.332548],[-120.206744,39.332565],[-120.206764,39.332577],[-120.206796,39.33258],[-120.206817,39.332573]]]}},{"type":"Feature","properties":{"k":"bunker"},"geometry":{"type":"Polygon","coordinates":[[[-120.205784,39.332492],[-120.205766,39.332472],[-120.205723,39.332466],[-120.205704,39.332478],[-120.2057,39.332501],[-120.20572,39.332525],[-120.205753,39.33253],[-120.20578,39.33252],[-120.205784,39.332492]]]}},{"type":"Feature","properties":{"k":"tee"},"geometry":{"type":"Polygon","coordinates":[[[-120.21106,39.333324],[-120.211063,39.333309],[-120.211041,39.333286],[-120.210989,39.333285],[-120.210975,39.333295],[-120.210971,39.333323],[-120.210986,39.333343],[-120.211029,39.333346],[-120.21106,39.333324]]]}},{"type":"Feature","properties":{"k":"tee"},"geometry":{"type":"Polygon","coordinates":[[[-120.210835,39.333357],[-120.210833,39.333322],[-120.210822,39.333306],[-120.210774,39.333288],[-120.210736,39.333295],[-120.210724,39.33332],[-120.210726,39.33334],[-120.210754,39.333373],[-120.210767,39.33338],[-120.210803,39.33338],[-120.210831,39.333367],[-120.210835,39.333357]]]}},{"type":"Feature","properties":{"k":"tee"},"geometry":{"type":"Polygon","coordinates":[[[-120.210596,39.333329],[-120.210604,39.333295],[-120.210593,39.333272],[-120.210565,39.333253],[-120.210536,39.333256],[-120.210531,39.333284],[-120.210543,39.333334],[-120.210566,39.333345],[-120.210596,39.333329]]]}},{"type":"Feature","properties":{"k":"tee"},"geometry":{"type":"Polygon","coordinates":[[[-120.209806,39.333548],[-120.209783,39.333528],[-120.20976,39.333521],[-120.209718,39.333523],[-120.209703,39.333539],[-120.209716,39.33356],[-120.209744,39.333569],[-120.209798,39.333566],[-120.209806,39.333548]]]}},{"type":"Feature","properties":{"k":"bunker"},"geometry":{"type":"Polygon","coordinates":[[[-120.206867,39.333636],[-120.206873,39.333621],[-120.206862,39.333603],[-120.206847,39.333593],[-120.206827,39.333591],[-120.206811,39.333599],[-120.206791,39.333633],[-120.206732,39.333629],[-120.206711,39.333642],[-120.206706,39.333654],[-120.206711,39.333664],[-120.206738,39.333677],[-120.206743,39.333695],[-120.20677,39.333701],[-120.206797,39.333672],[-120.206841,39.333659],[-120.206867,39.333636]]]}},{"type":"Feature","properties":{"k":"bunker"},"geometry":{"type":"Polygon","coordinates":[[[-120.206842,39.333388],[-120.206837,39.333371],[-120.206825,39.333365],[-120.206778,39.333376],[-120.206751,39.333374],[-120.206732,39.333344],[-120.206709,39.333329],[-120.206672,39.333333],[-120.206652,39.333351],[-120.206652,39.333394],[-120.20666,39.333403],[-120.206679,39.333413],[-120.206721,39.333404],[-120.206735,39.333408],[-120.206749,39.333422],[-120.206757,39.33345],[-120.206776,39.33346],[-120.206808,39.333463],[-120.20684,39.333449],[-120.20685,39.333434],[-120.206834,39.333403],[-120.206842,39.333388]]]}},{"type":"Feature","properties":{"k":"bunker"},"geometry":{"type":"Polygon","coordinates":[[[-120.206401,39.333374],[-120.206374,39.333344],[-120.206349,39.333333],[-120.206326,39.333333],[-120.206307,39.333349],[-120.206309,39.333366],[-120.206328,39.333388],[-120.206317,39.333409],[-120.206281,39.333418],[-120.206235,39.3334],[-120.206211,39.333406],[-120.206197,39.333418],[-120.20619,39.333436],[-120.206202,39.333452],[-120.20627,39.333478],[-120.206271,39.333496],[-120.206253,39.333534],[-120.206267,39.333556],[-120.20629,39.333557],[-120.206315,39.333535],[-120.206349,39.333545],[-120.206377,39.333535],[-120.206377,39.333501],[-120.206345,39.333467],[-120.20634,39.333451],[-120.206393,39.333412],[-120.206401,39.333374]]]}},{"type":"Feature","properties":{"k":"tee"},"geometry":{"type":"Polygon","coordinates":[[[-120.206042,39.333318],[-120.205999,39.333308],[-120.20597,39.333313],[-120.205948,39.333349],[-120.205964,39.333384],[-120.205991,39.333395],[-120.206038,39.333388],[-120.206058,39.33336],[-120.206054,39.333327],[-120.206042,39.333318]]]}},{"type":"Feature","properties":{"k":"tee"},"geometry":{"type":"Polygon","coordinates":[[[-120.205767,39.333481],[-120.205781,39.333455],[-120.205765,39.33343],[-120.205744,39.333422],[-120.205715,39.333425],[-120.20569,39.333433],[-120.205677,39.333448],[-120.205686,39.333483],[-120.205708,39.333494],[-120.205731,39.333496],[-120.205767,39.333481]]]}},{"type":"Feature","properties":{"k":"tee"},"geometry":{"type":"Polygon","coordinates":[[[-120.205538,39.333694],[-120.205562,39.333675],[-120.205562,39.333661],[-120.205549,39.33364],[-120.205533,39.333632],[-120.205495,39.333635],[-120.205459,39.333659],[-120.205453,39.333685],[-120.205471,39.333705],[-120.20551,39.333708],[-120.205538,39.333694]]]}},{"type":"Feature","properties":{"k":"tee"},"geometry":{"type":"Polygon","coordinates":[[[-120.205004,39.334024],[-120.204976,39.333991],[-120.204958,39.333983],[-120.20493,39.333987],[-120.204928,39.334023],[-120.204957,39.334047],[-120.20497,39.334051],[-120.204997,39.334043],[-120.205004,39.334024]]]}},{"type":"Feature","properties":{"k":"bunker"},"geometry":{"type":"Polygon","coordinates":[[[-120.203817,39.334587],[-120.203813,39.334572],[-120.203798,39.334562],[-120.203704,39.334549],[-120.203674,39.334536],[-120.203629,39.334539],[-120.203616,39.334549],[-120.203623,39.334574],[-120.203675,39.334581],[-120.203686,39.334614],[-120.203705,39.334619],[-120.20373,39.334604],[-120.203743,39.334604],[-120.203754,39.334609],[-120.20376,39.33463],[-120.203776,39.334637],[-120.203801,39.334637],[-120.20382,39.334624],[-120.203817,39.334587]]]}},{"type":"Feature","properties":{"k":"bunker"},"geometry":{"type":"Polygon","coordinates":[[[-120.201736,39.334187],[-120.201759,39.334198],[-120.201832,39.334188],[-120.201836,39.3342],[-120.201818,39.334218],[-120.20181,39.334246],[-120.201842,39.334267],[-120.20188,39.334271],[-120.201902,39.334261],[-120.201922,39.334218],[-120.201969,39.334201],[-120.201979,39.334175],[-120.201969,39.334159],[-120.201938,39.33415],[-120.201923,39.334155],[-120.201906,39.334174],[-120.201885,39.334177],[-120.201871,39.334168],[-120.201869,39.334142],[-120.201838,39.334131],[-120.201796,39.334144],[-120.201761,39.334142],[-120.201742,39.334151],[-120.201732,39.334164],[-120.201736,39.334187]]]}},{"type":"Feature","properties":{"k":"bunker"},"geometry":{"type":"Polygon","coordinates":[[[-120.201521,39.333869],[-120.201535,39.333886],[-120.201566,39.333891],[-120.201593,39.33386],[-120.201603,39.333858],[-120.201628,39.333882],[-120.201658,39.333885],[-120.20168,39.333868],[-120.20169,39.33384],[-120.201673,39.333821],[-120.201617,39.333807],[-120.201577,39.333776],[-120.201546,39.333774],[-120.20153,39.333783],[-120.201516,39.333815],[-120.201521,39.333869]]]}},{"type":"Feature","properties":{"k":"tee"},"geometry":{"type":"Polygon","coordinates":[[[-120.20382,39.333965],[-120.203832,39.333938],[-120.203816,39.333915],[-120.203775,39.333909],[-120.203743,39.333925],[-120.203738,39.333953],[-120.203763,39.33398],[-120.203798,39.333984],[-120.20382,39.333965]]]}},{"type":"Feature","properties":{"k":"tee"},"geometry":{"type":"Polygon","coordinates":[[[-120.20352,39.333963],[-120.203528,39.333931],[-120.203512,39.333908],[-120.203469,39.333898],[-120.203445,39.333901],[-120.20343,39.333927],[-120.203447,39.333965],[-120.203475,39.333978],[-120.203491,39.333978],[-120.20352,39.333963]]]}},{"type":"Feature","properties":{"k":"tee"},"geometry":{"type":"Polygon","coordinates":[[[-120.203276,39.333907],[-120.203287,39.333873],[-120.203277,39.333845],[-120.203226,39.333827],[-120.20319,39.333829],[-120.203172,39.333859],[-120.203187,39.333898],[-120.203227,39.333918],[-120.203259,39.333917],[-120.203276,39.333907]]]}},{"type":"Feature","properties":{"k":"tee"},"geometry":{"type":"Polygon","coordinates":[[[-120.202541,39.333674],[-120.202501,39.333638],[-120.202455,39.333627],[-120.202427,39.333634],[-120.202425,39.333652],[-120.202433,39.333664],[-120.202466,39.333683],[-120.20252,39.333694],[-120.202535,39.333691],[-120.202541,39.333674]]]}},{"type":"Feature","properties":{"k":"tee"},"geometry":{"type":"Polygon","coordinates":[[[-120.199793,39.332741],[-120.199808,39.332697],[-120.199788,39.332665],[-120.199766,39.332656],[-120.199717,39.332659],[-120.199696,39.332676],[-120.199691,39.332698],[-120.199694,39.33272],[-120.199709,39.332738],[-120.199727,39.332749],[-120.199761,39.332751],[-120.199793,39.332741]]]}},{"type":"Feature","properties":{"k":"tee"},"geometry":{"type":"Polygon","coordinates":[[[-120.199688,39.33294],[-120.1997,39.332929],[-120.199705,39.332901],[-120.199697,39.332882],[-120.199672,39.332861],[-120.199623,39.332839],[-120.199571,39.332847],[-120.19956,39.33286],[-120.19956,39.332877],[-120.199582,39.332908],[-120.199634,39.332936],[-120.199656,39.332942],[-120.199688,39.33294]]]}},{"type":"Feature","properties":{"k":"tee"},"geometry":{"type":"Polygon","coordinates":[[[-120.199578,39.33302],[-120.199578,39.332988],[-120.199547,39.332957],[-120.199454,39.332927],[-120.199416,39.332935],[-120.199409,39.332947],[-120.199416,39.332975],[-120.199454,39.333007],[-120.199549,39.333034],[-120.199568,39.33303],[-120.199578,39.33302]]]}},{"type":"Feature","properties":{"k":"tee"},"geometry":{"type":"Polygon","coordinates":[[[-120.199104,39.333543],[-120.1991,39.333526],[-120.199056,39.333489],[-120.199004,39.333485],[-120.198993,39.333501],[-120.199026,39.333538],[-120.199078,39.333556],[-120.199104,39.333543]]]}},{"type":"Feature","properties":{"k":"tee"},"geometry":{"type":"Polygon","coordinates":[[[-120.197818,39.334421],[-120.197763,39.334429],[-120.197755,39.334444],[-120.197769,39.334462],[-120.197793,39.33447],[-120.197884,39.33447],[-120.198112,39.334507],[-120.198133,39.334506],[-120.198153,39.33448],[-120.198146,39.334465],[-120.198093,39.334448],[-120.197896,39.33444],[-120.197818,39.334421]]]}},{"type":"Feature","properties":{"k":"tee"},"geometry":{"type":"Polygon","coordinates":[[[-120.198591,39.334444],[-120.198583,39.334403],[-120.19855,39.334382],[-120.198489,39.334372],[-120.198467,39.334377],[-120.198454,39.334388],[-120.198448,39.334404],[-120.198454,39.334434],[-120.198494,39.334459],[-120.198547,39.33447],[-120.198578,39.334458],[-120.198591,39.334444]]]}},{"type":"Feature","properties":{"k":"tee"},"geometry":{"type":"Polygon","coordinates":[[[-120.198772,39.334589],[-120.198803,39.334577],[-120.198808,39.334566],[-120.1988,39.334546],[-120.198768,39.334525],[-120.198745,39.334521],[-120.198723,39.334527],[-120.198707,39.33455],[-120.198711,39.334563],[-120.198737,39.334583],[-120.198772,39.334589]]]}},{"type":"Feature","properties":{"k":"rough"},"geometry":{"type":"Polygon","coordinates":[[[-120.201228,39.334717],[-120.201241,39.334687],[-120.201235,39.334645],[-120.201216,39.334601],[-120.201188,39.33457],[-120.201101,39.334512],[-120.200968,39.334441],[-120.20086,39.334404],[-120.200756,39.334352],[-120.200706,39.334345],[-120.20065,39.334344],[-120.200609,39.334356],[-120.20057,39.334375],[-120.200543,39.334404],[-120.200533,39.334438],[-120.20054,39.334476],[-120.200577,39.334517],[-120.200618,39.334545],[-120.200734,39.334601],[-120.200834,39.334687],[-120.200871,39.334704],[-120.201019,39.334723],[-120.201108,39.334746],[-120.201149,39.334746],[-120.201191,39.334736],[-120.201228,39.334717]]]}},{"type":"Feature","properties":{"k":"rough"},"geometry":{"type":"Polygon","coordinates":[[[-120.198461,39.334011],[-120.198363,39.334012],[-120.198305,39.333993],[-120.198275,39.333974],[-120.198229,39.333965],[-120.198156,39.333966],[-120.198008,39.33401],[-120.197896,39.334049],[-120.197855,39.334073],[-120.197809,39.334179],[-120.197818,39.334214],[-120.197873,39.33426],[-120.197986,39.334312],[-120.198119,39.334326],[-120.198236,39.334353],[-120.198282,39.334385],[-120.198379,39.334426],[-120.198441,39.334471],[-120.198565,39.334512],[-120.198687,39.33458],[-120.198737,39.3346],[-120.19879,39.334605],[-120.19883,39.334591],[-120.19885,39.334568],[-120.19885,39.334539],[-120.198823,39.334516],[-120.198673,39.33446],[-120.19863,39.33443],[-120.198592,39.33437],[-120.198508,39.334344],[-120.198413,39.334337],[-120.198413,39.334312],[-120.19862,39.33421],[-120.198673,39.334174],[-120.198726,39.334115],[-120.198731,39.334082],[-120.198719,39.334063],[-120.198629,39.334032],[-120.198567,39.334018],[-120.198461,39.334011]]]}},{"type":"Feature","properties":{"k":"tee"},"geometry":{"type":"Polygon","coordinates":[[[-120.203153,39.334962],[-120.203193,39.334949],[-120.203196,39.334927],[-120.203149,39.334907],[-120.203116,39.334907],[-120.203104,39.33492],[-120.203104,39.334943],[-120.203121,39.334955],[-120.203153,39.334962]]]}},{"type":"Feature","properties":{"k":"tee"},"geometry":{"type":"Polygon","coordinates":[[[-120.203526,39.335042],[-120.20354,39.335019],[-120.203523,39.334998],[-120.203504,39.334991],[-120.203456,39.334989],[-120.20343,39.334991],[-120.203415,39.334999],[-120.203409,39.335013],[-120.203436,39.33504],[-120.203493,39.335051],[-120.203526,39.335042]]]}},{"type":"Feature","properties":{"k":"tee"},"geometry":{"type":"Polygon","coordinates":[[[-120.203818,39.335051],[-120.203834,39.335035],[-120.203834,39.335016],[-120.203809,39.334986],[-120.203763,39.334968],[-120.203689,39.334974],[-120.203678,39.335001],[-120.203686,39.33504],[-120.2037,39.335056],[-120.203741,39.335072],[-120.203766,39.335072],[-120.203818,39.335051]]]}},{"type":"Feature","properties":{"k":"tee"},"geometry":{"type":"Polygon","coordinates":[[[-120.210486,39.336416],[-120.210505,39.336399],[-120.210509,39.336361],[-120.210494,39.336347],[-120.21047,39.336341],[-120.210441,39.336342],[-120.21042,39.336351],[-120.210392,39.336388],[-120.210397,39.336405],[-120.210415,39.33642],[-120.21044,39.336426],[-120.210486,39.336416]]]}},{"type":"Feature","properties":{"k":"tee"},"geometry":{"type":"Polygon","coordinates":[[[-120.210561,39.336167],[-120.210565,39.336137],[-120.210557,39.336123],[-120.210513,39.336112],[-120.210474,39.336128],[-120.210463,39.336168],[-120.210474,39.336184],[-120.210518,39.336194],[-120.210561,39.336167]]]}},{"type":"Feature","properties":{"k":"tee"},"geometry":{"type":"Polygon","coordinates":[[[-120.210552,39.335982],[-120.210591,39.33597],[-120.210607,39.335954],[-120.210609,39.335931],[-120.210592,39.335909],[-120.210571,39.335897],[-120.210531,39.335893],[-120.210474,39.33591],[-120.210461,39.335949],[-120.210469,39.335966],[-120.210489,39.335978],[-120.210552,39.335982]]]}},{"type":"Feature","properties":{"k":"tee"},"geometry":{"type":"Polygon","coordinates":[[[-120.210803,39.335609],[-120.210801,39.335575],[-120.210769,39.335546],[-120.210749,39.335545],[-120.210716,39.335563],[-120.210713,39.335582],[-120.210729,39.335613],[-120.210769,39.335623],[-120.210803,39.335609]]]}},{"type":"Feature","properties":{"k":"tee"},"geometry":{"type":"Polygon","coordinates":[[[-120.211828,39.334458],[-120.211817,39.334487],[-120.211831,39.334505],[-120.211868,39.334511],[-120.211891,39.334499],[-120.211898,39.33448],[-120.211889,39.33446],[-120.211866,39.334449],[-120.211828,39.334458]]]}},{"type":"Feature","properties":{"k":"tee"},"geometry":{"type":"Polygon","coordinates":[[[-120.211529,39.334602],[-120.21154,39.33457],[-120.211519,39.334546],[-120.211477,39.334535],[-120.211444,39.334542],[-120.211434,39.334566],[-120.211451,39.334597],[-120.21149,39.334613],[-120.211529,39.334602]]]}},{"type":"Feature","properties":{"k":"tee"},"geometry":{"type":"Polygon","coordinates":[[[-120.211313,39.334621],[-120.211283,39.334585],[-120.211221,39.334542],[-120.211187,39.334537],[-120.21116,39.33455],[-120.211159,39.334595],[-120.211186,39.334624],[-120.211229,39.33465],[-120.211263,39.334663],[-120.211295,39.334658],[-120.211313,39.334639],[-120.211313,39.334621]]]}},{"type":"Feature","properties":{"k":"tee"},"geometry":{"type":"Polygon","coordinates":[[[-120.210398,39.335191],[-120.210388,39.335156],[-120.210376,39.335147],[-120.210341,39.335141],[-120.210316,39.335158],[-120.210312,39.335181],[-120.210332,39.335205],[-120.210382,39.335209],[-120.210398,39.335191]]]}},{"type":"Feature","properties":{"k":"tee"},"geometry":{"type":"Polygon","coordinates":[[[-120.207498,39.334382],[-120.207517,39.334363],[-120.207507,39.334335],[-120.207468,39.334317],[-120.20743,39.334321],[-120.207416,39.334355],[-120.207432,39.334375],[-120.207468,39.334388],[-120.207498,39.334382]]]}},{"type":"Feature","properties":{"k":"tee"},"geometry":{"type":"Polygon","coordinates":[[[-120.207782,39.3344],[-120.207998,39.334402],[-120.208116,39.334424],[-120.20815,39.334423],[-120.20817,39.334413],[-120.208182,39.334386],[-120.208155,39.334366],[-120.208112,39.334351],[-120.208001,39.334352],[-120.207792,39.334331],[-120.207717,39.334346],[-120.207715,39.334376],[-120.207754,39.334395],[-120.207782,39.3344]]]}},{"type":"Feature","properties":{"k":"tee"},"geometry":{"type":"Polygon","coordinates":[[[-120.208667,39.334278],[-120.208676,39.334268],[-120.208672,39.334243],[-120.208639,39.334234],[-120.208618,39.334237],[-120.208603,39.334258],[-120.208609,39.334269],[-120.208633,39.334281],[-120.208667,39.334278]]]}},{"type":"Feature","properties":{"k":"path"},"geometry":{"type":"LineString","coordinates":[[-120.21135,39.334237],[-120.21133,39.334196],[-120.21133,39.334125],[-120.211377,39.334015],[-120.211389,39.333952],[-120.211363,39.333837],[-120.211338,39.333776],[-120.211267,39.333679],[-120.211226,39.333646],[-120.211149,39.333595],[-120.211021,39.333548],[-120.210968,39.333517],[-120.210946,39.33349],[-120.210946,39.333441],[-120.21099,39.3334],[-120.211062,39.333372],[-120.211143,39.333311],[-120.211159,39.333271],[-120.211161,39.33318],[-120.211178,39.33315],[-120.211279,39.333076],[-120.211315,39.333037],[-120.211338,39.332993],[-120.211333,39.332952],[-120.211273,39.332896],[-120.211224,39.332864],[-120.211086,39.332786],[-120.210802,39.33266],[-120.21075,39.332645],[-120.210562,39.332652],[-120.210499,39.332637],[-120.210348,39.332545],[-120.210271,39.332534],[-120.210118,39.332526],[-120.210053,39.332509],[-120.20993,39.332413],[-120.209854,39.332378],[-120.209552,39.33235],[-120.209391,39.332306],[-120.209173,39.332233],[-120.209128,39.332211],[-120.208952,39.332084],[-120.208901,39.332062],[-120.20884,39.332046],[-120.208529,39.332014],[-120.208471,39.332004],[-120.208411,39.331983],[-120.208188,39.331861],[-120.208032,39.33176],[-120.207982,39.331738],[-120.207933,39.33173],[-120.207676,39.331638],[-120.20726,39.331454],[-120.207007,39.331376],[-120.206868,39.33131],[-120.206745,39.33124],[-120.206477,39.331131],[-120.206044,39.330884],[-120.205899,39.330809],[-120.205453,39.330642],[-120.205179,39.330471],[-120.205127,39.330429],[-120.205086,39.330373],[-120.205046,39.330225],[-120.205014,39.330185],[-120.204967,39.330153],[-120.204909,39.330122],[-120.20483,39.330098],[-120.204738,39.33008],[-120.204522,39.33006],[-120.204479,39.330044],[-120.204431,39.330011],[-120.204353,39.329933],[-120.204287,39.32988],[-120.204232,39.329846],[-120.204154,39.329813],[-120.204009,39.329777],[-120.203952,39.329773],[-120.203781,39.329785],[-120.203728,39.32978],[-120.203225,39.329687],[-120.203127,39.329676],[-120.203044,39.329673],[-120.202903,39.329691],[-120.202784,39.329752],[-120.2027,39.329811],[-120.20262,39.32988],[-120.202421,39.330141],[-120.202354,39.330189],[-120.202283,39.330218],[-120.201763,39.330341],[-120.201691,39.330352],[-120.201547,39.330356],[-120.20105,39.33032],[-120.200735,39.330251],[-120.200459,39.330214],[-120.200369,39.330207],[-120.200311,39.33021],[-120.200271,39.330233],[-120.200251,39.330267],[-120.200246,39.33029],[-120.200255,39.330317],[-120.200293,39.330341],[-120.200434,39.330403],[-120.200756,39.330633],[-120.200779,39.330672],[-120.200767,39.330713],[-120.200726,39.330738],[-120.200684,39.330741],[-120.200524,39.330675],[-120.2003,39.330535],[-120.200261,39.33052],[-120.200215,39.330518],[-120.200158,39.33053],[-120.19999,39.330608],[-120.199914,39.330615],[-120.199838,39.330611],[-120.199653,39.330577],[-120.199519,39.330522],[-120.199355,39.33044],[-120.199196,39.330385],[-120.199137,39.330378],[-120.19908,39.330397],[-120.199031,39.3304],[-120.198967,39.330389],[-120.19873,39.330248],[-120.198677,39.330229],[-120.198657,39.33023],[-120.19864,39.330247],[-120.198647,39.330293],[-120.198714,39.330353],[-120.19876,39.330381],[-120.19884,39.330397],[-120.198909,39.330441],[-120.199068,39.330505],[-120.199187,39.330593],[-120.199358,39.330727],[-120.199388,39.330771],[-120.199457,39.330831],[-120.199521,39.330868],[-120.199624,39.330948],[-120.199712,39.331061],[-120.199788,39.331134],[-120.200013,39.33126],[-120.20011,39.331325],[-120.200248,39.331473],[-120.200452,39.331617],[-120.2007,39.331736],[-120.200827,39.331806],[-120.20099,39.331867],[-120.201262,39.332003],[-120.201528,39.332075],[-120.20165,39.332135],[-120.201698,39.332151],[-120.202044,39.332223],[-120.202149,39.332255],[-120.202221,39.332266],[-120.202239,39.332252],[-120.202223,39.332241],[-120.202211,39.332249],[-120.202221,39.332266]]}},{"type":"Feature","properties":{"k":"path"},"geometry":{"type":"LineString","coordinates":[[-120.199068,39.330505],[-120.199065,39.330447],[-120.19908,39.330397]]}},{"type":"Feature","properties":{"k":"path"},"geometry":{"type":"LineString","coordinates":[[-120.199686,39.33102],[-120.199517,39.33116],[-120.199441,39.331239],[-120.199204,39.331392],[-120.199161,39.331466]]}},{"type":"Feature","properties":{"k":"path"},"geometry":{"type":"LineString","coordinates":[[-120.202044,39.332223],[-120.202101,39.332107],[-120.202166,39.332032],[-120.20217,39.331982],[-120.202106,39.331929],[-120.202039,39.331899],[-120.201867,39.331848],[-120.201814,39.331823],[-120.201673,39.331744],[-120.201604,39.331689],[-120.20154,39.331591],[-120.201531,39.331555],[-120.20154,39.331521],[-120.201564,39.331487],[-120.201604,39.331468],[-120.201697,39.331461],[-120.201764,39.331469],[-120.20189,39.33151],[-120.20196,39.331523],[-120.202024,39.331523],[-120.202244,39.331454],[-120.202306,39.33145],[-120.20236,39.331468],[-120.202389,39.331483],[-120.202573,39.331626],[-120.202632,39.331688],[-120.202691,39.331727],[-120.202778,39.331767],[-120.202856,39.331823],[-120.202899,39.331887],[-120.202976,39.331961],[-120.20303,39.331998],[-120.203226,39.332072],[-120.203289,39.332108],[-120.203576,39.332332],[-120.203682,39.332382],[-120.203826,39.332437],[-120.204076,39.332489],[-120.204204,39.332501],[-120.204309,39.332497],[-120.204421,39.332472],[-120.20457,39.332464],[-120.204661,39.332483],[-120.204883,39.332547],[-120.204982,39.332557],[-120.205055,39.332552],[-120.205106,39.33253],[-120.205129,39.332501],[-120.205135,39.332461],[-120.205088,39.332387],[-120.204809,39.3323],[-120.204692,39.332233],[-120.2045,39.332171],[-120.204468,39.332138],[-120.204415,39.332105],[-120.204352,39.332088],[-120.204216,39.332079],[-120.204157,39.332053],[-120.204,39.33195],[-120.203931,39.331921],[-120.203687,39.331885],[-120.203508,39.331802],[-120.203309,39.331692],[-120.203269,39.331656],[-120.203181,39.331486],[-120.203074,39.331407],[-120.202813,39.331269],[-120.202728,39.331214],[-120.202628,39.331112],[-120.202573,39.331075],[-120.202486,39.331047],[-120.202413,39.331036],[-120.20224,39.331042],[-120.202022,39.331027],[-120.20194,39.331015],[-120.201896,39.330994],[-120.201853,39.330957],[-120.201776,39.330815],[-120.201747,39.330786],[-120.201551,39.330689],[-120.2015,39.330697],[-120.201421,39.330722],[-120.201246,39.330789],[-120.201195,39.330797],[-120.201155,39.330792],[-120.201132,39.330773],[-120.201132,39.330737],[-120.201179,39.330709],[-120.201248,39.330714],[-120.201304,39.330766]]}},{"type":"Feature","properties":{"k":"path"},"geometry":{"type":"LineString","coordinates":[[-120.201551,39.330689],[-120.201588,39.330662],[-120.201744,39.330598],[-120.201937,39.330556],[-120.202139,39.33042],[-120.202216,39.330387],[-120.202297,39.330372],[-120.202517,39.330363],[-120.202596,39.330366],[-120.202655,39.330377],[-120.202998,39.330541],[-120.203114,39.330586],[-120.203187,39.33059],[-120.203395,39.330536],[-120.203498,39.33052],[-120.203606,39.330516],[-120.203693,39.33052],[-120.203877,39.330558],[-120.203996,39.330593],[-120.204082,39.33063],[-120.204307,39.33077],[-120.204539,39.330888],[-120.204596,39.330928],[-120.204639,39.330961],[-120.204681,39.331022],[-120.204814,39.331167],[-120.20507,39.331385],[-120.205137,39.331429],[-120.205198,39.331461],[-120.205423,39.331519],[-120.20551,39.33155],[-120.205558,39.331576],[-120.2056,39.331613],[-120.205688,39.331725],[-120.205836,39.331947],[-120.205877,39.331994],[-120.206041,39.332104],[-120.206177,39.332173],[-120.206271,39.332211],[-120.206399,39.332242],[-120.206513,39.332258],[-120.206765,39.332248],[-120.206846,39.332239],[-120.207005,39.332198],[-120.207052,39.332197],[-120.207253,39.332223],[-120.207363,39.332208],[-120.20746,39.33224],[-120.207474,39.332277],[-120.207468,39.332307],[-120.207438,39.332329],[-120.206892,39.33236],[-120.206834,39.332373],[-120.206724,39.332434],[-120.206454,39.33267],[-120.206342,39.33274],[-120.206275,39.332772],[-120.206218,39.332783],[-120.20595,39.332789],[-120.205799,39.332816],[-120.205716,39.332866],[-120.205684,39.332912],[-120.205681,39.332959],[-120.205702,39.332991],[-120.205749,39.333006],[-120.205812,39.333009],[-120.205909,39.332995],[-120.206222,39.332926],[-120.206468,39.332858],[-120.206529,39.332849],[-120.20658,39.332849],[-120.206763,39.332875],[-120.206828,39.332868],[-120.206916,39.332849],[-120.206991,39.332822],[-120.207147,39.332811],[-120.207266,39.332793],[-120.207757,39.332682],[-120.207995,39.33261],[-120.208409,39.33253],[-120.208472,39.332525],[-120.208664,39.332546],[-120.209048,39.33264],[-120.209229,39.332676],[-120.209412,39.332707],[-120.209578,39.332726],[-120.209718,39.332732],[-120.209859,39.332723],[-120.21007,39.332679],[-120.210337,39.332596],[-120.210385,39.332593],[-120.21045,39.332608]]}},{"type":"Feature","properties":{"k":"path"},"geometry":{"type":"LineString","coordinates":[[-120.210946,39.33349],[-120.210733,39.333458],[-120.210537,39.333406],[-120.210472,39.333416],[-120.210423,39.333435],[-120.210276,39.333516],[-120.210226,39.333532],[-120.21004,39.33355],[-120.209847,39.333616],[-120.209683,39.333648],[-120.209544,39.333693],[-120.209496,39.333698],[-120.209371,39.333694],[-120.209244,39.333713],[-120.208676,39.333937],[-120.208608,39.333956],[-120.208426,39.333991],[-120.208182,39.33402],[-120.208004,39.333964],[-120.207812,39.333958],[-120.207715,39.333965],[-120.207681,39.333959],[-120.2076,39.333913],[-120.207492,39.333893],[-120.207343,39.333898],[-120.2072,39.333884],[-120.207003,39.333886],[-120.206848,39.333843],[-120.206756,39.333827],[-120.206623,39.33382],[-120.206551,39.333803],[-120.206402,39.333736],[-120.206339,39.333698],[-120.206197,39.333556],[-120.206131,39.333525],[-120.206019,39.333505],[-120.205853,39.333505],[-120.20579,39.333528],[-120.205748,39.333559],[-120.205636,39.333727],[-120.205559,39.333776],[-120.205405,39.333928],[-120.205361,39.333962],[-120.205291,39.333996],[-120.205239,39.334005],[-120.205181,39.334005],[-120.204903,39.333913],[-120.204711,39.333881],[-120.204644,39.333888],[-120.204205,39.334007],[-120.20389,39.334155],[-120.203717,39.33422],[-120.203448,39.334191],[-120.203093,39.33419],[-120.202822,39.334106],[-120.202458,39.334043],[-120.202313,39.333995],[-120.202243,39.333956],[-120.202134,39.333949],[-120.202033,39.333926],[-120.201968,39.333861],[-120.201966,39.333825],[-120.201979,39.333798],[-120.202043,39.333801],[-120.202129,39.333841],[-120.202192,39.333855],[-120.202325,39.333861],[-120.202418,39.333886],[-120.202575,39.333951],[-120.202811,39.334031],[-120.202885,39.334041],[-120.203203,39.334034],[-120.203236,39.334023],[-120.203243,39.334],[-120.203231,39.333982],[-120.203198,39.333967],[-120.203098,39.333928],[-120.203042,39.333915],[-120.20293,39.333906],[-120.202661,39.333911],[-120.202538,39.333872],[-120.202421,39.333805],[-120.202353,39.333752],[-120.20229,39.333727],[-120.202213,39.333709],[-120.201996,39.333682],[-120.201963,39.333668],[-120.201937,39.33361],[-120.201937,39.333575],[-120.201979,39.333406],[-120.201966,39.333341],[-120.201944,39.333319],[-120.201758,39.333239],[-120.20162,39.333156],[-120.201561,39.333131],[-120.201424,39.333077],[-120.201048,39.33296],[-120.20098,39.332916],[-120.20088,39.33282],[-120.200786,39.332696],[-120.200737,39.332654],[-120.200588,39.33258],[-120.200492,39.332501],[-120.200436,39.332421],[-120.200385,39.332391],[-120.200228,39.33234],[-120.200158,39.332291],[-120.199897,39.331997],[-120.199729,39.331836],[-120.199654,39.331731],[-120.199537,39.331676],[-120.199455,39.331618],[-120.199346,39.331511],[-120.19928,39.331473],[-120.19921,39.331464],[-120.199128,39.331471],[-120.199084,39.331488],[-120.199014,39.331533],[-120.199002,39.331618],[-120.198979,39.331683],[-120.198881,39.331769],[-120.198862,39.331815],[-120.198862,39.331871],[-120.19893,39.33193],[-120.199065,39.33201],[-120.199086,39.332044],[-120.199068,39.332096],[-120.199072,39.332192],[-120.19915,39.332291],[-120.19925,39.332353],[-120.199362,39.332439],[-120.199392,39.332474],[-120.19942,39.332528],[-120.19943,39.332598],[-120.199474,39.332698],[-120.199782,39.3329],[-120.199953,39.332965],[-120.200011,39.333003],[-120.200247,39.333261],[-120.200312,39.333306],[-120.200469,39.333445],[-120.20062,39.33352],[-120.200667,39.333556],[-120.200681,39.333604],[-120.200653,39.333631],[-120.200599,39.333651],[-120.200226,39.333666],[-120.20013,39.333658],[-120.200025,39.33366],[-120.199904,39.333675],[-120.199705,39.333673],[-120.199567,39.333637],[-120.199528,39.333613],[-120.19935,39.333402],[-120.19928,39.333362],[-120.19915,39.333355],[-120.198813,39.333456],[-120.198743,39.333458],[-120.198563,39.333444],[-120.198475,39.333449],[-120.198335,39.333487],[-120.198288,39.33351],[-120.198269,39.333545],[-120.198257,39.333651],[-120.198245,39.333678]]}},{"type":"Feature","properties":{"k":"path"},"geometry":{"type":"LineString","coordinates":[[-120.198115,39.33392],[-120.198101,39.33394],[-120.198064,39.33396],[-120.197851,39.334049],[-120.197816,39.334087],[-120.197779,39.33419],[-120.197779,39.334244],[-120.197816,39.334298],[-120.197868,39.33433],[-120.198033,39.334386],[-120.198255,39.334403],[-120.198307,39.334417],[-120.19844,39.334493],[-120.19861,39.334567],[-120.198811,39.334679],[-120.198888,39.334711],[-120.199206,39.334769],[-120.19943,39.334845],[-120.199717,39.334914],[-120.199892,39.334973],[-120.200018,39.335049],[-120.200067,39.335087],[-120.200163,39.335114],[-120.20049,39.33512],[-120.200518,39.335107],[-120.200548,39.33508],[-120.200639,39.334952],[-120.200733,39.334887]]}},{"type":"Feature","properties":{"k":"path"},"geometry":{"type":"LineString","coordinates":[[-120.200992,39.334774],[-120.201122,39.334767],[-120.201265,39.334749],[-120.201328,39.334754],[-120.201398,39.334772],[-120.201575,39.334799],[-120.201769,39.334821],[-120.20193,39.334855],[-120.202033,39.334886],[-120.202388,39.335067],[-120.202713,39.335135],[-120.202804,39.335133],[-120.202857,39.335113],[-120.202885,39.335085],[-120.202888,39.33505],[-120.202871,39.335005],[-120.202811,39.334922],[-120.202801,39.334875],[-120.20282,39.33485],[-120.202904,39.334823],[-120.202967,39.334812],[-120.203021,39.334808],[-120.203084,39.334819],[-120.203294,39.334913],[-120.203359,39.334933],[-120.203432,39.334935],[-120.203667,39.334908],[-120.203913,39.334906],[-120.204447,39.334769],[-120.20452,39.334769],[-120.204746,39.334794],[-120.204842,39.334788],[-120.205295,39.334725],[-120.20558,39.334667],[-120.205722,39.334666],[-120.206222,39.334727],[-120.206297,39.334747],[-120.206551,39.334837],[-120.206885,39.334973],[-120.207014,39.335059],[-120.207093,39.335094],[-120.207427,39.335173],[-120.207639,39.335262],[-120.207719,39.335283],[-120.207784,39.335298],[-120.207914,39.335312],[-120.207952,39.335327],[-120.20808,39.335418],[-120.20812,39.335433],[-120.208256,39.335448]]}},{"type":"Feature","properties":{"k":"path"},"geometry":{"type":"LineString","coordinates":[[-120.208355,39.335555],[-120.208393,39.335575],[-120.208425,39.335575],[-120.208488,39.335546],[-120.208553,39.335531],[-120.208659,39.335522],[-120.208763,39.335527],[-120.208873,39.335544],[-120.20898,39.335571],[-120.209088,39.335604],[-120.209201,39.335659],[-120.209309,39.335681],[-120.209417,39.335715],[-120.209568,39.335799],[-120.209604,39.335827],[-120.209627,39.335876],[-120.209623,39.335959],[-120.209584,39.336033],[-120.209584,39.336127],[-120.209633,39.336201],[-120.209688,39.336239],[-120.209773,39.336273],[-120.209858,39.336284],[-120.209964,39.336281],[-120.210027,39.336289],[-120.210082,39.336308],[-120.210149,39.33634],[-120.210257,39.336434],[-120.210306,39.336461],[-120.210392,39.33648],[-120.210448,39.336481],[-120.210495,39.336467],[-120.210523,39.336443],[-120.210566,39.33628],[-120.210712,39.336179],[-120.210729,39.336045],[-120.210836,39.335972],[-120.210861,39.335943],[-120.210875,39.33591],[-120.210891,39.335785],[-120.210911,39.335733],[-120.210944,39.335693],[-120.21105,39.335638],[-120.211184,39.335594],[-120.211268,39.33555],[-120.211548,39.335327],[-120.211651,39.335231],[-120.211741,39.335118],[-120.211767,39.335054],[-120.211979,39.334846],[-120.211993,39.334811],[-120.211977,39.334742],[-120.211914,39.334651],[-120.211808,39.334564],[-120.211731,39.334521],[-120.211653,39.334481],[-120.211474,39.334443],[-120.211271,39.334436],[-120.211071,39.334459],[-120.211007,39.3345],[-120.21094,39.334521],[-120.210796,39.334528],[-120.210691,39.334514],[-120.210632,39.334524],[-120.210515,39.334561],[-120.210446,39.334599],[-120.210365,39.33469],[-120.210338,39.33481],[-120.21035,39.334891]]}},{"type":"Feature","properties":{"k":"path"},"geometry":{"type":"LineString","coordinates":[[-120.210336,39.334986],[-120.210287,39.335039],[-120.210147,39.335154],[-120.210137,39.335181],[-120.210165,39.335189],[-120.21018,39.335179],[-120.21019,39.335157],[-120.21018,39.33513]]}},{"type":"Feature","properties":{"k":"path"},"geometry":{"type":"LineString","coordinates":[[-120.210338,39.33481],[-120.210261,39.33475],[-120.210186,39.334715],[-120.210123,39.3347],[-120.209972,39.334748],[-120.209913,39.334752],[-120.20984,39.334745],[-120.209791,39.33473],[-120.209629,39.334641],[-120.209552,39.334609],[-120.209377,39.334557],[-120.209255,39.33455],[-120.2092,39.334585],[-120.209068,39.334741],[-120.20894,39.33477],[-120.208887,39.334769],[-120.208836,39.334758],[-120.208734,39.334698],[-120.208649,39.334673],[-120.208511,39.33466],[-120.208383,39.334662],[-120.2081,39.334693],[-120.207842,39.334697],[-120.2075,39.334651],[-120.207446,39.334635],[-120.207399,39.334604],[-120.207387,39.334571],[-120.207389,39.334539],[-120.207561,39.334478],[-120.207586,39.334453],[-120.207606,39.334371],[-120.207629,39.334325],[-120.207669,39.334303],[-120.207714,39.334292],[-120.207787,39.334289],[-120.207868,39.334297],[-120.208015,39.334324],[-120.208053,39.334318],[-120.208251,39.334314],[-120.208433,39.334352],[-120.208669,39.334421],[-120.208728,39.334425],[-120.208865,39.334414],[-120.208997,39.334371],[-120.209047,39.334346],[-120.209086,39.334311],[-120.209121,39.334249],[-120.209121,39.334123],[-120.209131,39.334088],[-120.209173,39.334038],[-120.209251,39.333998],[-120.209377,39.333959],[-120.209751,39.333873],[-120.209871,39.333818],[-120.209952,39.333767],[-120.210005,39.333752],[-120.210078,39.333745],[-120.21019,39.333719],[-120.210401,39.333618],[-120.210452,39.333613],[-120.210621,39.333626],[-120.210724,39.333591],[-120.210834,39.333582],[-120.211005,39.333583],[-120.211149,39.333595]]}},{"type":"Feature","properties":{"k":"path"},"geometry":{"type":"LineString","coordinates":[[-120.203211,39.330584],[-120.203244,39.330654],[-120.203371,39.33081],[-120.203432,39.330928],[-120.203466,39.330967],[-120.203615,39.33108],[-120.203676,39.331154],[-120.203684,39.331184],[-120.20368,39.331213],[-120.203653,39.331236],[-120.203637,39.331238]]}},{"type":"Feature","properties":{"k":"path"},"geometry":{"type":"LineString","coordinates":[[-120.203943,39.3349],[-120.203948,39.335011],[-120.203923,39.335105],[-120.203881,39.335179],[-120.20382,39.335253],[-120.20375,39.335314],[-120.203686,39.335353],[-120.203531,39.33542],[-120.203547,39.335437],[-120.203616,39.335451],[-120.203874,39.335478]]}},{"type":"Feature","properties":{"k":"tee"},"geometry":{"type":"Polygon","coordinates":[[[-120.203247,39.329819],[-120.203325,39.329809],[-120.203332,39.32979],[-120.203318,39.329772],[-120.203221,39.329763],[-120.203182,39.329767],[-120.203169,39.32978],[-120.203173,39.3298],[-120.203196,39.329813],[-120.203247,39.329819]]]}},{"type":"Feature","properties":{"k":"rough"},"geometry":{"type":"Polygon","coordinates":[[[-120.210825,39.333115],[-120.210783,39.333103],[-120.210668,39.333158],[-120.210782,39.333103],[-120.210766,39.33308],[-120.210768,39.333056],[-120.210783,39.333038],[-120.210816,39.333029],[-120.210857,39.333035],[-120.210876,39.333067],[-120.210857,39.333104],[-120.210825,39.333115]]]}},{"type":"Feature","properties":{"k":"bunker"},"geometry":{"type":"Polygon","coordinates":[[[-120.210986,39.332828],[-120.210972,39.332803],[-120.210953,39.332798],[-120.210914,39.332804],[-120.210862,39.332785],[-120.210844,39.332792],[-120.210835,39.332805],[-120.210845,39.332833],[-120.210907,39.332831],[-120.210935,39.332871],[-120.210945,39.332873],[-120.210964,39.332871],[-120.210985,39.332853],[-120.210986,39.332828]]]}},{"type":"Feature","properties":{"k":"green"},"geometry":{"type":"Polygon","coordinates":[[[-120.210663,39.332826],[-120.21072,39.332826],[-120.210738,39.33282],[-120.210759,39.332792],[-120.210754,39.332752],[-120.210745,39.332741],[-120.210716,39.33273],[-120.210604,39.332723],[-120.210578,39.332743],[-120.210577,39.332775],[-120.210585,39.332792],[-120.210627,39.33282],[-120.210663,39.332826]]]}},{"type":"Feature","properties":{"k":"green"},"geometry":{"type":"Polygon","coordinates":[[[-120.210736,39.333173],[-120.210794,39.333194],[-120.210835,39.333196],[-120.211006,39.333157],[-120.211113,39.3331],[-120.211169,39.333057],[-120.211186,39.333027],[-120.21118,39.332998],[-120.211145,39.332969],[-120.211099,39.332956],[-120.211014,39.332976],[-120.210972,39.332972],[-120.210851,39.332901],[-120.210717,39.332887],[-120.21065,39.332894],[-120.210632,39.332904],[-120.210609,39.332935],[-120.210611,39.333036],[-120.210637,39.333079],[-120.210696,39.333144],[-120.210782,39.333103],[-120.210764,39.333068],[-120.210783,39.333038],[-120.210839,39.33303],[-120.210857,39.333035],[-120.210873,39.333053],[-120.210872,39.333084],[-120.210848,39.33311],[-120.210813,39.333115],[-120.210783,39.333103],[-120.210697,39.333144],[-120.210736,39.333173]]]}},{"type":"Feature","properties":{"k":"tee"},"geometry":{"type":"Polygon","coordinates":[[[-120.204176,39.3308],[-120.204151,39.330777],[-120.204132,39.330773],[-120.204115,39.330776],[-120.204106,39.330788],[-120.204119,39.330812],[-120.204149,39.330824],[-120.204176,39.330814],[-120.204176,39.3308]]]}},{"type":"Feature","properties":{"k":"tee"},"geometry":{"type":"Polygon","coordinates":[[[-120.204661,39.33487],[-120.204692,39.33486],[-120.204694,39.334834],[-120.204681,39.334823],[-120.204627,39.334812],[-120.204592,39.334819],[-120.204591,39.334847],[-120.204603,39.334858],[-120.204661,39.33487]]]}},{"type":"Feature","properties":{"k":"rough"},"geometry":{"type":"Polygon","coordinates":[[[-120.211107,39.332771],[-120.211138,39.33276],[-120.211155,39.332743],[-120.211164,39.332681],[-120.211149,39.332652],[-120.21112,39.332628],[-120.210956,39.332539],[-120.210719,39.332438],[-120.21039,39.332353],[-120.210348,39.332328],[-120.21029,39.332275],[-120.210079,39.332202],[-120.210011,39.332161],[-120.209931,39.332092],[-120.209774,39.332006],[-120.209306,39.331792],[-120.208915,39.331583],[-120.208748,39.331501],[-120.208553,39.331426],[-120.208327,39.331308],[-120.208255,39.331278],[-120.208123,39.331252],[-120.207824,39.331082],[-120.207701,39.331038],[-120.207511,39.331006],[-120.207222,39.3309],[-120.207191,39.330872],[-120.207178,39.330798],[-120.207156,39.330779],[-120.2071,39.330754],[-120.206976,39.33072],[-120.206929,39.330697],[-120.206893,39.330668],[-120.206842,39.330609],[-120.206814,39.330592],[-120.20671,39.330576],[-120.206653,39.330554],[-120.206573,39.330476],[-120.206398,39.330369],[-120.206284,39.330278],[-120.206141,39.330215],[-120.206064,39.330192],[-120.205994,39.330183],[-120.205929,39.330196],[-120.205848,39.330226],[-120.205608,39.330394],[-120.205479,39.330467],[-120.205432,39.330512],[-120.205411,39.330551],[-120.205412,39.33059],[-120.205453,39.330642],[-120.205899,39.330809],[-120.206477,39.331131],[-120.206745,39.33124],[-120.206868,39.33131],[-120.207007,39.331376],[-120.207189,39.331429],[-120.207676,39.331638],[-120.207933,39.33173],[-120.207982,39.331738],[-120.208032,39.33176],[-120.208287,39.331917],[-120.208411,39.331983],[-120.208471,39.332004],[-120.208529,39.332014],[-120.20884,39.332046],[-120.208901,39.332062],[-120.208952,39.332084],[-120.209173,39.332233],[-120.209391,39.332306],[-120.209552,39.33235],[-120.209854,39.332378],[-120.20993,39.332413],[-120.210053,39.332509],[-120.210118,39.332526],[-120.210407,39.332553],[-120.210517,39.332538],[-120.21075,39.332645],[-120.211003,39.332748],[-120.211077,39.332771],[-120.211107,39.332771]]]}},{"type":"Feature","properties":{"k":"rough"},"geometry":{"type":"Polygon","coordinates":[[[-120.204774,39.330058],[-120.204771,39.330035],[-120.204752,39.330007],[-120.204751,39.329933],[-120.204728,39.329903],[-120.20466,39.329858],[-120.204595,39.329842],[-120.204538,39.32985],[-120.20448,39.329869],[-120.204413,39.329876],[-120.204339,39.329871],[-120.204219,39.32984],[-120.204085,39.329792],[-120.203952,39.329773],[-120.203781,39.329785],[-120.2037,39.329823],[-120.203662,39.329859],[-120.203656,39.329888],[-120.203663,39.329915],[-120.203684,39.32994],[-120.203713,39.329957],[-120.203759,39.329969],[-120.203897,39.329973],[-120.203995,39.329988],[-120.204218,39.330044],[-120.20436,39.33006],[-120.204576,39.330066],[-120.204738,39.33008],[-120.204774,39.330058]]]}},{"type":"Feature","properties":{"k":"rough"},"geometry":{"type":"Polygon","coordinates":[[[-120.20337,39.329861],[-120.203215,39.329861],[-120.203116,39.32985],[-120.202725,39.329841],[-120.20262,39.32988],[-120.202421,39.330141],[-120.202354,39.330189],[-120.202283,39.330218],[-120.201763,39.330341],[-120.201691,39.330352],[-120.201623,39.330356],[-120.201324,39.330344],[-120.20105,39.33032],[-120.200735,39.330251],[-120.200369,39.330207],[-120.200311,39.33021],[-120.200271,39.330233],[-120.200251,39.330267],[-120.200218,39.330293],[-120.200175,39.330315],[-120.200134,39.330315],[-120.200024,39.330283],[-120.199972,39.330256],[-120.199736,39.330211],[-120.199693,39.330194],[-120.199641,39.330164],[-120.199609,39.330126],[-120.199596,39.330095],[-120.199597,39.330013],[-120.199609,39.329971],[-120.199676,39.329822],[-120.199743,39.329749],[-120.199788,39.329724],[-120.199861,39.329705],[-120.199936,39.329704],[-120.200024,39.32972],[-120.200224,39.329781],[-120.200278,39.329792],[-120.20035,39.329794],[-120.200463,39.329784],[-120.201319,39.329776],[-120.201485,39.329767],[-120.201916,39.329706],[-120.202136,39.329684],[-120.202903,39.329691],[-120.203044,39.329673],[-120.203127,39.329676],[-120.203225,39.329687],[-120.203416,39.329722],[-120.203447,39.329741],[-120.20346,39.329771],[-120.203459,39.329804],[-120.203442,39.329836],[-120.20341,39.329854],[-120.20337,39.329861]]]}},{"type":"Feature","properties":{"k":"rough"},"geometry":{"type":"Polygon","coordinates":[[[-120.200261,39.33052],[-120.200012,39.330393],[-120.199643,39.330225],[-120.199583,39.330183],[-120.199313,39.329928],[-120.199164,39.329831],[-120.199072,39.329794],[-120.198819,39.329732],[-120.198752,39.329734],[-120.198701,39.329745],[-120.198652,39.329768],[-120.198619,39.329806],[-120.198578,39.329909],[-120.198593,39.330018],[-120.198647,39.330098],[-120.198708,39.330159],[-120.198768,39.330252],[-120.198817,39.3303],[-120.198967,39.330389],[-120.199031,39.3304],[-120.19908,39.330397],[-120.199137,39.330378],[-120.199196,39.330385],[-120.199355,39.33044],[-120.199519,39.330522],[-120.199653,39.330577],[-120.199838,39.330611],[-120.199914,39.330615],[-120.199921,39.330641],[-120.200019,39.330689],[-120.200354,39.330831],[-120.200536,39.330897],[-120.200733,39.330912],[-120.200761,39.330926],[-120.200766,39.330965],[-120.200792,39.331033],[-120.200821,39.331086],[-120.200863,39.331137],[-120.200906,39.331172],[-120.200975,39.331206],[-120.201138,39.331261],[-120.20126,39.331265],[-120.201402,39.331219],[-120.201507,39.33115],[-120.201568,39.331134],[-120.201798,39.331095],[-120.201945,39.331052],[-120.202014,39.331043],[-120.202413,39.331036],[-120.202486,39.331047],[-120.202573,39.331075],[-120.202628,39.331112],[-120.202728,39.331214],[-120.202813,39.331269],[-120.203074,39.331407],[-120.203181,39.331486],[-120.203269,39.331656],[-120.203309,39.331692],[-120.203594,39.331844],[-120.203677,39.331777],[-120.203694,39.331739],[-120.203635,39.331666],[-120.203609,39.331617],[-120.203611,39.331581],[-120.20363,39.331552],[-120.203653,39.331534],[-120.203795,39.331502],[-120.20382,39.331479],[-120.203833,39.331452],[-120.20382,39.331388],[-120.203796,39.331361],[-120.203758,39.331342],[-120.203714,39.331333],[-120.20359,39.331287],[-120.203487,39.33123],[-120.20343,39.331193],[-120.203263,39.331053],[-120.203237,39.331014],[-120.20323,39.330972],[-120.203175,39.330901],[-120.203091,39.330846],[-120.202964,39.330786],[-120.202854,39.33065],[-120.20282,39.330587],[-120.202814,39.330489],[-120.202826,39.330459],[-120.202655,39.330377],[-120.202596,39.330366],[-120.202517,39.330363],[-120.202465,39.33038],[-120.202202,39.330551],[-120.202124,39.330587],[-120.202033,39.33062],[-120.201848,39.330646],[-120.201798,39.330664],[-120.201763,39.330697],[-120.201715,39.33071],[-120.201597,39.330713],[-120.201551,39.330689],[-120.2015,39.330697],[-120.201421,39.330722],[-120.201246,39.330789],[-120.201195,39.330797],[-120.201155,39.330792],[-120.201079,39.330804],[-120.20083,39.330808],[-120.200785,39.330793],[-120.200755,39.330774],[-120.200726,39.330738],[-120.200684,39.330741],[-120.200577,39.3307],[-120.200471,39.330646],[-120.200367,39.330578],[-120.200261,39.33052]]]}},{"type":"Feature","properties":{"k":"rough"},"geometry":{"type":"Polygon","coordinates":[[[-120.203931,39.331921],[-120.203988,39.33186],[-120.204026,39.331833],[-120.204112,39.331814],[-120.204237,39.331808],[-120.20427,39.331815],[-120.204336,39.331855],[-120.204452,39.331903],[-120.204486,39.331935],[-120.204636,39.332023],[-120.204698,39.332085],[-120.204706,39.33214],[-120.204687,39.332166],[-120.204657,39.332181],[-120.204551,39.332192],[-120.2045,39.332171],[-120.204468,39.332138],[-120.204415,39.332105],[-120.204352,39.332088],[-120.204216,39.332079],[-120.204157,39.332053],[-120.204,39.33195],[-120.203931,39.331921]]]}},{"type":"Feature","properties":{"k":"rough"},"geometry":{"type":"Polygon","coordinates":[[[-120.198714,39.330353],[-120.198678,39.330353],[-120.198633,39.330365],[-120.198596,39.330404],[-120.198591,39.330445],[-120.198598,39.33048],[-120.198623,39.330512],[-120.198764,39.330657],[-120.19889,39.330754],[-120.198949,39.330766],[-120.199009,39.330764],[-120.199049,39.330752],[-120.199091,39.330723],[-120.199108,39.330694],[-120.199117,39.33065],[-120.199112,39.330595],[-120.199068,39.330505],[-120.198909,39.330441],[-120.19884,39.330397],[-120.19876,39.330381],[-120.198714,39.330353]]]}},{"type":"Feature","properties":{"k":"rough"},"geometry":{"type":"Polygon","coordinates":[[[-120.199446,39.33117],[-120.199408,39.33119],[-120.199362,39.331197],[-120.199298,39.331181],[-120.199255,39.331147],[-120.199245,39.331076],[-120.199281,39.331038],[-120.199312,39.331031],[-120.199389,39.331039],[-120.19941,39.331033],[-120.199513,39.330952],[-120.199553,39.330891],[-120.199597,39.330924],[-120.199479,39.331011],[-120.199445,39.331049],[-120.199472,39.331117],[-120.199469,39.331145],[-120.199446,39.33117]]]}},{"type":"Feature","properties":{"k":"rough"},"geometry":{"type":"Polygon","coordinates":[[[-120.199972,39.331288],[-120.199872,39.331284],[-120.199813,39.331305],[-120.199759,39.33134],[-120.199738,39.331389],[-120.199734,39.331459],[-120.19979,39.331618],[-120.199869,39.331753],[-120.200014,39.3319],[-120.200346,39.332127],[-120.200602,39.332257],[-120.200693,39.332292],[-120.20078,39.332313],[-120.200876,39.332319],[-120.200999,39.332313],[-120.20106,39.332321],[-120.201146,39.332351],[-120.201343,39.332367],[-120.201529,39.332404],[-120.201803,39.332479],[-120.201847,39.332501],[-120.201868,39.33253],[-120.201863,39.332584],[-120.201877,39.332644],[-120.201922,39.332705],[-120.202006,39.332765],[-120.202085,39.332806],[-120.202148,39.33283],[-120.202232,39.332842],[-120.202316,39.332842],[-120.202391,39.33283],[-120.202449,39.332797],[-120.202498,39.332745],[-120.202538,39.332682],[-120.202562,39.332606],[-120.202559,39.332541],[-120.202538,39.332425],[-120.202512,39.332384],[-120.202463,39.332342],[-120.202372,39.332304],[-120.202221,39.332266],[-120.201698,39.332151],[-120.201611,39.332118],[-120.201528,39.332075],[-120.201305,39.332018],[-120.20123,39.331989],[-120.20099,39.331867],[-120.200827,39.331806],[-120.200424,39.3316],[-120.200248,39.331473],[-120.20011,39.331325],[-120.199972,39.331288]]]}},{"type":"Feature","properties":{"k":"rough"},"geometry":{"type":"Polygon","coordinates":[[[-120.202189,39.331468],[-120.202194,39.331437],[-120.20217,39.331396],[-120.202085,39.331302],[-120.202046,39.331265],[-120.20193,39.331209],[-120.201849,39.331188],[-120.201707,39.331185],[-120.201629,39.331206],[-120.201595,39.331243],[-120.201595,39.331294],[-120.201615,39.33135],[-120.201662,39.33141],[-120.201764,39.331469],[-120.20189,39.33151],[-120.20196,39.331523],[-120.202024,39.331523],[-120.202189,39.331468]]]}},{"type":"Feature","properties":{"k":"rough"},"geometry":{"type":"Polygon","coordinates":[[[-120.203395,39.330536],[-120.203335,39.330421],[-120.203298,39.330375],[-120.203258,39.33035],[-120.202955,39.330243],[-120.202867,39.330251],[-120.202829,39.330243],[-120.202768,39.330198],[-120.202688,39.330182],[-120.202644,39.33019],[-120.202591,39.330223],[-120.20253,39.330313],[-120.202517,39.330363],[-120.202596,39.330366],[-120.202655,39.330377],[-120.202998,39.330541],[-120.203114,39.330586],[-120.203187,39.33059],[-120.203395,39.330536]]]}},{"type":"Feature","properties":{"k":"rough"},"geometry":{"type":"Polygon","coordinates":[[[-120.202505,39.331896],[-120.202448,39.331883],[-120.202421,39.331868],[-120.202392,39.331831],[-120.20239,39.331796],[-120.202399,39.331778],[-120.202418,39.331769],[-120.202488,39.331761],[-120.202615,39.331671],[-120.202632,39.331688],[-120.202624,39.331701],[-120.202544,39.331764],[-120.202571,39.33183],[-120.20257,39.331869],[-120.202554,39.331886],[-120.202505,39.331896]]]}},{"type":"Feature","properties":{"k":"rough"},"geometry":{"type":"Polygon","coordinates":[[[-120.203261,39.332119],[-120.203187,39.332102],[-120.203127,39.332102],[-120.203057,39.332122],[-120.203012,39.332154],[-120.202982,39.332199],[-120.202968,39.332277],[-120.202971,39.332361],[-120.203002,39.332519],[-120.20304,39.332614],[-120.203178,39.332827],[-120.203232,39.332889],[-120.203299,39.33293],[-120.203486,39.332973],[-120.203683,39.332982],[-120.203883,39.332986],[-120.204314,39.332978],[-120.204451,39.333011],[-120.204557,39.333012],[-120.204729,39.333067],[-120.204803,39.333083],[-120.205245,39.333153],[-120.205302,39.333156],[-120.205348,39.333146],[-120.205389,39.333123],[-120.205428,39.333085],[-120.205497,39.332986],[-120.205504,39.332951],[-120.205504,39.332905],[-120.205492,39.332868],[-120.205499,39.332827],[-120.205523,39.332791],[-120.205577,39.33276],[-120.205631,39.332744],[-120.205755,39.332729],[-120.205805,39.332735],[-120.205852,39.332749],[-120.205872,39.332771],[-120.205881,39.332797],[-120.206095,39.332788],[-120.206126,39.332752],[-120.206159,39.332734],[-120.206196,39.332725],[-120.206239,39.332727],[-120.206307,39.332757],[-120.206342,39.33274],[-120.206539,39.332711],[-120.206989,39.332675],[-120.207229,39.33264],[-120.207465,39.332585],[-120.207522,39.332546],[-120.207542,39.332508],[-120.207546,39.332469],[-120.207516,39.332428],[-120.207479,39.332411],[-120.207412,39.3324],[-120.20677,39.332448],[-120.206636,39.332448],[-120.206534,39.332436],[-120.206304,39.332428],[-120.206213,39.332433],[-120.206083,39.332456],[-120.206041,39.332451],[-120.206005,39.332435],[-120.205931,39.332368],[-120.205886,39.332339],[-120.205829,39.332324],[-120.205662,39.332341],[-120.205532,39.332376],[-120.205475,39.332404],[-120.20536,39.332489],[-120.20532,39.332504],[-120.205106,39.33253],[-120.205055,39.332552],[-120.204982,39.332557],[-120.204883,39.332547],[-120.204661,39.332483],[-120.20457,39.332464],[-120.204421,39.332472],[-120.204309,39.332497],[-120.204204,39.332501],[-120.204076,39.332489],[-120.203826,39.332437],[-120.203682,39.332382],[-120.203576,39.332332],[-120.20339,39.332187],[-120.203261,39.332119]]]}},{"type":"Feature","properties":{"k":"rough"},"geometry":{"type":"Polygon","coordinates":[[[-120.203982,39.330993],[-120.203853,39.330934],[-120.203787,39.330878],[-120.203753,39.330829],[-120.203738,39.33078],[-120.203757,39.330689],[-120.203785,39.330658],[-120.20384,39.330634],[-120.203905,39.330628],[-120.204037,39.330639],[-120.204139,39.330664],[-120.204429,39.330836],[-120.204539,39.330888],[-120.204639,39.330961],[-120.204748,39.331099],[-120.205021,39.331344],[-120.205137,39.331429],[-120.205568,39.331507],[-120.205983,39.331612],[-120.206066,39.331647],[-120.20619,39.33168],[-120.206399,39.331717],[-120.206564,39.331728],[-120.206706,39.331755],[-120.206895,39.331823],[-120.20694,39.33182],[-120.206975,39.331801],[-120.207009,39.331766],[-120.207086,39.331658],[-120.207155,39.331624],[-120.207251,39.331623],[-120.207438,39.331643],[-120.20768,39.331713],[-120.207822,39.331799],[-120.207859,39.331843],[-120.207871,39.33189],[-120.207865,39.332038],[-120.20782,39.332149],[-120.207788,39.3322],[-120.207743,39.33223],[-120.207678,39.332247],[-120.207596,39.332252],[-120.20746,39.33224],[-120.207363,39.332208],[-120.207253,39.332223],[-120.207052,39.332197],[-120.207005,39.332198],[-120.206846,39.332239],[-120.206513,39.332258],[-120.206399,39.332242],[-120.206271,39.332211],[-120.206177,39.332173],[-120.206041,39.332104],[-120.205946,39.332042],[-120.205804,39.332022],[-120.205605,39.331961],[-120.205239,39.33187],[-120.205048,39.331848],[-120.204741,39.331854],[-120.204645,39.331838],[-120.20448,39.331761],[-120.204389,39.331659],[-120.204312,39.331507],[-120.204312,39.33142],[-120.204332,39.33137],[-120.204387,39.33129],[-120.204395,39.331247],[-120.204389,39.331208],[-120.204367,39.331165],[-120.204279,39.331088],[-120.20421,39.331052],[-120.203982,39.330993]]]}},{"type":"Feature","properties":{"k":"rough"},"geometry":{"type":"Polygon","coordinates":[[[-120.199164,39.331527],[-120.199093,39.331545],[-120.199042,39.331576],[-120.199002,39.331618],[-120.198979,39.331683],[-120.19899,39.331729],[-120.19898,39.33184],[-120.198991,39.331928],[-120.19903,39.331964],[-120.199086,39.332044],[-120.199133,39.332063],[-120.199219,39.332084],[-120.19932,39.332137],[-120.199398,39.332205],[-120.199493,39.332312],[-120.199562,39.332369],[-120.199595,39.332417],[-120.199727,39.332556],[-120.199881,39.332634],[-120.199902,39.332655],[-120.199898,39.33267],[-120.199875,39.332683],[-120.199765,39.332623],[-120.199694,39.332619],[-120.199641,39.332645],[-120.199617,39.33267],[-120.199613,39.332713],[-120.199629,39.332729],[-120.199812,39.332851],[-120.199843,39.332889],[-120.199848,39.332925],[-120.199953,39.332965],[-120.200172,39.332991],[-120.200284,39.333133],[-120.200455,39.333265],[-120.200607,39.333339],[-120.200887,39.333392],[-120.201009,39.333431],[-120.20105,39.333449],[-120.201152,39.333527],[-120.201213,39.333556],[-120.2013,39.333582],[-120.201534,39.333611],[-120.201778,39.333619],[-120.201855,39.333637],[-120.201932,39.333669],[-120.202035,39.333689],[-120.202225,39.33368],[-120.202286,39.333692],[-120.202341,39.333711],[-120.202434,39.333762],[-120.202542,39.333795],[-120.202686,39.333801],[-120.202851,39.33382],[-120.20293,39.333839],[-120.202996,39.333867],[-120.203046,39.333906],[-120.203231,39.333982],[-120.203349,39.333979],[-120.203455,39.334005],[-120.20351,39.33401],[-120.203565,39.334005],[-120.203658,39.333983],[-120.203733,39.334012],[-120.203782,39.334018],[-120.203831,39.334007],[-120.20387,39.333975],[-120.203876,39.333911],[-120.203833,39.333859],[-120.203774,39.333845],[-120.203498,39.333834],[-120.203439,39.333826],[-120.203394,39.333812],[-120.2033,39.333765],[-120.203213,39.333735],[-120.203058,39.333728],[-120.202971,39.333694],[-120.20288,39.333645],[-120.202558,39.333578],[-120.202404,39.333518],[-120.202284,39.333439],[-120.202146,39.333438],[-120.202097,39.33342],[-120.202016,39.333378],[-120.201944,39.333319],[-120.201758,39.333239],[-120.20162,39.333156],[-120.201485,39.333101],[-120.201048,39.33296],[-120.200926,39.332871],[-120.200786,39.332696],[-120.200737,39.332654],[-120.200588,39.33258],[-120.200492,39.332501],[-120.200436,39.332421],[-120.200385,39.332391],[-120.200228,39.33234],[-120.200158,39.332291],[-120.199897,39.331997],[-120.199729,39.331836],[-120.199654,39.331731],[-120.199537,39.331676],[-120.199455,39.331618],[-120.199411,39.331573],[-120.199332,39.331538],[-120.199257,39.331526],[-120.199164,39.331527]]]}},{"type":"Feature","properties":{"k":"rough"},"geometry":{"type":"Polygon","coordinates":[[[-120.199268,39.333549],[-120.19921,39.333481],[-120.199186,39.333436],[-120.199147,39.333412],[-120.199014,39.333397],[-120.198775,39.33347],[-120.198703,39.333481],[-120.198694,39.333504],[-120.198708,39.333528],[-120.198822,39.333623],[-120.198909,39.333652],[-120.198967,39.333652],[-120.199023,39.333634],[-120.199126,39.333622],[-120.199228,39.333629],[-120.199268,39.333622],[-120.199292,39.333605],[-120.199298,39.33358],[-120.199268,39.333549]]]}},{"type":"Feature","properties":{"k":"rough"},"geometry":{"type":"Polygon","coordinates":[[[-120.199109,39.334414],[-120.199054,39.334588],[-120.199054,39.334615],[-120.199101,39.334659],[-120.199227,39.334689],[-120.199296,39.334744],[-120.199335,39.334763],[-120.199447,39.334793],[-120.199495,39.334815],[-120.199646,39.334862],[-120.200115,39.334997],[-120.200302,39.335043],[-120.200374,39.33508],[-120.200429,39.335099],[-120.200518,39.335107],[-120.200548,39.33508],[-120.200579,39.335037],[-120.200587,39.334959],[-120.200558,39.334912],[-120.200455,39.334821],[-120.200402,39.334796],[-120.200071,39.334681],[-120.199916,39.33458],[-120.199857,39.334521],[-120.19963,39.334374],[-120.199562,39.334341],[-120.199489,39.334308],[-120.199402,39.334285],[-120.199302,39.334289],[-120.199241,39.334315],[-120.199168,39.334357],[-120.199109,39.334414]]]}},{"type":"Feature","properties":{"k":"rough"},"geometry":{"type":"Polygon","coordinates":[[[-120.201966,39.333825],[-120.201964,39.33379],[-120.201946,39.333767],[-120.201914,39.333754],[-120.201869,39.333751],[-120.201815,39.333759],[-120.201782,39.333778],[-120.201747,39.333782],[-120.201598,39.333761],[-120.201555,39.33376],[-120.201516,39.333773],[-120.201447,39.333834],[-120.201401,39.33393],[-120.201391,39.333973],[-120.201396,39.33402],[-120.20145,39.334115],[-120.201538,39.334187],[-120.201604,39.334216],[-120.201701,39.334253],[-120.201886,39.334296],[-120.201969,39.334352],[-120.202074,39.334389],[-120.202236,39.33446],[-120.202323,39.334487],[-120.202416,39.334506],[-120.202527,39.334549],[-120.202835,39.334697],[-120.203021,39.334808],[-120.203084,39.334819],[-120.203208,39.334816],[-120.2035,39.334774],[-120.203614,39.33475],[-120.203721,39.334717],[-120.203878,39.334654],[-120.20399,39.334564],[-120.204112,39.3345],[-120.204261,39.334436],[-120.204907,39.334097],[-120.204936,39.334091],[-120.205044,39.334091],[-120.205144,39.334037],[-120.205152,39.334013],[-120.205138,39.333992],[-120.204903,39.333913],[-120.204711,39.333881],[-120.204644,39.333888],[-120.204205,39.334007],[-120.204083,39.334069],[-120.203717,39.33422],[-120.203448,39.334191],[-120.203217,39.334188],[-120.203147,39.334193],[-120.203093,39.33419],[-120.202822,39.334106],[-120.202458,39.334043],[-120.202313,39.333995],[-120.202243,39.333956],[-120.202134,39.333949],[-120.202033,39.333926],[-120.201968,39.333861],[-120.201966,39.333825]]]}},{"type":"Feature","properties":{"k":"rough"},"geometry":{"type":"Polygon","coordinates":[[[-120.205706,39.333622],[-120.205668,39.333654],[-120.205486,39.333745],[-120.205415,39.333751],[-120.205388,39.333733],[-120.205377,39.333705],[-120.205377,39.333671],[-120.20548,39.333519],[-120.205551,39.33346],[-120.20576,39.333317],[-120.205844,39.333282],[-120.20597,39.333258],[-120.206073,39.333261],[-120.206107,39.33328],[-120.206125,39.333313],[-120.206133,39.333356],[-120.206125,39.333393],[-120.206092,39.333422],[-120.205944,39.333477],[-120.205899,39.333505],[-120.205853,39.333505],[-120.20579,39.333528],[-120.205748,39.333559],[-120.205706,39.333622]]]}},{"type":"Feature","properties":{"k":"rough"},"geometry":{"type":"Polygon","coordinates":[[[-120.203906,39.335134],[-120.203711,39.335133],[-120.203581,39.335103],[-120.203421,39.335098],[-120.203189,39.33504],[-120.203028,39.33495],[-120.203008,39.334861],[-120.203036,39.334839],[-120.203084,39.334819],[-120.203294,39.334913],[-120.203359,39.334933],[-120.203432,39.334935],[-120.203667,39.334908],[-120.203913,39.334906],[-120.204447,39.334769],[-120.20452,39.334769],[-120.204746,39.334794],[-120.204842,39.334788],[-120.205087,39.334758],[-120.205377,39.334711],[-120.20558,39.334667],[-120.205722,39.334666],[-120.206222,39.334727],[-120.206297,39.334747],[-120.206551,39.334837],[-120.206885,39.334973],[-120.207014,39.335059],[-120.207093,39.335094],[-120.207427,39.335173],[-120.207639,39.335262],[-120.207784,39.335298],[-120.207914,39.335312],[-120.207952,39.335327],[-120.208102,39.335446],[-120.208106,39.335487],[-120.208078,39.335532],[-120.208047,39.335554],[-120.207966,39.335573],[-120.207706,39.335614],[-120.207523,39.335664],[-120.207378,39.335681],[-120.207313,39.335681],[-120.207268,39.335661],[-120.207226,39.335578],[-120.207193,39.335554],[-120.206852,39.33545],[-120.206781,39.335417],[-120.206549,39.335332],[-120.206226,39.335255],[-120.20598,39.33523],[-120.205724,39.335221],[-120.205496,39.33523],[-120.20514,39.335224],[-120.204547,39.335188],[-120.204378,39.335167],[-120.203906,39.335134]]]}},{"type":"Feature","properties":{"k":"rough"},"geometry":{"type":"Polygon","coordinates":[[[-120.208355,39.335555],[-120.208287,39.335593],[-120.20822,39.335649],[-120.208118,39.335695],[-120.208073,39.335732],[-120.208051,39.335763],[-120.208051,39.335815],[-120.208081,39.335836],[-120.208328,39.335844],[-120.208451,39.335859],[-120.208644,39.335923],[-120.208808,39.336002],[-120.208882,39.336068],[-120.20895,39.336106],[-120.209038,39.336139],[-120.209164,39.33617],[-120.209379,39.336176],[-120.209473,39.33616],[-120.209584,39.336127],[-120.209584,39.336033],[-120.209623,39.335959],[-120.209627,39.335876],[-120.209604,39.335827],[-120.209568,39.335799],[-120.209417,39.335715],[-120.209309,39.335681],[-120.209201,39.335659],[-120.209088,39.335604],[-120.208873,39.335544],[-120.208763,39.335527],[-120.208659,39.335522],[-120.208553,39.335531],[-120.208488,39.335546],[-120.208425,39.335575],[-120.208393,39.335575],[-120.208355,39.335555]]]}},{"type":"Feature","properties":{"k":"rough"},"geometry":{"type":"Polygon","coordinates":[[[-120.207387,39.334571],[-120.207361,39.334543],[-120.207139,39.334512],[-120.207034,39.334508],[-120.206937,39.334514],[-120.206857,39.334539],[-120.206816,39.334577],[-120.206755,39.334707],[-120.20676,39.334775],[-120.206793,39.334835],[-120.206844,39.33489],[-120.206927,39.334941],[-120.20709,39.335004],[-120.207206,39.335022],[-120.207412,39.335031],[-120.207514,39.335047],[-120.207611,39.335085],[-120.207718,39.335199],[-120.20778,39.335242],[-120.207841,39.335267],[-120.207922,39.335284],[-120.208029,39.335294],[-120.20859,39.335323],[-120.208689,39.335306],[-120.208852,39.335247],[-120.208897,39.335245],[-120.208938,39.335257],[-120.208968,39.335282],[-120.208985,39.335355],[-120.209008,39.335389],[-120.209118,39.335435],[-120.209145,39.335474],[-120.2092,39.335506],[-120.20936,39.335553],[-120.209416,39.335551],[-120.209591,39.335503],[-120.209815,39.335454],[-120.209958,39.335404],[-120.21017,39.335358],[-120.210266,39.335313],[-120.210432,39.335271],[-120.210453,39.335236],[-120.210465,39.335186],[-120.210454,39.335133],[-120.210419,39.335093],[-120.210363,39.335075],[-120.210302,39.335068],[-120.21022,39.335099],[-120.210147,39.335154],[-120.209861,39.335128],[-120.209743,39.335128],[-120.209571,39.335153],[-120.20941,39.335147],[-120.209351,39.335122],[-120.209287,39.335064],[-120.20921,39.334887],[-120.209182,39.334867],[-120.209051,39.334792],[-120.208836,39.334758],[-120.208734,39.334698],[-120.208649,39.334673],[-120.208511,39.33466],[-120.208383,39.334662],[-120.208019,39.334697],[-120.207842,39.334697],[-120.2075,39.334651],[-120.207446,39.334635],[-120.207399,39.334604],[-120.207387,39.334571]]]}},{"type":"Feature","properties":{"k":"rough"},"geometry":{"type":"Polygon","coordinates":[[[-120.210392,39.33648],[-120.210347,39.336454],[-120.210326,39.336429],[-120.210306,39.336389],[-120.210306,39.336363],[-120.210339,39.336331],[-120.210355,39.336298],[-120.210357,39.33626],[-120.210377,39.336232],[-120.210373,39.336091],[-120.210379,39.336048],[-120.210416,39.335998],[-120.210418,39.335911],[-120.210438,39.335877],[-120.210493,39.335855],[-120.210603,39.335853],[-120.21066,39.335881],[-120.210708,39.335938],[-120.210729,39.336045],[-120.210712,39.336179],[-120.210566,39.33628],[-120.210523,39.336443],[-120.210495,39.336467],[-120.210448,39.336481],[-120.210392,39.33648]]]}},{"type":"Feature","properties":{"k":"rough"},"geometry":{"type":"Polygon","coordinates":[[[-120.210822,39.335505],[-120.210757,39.335485],[-120.21072,39.335487],[-120.210665,39.335535],[-120.210665,39.335566],[-120.210681,39.335596],[-120.210744,39.335661],[-120.210854,39.335742],[-120.210891,39.335785],[-120.210911,39.335733],[-120.210944,39.335693],[-120.210898,39.335634],[-120.210863,39.33555],[-120.210822,39.335505]]]}},{"type":"Feature","properties":{"k":"rough"},"geometry":{"type":"Polygon","coordinates":[[[-120.211422,39.335425],[-120.211408,39.335377],[-120.211416,39.33536],[-120.211471,39.335311],[-120.211497,39.335264],[-120.211523,39.33524],[-120.211558,39.335236],[-120.211601,39.335243],[-120.211624,39.335259],[-120.211422,39.335425]]]}},{"type":"Feature","properties":{"k":"rough"},"geometry":{"type":"Polygon","coordinates":[[[-120.211651,39.335231],[-120.211607,39.33519],[-120.211519,39.33517],[-120.211448,39.335079],[-120.211312,39.335006],[-120.211284,39.334945],[-120.21128,39.334916],[-120.211249,39.334868],[-120.211204,39.334844],[-120.21103,39.334778],[-120.210845,39.334722],[-120.210778,39.334717],[-120.210613,39.334742],[-120.210584,39.33474],[-120.210511,39.3347],[-120.210489,39.334662],[-120.210487,39.334624],[-120.210505,39.334596],[-120.210532,39.334571],[-120.210595,39.334553],[-120.210632,39.334524],[-120.210691,39.334514],[-120.210796,39.334528],[-120.21094,39.334521],[-120.211007,39.3345],[-120.211071,39.334459],[-120.211118,39.334452],[-120.211271,39.334436],[-120.211474,39.334443],[-120.211653,39.334481],[-120.21165,39.334467],[-120.21167,39.334446],[-120.211731,39.334418],[-120.211832,39.334404],[-120.211908,39.334418],[-120.211936,39.334437],[-120.21195,39.334472],[-120.211952,39.334506],[-120.21191,39.334618],[-120.211914,39.334651],[-120.211977,39.334742],[-120.211993,39.334811],[-120.211979,39.334846],[-120.211767,39.335054],[-120.211741,39.335118],[-120.211651,39.335231]]]}},{"type":"Feature","properties":{"k":"rough"},"geometry":{"type":"Polygon","coordinates":[[[-120.207596,39.334414],[-120.207475,39.334414],[-120.207436,39.334409],[-120.207401,39.334395],[-120.207378,39.33436],[-120.207376,39.334331],[-120.207393,39.334296],[-120.207422,39.334277],[-120.207461,39.334269],[-120.207519,39.334271],[-120.207618,39.334307],[-120.207654,39.334312],[-120.207714,39.334292],[-120.207787,39.334289],[-120.208015,39.334324],[-120.208053,39.334318],[-120.208268,39.33424],[-120.208549,39.33417],[-120.208979,39.334078],[-120.209122,39.334033],[-120.209204,39.334021],[-120.209251,39.333998],[-120.209377,39.333959],[-120.209751,39.333873],[-120.209871,39.333818],[-120.209952,39.333767],[-120.210005,39.333752],[-120.210078,39.333745],[-120.21019,39.333719],[-120.210401,39.333618],[-120.210452,39.333613],[-120.210621,39.333626],[-120.210747,39.333656],[-120.210821,39.333657],[-120.210885,39.33365],[-120.211002,39.333618],[-120.211072,39.333609],[-120.211188,39.333619],[-120.211267,39.333679],[-120.21131,39.333729],[-120.211363,39.333837],[-120.211389,39.333952],[-120.21135,39.334089],[-120.211311,39.334121],[-120.211184,39.33417],[-120.211087,39.33419],[-120.210853,39.334192],[-120.210678,39.334162],[-120.210612,39.334144],[-120.210559,39.334144],[-120.21052,39.334156],[-120.210434,39.334216],[-120.210379,39.334236],[-120.210177,39.334247],[-120.210096,39.334258],[-120.209979,39.334292],[-120.209791,39.334316],[-120.209671,39.334344],[-120.209621,39.334362],[-120.209568,39.3344],[-120.209497,39.334416],[-120.20942,39.334421],[-120.209103,39.334371],[-120.209059,39.33437],[-120.208997,39.334371],[-120.208865,39.334414],[-120.208818,39.33442],[-120.208602,39.334421],[-120.208197,39.334452],[-120.207841,39.334429],[-120.207705,39.334435],[-120.207648,39.334431],[-120.207596,39.334414]]]}},{"type":"Feature","properties":{"k":"rough"},"geometry":{"type":"Polygon","coordinates":[[[-120.205348,39.333146],[-120.205402,39.333165],[-120.205667,39.33319],[-120.205952,39.33319],[-120.206156,39.333184],[-120.206219,39.333169],[-120.206327,39.333128],[-120.206404,39.333123],[-120.206451,39.333133],[-120.206572,39.333186],[-120.206624,39.333198],[-120.206687,39.333195],[-120.206969,39.333139],[-120.207186,39.333133],[-120.207345,39.333145],[-120.207456,39.333142],[-120.207916,39.333096],[-120.208023,39.333103],[-120.208117,39.333122],[-120.208295,39.333177],[-120.208379,39.333185],[-120.208454,39.333183],[-120.208502,39.333171],[-120.208644,39.333092],[-120.208697,39.33309],[-120.208818,39.333117],[-120.20889,39.333122],[-120.209291,39.333111],[-120.209355,39.333121],[-120.209466,39.333165],[-120.209474,39.333185],[-120.209468,39.333207],[-120.209445,39.333227],[-120.209326,39.333281],[-120.209123,39.333341],[-120.208813,39.33342],[-120.208736,39.33342],[-120.208593,39.333405],[-120.208443,39.333444],[-120.208262,39.333441],[-120.208189,39.333471],[-120.208141,39.333481],[-120.208057,39.333475],[-120.207929,39.333425],[-120.207718,39.333389],[-120.207608,39.333385],[-120.207474,39.3334],[-120.207242,39.333379],[-120.207111,39.333379],[-120.207061,39.333371],[-120.206947,39.333314],[-120.206806,39.33327],[-120.206665,39.333247],[-120.206599,39.333244],[-120.206428,39.333257],[-120.206368,39.333273],[-120.206296,39.333308],[-120.206197,39.333394],[-120.206182,39.333481],[-120.206241,39.333597],[-120.206278,39.333641],[-120.206339,39.333698],[-120.206402,39.333736],[-120.206551,39.333803],[-120.206623,39.33382],[-120.206756,39.333827],[-120.206848,39.333843],[-120.207003,39.333886],[-120.2072,39.333884],[-120.207343,39.333898],[-120.207492,39.333893],[-120.2076,39.333913],[-120.207681,39.333959],[-120.207715,39.333965],[-120.207812,39.333958],[-120.208004,39.333964],[-120.208134,39.334009],[-120.208182,39.33402],[-120.20822,39.334019],[-120.208426,39.333991],[-120.208608,39.333956],[-120.208676,39.333937],[-120.209244,39.333713],[-120.209371,39.333694],[-120.209496,39.333698],[-120.209591,39.33368],[-120.209683,39.333648],[-120.209847,39.333616],[-120.21004,39.33355],[-120.210226,39.333532],[-120.210276,39.333516],[-120.210423,39.333435],[-120.210472,39.333416],[-120.210537,39.333406],[-120.210782,39.333465],[-120.210945,39.333421],[-120.211062,39.333372],[-120.211143,39.333311],[-120.211159,39.333271],[-120.211161,39.33318],[-120.211178,39.33315],[-120.211279,39.333076],[-120.211315,39.333037],[-120.211338,39.332993],[-120.211333,39.332952],[-120.211273,39.332896],[-120.211086,39.332786],[-120.210802,39.33266],[-120.21075,39.332645],[-120.210562,39.332652],[-120.210449,39.33263],[-120.21038,39.332632],[-120.210273,39.332685],[-120.210179,39.332765],[-120.210127,39.332785],[-120.209993,39.332791],[-120.209938,39.332785],[-120.209896,39.332767],[-120.209859,39.332723],[-120.209718,39.332732],[-120.209578,39.332726],[-120.209412,39.332707],[-120.209048,39.33264],[-120.208664,39.332546],[-120.208472,39.332525],[-120.208365,39.332536],[-120.207995,39.33261],[-120.207757,39.332682],[-120.207266,39.332793],[-120.207147,39.332811],[-120.206991,39.332822],[-120.206916,39.332849],[-120.206828,39.332868],[-120.206763,39.332875],[-120.20658,39.332849],[-120.206529,39.332849],[-120.206468,39.332858],[-120.206222,39.332926],[-120.205909,39.332995],[-120.205812,39.333009],[-120.205749,39.333006],[-120.205633,39.332972],[-120.205512,39.332972],[-120.205428,39.333085],[-120.205389,39.333123],[-120.205348,39.333146]]]}},{"type":"Feature","properties":{"k":"rough"},"geometry":{"type":"Polygon","coordinates":[[[-120.198377,39.334455],[-120.19834,39.334467],[-120.19826,39.334472],[-120.19808,39.334431],[-120.197988,39.334419],[-120.197934,39.33442],[-120.197835,39.334403],[-120.197756,39.334407],[-120.19773,39.334416],[-120.197718,39.334446],[-120.19772,39.334462],[-120.197743,39.334478],[-120.197851,39.334479],[-120.197954,39.334501],[-120.198097,39.334517],[-120.198265,39.334523],[-120.198477,39.334509],[-120.198377,39.334455]]]}},{"type":"Feature","properties":{"k":"wood"},"geometry":{"type":"Polygon","coordinates":[[[-120.200942,39.334824],[-120.200981,39.334862],[-120.201022,39.334928],[-120.201129,39.334986],[-120.201263,39.335017],[-120.201617,39.335138],[-120.201928,39.335233],[-120.202358,39.335329],[-120.202427,39.335364],[-120.202977,39.335468],[-120.203251,39.335463],[-120.203535,39.335484],[-120.203473,39.335443],[-120.203473,39.335416],[-120.203522,39.335389],[-120.203712,39.335314],[-120.203784,39.335252],[-120.203849,39.335156],[-120.20372,39.335154],[-120.203484,39.335129],[-120.203277,39.335094],[-120.2031,39.335032],[-120.203001,39.334974],[-120.202964,39.334845],[-120.202859,39.334866],[-120.202846,39.334897],[-120.202867,39.334949],[-120.202907,39.334988],[-120.202921,39.33504],[-120.202915,39.335102],[-120.202878,39.33514],[-120.202787,39.335165],[-120.202669,39.335158],[-120.202368,39.335094],[-120.202253,39.335038],[-120.202087,39.334936],[-120.201955,39.334882],[-120.201802,39.334851],[-120.201612,39.334829],[-120.201357,39.334783],[-120.201239,39.334775],[-120.200971,39.33481],[-120.200942,39.334824]]]}},{"type":"Feature","properties":{"k":"wood"},"geometry":{"type":"Polygon","coordinates":[[[-120.201658,39.335521],[-120.20155,39.335457],[-120.201346,39.335362],[-120.201083,39.33532],[-120.200858,39.335362],[-120.2007,39.335404],[-120.200289,39.335326],[-120.200059,39.335273],[-120.198648,39.335111],[-120.198203,39.335069],[-120.1977,39.335077],[-120.197703,39.334473],[-120.197723,39.334497],[-120.1978,39.334511],[-120.198447,39.334584],[-120.198635,39.334631],[-120.198916,39.334739],[-120.199093,39.334768],[-120.199871,39.335001],[-120.200059,39.335102],[-120.20015,39.335136],[-120.200252,39.335142],[-120.200491,39.33514],[-120.200531,39.335131],[-120.200582,39.335086],[-120.200646,39.334986],[-120.200697,39.334943],[-120.200743,39.33492],[-120.200837,39.334957],[-120.200917,39.334955],[-120.200995,39.334978],[-120.201073,39.335028],[-120.201196,39.335079],[-120.201362,39.335111],[-120.20158,39.335181],[-120.201867,39.335256],[-120.20203,39.335331],[-120.202258,39.335391],[-120.202374,39.335432],[-120.202451,39.335496],[-120.2025,39.33555],[-120.202518,39.335617],[-120.201982,39.33555],[-120.201658,39.335521]]]}},{"type":"Feature","properties":{"k":"wood"},"geometry":{"type":"Polygon","coordinates":[[[-120.198087,39.333907],[-120.197972,39.333905],[-120.197822,39.333868],[-120.197707,39.333802],[-120.197704,39.334354],[-120.19776,39.334123],[-120.197803,39.334051],[-120.197878,39.334005],[-120.198026,39.333957],[-120.198087,39.333907]]]}},{"type":"Feature","properties":{"k":"wood"},"geometry":{"type":"Polygon","coordinates":[[[-120.214403,39.333532],[-120.213368,39.334382],[-120.213001,39.334113],[-120.212869,39.333986],[-120.212636,39.333721],[-120.212499,39.333522],[-120.212389,39.333387],[-120.212266,39.333266],[-120.212123,39.333154],[-120.211796,39.33292],[-120.21141,39.33269],[-120.211077,39.332536],[-120.210648,39.332366],[-120.210326,39.33225],[-120.210117,39.332163],[-120.209693,39.33191],[-120.208336,39.331275],[-120.206796,39.330503],[-120.206255,39.330204],[-120.206126,39.330154],[-120.205986,39.330146],[-120.205863,39.330171],[-120.205777,39.330217],[-120.205616,39.330339],[-120.205482,39.33042],[-120.205421,39.330472],[-120.205354,39.330555],[-120.205187,39.330447],[-120.205139,39.330403],[-120.205101,39.330351],[-120.205067,39.330213],[-120.205016,39.330146],[-120.204973,39.330121],[-120.204895,39.330092],[-120.20482,39.330073],[-120.204785,39.329909],[-120.20472,39.329853],[-120.204616,39.32982],[-120.204517,39.329818],[-120.204382,39.329835],[-120.204095,39.329773],[-120.20394,39.329748],[-120.203771,39.329764],[-120.203669,39.329752],[-120.203245,39.329669],[-120.203071,39.329646],[-120.202939,39.329654],[-120.202261,39.329663],[-120.202046,39.329654],[-120.20188,39.329671],[-120.20144,39.329737],[-120.200356,39.329754],[-120.200255,39.329746],[-120.199978,39.329681],[-120.199847,39.329677],[-120.199758,39.329694],[-120.199686,39.329752],[-120.199619,39.329822],[-120.199541,39.330067],[-120.199528,39.330078],[-120.199289,39.32986],[-120.19915,39.329785],[-120.198975,39.329729],[-120.198814,39.329704],[-120.198699,39.32971],[-120.198629,39.329735],[-120.19857,39.329789],[-120.198541,39.329864],[-120.198543,39.329982],[-120.198581,39.330071],[-120.198691,39.3302],[-120.198635,39.330219],[-120.198613,39.330237],[-120.198637,39.33032],[-120.198584,39.330364],[-120.198554,39.330416],[-120.198573,39.330503],[-120.198643,39.33059],[-120.199305,39.331297],[-120.199217,39.331347],[-120.199117,39.331449],[-120.199058,39.33148],[-120.198989,39.331534],[-120.198967,39.331575],[-120.198951,39.331656],[-120.198852,39.331756],[-120.198814,39.33181],[-120.198822,39.331858],[-120.198873,39.331922],[-120.19904,39.332026],[-120.199045,39.332059],[-120.199032,39.332136],[-120.199058,39.332221],[-120.199115,39.332295],[-120.199321,39.332434],[-120.199383,39.332507],[-120.199412,39.332603],[-120.199418,39.332681],[-120.199308,39.332793],[-120.199302,39.332847],[-120.199329,39.332968],[-120.199321,39.333046],[-120.199029,39.333333],[-120.198935,39.333391],[-120.198825,39.333432],[-120.1985,39.333426],[-120.198404,39.333432],[-120.198326,39.333457],[-120.198262,39.33349],[-120.198224,39.333548],[-120.198197,39.333706],[-120.19801,39.333729],[-120.197708,39.333679],[-120.19771,39.333193],[-120.198391,39.333193],[-120.198348,39.329665],[-120.212198,39.329593],[-120.212209,39.333145],[-120.21339,39.333157],[-120.213384,39.333525],[-120.214403,39.333532]]]}},{"type":"Feature","properties":{"k":"bunker"},"geometry":{"type":"Polygon","coordinates":[[[-120.206046,39.33034],[-120.206064,39.330373],[-120.206045,39.330399],[-120.206025,39.330404],[-120.205988,39.330388],[-120.205946,39.330399],[-120.205919,39.330397],[-120.205897,39.330386],[-120.205883,39.330366],[-120.205894,39.330339],[-120.205928,39.330334],[-120.205977,39.330342],[-120.205983,39.330334],[-120.205969,39.3303],[-120.205974,39.330289],[-120.205994,39.33028],[-120.206035,39.330285],[-120.206041,39.330311],[-120.206033,39.33033],[-120.206046,39.33034]]]}},{"type":"Feature","properties":{"k":"bunker"},"geometry":{"type":"Polygon","coordinates":[[[-120.206189,39.330709],[-120.206211,39.330695],[-120.206216,39.330684],[-120.206208,39.330656],[-120.206169,39.330647],[-120.206137,39.330656],[-120.206126,39.330665],[-120.206119,39.330707],[-120.206081,39.330729],[-120.206083,39.330756],[-120.206094,39.330769],[-120.206127,39.33078],[-120.206155,39.330776],[-120.206177,39.330758],[-120.206178,39.330717],[-120.206189,39.330709]]]}},{"type":"Feature","properties":{"k":"bunker"},"geometry":{"type":"Polygon","coordinates":[[[-120.206457,39.330938],[-120.20644,39.330917],[-120.206399,39.330905],[-120.206358,39.330868],[-120.206319,39.330868],[-120.206294,39.330888],[-120.20629,39.330904],[-120.206302,39.330927],[-120.206364,39.330931],[-120.206371,39.330939],[-120.206356,39.330957],[-120.206356,39.330971],[-120.206386,39.330995],[-120.206418,39.330999],[-120.20645,39.330986],[-120.206465,39.330964],[-120.206457,39.330938]]]}},{"type":"Feature","properties":{"k":"green"},"geometry":{"type":"Polygon","coordinates":[[[-120.200095,39.329904],[-120.200046,39.329853],[-120.199985,39.329828],[-120.199907,39.32983],[-120.199854,39.329852],[-120.199825,39.329894],[-120.199793,39.33001],[-120.199798,39.330057],[-120.199813,39.330076],[-120.199854,39.330098],[-120.199915,39.330098],[-120.200002,39.330075],[-120.200065,39.330042],[-120.200095,39.330011],[-120.200107,39.329973],[-120.200095,39.329904]]]}},{"type":"Feature","properties":{"k":"bunker"},"geometry":{"type":"Polygon","coordinates":[[[-120.200132,39.330089],[-120.200118,39.330072],[-120.200089,39.330067],[-120.200066,39.330076],[-120.200053,39.330098],[-120.199992,39.330106],[-120.199978,39.330115],[-120.199968,39.330141],[-120.199985,39.330171],[-120.200024,39.330186],[-120.200053,39.33018],[-120.200084,39.330144],[-120.200117,39.330134],[-120.200133,39.330119],[-120.200132,39.330089]]]}},{"type":"Feature","properties":{"k":"bunker"},"geometry":{"type":"Polygon","coordinates":[[[-120.201151,39.330215],[-120.201105,39.330211],[-120.201014,39.330163],[-120.200958,39.330145],[-120.200923,39.330149],[-120.200905,39.330172],[-120.200905,39.330186],[-120.20093,39.330209],[-120.200995,39.330222],[-120.201006,39.330231],[-120.201014,39.330267],[-120.201035,39.330276],[-120.201089,39.330259],[-120.201139,39.330277],[-120.201167,39.330268],[-120.201181,39.330252],[-120.201178,39.33023],[-120.201151,39.330215]]]}},{"type":"Feature","properties":{"k":"green"},"geometry":{"type":"Polygon","coordinates":[[[-120.199012,39.329931],[-120.199023,39.329979],[-120.199014,39.330063],[-120.198983,39.330107],[-120.198956,39.330117],[-120.198905,39.330118],[-120.198838,39.330096],[-120.198761,39.330041],[-120.198715,39.329999],[-120.198705,39.329977],[-120.198704,39.329934],[-120.198723,39.329897],[-120.198742,39.329883],[-120.198793,39.329864],[-120.198887,39.329858],[-120.198944,39.329871],[-120.198991,39.329897],[-120.199012,39.329931]]]}},{"type":"Feature","properties":{"k":"bunker"},"geometry":{"type":"Polygon","coordinates":[[[-120.199028,39.330253],[-120.198984,39.330231],[-120.198963,39.330191],[-120.198941,39.330172],[-120.198903,39.330166],[-120.198867,39.33018],[-120.198859,39.330192],[-120.198857,39.330207],[-120.198872,39.330224],[-120.198928,39.330229],[-120.198932,39.330238],[-120.198915,39.330268],[-120.19892,39.330283],[-120.198948,39.330297],[-120.198988,39.330304],[-120.199037,39.330294],[-120.199048,39.330273],[-120.199028,39.330253]]]}},{"type":"Feature","properties":{"k":"fairway"},"geometry":{"type":"Polygon","coordinates":[[[-120.200966,39.33204],[-120.20103,39.332083],[-120.20111,39.332114],[-120.201345,39.332188],[-120.201374,39.332209],[-120.201383,39.332239],[-120.201361,39.332274],[-120.201305,39.332294],[-120.201252,39.332289],[-120.201082,39.332245],[-120.200907,39.332215],[-120.200721,39.332173],[-120.200615,39.332136],[-120.200438,39.332048],[-120.200308,39.331974],[-120.200137,39.33185],[-120.200078,39.331795],[-120.199962,39.331669],[-120.199878,39.331558],[-120.199854,39.33151],[-120.19985,39.331465],[-120.199862,39.331425],[-120.199885,39.331399],[-120.199939,39.331383],[-120.199997,39.331391],[-120.200084,39.331431],[-120.200154,39.331492],[-120.200455,39.331696],[-120.200862,39.331932],[-120.200966,39.33204]]]}},{"type":"Feature","properties":{"k":"green"},"geometry":{"type":"Polygon","coordinates":[[[-120.202407,39.332598],[-120.20235,39.332672],[-120.202311,39.332705],[-120.202281,39.33272],[-120.202227,39.332726],[-120.202204,39.332721],[-120.20217,39.332693],[-120.202162,39.332667],[-120.202171,39.332605],[-120.202296,39.332412],[-120.202316,39.332397],[-120.202367,39.332394],[-120.202394,39.332407],[-120.202414,39.332433],[-120.202433,39.332494],[-120.202437,39.332546],[-120.202407,39.332598]]]}},{"type":"Feature","properties":{"k":"green"},"geometry":{"type":"Polygon","coordinates":[[[-120.205368,39.33282],[-120.205401,39.332857],[-120.205404,39.332883],[-120.205393,39.332911],[-120.205319,39.333019],[-120.205302,39.333034],[-120.205245,39.333044],[-120.205215,39.33304],[-120.205179,39.333013],[-120.20515,39.332901],[-120.205132,39.332886],[-120.205002,39.332827],[-120.204995,39.332783],[-120.205003,39.332762],[-120.205025,39.332746],[-120.205057,39.332736],[-120.205108,39.332736],[-120.205254,39.33277],[-120.205368,39.33282]]]}},{"type":"Feature","properties":{"k":"bunker"},"geometry":{"type":"Polygon","coordinates":[[[-120.205054,39.33289],[-120.205013,39.332885],[-120.204984,39.332898],[-120.204974,39.332923],[-120.204993,39.33296],[-120.204979,39.332969],[-120.204936,39.332976],[-120.204929,39.332989],[-120.204945,39.33301],[-120.204972,39.333015],[-120.205012,39.332995],[-120.205069,39.333012],[-120.205099,39.332998],[-120.205097,39.332972],[-120.205055,39.332959],[-120.205039,39.332943],[-120.205039,39.332934],[-120.205069,39.332905],[-120.205054,39.33289]]]}},{"type":"Feature","properties":{"k":"bunker"},"geometry":{"type":"Polygon","coordinates":[[[-120.203543,39.33283],[-120.203486,39.332796],[-120.203407,39.332807],[-120.203385,39.332802],[-120.203368,39.332794],[-120.203329,39.332754],[-120.203306,39.332746],[-120.203214,39.332731],[-120.203188,39.332741],[-120.203173,39.332756],[-120.203174,39.332793],[-120.203204,39.332818],[-120.203236,39.332827],[-120.20328,39.332803],[-120.203316,39.332807],[-120.203329,39.332822],[-120.203326,39.332873],[-120.203349,39.332888],[-120.20337,39.332887],[-120.203432,39.332839],[-120.203463,39.332849],[-120.203463,39.332878],[-120.203485,39.332898],[-120.203523,39.332897],[-120.203552,39.332869],[-120.203554,39.332851],[-120.203543,39.33283]]]}},{"type":"Feature","properties":{"k":"fairway"},"geometry":{"type":"Polygon","coordinates":[[[-120.20255,39.330582],[-120.202632,39.330594],[-120.20271,39.330623],[-120.20276,39.330661],[-120.202821,39.330781],[-120.202895,39.330891],[-120.202951,39.330964],[-120.202985,39.330993],[-120.203337,39.331171],[-120.203498,39.331288],[-120.203565,39.331373],[-120.203569,39.331414],[-120.203558,39.331444],[-120.203528,39.331466],[-120.203481,39.331478],[-120.203427,39.331482],[-120.203295,39.331458],[-120.203254,39.331431],[-120.203143,39.331307],[-120.20284,39.331116],[-120.202757,39.331044],[-120.202697,39.331021],[-120.202569,39.330981],[-120.202396,39.330916],[-120.202318,39.330908],[-120.202254,39.330912],[-120.202136,39.330944],[-120.202077,39.330942],[-120.202025,39.33093],[-120.20198,39.330904],[-120.201945,39.330838],[-120.201951,39.330806],[-120.201994,39.33075],[-120.202046,39.33072],[-120.202154,39.330695],[-120.202194,39.330678],[-120.202279,39.330607],[-120.202359,39.330579],[-120.202402,39.330571],[-120.202476,39.330573],[-120.20255,39.330582]]]}},{"type":"Feature","properties":{"k":"green"},"geometry":{"type":"Polygon","coordinates":[[[-120.201254,39.33109],[-120.201176,39.331146],[-120.201117,39.331152],[-120.201091,39.331147],[-120.201035,39.331121],[-120.200969,39.331077],[-120.200961,39.33105],[-120.200965,39.331015],[-120.200976,39.330996],[-120.201014,39.330967],[-120.201091,39.330944],[-120.20127,39.330975],[-120.201299,39.331001],[-120.201305,39.331033],[-120.201279,39.331074],[-120.201254,39.33109]]]}},{"type":"Feature","properties":{"k":"fairway"},"geometry":{"type":"Polygon","coordinates":[[[-120.205356,39.331593],[-120.20522,39.331566],[-120.20514,39.331541],[-120.205063,39.3315],[-120.205012,39.331465],[-120.204828,39.331307],[-120.204776,39.331268],[-120.204725,39.331243],[-120.204675,39.331232],[-120.204635,39.331238],[-120.204599,39.331253],[-120.204571,39.331283],[-120.204565,39.331348],[-120.204605,39.331429],[-120.204668,39.33152],[-120.204702,39.331557],[-120.204883,39.331687],[-120.204919,39.331722],[-120.204974,39.331755],[-120.205069,39.331776],[-120.205191,39.33179],[-120.205395,39.331841],[-120.205495,39.331848],[-120.205538,39.331828],[-120.205566,39.331799],[-120.205583,39.331761],[-120.205571,39.331715],[-120.20555,39.331676],[-120.205485,39.331626],[-120.205432,39.331606],[-120.205356,39.331593]]]}},{"type":"Feature","properties":{"k":"bunker"},"geometry":{"type":"Polygon","coordinates":[[[-120.207454,39.331772],[-120.207481,39.33179],[-120.207484,39.331821],[-120.20742,39.331851],[-120.207413,39.331876],[-120.207391,39.331898],[-120.207358,39.331902],[-120.207346,39.331896],[-120.207333,39.331873],[-120.207286,39.331866],[-120.207279,39.331842],[-120.2073,39.331812],[-120.207328,39.331809],[-120.207362,39.331825],[-120.207376,39.331823],[-120.207395,39.331779],[-120.207411,39.331769],[-120.207454,39.331772]]]}},{"type":"Feature","properties":{"k":"green"},"geometry":{"type":"Polygon","coordinates":[[[-120.207739,39.331927],[-120.207742,39.332057],[-120.207721,39.332099],[-120.207701,39.332115],[-120.207675,39.332121],[-120.207625,39.332107],[-120.207556,39.332045],[-120.207439,39.332016],[-120.207406,39.331993],[-120.207396,39.331975],[-120.207397,39.331953],[-120.207428,39.331916],[-120.207503,39.331871],[-120.207565,39.331853],[-120.207632,39.331851],[-120.20769,39.331864],[-120.207727,39.331886],[-120.207739,39.331927]]]}},{"type":"Feature","properties":{"k":"green"},"geometry":{"type":"Polygon","coordinates":[[[-120.205823,39.332578],[-120.205708,39.332546],[-120.205667,39.332507],[-120.205642,39.332465],[-120.205621,39.33245],[-120.205598,39.332446],[-120.205544,39.332457],[-120.205509,39.332491],[-120.2055,39.332518],[-120.205508,39.332557],[-120.20559,39.332597],[-120.20563,39.33265],[-120.20567,39.332673],[-120.205792,39.332695],[-120.205849,39.332695],[-120.20587,39.332689],[-120.205888,39.332673],[-120.205893,39.332634],[-120.205865,39.332597],[-120.205823,39.332578]]]}},{"type":"Feature","properties":{"k":"green"},"geometry":{"type":"Polygon","coordinates":[[[-120.210221,39.332998],[-120.210209,39.333036],[-120.210171,39.333059],[-120.210059,39.333069],[-120.210014,39.333088],[-120.209947,39.333084],[-120.20991,39.333061],[-120.209901,39.333044],[-120.209888,39.33297],[-120.209854,39.332897],[-120.209859,39.332861],[-120.209871,39.332845],[-120.209931,39.332833],[-120.210112,39.33285],[-120.210153,39.332861],[-120.210202,39.332911],[-120.210221,39.332998]]]}},{"type":"Feature","properties":{"k":"bunker"},"geometry":{"type":"Polygon","coordinates":[[[-120.210076,39.33315],[-120.209984,39.333121],[-120.20993,39.333133],[-120.209898,39.333125],[-120.20989,39.333114],[-120.20989,39.333078],[-120.209862,39.333038],[-120.209816,39.333035],[-120.209789,39.333056],[-120.209787,39.3331],[-120.209804,39.333118],[-120.209835,39.333126],[-120.209846,39.333135],[-120.209852,39.333163],[-120.209872,39.333183],[-120.209906,39.333182],[-120.209954,39.333162],[-120.209969,39.333163],[-120.209985,39.333166],[-120.210054,39.333219],[-120.210091,39.333218],[-120.210116,39.333195],[-120.210116,39.333169],[-120.210093,39.333152],[-120.210076,39.33315]]]}},{"type":"Feature","properties":{"k":"fairway"},"geometry":{"type":"Polygon","coordinates":[[[-120.20894,39.333492],[-120.209135,39.333456],[-120.2094,39.333429],[-120.209435,39.333448],[-120.209455,39.333486],[-120.209446,39.33353],[-120.209405,39.333563],[-120.209209,39.333602],[-120.208926,39.333676],[-120.208648,39.333768],[-120.208425,39.333816],[-120.208335,39.333821],[-120.208016,39.333778],[-120.20794,39.333774],[-120.207586,39.333771],[-120.207259,39.333779],[-120.207195,39.333772],[-120.207133,39.333757],[-120.207078,39.333731],[-120.207054,39.333697],[-120.207036,39.333652],[-120.207032,39.333604],[-120.207043,39.333551],[-120.207073,39.333516],[-120.20714,39.333498],[-120.20733,39.333486],[-120.207627,39.3335],[-120.207926,39.333523],[-120.208108,39.333527],[-120.208261,39.333523],[-120.208501,39.333498],[-120.208766,39.333507],[-120.20894,39.333492]]]}},{"type":"Feature","properties":{"k":"green"},"geometry":{"type":"Polygon","coordinates":[[[-120.206785,39.333479],[-120.20683,39.333488],[-120.206845,39.333499],[-120.206854,39.333537],[-120.206823,39.333558],[-120.206684,39.33361],[-120.206628,39.333617],[-120.20658,39.333612],[-120.206497,39.333583],[-120.206437,39.333535],[-120.20642,39.333486],[-120.206443,39.333311],[-120.206464,39.333298],[-120.206496,39.333294],[-120.206547,39.333305],[-120.206579,39.333339],[-120.206596,39.333382],[-120.206641,39.33344],[-120.20671,39.333474],[-120.206785,39.333479]]]}},{"type":"Feature","properties":{"k":"green"},"geometry":{"type":"Polygon","coordinates":[[[-120.201858,39.333939],[-120.201722,39.333943],[-120.201637,39.33392],[-120.201577,39.333911],[-120.20153,39.333922],[-120.201516,39.333934],[-120.201505,39.333946],[-120.201498,39.333982],[-120.201526,39.334023],[-120.201642,39.334114],[-120.201681,39.334128],[-120.201722,39.334131],[-120.201802,39.334102],[-120.201867,39.334066],[-120.201905,39.334035],[-120.201907,39.333976],[-120.201897,39.333959],[-120.201858,39.333939]]]}},{"type":"Feature","properties":{"k":"fairway"},"geometry":{"type":"Polygon","coordinates":[[[-120.201692,39.33329],[-120.201425,39.333174],[-120.201031,39.333031],[-120.200828,39.33291],[-120.200478,39.332587],[-120.200365,39.332515],[-120.200191,39.332422],[-120.200097,39.33234],[-120.200001,39.332241],[-120.199938,39.332163],[-120.199877,39.332114],[-120.199808,39.33209],[-120.199723,39.332078],[-120.199662,39.332093],[-120.199619,39.332123],[-120.199595,39.332177],[-120.199607,39.332233],[-120.199634,39.332295],[-120.199674,39.332345],[-120.199739,39.332409],[-120.199991,39.332614],[-120.200091,39.332707],[-120.200209,39.332773],[-120.200276,39.332828],[-120.200369,39.332921],[-120.200481,39.333079],[-120.200534,39.333129],[-120.200603,39.333178],[-120.200774,39.333264],[-120.20106,39.333382],[-120.20127,39.33344],[-120.201355,39.333472],[-120.201593,39.33353],[-120.201658,39.333533],[-120.201735,39.333521],[-120.201798,39.333494],[-120.201835,39.333451],[-120.201841,39.333396],[-120.201813,39.333356],[-120.201766,39.333324],[-120.201692,39.33329]]]}},{"type":"Feature","properties":{"k":"bunker"},"geometry":{"type":"Polygon","coordinates":[[[-120.199701,39.331926],[-120.199679,39.331944],[-120.199681,39.331957],[-120.199722,39.331978],[-120.199725,39.331989],[-120.199717,39.332001],[-120.199678,39.332008],[-120.199658,39.332007],[-120.199632,39.331992],[-120.199617,39.331946],[-120.199565,39.331932],[-120.199558,39.331922],[-120.199576,39.331899],[-120.199639,39.331906],[-120.19965,39.331898],[-120.199659,39.331872],[-120.199677,39.331868],[-120.199693,39.331872],[-120.199713,39.331892],[-120.199711,39.331919],[-120.199701,39.331926]]]}},{"type":"Feature","properties":{"k":"bunker"},"geometry":{"type":"Polygon","coordinates":[[[-120.199162,39.331814],[-120.199177,39.331839],[-120.199178,39.331859],[-120.199159,39.331874],[-120.199142,39.331875],[-120.199129,39.331846],[-120.199111,39.331835],[-120.199055,39.331852],[-120.199038,39.331852],[-120.199029,39.331842],[-120.199041,39.331796],[-120.199062,39.331769],[-120.199108,39.331745],[-120.199131,39.331745],[-120.199156,39.33176],[-120.199151,39.331795],[-120.199162,39.331814]]]}},{"type":"Feature","properties":{"k":"bunker"},"geometry":{"type":"Polygon","coordinates":[[[-120.199202,39.33162],[-120.199222,39.331639],[-120.19922,39.331671],[-120.199081,39.331704],[-120.199049,39.331694],[-120.199052,39.331672],[-120.199115,39.331651],[-120.19914,39.331623],[-120.199171,39.331615],[-120.199202,39.33162]]]}},{"type":"Feature","properties":{"k":"green"},"geometry":{"type":"Polygon","coordinates":[[[-120.199453,39.33178],[-120.199526,39.331789],[-120.199554,39.33181],[-120.199558,39.331849],[-120.199536,39.331881],[-120.199489,39.331898],[-120.199416,39.331901],[-120.199277,39.331928],[-120.199258,39.331929],[-120.199221,39.331915],[-120.199204,39.331884],[-120.199195,39.331798],[-120.199203,39.331764],[-120.199236,39.331734],[-120.19928,39.331718],[-120.199323,39.331717],[-120.199345,39.331723],[-120.199401,39.331764],[-120.199453,39.33178]]]}},{"type":"Feature","properties":{"k":"green"},"geometry":{"type":"Polygon","coordinates":[[[-120.198532,39.334127],[-120.198488,39.334167],[-120.198435,39.334189],[-120.198298,39.334195],[-120.198171,39.334227],[-120.198093,39.334226],[-120.198065,39.334217],[-120.198025,39.334192],[-120.198013,39.33416],[-120.198018,39.33413],[-120.198058,39.334105],[-120.198182,39.334108],[-120.198268,39.334083],[-120.198341,39.334052],[-120.198397,39.334042],[-120.198457,39.33404],[-120.198523,39.334066],[-120.198536,39.334079],[-120.198532,39.334127]]]}},{"type":"Feature","properties":{"k":"bunker"},"geometry":{"type":"Polygon","coordinates":[[[-120.198276,39.33402],[-120.198269,39.334055],[-120.198246,39.334068],[-120.198187,39.334067],[-120.198144,39.334089],[-120.198112,39.334077],[-120.198109,39.334041],[-120.198132,39.334015],[-120.198159,39.334008],[-120.198237,39.334006],[-120.198276,39.33402]]]}},{"type":"Feature","properties":{"k":"bunker"},"geometry":{"type":"Polygon","coordinates":[[[-120.198389,39.334239],[-120.198318,39.334232],[-120.198253,39.33424],[-120.198212,39.334268],[-120.198213,39.334303],[-120.198231,39.334317],[-120.198261,39.334317],[-120.198279,39.33431],[-120.198299,39.334283],[-120.198313,39.334277],[-120.198342,39.33428],[-120.198363,39.334295],[-120.198385,39.334296],[-120.198405,39.334282],[-120.198411,39.334263],[-120.198404,39.334247],[-120.198389,39.334239]]]}},{"type":"Feature","properties":{"k":"fairway"},"geometry":{"type":"Polygon","coordinates":[[[-120.199989,39.334709],[-120.200179,39.334794],[-120.200216,39.334818],[-120.20023,39.334845],[-120.20023,39.334874],[-120.200216,39.334901],[-120.200191,39.334917],[-120.200154,39.334925],[-120.200112,39.334924],[-120.199979,39.334885],[-120.199809,39.334822],[-120.199607,39.334783],[-120.199509,39.334749],[-120.199398,39.334694],[-120.199364,39.334664],[-120.199343,39.33463],[-120.199338,39.33457],[-120.199355,39.334539],[-120.199385,39.334513],[-120.199426,39.334497],[-120.199479,39.334495],[-120.199576,39.334505],[-120.199664,39.334532],[-120.19987,39.334658],[-120.199989,39.334709]]]}},{"type":"Feature","properties":{"k":"green"},"geometry":{"type":"Polygon","coordinates":[[[-120.201084,39.334591],[-120.201135,39.334621],[-120.201157,39.334659],[-120.201144,39.334689],[-120.201111,39.334702],[-120.20109,39.334703],[-120.200977,39.334666],[-120.200873,39.334648],[-120.20083,39.334632],[-120.200699,39.33453],[-120.200684,39.334514],[-120.20068,39.334481],[-120.200702,39.334453],[-120.200742,39.334433],[-120.200793,39.33444],[-120.200907,39.334538],[-120.201084,39.334591]]]}},{"type":"Feature","properties":{"k":"fairway"},"geometry":{"type":"Polygon","coordinates":[[[-120.207548,39.335343],[-120.207137,39.335217],[-120.206592,39.334983],[-120.20635,39.334894],[-120.206216,39.334861],[-120.206102,39.334842],[-120.205807,39.334821],[-120.205533,39.334815],[-120.205305,39.334829],[-120.205092,39.334864],[-120.205033,39.334905],[-120.205012,39.334968],[-120.205023,39.335034],[-120.205067,39.335081],[-120.20513,39.33512],[-120.205197,39.335138],[-120.205409,39.335145],[-120.205767,39.33513],[-120.206039,39.335141],[-120.206295,39.335169],[-120.206555,39.335222],[-120.206795,39.335321],[-120.206928,39.335391],[-120.207021,39.33543],[-120.207094,39.335453],[-120.207332,39.335557],[-120.207399,39.335576],[-120.207464,39.335579],[-120.207554,39.335567],[-120.207627,39.335548],[-120.207678,39.335524],[-120.20771,39.335488],[-120.207714,39.335428],[-120.207678,39.335383],[-120.207617,39.335359],[-120.207548,39.335343]]]}},{"type":"Feature","properties":{"k":"bunker"},"geometry":{"type":"Polygon","coordinates":[[[-120.209106,39.336032],[-120.209107,39.336007],[-120.209095,39.335985],[-120.209035,39.335973],[-120.209009,39.335976],[-120.208997,39.335991],[-120.208975,39.336001],[-120.208919,39.335997],[-120.2089,39.336006],[-120.208895,39.33605],[-120.208909,39.336071],[-120.208929,39.336085],[-120.209004,39.3361],[-120.209072,39.336125],[-120.209134,39.336123],[-120.209161,39.336107],[-120.209166,39.33609],[-120.209142,39.336067],[-120.209102,39.336063],[-120.209095,39.336049],[-120.209106,39.336032]]]}},{"type":"Feature","properties":{"k":"bunker"},"geometry":{"type":"Polygon","coordinates":[[[-120.20911,39.335689],[-120.209064,39.335722],[-120.209026,39.335733],[-120.209017,39.335758],[-120.209023,39.335777],[-120.209052,39.335786],[-120.209091,39.33577],[-120.209107,39.335771],[-120.209166,39.335803],[-120.209217,39.335792],[-120.209222,39.335763],[-120.209207,39.335742],[-120.209158,39.335733],[-120.209145,39.335726],[-120.209135,39.335696],[-120.20911,39.335689]]]}},{"type":"Feature","properties":{"k":"green"},"geometry":{"type":"Polygon","coordinates":[[[-120.209127,39.335827],[-120.209212,39.335828],[-120.209298,39.335813],[-120.209357,39.335822],[-120.209381,39.335837],[-120.209406,39.335871],[-120.209407,39.335896],[-120.209398,39.33601],[-120.209377,39.336041],[-120.209356,39.336049],[-120.209289,39.336053],[-120.209238,39.33605],[-120.209201,39.33604],[-120.209132,39.335973],[-120.20908,39.33594],[-120.209052,39.335895],[-120.20906,39.335862],[-120.209087,39.335839],[-120.209127,39.335827]]]}},{"type":"Feature","properties":{"k":"bunker"},"geometry":{"type":"Polygon","coordinates":[[[-120.211687,39.334999],[-120.211678,39.334992],[-120.211651,39.334992],[-120.211604,39.335027],[-120.211592,39.335029],[-120.211549,39.335],[-120.211511,39.335004],[-120.211499,39.335012],[-120.211499,39.335039],[-120.211514,39.335058],[-120.211552,39.335076],[-120.211586,39.335117],[-120.211609,39.33512],[-120.21163,39.335108],[-120.211649,39.33507],[-120.21169,39.335057],[-120.211704,39.335043],[-120.211706,39.335014],[-120.211687,39.334999]]]}},{"type":"Feature","properties":{"k":"green"},"geometry":{"type":"Polygon","coordinates":[[[-120.211645,39.334838],[-120.211668,39.334866],[-120.211681,39.3349],[-120.211679,39.334933],[-120.211657,39.334956],[-120.211623,39.334969],[-120.211533,39.334971],[-120.211426,39.335015],[-120.211387,39.335011],[-120.211362,39.334991],[-120.211313,39.334855],[-120.211321,39.334829],[-120.211343,39.334811],[-120.211361,39.334804],[-120.211441,39.334804],[-120.211535,39.334786],[-120.211586,39.334796],[-120.211645,39.334838]]]}},{"type":"Feature","properties":{"k":"bunker"},"geometry":{"type":"Polygon","coordinates":[[[-120.207023,39.334643],[-120.207003,39.334612],[-120.20696,39.334614],[-120.20694,39.334628],[-120.206915,39.334675],[-120.206902,39.334678],[-120.206875,39.334665],[-120.206853,39.334665],[-120.206836,39.334681],[-120.206837,39.334699],[-120.206861,39.334716],[-120.206891,39.334718],[-120.206915,39.334737],[-120.206948,39.334736],[-120.20696,39.334729],[-120.206964,39.334693],[-120.207005,39.334687],[-120.20702,39.334676],[-120.207023,39.334643]]]}},{"type":"Feature","properties":{"k":"green"},"geometry":{"type":"Polygon","coordinates":[[[-120.207319,39.334759],[-120.207252,39.334727],[-120.207179,39.334662],[-120.207125,39.334653],[-120.207077,39.334666],[-120.206984,39.334735],[-120.206952,39.334764],[-120.206949,39.334797],[-120.206977,39.334824],[-120.207064,39.33486],[-120.207133,39.334864],[-120.207225,39.334851],[-120.207325,39.334865],[-120.207362,39.334852],[-120.207382,39.334823],[-120.207382,39.334807],[-120.20736,39.334778],[-120.207319,39.334759]]]}},{"type":"Feature","properties":{"k":"fairway"},"geometry":{"type":"Polygon","coordinates":[[[-120.210099,39.333869],[-120.209873,39.333954],[-120.209707,39.334005],[-120.20954,39.33405],[-120.209348,39.334092],[-120.209291,39.334114],[-120.209264,39.334143],[-120.209252,39.33418],[-120.209249,39.334217],[-120.20926,39.334255],[-120.209286,39.334285],[-120.209335,39.334298],[-120.209395,39.334302],[-120.209685,39.334257],[-120.210073,39.334139],[-120.21031,39.334048],[-120.210349,39.334015],[-120.210357,39.33398],[-120.210349,39.333925],[-120.210326,39.333881],[-120.210297,39.333857],[-120.210249,39.333842],[-120.21017,39.333847],[-120.210099,39.333869]]]}},{"type":"Feature","properties":{"k":"bunker"},"geometry":{"type":"Polygon","coordinates":[[[-120.210415,39.333665],[-120.210478,39.333681],[-120.21051,39.333658],[-120.210528,39.333657],[-120.210567,39.333687],[-120.210628,39.3337],[-120.210632,39.333735],[-120.210596,39.333751],[-120.210578,39.33375],[-120.210546,39.333731],[-120.210518,39.333731],[-120.210496,39.333774],[-120.21044,39.333776],[-120.21039,39.333748],[-120.210363,39.333717],[-120.210371,39.333683],[-120.210394,39.333667],[-120.210415,39.333665]]]}},{"type":"Feature","properties":{"k":"bunker"},"geometry":{"type":"Polygon","coordinates":[[[-120.210398,39.334145],[-120.210375,39.334131],[-120.210339,39.334125],[-120.210306,39.334131],[-120.210272,39.334164],[-120.210253,39.334171],[-120.210165,39.33416],[-120.210118,39.334181],[-120.210105,39.334212],[-120.21013,39.334228],[-120.210187,39.33421],[-120.210245,39.334227],[-120.210273,39.334217],[-120.210301,39.334189],[-120.210321,39.334188],[-120.210369,39.334215],[-120.210401,39.334204],[-120.210409,39.334192],[-120.210412,39.334167],[-120.210398,39.334145]]]}},{"type":"Feature","properties":{"k":"bunker"},"geometry":{"type":"Polygon","coordinates":[[[-120.210945,39.333977],[-120.210925,39.333992],[-120.210876,39.334003],[-120.210855,39.333996],[-120.210828,39.333953],[-120.210794,39.333937],[-120.210752,39.333945],[-120.210721,39.333983],[-120.210726,39.33401],[-120.21076,39.334024],[-120.210788,39.334053],[-120.210817,39.334058],[-120.210857,39.334042],[-120.210902,39.334041],[-120.210947,39.334084],[-120.210977,39.334093],[-120.211012,39.334089],[-120.211036,39.33407],[-120.211039,39.334058],[-120.211022,39.33404],[-120.21099,39.334026],[-120.211004,39.333989],[-120.210976,39.333971],[-120.210945,39.333977]]]}},{"type":"Feature","properties":{"k":"green"},"geometry":{"type":"Polygon","coordinates":[[[-120.211057,39.333846],[-120.211113,39.333848],[-120.211141,39.333859],[-120.211163,39.333878],[-120.211183,39.333929],[-120.21118,39.333954],[-120.211147,39.333988],[-120.211094,39.33399],[-120.210977,39.333947],[-120.2109,39.333948],[-120.210809,39.333923],[-120.210694,39.33391],[-120.210674,39.333897],[-120.210656,39.333862],[-120.210658,39.333843],[-120.210673,39.333824],[-120.21072,39.333799],[-120.210758,39.333801],[-120.210886,39.333839],[-120.211057,39.333846]]]}}]}