{"type":"FeatureCollection","features":[{"type":"Feature","properties":{"k":"hole","ref":"1","par":4,"hcp":11},"geometry":{"type":"LineString","coordinates":[[-121.701928,37.194682],[-121.700202,37.193605],[-121.698442,37.192471]]}},{"type":"Feature","properties":{"k":"hole","ref":"2","par":3,"hcp":9},"geometry":{"type":"LineString","coordinates":[[-121.697439,37.194894],[-121.698912,37.195968]]}},{"type":"Feature","properties":{"k":"hole","ref":"3","par":5,"hcp":5},"geometry":{"type":"LineString","coordinates":[[-121.698062,37.196581],[-121.69927,37.197564],[-121.702008,37.199843]]}},{"type":"Feature","properties":{"k":"hole","ref":"4","par":5,"hcp":17},"geometry":{"type":"LineString","coordinates":[[-121.701568,37.199975],[-121.699774,37.198784],[-121.698474,37.19773],[-121.69794,37.196998]]}},{"type":"Feature","properties":{"k":"hole","ref":"5","par":3,"hcp":13},"geometry":{"type":"LineString","coordinates":[[-121.696923,37.196497],[-121.697696,37.197698]]}},{"type":"Feature","properties":{"k":"hole","ref":"6","par":4,"hcp":1},"geometry":{"type":"LineString","coordinates":[[-121.696985,37.197263],[-121.695003,37.195924],[-121.693228,37.195377]]}},{"type":"Feature","properties":{"k":"hole","ref":"7","par":3,"hcp":15},"geometry":{"type":"LineString","coordinates":[[-121.692816,37.195859],[-121.692024,37.1946]]}},{"type":"Feature","properties":{"k":"hole","ref":"8","par":4,"hcp":7},"geometry":{"type":"LineString","coordinates":[[-121.692588,37.194835],[-121.695272,37.195118],[-121.69647,37.194908]]}},{"type":"Feature","properties":{"k":"hole","ref":"9","par":4,"hcp":3},"geometry":{"type":"LineString","coordinates":[[-121.698301,37.192924],[-121.69988,37.194111],[-121.701539,37.195086]]}},{"type":"Feature","properties":{"k":"hole","ref":"10","par":4,"hcp":4},"geometry":{"type":"LineString","coordinates":[[-121.702159,37.195209],[-121.704243,37.196569],[-121.70578,37.197017]]}},{"type":"Feature","properties":{"k":"hole","ref":"11","par":4,"hcp":18},"geometry":{"type":"LineString","coordinates":[[-121.706168,37.197158],[-121.707307,37.198558],[-121.707415,37.199489]]}},{"type":"Feature","properties":{"k":"hole","ref":"12","par":5,"hcp":16},"geometry":{"type":"LineString","coordinates":[[-121.706781,37.199057],[-121.704958,37.197865],[-121.703212,37.196608],[-121.702271,37.195898]]}},{"type":"Feature","properties":{"k":"hole","ref":"13","par":4,"hcp":6},"geometry":{"type":"LineString","coordinates":[[-121.701054,37.193272],[-121.699222,37.191421],[-121.698047,37.190538]]}},{"type":"Feature","properties":{"k":"hole","ref":"14","par":3,"hcp":14},"geometry":{"type":"LineString","coordinates":[[-121.697423,37.190866],[-121.698758,37.192068]]}},{"type":"Feature","properties":{"k":"hole","ref":"15","par":4,"hcp":10},"geometry":{"type":"LineString","coordinates":[[-121.69773,37.19276],[-121.696469,37.190984],[-121.697095,37.189571]]}},{"type":"Feature","properties":{"k":"hole","ref":"16","par":4,"hcp":2},"geometry":{"type":"LineString","coordinates":[[-121.697384,37.188984],[-121.700098,37.190878],[-121.700908,37.191034]]}},{"type":"Feature","properties":{"k":"hole","ref":"17","par":5,"hcp":8},"geometry":{"type":"LineString","coordinates":[[-121.699673,37.189689],[-121.701647,37.190261],[-121.703634,37.191259],[-121.704504,37.191067]]}},{"type":"Feature","properties":{"k":"hole","ref":"18","par":4,"hcp":12},"geometry":{"type":"LineString","coordinates":[[-121.705212,37.191573],[-121.703257,37.192345],[-121.70147,37.19176]]}},{"type":"Feature","properties":{"k":"path"},"geometry":{"type":"LineString","coordinates":[[-121.697853,37.192836],[-121.69768,37.192922],[-121.697622,37.192968],[-121.696731,37.19379],[-121.696483,37.193981],[-121.696438,37.194037],[-121.696406,37.194107]]}},{"type":"Feature","properties":{"k":"water"},"geometry":{"type":"Polygon","coordinates":[[[-121.70251,37.191992],[-121.702501,37.192005],[-121.702458,37.192026],[-121.702393,37.192048],[-121.702299,37.192066],[-121.702194,37.192068],[-121.702048,37.192096],[-121.701894,37.192158],[-121.701874,37.192161],[-121.701838,37.192135],[-121.701837,37.192122],[-121.701867,37.192065],[-121.701871,37.191993],[-121.701831,37.191891],[-121.701737,37.191771],[-121.701636,37.191696],[-121.701559,37.191575],[-121.701537,37.191524],[-121.701533,37.191477],[-121.701542,37.191421],[-121.701566,37.191357],[-121.701606,37.191296],[-121.701642,37.191265],[-121.701709,37.191228],[-121.701746,37.191227],[-121.701797,37.191232],[-121.701895,37.19126],[-121.70198,37.191296],[-121.702142,37.1914],[-121.702316,37.191478],[-121.702516,37.19152],[-121.702561,37.191537],[-121.702611,37.191596],[-121.702618,37.191626],[-121.70251,37.191992]]]}},{"type":"Feature","properties":{"k":"water"},"geometry":{"type":"Polygon","coordinates":[[[-121.702876,37.191687],[-121.702796,37.191708],[-121.702741,37.19174],[-121.702696,37.191785],[-121.702629,37.191968],[-121.70263,37.19199],[-121.702653,37.192012],[-121.702747,37.192069],[-121.702856,37.192107],[-121.702911,37.192111],[-121.703176,37.192067],[-121.703538,37.192052],[-121.703633,37.192038],[-121.703647,37.192028],[-121.703681,37.191876],[-121.703672,37.191857],[-121.703579,37.191812],[-121.703317,37.191715],[-121.70321,37.191688],[-121.703123,37.191673],[-121.703039,37.191668],[-121.702876,37.191687]]]}},{"type":"Feature","properties":{"k":"water"},"geometry":{"type":"Polygon","coordinates":[[[-121.703944,37.192066],[-121.704004,37.192067],[-121.704112,37.192037],[-121.70425,37.191965],[-121.704618,37.191801],[-121.704783,37.191698],[-121.705001,37.191592],[-121.705145,37.191459],[-121.705197,37.191391],[-121.70528,37.191154],[-121.705277,37.191125],[-121.705248,37.191087],[-121.705222,37.191069],[-121.705155,37.191056],[-121.705075,37.191079],[-121.704991,37.19113],[-121.704926,37.191193],[-121.704801,37.191336],[-121.704697,37.191419],[-121.704632,37.191453],[-121.704396,37.191544],[-121.704133,37.19167],[-121.704012,37.191739],[-121.703881,37.191857],[-121.703835,37.191872],[-121.703777,37.191876],[-121.70377,37.191886],[-121.70375,37.192031],[-121.703757,37.192041],[-121.703793,37.192054],[-121.703944,37.192066]]]}},{"type":"Feature","properties":{"k":"water"},"geometry":{"type":"Polygon","coordinates":[[[-121.704218,37.191137],[-121.704279,37.191213],[-121.704393,37.1913],[-121.704413,37.191338],[-121.704393,37.191385],[-121.704361,37.191416],[-121.704277,37.191459],[-121.704245,37.191464],[-121.704172,37.191444],[-121.704134,37.191415],[-121.704014,37.191292],[-121.703922,37.191218],[-121.703768,37.191128],[-121.703698,37.191062],[-121.703673,37.191008],[-121.703638,37.190861],[-121.703592,37.190796],[-121.703537,37.190755],[-121.703542,37.190734],[-121.703744,37.190632],[-121.7038,37.190612],[-121.703879,37.190604],[-121.703956,37.190613],[-121.704182,37.190682],[-121.704347,37.190695],[-121.704461,37.190693],[-121.704558,37.190702],[-121.704647,37.190721],[-121.704687,37.190736],[-121.704724,37.190762],[-121.704763,37.190815],[-121.704781,37.190869],[-121.704777,37.190916],[-121.704757,37.190934],[-121.704721,37.190937],[-121.704645,37.190906],[-121.704563,37.190894],[-121.70443,37.190924],[-121.704289,37.190945],[-121.704252,37.190962],[-121.704201,37.191016],[-121.704198,37.191089],[-121.704218,37.191137]]]}},{"type":"Feature","properties":{"k":"path"},"geometry":{"type":"LineString","coordinates":[[-121.706502,37.198335],[-121.706424,37.198318],[-121.706338,37.198311],[-121.706263,37.198314],[-121.706208,37.198326],[-121.706117,37.198379],[-121.706003,37.19847],[-121.705936,37.198499],[-121.705864,37.198512],[-121.70575,37.198507],[-121.705588,37.198475],[-121.705377,37.198416],[-121.705215,37.198359],[-121.705033,37.198283],[-121.704933,37.198225],[-121.704861,37.198173],[-121.70461,37.197957],[-121.704393,37.197784],[-121.704217,37.197617],[-121.704091,37.19753],[-121.703854,37.197398],[-121.703616,37.19732],[-121.703411,37.197195]]}},{"type":"Feature","properties":{"k":"path"},"geometry":{"type":"LineString","coordinates":[[-121.706492,37.198331],[-121.706433,37.198284],[-121.706406,37.198245],[-121.706389,37.198193],[-121.706387,37.198135],[-121.70643,37.197918],[-121.706457,37.197607],[-121.706528,37.197443],[-121.706533,37.197374],[-121.706515,37.197301],[-121.706476,37.197232],[-121.706357,37.19711],[-121.70625,37.197055],[-121.706143,37.197021],[-121.706054,37.196979],[-121.705952,37.196904],[-121.705848,37.196784],[-121.705793,37.196751],[-121.70567,37.196718],[-121.705345,37.196669],[-121.705009,37.196588],[-121.704949,37.196566],[-121.704847,37.1965],[-121.704732,37.196392],[-121.704481,37.196268],[-121.704262,37.196105],[-121.704216,37.196079],[-121.703903,37.195947],[-121.703718,37.195835],[-121.703619,37.195786],[-121.703447,37.195724],[-121.703172,37.195605],[-121.702751,37.195446],[-121.702471,37.195327],[-121.70242,37.195292],[-121.702298,37.195152],[-121.702108,37.194973]]}},{"type":"Feature","properties":{"k":"path"},"geometry":{"type":"LineString","coordinates":[[-121.698038,37.191581],[-121.698119,37.191486],[-121.698153,37.191426],[-121.698153,37.191377],[-121.698144,37.191356],[-121.698092,37.191283],[-121.697941,37.191158],[-121.697741,37.190967],[-121.697696,37.190908],[-121.69767,37.190856],[-121.697643,37.190764],[-121.697644,37.190726],[-121.697656,37.190689],[-121.697707,37.190604],[-121.697712,37.19058],[-121.697708,37.190556],[-121.697662,37.190461],[-121.697651,37.190418],[-121.697666,37.190345],[-121.697689,37.190308],[-121.697728,37.190271],[-121.69778,37.190238],[-121.697839,37.19021],[-121.697966,37.190188],[-121.69809,37.190198],[-121.698158,37.190218],[-121.698233,37.190249],[-121.698304,37.190292],[-121.698356,37.19034],[-121.698395,37.190393],[-121.698476,37.190634],[-121.698616,37.190791],[-121.69872,37.190872],[-121.698778,37.1909],[-121.698904,37.190936],[-121.699275,37.190979],[-121.699416,37.191023],[-121.699473,37.191048],[-121.699528,37.191083],[-121.69959,37.191133],[-121.699714,37.191256],[-121.6999,37.191371],[-121.700078,37.191572],[-121.700126,37.191642],[-121.700215,37.191798],[-121.700321,37.191936],[-121.700466,37.192082],[-121.700645,37.192236],[-121.700761,37.192349],[-121.700816,37.192442],[-121.700838,37.192519],[-121.700886,37.192587]]}},{"type":"Feature","properties":{"k":"path"},"geometry":{"type":"LineString","coordinates":[[-121.702137,37.194868],[-121.702127,37.19479],[-121.702099,37.194691],[-121.701973,37.194494],[-121.701907,37.194333],[-121.701855,37.194266],[-121.701766,37.194215],[-121.701439,37.194065],[-121.701225,37.193949],[-121.701154,37.193904],[-121.700937,37.193729],[-121.700639,37.193573],[-121.700467,37.193444],[-121.700191,37.193268],[-121.699986,37.193087],[-121.699726,37.192926]]}},{"type":"Feature","properties":{"k":"path"},"geometry":{"type":"LineString","coordinates":[[-121.696384,37.190274],[-121.696436,37.190246],[-121.696456,37.190227],[-121.696478,37.190178],[-121.696478,37.190149],[-121.696355,37.189917],[-121.696336,37.189827],[-121.696339,37.189795],[-121.696352,37.189769],[-121.696788,37.189353],[-121.696874,37.189305],[-121.697096,37.18924],[-121.697168,37.189195],[-121.697187,37.189171],[-121.697196,37.189141],[-121.697199,37.189005],[-121.69722,37.188943],[-121.697244,37.18892],[-121.697277,37.188903],[-121.697359,37.188889],[-121.697451,37.188915],[-121.697686,37.189023],[-121.697769,37.189077],[-121.697843,37.189144],[-121.697893,37.189177],[-121.698104,37.189282],[-121.698207,37.189378],[-121.698265,37.189469],[-121.69828,37.18954],[-121.69821,37.189761],[-121.698195,37.18987],[-121.698202,37.189918],[-121.698222,37.18998],[-121.698292,37.190128],[-121.698324,37.190177],[-121.69836,37.190209],[-121.698474,37.190272],[-121.698703,37.190371],[-121.698962,37.19054],[-121.699029,37.190603],[-121.699052,37.190637],[-121.699086,37.190748],[-121.699107,37.190775],[-121.699134,37.190793],[-121.699203,37.190811],[-121.699406,37.190827],[-121.699539,37.190866],[-121.699877,37.191034],[-121.700147,37.191132],[-121.700214,37.191166],[-121.700454,37.191316],[-121.700593,37.191375],[-121.700693,37.191397],[-121.700783,37.191393],[-121.700917,37.191365],[-121.701138,37.191337],[-121.701193,37.191322],[-121.701291,37.191274],[-121.701369,37.191211],[-121.701418,37.191142],[-121.701453,37.191066],[-121.701514,37.190973],[-121.701561,37.190943],[-121.70188,37.19078],[-121.701948,37.190756],[-121.702067,37.190741],[-121.702125,37.190743],[-121.702271,37.190767],[-121.702347,37.190787],[-121.70259,37.190879],[-121.702637,37.190889],[-121.702751,37.190896],[-121.702775,37.190906],[-121.702878,37.191004],[-121.703165,37.191373],[-121.703324,37.191532],[-121.703463,37.191647],[-121.703522,37.191686],[-121.703576,37.191712],[-121.703683,37.191746],[-121.703781,37.191747],[-121.703877,37.191726],[-121.703986,37.191677],[-121.704268,37.191532],[-121.70453,37.191435],[-121.704603,37.1914],[-121.70473,37.191309],[-121.70481,37.191218],[-121.704896,37.191101],[-121.704939,37.191063],[-121.705032,37.191021],[-121.70513,37.191008],[-121.705219,37.191023],[-121.705266,37.191042],[-121.705365,37.191108],[-121.705437,37.191198],[-121.705455,37.191239],[-121.705464,37.191334],[-121.705456,37.191378],[-121.705403,37.19152],[-121.705345,37.191606],[-121.705302,37.19165],[-121.705137,37.191783],[-121.704948,37.191896],[-121.704858,37.191937],[-121.704709,37.191997],[-121.704459,37.192079],[-121.704335,37.192128],[-121.704213,37.192213],[-121.704009,37.192416],[-121.703885,37.192512],[-121.703779,37.192558],[-121.703544,37.192613],[-121.703276,37.192702],[-121.703174,37.192717],[-121.702894,37.192725],[-121.702704,37.192765],[-121.702597,37.192777],[-121.702495,37.192773],[-121.70223,37.192732],[-121.702061,37.192678],[-121.701932,37.192608],[-121.701694,37.19246],[-121.701511,37.19237],[-121.701475,37.192344],[-121.701433,37.192297]]}},{"type":"Feature","properties":{"k":"path"},"geometry":{"type":"LineString","coordinates":[[-121.701514,37.190973],[-121.701455,37.190916],[-121.701396,37.190812],[-121.701348,37.190755],[-121.701185,37.190654],[-121.70112,37.190588],[-121.701094,37.190538],[-121.701021,37.190346],[-121.700994,37.190304],[-121.700881,37.190183],[-121.700817,37.190077],[-121.700724,37.18997],[-121.700578,37.189857],[-121.70049,37.189814],[-121.700046,37.189637]]}},{"type":"Feature","properties":{"k":"path"},"geometry":{"type":"LineString","coordinates":[[-121.696463,37.194272],[-121.696479,37.194325],[-121.696472,37.194377],[-121.696579,37.194417],[-121.696934,37.194516],[-121.697027,37.194564],[-121.69707,37.194616],[-121.69708,37.194652],[-121.697087,37.194809],[-121.697126,37.194876],[-121.697193,37.194933],[-121.697331,37.195006],[-121.697533,37.195164],[-121.697591,37.195198],[-121.69767,37.19523],[-121.697704,37.195236],[-121.697761,37.195227],[-121.697909,37.195098],[-121.697965,37.195082],[-121.698035,37.195091],[-121.698073,37.195106],[-121.698103,37.195128],[-121.698327,37.195407],[-121.698369,37.195448],[-121.698465,37.195516],[-121.698574,37.195552],[-121.698635,37.195559],[-121.698845,37.195563],[-121.698924,37.195569],[-121.698973,37.195582],[-121.699153,37.195683],[-121.699217,37.195734],[-121.699363,37.195889],[-121.699387,37.195926],[-121.699403,37.195965],[-121.699408,37.196047],[-121.699399,37.196089],[-121.699351,37.19617],[-121.69931,37.196206],[-121.699152,37.19631],[-121.699091,37.196377],[-121.69906,37.196423],[-121.698989,37.19657],[-121.698946,37.196697],[-121.699015,37.196751],[-121.699082,37.196827],[-121.699094,37.196855],[-121.699107,37.197013],[-121.699129,37.197072],[-121.699186,37.197114],[-121.699394,37.197217],[-121.700123,37.197757],[-121.700205,37.19783],[-121.700286,37.197951],[-121.700344,37.198012],[-121.700504,37.198118],[-121.700597,37.198201],[-121.700739,37.198308],[-121.700818,37.198353],[-121.700973,37.198478],[-121.701023,37.198512],[-121.701064,37.198529],[-121.701256,37.198588],[-121.701288,37.198604],[-121.701425,37.198724],[-121.701862,37.199028],[-121.701915,37.199073],[-121.70199,37.19917],[-121.702095,37.199449],[-121.70215,37.199502],[-121.702353,37.19964],[-121.702461,37.199784],[-121.702492,37.199842],[-121.702504,37.199889],[-121.702501,37.19997],[-121.702489,37.200006],[-121.702452,37.200054],[-121.70235,37.200109],[-121.702227,37.200138],[-121.702153,37.200147],[-121.702033,37.200146],[-121.701966,37.200136],[-121.70169,37.200072],[-121.70147,37.200004],[-121.701318,37.199935],[-121.701289,37.199914],[-121.701259,37.199868],[-121.701254,37.199804],[-121.701233,37.199747],[-121.701179,37.199699],[-121.701112,37.199673],[-121.701077,37.199667],[-121.700999,37.199676],[-121.700896,37.1997],[-121.700851,37.1997],[-121.700776,37.199683],[-121.700735,37.199665],[-121.700694,37.199636],[-121.700581,37.199506],[-121.70055,37.19948],[-121.700379,37.199382]]}},{"type":"Feature","properties":{"k":"path"},"geometry":{"type":"LineString","coordinates":[[-121.696663,37.194439],[-121.696753,37.19449],[-121.696781,37.194516],[-121.696807,37.194563],[-121.696805,37.194597],[-121.696794,37.194613],[-121.696782,37.194626],[-121.696745,37.194642],[-121.696695,37.194641],[-121.696667,37.194632],[-121.696621,37.194596],[-121.696611,37.194574],[-121.696607,37.194468],[-121.696579,37.194417]]}},{"type":"Feature","properties":{"k":"path"},"geometry":{"type":"LineString","coordinates":[[-121.696472,37.194377],[-121.6964,37.194496],[-121.696363,37.194529],[-121.696317,37.194553],[-121.696209,37.194574],[-121.69595,37.194595],[-121.695841,37.194635],[-121.695698,37.194722],[-121.695611,37.194757],[-121.695538,37.194763],[-121.695396,37.194756],[-121.695312,37.194762],[-121.695241,37.194782],[-121.695105,37.194859],[-121.695043,37.194884],[-121.694969,37.194897],[-121.694773,37.194912],[-121.694689,37.194927],[-121.694617,37.194957],[-121.69458,37.194985],[-121.694463,37.195111],[-121.694403,37.195149],[-121.694336,37.19517],[-121.694246,37.195177]]}},{"type":"Feature","properties":{"k":"path"},"geometry":{"type":"LineString","coordinates":[[-121.694246,37.195177],[-121.694328,37.195214],[-121.694463,37.195307],[-121.694772,37.195454],[-121.694851,37.195474],[-121.695009,37.195481],[-121.695111,37.195495],[-121.695319,37.19558],[-121.695414,37.195603],[-121.695515,37.19566],[-121.695701,37.195847],[-121.695939,37.196148],[-121.696419,37.196594],[-121.69661,37.19673],[-121.696687,37.196807],[-121.696844,37.196892],[-121.696929,37.196954],[-121.69695,37.196992],[-121.696954,37.197046],[-121.696926,37.197102],[-121.696845,37.197203],[-121.696827,37.197236],[-121.696822,37.197266],[-121.696839,37.197342],[-121.696901,37.19742],[-121.69711,37.197611],[-121.697228,37.197745],[-121.697321,37.197814]]}},{"type":"Feature","properties":{"k":"path"},"geometry":{"type":"LineString","coordinates":[[-121.697172,37.197683],[-121.69716,37.197639],[-121.697172,37.197587],[-121.697304,37.197454],[-121.697326,37.197399],[-121.697303,37.197341],[-121.697214,37.197258],[-121.69719,37.197224],[-121.697174,37.197189],[-121.697175,37.197126],[-121.697211,37.197072],[-121.697323,37.196964],[-121.697335,37.196941],[-121.697341,37.196891],[-121.697315,37.196838],[-121.697108,37.196611],[-121.697098,37.196578],[-121.697104,37.196517],[-121.697123,37.196494],[-121.69715,37.196477],[-121.697185,37.19647],[-121.697249,37.196476],[-121.697282,37.196489],[-121.697343,37.196539],[-121.697374,37.1966]]}},{"type":"Feature","properties":{"k":"stream"},"geometry":{"type":"LineString","coordinates":[[-121.69856,37.189631],[-121.698756,37.1898],[-121.69883,37.189856],[-121.698913,37.189903],[-121.699004,37.189939],[-121.699257,37.190001],[-121.699413,37.190063],[-121.699788,37.190258],[-121.69991,37.190344],[-121.700017,37.190444],[-121.700247,37.190692],[-121.700316,37.190754],[-121.700378,37.190799],[-121.700437,37.190826],[-121.700532,37.190833],[-121.700652,37.190805],[-121.700727,37.190804],[-121.700799,37.190819],[-121.701089,37.190913],[-121.701129,37.190921],[-121.701161,37.190917],[-121.701372,37.190857]]}},{"type":"Feature","properties":{"k":"stream"},"geometry":{"type":"LineString","coordinates":[[-121.700382,37.199342],[-121.700536,37.19919],[-121.700705,37.199054],[-121.700862,37.198954],[-121.700902,37.19894],[-121.701045,37.198927],[-121.701217,37.198846],[-121.701291,37.198772],[-121.701342,37.198693]]}},{"type":"Feature","properties":{"k":"stream"},"geometry":{"type":"LineString","coordinates":[[-121.703372,37.197157],[-121.703462,37.196967],[-121.703502,37.196798],[-121.703582,37.196633],[-121.703525,37.196561],[-121.703514,37.196537],[-121.703507,37.19646],[-121.70349,37.196424],[-121.703466,37.1964],[-121.703401,37.196349],[-121.703324,37.196304],[-121.702832,37.196079],[-121.702773,37.19603],[-121.70268,37.195928],[-121.702622,37.19585],[-121.702586,37.195772],[-121.702565,37.195685],[-121.702562,37.195637],[-121.702584,37.195551],[-121.702664,37.195435]]}},{"type":"Feature","properties":{"k":"stream"},"geometry":{"type":"LineString","coordinates":[[-121.702664,37.195435],[-121.702684,37.195399]]}},{"type":"Feature","properties":{"k":"stream"},"geometry":{"type":"LineString","coordinates":[[-121.702311,37.197773],[-121.703182,37.197271]]}},{"type":"Feature","properties":{"k":"stream"},"geometry":{"type":"LineString","coordinates":[[-121.703182,37.197271],[-121.703344,37.197184]]}},{"type":"Feature","properties":{"k":"stream"},"geometry":{"type":"LineString","coordinates":[[-121.703344,37.197184],[-121.703372,37.197157]]}},{"type":"Feature","properties":{"k":"stream"},"geometry":{"type":"LineString","coordinates":[[-121.701342,37.198693],[-121.701433,37.198633]]}},{"type":"Feature","properties":{"k":"stream"},"geometry":{"type":"LineString","coordinates":[[-121.701433,37.198633],[-121.701619,37.198467],[-121.701679,37.1984],[-121.701742,37.198304],[-121.701788,37.198268],[-121.702003,37.198188],[-121.702016,37.198178],[-121.702047,37.198127],[-121.702097,37.197995],[-121.702219,37.197826],[-121.702311,37.197773]]}},{"type":"Feature","properties":{"k":"stream"},"geometry":{"type":"LineString","coordinates":[[-121.700275,37.19938],[-121.700382,37.199342]]}},{"type":"Feature","properties":{"k":"bunker"},"geometry":{"type":"Polygon","coordinates":[[[-121.704559,37.196417],[-121.704545,37.196438],[-121.704545,37.19646],[-121.704598,37.196522],[-121.704656,37.19654],[-121.704703,37.196526],[-121.704715,37.196503],[-121.704705,37.19648],[-121.704688,37.19647],[-121.704642,37.196465],[-121.704667,37.196425],[-121.704649,37.196404],[-121.704605,37.196395],[-121.704559,37.196417]]]}},{"type":"Feature","properties":{"k":"bunker"},"geometry":{"type":"Polygon","coordinates":[[[-121.704251,37.196205],[-121.704223,37.196231],[-121.704216,37.196258],[-121.704243,37.196285],[-121.704271,37.19634],[-121.704311,37.196358],[-121.704352,37.196345],[-121.704384,37.196355],[-121.70441,37.196348],[-121.704418,37.196328],[-121.704406,37.196307],[-121.704307,37.196263],[-121.704311,37.196251],[-121.704334,37.19624],[-121.704329,37.196213],[-121.704302,37.196199],[-121.704251,37.196205]]]}},{"type":"Feature","properties":{"k":"bunker"},"geometry":{"type":"Polygon","coordinates":[[[-121.705476,37.197032],[-121.705475,37.197071],[-121.705494,37.197106],[-121.705502,37.197151],[-121.705517,37.19717],[-121.705549,37.197189],[-121.705612,37.197195],[-121.705659,37.197214],[-121.705701,37.197203],[-121.705712,37.197187],[-121.705711,37.197166],[-121.705672,37.197117],[-121.705657,37.197111],[-121.705585,37.197115],[-121.70556,37.197107],[-121.705563,37.197094],[-121.705607,37.197089],[-121.705626,37.197072],[-121.70562,37.197058],[-121.705567,37.197015],[-121.705544,37.197008],[-121.70551,37.197012],[-121.705476,37.197032]]]}},{"type":"Feature","properties":{"k":"bunker"},"geometry":{"type":"Polygon","coordinates":[[[-121.70511,37.197699],[-121.705077,37.197727],[-121.70507,37.197747],[-121.705071,37.197768],[-121.705092,37.1978],[-121.705199,37.197833],[-121.705249,37.197818],[-121.705271,37.197791],[-121.705276,37.197743],[-121.705264,37.197733],[-121.705236,37.197728],[-121.70521,37.197739],[-121.705182,37.197767],[-121.705168,37.197767],[-121.705163,37.197757],[-121.705174,37.197716],[-121.70514,37.197696],[-121.70511,37.197699]]]}},{"type":"Feature","properties":{"k":"path"},"geometry":{"type":"LineString","coordinates":[[-121.701794,37.195347],[-121.701715,37.195395],[-121.70165,37.19542],[-121.701555,37.195429],[-121.701465,37.195409],[-121.701244,37.195331],[-121.700908,37.195246],[-121.700813,37.195202],[-121.700569,37.195043],[-121.700422,37.194961],[-121.7,37.194762],[-121.699818,37.194628],[-121.699488,37.194314],[-121.699387,37.194181],[-121.699334,37.194125],[-121.698956,37.193818],[-121.698827,37.193745],[-121.698789,37.193716],[-121.698682,37.193572]]}},{"type":"Feature","properties":{"k":"path"},"geometry":{"type":"LineString","coordinates":[[-121.696248,37.190339],[-121.696384,37.190274]]}},{"type":"Feature","properties":{"k":"path"},"geometry":{"type":"LineString","coordinates":[[-121.697734,37.192892],[-121.697357,37.192619],[-121.697283,37.192543],[-121.697175,37.192372],[-121.697094,37.192292],[-121.697003,37.192239],[-121.69689,37.192199],[-121.696835,37.192156],[-121.696486,37.191681],[-121.696376,37.191503],[-121.696296,37.191422],[-121.696053,37.191207],[-121.696027,37.191172],[-121.696001,37.19108],[-121.695978,37.190775],[-121.695975,37.190679],[-121.695988,37.190615],[-121.696009,37.190565],[-121.696075,37.190456],[-121.696112,37.190417],[-121.696248,37.190339]]}},{"type":"Feature","properties":{"k":"bunker"},"geometry":{"type":"Polygon","coordinates":[[[-121.698687,37.192459],[-121.698656,37.192505],[-121.698618,37.192502],[-121.698607,37.192486],[-121.698614,37.192462],[-121.698579,37.19245],[-121.698564,37.192434],[-121.698576,37.192396],[-121.698534,37.192389],[-121.698524,37.192381],[-121.698518,37.192359],[-121.698523,37.192343],[-121.698543,37.192338],[-121.698627,37.19235],[-121.698641,37.192376],[-121.698639,37.192408],[-121.698686,37.19243],[-121.698687,37.192459]]]}},{"type":"Feature","properties":{"k":"bunker"},"geometry":{"type":"Polygon","coordinates":[[[-121.698441,37.192598],[-121.698418,37.192613],[-121.698322,37.192605],[-121.69831,37.192593],[-121.698308,37.19256],[-121.698283,37.192538],[-121.69829,37.192511],[-121.698315,37.192503],[-121.698348,37.19251],[-121.698368,37.192528],[-121.698374,37.192556],[-121.69841,37.192556],[-121.698435,37.192564],[-121.698445,37.192582],[-121.698441,37.192598]]]}},{"type":"Feature","properties":{"k":"green"},"geometry":{"type":"Polygon","coordinates":[[[-121.69855,37.192567],[-121.698485,37.19257],[-121.698364,37.192497],[-121.698341,37.192475],[-121.698341,37.192445],[-121.698365,37.192338],[-121.698402,37.192309],[-121.698442,37.192303],[-121.698488,37.192324],[-121.698519,37.192419],[-121.698589,37.192498],[-121.698595,37.192512],[-121.698588,37.192538],[-121.69855,37.192567]]]}},{"type":"Feature","properties":{"k":"tee"},"geometry":{"type":"Polygon","coordinates":[[[-121.701977,37.194721],[-121.701938,37.194732],[-121.701893,37.194712],[-121.701872,37.194673],[-121.701881,37.194645],[-121.701914,37.194634],[-121.70196,37.194649],[-121.701987,37.194693],[-121.701977,37.194721]]]}},{"type":"Feature","properties":{"k":"tee"},"geometry":{"type":"Polygon","coordinates":[[[-121.701804,37.194434],[-121.701787,37.194439],[-121.701745,37.194428],[-121.7017,37.194388],[-121.701786,37.194336],[-121.701821,37.194373],[-121.701827,37.19439],[-121.701819,37.194423],[-121.701804,37.194434]]]}},{"type":"Feature","properties":{"k":"tee"},"geometry":{"type":"Polygon","coordinates":[[[-121.701432,37.194165],[-121.701413,37.194175],[-121.701387,37.194175],[-121.701303,37.194135],[-121.70127,37.194098],[-121.701275,37.194069],[-121.701292,37.19406],[-121.701315,37.19406],[-121.701352,37.194075],[-121.701432,37.194126],[-121.701442,37.19415],[-121.701432,37.194165]]]}},{"type":"Feature","properties":{"k":"tee"},"geometry":{"type":"Polygon","coordinates":[[[-121.701093,37.193975],[-121.701047,37.193972],[-121.701028,37.193959],[-121.701011,37.19393],[-121.701026,37.193905],[-121.701062,37.193901],[-121.701108,37.193927],[-121.701113,37.193958],[-121.701093,37.193975]]]}},{"type":"Feature","properties":{"k":"fairway"},"geometry":{"type":"Polygon","coordinates":[[[-121.700145,37.19374],[-121.699704,37.19343],[-121.699578,37.193316],[-121.699566,37.193294],[-121.699574,37.193242],[-121.699649,37.193149],[-121.699689,37.193121],[-121.699731,37.193105],[-121.699811,37.193094],[-121.699877,37.193117],[-121.700032,37.19325],[-121.70011,37.193339],[-121.700298,37.193494],[-121.700388,37.193549],[-121.700674,37.193699],[-121.700794,37.193801],[-121.700834,37.193851],[-121.700837,37.193914],[-121.700823,37.19395],[-121.7008,37.193983],[-121.700778,37.193999],[-121.70075,37.194011],[-121.700683,37.194011],[-121.700598,37.19397],[-121.700494,37.193881],[-121.700325,37.193835],[-121.700145,37.19374]]]}},{"type":"Feature","properties":{"k":"tee"},"geometry":{"type":"Polygon","coordinates":[[[-121.697461,37.194985],[-121.697439,37.195001],[-121.697424,37.195001],[-121.697396,37.19499],[-121.697386,37.194968],[-121.697399,37.194834],[-121.69742,37.194813],[-121.697437,37.194809],[-121.697478,37.194816],[-121.697504,37.194846],[-121.697471,37.194929],[-121.697461,37.194985]]]}},{"type":"Feature","properties":{"k":"tee"},"geometry":{"type":"Polygon","coordinates":[[[-121.697758,37.195158],[-121.697752,37.195171],[-121.697728,37.195188],[-121.697672,37.195183],[-121.697538,37.195084],[-121.697526,37.195056],[-121.697547,37.19497],[-121.697562,37.194952],[-121.697583,37.19495],[-121.697605,37.194959],[-121.697645,37.195038],[-121.697744,37.19512],[-121.697757,37.195138],[-121.697758,37.195158]]]}},{"type":"Feature","properties":{"k":"tee"},"geometry":{"type":"Polygon","coordinates":[[[-121.698134,37.195394],[-121.698093,37.195417],[-121.698066,37.195415],[-121.69803,37.195394],[-121.698026,37.195359],[-121.698055,37.195329],[-121.698081,37.195318],[-121.698126,37.195321],[-121.698153,37.195349],[-121.698134,37.195394]]]}},{"type":"Feature","properties":{"k":"tee"},"geometry":{"type":"Polygon","coordinates":[[[-121.69786,37.195242],[-121.697955,37.195166],[-121.697991,37.195165],[-121.698056,37.195212],[-121.698052,37.195245],[-121.697952,37.195324],[-121.697914,37.195324],[-121.697865,37.195294],[-121.69785,37.195268],[-121.69786,37.195242]]]}},{"type":"Feature","properties":{"k":"bunker"},"geometry":{"type":"Polygon","coordinates":[[[-121.698758,37.195753],[-121.698732,37.195755],[-121.698722,37.195749],[-121.698707,37.195705],[-121.698693,37.195701],[-121.698682,37.195709],[-121.698676,37.195744],[-121.698639,37.195747],[-121.698612,37.195722],[-121.698618,37.195688],[-121.698653,37.195663],[-121.698736,37.195651],[-121.698767,37.195654],[-121.698789,37.195674],[-121.698772,37.195697],[-121.698778,37.195734],[-121.698758,37.195753]]]}},{"type":"Feature","properties":{"k":"bunker"},"geometry":{"type":"Polygon","coordinates":[[[-121.699046,37.195891],[-121.699006,37.195897],[-121.69899,37.195889],[-121.698971,37.195855],[-121.698919,37.195847],[-121.698907,37.195832],[-121.698919,37.195802],[-121.698946,37.195791],[-121.698992,37.195794],[-121.699011,37.195815],[-121.699043,37.195822],[-121.699057,37.19584],[-121.699098,37.195862],[-121.699104,37.195879],[-121.699093,37.195892],[-121.699075,37.195898],[-121.699046,37.195891]]]}},{"type":"Feature","properties":{"k":"green"},"geometry":{"type":"Polygon","coordinates":[[[-121.698959,37.196135],[-121.698908,37.19612],[-121.698861,37.196036],[-121.69879,37.195959],[-121.698785,37.195923],[-121.698795,37.195889],[-121.698821,37.195862],[-121.698844,37.195851],[-121.69889,37.195855],[-121.698942,37.195896],[-121.699021,37.195941],[-121.699041,37.195964],[-121.699045,37.195991],[-121.699025,37.196091],[-121.698996,37.196126],[-121.698959,37.196135]]]}},{"type":"Feature","properties":{"k":"path"},"geometry":{"type":"LineString","coordinates":[[-121.700336,37.199334],[-121.700292,37.199286],[-121.70024,37.19925],[-121.700169,37.199241],[-121.699935,37.199264],[-121.699821,37.199253],[-121.699701,37.19922],[-121.699636,37.199192],[-121.699576,37.199156],[-121.699518,37.199106],[-121.699346,37.198922],[-121.699179,37.198805],[-121.699091,37.198727],[-121.698857,37.198444],[-121.698579,37.198251],[-121.698468,37.198154],[-121.698358,37.198033],[-121.698164,37.197854],[-121.698105,37.197773],[-121.698078,37.197647],[-121.698062,37.197619],[-121.697766,37.197329],[-121.697661,37.197197],[-121.697414,37.196744],[-121.69739,37.196686],[-121.697374,37.1966],[-121.697389,37.196572],[-121.69744,37.196528],[-121.697524,37.196496],[-121.697685,37.196484],[-121.697845,37.196444],[-121.697888,37.196444],[-121.697969,37.196462],[-121.698081,37.19652],[-121.698201,37.196553],[-121.698285,37.196588],[-121.698527,37.196717],[-121.698593,37.19672],[-121.698792,37.196688],[-121.698946,37.196697]]}},{"type":"Feature","properties":{"k":"path"},"geometry":{"type":"LineString","coordinates":[[-121.700379,37.199382],[-121.700336,37.199334]]}},{"type":"Feature","properties":{"k":"path"},"geometry":{"type":"LineString","coordinates":[[-121.69744,37.196528],[-121.697405,37.196542],[-121.69737,37.196544],[-121.697323,37.196519]]}},{"type":"Feature","properties":{"k":"tee"},"geometry":{"type":"Polygon","coordinates":[[[-121.698099,37.196626],[-121.698062,37.196627],[-121.698027,37.196614],[-121.698007,37.196584],[-121.698022,37.196557],[-121.69805,37.196548],[-121.698069,37.19655],[-121.698123,37.196571],[-121.698134,37.196603],[-121.698123,37.196619],[-121.698099,37.196626]]]}},{"type":"Feature","properties":{"k":"tee"},"geometry":{"type":"Polygon","coordinates":[[[-121.698282,37.196685],[-121.698242,37.19668],[-121.698218,37.196667],[-121.698207,37.196647],[-121.698218,37.196625],[-121.69827,37.196622],[-121.698306,37.19664],[-121.698316,37.19665],[-121.698316,37.196673],[-121.698282,37.196685]]]}},{"type":"Feature","properties":{"k":"tee"},"geometry":{"type":"Polygon","coordinates":[[[-121.698547,37.196813],[-121.698508,37.196814],[-121.698476,37.196801],[-121.698457,37.19678],[-121.698467,37.196754],[-121.698513,37.19675],[-121.698548,37.196764],[-121.698566,37.196789],[-121.69856,37.196805],[-121.698547,37.196813]]]}},{"type":"Feature","properties":{"k":"tee"},"geometry":{"type":"Polygon","coordinates":[[[-121.69888,37.197115],[-121.698859,37.197115],[-121.698825,37.197098],[-121.69881,37.197064],[-121.698824,37.197045],[-121.698853,37.197044],[-121.698888,37.19707],[-121.698896,37.197097],[-121.69888,37.197115]]]}},{"type":"Feature","properties":{"k":"bunker"},"geometry":{"type":"Polygon","coordinates":[[[-121.700104,37.197992],[-121.700039,37.197984],[-121.700012,37.198027],[-121.699973,37.198028],[-121.69995,37.198009],[-121.699915,37.197947],[-121.699915,37.197928],[-121.69994,37.197904],[-121.699974,37.197896],[-121.699998,37.197898],[-121.700032,37.197913],[-121.700096,37.197916],[-121.70013,37.197942],[-121.700136,37.197962],[-121.700122,37.197984],[-121.700104,37.197992]]]}},{"type":"Feature","properties":{"k":"bunker"},"geometry":{"type":"Polygon","coordinates":[[[-121.699981,37.198418],[-121.69994,37.198423],[-121.699918,37.198408],[-121.699912,37.198388],[-121.69992,37.198355],[-121.699893,37.198321],[-121.699907,37.198296],[-121.699947,37.198293],[-121.699988,37.198329],[-121.700004,37.198389],[-121.699981,37.198418]]]}},{"type":"Feature","properties":{"k":"bunker"},"geometry":{"type":"Polygon","coordinates":[[[-121.702247,37.199752],[-121.702217,37.199752],[-121.702172,37.199777],[-121.702118,37.199771],[-121.702056,37.199727],[-121.702056,37.199695],[-121.702076,37.199684],[-121.70221,37.199675],[-121.702249,37.19969],[-121.702269,37.199712],[-121.70227,37.19974],[-121.702247,37.199752]]]}},{"type":"Feature","properties":{"k":"bunker"},"geometry":{"type":"Polygon","coordinates":[[[-121.701504,37.199529],[-121.70153,37.199558],[-121.701524,37.199581],[-121.701501,37.199597],[-121.701458,37.199596],[-121.701434,37.199569],[-121.701399,37.19955],[-121.701378,37.199496],[-121.701385,37.199469],[-121.701423,37.199458],[-121.701471,37.199469],[-121.701497,37.19949],[-121.701504,37.199529]]]}},{"type":"Feature","properties":{"k":"green"},"geometry":{"type":"Polygon","coordinates":[[[-121.702154,37.199929],[-121.702114,37.19993],[-121.701993,37.199908],[-121.70191,37.199874],[-121.701882,37.199857],[-121.701845,37.199819],[-121.701831,37.199782],[-121.701837,37.19975],[-121.701875,37.199724],[-121.701924,37.199725],[-121.702065,37.199789],[-121.702152,37.199796],[-121.702203,37.199813],[-121.702224,37.199841],[-121.70222,37.199885],[-121.702188,37.199915],[-121.702154,37.199929]]]}},{"type":"Feature","properties":{"k":"fairway"},"geometry":{"type":"Polygon","coordinates":[[[-121.699517,37.198063],[-121.699283,37.197839],[-121.699153,37.197735],[-121.699101,37.197673],[-121.699077,37.197597],[-121.699084,37.197528],[-121.699103,37.197475],[-121.699147,37.197425],[-121.699209,37.197398],[-121.699255,37.197392],[-121.69935,37.197404],[-121.699448,37.197439],[-121.699497,37.197464],[-121.699543,37.197499],[-121.699735,37.197729],[-121.699763,37.19778],[-121.6998,37.19791],[-121.699826,37.197953],[-121.69988,37.198013],[-121.69995,37.198059],[-121.699994,37.198077],[-121.700239,37.198145],[-121.700337,37.198211],[-121.700518,37.198393],[-121.700717,37.198543],[-121.700748,37.198573],[-121.700773,37.198623],[-121.700763,37.198669],[-121.700745,37.198693],[-121.700719,37.198715],[-121.700663,37.19874],[-121.700604,37.198748],[-121.700502,37.198736],[-121.700415,37.198698],[-121.700323,37.198642],[-121.70023,37.198562],[-121.700136,37.198468],[-121.700046,37.198338],[-121.699998,37.198286],[-121.699923,37.198251],[-121.69971,37.198207],[-121.699653,37.198172],[-121.699517,37.198063]]]}},{"type":"Feature","properties":{"k":"bunker"},"geometry":{"type":"Polygon","coordinates":[[[-121.698133,37.197091],[-121.698089,37.197084],[-121.698062,37.197051],[-121.698072,37.197024],[-121.698111,37.197017],[-121.698115,37.19701],[-121.698116,37.196996],[-121.698092,37.196986],[-121.698081,37.19697],[-121.698085,37.196947],[-121.698107,37.196935],[-121.698148,37.196944],[-121.698193,37.19698],[-121.698192,37.197001],[-121.698161,37.197038],[-121.698149,37.197082],[-121.698133,37.197091]]]}},{"type":"Feature","properties":{"k":"green"},"geometry":{"type":"Polygon","coordinates":[[[-121.698052,37.197117],[-121.698022,37.197144],[-121.69796,37.197149],[-121.697923,37.197133],[-121.697854,37.197069],[-121.697836,37.197037],[-121.697833,37.197002],[-121.697848,37.196912],[-121.697861,37.196886],[-121.697875,37.196878],[-121.697946,37.196874],[-121.698,37.196893],[-121.698039,37.196922],[-121.698047,37.19696],[-121.698031,37.19702],[-121.698053,37.197086],[-121.698052,37.197117]]]}},{"type":"Feature","properties":{"k":"tee"},"geometry":{"type":"Polygon","coordinates":[[[-121.70088,37.199663],[-121.700829,37.199663],[-121.700793,37.199651],[-121.700774,37.199631],[-121.70078,37.199606],[-121.700809,37.19959],[-121.700858,37.19959],[-121.700882,37.199598],[-121.7009,37.19961],[-121.700915,37.199635],[-121.700906,37.199653],[-121.70088,37.199663]]]}},{"type":"Feature","properties":{"k":"tee"},"geometry":{"type":"Polygon","coordinates":[[[-121.701191,37.199862],[-121.701139,37.199861],[-121.701075,37.199838],[-121.701039,37.199806],[-121.701035,37.199781],[-121.701046,37.199761],[-121.701083,37.199754],[-121.701123,37.199773],[-121.701203,37.19983],[-121.701209,37.199847],[-121.701191,37.199862]]]}},{"type":"Feature","properties":{"k":"tee"},"geometry":{"type":"Polygon","coordinates":[[[-121.701548,37.200003],[-121.701573,37.200012],[-121.701606,37.200012],[-121.701621,37.200001],[-121.701622,37.199983],[-121.70158,37.199949],[-121.701556,37.199943],[-121.70154,37.199947],[-121.701529,37.199956],[-121.701523,37.199979],[-121.701548,37.200003]]]}},{"type":"Feature","properties":{"k":"tee"},"geometry":{"type":"Polygon","coordinates":[[[-121.701443,37.199932],[-121.701388,37.199923],[-121.701344,37.1999],[-121.701329,37.199875],[-121.701335,37.199848],[-121.701346,37.199838],[-121.701364,37.199831],[-121.701407,37.199838],[-121.701469,37.199884],[-121.701472,37.19992],[-121.701443,37.199932]]]}},{"type":"Feature","properties":{"k":"bunker"},"geometry":{"type":"Polygon","coordinates":[[[-121.699763,37.198971],[-121.699744,37.19897],[-121.699715,37.198983],[-121.699694,37.198951],[-121.699646,37.198938],[-121.699613,37.198947],[-121.699596,37.198984],[-121.699612,37.199017],[-121.699647,37.199042],[-121.699698,37.199056],[-121.69975,37.199058],[-121.699781,37.199048],[-121.699796,37.199027],[-121.699791,37.198991],[-121.699763,37.198971]]]}},{"type":"Feature","properties":{"k":"bunker"},"geometry":{"type":"Polygon","coordinates":[[[-121.698771,37.197626],[-121.698734,37.197631],[-121.698689,37.1976],[-121.698636,37.197599],[-121.698617,37.197572],[-121.698593,37.197567],[-121.698561,37.19757],[-121.69854,37.197559],[-121.698534,37.197542],[-121.698549,37.197507],[-121.698516,37.197493],[-121.698506,37.197476],[-121.698506,37.197462],[-121.698527,37.197429],[-121.698554,37.197416],[-121.698599,37.197419],[-121.698615,37.197434],[-121.698617,37.197476],[-121.698629,37.197485],[-121.698641,37.197484],[-121.698648,37.197461],[-121.698661,37.19745],[-121.698682,37.197449],[-121.698711,37.197462],[-121.69873,37.19749],[-121.698744,37.197553],[-121.698785,37.197593],[-121.698783,37.197613],[-121.698771,37.197626]]]}},{"type":"Feature","properties":{"k":"bunker"},"geometry":{"type":"Polygon","coordinates":[[[-121.69972,37.198525],[-121.699686,37.198525],[-121.699665,37.198512],[-121.699663,37.198488],[-121.699688,37.198471],[-121.699684,37.198455],[-121.69963,37.198454],[-121.699594,37.198433],[-121.699584,37.198399],[-121.699603,37.198372],[-121.699656,37.198367],[-121.699687,37.198352],[-121.699714,37.198358],[-121.69977,37.198434],[-121.699764,37.19846],[-121.699769,37.198477],[-121.699785,37.198476],[-121.699795,37.198445],[-121.699818,37.198437],[-121.699867,37.198458],[-121.699884,37.198484],[-121.699872,37.198519],[-121.699847,37.19853],[-121.699811,37.198529],[-121.699775,37.198541],[-121.69972,37.198525]]]}},{"type":"Feature","properties":{"k":"fairway"},"geometry":{"type":"Polygon","coordinates":[[[-121.698766,37.198151],[-121.698587,37.198061],[-121.698449,37.197945],[-121.698344,37.19784],[-121.698165,37.197683],[-121.698153,37.197647],[-121.698166,37.197589],[-121.698217,37.197531],[-121.698254,37.197509],[-121.698307,37.1975],[-121.698344,37.197504],[-121.698434,37.19754],[-121.698628,37.197726],[-121.698856,37.197837],[-121.699103,37.198005],[-121.699276,37.1981],[-121.699335,37.19815],[-121.699448,37.198276],[-121.699495,37.198346],[-121.699604,37.198558],[-121.699673,37.198624],[-121.699761,37.198665],[-121.700071,37.19875],[-121.700161,37.198791],[-121.700195,37.198818],[-121.700244,37.198885],[-121.700248,37.19895],[-121.700217,37.199015],[-121.70016,37.199084],[-121.700105,37.199123],[-121.700056,37.199142],[-121.700005,37.199145],[-121.699977,37.199139],[-121.69991,37.199108],[-121.699828,37.198988],[-121.699782,37.198943],[-121.699729,37.198917],[-121.699548,37.198875],[-121.699491,37.198849],[-121.699351,37.198732],[-121.699077,37.198459],[-121.698948,37.198259],[-121.698886,37.198209],[-121.698766,37.198151]]]}},{"type":"Feature","properties":{"k":"green"},"geometry":{"type":"Polygon","coordinates":[[[-121.697768,37.197785],[-121.697717,37.197783],[-121.697621,37.197793],[-121.697606,37.197791],[-121.697582,37.197768],[-121.697563,37.197721],[-121.697567,37.197675],[-121.697593,37.197617],[-121.697622,37.197593],[-121.697682,37.197585],[-121.697739,37.197604],[-121.697843,37.19772],[-121.697857,37.197747],[-121.697843,37.197777],[-121.697819,37.197787],[-121.697768,37.197785]]]}},{"type":"Feature","properties":{"k":"tee"},"geometry":{"type":"Polygon","coordinates":[[[-121.696947,37.19656],[-121.696889,37.196544],[-121.696857,37.196504],[-121.696859,37.19646],[-121.696883,37.196442],[-121.696942,37.196442],[-121.696991,37.196477],[-121.697001,37.196494],[-121.697003,37.19651],[-121.696988,37.196541],[-121.696965,37.196557],[-121.696947,37.19656]]]}},{"type":"Feature","properties":{"k":"tee"},"geometry":{"type":"Polygon","coordinates":[[[-121.697062,37.196731],[-121.697007,37.196742],[-121.696964,37.196731],[-121.696947,37.196719],[-121.696935,37.196676],[-121.696951,37.196648],[-121.697019,37.196619],[-121.697077,37.196631],[-121.697102,37.196658],[-121.697105,37.196692],[-121.697085,37.196719],[-121.697062,37.196731]]]}},{"type":"Feature","properties":{"k":"tee"},"geometry":{"type":"Polygon","coordinates":[[[-121.697217,37.196909],[-121.697143,37.196902],[-121.697115,37.196893],[-121.697076,37.196863],[-121.697071,37.196818],[-121.697113,37.196777],[-121.697135,37.196768],[-121.697184,37.196771],[-121.697228,37.196798],[-121.697257,37.196842],[-121.697265,37.196883],[-121.697246,37.196906],[-121.697217,37.196909]]]}},{"type":"Feature","properties":{"k":"tee"},"geometry":{"type":"Polygon","coordinates":[[[-121.6973,37.197253],[-121.697268,37.197249],[-121.697255,37.19724],[-121.697236,37.197207],[-121.697227,37.19715],[-121.697251,37.197132],[-121.697285,37.197141],[-121.697335,37.197215],[-121.697322,37.197245],[-121.6973,37.197253]]]}},{"type":"Feature","properties":{"k":"bunker"},"geometry":{"type":"Polygon","coordinates":[[[-121.697858,37.197652],[-121.697834,37.197658],[-121.697815,37.197654],[-121.697797,37.197639],[-121.697792,37.197612],[-121.697807,37.197586],[-121.697837,37.197582],[-121.69787,37.197568],[-121.697886,37.197575],[-121.697902,37.197597],[-121.697936,37.19761],[-121.697954,37.197628],[-121.697955,37.197649],[-121.697933,37.197682],[-121.697941,37.197706],[-121.697931,37.197723],[-121.697906,37.197731],[-121.697878,37.197726],[-121.697863,37.197696],[-121.697888,37.197655],[-121.697874,37.197646],[-121.697858,37.197652]]]}},{"type":"Feature","properties":{"k":"path"},"geometry":{"type":"LineString","coordinates":[[-121.691976,37.195084],[-121.692059,37.195238],[-121.692118,37.195322],[-121.69235,37.19556],[-121.692565,37.195759],[-121.692601,37.195803],[-121.692678,37.195943],[-121.692753,37.196],[-121.69283,37.196025],[-121.692873,37.19603],[-121.692954,37.196028],[-121.693019,37.196007],[-121.693059,37.195985],[-121.693115,37.195943],[-121.693208,37.19583],[-121.693271,37.195782],[-121.693338,37.195756],[-121.693508,37.195716],[-121.693602,37.195676],[-121.693714,37.195582],[-121.693787,37.195487],[-121.693881,37.195339],[-121.693924,37.19529],[-121.693984,37.195238],[-121.694067,37.195194]]}},{"type":"Feature","properties":{"k":"path"},"geometry":{"type":"LineString","coordinates":[[-121.691921,37.195009],[-121.691976,37.195084]]}},{"type":"Feature","properties":{"k":"path"},"geometry":{"type":"LineString","coordinates":[[-121.692397,37.194772],[-121.692334,37.194698],[-121.692309,37.194635],[-121.692304,37.19455],[-121.692319,37.194443],[-121.692306,37.194397],[-121.692284,37.194369],[-121.692213,37.19431],[-121.692129,37.194264],[-121.692056,37.194255],[-121.691977,37.194271],[-121.69189,37.194323],[-121.691792,37.194419],[-121.691638,37.194543],[-121.691598,37.194611],[-121.691576,37.194686],[-121.69158,37.194767],[-121.691592,37.194812],[-121.691622,37.194871],[-121.691671,37.194901],[-121.691703,37.194909],[-121.691837,37.194926],[-121.69186,37.194939],[-121.691921,37.195009]]}},{"type":"Feature","properties":{"k":"path"},"geometry":{"type":"LineString","coordinates":[[-121.692446,37.194821],[-121.692397,37.194772]]}},{"type":"Feature","properties":{"k":"green"},"geometry":{"type":"Polygon","coordinates":[[[-121.693311,37.195434],[-121.693192,37.195469],[-121.693129,37.195467],[-121.693094,37.195457],[-121.693039,37.195423],[-121.693007,37.195384],[-121.692999,37.19535],[-121.693007,37.195322],[-121.693046,37.195299],[-121.693168,37.195308],[-121.693304,37.195292],[-121.693427,37.195316],[-121.693476,37.19534],[-121.693479,37.19538],[-121.693452,37.195411],[-121.693412,37.195423],[-121.693311,37.195434]]]}},{"type":"Feature","properties":{"k":"bunker"},"geometry":{"type":"Polygon","coordinates":[[[-121.693464,37.195498],[-121.693434,37.195524],[-121.693416,37.19553],[-121.693373,37.195529],[-121.693336,37.1955],[-121.693337,37.195471],[-121.693361,37.19545],[-121.6934,37.195457],[-121.693429,37.195448],[-121.69345,37.19545],[-121.693468,37.195468],[-121.693464,37.195498]]]}},{"type":"Feature","properties":{"k":"tee"},"geometry":{"type":"Polygon","coordinates":[[[-121.69701,37.197315],[-121.696967,37.19731],[-121.696945,37.197298],[-121.69692,37.197271],[-121.696921,37.197234],[-121.696942,37.197219],[-121.696957,37.197215],[-121.696996,37.197223],[-121.697034,37.19725],[-121.697045,37.197268],[-121.697045,37.197293],[-121.697033,37.197309],[-121.69701,37.197315]]]}},{"type":"Feature","properties":{"k":"tee"},"geometry":{"type":"Polygon","coordinates":[[[-121.696822,37.197092],[-121.696773,37.197086],[-121.696687,37.197026],[-121.696677,37.197001],[-121.696699,37.196967],[-121.696731,37.19696],[-121.696752,37.196964],[-121.696852,37.197026],[-121.696864,37.197048],[-121.696859,37.197074],[-121.696822,37.197092]]]}},{"type":"Feature","properties":{"k":"tee"},"geometry":{"type":"Polygon","coordinates":[[[-121.696541,37.196877],[-121.696495,37.196867],[-121.696452,37.196829],[-121.696443,37.19679],[-121.696471,37.196763],[-121.69649,37.196761],[-121.696536,37.196772],[-121.696578,37.196808],[-121.69658,37.196852],[-121.696561,37.196872],[-121.696541,37.196877]]]}},{"type":"Feature","properties":{"k":"tee"},"geometry":{"type":"Polygon","coordinates":[[[-121.696304,37.196633],[-121.696264,37.196662],[-121.696239,37.196663],[-121.696217,37.196651],[-121.696211,37.196613],[-121.696237,37.196572],[-121.696281,37.196562],[-121.696311,37.196576],[-121.696321,37.196598],[-121.696304,37.196633]]]}},{"type":"Feature","properties":{"k":"bunker"},"geometry":{"type":"Polygon","coordinates":[[[-121.695131,37.19576],[-121.695025,37.195737],[-121.694959,37.195685],[-121.694952,37.195669],[-121.694955,37.195649],[-121.694981,37.195618],[-121.695018,37.195609],[-121.695053,37.195619],[-121.695065,37.195635],[-121.695068,37.195677],[-121.695085,37.195691],[-121.695116,37.195685],[-121.695116,37.195652],[-121.69513,37.195644],[-121.69517,37.195651],[-121.695213,37.195643],[-121.695235,37.195653],[-121.695243,37.195676],[-121.695235,37.195693],[-121.695178,37.195723],[-121.695155,37.195757],[-121.695131,37.19576]]]}},{"type":"Feature","properties":{"k":"bunker"},"geometry":{"type":"Polygon","coordinates":[[[-121.694674,37.195722],[-121.694631,37.195721],[-121.694598,37.195689],[-121.694542,37.195674],[-121.694531,37.195646],[-121.694547,37.19562],[-121.694574,37.195622],[-121.694637,37.195655],[-121.694647,37.195644],[-121.694638,37.195622],[-121.694646,37.195608],[-121.69468,37.195606],[-121.694703,37.195618],[-121.694716,37.195643],[-121.694703,37.195664],[-121.694701,37.195701],[-121.694674,37.195722]]]}},{"type":"Feature","properties":{"k":"fairway"},"geometry":{"type":"Polygon","coordinates":[[[-121.695288,37.196155],[-121.695204,37.196148],[-121.695038,37.196156],[-121.694974,37.196148],[-121.694791,37.196062],[-121.694359,37.195945],[-121.694303,37.195911],[-121.694277,37.195866],[-121.694276,37.195814],[-121.6943,37.195738],[-121.694337,37.195698],[-121.694362,37.195687],[-121.694416,37.195683],[-121.694481,37.195697],[-121.69458,37.195736],[-121.694655,37.195748],[-121.694726,37.195737],[-121.694791,37.195716],[-121.694875,37.195717],[-121.694913,37.195724],[-121.695055,37.195788],[-121.695104,37.195802],[-121.695132,37.195801],[-121.695216,37.195772],[-121.695273,37.195775],[-121.695297,37.195785],[-121.69541,37.195871],[-121.695506,37.195919],[-121.695617,37.196011],[-121.695715,37.196128],[-121.695741,37.196188],[-121.69574,37.196211],[-121.695716,37.196261],[-121.695693,37.196284],[-121.695645,37.196306],[-121.695587,37.196305],[-121.69552,37.196285],[-121.69549,37.196268],[-121.695388,37.196189],[-121.695288,37.196155]]]}},{"type":"Feature","properties":{"k":"bunker"},"geometry":{"type":"Polygon","coordinates":[[[-121.691897,37.194605],[-121.691868,37.194616],[-121.691834,37.194608],[-121.691813,37.19457],[-121.691826,37.194548],[-121.691862,37.194537],[-121.691886,37.194548],[-121.691907,37.19458],[-121.691897,37.194605]]]}},{"type":"Feature","properties":{"k":"bunker"},"geometry":{"type":"Polygon","coordinates":[[[-121.692158,37.194769],[-121.692117,37.194802],[-121.692089,37.194804],[-121.692069,37.194794],[-121.692051,37.194745],[-121.692061,37.194721],[-121.692073,37.194715],[-121.692095,37.194717],[-121.692108,37.194736],[-121.692126,37.194734],[-121.692129,37.19471],[-121.692109,37.194689],[-121.692104,37.19467],[-121.692118,37.194647],[-121.692147,37.194632],[-121.692182,37.19464],[-121.692199,37.194714],[-121.692187,37.19475],[-121.692158,37.194769]]]}},{"type":"Feature","properties":{"k":"tee"},"geometry":{"type":"Polygon","coordinates":[[[-121.692837,37.19592],[-121.692788,37.195927],[-121.692749,37.195913],[-121.692721,37.19588],[-121.692721,37.195857],[-121.692739,37.195837],[-121.692821,37.195809],[-121.692859,37.195812],[-121.692891,37.19583],[-121.692898,37.195857],[-121.692886,37.19589],[-121.692837,37.19592]]]}},{"type":"Feature","properties":{"k":"tee"},"geometry":{"type":"Polygon","coordinates":[[[-121.692758,37.19576],[-121.692708,37.195784],[-121.692674,37.19578],[-121.69265,37.195769],[-121.692601,37.195719],[-121.692591,37.195693],[-121.692597,37.195676],[-121.692619,37.195659],[-121.692701,37.195633],[-121.692744,37.195638],[-121.692761,37.195658],[-121.692778,37.195718],[-121.692758,37.19576]]]}},{"type":"Feature","properties":{"k":"tee"},"geometry":{"type":"Polygon","coordinates":[[[-121.692624,37.195572],[-121.692583,37.195594],[-121.692538,37.195591],[-121.69247,37.195564],[-121.692446,37.19554],[-121.692443,37.19552],[-121.692474,37.195496],[-121.692561,37.195481],[-121.692597,37.195483],[-121.692628,37.195503],[-121.692636,37.195517],[-121.692636,37.195547],[-121.692624,37.195572]]]}},{"type":"Feature","properties":{"k":"tee"},"geometry":{"type":"Polygon","coordinates":[[[-121.692521,37.195426],[-121.69247,37.195439],[-121.692399,37.195427],[-121.692348,37.195402],[-121.692337,37.195387],[-121.692339,37.195369],[-121.692357,37.195356],[-121.69238,37.195351],[-121.69247,37.195345],[-121.69251,37.195349],[-121.692525,37.195358],[-121.692537,37.195391],[-121.692521,37.195426]]]}},{"type":"Feature","properties":{"k":"green"},"geometry":{"type":"Polygon","coordinates":[[[-121.692119,37.194623],[-121.69209,37.194645],[-121.69206,37.194689],[-121.692011,37.194804],[-121.691972,37.194821],[-121.69194,37.194815],[-121.691914,37.19479],[-121.691878,37.194717],[-121.691875,37.194664],[-121.691904,37.194618],[-121.691959,37.194566],[-121.691994,37.194508],[-121.692048,37.194472],[-121.69208,37.194472],[-121.692111,37.194485],[-121.692159,37.194539],[-121.692157,37.194585],[-121.692119,37.194623]]]}},{"type":"Feature","properties":{"k":"stream"},"geometry":{"type":"LineString","coordinates":[[-121.692213,37.197758],[-121.692363,37.197686],[-121.69242,37.197628],[-121.69245,37.197491],[-121.692509,37.197412],[-121.692859,37.196734],[-121.693044,37.19648],[-121.693142,37.19638],[-121.693265,37.196288],[-121.693554,37.196099],[-121.693704,37.195979],[-121.693938,37.195702],[-121.693977,37.195645],[-121.694034,37.195466],[-121.694119,37.195362],[-121.694175,37.195316],[-121.694207,37.195276],[-121.69424,37.195119],[-121.694387,37.19497],[-121.694455,37.194927],[-121.694871,37.194775],[-121.695127,37.194701],[-121.695296,37.194669],[-121.695562,37.194655],[-121.695646,37.194633],[-121.696,37.194489],[-121.696496,37.194229],[-121.69653,37.194194],[-121.696595,37.194076],[-121.696754,37.193926],[-121.696794,37.193906],[-121.696848,37.193906],[-121.696976,37.19393],[-121.697029,37.193933]]}},{"type":"Feature","properties":{"k":"stream"},"geometry":{"type":"LineString","coordinates":[[-121.697029,37.193933],[-121.698132,37.193609]]}},{"type":"Feature","properties":{"k":"stream"},"geometry":{"type":"LineString","coordinates":[[-121.698132,37.193609],[-121.698318,37.193545],[-121.698396,37.193556],[-121.69844,37.193573],[-121.698496,37.193574],[-121.698812,37.19349],[-121.698886,37.193479],[-121.699092,37.193478],[-121.699152,37.193465],[-121.699277,37.1934],[-121.699416,37.193279],[-121.699454,37.193225],[-121.699523,37.193087],[-121.699588,37.19298],[-121.699656,37.192911],[-121.699702,37.192886],[-121.699761,37.192867],[-121.699822,37.19286],[-121.700044,37.192861]]}},{"type":"Feature","properties":{"k":"path"},"geometry":{"type":"LineString","coordinates":[[-121.696406,37.194107],[-121.696405,37.194161],[-121.696434,37.194222]]}},{"type":"Feature","properties":{"k":"path"},"geometry":{"type":"LineString","coordinates":[[-121.696434,37.194222],[-121.696463,37.194272]]}},{"type":"Feature","properties":{"k":"path"},"geometry":{"type":"LineString","coordinates":[[-121.694213,37.195175],[-121.69414,37.195177],[-121.693983,37.195212],[-121.69391,37.195212],[-121.693807,37.195197],[-121.693712,37.195175],[-121.693571,37.195091],[-121.693514,37.195087],[-121.69337,37.195098],[-121.69332,37.195088],[-121.693298,37.195077],[-121.693218,37.194996],[-121.693177,37.194977],[-121.693129,37.194979],[-121.693033,37.195039],[-121.692982,37.195046],[-121.692949,37.195042],[-121.692654,37.19496],[-121.692566,37.194915],[-121.692446,37.194821]]}},{"type":"Feature","properties":{"k":"path"},"geometry":{"type":"LineString","coordinates":[[-121.694246,37.195177],[-121.694213,37.195175]]}},{"type":"Feature","properties":{"k":"path"},"geometry":{"type":"LineString","coordinates":[[-121.699655,37.192877],[-121.699578,37.19284],[-121.69952,37.192844],[-121.699496,37.192853],[-121.699469,37.192873],[-121.699434,37.192923],[-121.69938,37.193048],[-121.699326,37.193115],[-121.699288,37.19315],[-121.699249,37.193175],[-121.699151,37.193209],[-121.699054,37.19321],[-121.698998,37.193198],[-121.698942,37.193175],[-121.698821,37.19311],[-121.698579,37.192911],[-121.698484,37.192844],[-121.698379,37.192779],[-121.698249,37.192711],[-121.69815,37.192692],[-121.69809,37.19269],[-121.697996,37.192708],[-121.697951,37.192731]]}},{"type":"Feature","properties":{"k":"tee"},"geometry":{"type":"Polygon","coordinates":[[[-121.692606,37.194885],[-121.692575,37.194879],[-121.692548,37.194856],[-121.692545,37.194826],[-121.692563,37.194806],[-121.692603,37.194807],[-121.692632,37.194827],[-121.692641,37.194847],[-121.692636,37.194871],[-121.692606,37.194885]]]}},{"type":"Feature","properties":{"k":"tee"},"geometry":{"type":"Polygon","coordinates":[[[-121.692788,37.194941],[-121.69275,37.194936],[-121.692727,37.194907],[-121.69274,37.194814],[-121.692756,37.194804],[-121.692798,37.194811],[-121.692821,37.194837],[-121.692805,37.194927],[-121.692788,37.194941]]]}},{"type":"Feature","properties":{"k":"tee"},"geometry":{"type":"Polygon","coordinates":[[[-121.69297,37.194998],[-121.692924,37.194989],[-121.692895,37.194968],[-121.692877,37.19494],[-121.692882,37.194915],[-121.692899,37.19491],[-121.692937,37.194916],[-121.692988,37.194944],[-121.693004,37.194976],[-121.692991,37.194995],[-121.69297,37.194998]]]}},{"type":"Feature","properties":{"k":"tee"},"geometry":{"type":"Polygon","coordinates":[[[-121.693361,37.195054],[-121.693325,37.195049],[-121.693299,37.19503],[-121.693292,37.195009],[-121.693308,37.194985],[-121.693346,37.194986],[-121.693375,37.195009],[-121.693385,37.195034],[-121.693377,37.195049],[-121.693361,37.195054]]]}},{"type":"Feature","properties":{"k":"tee"},"geometry":{"type":"Polygon","coordinates":[[[-121.694133,37.195084],[-121.694155,37.195089],[-121.694177,37.195075],[-121.694179,37.195046],[-121.694164,37.19503],[-121.694143,37.195028],[-121.694122,37.195046],[-121.694122,37.19507],[-121.694133,37.195084]]]}},{"type":"Feature","properties":{"k":"bunker"},"geometry":{"type":"Polygon","coordinates":[[[-121.696353,37.194854],[-121.696322,37.194869],[-121.696316,37.194893],[-121.696298,37.194901],[-121.696277,37.194898],[-121.696258,37.194865],[-121.6963,37.194828],[-121.696325,37.194819],[-121.696354,37.194828],[-121.696353,37.194854]]]}},{"type":"Feature","properties":{"k":"green"},"geometry":{"type":"Polygon","coordinates":[[[-121.696509,37.194974],[-121.696417,37.194995],[-121.696295,37.195043],[-121.696258,37.195041],[-121.696228,37.195014],[-121.69623,37.194989],[-121.696247,37.19496],[-121.696327,37.194914],[-121.696401,37.194828],[-121.696429,37.194809],[-121.696489,37.194793],[-121.696522,37.194795],[-121.696553,37.194809],[-121.69658,37.194845],[-121.696584,37.194867],[-121.696572,37.194927],[-121.696548,37.194955],[-121.696509,37.194974]]]}},{"type":"Feature","properties":{"k":"fairway"},"geometry":{"type":"Polygon","coordinates":[[[-121.695095,37.195284],[-121.694916,37.195225],[-121.694835,37.195215],[-121.694678,37.195217],[-121.694609,37.195198],[-121.694572,37.195149],[-121.694568,37.195117],[-121.694576,37.195064],[-121.694591,37.19504],[-121.694611,37.195017],[-121.694644,37.194996],[-121.694742,37.194972],[-121.694851,37.194968],[-121.695025,37.194985],[-121.695111,37.19498],[-121.695369,37.1949],[-121.695566,37.194878],[-121.695722,37.194832],[-121.695785,37.194829],[-121.695835,37.19485],[-121.695862,37.194907],[-121.695861,37.194987],[-121.69582,37.195054],[-121.69578,37.195081],[-121.69543,37.195236],[-121.695344,37.195266],[-121.695216,37.195294],[-121.695095,37.195284]]]}},{"type":"Feature","properties":{"k":"tee"},"geometry":{"type":"Polygon","coordinates":[[[-121.698312,37.192973],[-121.698275,37.192963],[-121.698244,37.192932],[-121.698247,37.192895],[-121.698265,37.192881],[-121.698308,37.192884],[-121.698342,37.192907],[-121.698354,37.192926],[-121.698352,37.192966],[-121.698338,37.192974],[-121.698312,37.192973]]]}},{"type":"Feature","properties":{"k":"tee"},"geometry":{"type":"Polygon","coordinates":[[[-121.698515,37.193152],[-121.698481,37.193147],[-121.69844,37.193115],[-121.698423,37.193081],[-121.698433,37.193051],[-121.698472,37.193049],[-121.698535,37.193104],[-121.698537,37.193138],[-121.698515,37.193152]]]}},{"type":"Feature","properties":{"k":"tee"},"geometry":{"type":"Polygon","coordinates":[[[-121.698641,37.193366],[-121.698602,37.193353],[-121.698568,37.193328],[-121.69856,37.193301],[-121.698579,37.193277],[-121.698605,37.193273],[-121.698632,37.193281],[-121.698672,37.193325],[-121.698672,37.193355],[-121.698641,37.193366]]]}},{"type":"Feature","properties":{"k":"tee"},"geometry":{"type":"Polygon","coordinates":[[[-121.698849,37.193651],[-121.698828,37.193646],[-121.698796,37.193625],[-121.698788,37.1936],[-121.698806,37.193578],[-121.69885,37.19358],[-121.698889,37.193614],[-121.698884,37.193642],[-121.698849,37.193651]]]}},{"type":"Feature","properties":{"k":"path"},"geometry":{"type":"LineString","coordinates":[[-121.698646,37.193513],[-121.698414,37.193191],[-121.698261,37.193028],[-121.698123,37.192902],[-121.698079,37.192873],[-121.697984,37.192838],[-121.697938,37.192831],[-121.697853,37.192836],[-121.697951,37.192731],[-121.698041,37.192466],[-121.698075,37.192382],[-121.69816,37.192218],[-121.698188,37.192138],[-121.698188,37.192067],[-121.698178,37.192032],[-121.698155,37.191995],[-121.697944,37.191792],[-121.69794,37.191756],[-121.697978,37.191681]]}},{"type":"Feature","properties":{"k":"path"},"geometry":{"type":"LineString","coordinates":[[-121.698682,37.193572],[-121.698646,37.193513]]}},{"type":"Feature","properties":{"k":"bunker"},"geometry":{"type":"Polygon","coordinates":[[[-121.700086,37.194521],[-121.700057,37.194527],[-121.700015,37.19451],[-121.700007,37.194483],[-121.700013,37.194448],[-121.700024,37.194433],[-121.700067,37.194435],[-121.700112,37.194473],[-121.700111,37.194497],[-121.700086,37.194521]]]}},{"type":"Feature","properties":{"k":"bunker"},"geometry":{"type":"Polygon","coordinates":[[[-121.699969,37.194553],[-121.69994,37.194563],[-121.699914,37.19455],[-121.699899,37.194509],[-121.699863,37.194482],[-121.699873,37.194454],[-121.699899,37.194446],[-121.699927,37.194454],[-121.699954,37.194491],[-121.699989,37.194514],[-121.699997,37.194536],[-121.699969,37.194553]]]}},{"type":"Feature","properties":{"k":"bunker"},"geometry":{"type":"Polygon","coordinates":[[[-121.700007,37.194637],[-121.699988,37.194642],[-121.699967,37.194632],[-121.699957,37.194597],[-121.699984,37.194564],[-121.700027,37.194557],[-121.700045,37.194567],[-121.700072,37.194613],[-121.700116,37.194606],[-121.700176,37.194629],[-121.70019,37.194654],[-121.70019,37.194702],[-121.700155,37.194723],[-121.700125,37.19472],[-121.700102,37.194703],[-121.700096,37.194663],[-121.700082,37.194665],[-121.700064,37.194686],[-121.700038,37.194686],[-121.700022,37.194673],[-121.700025,37.194642],[-121.700007,37.194637]]]}},{"type":"Feature","properties":{"k":"fairway"},"geometry":{"type":"Polygon","coordinates":[[[-121.700025,37.194345],[-121.699648,37.194134],[-121.699504,37.194023],[-121.699432,37.193959],[-121.699398,37.193917],[-121.699385,37.193871],[-121.699391,37.193836],[-121.699429,37.193782],[-121.699455,37.193767],[-121.699501,37.193755],[-121.699553,37.193751],[-121.699599,37.193755],[-121.699695,37.193784],[-121.69977,37.193819],[-121.69996,37.193949],[-121.700203,37.194072],[-121.700269,37.194115],[-121.700334,37.194174],[-121.700555,37.194416],[-121.700656,37.194498],[-121.700683,37.194537],[-121.700693,37.194573],[-121.700695,37.194601],[-121.700675,37.194645],[-121.700626,37.19468],[-121.700583,37.194699],[-121.700529,37.194712],[-121.700437,37.194711],[-121.700378,37.194693],[-121.700311,37.19465],[-121.700276,37.194611],[-121.700176,37.194463],[-121.700092,37.194387],[-121.700025,37.194345]]]}},{"type":"Feature","properties":{"k":"bunker"},"geometry":{"type":"Polygon","coordinates":[[[-121.701095,37.194974],[-121.701051,37.194975],[-121.701037,37.195002],[-121.70101,37.195004],[-121.700981,37.19499],[-121.70097,37.194976],[-121.700968,37.194944],[-121.700995,37.194911],[-121.701018,37.194911],[-121.701048,37.194923],[-121.701091,37.194919],[-121.701117,37.194945],[-121.701109,37.194965],[-121.701095,37.194974]]]}},{"type":"Feature","properties":{"k":"bunker"},"geometry":{"type":"Polygon","coordinates":[[[-121.701262,37.19492],[-121.701255,37.194936],[-121.701233,37.194946],[-121.701201,37.19494],[-121.701181,37.194923],[-121.70118,37.1949],[-121.70122,37.194868],[-121.701232,37.194842],[-121.701265,37.194829],[-121.701343,37.194847],[-121.701357,37.19488],[-121.701349,37.194903],[-121.70132,37.194915],[-121.701274,37.194891],[-121.701262,37.194898],[-121.701262,37.19492]]]}},{"type":"Feature","properties":{"k":"bunker"},"geometry":{"type":"Polygon","coordinates":[[[-121.701592,37.19524],[-121.70155,37.195231],[-121.701549,37.195204],[-121.701564,37.195188],[-121.70161,37.195185],[-121.701638,37.195204],[-121.701636,37.195226],[-121.701613,37.195242],[-121.701592,37.19524]]]}},{"type":"Feature","properties":{"k":"bunker"},"geometry":{"type":"Polygon","coordinates":[[[-121.70154,37.194928],[-121.701527,37.19493],[-121.70151,37.19496],[-121.701491,37.194968],[-121.701436,37.194957],[-121.701425,37.19495],[-121.701418,37.194928],[-121.70144,37.194897],[-121.7015,37.194888],[-121.701529,37.194868],[-121.701554,37.194864],[-121.701577,37.194875],[-121.701593,37.194909],[-121.701625,37.194901],[-121.701649,37.194914],[-121.701658,37.194951],[-121.701627,37.194982],[-121.70159,37.194986],[-121.701553,37.194966],[-121.70154,37.194928]]]}},{"type":"Feature","properties":{"k":"green"},"geometry":{"type":"Polygon","coordinates":[[[-121.701569,37.195167],[-121.701449,37.195172],[-121.701408,37.195159],[-121.701388,37.195143],[-121.701356,37.195093],[-121.701342,37.195044],[-121.701345,37.195015],[-121.701364,37.194995],[-121.701403,37.19498],[-121.701469,37.194979],[-121.701595,37.195],[-121.701652,37.195017],[-121.701683,37.195038],[-121.701695,37.195059],[-121.701692,37.195084],[-121.701657,37.195137],[-121.701627,37.19516],[-121.701569,37.195167]]]}},{"type":"Feature","properties":{"k":"tee"},"geometry":{"type":"Polygon","coordinates":[[[-121.702151,37.195268],[-121.702117,37.195252],[-121.702097,37.195225],[-121.702101,37.195186],[-121.70212,37.195168],[-121.702137,37.195163],[-121.70218,37.195171],[-121.702208,37.195199],[-121.702213,37.195217],[-121.702211,37.195234],[-121.702188,37.195263],[-121.702151,37.195268]]]}},{"type":"Feature","properties":{"k":"tee"},"geometry":{"type":"Polygon","coordinates":[[[-121.702353,37.195491],[-121.702303,37.195459],[-121.702284,37.19543],[-121.702291,37.195395],[-121.702329,37.19538],[-121.702379,37.195396],[-121.702421,37.195439],[-121.702422,37.195467],[-121.70241,37.195488],[-121.702384,37.195497],[-121.702353,37.195491]]]}},{"type":"Feature","properties":{"k":"tee"},"geometry":{"type":"Polygon","coordinates":[[[-121.702824,37.195773],[-121.702774,37.195765],[-121.70274,37.195733],[-121.702723,37.195685],[-121.702741,37.195661],[-121.70278,37.195657],[-121.702816,37.195677],[-121.702833,37.195695],[-121.702853,37.195744],[-121.702845,37.195761],[-121.702824,37.195773]]]}},{"type":"Feature","properties":{"k":"tee"},"geometry":{"type":"Polygon","coordinates":[[[-121.703074,37.195718],[-121.703045,37.195715],[-121.703017,37.195693],[-121.703011,37.195672],[-121.703022,37.195657],[-121.703066,37.195654],[-121.703091,37.195669],[-121.703099,37.195702],[-121.70309,37.195715],[-121.703074,37.195718]]]}},{"type":"Feature","properties":{"k":"green"},"geometry":{"type":"Polygon","coordinates":[[[-121.705718,37.197123],[-121.705621,37.197027],[-121.705595,37.19699],[-121.705593,37.196958],[-121.7056,37.196943],[-121.705631,37.19692],[-121.705654,37.196915],[-121.705777,37.196915],[-121.705816,37.196935],[-121.705845,37.196974],[-121.705871,37.197084],[-121.705851,37.197136],[-121.705822,37.197151],[-121.705779,37.197151],[-121.705718,37.197123]]]}},{"type":"Feature","properties":{"k":"path"},"geometry":{"type":"LineString","coordinates":[[-121.706592,37.198375],[-121.70664,37.198456],[-121.706703,37.198713],[-121.706742,37.198777],[-121.70684,37.198892],[-121.706903,37.198988],[-121.706933,37.199071],[-121.706957,37.199214],[-121.706993,37.199307],[-121.707023,37.199344],[-121.70704,37.199354],[-121.707075,37.199353],[-121.707101,37.199339],[-121.707111,37.199298],[-121.707038,37.199155],[-121.707033,37.199106],[-121.707052,37.199017],[-121.707049,37.198958],[-121.706949,37.198646],[-121.706878,37.198555],[-121.706787,37.198474],[-121.706691,37.198414],[-121.706564,37.198363]]}},{"type":"Feature","properties":{"k":"path"},"geometry":{"type":"LineString","coordinates":[[-121.706564,37.198363],[-121.706502,37.198335]]}},{"type":"Feature","properties":{"k":"path"},"geometry":{"type":"LineString","coordinates":[[-121.703335,37.197147],[-121.703225,37.197074],[-121.703122,37.196984],[-121.703052,37.196934],[-121.702735,37.196747],[-121.702484,37.196555],[-121.70236,37.19647],[-121.702302,37.196419],[-121.70212,37.196216],[-121.701978,37.195994],[-121.701882,37.195863],[-121.701853,37.195804],[-121.701819,37.195687],[-121.701806,37.195419],[-121.701794,37.195347],[-121.701938,37.195211],[-121.702023,37.195102],[-121.702108,37.194973],[-121.702137,37.194868],[-121.702228,37.194844]]}},{"type":"Feature","properties":{"k":"path"},"geometry":{"type":"LineString","coordinates":[[-121.703411,37.197195],[-121.703335,37.197147]]}},{"type":"Feature","properties":{"k":"tee"},"geometry":{"type":"Polygon","coordinates":[[[-121.706212,37.197234],[-121.706164,37.197227],[-121.706093,37.197167],[-121.706088,37.197124],[-121.70611,37.197103],[-121.706143,37.197096],[-121.706166,37.197101],[-121.706226,37.19714],[-121.706243,37.197163],[-121.70625,37.197191],[-121.706236,37.197221],[-121.706212,37.197234]]]}},{"type":"Feature","properties":{"k":"tee"},"geometry":{"type":"Polygon","coordinates":[[[-121.706382,37.197479],[-121.70635,37.197479],[-121.706321,37.197465],[-121.706265,37.197373],[-121.706261,37.197341],[-121.706272,37.197307],[-121.706302,37.197284],[-121.706322,37.197278],[-121.706387,37.19729],[-121.706413,37.197326],[-121.706433,37.197409],[-121.706429,37.197445],[-121.706414,37.197467],[-121.706382,37.197479]]]}},{"type":"Feature","properties":{"k":"tee"},"geometry":{"type":"Polygon","coordinates":[[[-121.706614,37.197595],[-121.706566,37.197599],[-121.70655,37.197591],[-121.706535,37.197568],[-121.706542,37.197536],[-121.706578,37.197508],[-121.706613,37.197508],[-121.706637,37.197527],[-121.706639,37.197562],[-121.706614,37.197595]]]}},{"type":"Feature","properties":{"k":"tee"},"geometry":{"type":"Polygon","coordinates":[[[-121.706582,37.19776],[-121.706552,37.197763],[-121.706521,37.197753],[-121.706506,37.197733],[-121.706509,37.197713],[-121.706534,37.197699],[-121.706582,37.197707],[-121.706598,37.19773],[-121.706595,37.19775],[-121.706582,37.19776]]]}},{"type":"Feature","properties":{"k":"bunker"},"geometry":{"type":"Polygon","coordinates":[[[-121.707215,37.19887],[-121.707195,37.198875],[-121.707174,37.198866],[-121.707165,37.19885],[-121.707169,37.198833],[-121.707204,37.198788],[-121.707235,37.198781],[-121.707264,37.198786],[-121.707289,37.198806],[-121.707293,37.198855],[-121.707274,37.198869],[-121.707228,37.198861],[-121.707215,37.19887]]]}},{"type":"Feature","properties":{"k":"bunker"},"geometry":{"type":"Polygon","coordinates":[[[-121.707394,37.199047],[-121.70737,37.19905],[-121.707343,37.199041],[-121.707326,37.199024],[-121.70732,37.19898],[-121.707273,37.198973],[-121.707255,37.198954],[-121.707262,37.198935],[-121.707295,37.19892],[-121.707309,37.198891],[-121.707336,37.198879],[-121.707363,37.198886],[-121.707388,37.198919],[-121.707392,37.198935],[-121.70738,37.198977],[-121.707409,37.199005],[-121.707415,37.199022],[-121.70741,37.199036],[-121.707394,37.199047]]]}},{"type":"Feature","properties":{"k":"bunker"},"geometry":{"type":"Polygon","coordinates":[[[-121.707599,37.19878],[-121.707575,37.198795],[-121.707542,37.198795],[-121.707509,37.198776],[-121.707496,37.198761],[-121.707486,37.198712],[-121.707524,37.198676],[-121.707557,37.198673],[-121.707603,37.1987],[-121.70767,37.198708],[-121.707692,37.198721],[-121.707693,37.198738],[-121.707664,37.198793],[-121.707631,37.198797],[-121.707599,37.19878]]]}},{"type":"Feature","properties":{"k":"bunker"},"geometry":{"type":"Polygon","coordinates":[[[-121.707244,37.199154],[-121.707237,37.199188],[-121.707211,37.1992],[-121.707184,37.199194],[-121.707163,37.199173],[-121.707162,37.199149],[-121.707182,37.199098],[-121.707198,37.19908],[-121.707223,37.199081],[-121.707245,37.199096],[-121.707244,37.199154]]]}},{"type":"Feature","properties":{"k":"bunker"},"geometry":{"type":"Polygon","coordinates":[[[-121.707312,37.199417],[-121.707308,37.199447],[-121.707282,37.199461],[-121.707265,37.199463],[-121.707236,37.199453],[-121.707218,37.199422],[-121.70725,37.199358],[-121.70724,37.199316],[-121.707261,37.199298],[-121.707287,37.19929],[-121.707318,37.199306],[-121.707344,37.199341],[-121.707338,37.199362],[-121.707311,37.199386],[-121.707312,37.199417]]]}},{"type":"Feature","properties":{"k":"bunker"},"geometry":{"type":"Polygon","coordinates":[[[-121.707604,37.19948],[-121.707581,37.199486],[-121.707557,37.199478],[-121.707539,37.199458],[-121.707535,37.199434],[-121.707494,37.199408],[-121.707495,37.199383],[-121.707519,37.199363],[-121.707556,37.199359],[-121.707609,37.199398],[-121.707619,37.199418],[-121.707615,37.199467],[-121.707604,37.19948]]]}},{"type":"Feature","properties":{"k":"green"},"geometry":{"type":"Polygon","coordinates":[[[-121.707562,37.199554],[-121.707545,37.199568],[-121.707517,37.199574],[-121.707366,37.199576],[-121.707335,37.199561],[-121.707322,37.199539],[-121.707321,37.199509],[-121.707344,37.199402],[-121.707372,37.199361],[-121.707393,37.199351],[-121.70742,37.199354],[-121.707463,37.199381],[-121.70751,37.199457],[-121.707562,37.199508],[-121.707569,37.19953],[-121.707562,37.199554]]]}},{"type":"Feature","properties":{"k":"tee"},"geometry":{"type":"Polygon","coordinates":[[[-121.706783,37.1991],[-121.706743,37.199081],[-121.706728,37.199055],[-121.706741,37.199021],[-121.70677,37.19901],[-121.706822,37.199025],[-121.706844,37.199063],[-121.706828,37.199095],[-121.706783,37.1991]]]}},{"type":"Feature","properties":{"k":"tee"},"geometry":{"type":"Polygon","coordinates":[[[-121.706745,37.198935],[-121.70669,37.198914],[-121.706669,37.19889],[-121.706666,37.198866],[-121.706689,37.198841],[-121.706739,37.198844],[-121.706778,37.198874],[-121.706791,37.198903],[-121.706785,37.198922],[-121.70677,37.198934],[-121.706745,37.198935]]]}},{"type":"Feature","properties":{"k":"tee"},"geometry":{"type":"Polygon","coordinates":[[[-121.706434,37.198881],[-121.706387,37.198892],[-121.706361,37.198889],[-121.706335,37.198869],[-121.706338,37.198848],[-121.706371,37.198824],[-121.706403,37.198811],[-121.706446,37.198806],[-121.70648,37.198813],[-121.706502,37.19883],[-121.706496,37.198851],[-121.706434,37.198881]]]}},{"type":"Feature","properties":{"k":"tee"},"geometry":{"type":"Polygon","coordinates":[[[-121.706307,37.198436],[-121.706291,37.198472],[-121.70626,37.198484],[-121.706226,37.198477],[-121.706205,37.198455],[-121.706206,37.198427],[-121.706215,37.198415],[-121.706245,37.198401],[-121.706278,37.198405],[-121.706307,37.198436]]]}},{"type":"Feature","properties":{"k":"bunker"},"geometry":{"type":"Polygon","coordinates":[[[-121.702431,37.19587],[-121.702393,37.195862],[-121.702374,37.195835],[-121.702378,37.195797],[-121.702409,37.195779],[-121.702439,37.195779],[-121.702465,37.195799],[-121.702475,37.195834],[-121.702508,37.195876],[-121.702515,37.195929],[-121.702509,37.195942],[-121.702472,37.195949],[-121.702435,37.195935],[-121.702423,37.195907],[-121.702445,37.195882],[-121.702431,37.19587]]]}},{"type":"Feature","properties":{"k":"bunker"},"geometry":{"type":"Polygon","coordinates":[[[-121.702536,37.196372],[-121.702519,37.19638],[-121.702484,37.196379],[-121.702443,37.196356],[-121.70241,37.19635],[-121.702396,37.196337],[-121.702397,37.196312],[-121.702424,37.196295],[-121.702453,37.196297],[-121.702485,37.196323],[-121.702541,37.196343],[-121.702545,37.196355],[-121.702536,37.196372]]]}},{"type":"Feature","properties":{"k":"fairway"},"geometry":{"type":"Polygon","coordinates":[[[-121.705618,37.198231],[-121.705556,37.198237],[-121.705485,37.198233],[-121.70525,37.198193],[-121.70512,37.198153],[-121.70493,37.198057],[-121.704875,37.198019],[-121.70474,37.1979],[-121.704606,37.197766],[-121.704496,37.197671],[-121.704434,37.197628],[-121.704139,37.197458],[-121.703973,37.197349],[-121.703763,37.197251],[-121.703733,37.19723],[-121.703709,37.197167],[-121.703712,37.197123],[-121.703747,37.197057],[-121.703784,37.19703],[-121.703855,37.197017],[-121.703902,37.19702],[-121.703966,37.197038],[-121.704016,37.197065],[-121.704123,37.197147],[-121.70427,37.197232],[-121.704496,37.197319],[-121.704683,37.197381],[-121.704742,37.197418],[-121.704857,37.19752],[-121.704914,37.197599],[-121.705043,37.197816],[-121.705071,37.197842],[-121.705107,37.19786],[-121.705188,37.197881],[-121.705424,37.197882],[-121.705495,37.197892],[-121.705633,37.197933],[-121.705692,37.197963],[-121.705737,37.197992],[-121.705767,37.198025],[-121.705779,37.198056],[-121.705777,37.198091],[-121.705764,37.198129],[-121.705706,37.198194],[-121.705618,37.198231]]]}},{"type":"Feature","properties":{"k":"green"},"geometry":{"type":"Polygon","coordinates":[[[-121.702394,37.196002],[-121.702348,37.196024],[-121.702288,37.196018],[-121.702247,37.195987],[-121.702182,37.195893],[-121.702169,37.195868],[-121.702167,37.195827],[-121.702196,37.195776],[-121.702241,37.195735],[-121.702293,37.195733],[-121.702339,37.195763],[-121.702364,37.195865],[-121.702415,37.195947],[-121.702412,37.195978],[-121.702394,37.196002]]]}},{"type":"Feature","properties":{"k":"path"},"geometry":{"type":"LineString","coordinates":[[-121.701182,37.192011],[-121.701168,37.192032],[-121.701173,37.192055],[-121.701195,37.192071],[-121.701237,37.192066],[-121.701254,37.192048],[-121.701246,37.192017],[-121.70121,37.192003],[-121.701182,37.192011]]}},{"type":"Feature","properties":{"k":"path"},"geometry":{"type":"LineString","coordinates":[[-121.701197,37.192195],[-121.700645,37.192236]]}},{"type":"Feature","properties":{"k":"path"},"geometry":{"type":"LineString","coordinates":[[-121.702763,37.190901],[-121.70282,37.190763]]}},{"type":"Feature","properties":{"k":"stream"},"geometry":{"type":"LineString","coordinates":[[-121.702835,37.19082],[-121.70293,37.190833],[-121.703062,37.190869],[-121.703128,37.190876],[-121.703175,37.190866],[-121.703428,37.190742],[-121.703486,37.190739],[-121.703537,37.190755],[-121.70401,37.190528],[-121.704462,37.190413],[-121.704902,37.190271],[-121.705224,37.190146]]}},{"type":"Feature","properties":{"k":"stream"},"geometry":{"type":"LineString","coordinates":[[-121.702768,37.190816],[-121.702835,37.19082]]}},{"type":"Feature","properties":{"k":"stream"},"geometry":{"type":"LineString","coordinates":[[-121.701476,37.190831],[-121.701674,37.190777],[-121.701731,37.19075],[-121.701842,37.190679],[-121.701915,37.190662],[-121.702019,37.190657],[-121.702175,37.190694],[-121.702238,37.1907],[-121.702472,37.1907],[-121.702527,37.190711],[-121.702575,37.19073],[-121.702672,37.190808],[-121.702707,37.190816],[-121.702768,37.190816]]}},{"type":"Feature","properties":{"k":"stream"},"geometry":{"type":"LineString","coordinates":[[-121.701378,37.190856],[-121.701454,37.190837]]}},{"type":"Feature","properties":{"k":"stream"},"geometry":{"type":"LineString","coordinates":[[-121.701454,37.190837],[-121.701476,37.190831]]}},{"type":"Feature","properties":{"k":"stream"},"geometry":{"type":"LineString","coordinates":[[-121.701372,37.190857],[-121.701378,37.190856]]}},{"type":"Feature","properties":{"k":"tee"},"geometry":{"type":"Polygon","coordinates":[[[-121.70069,37.19249],[-121.700651,37.192477],[-121.700622,37.192445],[-121.700619,37.192414],[-121.700624,37.192401],[-121.700643,37.192391],[-121.70066,37.192389],[-121.700694,37.192399],[-121.700731,37.192432],[-121.700737,37.19245],[-121.700728,37.192479],[-121.700705,37.19249],[-121.70069,37.19249]]]}},{"type":"Feature","properties":{"k":"green"},"geometry":{"type":"Polygon","coordinates":[[[-121.698,37.19068],[-121.697965,37.190653],[-121.697952,37.190614],[-121.697954,37.19054],[-121.697975,37.190455],[-121.697992,37.190423],[-121.698026,37.190399],[-121.698068,37.190389],[-121.698098,37.19039],[-121.698138,37.190418],[-121.698151,37.190453],[-121.698127,37.190646],[-121.698112,37.190676],[-121.698081,37.190692],[-121.698041,37.190693],[-121.698,37.19068]]]}},{"type":"Feature","properties":{"k":"bunker"},"geometry":{"type":"Polygon","coordinates":[[[-121.699482,37.191894],[-121.699431,37.19189],[-121.699387,37.191859],[-121.699381,37.191822],[-121.699399,37.191799],[-121.699417,37.19179],[-121.699448,37.191782],[-121.699488,37.191789],[-121.699546,37.19183],[-121.699556,37.191873],[-121.699568,37.191876],[-121.699604,37.191858],[-121.699631,37.191865],[-121.699657,37.191889],[-121.699665,37.191915],[-121.699619,37.191985],[-121.699573,37.191992],[-121.699537,37.191978],[-121.699523,37.191964],[-121.699509,37.191904],[-121.699482,37.191894]]]}},{"type":"Feature","properties":{"k":"bunker"},"geometry":{"type":"Polygon","coordinates":[[[-121.698231,37.190682],[-121.698182,37.190699],[-121.698145,37.190683],[-121.698145,37.19066],[-121.698176,37.190649],[-121.698156,37.190623],[-121.698163,37.190609],[-121.698186,37.190606],[-121.698217,37.190626],[-121.698265,37.190635],[-121.698272,37.19065],[-121.698264,37.19067],[-121.698231,37.190682]]]}},{"type":"Feature","properties":{"k":"bunker"},"geometry":{"type":"Polygon","coordinates":[[[-121.698286,37.190523],[-121.698256,37.190547],[-121.698234,37.190548],[-121.698213,37.190533],[-121.698218,37.190507],[-121.698173,37.190494],[-121.698171,37.190458],[-121.698202,37.190435],[-121.698196,37.190422],[-121.698158,37.19041],[-121.698137,37.190392],[-121.698139,37.190357],[-121.698163,37.190336],[-121.698204,37.190333],[-121.698228,37.190345],[-121.698252,37.190402],[-121.698303,37.190444],[-121.698324,37.190494],[-121.698312,37.190511],[-121.698286,37.190523]]]}},{"type":"Feature","properties":{"k":"bunker"},"geometry":{"type":"Polygon","coordinates":[[[-121.699462,37.191279],[-121.699445,37.191286],[-121.699421,37.191315],[-121.699373,37.191321],[-121.69932,37.191297],[-121.699281,37.191258],[-121.699238,37.19127],[-121.699201,37.191262],[-121.699181,37.191244],[-121.699178,37.191218],[-121.699209,37.191186],[-121.69926,37.191193],[-121.699287,37.191178],[-121.699317,37.191175],[-121.699347,37.191198],[-121.699355,37.191246],[-121.699368,37.19126],[-121.699386,37.191253],[-121.699384,37.19123],[-121.699394,37.19121],[-121.699432,37.191206],[-121.699464,37.191222],[-121.69948,37.191245],[-121.699479,37.191263],[-121.699462,37.191279]]]}},{"type":"Feature","properties":{"k":"tee"},"geometry":{"type":"Polygon","coordinates":[[[-121.697519,37.190968],[-121.697486,37.190972],[-121.69744,37.190952],[-121.69737,37.190877],[-121.697357,37.190837],[-121.697371,37.190804],[-121.69739,37.190793],[-121.697409,37.190787],[-121.69745,37.19079],[-121.697492,37.190829],[-121.697537,37.190929],[-121.697534,37.190953],[-121.697519,37.190968]]]}},{"type":"Feature","properties":{"k":"tee"},"geometry":{"type":"Polygon","coordinates":[[[-121.697787,37.191228],[-121.697771,37.191236],[-121.69773,37.191231],[-121.697644,37.191159],[-121.697626,37.191126],[-121.69764,37.191094],[-121.697656,37.191086],[-121.697694,37.191086],[-121.697734,37.19111],[-121.697802,37.191185],[-121.6978,37.191215],[-121.697787,37.191228]]]}},{"type":"Feature","properties":{"k":"tee"},"geometry":{"type":"Polygon","coordinates":[[[-121.697998,37.191452],[-121.697959,37.191446],[-121.69787,37.191379],[-121.697856,37.19135],[-121.697873,37.191328],[-121.697905,37.19132],[-121.697927,37.191328],[-121.698012,37.191399],[-121.698023,37.191411],[-121.698019,37.191438],[-121.697998,37.191452]]]}},{"type":"Feature","properties":{"k":"bunker"},"geometry":{"type":"Polygon","coordinates":[[[-121.698823,37.191963],[-121.69881,37.19197],[-121.69879,37.191968],[-121.698765,37.191946],[-121.698747,37.19194],[-121.698736,37.191924],[-121.698742,37.191902],[-121.698767,37.191891],[-121.698792,37.19189],[-121.698854,37.191916],[-121.698905,37.191925],[-121.698934,37.191941],[-121.698945,37.191972],[-121.698931,37.191991],[-121.698902,37.191998],[-121.698858,37.191986],[-121.698843,37.191955],[-121.698829,37.191954],[-121.698823,37.191963]]]}},{"type":"Feature","properties":{"k":"green"},"geometry":{"type":"Polygon","coordinates":[[[-121.698862,37.192144],[-121.698819,37.192158],[-121.698765,37.192158],[-121.698614,37.192096],[-121.698583,37.192067],[-121.698569,37.192031],[-121.698587,37.191982],[-121.698644,37.191951],[-121.698695,37.191947],[-121.698763,37.191969],[-121.69883,37.192006],[-121.698909,37.192012],[-121.69895,37.192027],[-121.698976,37.192055],[-121.698968,37.192096],[-121.698944,37.192117],[-121.698862,37.192144]]]}},{"type":"Feature","properties":{"k":"green"},"geometry":{"type":"Polygon","coordinates":[[[-121.697122,37.189716],[-121.697089,37.189727],[-121.697052,37.189726],[-121.697032,37.189719],[-121.697007,37.189696],[-121.697003,37.189669],[-121.697015,37.18962],[-121.696989,37.189514],[-121.697001,37.18949],[-121.697036,37.189471],[-121.697069,37.189472],[-121.697089,37.189479],[-121.697188,37.189525],[-121.697211,37.189546],[-121.697209,37.189582],[-121.697169,37.18963],[-121.697122,37.189716]]]}},{"type":"Feature","properties":{"k":"tee"},"geometry":{"type":"Polygon","coordinates":[[[-121.697749,37.192788],[-121.697708,37.192787],[-121.697681,37.192759],[-121.697679,37.192734],[-121.697701,37.192709],[-121.697731,37.192712],[-121.697757,37.192733],[-121.697768,37.192763],[-121.697749,37.192788]]]}},{"type":"Feature","properties":{"k":"tee"},"geometry":{"type":"Polygon","coordinates":[[[-121.697581,37.19268],[-121.69753,37.192675],[-121.697438,37.192616],[-121.697424,37.192593],[-121.697437,37.192561],[-121.697463,37.192554],[-121.697498,37.192561],[-121.697564,37.192604],[-121.697597,37.192648],[-121.697594,37.192669],[-121.697581,37.19268]]]}},{"type":"Feature","properties":{"k":"tee"},"geometry":{"type":"Polygon","coordinates":[[[-121.6973,37.192369],[-121.697268,37.192366],[-121.697228,37.192319],[-121.697203,37.192264],[-121.697205,37.19224],[-121.697221,37.192229],[-121.697258,37.19223],[-121.697283,37.192259],[-121.697314,37.192343],[-121.697312,37.192361],[-121.6973,37.192369]]]}},{"type":"Feature","properties":{"k":"tee"},"geometry":{"type":"Polygon","coordinates":[[[-121.696918,37.192136],[-121.696887,37.192129],[-121.696863,37.1921],[-121.696864,37.192068],[-121.696879,37.19205],[-121.696913,37.192051],[-121.696941,37.192083],[-121.696946,37.192122],[-121.696918,37.192136]]]}},{"type":"Feature","properties":{"k":"bunker"},"geometry":{"type":"Polygon","coordinates":[[[-121.696806,37.190977],[-121.69676,37.191001],[-121.696734,37.190994],[-121.696728,37.190975],[-121.696734,37.190931],[-121.69669,37.190887],[-121.696696,37.190857],[-121.696715,37.190841],[-121.696759,37.190834],[-121.696801,37.19086],[-121.69681,37.190913],[-121.69684,37.190934],[-121.696845,37.19095],[-121.696832,37.190971],[-121.696806,37.190977]]]}},{"type":"Feature","properties":{"k":"fairway"},"geometry":{"type":"Polygon","coordinates":[[[-121.69706,37.191827],[-121.697002,37.191826],[-121.696948,37.191796],[-121.69691,37.191751],[-121.69686,37.191624],[-121.696751,37.191475],[-121.696422,37.191206],[-121.696343,37.191125],[-121.696319,37.191088],[-121.696302,37.191053],[-121.696289,37.190981],[-121.696312,37.190841],[-121.696261,37.190705],[-121.696254,37.190629],[-121.696261,37.190596],[-121.696281,37.190564],[-121.696343,37.190514],[-121.696383,37.190499],[-121.696428,37.190494],[-121.696477,37.190498],[-121.696633,37.190545],[-121.696685,37.190593],[-121.696703,37.190627],[-121.696707,37.190687],[-121.696649,37.190857],[-121.696643,37.190942],[-121.696676,37.191012],[-121.696702,37.191039],[-121.696872,37.191143],[-121.696905,37.191177],[-121.696996,37.191324],[-121.69704,37.191429],[-121.697127,37.191738],[-121.697114,37.191798],[-121.697102,37.191811],[-121.69706,37.191827]]]}},{"type":"Feature","properties":{"k":"bunker"},"geometry":{"type":"Polygon","coordinates":[[[-121.696983,37.189649],[-121.696951,37.189668],[-121.696931,37.189666],[-121.696914,37.189652],[-121.696916,37.189608],[-121.696892,37.189579],[-121.696899,37.189566],[-121.696918,37.18956],[-121.696927,37.189541],[-121.696963,37.189542],[-121.696978,37.189559],[-121.696974,37.189604],[-121.69699,37.189625],[-121.696983,37.189649]]]}},{"type":"Feature","properties":{"k":"bunker"},"geometry":{"type":"Polygon","coordinates":[[[-121.697267,37.189657],[-121.697244,37.189696],[-121.697228,37.189707],[-121.697197,37.189705],[-121.697179,37.189686],[-121.697182,37.189663],[-121.697209,37.189649],[-121.697199,37.189624],[-121.697208,37.189606],[-121.697243,37.189605],[-121.697278,37.189624],[-121.697283,37.189645],[-121.697267,37.189657]]]}},{"type":"Feature","properties":{"k":"bunker"},"geometry":{"type":"Polygon","coordinates":[[[-121.697131,37.189844],[-121.697077,37.189891],[-121.697055,37.18989],[-121.697039,37.189874],[-121.69704,37.189845],[-121.697074,37.189826],[-121.697072,37.189793],[-121.69709,37.189782],[-121.697118,37.189785],[-121.697139,37.189798],[-121.697145,37.18983],[-121.697131,37.189844]]]}},{"type":"Feature","properties":{"k":"stream"},"geometry":{"type":"LineString","coordinates":[[-121.696041,37.188519],[-121.69678,37.188909],[-121.697875,37.18913],[-121.69856,37.189631]]}},{"type":"Feature","properties":{"k":"bunker"},"geometry":{"type":"Polygon","coordinates":[[[-121.701192,37.191113],[-121.701153,37.191116],[-121.701141,37.19111],[-121.70113,37.191087],[-121.701092,37.191076],[-121.701086,37.191054],[-121.701108,37.191041],[-121.70111,37.191032],[-121.701075,37.191023],[-121.701066,37.191009],[-121.70107,37.190993],[-121.701097,37.190984],[-121.701119,37.190986],[-121.70115,37.191016],[-121.7012,37.191029],[-121.701204,37.191043],[-121.701194,37.19107],[-121.70121,37.191096],[-121.701192,37.191113]]]}},{"type":"Feature","properties":{"k":"bunker"},"geometry":{"type":"Polygon","coordinates":[[[-121.700604,37.191114],[-121.70057,37.191106],[-121.700561,37.191068],[-121.70058,37.191054],[-121.70063,37.191037],[-121.700659,37.191038],[-121.700673,37.191051],[-121.700657,37.19108],[-121.700675,37.191098],[-121.700675,37.191114],[-121.700646,37.191128],[-121.700604,37.191114]]]}},{"type":"Feature","properties":{"k":"tee"},"geometry":{"type":"Polygon","coordinates":[[[-121.697412,37.189027],[-121.697371,37.189021],[-121.697344,37.188998],[-121.697336,37.188975],[-121.697351,37.18895],[-121.697373,37.188943],[-121.697394,37.188946],[-121.697433,37.188973],[-121.697441,37.189004],[-121.697432,37.189018],[-121.697412,37.189027]]]}},{"type":"Feature","properties":{"k":"tee"},"geometry":{"type":"Polygon","coordinates":[[[-121.697658,37.189169],[-121.697553,37.189097],[-121.697547,37.189072],[-121.697563,37.189053],[-121.69761,37.189046],[-121.697682,37.18908],[-121.697777,37.189146],[-121.697786,37.189189],[-121.697765,37.189208],[-121.697723,37.189209],[-121.697658,37.189169]]]}},{"type":"Feature","properties":{"k":"tee"},"geometry":{"type":"Polygon","coordinates":[[[-121.698106,37.189403],[-121.698085,37.189412],[-121.698064,37.189411],[-121.697939,37.189335],[-121.697917,37.189309],[-121.697918,37.18929],[-121.69793,37.189275],[-121.697953,37.189267],[-121.697997,37.189275],[-121.698088,37.189327],[-121.698119,37.189364],[-121.698118,37.189389],[-121.698106,37.189403]]]}},{"type":"Feature","properties":{"k":"tee"},"geometry":{"type":"Polygon","coordinates":[[[-121.698465,37.189614],[-121.698448,37.189622],[-121.698419,37.189619],[-121.698374,37.189591],[-121.698365,37.189555],[-121.698374,37.189531],[-121.698391,37.189518],[-121.698427,37.18952],[-121.698471,37.189553],[-121.69848,37.189577],[-121.698465,37.189614]]]}},{"type":"Feature","properties":{"k":"green"},"geometry":{"type":"Polygon","coordinates":[[[-121.701021,37.191164],[-121.70095,37.191157],[-121.700907,37.191136],[-121.700807,37.191104],[-121.700778,37.191072],[-121.700763,37.191036],[-121.70077,37.190998],[-121.700794,37.190967],[-121.700844,37.190941],[-121.700909,37.190932],[-121.700965,37.190936],[-121.701023,37.190962],[-121.701047,37.190997],[-121.701056,37.191049],[-121.701085,37.19111],[-121.701067,37.191146],[-121.701021,37.191164]]]}},{"type":"Feature","properties":{"k":"bunker"},"geometry":{"type":"Polygon","coordinates":[[[-121.702486,37.190323],[-121.702457,37.190322],[-121.702434,37.190312],[-121.702421,37.190284],[-121.70244,37.190224],[-121.702465,37.190205],[-121.702504,37.190203],[-121.702521,37.190208],[-121.70254,37.190228],[-121.702536,37.190245],[-121.702504,37.190266],[-121.70251,37.190281],[-121.70255,37.190263],[-121.702567,37.190264],[-121.702618,37.190274],[-121.702638,37.190291],[-121.702639,37.190314],[-121.702624,37.19035],[-121.702597,37.190374],[-121.702552,37.19037],[-121.702503,37.190328],[-121.702486,37.190323]]]}},{"type":"Feature","properties":{"k":"tee"},"geometry":{"type":"Polygon","coordinates":[[[-121.699716,37.189736],[-121.699681,37.189735],[-121.699642,37.189719],[-121.699621,37.189693],[-121.699619,37.189681],[-121.699631,37.18966],[-121.699674,37.189651],[-121.699709,37.189662],[-121.699726,37.189675],[-121.699736,37.189688],[-121.69974,37.189719],[-121.699716,37.189736]]]}},{"type":"Feature","properties":{"k":"tee"},"geometry":{"type":"Polygon","coordinates":[[[-121.700047,37.189836],[-121.700001,37.189833],[-121.69989,37.189809],[-121.699864,37.189791],[-121.699865,37.189754],[-121.699894,37.189733],[-121.699946,37.189727],[-121.700054,37.189756],[-121.700077,37.189774],[-121.700084,37.189809],[-121.700074,37.189826],[-121.700047,37.189836]]]}},{"type":"Feature","properties":{"k":"tee"},"geometry":{"type":"Polygon","coordinates":[[[-121.700329,37.189904],[-121.700291,37.189912],[-121.700239,37.189901],[-121.700212,37.189879],[-121.700207,37.189865],[-121.700216,37.189836],[-121.700254,37.189822],[-121.700282,37.189823],[-121.700327,37.18984],[-121.700348,37.189867],[-121.700346,37.189888],[-121.700329,37.189904]]]}},{"type":"Feature","properties":{"k":"tee"},"geometry":{"type":"Polygon","coordinates":[[[-121.701055,37.19013],[-121.700994,37.190137],[-121.700962,37.190126],[-121.700947,37.190102],[-121.700957,37.190077],[-121.700991,37.190062],[-121.701036,37.190061],[-121.701054,37.190068],[-121.701084,37.190096],[-121.701081,37.190113],[-121.701055,37.19013]]]}},{"type":"Feature","properties":{"k":"fairway"},"geometry":{"type":"Polygon","coordinates":[[[-121.703166,37.19072],[-121.703081,37.190728],[-121.702966,37.190713],[-121.702692,37.190652],[-121.702157,37.190547],[-121.701489,37.190385],[-121.701414,37.19035],[-121.701363,37.19029],[-121.701358,37.190228],[-121.701366,37.190197],[-121.701388,37.190168],[-121.701421,37.190143],[-121.701508,37.190109],[-121.701574,37.190105],[-121.701679,37.190118],[-121.702038,37.190175],[-121.702169,37.190206],[-121.702249,37.190241],[-121.702349,37.190312],[-121.702459,37.190372],[-121.702551,37.1904],[-121.702669,37.190412],[-121.70287,37.190416],[-121.703032,37.190451],[-121.703164,37.190494],[-121.703236,37.190526],[-121.703267,37.190548],[-121.70328,37.19057],[-121.703282,37.190612],[-121.70326,37.190659],[-121.703229,37.190687],[-121.703166,37.19072]]]}},{"type":"Feature","properties":{"k":"green"},"geometry":{"type":"Polygon","coordinates":[[[-121.70462,37.191109],[-121.704538,37.191157],[-121.704494,37.191164],[-121.704416,37.191133],[-121.704336,37.191121],[-121.704303,37.191109],[-121.704282,37.191081],[-121.704282,37.191045],[-121.7043,37.191014],[-121.704337,37.190993],[-121.704451,37.190989],[-121.704541,37.190965],[-121.70459,37.190967],[-121.70464,37.190989],[-121.70466,37.191021],[-121.704656,37.191065],[-121.70462,37.191109]]]}},{"type":"Feature","properties":{"k":"fairway"},"geometry":{"type":"Polygon","coordinates":[[[-121.703812,37.191581],[-121.70353,37.191497],[-121.703469,37.191468],[-121.703375,37.1914],[-121.703336,37.191352],[-121.703287,37.191264],[-121.703252,37.191179],[-121.703226,37.191094],[-121.703226,37.191046],[-121.703239,37.191004],[-121.703265,37.190968],[-121.703298,37.190935],[-121.703339,37.190912],[-121.703378,37.190899],[-121.703416,37.190898],[-121.703492,37.190918],[-121.703523,37.190942],[-121.703543,37.190972],[-121.703604,37.191096],[-121.703705,37.191205],[-121.703813,37.191275],[-121.70392,37.191322],[-121.703961,37.191347],[-121.70398,37.191375],[-121.70399,37.191439],[-121.703965,37.191509],[-121.703874,37.191571],[-121.703812,37.191581]]]}},{"type":"Feature","properties":{"k":"bunker"},"geometry":{"type":"Polygon","coordinates":[[[-121.704489,37.191281],[-121.704465,37.191285],[-121.704429,37.191274],[-121.704393,37.191227],[-121.704315,37.191196],[-121.704298,37.191172],[-121.704302,37.191147],[-121.704333,37.191139],[-121.704362,37.191142],[-121.704409,37.191172],[-121.704447,37.19117],[-121.704478,37.19118],[-121.704488,37.191189],[-121.704486,37.191224],[-121.704502,37.191259],[-121.704489,37.191281]]]}},{"type":"Feature","properties":{"k":"path"},"geometry":{"type":"LineString","coordinates":[[-121.701387,37.192225],[-121.701258,37.192113],[-121.701225,37.192071]]}},{"type":"Feature","properties":{"k":"path"},"geometry":{"type":"LineString","coordinates":[[-121.701433,37.192297],[-121.701387,37.192225]]}},{"type":"Feature","properties":{"k":"tee"},"geometry":{"type":"Polygon","coordinates":[[[-121.705397,37.191326],[-121.705357,37.191335],[-121.70532,37.191318],[-121.705312,37.191289],[-121.705338,37.191255],[-121.70539,37.191246],[-121.705423,37.191265],[-121.705421,37.191306],[-121.705397,37.191326]]]}},{"type":"Feature","properties":{"k":"tee"},"geometry":{"type":"Polygon","coordinates":[[[-121.705225,37.191524],[-121.705166,37.191539],[-121.70512,37.191564],[-121.705095,37.191611],[-121.705114,37.191645],[-121.705143,37.191655],[-121.705173,37.191653],[-121.705302,37.191586],[-121.705316,37.191565],[-121.705306,37.191539],[-121.705279,37.191524],[-121.705225,37.191524]]]}},{"type":"Feature","properties":{"k":"tee"},"geometry":{"type":"Polygon","coordinates":[[[-121.704877,37.191744],[-121.704784,37.191777],[-121.70475,37.1918],[-121.704741,37.191829],[-121.704758,37.191858],[-121.70479,37.191871],[-121.704835,37.191868],[-121.704947,37.191817],[-121.704957,37.191794],[-121.704948,37.191769],[-121.704925,37.191751],[-121.704877,37.191744]]]}},{"type":"Feature","properties":{"k":"tee"},"geometry":{"type":"Polygon","coordinates":[[[-121.704354,37.192061],[-121.704307,37.192079],[-121.704258,37.192077],[-121.704238,37.19206],[-121.704236,37.192034],[-121.704262,37.192004],[-121.704283,37.191994],[-121.704305,37.191986],[-121.704348,37.191987],[-121.704381,37.192002],[-121.704388,37.192029],[-121.704373,37.192051],[-121.704354,37.192061]]]}},{"type":"Feature","properties":{"k":"bunker"},"geometry":{"type":"Polygon","coordinates":[[[-121.701281,37.191837],[-121.701228,37.191844],[-121.70121,37.191831],[-121.701208,37.191818],[-121.701223,37.191789],[-121.701194,37.191759],[-121.70119,37.191743],[-121.701213,37.191721],[-121.701243,37.191719],[-121.701267,37.19173],[-121.701285,37.191776],[-121.701311,37.191797],[-121.701309,37.191828],[-121.701281,37.191837]]]}},{"type":"Feature","properties":{"k":"fairway"},"geometry":{"type":"Polygon","coordinates":[[[-121.703543,37.192438],[-121.70338,37.192466],[-121.702828,37.192523],[-121.702712,37.192512],[-121.702525,37.192474],[-121.702454,37.192468],[-121.702046,37.192463],[-121.701987,37.192454],[-121.701915,37.192423],[-121.701884,37.192391],[-121.701863,37.192353],[-121.701856,37.192294],[-121.701868,37.192264],[-121.701894,37.192238],[-121.701942,37.192213],[-121.702102,37.192169],[-121.702313,37.192145],[-121.702531,37.192145],[-121.702649,37.192155],[-121.702853,37.192201],[-121.702892,37.192205],[-121.702988,37.192195],[-121.703161,37.192159],[-121.703277,37.192144],[-121.703379,37.192139],[-121.70356,37.192142],[-121.703618,37.192152],[-121.703683,37.192181],[-121.703716,37.192226],[-121.703723,37.19229],[-121.703691,37.192358],[-121.703657,37.19239],[-121.703607,37.192417],[-121.703543,37.192438]]]}},{"type":"Feature","properties":{"k":"green"},"geometry":{"type":"Polygon","coordinates":[[[-121.701565,37.19187],[-121.701508,37.191876],[-121.70143,37.191851],[-121.701392,37.191827],[-121.701354,37.191783],[-121.701346,37.191729],[-121.701354,37.191668],[-121.701371,37.191623],[-121.701402,37.191597],[-121.701444,37.191592],[-121.701468,37.191598],[-121.701505,37.191626],[-121.701594,37.191765],[-121.70161,37.191824],[-121.701589,37.191857],[-121.701565,37.19187]]]}},{"type":"Feature","properties":{"k":"water"},"geometry":{"type":"Polygon","coordinates":[[[-121.699675,37.192934],[-121.699553,37.193091],[-121.699453,37.193261],[-121.699352,37.193369],[-121.699207,37.193467],[-121.699001,37.193506],[-121.698836,37.193507],[-121.698682,37.193549],[-121.698677,37.193535],[-121.698827,37.193492],[-121.699003,37.193487],[-121.6992,37.193451],[-121.699336,37.193363],[-121.69944,37.193255],[-121.699579,37.193018],[-121.699657,37.192919],[-121.699675,37.192934]]]}},{"type":"Feature","properties":{"k":"water"},"geometry":{"type":"Polygon","coordinates":[[[-121.70104,37.19369],[-121.700818,37.193517],[-121.70055,37.193344],[-121.700196,37.193157],[-121.700166,37.19313],[-121.700069,37.192918],[-121.700025,37.192737],[-121.699923,37.192466],[-121.699834,37.19237],[-121.699724,37.192274],[-121.69937,37.192003],[-121.699223,37.191943],[-121.698752,37.191806],[-121.698275,37.191684],[-121.698048,37.191619],[-121.697926,37.191568],[-121.697575,37.191335],[-121.69738,37.191179],[-121.69721,37.190996],[-121.697058,37.190812],[-121.696892,37.190648],[-121.696758,37.19049],[-121.696664,37.190396],[-121.696581,37.190353],[-121.696487,37.190328],[-121.696374,37.190309],[-121.69633,37.190283],[-121.696324,37.19014],[-121.696301,37.190067],[-121.696221,37.189899],[-121.696205,37.189821],[-121.696213,37.189686],[-121.696252,37.189496],[-121.696327,37.18922],[-121.696358,37.18922],[-121.696244,37.189641],[-121.696228,37.189766],[-121.696231,37.189855],[-121.696329,37.19007],[-121.69635,37.190155],[-121.69635,37.190269],[-121.69638,37.190296],[-121.696536,37.190319],[-121.696609,37.190344],[-121.69668,37.190382],[-121.696761,37.190454],[-121.696887,37.190607],[-121.697035,37.190744],[-121.697259,37.191006],[-121.697371,37.191123],[-121.697484,37.191226],[-121.697633,37.191336],[-121.697789,37.191448],[-121.69795,37.19155],[-121.698076,37.191608],[-121.69887,37.191818],[-121.699248,37.191932],[-121.699409,37.191992],[-121.699799,37.1923],[-121.699979,37.192504],[-121.700024,37.192625],[-121.700105,37.192918],[-121.700159,37.193069],[-121.700194,37.193121],[-121.700224,37.193145],[-121.700474,37.193279],[-121.700777,37.193462],[-121.700923,37.193561],[-121.701062,37.193677],[-121.70104,37.19369]]]}},{"type":"Feature","properties":{"k":"water"},"geometry":{"type":"Polygon","coordinates":[[[-121.703531,37.190737],[-121.703487,37.190729],[-121.703428,37.190734],[-121.703214,37.190844],[-121.703164,37.190863],[-121.703126,37.190869],[-121.703073,37.190864],[-121.702896,37.190821],[-121.702685,37.190805],[-121.702659,37.190795],[-121.702606,37.190746],[-121.702497,37.1907],[-121.702191,37.190676],[-121.702009,37.190643],[-121.701901,37.190643],[-121.701814,37.190668],[-121.701622,37.190759],[-121.701363,37.190849],[-121.701133,37.190911],[-121.701098,37.190906],[-121.700759,37.1908],[-121.700686,37.190794],[-121.700635,37.190798],[-121.700503,37.190825],[-121.700453,37.19082],[-121.700398,37.1908],[-121.700241,37.190675],[-121.700016,37.190428],[-121.699838,37.190278],[-121.69974,37.190219],[-121.699457,37.190074],[-121.699285,37.190003],[-121.698946,37.189905],[-121.698854,37.189859],[-121.698583,37.189635],[-121.698589,37.189625],[-121.698868,37.18985],[-121.699041,37.189926],[-121.699152,37.189947],[-121.699297,37.189994],[-121.699472,37.190067],[-121.69976,37.190218],[-121.699854,37.190275],[-121.700041,37.190432],[-121.700255,37.190669],[-121.700407,37.190791],[-121.700456,37.190808],[-121.7005,37.190816],[-121.700684,37.190782],[-121.700766,37.19079],[-121.700858,37.190813],[-121.701101,37.190894],[-121.701159,37.190897],[-121.701433,37.190816],[-121.701614,37.190748],[-121.701799,37.19066],[-121.701889,37.190636],[-121.702006,37.190634],[-121.702199,37.190666],[-121.702465,37.190685],[-121.702556,37.190704],[-121.702608,37.190731],[-121.702661,37.19078],[-121.702691,37.190796],[-121.702933,37.190818],[-121.703066,37.190852],[-121.703115,37.190857],[-121.703153,37.190856],[-121.703188,37.190843],[-121.703424,37.190722],[-121.703506,37.190716],[-121.703539,37.190726],[-121.703531,37.190737]]]}},{"type":"Feature","properties":{"k":"water"},"geometry":{"type":"Polygon","coordinates":[[[-121.701361,37.198709],[-121.70125,37.198841],[-121.701182,37.198883],[-121.701079,37.198926],[-121.700999,37.198945],[-121.700896,37.198954],[-121.700782,37.199019],[-121.700647,37.199115],[-121.700386,37.199354],[-121.700393,37.19936],[-121.700517,37.199238],[-121.700658,37.19912],[-121.700794,37.199025],[-121.700898,37.198967],[-121.701004,37.198953],[-121.701085,37.198934],[-121.701191,37.19889],[-121.701259,37.198849],[-121.701372,37.198714],[-121.701361,37.198709]]]}},{"type":"Feature","properties":{"k":"tee"},"geometry":{"type":"Polygon","coordinates":[[[-121.701779,37.194332],[-121.701688,37.194257],[-121.701659,37.19425],[-121.701624,37.194255],[-121.701599,37.194273],[-121.701593,37.194297],[-121.7016,37.194311],[-121.701694,37.194379],[-121.701779,37.194332]]]}}]}