{"type":"FeatureCollection","features":[{"type":"Feature","properties":{"k":"hole","ref":"1","par":4},"geometry":{"type":"LineString","coordinates":[[-111.898298,33.675506],[-111.898595,33.673408],[-111.898896,33.672042]]}},{"type":"Feature","properties":{"k":"hole","ref":"2","par":4},"geometry":{"type":"LineString","coordinates":[[-111.89926,33.671739],[-111.899171,33.669709],[-111.89968,33.668984]]}},{"type":"Feature","properties":{"k":"hole","ref":"3","par":5},"geometry":{"type":"LineString","coordinates":[[-111.899556,33.66781],[-111.900104,33.665686],[-111.899209,33.663863]]}},{"type":"Feature","properties":{"k":"hole","ref":"4","par":4},"geometry":{"type":"LineString","coordinates":[[-111.898913,33.663637],[-111.89734,33.661609],[-111.896625,33.660709]]}},{"type":"Feature","properties":{"k":"hole","ref":"5","par":3},"geometry":{"type":"LineString","coordinates":[[-111.89692,33.660221],[-111.897886,33.661159]]}},{"type":"Feature","properties":{"k":"hole","ref":"6","par":4},"geometry":{"type":"LineString","coordinates":[[-111.898455,33.661419],[-111.899874,33.663479],[-111.900898,33.664555]]}},{"type":"Feature","properties":{"k":"hole","ref":"7","par":4},"geometry":{"type":"LineString","coordinates":[[-111.901118,33.664885],[-111.900677,33.666956],[-111.900172,33.668058]]}},{"type":"Feature","properties":{"k":"hole","ref":"8","par":3},"geometry":{"type":"LineString","coordinates":[[-111.900248,33.669024],[-111.899966,33.670704]]}},{"type":"Feature","properties":{"k":"hole","ref":"9","par":5},"geometry":{"type":"LineString","coordinates":[[-111.899981,33.671266],[-111.899373,33.673601],[-111.899082,33.675784]]}},{"type":"Feature","properties":{"k":"hole","ref":"10","par":4},"geometry":{"type":"LineString","coordinates":[[-111.896373,33.67547],[-111.896117,33.673164],[-111.895207,33.672005]]}},{"type":"Feature","properties":{"k":"hole","ref":"11","par":3},"geometry":{"type":"LineString","coordinates":[[-111.89468,33.672096],[-111.893208,33.671358]]}},{"type":"Feature","properties":{"k":"hole","ref":"12","par":4},"geometry":{"type":"LineString","coordinates":[[-111.892586,33.670887],[-111.893464,33.668805],[-111.893745,33.667309]]}},{"type":"Feature","properties":{"k":"hole","ref":"13","par":4},"geometry":{"type":"LineString","coordinates":[[-111.893663,33.666822],[-111.89408,33.665137],[-111.894603,33.664531]]}},{"type":"Feature","properties":{"k":"hole","ref":"14","par":5},"geometry":{"type":"LineString","coordinates":[[-111.894503,33.665782],[-111.89775,33.66913]]}},{"type":"Feature","properties":{"k":"hole","ref":"15","par":4},"geometry":{"type":"LineString","coordinates":[[-111.897293,33.669562],[-111.895424,33.667608],[-111.894299,33.6669]]}},{"type":"Feature","properties":{"k":"hole","ref":"16","par":4},"geometry":{"type":"LineString","coordinates":[[-111.893203,33.66697],[-111.892383,33.669225],[-111.892066,33.67027]]}},{"type":"Feature","properties":{"k":"hole","ref":"17","par":3},"geometry":{"type":"LineString","coordinates":[[-111.891748,33.670597],[-111.891807,33.671608]]}},{"type":"Feature","properties":{"k":"hole","ref":"18","par":5},"geometry":{"type":"LineString","coordinates":[[-111.892771,33.671588],[-111.89501,33.672998],[-111.895712,33.675422]]}},{"type":"Feature","properties":{"k":"green"},"geometry":{"type":"Polygon","coordinates":[[[-111.898929,33.672162],[-111.898948,33.672154],[-111.898973,33.672126],[-111.899035,33.671958],[-111.899023,33.671932],[-111.899008,33.67192],[-111.898983,33.671914],[-111.898841,33.671942],[-111.898805,33.671959],[-111.898779,33.672062],[-111.898782,33.67212],[-111.898802,33.672152],[-111.898839,33.67217],[-111.898889,33.672171],[-111.898929,33.672162]]]}},{"type":"Feature","properties":{"k":"bunker"},"geometry":{"type":"Polygon","coordinates":[[[-111.899075,33.672161],[-111.899099,33.67214],[-111.8991,33.67213],[-111.899095,33.672121],[-111.899053,33.672102],[-111.899056,33.672055],[-111.899024,33.67205],[-111.899007,33.67207],[-111.89901,33.672148],[-111.89904,33.672168],[-111.899075,33.672161]]]}},{"type":"Feature","properties":{"k":"tee"},"geometry":{"type":"Polygon","coordinates":[[[-111.898326,33.675542],[-111.898341,33.675522],[-111.898353,33.675404],[-111.898342,33.675391],[-111.898305,33.675381],[-111.898256,33.675405],[-111.89824,33.675489],[-111.898252,33.675522],[-111.898274,33.675544],[-111.898291,33.675551],[-111.898326,33.675542]]]}},{"type":"Feature","properties":{"k":"tee"},"geometry":{"type":"Polygon","coordinates":[[[-111.898358,33.675273],[-111.898388,33.675165],[-111.898367,33.67513],[-111.898335,33.675119],[-111.898304,33.67513],[-111.898282,33.675148],[-111.89828,33.675265],[-111.898289,33.675278],[-111.898318,33.675286],[-111.898358,33.675273]]]}},{"type":"Feature","properties":{"k":"tee"},"geometry":{"type":"Polygon","coordinates":[[[-111.898351,33.675038],[-111.898361,33.674976],[-111.898357,33.67495],[-111.898336,33.674932],[-111.898284,33.674935],[-111.898264,33.674949],[-111.898255,33.674978],[-111.898261,33.675063],[-111.898283,33.675079],[-111.898301,33.675078],[-111.89833,33.675066],[-111.898351,33.675038]]]}},{"type":"Feature","properties":{"k":"tee"},"geometry":{"type":"Polygon","coordinates":[[[-111.898417,33.674874],[-111.898436,33.674867],[-111.898449,33.674847],[-111.898449,33.674833],[-111.898435,33.674794],[-111.898438,33.67474],[-111.898431,33.674729],[-111.898404,33.67472],[-111.898347,33.674741],[-111.898338,33.674754],[-111.898336,33.674786],[-111.898353,33.674839],[-111.898375,33.674862],[-111.898399,33.674875],[-111.898417,33.674874]]]}},{"type":"Feature","properties":{"k":"tee"},"geometry":{"type":"Polygon","coordinates":[[[-111.898414,33.674681],[-111.898431,33.674647],[-111.898423,33.6746],[-111.898391,33.674582],[-111.898351,33.674587],[-111.898318,33.674619],[-111.898319,33.674661],[-111.898354,33.674697],[-111.898386,33.674698],[-111.898414,33.674681]]]}},{"type":"Feature","properties":{"k":"rough"},"geometry":{"type":"Polygon","coordinates":[[[-111.898271,33.674326],[-111.898342,33.67437],[-111.898374,33.674377],[-111.898438,33.674375],[-111.898491,33.674352],[-111.89852,33.674332],[-111.898564,33.674254],[-111.898641,33.674176],[-111.898663,33.674099],[-111.898681,33.674075],[-111.898745,33.674035],[-111.898795,33.673993],[-111.898823,33.673936],[-111.898832,33.673817],[-111.898805,33.673693],[-111.898826,33.673603],[-111.89891,33.673388],[-111.898921,33.673324],[-111.899004,33.673209],[-111.89902,33.673203],[-111.899038,33.673216],[-111.899136,33.672927],[-111.899155,33.67283],[-111.89909,33.672747],[-111.899064,33.672691],[-111.899048,33.672549],[-111.899056,33.672523],[-111.899104,33.67246],[-111.899103,33.672436],[-111.899084,33.67241],[-111.899081,33.67239],[-111.899158,33.672266],[-111.899228,33.672101],[-111.899182,33.671961],[-111.899178,33.671894],[-111.899134,33.67184],[-111.899075,33.671818],[-111.899039,33.671815],[-111.898916,33.671829],[-111.898852,33.671813],[-111.89882,33.671813],[-111.898786,33.671826],[-111.898714,33.671878],[-111.898635,33.67197],[-111.898584,33.672084],[-111.89858,33.672149],[-111.898611,33.672359],[-111.898608,33.672416],[-111.898556,33.672627],[-111.898531,33.672765],[-111.898531,33.672848],[-111.898509,33.672956],[-111.89847,33.673043],[-111.898328,33.673198],[-111.898256,33.673294],[-111.898244,33.67333],[-111.898243,33.673376],[-111.898265,33.673494],[-111.89827,33.673714],[-111.898286,33.67377],[-111.898278,33.673876],[-111.898232,33.674062],[-111.898212,33.674192],[-111.898215,33.674281],[-111.898271,33.674326]]]}},{"type":"Feature","properties":{"k":"path"},"geometry":{"type":"LineString","coordinates":[[-111.897705,33.676555],[-111.897682,33.676342],[-111.89771,33.676122],[-111.897837,33.675861],[-111.897863,33.675826],[-111.897898,33.67574],[-111.897918,33.675713],[-111.897964,33.675695],[-111.898122,33.67565],[-111.89827,33.675596],[-111.898407,33.675571],[-111.898426,33.675549],[-111.898417,33.6753],[-111.898439,33.675174],[-111.898401,33.675037],[-111.898395,33.674946],[-111.898303,33.674829],[-111.89829,33.67478],[-111.898283,33.674683],[-111.898223,33.674495],[-111.898198,33.674326],[-111.898204,33.674133],[-111.898265,33.673865],[-111.898273,33.673778],[-111.898253,33.673644],[-111.89825,33.673482],[-111.898224,33.673371],[-111.898226,33.673342],[-111.898245,33.673289],[-111.898316,33.673186],[-111.898454,33.673038],[-111.898476,33.673004],[-111.898501,33.672936],[-111.898531,33.672708],[-111.898595,33.672373],[-111.898568,33.672174],[-111.898568,33.672123],[-111.89857,33.672092],[-111.898597,33.672015],[-111.898651,33.671921],[-111.898719,33.671846],[-111.898816,33.671789],[-111.89894,33.671741],[-111.898984,33.671732],[-111.899062,33.671689],[-111.899084,33.671661],[-111.899096,33.671607],[-111.899095,33.671561]]}},{"type":"Feature","properties":{"k":"green"},"geometry":{"type":"Polygon","coordinates":[[[-111.899648,33.669128],[-111.899684,33.669122],[-111.899694,33.669114],[-111.899816,33.668974],[-111.89982,33.668938],[-111.899771,33.668875],[-111.899731,33.668872],[-111.89968,33.668883],[-111.899651,33.668904],[-111.89957,33.668928],[-111.899518,33.668966],[-111.899528,33.669016],[-111.899581,33.669103],[-111.899616,33.669124],[-111.899648,33.669128]]]}},{"type":"Feature","properties":{"k":"bunker"},"geometry":{"type":"Polygon","coordinates":[[[-111.899519,33.669116],[-111.899542,33.669103],[-111.89955,33.669083],[-111.899541,33.669063],[-111.899513,33.669056],[-111.899492,33.669067],[-111.89948,33.669087],[-111.899486,33.669114],[-111.899519,33.669116]]]}},{"type":"Feature","properties":{"k":"rough"},"geometry":{"type":"Polygon","coordinates":[[[-111.899541,33.669117],[-111.899558,33.6691],[-111.899557,33.669077],[-111.899536,33.669053],[-111.89952,33.669048],[-111.899499,33.669052],[-111.899468,33.669085],[-111.899474,33.669117],[-111.899501,33.669129],[-111.899541,33.669117]]]}},{"type":"Feature","properties":{"k":"fairway"},"geometry":{"type":"Polygon","coordinates":[[[-111.899557,33.669264],[-111.899591,33.669164],[-111.899641,33.669135],[-111.899571,33.669114],[-111.899498,33.669162],[-111.89944,33.669104],[-111.899479,33.669007],[-111.899529,33.66895],[-111.899509,33.668952],[-111.899469,33.66899],[-111.899339,33.669141],[-111.899289,33.669213],[-111.899266,33.669285],[-111.899197,33.669406],[-111.899138,33.669448],[-111.899055,33.66947],[-111.899026,33.669487],[-111.899006,33.669527],[-111.899023,33.669655],[-111.898999,33.669791],[-111.899002,33.669898],[-111.899015,33.66999],[-111.899047,33.67008],[-111.899069,33.670258],[-111.899087,33.670291],[-111.899107,33.670308],[-111.899176,33.670337],[-111.899225,33.670337],[-111.899263,33.670327],[-111.899324,33.670293],[-111.899377,33.670248],[-111.899388,33.670223],[-111.899394,33.670173],[-111.899307,33.669821],[-111.899305,33.66968],[-111.899331,33.669611],[-111.899405,33.66956],[-111.899428,33.669529],[-111.899432,33.669453],[-111.899422,33.669403],[-111.899468,33.66935],[-111.899536,33.669295],[-111.899557,33.669264]]]}},{"type":"Feature","properties":{"k":"bunker"},"geometry":{"type":"Polygon","coordinates":[[[-111.899415,33.66986],[-111.899449,33.669816],[-111.899446,33.669796],[-111.899414,33.669762],[-111.899423,33.669737],[-111.899444,33.669731],[-111.899462,33.669757],[-111.899492,33.66977],[-111.899506,33.669767],[-111.899518,33.669745],[-111.899548,33.669728],[-111.899559,33.669749],[-111.899596,33.669764],[-111.899616,33.669764],[-111.899636,33.669734],[-111.89964,33.669605],[-111.899689,33.669539],[-111.899681,33.669493],[-111.899687,33.669466],[-111.899723,33.669427],[-111.899732,33.669405],[-111.899727,33.669359],[-111.89976,33.669334],[-111.899762,33.669299],[-111.899706,33.669257],[-111.899713,33.669242],[-111.899752,33.669219],[-111.899767,33.66917],[-111.899814,33.669144],[-111.899821,33.669126],[-111.899808,33.669093],[-111.899789,33.66908],[-111.89975,33.669088],[-111.899708,33.669149],[-111.899678,33.669156],[-111.89963,33.669147],[-111.899593,33.669179],[-111.899595,33.669226],[-111.899572,33.669254],[-111.899609,33.669317],[-111.899606,33.669342],[-111.899578,33.669378],[-111.899573,33.669413],[-111.899532,33.669438],[-111.899511,33.669475],[-111.899535,33.669511],[-111.89961,33.669507],[-111.8996,33.669544],[-111.899567,33.669575],[-111.899562,33.669592],[-111.899574,33.669644],[-111.899559,33.669653],[-111.899491,33.669628],[-111.899434,33.669666],[-111.899425,33.669659],[-111.899456,33.669606],[-111.899453,33.669589],[-111.899422,33.669573],[-111.899402,33.669577],[-111.899351,33.669607],[-111.899322,33.669668],[-111.899317,33.669708],[-111.899338,33.669774],[-111.899316,33.669802],[-111.899316,33.669821],[-111.899358,33.669863],[-111.89936,33.669874],[-111.899344,33.669891],[-111.899341,33.669913],[-111.899343,33.669926],[-111.899378,33.669953],[-111.899385,33.669979],[-111.899378,33.670023],[-111.899399,33.67005],[-111.899419,33.670051],[-111.899439,33.670045],[-111.899441,33.67],[-111.899464,33.66996],[-111.89947,33.669925],[-111.899468,33.669907],[-111.899417,33.669876],[-111.899415,33.66986]]]}},{"type":"Feature","properties":{"k":"tee"},"geometry":{"type":"Polygon","coordinates":[[[-111.899367,33.671011],[-111.899381,33.670986],[-111.899376,33.670948],[-111.899367,33.670936],[-111.899323,33.670926],[-111.899294,33.670958],[-111.899302,33.671034],[-111.899321,33.671048],[-111.899342,33.671048],[-111.899357,33.671038],[-111.899367,33.671011]]]}},{"type":"Feature","properties":{"k":"tee"},"geometry":{"type":"Polygon","coordinates":[[[-111.899259,33.671231],[-111.899285,33.67121],[-111.899283,33.671191],[-111.899271,33.671133],[-111.899247,33.671116],[-111.899223,33.67112],[-111.899201,33.671138],[-111.899188,33.671211],[-111.899219,33.671231],[-111.899259,33.671231]]]}},{"type":"Feature","properties":{"k":"tee"},"geometry":{"type":"Polygon","coordinates":[[[-111.899256,33.671493],[-111.899269,33.671479],[-111.89928,33.671444],[-111.899281,33.671367],[-111.899264,33.671331],[-111.89925,33.671323],[-111.899223,33.671321],[-111.89921,33.671326],[-111.899191,33.671353],[-111.899188,33.671395],[-111.899144,33.671488],[-111.899144,33.671512],[-111.899152,33.671527],[-111.899171,33.671538],[-111.899207,33.671542],[-111.899237,33.671525],[-111.899256,33.671493]]]}},{"type":"Feature","properties":{"k":"tee"},"geometry":{"type":"Polygon","coordinates":[[[-111.899178,33.671672],[-111.899191,33.671729],[-111.899229,33.67177],[-111.899265,33.671776],[-111.89932,33.671745],[-111.899324,33.67172],[-111.899296,33.671687],[-111.899287,33.671632],[-111.899265,33.671614],[-111.89923,33.671611],[-111.899195,33.671623],[-111.899181,33.67164],[-111.899178,33.671672]]]}},{"type":"Feature","properties":{"k":"path"},"geometry":{"type":"LineString","coordinates":[[-111.899095,33.671561],[-111.899132,33.671365],[-111.899143,33.67114],[-111.89917,33.67107],[-111.899238,33.671],[-111.899247,33.670978],[-111.899256,33.670939],[-111.899251,33.670861],[-111.899227,33.670748],[-111.899137,33.67065],[-111.899049,33.67058],[-111.899011,33.670519],[-111.898933,33.670247],[-111.898927,33.670191],[-111.898939,33.670084],[-111.898934,33.670036],[-111.898915,33.669981],[-111.898833,33.669841],[-111.898805,33.669773],[-111.898807,33.669686],[-111.898819,33.669622],[-111.898873,33.669463],[-111.898884,33.66937],[-111.898905,33.669318],[-111.89897,33.669243],[-111.899068,33.669172],[-111.899162,33.669114],[-111.899392,33.668945],[-111.899412,33.668897],[-111.899409,33.668852],[-111.899419,33.668824],[-111.89954,33.668672],[-111.899629,33.668589],[-111.899735,33.668602],[-111.899874,33.668634],[-111.900023,33.668697],[-111.900156,33.668776],[-111.900213,33.668826],[-111.900238,33.668859],[-111.900362,33.669059]]}},{"type":"Feature","properties":{"k":"rough"},"geometry":{"type":"Polygon","coordinates":[[[-111.899491,33.670203],[-111.89953,33.670172],[-111.899552,33.670143],[-111.899565,33.670099],[-111.899563,33.669997],[-111.899616,33.669922],[-111.899624,33.669789],[-111.899696,33.66966],[-111.899814,33.669418],[-111.89978,33.669276],[-111.899794,33.669227],[-111.89986,33.669151],[-111.899878,33.66911],[-111.899888,33.669027],[-111.899909,33.668987],[-111.899943,33.668874],[-111.899899,33.668782],[-111.899856,33.66874],[-111.899793,33.668703],[-111.899701,33.668694],[-111.899537,33.668721],[-111.899505,33.668752],[-111.899487,33.668782],[-111.899451,33.668807],[-111.89943,33.668848],[-111.899429,33.668914],[-111.899394,33.668964],[-111.899276,33.669041],[-111.899194,33.669118],[-111.899044,33.669207],[-111.898964,33.669275],[-111.898894,33.669381],[-111.898877,33.66949],[-111.898822,33.669685],[-111.898816,33.669761],[-111.898833,33.669819],[-111.898905,33.669925],[-111.898961,33.670055],[-111.898939,33.670215],[-111.898996,33.670384],[-111.899023,33.670511],[-111.899037,33.670538],[-111.899086,33.670555],[-111.899121,33.670557],[-111.899156,33.670544],[-111.899225,33.670454],[-111.899308,33.670393],[-111.899403,33.670343],[-111.899429,33.670307],[-111.89945,33.670249],[-111.899491,33.670203]]]}},{"type":"Feature","properties":{"k":"green"},"geometry":{"type":"Polygon","coordinates":[[[-111.899158,33.664011],[-111.899202,33.664011],[-111.899222,33.664005],[-111.89925,33.663979],[-111.899266,33.663898],[-111.899334,33.663821],[-111.899339,33.663801],[-111.899329,33.663754],[-111.899311,33.663732],[-111.899288,33.663722],[-111.899253,33.663719],[-111.899221,33.663727],[-111.899185,33.663747],[-111.899072,33.663846],[-111.899064,33.663872],[-111.89907,33.663912],[-111.899107,33.66398],[-111.899135,33.664004],[-111.899158,33.664011]]]}},{"type":"Feature","properties":{"k":"fairway"},"geometry":{"type":"Polygon","coordinates":[[[-111.899588,33.664325],[-111.899552,33.664245],[-111.899526,33.664207],[-111.899502,33.664174],[-111.899462,33.664143],[-111.89927,33.664009],[-111.899156,33.664036],[-111.899111,33.663993],[-111.899123,33.664087],[-111.89911,33.664238],[-111.899189,33.664355],[-111.899272,33.664442],[-111.899286,33.664545],[-111.899304,33.664597],[-111.899462,33.664887],[-111.899506,33.664939],[-111.899562,33.664991],[-111.899628,33.665081],[-111.899705,33.66528],[-111.899895,33.665522],[-111.899923,33.665572],[-111.899942,33.665674],[-111.899899,33.665753],[-111.899849,33.666038],[-111.899799,33.666227],[-111.899803,33.666272],[-111.899827,33.666329],[-111.899865,33.666372],[-111.899907,33.66639],[-111.899976,33.666402],[-111.900025,33.66639],[-111.9001,33.666351],[-111.900127,33.666319],[-111.90015,33.666285],[-111.90024,33.666053],[-111.900282,33.665912],[-111.900281,33.665832],[-111.900266,33.665743],[-111.900292,33.665613],[-111.900286,33.665572],[-111.900226,33.665445],[-111.900162,33.665337],[-111.900122,33.665209],[-111.900116,33.665165],[-111.900088,33.665101],[-111.899944,33.664867],[-111.899876,33.664772],[-111.899848,33.664716],[-111.899815,33.664619],[-111.899787,33.664576],[-111.89968,33.664491],[-111.899613,33.664386],[-111.899588,33.664325]]]}},{"type":"Feature","properties":{"k":"bunker"},"geometry":{"type":"Polygon","coordinates":[[[-111.899401,33.664037],[-111.899406,33.664097],[-111.899434,33.664096],[-111.899454,33.664073],[-111.899484,33.664077],[-111.899502,33.664066],[-111.899501,33.664046],[-111.899478,33.66402],[-111.899478,33.663993],[-111.899462,33.663982],[-111.899433,33.663983],[-111.89943,33.66402],[-111.899401,33.664037]]]}},{"type":"Feature","properties":{"k":"bunker"},"geometry":{"type":"Polygon","coordinates":[[[-111.899319,33.664026],[-111.899328,33.664032],[-111.899358,33.664028],[-111.899368,33.664002],[-111.899407,33.663979],[-111.899383,33.663936],[-111.899361,33.663939],[-111.899348,33.663973],[-111.899299,33.664002],[-111.899298,33.664012],[-111.899319,33.664026]]]}},{"type":"Feature","properties":{"k":"bunker"},"geometry":{"type":"Polygon","coordinates":[[[-111.899292,33.663915],[-111.899278,33.663928],[-111.899273,33.663946],[-111.899273,33.663961],[-111.899282,33.663968],[-111.899303,33.663967],[-111.899342,33.663928],[-111.899369,33.663917],[-111.899351,33.663856],[-111.899315,33.663861],[-111.899289,33.663882],[-111.899292,33.663915]]]}},{"type":"Feature","properties":{"k":"rough"},"geometry":{"type":"Polygon","coordinates":[[[-111.899898,33.666493],[-111.900075,33.666469],[-111.900118,33.666443],[-111.900142,33.666418],[-111.900165,33.666384],[-111.90025,33.666201],[-111.900278,33.666092],[-111.900362,33.665998],[-111.900397,33.665828],[-111.900401,33.665681],[-111.900419,33.665614],[-111.900405,33.665491],[-111.900388,33.665424],[-111.900342,33.665358],[-111.90032,33.665285],[-111.900253,33.665175],[-111.900111,33.665005],[-111.900084,33.664954],[-111.900034,33.66481],[-111.900001,33.664753],[-111.89995,33.664701],[-111.899933,33.664659],[-111.89995,33.664552],[-111.899941,33.664519],[-111.899902,33.664471],[-111.899787,33.664387],[-111.899747,33.664371],[-111.8997,33.664373],[-111.899642,33.664357],[-111.899594,33.664267],[-111.899546,33.664153],[-111.899471,33.664046],[-111.899439,33.663939],[-111.899445,33.663874],[-111.899416,33.663728],[-111.899392,33.66369],[-111.899302,33.663609],[-111.899245,33.663612],[-111.899216,33.663639],[-111.89916,33.66365],[-111.89913,33.663667],[-111.899106,33.663689],[-111.8991,33.663716],[-111.899082,33.663738],[-111.899029,33.663751],[-111.898968,33.663798],[-111.898933,33.663868],[-111.898929,33.663912],[-111.898911,33.663963],[-111.898877,33.664014],[-111.898932,33.664153],[-111.898953,33.664184],[-111.898998,33.664218],[-111.899092,33.664263],[-111.899123,33.664297],[-111.899137,33.664354],[-111.89915,33.664508],[-111.899226,33.664586],[-111.899248,33.664695],[-111.899292,33.664782],[-111.899407,33.664899],[-111.899502,33.665082],[-111.899595,33.665228],[-111.899623,33.665296],[-111.899645,33.665451],[-111.899644,33.665503],[-111.899627,33.665649],[-111.899636,33.665742],[-111.899624,33.665814],[-111.8996,33.665888],[-111.899573,33.666074],[-111.899631,33.66623],[-111.899645,33.666302],[-111.899645,33.66636],[-111.899676,33.66641],[-111.899744,33.66649],[-111.899779,33.666511],[-111.899858,33.666506],[-111.899898,33.666493]]]}},{"type":"Feature","properties":{"k":"tee"},"geometry":{"type":"Polygon","coordinates":[[[-111.899875,33.666893],[-111.899901,33.666852],[-111.899913,33.666806],[-111.899905,33.666777],[-111.899876,33.666766],[-111.899855,33.666769],[-111.899827,33.666789],[-111.899805,33.666854],[-111.89981,33.666882],[-111.89983,33.666898],[-111.899852,33.666905],[-111.899875,33.666893]]]}},{"type":"Feature","properties":{"k":"tee"},"geometry":{"type":"Polygon","coordinates":[[[-111.899744,33.667138],[-111.899743,33.667086],[-111.89972,33.667069],[-111.899687,33.667073],[-111.899671,33.667082],[-111.899651,33.667121],[-111.899641,33.667164],[-111.899646,33.667193],[-111.899672,33.667204],[-111.899714,33.667198],[-111.899744,33.667138]]]}},{"type":"Feature","properties":{"k":"tee"},"geometry":{"type":"Polygon","coordinates":[[[-111.899604,33.667619],[-111.89962,33.6676],[-111.89962,33.667516],[-111.899649,33.667479],[-111.89966,33.66744],[-111.899656,33.667407],[-111.899622,33.667389],[-111.899587,33.667395],[-111.899551,33.667427],[-111.89952,33.667521],[-111.899515,33.667563],[-111.899532,33.667603],[-111.899553,33.667621],[-111.899576,33.667626],[-111.899604,33.667619]]]}},{"type":"Feature","properties":{"k":"tee"},"geometry":{"type":"Polygon","coordinates":[[[-111.899566,33.667842],[-111.899586,33.667832],[-111.899595,33.667814],[-111.8996,33.667756],[-111.899571,33.667737],[-111.899531,33.667738],[-111.8995,33.667765],[-111.899495,33.667808],[-111.899525,33.66784],[-111.899566,33.667842]]]}},{"type":"Feature","properties":{"k":"path"},"geometry":{"type":"LineString","coordinates":[[-111.899629,33.668589],[-111.899618,33.668561],[-111.89962,33.668514],[-111.899682,33.668361],[-111.899742,33.668182],[-111.89975,33.668127],[-111.899747,33.668067],[-111.899718,33.66804],[-111.899649,33.668018],[-111.899553,33.667973],[-111.899467,33.667914],[-111.899434,33.667869],[-111.899425,33.667809],[-111.899482,33.66749],[-111.89953,33.667379],[-111.899628,33.667281],[-111.89976,33.667202],[-111.899782,33.667169],[-111.899793,33.667114],[-111.89973,33.666943],[-111.899633,33.66672],[-111.899605,33.666672],[-111.899593,33.666607],[-111.899634,33.666427],[-111.899635,33.666377],[-111.899629,33.666299],[-111.899591,33.666163],[-111.899564,33.666103],[-111.899557,33.665996],[-111.899576,33.665938],[-111.899612,33.66575],[-111.899605,33.665615],[-111.899626,33.665442],[-111.89961,33.665327],[-111.899591,33.665261],[-111.89953,33.66515],[-111.899484,33.665083],[-111.899409,33.664927],[-111.899252,33.664755],[-111.899214,33.664597],[-111.899127,33.664507],[-111.899107,33.664323],[-111.899091,33.664291],[-111.898925,33.66418],[-111.898871,33.66406],[-111.898702,33.663529],[-111.898665,33.663489]]}},{"type":"Feature","properties":{"k":"green"},"geometry":{"type":"Polygon","coordinates":[[[-111.896696,33.660814],[-111.896746,33.660795],[-111.896777,33.66077],[-111.896781,33.660729],[-111.89676,33.660699],[-111.896683,33.660653],[-111.896618,33.660588],[-111.896592,33.660574],[-111.89656,33.660576],[-111.896512,33.660599],[-111.896495,33.660617],[-111.896488,33.660642],[-111.896499,33.660735],[-111.896523,33.660762],[-111.896585,33.660799],[-111.896656,33.660815],[-111.896696,33.660814]]]}},{"type":"Feature","properties":{"k":"fairway"},"geometry":{"type":"Polygon","coordinates":[[[-111.897091,33.661124],[-111.89706,33.661101],[-111.897058,33.661028],[-111.897044,33.660954],[-111.897013,33.66086],[-111.896895,33.660734],[-111.896817,33.6607],[-111.896813,33.660825],[-111.896707,33.660824],[-111.89673,33.660898],[-111.896692,33.661017],[-111.896692,33.661072],[-111.896746,33.661155],[-111.896821,33.661254],[-111.896895,33.661313],[-111.896975,33.661352],[-111.897102,33.661549],[-111.897165,33.66167],[-111.897347,33.661869],[-111.897402,33.661918],[-111.897682,33.662283],[-111.897727,33.662321],[-111.897818,33.662359],[-111.897868,33.662356],[-111.897898,33.662345],[-111.897926,33.662328],[-111.897987,33.662244],[-111.898005,33.662181],[-111.898006,33.662104],[-111.897986,33.662028],[-111.897779,33.661812],[-111.897629,33.661693],[-111.897544,33.661612],[-111.89744,33.661489],[-111.897328,33.661324],[-111.897238,33.661214],[-111.897091,33.661124]]]}},{"type":"Feature","properties":{"k":"bunker"},"geometry":{"type":"Polygon","coordinates":[[[-111.896632,33.660904],[-111.896655,33.660918],[-111.896677,33.660909],[-111.896675,33.660889],[-111.896698,33.660867],[-111.896691,33.660846],[-111.896677,33.660843],[-111.89664,33.660857],[-111.896614,33.660833],[-111.896589,33.660842],[-111.896585,33.660853],[-111.896599,33.6609],[-111.896632,33.660904]]]}},{"type":"Feature","properties":{"k":"bunker"},"geometry":{"type":"Polygon","coordinates":[[[-111.897664,33.661588],[-111.897717,33.66161],[-111.897739,33.661607],[-111.89776,33.661592],[-111.897752,33.661568],[-111.897723,33.661551],[-111.897691,33.661549],[-111.897672,33.661511],[-111.897658,33.6615],[-111.897641,33.661499],[-111.89762,33.661512],[-111.897603,33.661544],[-111.897575,33.661549],[-111.897565,33.661576],[-111.897598,33.661599],[-111.897645,33.661582],[-111.897664,33.661588]]]}},{"type":"Feature","properties":{"k":"rough"},"geometry":{"type":"Polygon","coordinates":[[[-111.897841,33.662448],[-111.897925,33.662447],[-111.897957,33.66243],[-111.897999,33.662402],[-111.898063,33.662321],[-111.898071,33.662284],[-111.898056,33.662225],[-111.898038,33.662051],[-111.897983,33.661852],[-111.897931,33.661773],[-111.897886,33.661723],[-111.897813,33.661679],[-111.8978,33.661657],[-111.897791,33.661576],[-111.897723,33.66151],[-111.897624,33.661453],[-111.897512,33.661412],[-111.897427,33.661396],[-111.897311,33.661248],[-111.89728,33.661195],[-111.897099,33.661001],[-111.897078,33.660971],[-111.897064,33.660885],[-111.896986,33.660723],[-111.896957,33.660699],[-111.8969,33.660689],[-111.896856,33.660668],[-111.896815,33.66053],[-111.896795,33.660496],[-111.896753,33.660467],[-111.89669,33.660444],[-111.896582,33.660451],[-111.89653,33.660478],[-111.89642,33.660565],[-111.896367,33.660664],[-111.896372,33.660741],[-111.896432,33.6609],[-111.896472,33.660939],[-111.896634,33.661051],[-111.896666,33.661088],[-111.896751,33.661226],[-111.896793,33.661273],[-111.896797,33.66133],[-111.896899,33.661437],[-111.896969,33.661495],[-111.897061,33.661596],[-111.897151,33.661796],[-111.897257,33.661959],[-111.897541,33.662243],[-111.897633,33.662347],[-111.897671,33.662415],[-111.897715,33.662447],[-111.897795,33.662453],[-111.897841,33.662448]]]}},{"type":"Feature","properties":{"k":"tee"},"geometry":{"type":"Polygon","coordinates":[[[-111.898144,33.662871],[-111.898157,33.662861],[-111.898158,33.662832],[-111.898117,33.662739],[-111.898094,33.662725],[-111.898056,33.662726],[-111.898027,33.662748],[-111.898031,33.662789],[-111.898044,33.662814],[-111.898076,33.662859],[-111.898094,33.66287],[-111.898126,33.662877],[-111.898144,33.662871]]]}},{"type":"Feature","properties":{"k":"tee"},"geometry":{"type":"Polygon","coordinates":[[[-111.898401,33.663082],[-111.898438,33.663054],[-111.89844,33.663029],[-111.89842,33.663014],[-111.898404,33.662968],[-111.898367,33.662955],[-111.898336,33.662927],[-111.898306,33.66292],[-111.898258,33.66293],[-111.898241,33.662966],[-111.898249,33.662987],[-111.898284,33.663018],[-111.898322,33.663072],[-111.898373,33.663089],[-111.898401,33.663082]]]}},{"type":"Feature","properties":{"k":"tee"},"geometry":{"type":"Polygon","coordinates":[[[-111.898541,33.663339],[-111.89856,33.663301],[-111.898551,33.66323],[-111.898529,33.663187],[-111.898467,33.663167],[-111.898439,33.663169],[-111.898392,33.663189],[-111.898384,33.663215],[-111.898452,33.663332],[-111.89848,33.663344],[-111.898515,33.663348],[-111.898541,33.663339]]]}},{"type":"Feature","properties":{"k":"tee"},"geometry":{"type":"Polygon","coordinates":[[[-111.898764,33.663549],[-111.898778,33.663568],[-111.898828,33.663573],[-111.898852,33.663562],[-111.898877,33.663523],[-111.898876,33.663503],[-111.898848,33.663461],[-111.898862,33.663416],[-111.89886,33.663387],[-111.898848,33.663365],[-111.898814,33.663343],[-111.898746,33.663353],[-111.898695,33.66341],[-111.898692,33.66343],[-111.898703,33.663455],[-111.898738,33.663491],[-111.898764,33.663549]]]}},{"type":"Feature","properties":{"k":"tee"},"geometry":{"type":"Polygon","coordinates":[[[-111.898923,33.663653],[-111.898939,33.663626],[-111.898933,33.663611],[-111.898919,33.663603],[-111.898901,33.663605],[-111.898872,33.663623],[-111.898869,33.663636],[-111.89888,33.663655],[-111.898903,33.663659],[-111.898923,33.663653]]]}},{"type":"Feature","properties":{"k":"path"},"geometry":{"type":"LineString","coordinates":[[-111.898665,33.663489],[-111.898595,33.663433],[-111.898433,33.663372],[-111.898385,33.663339],[-111.898342,33.663269],[-111.898286,33.663107],[-111.898231,33.663024],[-111.898137,33.662946],[-111.898077,33.662907],[-111.897722,33.662546],[-111.897656,33.662415],[-111.897599,33.662329],[-111.897214,33.661932],[-111.89713,33.661792],[-111.89707,33.66164],[-111.897007,33.661555],[-111.896865,33.661426],[-111.896751,33.661299],[-111.896728,33.661267],[-111.896678,33.661138],[-111.896645,33.661087],[-111.896363,33.66087],[-111.896329,33.660835],[-111.896289,33.660761],[-111.896277,33.660714],[-111.896295,33.660628],[-111.89634,33.660542],[-111.896387,33.660472],[-111.896473,33.66041],[-111.896626,33.660332],[-111.896672,33.660295],[-111.896705,33.660259],[-111.896748,33.660179],[-111.896767,33.660159],[-111.896829,33.660136],[-111.896873,33.660136],[-111.897012,33.660162],[-111.897134,33.660139],[-111.897172,33.660139],[-111.897243,33.660165]]}},{"type":"Feature","properties":{"k":"green"},"geometry":{"type":"Polygon","coordinates":[[[-111.897989,33.661284],[-111.897999,33.661245],[-111.897988,33.661162],[-111.897991,33.66113],[-111.898008,33.661089],[-111.897997,33.661054],[-111.897982,33.661039],[-111.897914,33.661018],[-111.897871,33.661016],[-111.897829,33.661026],[-111.897795,33.661065],[-111.897789,33.661096],[-111.897779,33.66117],[-111.897781,33.661197],[-111.897799,33.661226],[-111.897854,33.661272],[-111.897915,33.661303],[-111.897954,33.661306],[-111.897989,33.661284]]]}},{"type":"Feature","properties":{"k":"bunker"},"geometry":{"type":"Polygon","coordinates":[[[-111.898055,33.661205],[-111.89808,33.661192],[-111.898083,33.661178],[-111.898077,33.661164],[-111.898058,33.661154],[-111.898053,33.661133],[-111.898041,33.661127],[-111.898016,33.661137],[-111.898014,33.661169],[-111.898027,33.661195],[-111.898055,33.661205]]]}},{"type":"Feature","properties":{"k":"bunker"},"geometry":{"type":"Polygon","coordinates":[[[-111.897711,33.66086],[-111.897727,33.660844],[-111.897727,33.660831],[-111.897716,33.660819],[-111.89769,33.660815],[-111.897678,33.660829],[-111.897678,33.660846],[-111.897692,33.66086],[-111.897711,33.66086]]]}},{"type":"Feature","properties":{"k":"bunker"},"geometry":{"type":"Polygon","coordinates":[[[-111.897482,33.660824],[-111.8975,33.660833],[-111.897552,33.660831],[-111.897583,33.660845],[-111.897587,33.660856],[-111.897554,33.660884],[-111.89755,33.66093],[-111.897517,33.660973],[-111.897508,33.661001],[-111.897515,33.661011],[-111.897552,33.661021],[-111.897575,33.661004],[-111.897594,33.660971],[-111.897604,33.660981],[-111.897615,33.661049],[-111.89765,33.661078],[-111.897658,33.661099],[-111.897631,33.661163],[-111.897654,33.661176],[-111.897667,33.661171],[-111.897695,33.661152],[-111.897699,33.661137],[-111.89775,33.661155],[-111.897765,33.661147],[-111.89777,33.661121],[-111.897731,33.661084],[-111.897733,33.661077],[-111.897754,33.661075],[-111.89777,33.661057],[-111.897752,33.661026],[-111.897757,33.661007],[-111.897794,33.661021],[-111.897833,33.661],[-111.897842,33.660979],[-111.897825,33.660956],[-111.897787,33.660944],[-111.897777,33.660932],[-111.897741,33.660915],[-111.897728,33.660887],[-111.897666,33.660863],[-111.897653,33.660839],[-111.897694,33.660779],[-111.897692,33.660747],[-111.897659,33.66073],[-111.897623,33.660693],[-111.897611,33.660649],[-111.897595,33.660629],[-111.897557,33.660607],[-111.897443,33.660648],[-111.897306,33.660631],[-111.897233,33.660606],[-111.897206,33.660607],[-111.897197,33.660616],[-111.897201,33.66065],[-111.89724,33.660684],[-111.897322,33.660687],[-111.89738,33.660729],[-111.897436,33.660733],[-111.897458,33.660743],[-111.897482,33.660824]]]}},{"type":"Feature","properties":{"k":"rough"},"geometry":{"type":"Polygon","coordinates":[[[-111.897726,33.661368],[-111.897765,33.661387],[-111.897928,33.661434],[-111.897967,33.661437],[-111.898056,33.661423],[-111.898104,33.661403],[-111.898137,33.661339],[-111.898192,33.661275],[-111.898212,33.66111],[-111.898241,33.661068],[-111.89824,33.66103],[-111.898087,33.660921],[-111.898068,33.660898],[-111.898055,33.660862],[-111.897886,33.660705],[-111.897805,33.660697],[-111.897715,33.660725],[-111.897548,33.660579],[-111.89745,33.660631],[-111.897164,33.660587],[-111.897195,33.660708],[-111.897426,33.660787],[-111.897506,33.660913],[-111.897488,33.661005],[-111.897573,33.661048],[-111.897627,33.661108],[-111.897604,33.661165],[-111.897637,33.661194],[-111.897622,33.661212],[-111.897619,33.661248],[-111.897639,33.661302],[-111.897656,33.661324],[-111.897726,33.661368]]]}},{"type":"Feature","properties":{"k":"tee"},"geometry":{"type":"Polygon","coordinates":[[[-111.897431,33.660597],[-111.897493,33.660569],[-111.897519,33.660544],[-111.897509,33.6605],[-111.897464,33.660446],[-111.897419,33.66043],[-111.897343,33.660451],[-111.897279,33.660453],[-111.897231,33.660471],[-111.897217,33.660488],[-111.897216,33.660522],[-111.897254,33.660551],[-111.897312,33.660556],[-111.897371,33.660592],[-111.897431,33.660597]]]}},{"type":"Feature","properties":{"k":"tee"},"geometry":{"type":"Polygon","coordinates":[[[-111.897349,33.660395],[-111.897371,33.660359],[-111.89737,33.660338],[-111.897357,33.660317],[-111.897273,33.660247],[-111.897242,33.660204],[-111.897181,33.66017],[-111.897093,33.66019],[-111.89708,33.660235],[-111.897113,33.660269],[-111.897149,33.66029],[-111.897186,33.660366],[-111.897251,33.660402],[-111.897278,33.660408],[-111.897306,33.66041],[-111.897349,33.660395]]]}},{"type":"Feature","properties":{"k":"tee"},"geometry":{"type":"Polygon","coordinates":[[[-111.897023,33.660269],[-111.89703,33.660249],[-111.897026,33.660226],[-111.896996,33.660192],[-111.896922,33.660179],[-111.896889,33.660187],[-111.896877,33.660204],[-111.896874,33.660242],[-111.896944,33.660294],[-111.896966,33.660305],[-111.896989,33.660301],[-111.897023,33.660269]]]}},{"type":"Feature","properties":{"k":"path"},"geometry":{"type":"LineString","coordinates":[[-111.897232,33.66016],[-111.897269,33.660187],[-111.897345,33.660269],[-111.897492,33.660392],[-111.897565,33.660478],[-111.897653,33.660536],[-111.897809,33.660584],[-111.897865,33.660619],[-111.89794,33.660699],[-111.897962,33.660742],[-111.898001,33.660788],[-111.898138,33.660935],[-111.898281,33.661042],[-111.898338,33.661106],[-111.898363,33.661147],[-111.898373,33.66119],[-111.898357,33.661482]]}},{"type":"Feature","properties":{"k":"green"},"geometry":{"type":"Polygon","coordinates":[[[-111.900998,33.664562],[-111.900962,33.664477],[-111.900926,33.664431],[-111.900893,33.66441],[-111.900823,33.664404],[-111.90078,33.664417],[-111.900739,33.664448],[-111.900718,33.664511],[-111.900725,33.664543],[-111.900759,33.664604],[-111.900793,33.664628],[-111.900827,33.664642],[-111.900873,33.66465],[-111.900949,33.664642],[-111.900994,33.664615],[-111.900998,33.664562]]]}},{"type":"Feature","properties":{"k":"fairway"},"geometry":{"type":"Polygon","coordinates":[[[-111.900415,33.664222],[-111.900484,33.6643],[-111.900616,33.664481],[-111.900695,33.66453],[-111.900706,33.664403],[-111.900868,33.664367],[-111.900939,33.664427],[-111.900829,33.664239],[-111.900777,33.664181],[-111.900653,33.664064],[-111.900544,33.663945],[-111.900488,33.663903],[-111.900429,33.66387],[-111.900389,33.663832],[-111.900311,33.663778],[-111.900297,33.663739],[-111.900282,33.663618],[-111.900261,33.66357],[-111.900208,33.663526],[-111.900062,33.663439],[-111.900019,33.663405],[-111.899964,33.663353],[-111.899861,33.663224],[-111.899646,33.663024],[-111.899583,33.662925],[-111.899514,33.662775],[-111.899435,33.6627],[-111.899385,33.662681],[-111.89928,33.662665],[-111.899228,33.662673],[-111.899132,33.662759],[-111.899062,33.662922],[-111.899094,33.663024],[-111.899133,33.663096],[-111.899227,33.663214],[-111.89928,33.663256],[-111.899404,33.663326],[-111.899549,33.663445],[-111.899658,33.663552],[-111.899766,33.663638],[-111.899865,33.663689],[-111.900072,33.663772],[-111.900113,33.663814],[-111.900242,33.664014],[-111.900415,33.664222]]]}},{"type":"Feature","properties":{"k":"rough"},"geometry":{"type":"Polygon","coordinates":[[[-111.90008,33.664106],[-111.90009,33.664141],[-111.90013,33.664223],[-111.900156,33.664253],[-111.900256,33.664295],[-111.900319,33.664339],[-111.900401,33.66435],[-111.900423,33.664381],[-111.900413,33.664486],[-111.900427,33.664539],[-111.900455,33.664579],[-111.900496,33.664632],[-111.900533,33.664656],[-111.900586,33.664672],[-111.900666,33.664755],[-111.900737,33.664799],[-111.900775,33.664815],[-111.900838,33.664815],[-111.900916,33.66479],[-111.900962,33.66476],[-111.901035,33.664734],[-111.901092,33.664703],[-111.901142,33.6646],[-111.901141,33.664545],[-111.901116,33.664463],[-111.901112,33.664427],[-111.901121,33.664403],[-111.901067,33.664377],[-111.90104,33.664356],[-111.900885,33.664196],[-111.900651,33.663935],[-111.9005,33.663838],[-111.90044,33.663786],[-111.900411,33.663744],[-111.900401,33.663696],[-111.900412,33.66357],[-111.900388,33.663542],[-111.900143,33.6634],[-111.900029,33.663285],[-111.899862,33.663107],[-111.899719,33.662903],[-111.899658,33.662841],[-111.899589,33.662734],[-111.899569,33.662681],[-111.899464,33.662585],[-111.899399,33.662537],[-111.899272,33.66248],[-111.899148,33.662454],[-111.899103,33.662456],[-111.899055,33.662469],[-111.898979,33.662532],[-111.898955,33.662586],[-111.898976,33.662721],[-111.899,33.662978],[-111.899048,33.663125],[-111.899084,33.663182],[-111.899304,33.663404],[-111.899378,33.663505],[-111.899549,33.663644],[-111.899672,33.663711],[-111.899748,33.663734],[-111.899824,33.663747],[-111.899944,33.663795],[-111.900021,33.663781],[-111.900061,33.663803],[-111.900063,33.663832],[-111.900043,33.663934],[-111.900044,33.663995],[-111.900053,33.664057],[-111.90008,33.664106]]]}},{"type":"Feature","properties":{"k":"tee"},"geometry":{"type":"Polygon","coordinates":[[[-111.898821,33.662414],[-111.898831,33.662384],[-111.898794,33.662324],[-111.898772,33.662301],[-111.89874,33.662302],[-111.898709,33.662328],[-111.898703,33.662368],[-111.898734,33.662407],[-111.89877,33.662432],[-111.898821,33.662414]]]}},{"type":"Feature","properties":{"k":"tee"},"geometry":{"type":"Polygon","coordinates":[[[-111.898716,33.661956],[-111.898729,33.661944],[-111.898736,33.661911],[-111.898696,33.661867],[-111.898677,33.661819],[-111.898658,33.661807],[-111.898644,33.661809],[-111.898579,33.66184],[-111.898561,33.661867],[-111.898562,33.661883],[-111.89857,33.661903],[-111.898611,33.661938],[-111.898665,33.661966],[-111.898705,33.661963],[-111.898716,33.661956]]]}},{"type":"Feature","properties":{"k":"tee"},"geometry":{"type":"Polygon","coordinates":[[[-111.898596,33.661761],[-111.89861,33.661742],[-111.898613,33.661705],[-111.898605,33.661689],[-111.898567,33.661668],[-111.898552,33.661647],[-111.898568,33.661607],[-111.898569,33.661568],[-111.898537,33.661536],[-111.8985,33.661535],[-111.898479,33.661543],[-111.898422,33.66159],[-111.898413,33.661613],[-111.898422,33.66167],[-111.898468,33.661749],[-111.898492,33.661767],[-111.898526,33.661784],[-111.898548,33.661786],[-111.898596,33.661761]]]}},{"type":"Feature","properties":{"k":"tee"},"geometry":{"type":"Polygon","coordinates":[[[-111.898503,33.661482],[-111.898533,33.661443],[-111.898522,33.661391],[-111.898472,33.661358],[-111.898421,33.661356],[-111.898406,33.661364],[-111.898385,33.661407],[-111.898392,33.661472],[-111.898407,33.661487],[-111.898449,33.661498],[-111.898486,33.661492],[-111.898503,33.661482]]]}},{"type":"Feature","properties":{"k":"path"},"geometry":{"type":"LineString","coordinates":[[-111.898357,33.661482],[-111.89837,33.661625],[-111.898395,33.661707],[-111.898531,33.661899],[-111.898577,33.662033],[-111.898641,33.662144],[-111.898793,33.662251],[-111.898893,33.662359],[-111.898939,33.662383],[-111.898986,33.662402],[-111.899226,33.662454],[-111.899365,33.6625],[-111.899414,33.662529],[-111.899513,33.662603],[-111.89959,33.662689],[-111.89968,33.662844],[-111.899768,33.662938],[-111.899876,33.663097],[-111.899923,33.663144],[-111.900018,33.663221],[-111.900214,33.663311],[-111.900349,33.663404],[-111.900385,33.663441],[-111.900434,33.663543],[-111.900423,33.663716],[-111.900462,33.663783],[-111.900599,33.663881],[-111.900771,33.664037],[-111.900871,33.664164],[-111.900985,33.664272],[-111.901048,33.664346],[-111.901123,33.66439],[-111.901175,33.664409],[-111.90123,33.664452],[-111.901255,33.664517],[-111.901231,33.664628],[-111.901188,33.664713],[-111.901072,33.664797],[-111.90105,33.664822],[-111.900986,33.664926],[-111.900966,33.664991]]}},{"type":"Feature","properties":{"k":"green"},"geometry":{"type":"Polygon","coordinates":[[[-111.90021,33.668166],[-111.900264,33.668107],[-111.900285,33.668046],[-111.900289,33.668004],[-111.900277,33.667968],[-111.900244,33.667934],[-111.900202,33.66792],[-111.900156,33.667922],[-111.900116,33.667934],[-111.900081,33.66797],[-111.900057,33.668115],[-111.90008,33.668172],[-111.900105,33.66819],[-111.900132,33.668199],[-111.900156,33.668195],[-111.90021,33.668166]]]}},{"type":"Feature","properties":{"k":"fairway"},"geometry":{"type":"Polygon","coordinates":[[[-111.900078,33.667698],[-111.900039,33.667738],[-111.90002,33.667802],[-111.900065,33.667959],[-111.900127,33.667894],[-111.90026,33.667926],[-111.900292,33.66795],[-111.900307,33.667922],[-111.900361,33.66789],[-111.900403,33.667849],[-111.900452,33.667759],[-111.900555,33.667489],[-111.900577,33.667458],[-111.90069,33.667351],[-111.900762,33.667214],[-111.900824,33.667069],[-111.900884,33.666843],[-111.900879,33.66671],[-111.900891,33.66665],[-111.900994,33.666495],[-111.901022,33.66638],[-111.901028,33.666268],[-111.901003,33.666144],[-111.900973,33.666091],[-111.90092,33.666062],[-111.90085,33.666062],[-111.900809,33.666075],[-111.900736,33.666137],[-111.900705,33.666181],[-111.900669,33.666278],[-111.900667,33.666318],[-111.900689,33.66644],[-111.900675,33.666477],[-111.900576,33.666566],[-111.900554,33.666611],[-111.900533,33.666722],[-111.900477,33.666889],[-111.900483,33.667067],[-111.900429,33.667156],[-111.900406,33.667232],[-111.900403,33.667276],[-111.900383,33.667321],[-111.900331,33.66739],[-111.900262,33.667422],[-111.900192,33.667483],[-111.900131,33.667645],[-111.900078,33.667698]]]}},{"type":"Feature","properties":{"k":"bunker"},"geometry":{"type":"Polygon","coordinates":[[[-111.900379,33.668179],[-111.900392,33.668171],[-111.900401,33.66814],[-111.900388,33.668077],[-111.900411,33.668061],[-111.900407,33.668012],[-111.900412,33.667994],[-111.90047,33.66794],[-111.900464,33.667901],[-111.900474,33.667894],[-111.900506,33.667803],[-111.900484,33.667784],[-111.900457,33.667783],[-111.900441,33.667793],[-111.900429,33.667859],[-111.900387,33.667878],[-111.900374,33.667908],[-111.900341,33.667919],[-111.900323,33.667941],[-111.900349,33.667985],[-111.900349,33.668001],[-111.900336,33.668022],[-111.900308,33.668038],[-111.900291,33.668108],[-111.900306,33.668129],[-111.900334,33.668137],[-111.900341,33.668173],[-111.900353,33.668181],[-111.900379,33.668179]]]}},{"type":"Feature","properties":{"k":"rough"},"geometry":{"type":"Polygon","coordinates":[[[-111.899776,33.668112],[-111.89981,33.668188],[-111.899903,33.668283],[-111.899941,33.668311],[-111.899993,33.668329],[-111.900057,33.668339],[-111.900163,33.668326],[-111.900201,33.668308],[-111.900307,33.668239],[-111.900354,33.66819],[-111.900373,33.668125],[-111.900382,33.668001],[-111.900471,33.667809],[-111.900481,33.66775],[-111.900559,33.667551],[-111.900588,33.66749],[-111.900687,33.667411],[-111.90076,33.667329],[-111.900894,33.667053],[-111.900954,33.666975],[-111.900963,33.666944],[-111.90093,33.666874],[-111.900921,33.666823],[-111.900935,33.666803],[-111.900998,33.666761],[-111.901022,33.666727],[-111.901065,33.666606],[-111.901083,33.666408],[-111.901069,33.666291],[-111.901037,33.666119],[-111.901003,33.666049],[-111.900976,33.666031],[-111.900894,33.666005],[-111.900809,33.666011],[-111.90078,33.666023],[-111.900642,33.666125],[-111.900611,33.666173],[-111.900592,33.6663],[-111.900568,33.666351],[-111.900456,33.666529],[-111.900419,33.666624],[-111.900415,33.666712],[-111.900427,33.666851],[-111.900411,33.666898],[-111.900321,33.667085],[-111.90028,33.667195],[-111.900207,33.667323],[-111.900128,33.667505],[-111.900068,33.667586],[-111.899974,33.667673],[-111.899948,33.667714],[-111.899924,33.667794],[-111.899781,33.668015],[-111.899769,33.668087],[-111.899776,33.668112]]]}},{"type":"Feature","properties":{"k":"tee"},"geometry":{"type":"Polygon","coordinates":[[[-111.901006,33.665703],[-111.901009,33.665669],[-111.900989,33.665641],[-111.900948,33.66563],[-111.90092,33.665638],[-111.90091,33.665652],[-111.900902,33.6657],[-111.900901,33.66572],[-111.900912,33.665735],[-111.90095,33.665747],[-111.900985,33.665738],[-111.901006,33.665703]]]}},{"type":"Feature","properties":{"k":"tee"},"geometry":{"type":"Polygon","coordinates":[[[-111.90098,33.665461],[-111.901011,33.665439],[-111.901012,33.665406],[-111.901004,33.665392],[-111.90097,33.665363],[-111.900925,33.665364],[-111.900904,33.665397],[-111.900898,33.665437],[-111.900905,33.665458],[-111.900933,33.665472],[-111.90098,33.665461]]]}},{"type":"Feature","properties":{"k":"tee"},"geometry":{"type":"Polygon","coordinates":[[[-111.901004,33.665283],[-111.90103,33.665259],[-111.901022,33.665195],[-111.901034,33.665153],[-111.901051,33.665138],[-111.9011,33.665117],[-111.901117,33.665028],[-111.90108,33.665],[-111.90104,33.665],[-111.901017,33.665013],[-111.901002,33.665045],[-111.900988,33.665122],[-111.900937,33.665227],[-111.90094,33.665265],[-111.900965,33.665283],[-111.901004,33.665283]]]}},{"type":"Feature","properties":{"k":"tee"},"geometry":{"type":"Polygon","coordinates":[[[-111.901147,33.664961],[-111.901166,33.664906],[-111.901162,33.664871],[-111.901148,33.664856],[-111.901123,33.664848],[-111.901087,33.664853],[-111.901044,33.66491],[-111.901038,33.664935],[-111.901045,33.664956],[-111.901072,33.66498],[-111.901089,33.664985],[-111.901131,33.664973],[-111.901147,33.664961]]]}},{"type":"Feature","properties":{"k":"path"},"geometry":{"type":"LineString","coordinates":[[-111.900966,33.664991],[-111.900953,33.665072],[-111.90093,33.665137],[-111.900891,33.66521],[-111.90089,33.665246],[-111.900899,33.665276],[-111.900925,33.665307],[-111.901024,33.665349],[-111.901052,33.665408],[-111.901054,33.66547],[-111.901037,33.6656],[-111.901047,33.665702],[-111.901019,33.66579],[-111.900918,33.665901],[-111.900656,33.666099],[-111.900625,33.666128],[-111.900601,33.666164],[-111.90058,33.666294],[-111.900567,33.666326],[-111.900439,33.666523],[-111.900405,33.666612],[-111.900412,33.666837],[-111.900407,33.666871],[-111.900358,33.666985],[-111.900297,33.667101],[-111.900258,33.667199],[-111.900191,33.667322],[-111.900125,33.667478],[-111.900062,33.667567],[-111.899948,33.667679],[-111.899858,33.667873],[-111.899736,33.668056]]}},{"type":"Feature","properties":{"k":"green"},"geometry":{"type":"Polygon","coordinates":[[[-111.899908,33.670827],[-111.899954,33.67085],[-111.899978,33.670855],[-111.900032,33.670841],[-111.900064,33.670811],[-111.900064,33.670755],[-111.900098,33.67067],[-111.900096,33.670633],[-111.90009,33.670618],[-111.900053,33.670588],[-111.899983,33.67056],[-111.899957,33.670557],[-111.899905,33.670568],[-111.899874,33.670605],[-111.899847,33.670679],[-111.899836,33.670732],[-111.899845,33.670773],[-111.899908,33.670827]]]}},{"type":"Feature","properties":{"k":"fairway"},"geometry":{"type":"Polygon","coordinates":[[[-111.899812,33.670469],[-111.899784,33.670547],[-111.899781,33.670614],[-111.899795,33.670655],[-111.89983,33.670714],[-111.899863,33.670561],[-111.899976,33.670534],[-111.900116,33.67058],[-111.900111,33.670673],[-111.900198,33.670573],[-111.900228,33.670514],[-111.900217,33.67042],[-111.900176,33.67036],[-111.900124,33.670323],[-111.900058,33.6703],[-111.90002,33.670299],[-111.899938,33.67033],[-111.899895,33.670363],[-111.899812,33.670469]]]}},{"type":"Feature","properties":{"k":"rough"},"geometry":{"type":"Polygon","coordinates":[[[-111.899622,33.670681],[-111.899628,33.670754],[-111.899666,33.670794],[-111.899683,33.670843],[-111.899698,33.670861],[-111.899775,33.670899],[-111.899837,33.670957],[-111.899884,33.670976],[-111.899934,33.670967],[-111.899956,33.670971],[-111.899989,33.670982],[-111.900058,33.671024],[-111.900125,33.671009],[-111.90014,33.670996],[-111.900174,33.670925],[-111.90027,33.670813],[-111.900249,33.670726],[-111.900269,33.670671],[-111.900304,33.670622],[-111.90031,33.670535],[-111.900337,33.670471],[-111.900351,33.670391],[-111.900307,33.670227],[-111.900312,33.670106],[-111.900259,33.670084],[-111.900137,33.670096],[-111.900112,33.670105],[-111.900083,33.670132],[-111.900048,33.670201],[-111.900022,33.670226],[-111.899898,33.670292],[-111.899875,33.670311],[-111.899838,33.670373],[-111.899713,33.670443],[-111.899669,33.670491],[-111.89965,33.670525],[-111.899625,33.670619],[-111.899622,33.670681]]]}},{"type":"Feature","properties":{"k":"tee"},"geometry":{"type":"Polygon","coordinates":[[[-111.900364,33.669519],[-111.900375,33.669509],[-111.900386,33.66944],[-111.900377,33.669424],[-111.900351,33.669421],[-111.900338,33.669433],[-111.900308,33.669509],[-111.900334,33.669527],[-111.900364,33.669519]]]}},{"type":"Feature","properties":{"k":"tee"},"geometry":{"type":"Polygon","coordinates":[[[-111.900287,33.669437],[-111.900305,33.669409],[-111.900298,33.669367],[-111.900265,33.669353],[-111.900241,33.669382],[-111.900235,33.66943],[-111.900259,33.669443],[-111.900287,33.669437]]]}},{"type":"Feature","properties":{"k":"tee"},"geometry":{"type":"Polygon","coordinates":[[[-111.900324,33.669344],[-111.900346,33.669368],[-111.900374,33.669375],[-111.900388,33.66937],[-111.900395,33.669339],[-111.90039,33.669321],[-111.90035,33.669286],[-111.900317,33.669276],[-111.900278,33.66924],[-111.900239,33.669235],[-111.900218,33.669247],[-111.900205,33.669266],[-111.900216,33.669291],[-111.900283,33.669313],[-111.900324,33.669344]]]}},{"type":"Feature","properties":{"k":"tee"},"geometry":{"type":"Polygon","coordinates":[[[-111.900353,33.66915],[-111.900327,33.669118],[-111.900292,33.66912],[-111.900279,33.669146],[-111.900283,33.669186],[-111.900313,33.669204],[-111.900344,33.669203],[-111.900358,33.669178],[-111.900353,33.66915]]]}},{"type":"Feature","properties":{"k":"tee"},"geometry":{"type":"Polygon","coordinates":[[[-111.900222,33.66918],[-111.90024,33.66917],[-111.900258,33.669131],[-111.900239,33.6691],[-111.900209,33.669092],[-111.900167,33.669131],[-111.900164,33.669163],[-111.900187,33.669185],[-111.900222,33.66918]]]}},{"type":"Feature","properties":{"k":"tee"},"geometry":{"type":"Polygon","coordinates":[[[-111.900258,33.669074],[-111.90029,33.669067],[-111.900294,33.669049],[-111.900279,33.668984],[-111.900271,33.668976],[-111.900245,33.668973],[-111.900215,33.668996],[-111.900209,33.669029],[-111.900212,33.669049],[-111.900258,33.669074]]]}},{"type":"Feature","properties":{"k":"path"},"geometry":{"type":"LineString","coordinates":[[-111.900362,33.669059],[-111.900423,33.66916],[-111.900438,33.669218],[-111.900436,33.669324],[-111.900449,33.669385],[-111.900418,33.669547],[-111.900418,33.669651],[-111.900345,33.669938],[-111.900325,33.670134],[-111.900326,33.670245],[-111.900367,33.67041],[-111.900358,33.670458],[-111.900335,33.670513],[-111.90033,33.670553],[-111.900346,33.670676],[-111.900333,33.670726],[-111.900295,33.670805],[-111.900197,33.670915],[-111.900121,33.671084],[-111.90009,33.671114],[-111.899939,33.67119],[-111.89991,33.671218]]}},{"type":"Feature","properties":{"k":"green"},"geometry":{"type":"Polygon","coordinates":[[[-111.899128,33.675848],[-111.899184,33.675815],[-111.899212,33.675726],[-111.899206,33.675688],[-111.899186,33.675655],[-111.899138,33.67564],[-111.899109,33.675645],[-111.899045,33.675705],[-111.898996,33.675726],[-111.898969,33.675753],[-111.898949,33.675794],[-111.898943,33.675854],[-111.898965,33.675907],[-111.899007,33.675918],[-111.899026,33.675913],[-111.899128,33.675848]]]}},{"type":"Feature","properties":{"k":"fairway"},"geometry":{"type":"Polygon","coordinates":[[[-111.898893,33.675343],[-111.898889,33.675411],[-111.898923,33.675474],[-111.898939,33.675487],[-111.898986,33.675502],[-111.899091,33.675573],[-111.899106,33.675615],[-111.899079,33.675654],[-111.899123,33.67564],[-111.89917,33.675646],[-111.899186,33.675655],[-111.899212,33.675706],[-111.899269,33.675592],[-111.899282,33.675548],[-111.89928,33.675517],[-111.899242,33.675435],[-111.899184,33.675357],[-111.899183,33.675328],[-111.899237,33.6752],[-111.899341,33.67479],[-111.899356,33.674677],[-111.899349,33.67463],[-111.899351,33.674585],[-111.899366,33.674528],[-111.899365,33.674405],[-111.899306,33.674278],[-111.899315,33.674263],[-111.899379,33.674221],[-111.899427,33.674174],[-111.899467,33.674114],[-111.899494,33.674039],[-111.899506,33.673936],[-111.899477,33.673772],[-111.899478,33.67374],[-111.899541,33.673636],[-111.899555,33.673583],[-111.899558,33.67352],[-111.899536,33.673374],[-111.899553,33.673328],[-111.899629,33.673246],[-111.89971,33.673175],[-111.899739,33.67313],[-111.899809,33.672855],[-111.899839,33.672678],[-111.899843,33.672576],[-111.899821,33.672502],[-111.899793,33.672461],[-111.899735,33.672419],[-111.89967,33.672402],[-111.899603,33.672402],[-111.899562,33.672416],[-111.899517,33.672451],[-111.899499,33.672499],[-111.899498,33.672524],[-111.899518,33.672597],[-111.899584,33.672776],[-111.899588,33.672831],[-111.899569,33.672862],[-111.899493,33.672905],[-111.899404,33.672971],[-111.899281,33.67309],[-111.899245,33.673145],[-111.899212,33.673392],[-111.899155,33.67355],[-111.899151,33.673588],[-111.899161,33.673679],[-111.899238,33.673909],[-111.899239,33.673939],[-111.899103,33.674071],[-111.899078,33.674103],[-111.899051,33.674162],[-111.899031,33.674339],[-111.898959,33.674606],[-111.898951,33.674723],[-111.898977,33.674802],[-111.898982,33.674899],[-111.898961,33.675002],[-111.898909,33.675179],[-111.898893,33.675343]]]}},{"type":"Feature","properties":{"k":"bunker"},"geometry":{"type":"Polygon","coordinates":[[[-111.899369,33.67265],[-111.899385,33.672669],[-111.899433,33.672672],[-111.899444,33.672714],[-111.899423,33.672743],[-111.899434,33.672765],[-111.899466,33.672781],[-111.899473,33.672838],[-111.899494,33.672851],[-111.899536,33.672841],[-111.89955,33.672831],[-111.899555,33.672806],[-111.899531,33.672762],[-111.899548,33.672706],[-111.899533,33.672644],[-111.899474,33.672639],[-111.899442,33.67258],[-111.89941,33.672557],[-111.899391,33.672556],[-111.899361,33.672563],[-111.899347,33.672582],[-111.89935,33.672602],[-111.899374,33.67262],[-111.899369,33.67265]]]}},{"type":"Feature","properties":{"k":"bunker"},"geometry":{"type":"Polygon","coordinates":[[[-111.899611,33.673428],[-111.899646,33.673421],[-111.89966,33.673398],[-111.899651,33.673374],[-111.899662,33.673365],[-111.899689,33.673359],[-111.8997,33.673345],[-111.899699,33.673317],[-111.899717,33.673296],[-111.899716,33.673281],[-111.89971,33.673262],[-111.899684,33.673243],[-111.899652,33.673268],[-111.89965,33.67329],[-111.899558,33.673346],[-111.899561,33.673369],[-111.899581,33.673385],[-111.899597,33.673422],[-111.899611,33.673428]]]}},{"type":"Feature","properties":{"k":"bunker"},"geometry":{"type":"Polygon","coordinates":[[[-111.899266,33.675345],[-111.899273,33.675325],[-111.899265,33.675314],[-111.899239,33.675303],[-111.899223,33.675309],[-111.899217,33.675329],[-111.899226,33.675349],[-111.899257,33.675352],[-111.899266,33.675345]]]}},{"type":"Feature","properties":{"k":"bunker"},"geometry":{"type":"Polygon","coordinates":[[[-111.898837,33.675564],[-111.898842,33.675615],[-111.898879,33.675652],[-111.898868,33.675673],[-111.898825,33.675705],[-111.898824,33.675717],[-111.898846,33.675768],[-111.898829,33.675792],[-111.89878,33.675819],[-111.898768,33.675845],[-111.898782,33.675862],[-111.898832,33.675876],[-111.898807,33.675908],[-111.898811,33.675922],[-111.898827,33.675938],[-111.898868,33.675948],[-111.898876,33.675984],[-111.898901,33.675995],[-111.898935,33.67599],[-111.898972,33.676015],[-111.898998,33.676015],[-111.89904,33.675981],[-111.899045,33.675962],[-111.899035,33.675952],[-111.898983,33.675944],[-111.89895,33.675932],[-111.898912,33.675894],[-111.898935,33.675831],[-111.898922,33.675743],[-111.898954,33.67574],[-111.898959,33.675701],[-111.898971,33.675687],[-111.898984,33.67569],[-111.898989,33.675708],[-111.899027,33.675699],[-111.899031,33.675679],[-111.89901,33.675653],[-111.899014,33.675645],[-111.899056,33.675649],[-111.899073,33.675634],[-111.899079,33.675604],[-111.899055,33.675569],[-111.899018,33.675554],[-111.898985,33.675516],[-111.898965,33.675513],[-111.898916,33.675539],[-111.89888,33.675525],[-111.898868,33.675503],[-111.89888,33.675471],[-111.898882,33.675438],[-111.898854,33.675414],[-111.898793,33.67541],[-111.898772,33.675434],[-111.89877,33.675448],[-111.898785,33.675472],[-111.898809,33.675487],[-111.898806,33.675499],[-111.898784,33.675513],[-111.898782,33.675537],[-111.898805,33.675554],[-111.898837,33.675564]]]}},{"type":"Feature","properties":{"k":"rough"},"geometry":{"type":"Polygon","coordinates":[[[-111.898731,33.675262],[-111.89871,33.675472],[-111.898719,33.675539],[-111.898749,33.675611],[-111.898731,33.675735],[-111.898727,33.675839],[-111.898735,33.675865],[-111.898757,33.675907],[-111.898793,33.675949],[-111.898829,33.675987],[-111.898868,33.676014],[-111.898972,33.676047],[-111.899011,33.676052],[-111.899065,33.676049],[-111.899148,33.676018],[-111.899194,33.675989],[-111.89922,33.675955],[-111.89926,33.675928],[-111.899289,33.675893],[-111.899325,33.675818],[-111.899351,33.675478],[-111.899404,33.675304],[-111.899417,33.675236],[-111.899396,33.67515],[-111.899368,33.675092],[-111.899349,33.674979],[-111.899447,33.674721],[-111.899451,33.674684],[-111.899403,33.67438],[-111.899485,33.674244],[-111.899507,33.674184],[-111.899528,33.673984],[-111.899552,33.673874],[-111.899549,33.673849],[-111.899512,33.67379],[-111.899516,33.673751],[-111.899525,33.67372],[-111.899612,33.673642],[-111.89963,33.673598],[-111.899784,33.673361],[-111.899857,33.673015],[-111.899863,33.672924],[-111.899853,33.672778],[-111.899872,33.672637],[-111.899868,33.672506],[-111.899858,33.672477],[-111.899781,33.672399],[-111.899743,33.672379],[-111.899693,33.672365],[-111.899601,33.672359],[-111.899501,33.672381],[-111.899458,33.6724],[-111.899327,33.672494],[-111.899287,33.672545],[-111.899276,33.672611],[-111.899292,33.672758],[-111.899275,33.672809],[-111.899277,33.672871],[-111.899256,33.672918],[-111.899228,33.672946],[-111.899174,33.672941],[-111.899136,33.672927],[-111.899038,33.673216],[-111.89905,33.673255],[-111.899101,33.673324],[-111.899137,33.673355],[-111.89913,33.673495],[-111.899103,33.673648],[-111.899117,33.673735],[-111.899147,33.673797],[-111.899145,33.673829],[-111.899097,33.673968],[-111.898966,33.674127],[-111.898951,33.674155],[-111.898931,33.67425],[-111.898933,33.674303],[-111.898911,33.674423],[-111.898861,33.674658],[-111.898832,33.674715],[-111.898838,33.674907],[-111.89879,33.675046],[-111.898731,33.675262]]]}},{"type":"Feature","properties":{"k":"tee"},"geometry":{"type":"Polygon","coordinates":[[[-111.899826,33.672233],[-111.899839,33.672196],[-111.899838,33.672145],[-111.899812,33.672122],[-111.899794,33.67212],[-111.899765,33.672133],[-111.89975,33.67215],[-111.899736,33.672183],[-111.899737,33.672216],[-111.899741,33.672228],[-111.899777,33.672247],[-111.899811,33.672244],[-111.899826,33.672233]]]}},{"type":"Feature","properties":{"k":"tee"},"geometry":{"type":"Polygon","coordinates":[[[-111.899756,33.671995],[-111.899768,33.671983],[-111.899788,33.671923],[-111.899787,33.671891],[-111.899767,33.671876],[-111.899715,33.671865],[-111.899679,33.6719],[-111.899681,33.671934],[-111.899667,33.671965],[-111.899669,33.671982],[-111.899679,33.671996],[-111.899699,33.672003],[-111.899738,33.672004],[-111.899756,33.671995]]]}},{"type":"Feature","properties":{"k":"tee"},"geometry":{"type":"Polygon","coordinates":[[[-111.899837,33.671734],[-111.899854,33.671703],[-111.899885,33.671591],[-111.89986,33.67156],[-111.899838,33.671552],[-111.899795,33.671553],[-111.899755,33.671568],[-111.899742,33.671583],[-111.899722,33.671704],[-111.899744,33.671734],[-111.899791,33.671745],[-111.899837,33.671734]]]}},{"type":"Feature","properties":{"k":"tee"},"geometry":{"type":"Polygon","coordinates":[[[-111.899999,33.671459],[-111.900027,33.671358],[-111.900041,33.671257],[-111.900007,33.67122],[-111.899962,33.671217],[-111.899893,33.671278],[-111.899868,33.671319],[-111.899882,33.671419],[-111.899871,33.671447],[-111.899874,33.671474],[-111.899905,33.671512],[-111.899943,33.671512],[-111.899981,33.671497],[-111.899999,33.671459]]]}},{"type":"Feature","properties":{"k":"path"},"geometry":{"type":"LineString","coordinates":[[-111.89991,33.671218],[-111.899842,33.671284],[-111.899821,33.671336],[-111.899834,33.671441],[-111.899847,33.671473],[-111.899923,33.671563],[-111.89994,33.671616],[-111.899865,33.671818],[-111.899832,33.671965],[-111.899842,33.672051],[-111.899867,33.672099],[-111.899885,33.672175],[-111.899854,33.672352],[-111.899887,33.672592],[-111.899871,33.672747],[-111.899875,33.672995],[-111.89982,33.673323],[-111.899783,33.673403],[-111.899702,33.673515],[-111.899624,33.673651],[-111.899604,33.673794],[-111.899547,33.673964],[-111.899516,33.674225],[-111.899463,33.674304],[-111.899432,33.674386],[-111.89943,33.674421],[-111.899459,33.674591],[-111.899466,33.674693],[-111.899458,33.674743],[-111.899367,33.674984],[-111.89937,33.675029],[-111.899433,33.675229],[-111.899434,33.675262],[-111.899361,33.67552],[-111.899351,33.675784],[-111.899321,33.675881],[-111.899271,33.675939],[-111.899191,33.676008],[-111.899139,33.676035],[-111.899073,33.676062],[-111.899011,33.676065],[-111.898962,33.676058],[-111.898862,33.676027],[-111.898832,33.676007],[-111.898771,33.675942],[-111.898701,33.675849],[-111.898632,33.675714],[-111.898613,33.67566],[-111.89859,33.675627],[-111.898544,33.675611],[-111.898493,33.67562],[-111.898283,33.6757],[-111.89821,33.675719],[-111.898009,33.67568]]}},{"type":"Feature","properties":{"k":"green"},"geometry":{"type":"Polygon","coordinates":[[[-111.895356,33.672032],[-111.895354,33.672006],[-111.895336,33.671966],[-111.8953,33.671934],[-111.895106,33.671875],[-111.89506,33.67189],[-111.895044,33.67191],[-111.895041,33.67196],[-111.895069,33.672047],[-111.8951,33.67207],[-111.895162,33.6721],[-111.895249,33.672125],[-111.89531,33.672117],[-111.895341,33.672086],[-111.895356,33.672032]]]}},{"type":"Feature","properties":{"k":"bunker"},"geometry":{"type":"Polygon","coordinates":[[[-111.895007,33.672048],[-111.895035,33.672043],[-111.895039,33.672029],[-111.895012,33.671989],[-111.894981,33.671984],[-111.894972,33.671994],[-111.894984,33.672041],[-111.895007,33.672048]]]}},{"type":"Feature","properties":{"k":"bunker"},"geometry":{"type":"Polygon","coordinates":[[[-111.895063,33.672179],[-111.895093,33.672182],[-111.895135,33.672173],[-111.895152,33.672204],[-111.89518,33.672213],[-111.895231,33.672195],[-111.895206,33.672164],[-111.895164,33.67214],[-111.895072,33.672111],[-111.895074,33.672079],[-111.895057,33.672064],[-111.895038,33.672063],[-111.894983,33.672075],[-111.894976,33.672107],[-111.895,33.672126],[-111.895032,33.672128],[-111.895041,33.672163],[-111.895063,33.672179]]]}},{"type":"Feature","properties":{"k":"bunker"},"geometry":{"type":"Polygon","coordinates":[[[-111.896388,33.673169],[-111.896473,33.673172],[-111.8965,33.673159],[-111.89651,33.673139],[-111.896488,33.67312],[-111.896452,33.673111],[-111.896455,33.673075],[-111.896444,33.673047],[-111.896419,33.673034],[-111.896387,33.673038],[-111.896384,33.673012],[-111.896367,33.672985],[-111.896353,33.672977],[-111.89632,33.672976],[-111.896301,33.672994],[-111.896282,33.673069],[-111.896288,33.673079],[-111.896332,33.673101],[-111.896355,33.673151],[-111.896388,33.673169]]]}},{"type":"Feature","properties":{"k":"bunker"},"geometry":{"type":"Polygon","coordinates":[[[-111.896522,33.673317],[-111.896553,33.673287],[-111.896554,33.673277],[-111.89653,33.673252],[-111.896535,33.673235],[-111.896524,33.673206],[-111.896496,33.673202],[-111.896469,33.67322],[-111.896451,33.673244],[-111.896452,33.673263],[-111.896476,33.67328],[-111.896491,33.673332],[-111.896507,33.673334],[-111.896522,33.673317]]]}},{"type":"Feature","properties":{"k":"rough"},"geometry":{"type":"Polygon","coordinates":[[[-111.895889,33.673547],[-111.895887,33.673583],[-111.895903,33.673654],[-111.895967,33.67386],[-111.895955,33.673893],[-111.895884,33.673936],[-111.895916,33.673971],[-111.895982,33.674169],[-111.89598,33.674221],[-111.896028,33.674188],[-111.89608,33.674169],[-111.896202,33.674145],[-111.896294,33.674113],[-111.896386,33.674062],[-111.896414,33.674025],[-111.89649,33.673662],[-111.896502,33.673539],[-111.896527,33.673488],[-111.896597,33.673388],[-111.896619,33.673299],[-111.896617,33.673177],[-111.896581,33.67304],[-111.896506,33.672906],[-111.896456,33.672848],[-111.89641,33.672817],[-111.896271,33.672751],[-111.896212,33.672631],[-111.896144,33.672433],[-111.896123,33.672401],[-111.896026,33.672311],[-111.895879,33.672242],[-111.895777,33.672184],[-111.895673,33.672104],[-111.895622,33.671996],[-111.895582,33.671933],[-111.895454,33.671785],[-111.895361,33.671737],[-111.895275,33.671706],[-111.895182,33.671692],[-111.895131,33.671693],[-111.895066,33.671707],[-111.894999,33.671754],[-111.894963,33.671821],[-111.894932,33.671857],[-111.894915,33.671899],[-111.894912,33.671935],[-111.894947,33.672058],[-111.894948,33.672114],[-111.894976,33.67216],[-111.895054,33.672236],[-111.89518,33.67227],[-111.895224,33.672307],[-111.895252,33.672349],[-111.895317,33.672415],[-111.895403,33.672546],[-111.89548,33.672635],[-111.895534,33.672669],[-111.895603,33.672699],[-111.895684,33.672772],[-111.895712,33.672819],[-111.89577,33.672975],[-111.895759,33.673013],[-111.895773,33.673175],[-111.895787,33.67324],[-111.895846,33.673336],[-111.895863,33.673381],[-111.895868,33.673426],[-111.895856,33.673465],[-111.895889,33.673547]]]}},{"type":"Feature","properties":{"k":"tee"},"geometry":{"type":"Polygon","coordinates":[[[-111.896401,33.675494],[-111.896414,33.675472],[-111.896411,33.675378],[-111.896397,33.675365],[-111.896373,33.675359],[-111.896319,33.675368],[-111.896295,33.675398],[-111.896305,33.675441],[-111.896326,33.675481],[-111.896339,33.675494],[-111.896367,33.675503],[-111.896393,33.675502],[-111.896401,33.675494]]]}},{"type":"Feature","properties":{"k":"tee"},"geometry":{"type":"Polygon","coordinates":[[[-111.896349,33.675308],[-111.89638,33.675288],[-111.896392,33.675262],[-111.896381,33.675188],[-111.896361,33.675154],[-111.896321,33.675142],[-111.896296,33.675146],[-111.89627,33.675176],[-111.896285,33.675263],[-111.896296,33.675294],[-111.896317,33.675308],[-111.896349,33.675308]]]}},{"type":"Feature","properties":{"k":"tee"},"geometry":{"type":"Polygon","coordinates":[[[-111.896381,33.675076],[-111.896401,33.675051],[-111.896406,33.675031],[-111.896404,33.67496],[-111.896381,33.674935],[-111.896354,33.674933],[-111.896338,33.674943],[-111.896301,33.675021],[-111.8963,33.675052],[-111.896311,33.675071],[-111.896336,33.675085],[-111.896362,33.675085],[-111.896381,33.675076]]]}},{"type":"Feature","properties":{"k":"tee"},"geometry":{"type":"Polygon","coordinates":[[[-111.896344,33.674882],[-111.896379,33.674848],[-111.896384,33.674815],[-111.896373,33.674782],[-111.896343,33.674773],[-111.896302,33.674784],[-111.896286,33.674813],[-111.896289,33.674852],[-111.896301,33.674876],[-111.896327,33.674885],[-111.896344,33.674882]]]}},{"type":"Feature","properties":{"k":"tee"},"geometry":{"type":"Polygon","coordinates":[[[-111.896374,33.674703],[-111.896377,33.674662],[-111.896355,33.674622],[-111.896319,33.674613],[-111.896294,33.674625],[-111.896265,33.674658],[-111.896276,33.674709],[-111.896288,33.674722],[-111.896341,33.674727],[-111.896374,33.674703]]]}},{"type":"Feature","properties":{"k":"path"},"geometry":{"type":"LineString","coordinates":[[-111.897891,33.67576],[-111.897667,33.675735],[-111.89739,33.675738],[-111.896951,33.675728],[-111.896871,33.675715],[-111.896794,33.675684],[-111.896709,33.675618],[-111.896602,33.675575],[-111.896481,33.675581]]}},{"type":"Feature","properties":{"k":"path"},"geometry":{"type":"LineString","coordinates":[[-111.896481,33.675581],[-111.896456,33.675494],[-111.89645,33.675382],[-111.896419,33.675206],[-111.896449,33.674956],[-111.896427,33.674653],[-111.896454,33.674544],[-111.896524,33.674405],[-111.896527,33.674369],[-111.896455,33.674259],[-111.896459,33.674217],[-111.896501,33.674087],[-111.896498,33.674053],[-111.896464,33.673965],[-111.896456,33.673885],[-111.896528,33.673526],[-111.896608,33.673402],[-111.896644,33.673314],[-111.896626,33.67313],[-111.896583,33.673007],[-111.896502,33.672869],[-111.896473,33.672837],[-111.896427,33.672805],[-111.896348,33.672774],[-111.896281,33.672738],[-111.896254,33.672686],[-111.89617,33.672451],[-111.896119,33.672378],[-111.895993,33.672278],[-111.895842,33.672207],[-111.895724,33.672127],[-111.895675,33.672084],[-111.895623,33.671962],[-111.895593,33.671917],[-111.895506,33.671808],[-111.895444,33.671749],[-111.895395,33.671725],[-111.895261,33.67169],[-111.895191,33.671679],[-111.895011,33.671662],[-111.894795,33.671669],[-111.894719,33.671654]]}},{"type":"Feature","properties":{"k":"water"},"geometry":{"type":"Polygon","coordinates":[[[-111.896239,33.674799],[-111.896245,33.674751],[-111.896197,33.674711],[-111.896203,33.674681],[-111.896244,33.674613],[-111.896289,33.674564],[-111.896302,33.674519],[-111.896282,33.674457],[-111.896265,33.674438],[-111.896194,33.674408],[-111.896159,33.674409],[-111.896091,33.674432],[-111.896069,33.674451],[-111.896051,33.674498],[-111.896021,33.674547],[-111.895997,33.674583],[-111.895961,33.674608],[-111.895917,33.674678],[-111.895923,33.674761],[-111.895954,33.674786],[-111.89609,33.67482],[-111.89612,33.674838],[-111.896119,33.674872],[-111.896036,33.674972],[-111.895985,33.674999],[-111.895899,33.675059],[-111.895907,33.675114],[-111.895932,33.675185],[-111.895928,33.675223],[-111.895866,33.675388],[-111.895898,33.675459],[-111.895908,33.675505],[-111.8959,33.67557],[-111.895886,33.675601],[-111.895849,33.675619],[-111.895798,33.675663],[-111.895737,33.675695],[-111.895705,33.675722],[-111.89572,33.675818],[-111.895756,33.675837],[-111.895791,33.675846],[-111.895826,33.67584],[-111.895908,33.675805],[-111.896043,33.675725],[-111.896059,33.675682],[-111.896062,33.675606],[-111.896039,33.675564],[-111.895959,33.675526],[-111.895923,33.6755],[-111.895919,33.675415],[-111.895932,33.67538],[-111.89596,33.675355],[-111.896124,33.675365],[-111.896202,33.675351],[-111.896236,33.675308],[-111.896243,33.675269],[-111.896237,33.675231],[-111.896184,33.675123],[-111.896192,33.675092],[-111.896286,33.674975],[-111.8963,33.674924],[-111.896274,33.674898],[-111.896233,33.674889],[-111.89621,33.674863],[-111.896239,33.674799]]]}},{"type":"Feature","properties":{"k":"green"},"geometry":{"type":"Polygon","coordinates":[[[-111.893212,33.671454],[-111.89327,33.671471],[-111.893325,33.671467],[-111.893344,33.671456],[-111.893374,33.671401],[-111.893365,33.671347],[-111.893301,33.671263],[-111.893272,33.67125],[-111.893236,33.671251],[-111.893088,33.671291],[-111.893071,33.671305],[-111.893059,33.67133],[-111.893067,33.671389],[-111.893091,33.671419],[-111.893212,33.671454]]]}},{"type":"Feature","properties":{"k":"bunker"},"geometry":{"type":"Polygon","coordinates":[[[-111.893369,33.671297],[-111.893404,33.671295],[-111.893412,33.671283],[-111.893408,33.671272],[-111.893396,33.671267],[-111.893371,33.671274],[-111.893347,33.671267],[-111.893344,33.671282],[-111.893369,33.671297]]]}},{"type":"Feature","properties":{"k":"bunker"},"geometry":{"type":"Polygon","coordinates":[[[-111.893472,33.671406],[-111.893444,33.671396],[-111.893424,33.671402],[-111.893392,33.671455],[-111.893366,33.671472],[-111.89339,33.671514],[-111.893432,33.671544],[-111.893458,33.671507],[-111.893565,33.671512],[-111.893613,33.671487],[-111.893632,33.671466],[-111.893584,33.671435],[-111.893498,33.671432],[-111.893472,33.671406]]]}},{"type":"Feature","properties":{"k":"bunker"},"geometry":{"type":"Polygon","coordinates":[[[-111.893293,33.671533],[-111.89332,33.671534],[-111.893332,33.671527],[-111.893329,33.671506],[-111.893317,33.671498],[-111.893282,33.671502],[-111.893255,33.671497],[-111.893232,33.671502],[-111.893227,33.671509],[-111.893227,33.671529],[-111.893246,33.671543],[-111.89327,33.671543],[-111.893293,33.671533]]]}},{"type":"Feature","properties":{"k":"bunker"},"geometry":{"type":"Polygon","coordinates":[[[-111.89317,33.6715],[-111.893199,33.671502],[-111.893204,33.671484],[-111.893192,33.671476],[-111.893137,33.671468],[-111.89313,33.671486],[-111.893139,33.671497],[-111.89317,33.6715]]]}},{"type":"Feature","properties":{"k":"rough"},"geometry":{"type":"Polygon","coordinates":[[[-111.893016,33.671536],[-111.893093,33.671562],[-111.893196,33.671617],[-111.893251,33.671614],[-111.893317,33.671574],[-111.893367,33.671581],[-111.893401,33.671596],[-111.893422,33.671567],[-111.893631,33.671507],[-111.893636,33.67146],[-111.893651,33.671446],[-111.893697,33.671434],[-111.89372,33.671419],[-111.893793,33.671332],[-111.893816,33.671285],[-111.893822,33.671247],[-111.893713,33.671188],[-111.893643,33.671161],[-111.893585,33.671143],[-111.893555,33.671144],[-111.893491,33.67112],[-111.893401,33.671102],[-111.893254,33.671095],[-111.893158,33.671113],[-111.8931,33.671106],[-111.893075,33.671114],[-111.892989,33.671177],[-111.892965,33.671213],[-111.892909,33.671261],[-111.89289,33.671301],[-111.892888,33.671327],[-111.892902,33.67138],[-111.892937,33.671457],[-111.892973,33.671514],[-111.893016,33.671536]]]}},{"type":"Feature","properties":{"k":"tee"},"geometry":{"type":"Polygon","coordinates":[[[-111.894787,33.671795],[-111.894794,33.671759],[-111.894786,33.671745],[-111.89475,33.671718],[-111.894719,33.671712],[-111.894676,33.671741],[-111.894644,33.671806],[-111.894648,33.671834],[-111.894697,33.671855],[-111.894719,33.671854],[-111.894759,33.671833],[-111.894787,33.671795]]]}},{"type":"Feature","properties":{"k":"tee"},"geometry":{"type":"Polygon","coordinates":[[[-111.894486,33.671718],[-111.894505,33.671788],[-111.894599,33.671818],[-111.894621,33.671802],[-111.894662,33.671712],[-111.894646,33.671679],[-111.894607,33.671647],[-111.894565,33.671591],[-111.894547,33.671583],[-111.89452,33.671586],[-111.894475,33.671633],[-111.894468,33.671658],[-111.894486,33.671718]]]}},{"type":"Feature","properties":{"k":"tee"},"geometry":{"type":"Polygon","coordinates":[[[-111.894445,33.671624],[-111.894464,33.671619],[-111.894495,33.671592],[-111.894505,33.671568],[-111.894503,33.671552],[-111.894449,33.671487],[-111.894423,33.67148],[-111.894407,33.671494],[-111.894394,33.671541],[-111.894374,33.671576],[-111.894402,33.671614],[-111.894445,33.671624]]]}},{"type":"Feature","properties":{"k":"tee"},"geometry":{"type":"Polygon","coordinates":[[[-111.894199,33.671538],[-111.894282,33.671544],[-111.894323,33.671563],[-111.894353,33.671557],[-111.894374,33.671548],[-111.894391,33.671525],[-111.8944,33.671498],[-111.894392,33.671475],[-111.894362,33.671454],[-111.894259,33.671433],[-111.894198,33.671423],[-111.894157,33.671428],[-111.894142,33.671434],[-111.894137,33.671452],[-111.894139,33.671516],[-111.894155,33.671532],[-111.894199,33.671538]]]}},{"type":"Feature","properties":{"k":"path"},"geometry":{"type":"LineString","coordinates":[[-111.894728,33.671657],[-111.894657,33.671617],[-111.89449,33.671466],[-111.894443,33.671435],[-111.894309,33.671383],[-111.894015,33.671325],[-111.893961,33.671304],[-111.893729,33.671178],[-111.893659,33.67115],[-111.893419,33.671085],[-111.893313,33.671078],[-111.89311,33.671088],[-111.893056,33.671071],[-111.893016,33.671044],[-111.892974,33.671002],[-111.8929,33.670902],[-111.892751,33.670775],[-111.892738,33.670739]]}},{"type":"Feature","properties":{"k":"tee"},"geometry":{"type":"Polygon","coordinates":[[[-111.894677,33.672135],[-111.8947,33.672121],[-111.894728,33.672082],[-111.894724,33.67203],[-111.894648,33.671977],[-111.894613,33.671974],[-111.894537,33.672004],[-111.894516,33.672073],[-111.894525,33.672101],[-111.894551,33.672126],[-111.89457,33.672139],[-111.894601,33.672141],[-111.894677,33.672135]]]}},{"type":"Feature","properties":{"k":"green"},"geometry":{"type":"Polygon","coordinates":[[[-111.893726,33.667425],[-111.893774,33.667389],[-111.893838,33.66736],[-111.893855,33.667344],[-111.893875,33.667298],[-111.893875,33.667274],[-111.893861,33.667248],[-111.893798,33.667225],[-111.893762,33.667221],[-111.893656,33.667233],[-111.89363,33.667243],[-111.893616,33.667259],[-111.893566,33.667374],[-111.893577,33.667424],[-111.893597,33.667448],[-111.893642,33.66746],[-111.893677,33.667457],[-111.893726,33.667425]]]}},{"type":"Feature","properties":{"k":"rough"},"geometry":{"type":"Polygon","coordinates":[[[-111.893334,33.667532],[-111.893302,33.667698],[-111.893337,33.667751],[-111.893372,33.667769],[-111.893414,33.667778],[-111.893466,33.667776],[-111.893633,33.667676],[-111.893742,33.667596],[-111.893939,33.667506],[-111.893978,33.667468],[-111.894062,33.667315],[-111.89407,33.66727],[-111.894059,33.667228],[-111.894007,33.667152],[-111.893977,33.667134],[-111.893846,33.6671],[-111.893756,33.667067],[-111.893668,33.66707],[-111.893631,33.667106],[-111.89355,33.667128],[-111.893527,33.667148],[-111.893493,33.667198],[-111.89346,33.667273],[-111.893368,33.667413],[-111.89335,33.66745],[-111.893334,33.667532]]]}},{"type":"Feature","properties":{"k":"fairway"},"geometry":{"type":"Polygon","coordinates":[[[-111.893375,33.669442],[-111.893433,33.669368],[-111.893487,33.669242],[-111.893526,33.669203],[-111.893564,33.669181],[-111.89361,33.669124],[-111.893623,33.669085],[-111.893635,33.668974],[-111.893718,33.668773],[-111.893702,33.668695],[-111.893645,33.668616],[-111.893678,33.668467],[-111.893758,33.66838],[-111.893774,33.668321],[-111.893777,33.668282],[-111.89376,33.668229],[-111.893721,33.668159],[-111.893726,33.668127],[-111.893852,33.668056],[-111.893872,33.668018],[-111.893876,33.66798],[-111.893856,33.667942],[-111.89383,33.667917],[-111.8938,33.667896],[-111.893758,33.667883],[-111.893701,33.667886],[-111.89359,33.667923],[-111.89354,33.667955],[-111.893487,33.668002],[-111.89344,33.66806],[-111.893375,33.668212],[-111.893319,33.668425],[-111.893255,33.668575],[-111.893243,33.66863],[-111.893243,33.66875],[-111.89315,33.668918],[-111.893131,33.669031],[-111.893096,33.669101],[-111.893055,33.66922],[-111.893054,33.669359],[-111.893083,33.669423],[-111.893129,33.669494],[-111.893206,33.669521],[-111.893244,33.669515],[-111.893332,33.669482],[-111.893375,33.669442]]]}},{"type":"Feature","properties":{"k":"rough"},"geometry":{"type":"Polygon","coordinates":[[[-111.893225,33.668551],[-111.89317,33.668646],[-111.893194,33.668684],[-111.893212,33.668739],[-111.893187,33.668786],[-111.893162,33.668808],[-111.89313,33.668859],[-111.893112,33.668907],[-111.893114,33.668973],[-111.893105,33.66902],[-111.893034,33.669158],[-111.89301,33.669276],[-111.89304,33.669419],[-111.893062,33.669474],[-111.89314,33.669547],[-111.893241,33.669588],[-111.893298,33.66959],[-111.89336,33.669579],[-111.893438,33.669465],[-111.893522,33.669384],[-111.893581,33.669291],[-111.893629,33.669194],[-111.893729,33.668954],[-111.893828,33.668809],[-111.893844,33.668763],[-111.89385,33.668658],[-111.893785,33.668541],[-111.893784,33.668485],[-111.893807,33.668418],[-111.893796,33.668391],[-111.893819,33.668315],[-111.893835,33.668198],[-111.893921,33.667999],[-111.893928,33.667967],[-111.89391,33.667912],[-111.893865,33.667858],[-111.893826,33.667834],[-111.893731,33.667842],[-111.893696,33.667869],[-111.893555,33.667907],[-111.893507,33.667928],[-111.893447,33.667986],[-111.893386,33.668101],[-111.893359,33.668183],[-111.893299,33.668318],[-111.893271,33.668445],[-111.893245,33.668519],[-111.893225,33.668551]]]}},{"type":"Feature","properties":{"k":"tee"},"geometry":{"type":"Polygon","coordinates":[[[-111.893046,33.670062],[-111.893076,33.670032],[-111.893082,33.669992],[-111.893069,33.669972],[-111.893031,33.669954],[-111.893001,33.669968],[-111.892976,33.67],[-111.892971,33.670031],[-111.893001,33.670066],[-111.89302,33.670073],[-111.893046,33.670062]]]}},{"type":"Feature","properties":{"k":"tee"},"geometry":{"type":"Polygon","coordinates":[[[-111.89289,33.670206],[-111.892927,33.67018],[-111.892939,33.670145],[-111.892922,33.670111],[-111.892894,33.670098],[-111.892857,33.670113],[-111.892797,33.670177],[-111.892797,33.670192],[-111.892808,33.670206],[-111.892833,33.670218],[-111.892861,33.670222],[-111.89289,33.670206]]]}},{"type":"Feature","properties":{"k":"tee"},"geometry":{"type":"Polygon","coordinates":[[[-111.89275,33.670362],[-111.892788,33.670311],[-111.892792,33.670294],[-111.892774,33.670268],[-111.892746,33.670258],[-111.89271,33.670277],[-111.892664,33.670338],[-111.892651,33.670401],[-111.892669,33.670415],[-111.892708,33.670423],[-111.892733,33.670407],[-111.89275,33.670362]]]}},{"type":"Feature","properties":{"k":"tee"},"geometry":{"type":"Polygon","coordinates":[[[-111.8927,33.670622],[-111.892708,33.670502],[-111.892678,33.67048],[-111.892651,33.670482],[-111.892615,33.670507],[-111.892604,33.670528],[-111.892605,33.670608],[-111.892595,33.67064],[-111.892621,33.670659],[-111.892667,33.670656],[-111.892689,33.670644],[-111.8927,33.670622]]]}},{"type":"Feature","properties":{"k":"tee"},"geometry":{"type":"Polygon","coordinates":[[[-111.892628,33.670837],[-111.89265,33.67074],[-111.892637,33.670725],[-111.892613,33.670719],[-111.892593,33.670723],[-111.892572,33.670739],[-111.892566,33.670765],[-111.892549,33.670906],[-111.89255,33.670918],[-111.892568,33.670929],[-111.892595,33.670928],[-111.892611,33.670914],[-111.892624,33.670883],[-111.892628,33.670837]]]}},{"type":"Feature","properties":{"k":"path"},"geometry":{"type":"LineString","coordinates":[[-111.892741,33.670747],[-111.892785,33.670501],[-111.892815,33.670409],[-111.892912,33.670265],[-111.893039,33.670154],[-111.893239,33.670001],[-111.893289,33.669921],[-111.893329,33.669829],[-111.893373,33.669621],[-111.893398,33.669555],[-111.893454,33.669476],[-111.893557,33.66936],[-111.893648,33.669184],[-111.893709,33.669024],[-111.893851,33.668797],[-111.893871,33.668721],[-111.893869,33.668678],[-111.8938,33.668536],[-111.893796,33.668501],[-111.893837,33.668381],[-111.893835,33.66827],[-111.893851,33.66818],[-111.893999,33.667871],[-111.894031,33.667775],[-111.894035,33.667745],[-111.893995,33.667604],[-111.893991,33.667552],[-111.894021,33.667439],[-111.894107,33.66725]]}},{"type":"Feature","properties":{"k":"green"},"geometry":{"type":"Polygon","coordinates":[[[-111.894684,33.664582],[-111.894696,33.664558],[-111.894753,33.664499],[-111.894757,33.664473],[-111.894752,33.664452],[-111.894688,33.664405],[-111.894663,33.6644],[-111.894625,33.664405],[-111.89451,33.664451],[-111.894436,33.664511],[-111.894429,33.664564],[-111.894447,33.664612],[-111.894516,33.664663],[-111.894632,33.664654],[-111.894662,33.664628],[-111.894684,33.664582]]]}},{"type":"Feature","properties":{"k":"fairway"},"geometry":{"type":"Polygon","coordinates":[[[-111.894306,33.664972],[-111.894336,33.664933],[-111.894418,33.664877],[-111.894454,33.66488],[-111.894517,33.664858],[-111.894559,33.664808],[-111.89461,33.66471],[-111.894647,33.664657],[-111.89465,33.664642],[-111.894617,33.664658],[-111.894516,33.664663],[-111.894466,33.66463],[-111.894447,33.664612],[-111.894429,33.664564],[-111.894436,33.664511],[-111.894419,33.664565],[-111.894414,33.664612],[-111.894391,33.664666],[-111.894368,33.664696],[-111.894301,33.66473],[-111.894259,33.664796],[-111.894203,33.664854],[-111.894167,33.664869],[-111.89411,33.66486],[-111.894075,33.664866],[-111.894044,33.664885],[-111.893985,33.665003],[-111.893872,33.665118],[-111.893781,33.665187],[-111.893703,33.665283],[-111.893685,33.665319],[-111.893681,33.665373],[-111.893706,33.66547],[-111.893722,33.665503],[-111.893749,33.66553],[-111.89378,33.665542],[-111.893871,33.66554],[-111.894029,33.665453],[-111.894189,33.665336],[-111.894224,33.66528],[-111.894234,33.665088],[-111.894267,33.665023],[-111.894306,33.664972]]]}},{"type":"Feature","properties":{"k":"bunker"},"geometry":{"type":"Polygon","coordinates":[[[-111.894353,33.664673],[-111.894361,33.664661],[-111.894346,33.664629],[-111.894305,33.66463],[-111.89429,33.664659],[-111.894299,33.66467],[-111.894318,33.664679],[-111.894353,33.664673]]]}},{"type":"Feature","properties":{"k":"bunker"},"geometry":{"type":"Polygon","coordinates":[[[-111.894717,33.664637],[-111.894764,33.664628],[-111.894765,33.664604],[-111.894781,33.664587],[-111.894774,33.664566],[-111.894745,33.664559],[-111.894706,33.664577],[-111.894693,33.664606],[-111.894702,33.66463],[-111.894717,33.664637]]]}},{"type":"Feature","properties":{"k":"bunker"},"geometry":{"type":"Polygon","coordinates":[[[-111.894625,33.664767],[-111.894672,33.664755],[-111.894693,33.664724],[-111.894711,33.664736],[-111.894727,33.664734],[-111.894743,33.664707],[-111.894753,33.664705],[-111.89479,33.664718],[-111.894806,33.664712],[-111.894817,33.664693],[-111.894806,33.664648],[-111.894793,33.664638],[-111.894774,33.664638],[-111.894755,33.664657],[-111.89473,33.664665],[-111.894715,33.664669],[-111.894698,33.66466],[-111.894643,33.664677],[-111.894632,33.664704],[-111.894615,33.66472],[-111.894612,33.664749],[-111.894625,33.664767]]]}},{"type":"Feature","properties":{"k":"bunker"},"geometry":{"type":"Polygon","coordinates":[[[-111.89457,33.66482],[-111.894586,33.664849],[-111.89458,33.664861],[-111.894561,33.664859],[-111.894533,33.664879],[-111.894515,33.664881],[-111.894515,33.664894],[-111.894568,33.664905],[-111.894685,33.664912],[-111.894703,33.664905],[-111.894711,33.664894],[-111.894694,33.664855],[-111.894661,33.66484],[-111.89464,33.664796],[-111.894604,33.664786],[-111.894586,33.664791],[-111.894571,33.664804],[-111.89457,33.66482]]]}},{"type":"Feature","properties":{"k":"bunker"},"geometry":{"type":"Polygon","coordinates":[[[-111.89413,33.664848],[-111.894161,33.664852],[-111.894183,33.664843],[-111.894193,33.664803],[-111.894184,33.664791],[-111.89417,33.664784],[-111.894132,33.66479],[-111.894115,33.66482],[-111.894117,33.664837],[-111.89413,33.664848]]]}},{"type":"Feature","properties":{"k":"bunker"},"geometry":{"type":"Polygon","coordinates":[[[-111.893932,33.664983],[-111.893967,33.664983],[-111.894002,33.664961],[-111.893995,33.664937],[-111.893973,33.664919],[-111.893994,33.664903],[-111.894029,33.664852],[-111.894013,33.664822],[-111.894,33.664817],[-111.893971,33.664828],[-111.893927,33.664824],[-111.893915,33.66483],[-111.893909,33.664836],[-111.893914,33.664864],[-111.893905,33.664867],[-111.893887,33.664828],[-111.893871,33.664824],[-111.893843,33.664835],[-111.893833,33.66485],[-111.893848,33.66489],[-111.893886,33.664906],[-111.893908,33.664925],[-111.893911,33.664964],[-111.893916,33.664976],[-111.893932,33.664983]]]}},{"type":"Feature","properties":{"k":"bunker"},"geometry":{"type":"Polygon","coordinates":[[[-111.893779,33.66498],[-111.893878,33.665004],[-111.893891,33.664962],[-111.893874,33.664924],[-111.893849,33.66492],[-111.893815,33.664937],[-111.893781,33.664929],[-111.89377,33.664936],[-111.893763,33.66496],[-111.893779,33.66498]]]}},{"type":"Feature","properties":{"k":"bunker"},"geometry":{"type":"Polygon","coordinates":[[[-111.893823,33.665112],[-111.893844,33.665097],[-111.893856,33.665062],[-111.893843,33.665049],[-111.893823,33.665048],[-111.893811,33.665008],[-111.893771,33.665002],[-111.893753,33.665015],[-111.893751,33.665027],[-111.893778,33.665072],[-111.893768,33.665107],[-111.893776,33.66512],[-111.893787,33.665123],[-111.893802,33.665123],[-111.893823,33.665112]]]}},{"type":"Feature","properties":{"k":"rough"},"geometry":{"type":"Polygon","coordinates":[[[-111.893691,33.665078],[-111.89371,33.665132],[-111.89371,33.665208],[-111.893651,33.665328],[-111.893651,33.665366],[-111.893677,33.665505],[-111.893698,33.665528],[-111.89377,33.665571],[-111.893855,33.665571],[-111.893912,33.665552],[-111.893987,33.665513],[-111.894139,33.66542],[-111.894244,33.665316],[-111.894244,33.665103],[-111.894301,33.665015],[-111.894398,33.66491],[-111.894417,33.664901],[-111.894503,33.664901],[-111.89458,33.664916],[-111.894705,33.664923],[-111.894724,33.664892],[-111.894782,33.66491],[-111.89481,33.664912],[-111.894831,33.664902],[-111.894863,33.664848],[-111.89486,33.664726],[-111.894896,33.664665],[-111.89489,33.664589],[-111.8949,33.664469],[-111.894873,33.664386],[-111.894684,33.664248],[-111.89462,33.66423],[-111.894588,33.664232],[-111.894519,33.664255],[-111.894481,33.664278],[-111.894445,33.664313],[-111.894406,33.664327],[-111.894332,33.664391],[-111.89423,33.664445],[-111.894131,33.664532],[-111.894088,33.664551],[-111.894012,33.664567],[-111.893916,33.664636],[-111.893891,33.664665],[-111.893864,33.664739],[-111.893775,33.664906],[-111.893748,33.664932],[-111.893705,33.664996],[-111.893684,33.665053],[-111.893691,33.665078]]]}},{"type":"Feature","properties":{"k":"tee"},"geometry":{"type":"Polygon","coordinates":[[[-111.893723,33.666084],[-111.893749,33.666058],[-111.893744,33.665988],[-111.893706,33.665965],[-111.893661,33.665972],[-111.893642,33.666004],[-111.893646,33.666064],[-111.893658,33.666079],[-111.893685,33.66609],[-111.893723,33.666084]]]}},{"type":"Feature","properties":{"k":"tee"},"geometry":{"type":"Polygon","coordinates":[[[-111.893749,33.666281],[-111.893772,33.666231],[-111.893764,33.66619],[-111.893722,33.666166],[-111.893666,33.666174],[-111.893636,33.66622],[-111.893633,33.666248],[-111.893648,33.666281],[-111.893707,33.666297],[-111.893749,33.666281]]]}},{"type":"Feature","properties":{"k":"tee"},"geometry":{"type":"Polygon","coordinates":[[[-111.893674,33.666507],[-111.893698,33.666511],[-111.893722,33.666496],[-111.893732,33.666485],[-111.893741,33.666441],[-111.893767,33.666404],[-111.893755,33.66637],[-111.893712,33.666351],[-111.893666,33.666354],[-111.893643,33.666373],[-111.893635,33.666392],[-111.893629,33.666463],[-111.893643,33.666497],[-111.893674,33.666507]]]}},{"type":"Feature","properties":{"k":"tee"},"geometry":{"type":"Polygon","coordinates":[[[-111.893691,33.666659],[-111.893719,33.666638],[-111.893719,33.666591],[-111.893682,33.666567],[-111.893646,33.666565],[-111.893628,33.666575],[-111.89362,33.666592],[-111.893625,33.666651],[-111.893646,33.666664],[-111.893674,33.666666],[-111.893691,33.666659]]]}},{"type":"Feature","properties":{"k":"tee"},"geometry":{"type":"Polygon","coordinates":[[[-111.893705,33.666833],[-111.893721,33.666789],[-111.893722,33.666752],[-111.893709,33.666734],[-111.893691,33.666725],[-111.89366,33.666725],[-111.893636,33.666734],[-111.893619,33.666751],[-111.893602,33.666797],[-111.893598,33.666818],[-111.893609,33.666838],[-111.893627,33.666851],[-111.893672,33.666853],[-111.893705,33.666833]]]}},{"type":"Feature","properties":{"k":"path"},"geometry":{"type":"LineString","coordinates":[[-111.894107,33.66725],[-111.894054,33.667188],[-111.893956,33.667042],[-111.893889,33.666965],[-111.893822,33.666924],[-111.893756,33.6669],[-111.893639,33.666886],[-111.893552,33.666843],[-111.893577,33.666601],[-111.893599,33.666514],[-111.893608,33.666423],[-111.893599,33.666301],[-111.893615,33.666174],[-111.893603,33.666047],[-111.893631,33.665903],[-111.893635,33.665681],[-111.89366,33.665533],[-111.893636,33.665335],[-111.893644,33.6653],[-111.89369,33.665225],[-111.893697,33.665163],[-111.893657,33.664972],[-111.893665,33.664927],[-111.893761,33.664734],[-111.893772,33.664687],[-111.893817,33.664635],[-111.893896,33.664566],[-111.894007,33.664486],[-111.894064,33.664433],[-111.89421,33.664371],[-111.894429,33.664191],[-111.894492,33.66415],[-111.894577,33.664142],[-111.89465,33.66415],[-111.89478,33.664184],[-111.894891,33.664231],[-111.894991,33.664339],[-111.895034,33.664538],[-111.895022,33.664666],[-111.894994,33.664736],[-111.89491,33.665064],[-111.894865,33.665188],[-111.894842,33.665419],[-111.894761,33.665659],[-111.894762,33.665683],[-111.89478,33.665706]]}},{"type":"Feature","properties":{"k":"green"},"geometry":{"type":"Polygon","coordinates":[[[-111.89762,33.669105],[-111.897625,33.669157],[-111.897643,33.669183],[-111.897746,33.66926],[-111.897769,33.669269],[-111.897826,33.66927],[-111.897863,33.669252],[-111.897888,33.669215],[-111.897892,33.66918],[-111.897836,33.669083],[-111.89782,33.669039],[-111.897793,33.669001],[-111.897772,33.668987],[-111.897756,33.668979],[-111.897725,33.668976],[-111.897676,33.668992],[-111.897642,33.669027],[-111.89762,33.669105]]]}},{"type":"Feature","properties":{"k":"fairway"},"geometry":{"type":"Polygon","coordinates":[[[-111.897466,33.668727],[-111.897461,33.668745],[-111.897493,33.668846],[-111.897502,33.668948],[-111.897595,33.669098],[-111.897629,33.669006],[-111.897704,33.66896],[-111.897752,33.668904],[-111.897784,33.668774],[-111.897732,33.668658],[-111.897711,33.668629],[-111.89769,33.668621],[-111.897649,33.668618],[-111.897608,33.668629],[-111.897507,33.668683],[-111.897477,33.668707],[-111.897466,33.668727]]]}},{"type":"Feature","properties":{"k":"fairway"},"geometry":{"type":"Polygon","coordinates":[[[-111.897095,33.668411],[-111.897156,33.668456],[-111.897277,33.668527],[-111.897362,33.668545],[-111.897441,33.668541],[-111.897472,33.668522],[-111.897503,33.668481],[-111.897519,33.668427],[-111.897505,33.668337],[-111.89748,33.668274],[-111.897449,33.668239],[-111.897427,33.668221],[-111.897291,33.668161],[-111.89716,33.668116],[-111.897092,33.668034],[-111.896968,33.667845],[-111.896882,33.667762],[-111.896603,33.667599],[-111.896509,33.667527],[-111.896424,33.667434],[-111.896263,33.667357],[-111.896208,33.667263],[-111.896144,33.667199],[-111.896071,33.667147],[-111.896033,33.667098],[-111.895986,33.666972],[-111.895901,33.666874],[-111.89587,33.666849],[-111.895754,33.666803],[-111.895674,33.666801],[-111.895604,33.666826],[-111.895576,33.666867],[-111.895562,33.666906],[-111.89555,33.666997],[-111.895555,33.667037],[-111.895577,33.667093],[-111.89572,33.667268],[-111.895782,33.667307],[-111.895866,33.667339],[-111.895962,33.667414],[-111.896094,33.667591],[-111.896176,33.667673],[-111.896246,33.66772],[-111.896325,33.66784],[-111.896404,33.667904],[-111.896504,33.668002],[-111.896577,33.668107],[-111.896657,33.668179],[-111.896851,33.66825],[-111.896929,33.668293],[-111.897095,33.668411]]]}},{"type":"Feature","properties":{"k":"bunker"},"geometry":{"type":"Polygon","coordinates":[[[-111.896997,33.668556],[-111.897014,33.668564],[-111.897062,33.668564],[-111.89711,33.668624],[-111.897129,33.668632],[-111.897191,33.668606],[-111.897186,33.668569],[-111.897147,33.668543],[-111.897157,33.6685],[-111.897147,33.668492],[-111.897092,33.668502],[-111.89706,33.668488],[-111.897056,33.668415],[-111.897019,33.668396],[-111.896985,33.668347],[-111.896947,33.668327],[-111.896902,33.668324],[-111.896889,33.668316],[-111.896864,33.668276],[-111.896809,33.668255],[-111.8968,33.668243],[-111.896785,33.668237],[-111.896761,33.668245],[-111.896739,33.668269],[-111.8967,33.668291],[-111.896703,33.668314],[-111.896732,33.668326],[-111.89679,33.668316],[-111.8968,33.668324],[-111.896805,33.66836],[-111.896844,33.668379],[-111.896868,33.668404],[-111.896903,33.668403],[-111.896922,33.668383],[-111.896943,33.668385],[-111.896966,33.668439],[-111.896962,33.668461],[-111.896986,33.668497],[-111.896979,33.668533],[-111.896997,33.668556]]]}},{"type":"Feature","properties":{"k":"bunker"},"geometry":{"type":"Polygon","coordinates":[[[-111.89724,33.668612],[-111.897254,33.668624],[-111.897299,33.66862],[-111.897323,33.668595],[-111.897319,33.668583],[-111.897282,33.668549],[-111.897247,33.668529],[-111.8972,33.668504],[-111.897173,33.668504],[-111.897169,33.668523],[-111.897189,33.66855],[-111.897245,33.668577],[-111.89724,33.668612]]]}},{"type":"Feature","properties":{"k":"bunker"},"geometry":{"type":"Polygon","coordinates":[[[-111.897451,33.668661],[-111.897475,33.668674],[-111.897519,33.668664],[-111.897539,33.668645],[-111.897537,33.668619],[-111.897519,33.668608],[-111.89748,33.66861],[-111.897458,33.668602],[-111.897433,33.668579],[-111.897374,33.668556],[-111.897368,33.668561],[-111.897378,33.66861],[-111.897372,33.668649],[-111.897399,33.668661],[-111.897428,33.668651],[-111.897439,33.668639],[-111.897446,33.668641],[-111.897451,33.668661]]]}},{"type":"Feature","properties":{"k":"bunker"},"geometry":{"type":"Polygon","coordinates":[[[-111.897858,33.669018],[-111.897876,33.669008],[-111.897884,33.668985],[-111.897875,33.668956],[-111.897861,33.668944],[-111.897828,33.668917],[-111.89781,33.668912],[-111.897791,33.668912],[-111.897751,33.66893],[-111.897756,33.668959],[-111.897807,33.668975],[-111.897802,33.668996],[-111.897812,33.669007],[-111.897835,33.669022],[-111.897858,33.669018]]]}},{"type":"Feature","properties":{"k":"bunker"},"geometry":{"type":"Polygon","coordinates":[[[-111.89791,33.669105],[-111.897912,33.669096],[-111.897896,33.669077],[-111.897876,33.669071],[-111.897865,33.669079],[-111.897866,33.669101],[-111.897878,33.669114],[-111.897898,33.669117],[-111.89791,33.669105]]]}},{"type":"Feature","properties":{"k":"bunker"},"geometry":{"type":"Polygon","coordinates":[[[-111.896081,33.667092],[-111.896094,33.6671],[-111.896116,33.667098],[-111.896126,33.667076],[-111.896144,33.667065],[-111.896146,33.667047],[-111.89614,33.667038],[-111.896089,33.667032],[-111.896087,33.667019],[-111.896109,33.666998],[-111.896045,33.666941],[-111.896033,33.666942],[-111.896045,33.667028],[-111.896081,33.667092]]]}},{"type":"Feature","properties":{"k":"rough"},"geometry":{"type":"Polygon","coordinates":[[[-111.896333,33.667299],[-111.896287,33.667148],[-111.896265,33.667112],[-111.896188,33.667035],[-111.896008,33.666874],[-111.895953,33.666844],[-111.895881,33.666826],[-111.895714,33.666762],[-111.895619,33.666698],[-111.895584,33.666689],[-111.89555,33.666701],[-111.895509,33.66674],[-111.89546,33.666846],[-111.895456,33.66689],[-111.895474,33.666947],[-111.895496,33.667076],[-111.895531,33.667168],[-111.895603,33.667265],[-111.895689,33.667342],[-111.895711,33.667384],[-111.895703,33.667433],[-111.895685,33.667449],[-111.896285,33.667997],[-111.896336,33.667964],[-111.896363,33.667961],[-111.896404,33.667969],[-111.896468,33.66802],[-111.896511,33.668072],[-111.896516,33.668205],[-111.896534,33.66824],[-111.896567,33.668275],[-111.89662,33.668293],[-111.896695,33.668341],[-111.896731,33.668374],[-111.89682,33.668508],[-111.896907,33.668567],[-111.896994,33.668666],[-111.89713,33.668765],[-111.897216,33.668855],[-111.897356,33.668955],[-111.897389,33.669049],[-111.897496,33.669244],[-111.897526,33.669283],[-111.897656,33.669356],[-111.897678,33.669333],[-111.897695,33.669327],[-111.897751,33.669377],[-111.897876,33.669363],[-111.898043,33.66932],[-111.898091,33.669244],[-111.89812,33.669156],[-111.898126,33.669101],[-111.898111,33.669019],[-111.898074,33.66895],[-111.898072,33.668929],[-111.898049,33.668902],[-111.898017,33.668879],[-111.897957,33.668852],[-111.897924,33.668826],[-111.897869,33.668756],[-111.897865,33.66867],[-111.897841,33.668566],[-111.897791,33.668477],[-111.897726,33.668384],[-111.897599,33.668274],[-111.897472,33.668187],[-111.897263,33.668089],[-111.897173,33.668032],[-111.897141,33.667995],[-111.896994,33.667766],[-111.896875,33.667677],[-111.896621,33.667574],[-111.896479,33.667456],[-111.896375,33.667352],[-111.896333,33.667299]]]}},{"type":"Feature","properties":{"k":"tee"},"geometry":{"type":"Polygon","coordinates":[[[-111.894633,33.665873],[-111.894635,33.665844],[-111.894627,33.665828],[-111.894548,33.66574],[-111.894511,33.665733],[-111.894475,33.665748],[-111.894451,33.665794],[-111.894459,33.665821],[-111.894543,33.665896],[-111.894557,33.665902],[-111.894595,33.6659],[-111.894633,33.665873]]]}},{"type":"Feature","properties":{"k":"tee"},"geometry":{"type":"Polygon","coordinates":[[[-111.894779,33.665862],[-111.894809,33.665819],[-111.894807,33.665804],[-111.894785,33.665773],[-111.894714,33.665698],[-111.89468,33.665688],[-111.894627,33.665696],[-111.894608,33.665713],[-111.894608,33.665725],[-111.894692,33.66585],[-111.894735,33.665872],[-111.894757,33.665872],[-111.894779,33.665862]]]}},{"type":"Feature","properties":{"k":"tee"},"geometry":{"type":"Polygon","coordinates":[[[-111.894968,33.665982],[-111.894987,33.66596],[-111.894996,33.665918],[-111.894925,33.66584],[-111.894882,33.665839],[-111.894843,33.665866],[-111.894838,33.665896],[-111.894847,33.665923],[-111.894913,33.665979],[-111.894929,33.665986],[-111.894968,33.665982]]]}},{"type":"Feature","properties":{"k":"tee"},"geometry":{"type":"Polygon","coordinates":[[[-111.895197,33.666196],[-111.8952,33.666185],[-111.89518,33.66612],[-111.895151,33.66608],[-111.895129,33.666069],[-111.895095,33.666066],[-111.895064,33.666078],[-111.895045,33.6661],[-111.895044,33.666128],[-111.895082,33.666154],[-111.895098,33.666191],[-111.895113,33.666207],[-111.895139,33.666223],[-111.89516,33.666224],[-111.895187,33.666211],[-111.895197,33.666196]]]}},{"type":"Feature","properties":{"k":"tee"},"geometry":{"type":"Polygon","coordinates":[[[-111.895346,33.666509],[-111.895355,33.666498],[-111.895351,33.666462],[-111.895331,33.666435],[-111.895298,33.666417],[-111.895276,33.666414],[-111.895253,33.666427],[-111.895241,33.666439],[-111.89524,33.666465],[-111.895276,33.66651],[-111.89531,33.666524],[-111.895346,33.666509]]]}},{"type":"Feature","properties":{"k":"path"},"geometry":{"type":"LineString","coordinates":[[-111.894767,33.665691],[-111.894961,33.665826],[-111.895169,33.666027],[-111.895221,33.666115],[-111.895249,33.666264],[-111.8954,33.666491],[-111.895457,33.666559],[-111.895551,33.666634],[-111.895712,33.666744],[-111.895854,33.666802],[-111.895978,33.666841],[-111.896064,33.6669],[-111.896208,33.667033],[-111.896268,33.667098],[-111.896316,33.667172],[-111.896356,33.667306],[-111.896377,33.66734],[-111.896528,33.667482],[-111.896669,33.667584],[-111.8968,33.667629],[-111.896919,33.667686],[-111.89701,33.667755],[-111.897126,33.667951],[-111.897223,33.668057],[-111.89742,33.668146],[-111.8975,33.668191],[-111.89758,33.66824],[-111.897688,33.668323],[-111.897773,33.668411],[-111.897869,33.668591],[-111.897887,33.668748],[-111.897943,33.668823],[-111.897976,33.66885],[-111.89806,33.668895],[-111.898103,33.668956],[-111.898122,33.669],[-111.898143,33.669099],[-111.898123,33.669215],[-111.89811,33.669249],[-111.898062,33.66932],[-111.89802,33.669364],[-111.897985,33.669387],[-111.897871,33.669429],[-111.897749,33.669454],[-111.897692,33.66948],[-111.897539,33.66964],[-111.897501,33.669661],[-111.897413,33.669672],[-111.897319,33.669656],[-111.897199,33.669604],[-111.897075,33.669515],[-111.89702,33.669449]]}},{"type":"Feature","properties":{"k":"green"},"geometry":{"type":"Polygon","coordinates":[[[-111.89438,33.667001],[-111.894402,33.666997],[-111.894465,33.666949],[-111.894474,33.666925],[-111.894456,33.66688],[-111.894421,33.666837],[-111.89435,33.666787],[-111.894304,33.66678],[-111.894272,33.666788],[-111.894159,33.666835],[-111.894142,33.666851],[-111.89413,33.666867],[-111.894128,33.666892],[-111.894135,33.666913],[-111.89417,33.666945],[-111.89432,33.667003],[-111.89438,33.667001]]]}},{"type":"Feature","properties":{"k":"fairway"},"geometry":{"type":"Polygon","coordinates":[[[-111.895195,33.667222],[-111.89512,33.667174],[-111.895063,33.667151],[-111.894871,33.667094],[-111.894782,33.667003],[-111.894707,33.666963],[-111.89449,33.666897],[-111.894481,33.666968],[-111.894408,33.667018],[-111.89429,33.667013],[-111.894354,33.667083],[-111.894376,33.667145],[-111.89443,33.667215],[-111.894526,33.667267],[-111.894689,33.667383],[-111.894735,33.667402],[-111.895008,33.667449],[-111.895034,33.667461],[-111.895059,33.667481],[-111.895082,33.667546],[-111.895126,33.667616],[-111.895228,33.667681],[-111.895297,33.667752],[-111.895327,33.667766],[-111.895442,33.667788],[-111.895475,33.667801],[-111.895555,33.667935],[-111.895686,33.668064],[-111.89574,33.668135],[-111.895874,33.668353],[-111.895909,33.668379],[-111.895953,33.668404],[-111.896029,33.668427],[-111.8961,33.668418],[-111.896205,33.668368],[-111.896251,33.668323],[-111.896278,33.668278],[-111.896291,33.668216],[-111.896258,33.668108],[-111.896229,33.668067],[-111.896052,33.667916],[-111.896003,33.667823],[-111.895962,33.667773],[-111.895882,33.667723],[-111.895802,33.667643],[-111.895756,33.667614],[-111.895663,33.667575],[-111.895505,33.667489],[-111.895195,33.667222]]]}},{"type":"Feature","properties":{"k":"bunker"},"geometry":{"type":"Polygon","coordinates":[[[-111.894504,33.666878],[-111.894527,33.666878],[-111.89455,33.666866],[-111.894565,33.666848],[-111.894564,33.666825],[-111.894509,33.666801],[-111.894491,33.666768],[-111.89445,33.666763],[-111.894435,33.666789],[-111.89446,33.666829],[-111.894485,33.66684],[-111.894494,33.666875],[-111.894504,33.666878]]]}},{"type":"Feature","properties":{"k":"rough"},"geometry":{"type":"Polygon","coordinates":[[[-111.895557,33.667424],[-111.895459,33.667354],[-111.895277,33.667252],[-111.895084,33.667007],[-111.894991,33.666931],[-111.894776,33.666823],[-111.89471,33.666803],[-111.894655,33.666796],[-111.894565,33.666795],[-111.894531,33.666783],[-111.894457,33.666724],[-111.894374,33.666706],[-111.894247,33.666665],[-111.89412,33.666696],[-111.894081,33.666727],[-111.894053,33.666767],[-111.894038,33.666801],[-111.894012,33.666951],[-111.893969,33.667009],[-111.894061,33.667173],[-111.894114,33.66722],[-111.894166,33.66724],[-111.894275,33.667268],[-111.894329,33.66733],[-111.894393,33.667371],[-111.89445,33.667396],[-111.894496,33.667413],[-111.894683,33.66744],[-111.894792,33.667493],[-111.894907,33.667532],[-111.895028,33.667588],[-111.895072,33.66762],[-111.895129,33.667686],[-111.895176,33.667768],[-111.895241,33.667841],[-111.89529,33.667866],[-111.895362,33.667885],[-111.895409,33.667908],[-111.895465,33.667949],[-111.895508,33.667994],[-111.895634,33.668097],[-111.895667,33.668129],[-111.895752,33.668267],[-111.895819,33.668346],[-111.895918,33.668432],[-111.895987,33.668475],[-111.896128,33.668508],[-111.896276,33.668584],[-111.896298,33.668609],[-111.896327,33.668623],[-111.896398,33.668602],[-111.896411,33.668567],[-111.89641,33.668522],[-111.896375,33.668456],[-111.896338,33.668255],[-111.896336,33.668192],[-111.896319,33.668138],[-111.896262,33.668048],[-111.89626,33.668014],[-111.896285,33.667997],[-111.895685,33.667449],[-111.895656,33.667457],[-111.895606,33.667446],[-111.895557,33.667424]]]}},{"type":"Feature","properties":{"k":"tee"},"geometry":{"type":"Polygon","coordinates":[[[-111.896544,33.668834],[-111.89655,33.66881],[-111.896522,33.668761],[-111.896485,33.668745],[-111.896456,33.668752],[-111.896442,33.668764],[-111.896437,33.668786],[-111.896445,33.6688],[-111.896502,33.668843],[-111.896524,33.668847],[-111.896544,33.668834]]]}},{"type":"Feature","properties":{"k":"tee"},"geometry":{"type":"Polygon","coordinates":[[[-111.896928,33.669043],[-111.896897,33.668991],[-111.896862,33.668969],[-111.896816,33.668968],[-111.896797,33.668988],[-111.896799,33.66902],[-111.896861,33.669081],[-111.896889,33.66909],[-111.896916,33.669088],[-111.896931,33.669073],[-111.896928,33.669043]]]}},{"type":"Feature","properties":{"k":"tee"},"geometry":{"type":"Polygon","coordinates":[[[-111.897139,33.669191],[-111.897144,33.669161],[-111.897117,33.669119],[-111.897083,33.669103],[-111.897041,33.669111],[-111.897031,33.669144],[-111.897063,33.669192],[-111.897088,33.669208],[-111.89711,33.66921],[-111.897127,33.669205],[-111.897139,33.669191]]]}},{"type":"Feature","properties":{"k":"tee"},"geometry":{"type":"Polygon","coordinates":[[[-111.897323,33.669362],[-111.897345,33.669338],[-111.897333,33.669306],[-111.897265,33.669248],[-111.897244,33.669245],[-111.897218,33.669254],[-111.897201,33.669275],[-111.897204,33.669289],[-111.897257,33.669351],[-111.897295,33.669371],[-111.897323,33.669362]]]}},{"type":"Feature","properties":{"k":"tee"},"geometry":{"type":"Polygon","coordinates":[[[-111.897361,33.669582],[-111.897338,33.669535],[-111.897287,33.66949],[-111.897259,33.66948],[-111.897239,33.669486],[-111.897224,33.669499],[-111.897216,33.669516],[-111.89722,33.669551],[-111.89723,33.669568],[-111.897272,33.669602],[-111.897296,33.669613],[-111.897334,33.669613],[-111.897356,33.669597],[-111.897361,33.669582]]]}},{"type":"Feature","properties":{"k":"path"},"geometry":{"type":"LineString","coordinates":[[-111.897024,33.669455],[-111.896973,33.669409],[-111.896936,33.669358],[-111.89685,33.669208],[-111.89681,33.669089],[-111.896775,33.669037],[-111.896713,33.668971],[-111.896621,33.668916],[-111.896365,33.668813],[-111.89613,33.668731],[-111.896064,33.668686],[-111.896016,33.668632],[-111.895934,33.66847],[-111.895784,33.668324],[-111.895732,33.668262],[-111.895649,33.668132],[-111.895403,33.667917],[-111.895244,33.667857],[-111.895162,33.667772],[-111.89512,33.667693],[-111.895056,33.667626],[-111.894948,33.667563],[-111.894806,33.667513],[-111.894695,33.667458],[-111.894505,33.667424],[-111.894416,33.667396],[-111.894341,33.667354],[-111.894254,33.667273],[-111.894136,33.667248],[-111.894107,33.66725]]}},{"type":"Feature","properties":{"k":"green"},"geometry":{"type":"Polygon","coordinates":[[[-111.891958,33.670246],[-111.891962,33.670344],[-111.891972,33.670367],[-111.891999,33.670377],[-111.89205,33.670373],[-111.892104,33.670348],[-111.892155,33.670319],[-111.892172,33.670302],[-111.892181,33.670277],[-111.89218,33.670254],[-111.892153,33.670207],[-111.892138,33.67015],[-111.89211,33.670122],[-111.892083,33.670118],[-111.892044,33.670125],[-111.892002,33.670146],[-111.891958,33.670246]]]}},{"type":"Feature","properties":{"k":"fairway"},"geometry":{"type":"Polygon","coordinates":[[[-111.891878,33.669971],[-111.891896,33.670055],[-111.891959,33.67019],[-111.89198,33.670195],[-111.892002,33.670146],[-111.892044,33.670125],[-111.892083,33.670118],[-111.89211,33.670122],[-111.892138,33.67015],[-111.892226,33.670114],[-111.892258,33.670077],[-111.892266,33.67003],[-111.892278,33.670012],[-111.89234,33.669965],[-111.892344,33.669944],[-111.892315,33.669913],[-111.892263,33.669907],[-111.892224,33.669917],[-111.89217,33.669965],[-111.892128,33.669975],[-111.892103,33.66996],[-111.89207,33.669913],[-111.892081,33.669866],[-111.892145,33.669807],[-111.892195,33.669719],[-111.892245,33.669656],[-111.89229,33.66962],[-111.892368,33.669584],[-111.892412,33.669552],[-111.89249,33.669419],[-111.892557,33.66933],[-111.892588,33.669252],[-111.892624,33.6691],[-111.892695,33.669029],[-111.892721,33.668981],[-111.892763,33.668825],[-111.892805,33.668713],[-111.892826,33.668606],[-111.892823,33.668501],[-111.892815,33.668475],[-111.892784,33.668428],[-111.892732,33.668386],[-111.892706,33.668377],[-111.892642,33.668366],[-111.892583,33.668384],[-111.892479,33.668447],[-111.892422,33.668511],[-111.892377,33.668654],[-111.892363,33.668762],[-111.892338,33.66883],[-111.892293,33.668893],[-111.892165,33.669036],[-111.892137,33.669087],[-111.892134,33.669142],[-111.892199,33.669295],[-111.892202,33.669319],[-111.892192,33.66935],[-111.892175,33.66938],[-111.892103,33.669431],[-111.892068,33.669468],[-111.891991,33.669649],[-111.891914,33.669749],[-111.89188,33.669813],[-111.891871,33.669916],[-111.891878,33.669971]]]}},{"type":"Feature","properties":{"k":"bunker"},"geometry":{"type":"Polygon","coordinates":[[[-111.892165,33.669943],[-111.892169,33.669925],[-111.892162,33.669914],[-111.892132,33.669912],[-111.892129,33.669936],[-111.892138,33.669944],[-111.892165,33.669943]]]}},{"type":"Feature","properties":{"k":"bunker"},"geometry":{"type":"Polygon","coordinates":[[[-111.892138,33.669898],[-111.89222,33.669884],[-111.892271,33.6698],[-111.892315,33.669764],[-111.892357,33.66977],[-111.892386,33.669801],[-111.892392,33.669814],[-111.892353,33.66989],[-111.892365,33.669922],[-111.892366,33.669967],[-111.892358,33.669983],[-111.892348,33.669995],[-111.892289,33.670013],[-111.892281,33.670024],[-111.89227,33.670048],[-111.892272,33.670109],[-111.892242,33.670124],[-111.89217,33.670142],[-111.892152,33.670172],[-111.892168,33.670215],[-111.892199,33.67023],[-111.892218,33.670231],[-111.892295,33.670192],[-111.892323,33.670147],[-111.892378,33.670145],[-111.892403,33.670121],[-111.892414,33.670073],[-111.892406,33.670038],[-111.892456,33.669908],[-111.892446,33.669884],[-111.89246,33.6698],[-111.892459,33.669743],[-111.892497,33.669668],[-111.892498,33.669652],[-111.892485,33.669638],[-111.892408,33.669641],[-111.892357,33.669619],[-111.892324,33.669617],[-111.892307,33.669639],[-111.892315,33.669691],[-111.892307,33.669703],[-111.892291,33.66971],[-111.892238,33.669705],[-111.892223,33.66971],[-111.89221,33.669724],[-111.892212,33.669755],[-111.892229,33.669776],[-111.892207,33.669816],[-111.892176,33.66983],[-111.892111,33.669843],[-111.892085,33.669877],[-111.892094,33.669894],[-111.892138,33.669898]]]}},{"type":"Feature","properties":{"k":"rough"},"geometry":{"type":"Polygon","coordinates":[[[-111.892865,33.66879],[-111.892877,33.668766],[-111.892858,33.668627],[-111.892868,33.668529],[-111.892859,33.668461],[-111.892844,33.668433],[-111.892799,33.668384],[-111.892742,33.668354],[-111.892646,33.668337],[-111.89257,33.668348],[-111.892494,33.668405],[-111.892421,33.668478],[-111.892276,33.66869],[-111.892233,33.668769],[-111.892186,33.668895],[-111.892112,33.669013],[-111.89207,33.66913],[-111.892033,33.669329],[-111.89202,33.669484],[-111.891991,33.6696],[-111.891965,33.669653],[-111.891901,33.669733],[-111.891862,33.6698],[-111.891841,33.669879],[-111.891852,33.669961],[-111.891848,33.669994],[-111.891749,33.670292],[-111.891799,33.670423],[-111.891894,33.670481],[-111.891944,33.670484],[-111.892015,33.670515],[-111.89205,33.670519],[-111.8921,33.670515],[-111.892174,33.670473],[-111.892245,33.670398],[-111.892255,33.670329],[-111.89227,33.670306],[-111.892329,33.670268],[-111.892385,33.670164],[-111.892449,33.670112],[-111.892476,33.66997],[-111.892469,33.669906],[-111.8925,33.669869],[-111.892546,33.66968],[-111.89262,33.669461],[-111.892626,33.669381],[-111.892675,33.669295],[-111.892695,33.669216],[-111.892752,33.669168],[-111.892769,33.669129],[-111.892784,33.669087],[-111.892772,33.668996],[-111.892862,33.668821],[-111.892865,33.66879]]]}},{"type":"Feature","properties":{"k":"tee"},"geometry":{"type":"Polygon","coordinates":[[[-111.892959,33.668051],[-111.893006,33.668033],[-111.893033,33.668003],[-111.893045,33.667951],[-111.893028,33.667913],[-111.893008,33.667906],[-111.892988,33.667906],[-111.892961,33.667922],[-111.892901,33.668006],[-111.892916,33.668036],[-111.892936,33.668049],[-111.892959,33.668051]]]}},{"type":"Feature","properties":{"k":"tee"},"geometry":{"type":"Polygon","coordinates":[[[-111.892958,33.667774],[-111.892991,33.667752],[-111.893034,33.667654],[-111.893027,33.667633],[-111.893011,33.667617],[-111.892988,33.667612],[-111.892948,33.667624],[-111.892889,33.667718],[-111.892901,33.66775],[-111.892921,33.667768],[-111.892958,33.667774]]]}},{"type":"Feature","properties":{"k":"tee"},"geometry":{"type":"Polygon","coordinates":[[[-111.893096,33.667313],[-111.89312,33.667216],[-111.893142,33.667164],[-111.893149,33.667114],[-111.893138,33.667092],[-111.893094,33.667076],[-111.89307,33.667078],[-111.893051,33.66709],[-111.893028,33.667134],[-111.893014,33.667292],[-111.893023,33.667317],[-111.893041,33.66733],[-111.893057,33.667331],[-111.893096,33.667313]]]}},{"type":"Feature","properties":{"k":"tee"},"geometry":{"type":"Polygon","coordinates":[[[-111.893217,33.667035],[-111.893239,33.666989],[-111.893241,33.666957],[-111.893211,33.666937],[-111.893146,33.666955],[-111.893114,33.666997],[-111.893119,33.667023],[-111.893135,33.667041],[-111.89318,33.667052],[-111.893217,33.667035]]]}},{"type":"Feature","properties":{"k":"path"},"geometry":{"type":"LineString","coordinates":[[-111.893556,33.666845],[-111.893522,33.666843],[-111.89333,33.66688],[-111.893232,33.666882],[-111.893182,33.666893],[-111.893108,33.666922],[-111.893007,33.667072],[-111.892974,33.667205],[-111.892955,33.667328],[-111.892956,33.667374],[-111.89297,33.667448],[-111.893066,33.667611],[-111.893069,33.667672],[-111.893053,33.667716],[-111.892899,33.667951],[-111.892776,33.66806],[-111.89264,33.668218],[-111.892573,33.668308],[-111.892382,33.668502],[-111.89222,33.668765],[-111.892159,33.668908],[-111.892086,33.669031],[-111.892019,33.669331],[-111.891991,33.669546],[-111.891957,33.669637],[-111.891852,33.669778],[-111.891831,33.669869],[-111.891839,33.669972],[-111.891751,33.670226],[-111.891725,33.670346],[-111.891699,33.670426],[-111.891575,33.670656],[-111.891539,33.670763],[-111.891495,33.670828],[-111.891435,33.670896],[-111.891388,33.671092],[-111.891381,33.671161],[-111.891395,33.671232],[-111.891479,33.671385],[-111.891485,33.671428],[-111.891477,33.671492],[-111.891431,33.671634],[-111.891421,33.671772],[-111.891428,33.671862],[-111.891443,33.67192],[-111.891482,33.671971],[-111.891599,33.672073],[-111.891727,33.67214],[-111.891783,33.672155],[-111.891872,33.672115],[-111.891991,33.671997],[-111.892045,33.671957],[-111.892127,33.671858],[-111.892215,33.671709],[-111.892349,33.671563],[-111.892434,33.671543],[-111.892516,33.671548],[-111.892588,33.671577],[-111.892697,33.671649]]}},{"type":"Feature","properties":{"k":"tee"},"geometry":{"type":"Polygon","coordinates":[[[-111.891476,33.671066],[-111.891499,33.671089],[-111.891531,33.671102],[-111.891559,33.671101],[-111.891667,33.67105],[-111.891641,33.670947],[-111.891697,33.67091],[-111.891732,33.670769],[-111.891865,33.670722],[-111.891882,33.670694],[-111.891869,33.670598],[-111.891808,33.670547],[-111.891742,33.670528],[-111.891708,33.670529],[-111.891685,33.670547],[-111.891624,33.670659],[-111.891625,33.670732],[-111.891538,33.670885],[-111.891456,33.671006],[-111.891461,33.671041],[-111.891476,33.671066]]]}},{"type":"Feature","properties":{"k":"green"},"geometry":{"type":"Polygon","coordinates":[[[-111.891906,33.671657],[-111.891935,33.671627],[-111.891947,33.671569],[-111.891924,33.671497],[-111.891881,33.671472],[-111.891823,33.671472],[-111.891787,33.671484],[-111.891727,33.671527],[-111.891687,33.671574],[-111.891683,33.671663],[-111.891708,33.671719],[-111.891728,33.671735],[-111.891786,33.671738],[-111.891817,33.671724],[-111.891906,33.671657]]]}},{"type":"Feature","properties":{"k":"bunker"},"geometry":{"type":"Polygon","coordinates":[[[-111.891993,33.671555],[-111.892012,33.67155],[-111.892015,33.671541],[-111.892015,33.671526],[-111.892001,33.671512],[-111.891979,33.67152],[-111.891981,33.671549],[-111.891993,33.671555]]]}},{"type":"Feature","properties":{"k":"bunker"},"geometry":{"type":"Polygon","coordinates":[[[-111.891965,33.67148],[-111.891956,33.671442],[-111.891931,33.671445],[-111.891917,33.671457],[-111.891929,33.671479],[-111.891948,33.671485],[-111.891965,33.67148]]]}},{"type":"Feature","properties":{"k":"rough"},"geometry":{"type":"Polygon","coordinates":[[[-111.891644,33.671696],[-111.891613,33.671751],[-111.891711,33.671837],[-111.89181,33.671862],[-111.891881,33.671837],[-111.891915,33.671771],[-111.891921,33.671707],[-111.891999,33.671616],[-111.892032,33.67153],[-111.892033,33.67152],[-111.891975,33.671437],[-111.891799,33.671463],[-111.891685,33.67153],[-111.891644,33.671604],[-111.891644,33.671696]]]}},{"type":"Feature","properties":{"k":"water"},"geometry":{"type":"Polygon","coordinates":[[[-111.891521,33.671796],[-111.891579,33.671857],[-111.891596,33.671906],[-111.891619,33.671908],[-111.891627,33.671924],[-111.891657,33.671941],[-111.891698,33.672001],[-111.89181,33.672006],[-111.89185,33.671995],[-111.891871,33.671963],[-111.89196,33.671939],[-111.892017,33.671889],[-111.892017,33.671873],[-111.89204,33.671857],[-111.892061,33.671827],[-111.89206,33.671803],[-111.892084,33.671794],[-111.89208,33.671778],[-111.892106,33.671754],[-111.892099,33.671722],[-111.892116,33.671713],[-111.892125,33.671681],[-111.892154,33.67168],[-111.892163,33.671647],[-111.892197,33.671623],[-111.892198,33.671592],[-111.892186,33.671551],[-111.892217,33.671516],[-111.892244,33.671506],[-111.892245,33.671477],[-111.892227,33.671419],[-111.892208,33.671398],[-111.892201,33.671375],[-111.892145,33.671313],[-111.892132,33.671283],[-111.892125,33.671197],[-111.892134,33.671186],[-111.892125,33.671178],[-111.89214,33.67114],[-111.892175,33.670975],[-111.892208,33.670936],[-111.892206,33.670915],[-111.892229,33.670896],[-111.892232,33.670878],[-111.89221,33.670803],[-111.892193,33.670773],[-111.892151,33.670755],[-111.892117,33.67071],[-111.892018,33.670671],[-111.89201,33.670656],[-111.891979,33.670653],[-111.891965,33.670673],[-111.891913,33.670676],[-111.891871,33.670745],[-111.891749,33.670779],[-111.891709,33.670921],[-111.891659,33.670957],[-111.891683,33.671056],[-111.891563,33.671113],[-111.891573,33.671123],[-111.891579,33.671183],[-111.891553,33.671209],[-111.891581,33.671245],[-111.89157,33.671348],[-111.89158,33.671428],[-111.891538,33.671514],[-111.891552,33.671555],[-111.891537,33.671637],[-111.891519,33.671661],[-111.89151,33.671703],[-111.891522,33.671726],[-111.891521,33.671743],[-111.891539,33.671756],[-111.891521,33.671796]]]}},{"type":"Feature","properties":{"k":"green"},"geometry":{"type":"Polygon","coordinates":[[[-111.895611,33.675414],[-111.895613,33.675469],[-111.895638,33.675496],[-111.895708,33.675518],[-111.895783,33.675525],[-111.89582,33.675516],[-111.895852,33.675493],[-111.895853,33.67546],[-111.895823,33.675416],[-111.895784,33.675311],[-111.895749,33.675275],[-111.895723,33.675264],[-111.89567,33.675269],[-111.895652,33.675282],[-111.89562,33.675341],[-111.895611,33.675414]]]}},{"type":"Feature","properties":{"k":"fairway"},"geometry":{"type":"Polygon","coordinates":[[[-111.895396,33.675041],[-111.895405,33.675174],[-111.895432,33.675205],[-111.895537,33.675285],[-111.895575,33.675328],[-111.895613,33.675395],[-111.895629,33.675319],[-111.895652,33.675282],[-111.89567,33.675269],[-111.895723,33.675264],[-111.895764,33.675286],[-111.895731,33.675218],[-111.895753,33.67514],[-111.89576,33.67504],[-111.895755,33.674951],[-111.895726,33.674812],[-111.895745,33.674656],[-111.895728,33.674522],[-111.89575,33.674359],[-111.895747,33.674289],[-111.895705,33.674194],[-111.8956,33.674061],[-111.895548,33.673964],[-111.895501,33.673788],[-111.89541,33.673618],[-111.895338,33.673387],[-111.895303,33.673307],[-111.895281,33.673132],[-111.895248,33.673045],[-111.895202,33.672962],[-111.895105,33.672852],[-111.895,33.67275],[-111.894945,33.672716],[-111.894823,33.672668],[-111.894768,33.672658],[-111.894588,33.67266],[-111.894504,33.672641],[-111.894472,33.672627],[-111.894444,33.672604],[-111.894346,33.672505],[-111.894272,33.67249],[-111.894228,33.672499],[-111.894206,33.672514],[-111.894193,33.672537],[-111.89418,33.672569],[-111.894179,33.672623],[-111.894193,33.67271],[-111.894261,33.672846],[-111.894326,33.672886],[-111.894706,33.672987],[-111.894805,33.673032],[-111.894882,33.673099],[-111.894909,33.673136],[-111.894981,33.673269],[-111.895063,33.673468],[-111.895084,33.673558],[-111.895089,33.673656],[-111.895169,33.673954],[-111.895204,33.674042],[-111.895218,33.674255],[-111.89526,33.674333],[-111.895374,33.674489],[-111.895411,33.674597],[-111.895438,33.674801],[-111.895397,33.674947],[-111.895396,33.675041]]]}},{"type":"Feature","properties":{"k":"bunker"},"geometry":{"type":"Polygon","coordinates":[[[-111.895789,33.675273],[-111.895836,33.675282],[-111.895848,33.675275],[-111.895862,33.675258],[-111.895857,33.675199],[-111.89589,33.675178],[-111.895881,33.675106],[-111.895889,33.675023],[-111.895874,33.674973],[-111.895878,33.674951],[-111.895926,33.674904],[-111.895926,33.674883],[-111.895871,33.674828],[-111.895848,33.674782],[-111.895878,33.674677],[-111.895963,33.674594],[-111.895943,33.674551],[-111.895895,33.67451],[-111.895863,33.674459],[-111.895848,33.674444],[-111.895823,33.674437],[-111.895777,33.674446],[-111.895761,33.674456],[-111.895745,33.674483],[-111.895748,33.674526],[-111.895774,33.674575],[-111.895775,33.674599],[-111.895795,33.67465],[-111.895761,33.674689],[-111.895754,33.67471],[-111.895763,33.674731],[-111.895738,33.674754],[-111.895738,33.674775],[-111.895753,33.674799],[-111.895747,33.674816],[-111.895757,33.674851],[-111.895799,33.67486],[-111.895821,33.674877],[-111.895803,33.674907],[-111.895802,33.674943],[-111.895769,33.674969],[-111.895773,33.67501],[-111.895786,33.675037],[-111.895768,33.675106],[-111.895788,33.675165],[-111.895748,33.675202],[-111.895748,33.675214],[-111.895789,33.675273]]]}},{"type":"Feature","properties":{"k":"bunker"},"geometry":{"type":"Polygon","coordinates":[[[-111.894961,33.673602],[-111.894942,33.673663],[-111.894947,33.673703],[-111.894978,33.673729],[-111.895028,33.673724],[-111.895052,33.673693],[-111.89507,33.673627],[-111.895062,33.673581],[-111.895027,33.673539],[-111.895041,33.673473],[-111.895031,33.673436],[-111.895023,33.673431],[-111.894933,33.673474],[-111.894916,33.673503],[-111.894918,33.673519],[-111.894956,33.673569],[-111.894961,33.673602]]]}},{"type":"Feature","properties":{"k":"bunker"},"geometry":{"type":"Polygon","coordinates":[[[-111.894904,33.673435],[-111.894999,33.673423],[-111.895009,33.673416],[-111.895013,33.67339],[-111.894967,33.673348],[-111.894963,33.673297],[-111.894938,33.673256],[-111.89492,33.673247],[-111.894899,33.673251],[-111.894854,33.673276],[-111.894812,33.67327],[-111.894775,33.673298],[-111.894788,33.673331],[-111.894822,33.673342],[-111.894832,33.673354],[-111.894845,33.673401],[-111.894865,33.673427],[-111.894879,33.673435],[-111.894904,33.673435]]]}},{"type":"Feature","properties":{"k":"bunker"},"geometry":{"type":"Polygon","coordinates":[[[-111.894788,33.67324],[-111.894845,33.673236],[-111.894902,33.673204],[-111.894911,33.673185],[-111.894867,33.673116],[-111.894845,33.673094],[-111.8948,33.673077],[-111.894766,33.673043],[-111.894742,33.67304],[-111.894681,33.673054],[-111.894627,33.673043],[-111.894604,33.673085],[-111.894603,33.67312],[-111.894639,33.673141],[-111.894684,33.673142],[-111.894692,33.673154],[-111.894692,33.673189],[-111.894788,33.67324]]]}},{"type":"Feature","properties":{"k":"bunker"},"geometry":{"type":"Polygon","coordinates":[[[-111.894629,33.672582],[-111.894667,33.672567],[-111.894672,33.672538],[-111.894615,33.672497],[-111.8946,33.67245],[-111.894565,33.672441],[-111.894512,33.672474],[-111.894491,33.67248],[-111.894437,33.672473],[-111.894409,33.67248],[-111.894398,33.672493],[-111.894405,33.672513],[-111.894464,33.67257],[-111.894489,33.672578],[-111.894505,33.672573],[-111.894523,33.672564],[-111.894535,33.672546],[-111.894558,33.67255],[-111.894605,33.672578],[-111.894629,33.672582]]]}},{"type":"Feature","properties":{"k":"tee"},"geometry":{"type":"Polygon","coordinates":[[[-111.893727,33.672308],[-111.893764,33.672327],[-111.89379,33.672326],[-111.893816,33.672299],[-111.893816,33.672285],[-111.89376,33.672233],[-111.893721,33.672221],[-111.893685,33.672234],[-111.893672,33.672253],[-111.893703,33.672292],[-111.893727,33.672308]]]}},{"type":"Feature","properties":{"k":"tee"},"geometry":{"type":"Polygon","coordinates":[[[-111.893443,33.67207],[-111.893489,33.672086],[-111.893529,33.672071],[-111.893538,33.672055],[-111.893524,33.672028],[-111.893499,33.672018],[-111.893438,33.67197],[-111.893413,33.671966],[-111.893389,33.671972],[-111.893371,33.671982],[-111.893374,33.672016],[-111.893382,33.67203],[-111.893443,33.67207]]]}},{"type":"Feature","properties":{"k":"tee"},"geometry":{"type":"Polygon","coordinates":[[[-111.893326,33.671894],[-111.893361,33.671871],[-111.89336,33.671831],[-111.893336,33.671794],[-111.893298,33.671783],[-111.89328,33.671787],[-111.893239,33.671829],[-111.893238,33.671858],[-111.89329,33.671895],[-111.893326,33.671894]]]}},{"type":"Feature","properties":{"k":"tee"},"geometry":{"type":"Polygon","coordinates":[[[-111.893183,33.671751],[-111.893143,33.671758],[-111.893127,33.67179],[-111.89313,33.671812],[-111.893201,33.671844],[-111.893219,33.671836],[-111.89325,33.671802],[-111.893257,33.671777],[-111.893214,33.671757],[-111.893183,33.671751]]]}},{"type":"Feature","properties":{"k":"tee"},"geometry":{"type":"Polygon","coordinates":[[[-111.893104,33.671762],[-111.893106,33.671734],[-111.893074,33.671697],[-111.893033,33.671669],[-111.89299,33.671654],[-111.89297,33.671656],[-111.892944,33.671669],[-111.892936,33.671682],[-111.892943,33.671713],[-111.893025,33.671776],[-111.893059,33.67179],[-111.893082,33.67179],[-111.8931,33.671776],[-111.893104,33.671762]]]}},{"type":"Feature","properties":{"k":"tee"},"geometry":{"type":"Polygon","coordinates":[[[-111.892812,33.671644],[-111.892858,33.671674],[-111.892886,33.671665],[-111.892906,33.671625],[-111.892897,33.67161],[-111.892844,33.67159],[-111.892802,33.67156],[-111.892759,33.671554],[-111.892736,33.671564],[-111.892732,33.671582],[-111.892746,33.671598],[-111.892812,33.671644]]]}},{"type":"Feature","properties":{"k":"rough"},"geometry":{"type":"Polygon","coordinates":[[[-111.895311,33.675332],[-111.895343,33.675412],[-111.895384,33.675487],[-111.895407,33.675544],[-111.895403,33.675562],[-111.895537,33.675661],[-111.895639,33.675675],[-111.895702,33.675698],[-111.895795,33.675657],[-111.89584,33.675606],[-111.895889,33.67557],[-111.895897,33.675501],[-111.895892,33.67547],[-111.895856,33.675405],[-111.895852,33.675378],[-111.895883,33.675316],[-111.895886,33.675279],[-111.895915,33.675186],[-111.895894,33.675131],[-111.895889,33.675067],[-111.8959,33.675047],[-111.895933,33.675021],[-111.896039,33.674958],[-111.896095,33.674888],[-111.896099,33.674866],[-111.896095,33.674846],[-111.896072,33.674826],[-111.89597,33.674802],[-111.895929,33.674783],[-111.895918,33.674765],[-111.895905,33.674701],[-111.895918,33.674645],[-111.896024,33.674531],[-111.896062,33.674449],[-111.896081,33.674432],[-111.896051,33.674427],[-111.895975,33.674263],[-111.895982,33.674169],[-111.895916,33.673971],[-111.895884,33.673936],[-111.895832,33.673921],[-111.8958,33.673899],[-111.895743,33.673833],[-111.895655,33.673754],[-111.895561,33.673689],[-111.89548,33.673522],[-111.895496,33.673458],[-111.895495,33.673386],[-111.895458,33.673331],[-111.895394,33.673266],[-111.895394,33.67311],[-111.895386,33.673069],[-111.895363,33.673024],[-111.895318,33.67297],[-111.895257,33.67287],[-111.895197,33.672797],[-111.895127,33.672731],[-111.895005,33.672629],[-111.894968,33.672609],[-111.89482,33.672573],[-111.894749,33.672544],[-111.894613,33.672426],[-111.894578,33.67242],[-111.894496,33.672432],[-111.894379,33.672434],[-111.89424,33.672412],[-111.894183,33.672396],[-111.894077,33.672383],[-111.894039,33.672397],[-111.894023,33.672431],[-111.893974,33.672488],[-111.893968,33.672534],[-111.894049,33.672581],[-111.894139,33.67266],[-111.894197,33.672776],[-111.89427,33.672894],[-111.894336,33.672981],[-111.8944,33.67304],[-111.894465,33.673152],[-111.89449,33.673179],[-111.894562,33.673217],[-111.894616,33.673257],[-111.894625,33.673289],[-111.894622,33.673393],[-111.894728,33.673622],[-111.894808,33.673907],[-111.894855,33.673981],[-111.894968,33.674066],[-111.89503,33.674121],[-111.89505,33.674149],[-111.895077,33.674255],[-111.895137,33.674404],[-111.89526,33.674631],[-111.895288,33.67471],[-111.895293,33.674761],[-111.895277,33.675084],[-111.895279,33.675196],[-111.89529,33.675273],[-111.895311,33.675332]]]}},{"type":"Feature","properties":{"k":"path"},"geometry":{"type":"LineString","coordinates":[[-111.896103,33.675873],[-111.895639,33.675947],[-111.895555,33.675929],[-111.895484,33.675865],[-111.895448,33.675776],[-111.895379,33.675526],[-111.895297,33.675353],[-111.89527,33.67526],[-111.895261,33.675074],[-111.895283,33.674807],[-111.895254,33.674655],[-111.895128,33.674418],[-111.895017,33.674125],[-111.894991,33.674097],[-111.894868,33.674012],[-111.894814,33.673957],[-111.894767,33.673831],[-111.894693,33.673569],[-111.89462,33.673446],[-111.894611,33.673408],[-111.894603,33.673277],[-111.894586,33.673249],[-111.894454,33.673164],[-111.894382,33.673045],[-111.894285,33.672944],[-111.894203,33.672811],[-111.894125,33.672664],[-111.894065,33.672605],[-111.893972,33.672553],[-111.893744,33.672445],[-111.893591,33.672342],[-111.893563,33.672309],[-111.893522,33.672216],[-111.89343,33.672122],[-111.893348,33.672056],[-111.893273,33.671956],[-111.893211,33.671897],[-111.893148,33.671867],[-111.893075,33.671846],[-111.892887,33.671762],[-111.89269,33.671645]]}},{"type":"Feature","properties":{"k":"path"},"geometry":{"type":"LineString","coordinates":[[-111.896481,33.675581],[-111.896309,33.675691],[-111.89616,33.675852],[-111.896135,33.675868],[-111.896103,33.675873]]}},{"type":"Feature","properties":{"k":"rough"},"geometry":{"type":"Polygon","coordinates":[[[-111.896138,33.675581],[-111.89611,33.67561],[-111.8961,33.675652],[-111.896139,33.675703],[-111.896174,33.675716],[-111.896241,33.675701],[-111.896266,33.675709],[-111.896313,33.675663],[-111.896392,33.67562],[-111.896364,33.675618],[-111.896327,33.675605],[-111.896292,33.675578],[-111.896218,33.675576],[-111.896181,33.675569],[-111.896138,33.675581]]]}},{"type":"Feature","properties":{"k":"tee"},"geometry":{"type":"Polygon","coordinates":[[[-111.896997,33.672721],[-111.897152,33.672729],[-111.89745,33.672758],[-111.897717,33.672762],[-111.897983,33.672787],[-111.897992,33.672748],[-111.897994,33.672599],[-111.897558,33.672562],[-111.896993,33.672545],[-111.896997,33.672721]]]}},{"type":"Feature","properties":{"k":"green"},"geometry":{"type":"Polygon","coordinates":[[[-111.898235,33.67264],[-111.898245,33.672613],[-111.898243,33.672582],[-111.898225,33.672557],[-111.898193,33.672544],[-111.898147,33.672548],[-111.898115,33.67256],[-111.898092,33.672578],[-111.898085,33.672625],[-111.898097,33.67266],[-111.89811,33.672675],[-111.898145,33.672694],[-111.89819,33.672695],[-111.898228,33.672663],[-111.898235,33.67264]]]}},{"type":"Feature","properties":{"k":"bunker"},"geometry":{"type":"Polygon","coordinates":[[[-111.898066,33.672772],[-111.89809,33.672761],[-111.898099,33.672743],[-111.898124,33.672724],[-111.898118,33.672714],[-111.898094,33.672705],[-111.898078,33.672683],[-111.898063,33.672683],[-111.898069,33.672728],[-111.898044,33.672755],[-111.898053,33.672769],[-111.898066,33.672772]]]}},{"type":"Feature","properties":{"k":"green"},"geometry":{"type":"Polygon","coordinates":[[[-111.897691,33.673459],[-111.897705,33.673372],[-111.897697,33.673352],[-111.897657,33.673322],[-111.897608,33.673311],[-111.897547,33.673321],[-111.89751,33.673315],[-111.897438,33.673349],[-111.897424,33.673412],[-111.897437,33.673452],[-111.897457,33.673476],[-111.897486,33.673492],[-111.897534,33.67351],[-111.897589,33.673519],[-111.897627,33.673508],[-111.897691,33.673459]]]}},{"type":"Feature","properties":{"k":"bunker"},"geometry":{"type":"Polygon","coordinates":[[[-111.897767,33.673429],[-111.897784,33.673416],[-111.897786,33.673362],[-111.897757,33.673334],[-111.897737,33.673331],[-111.897715,33.673348],[-111.897714,33.673364],[-111.897734,33.673388],[-111.897717,33.673413],[-111.897718,33.673426],[-111.897742,33.673434],[-111.897767,33.673429]]]}},{"type":"Feature","properties":{"k":"bunker"},"geometry":{"type":"Polygon","coordinates":[[[-111.897591,33.673294],[-111.897583,33.673273],[-111.897567,33.673266],[-111.897542,33.673277],[-111.897535,33.673299],[-111.897543,33.673309],[-111.897572,33.673313],[-111.897583,33.673311],[-111.897591,33.673294]]]}},{"type":"Feature","properties":{"k":"bunker"},"geometry":{"type":"Polygon","coordinates":[[[-111.89751,33.67355],[-111.897525,33.67353],[-111.897517,33.673513],[-111.89749,33.673501],[-111.897477,33.673504],[-111.897461,33.673522],[-111.897471,33.673546],[-111.897498,33.673554],[-111.89751,33.67355]]]}},{"type":"Feature","properties":{"k":"green"},"geometry":{"type":"Polygon","coordinates":[[[-111.897351,33.67383],[-111.897365,33.6738],[-111.897357,33.673735],[-111.897336,33.673709],[-111.897273,33.673686],[-111.897252,33.673688],[-111.897212,33.673669],[-111.897152,33.673672],[-111.897126,33.673686],[-111.897109,33.67371],[-111.897113,33.673739],[-111.897122,33.673773],[-111.897168,33.673833],[-111.897207,33.673836],[-111.897266,33.673877],[-111.897327,33.673867],[-111.897351,33.67383]]]}},{"type":"Feature","properties":{"k":"bunker"},"geometry":{"type":"Polygon","coordinates":[[[-111.897422,33.673805],[-111.897434,33.673788],[-111.897436,33.673728],[-111.89742,33.673705],[-111.897392,33.673702],[-111.897379,33.673707],[-111.89737,33.673724],[-111.89738,33.673748],[-111.897372,33.673783],[-111.897377,33.673796],[-111.897394,33.673807],[-111.897422,33.673805]]]}},{"type":"Feature","properties":{"k":"bunker"},"geometry":{"type":"Polygon","coordinates":[[[-111.897221,33.673926],[-111.897248,33.673929],[-111.897258,33.673916],[-111.897235,33.673884],[-111.897234,33.673867],[-111.897209,33.673849],[-111.897191,33.673853],[-111.897177,33.67387],[-111.897189,33.673896],[-111.897174,33.673924],[-111.897183,33.673938],[-111.897195,33.673939],[-111.897221,33.673926]]]}},{"type":"Feature","properties":{"k":"bunker"},"geometry":{"type":"Polygon","coordinates":[[[-111.897202,33.673651],[-111.897243,33.67368],[-111.897258,33.673682],[-111.897285,33.673672],[-111.897282,33.67365],[-111.897228,33.673617],[-111.897187,33.673617],[-111.897161,33.673605],[-111.897135,33.67362],[-111.89713,33.673642],[-111.897151,33.673659],[-111.897202,33.673651]]]}},{"type":"Feature","properties":{"k":"green"},"geometry":{"type":"Polygon","coordinates":[[[-111.897738,33.674231],[-111.897735,33.674186],[-111.897682,33.674123],[-111.897603,33.674106],[-111.897572,33.674125],[-111.897548,33.674174],[-111.897547,33.674211],[-111.897556,33.674254],[-111.897585,33.674287],[-111.897617,33.674303],[-111.897662,33.67431],[-111.897703,33.674294],[-111.897731,33.674261],[-111.897738,33.674231]]]}},{"type":"Feature","properties":{"k":"bunker"},"geometry":{"type":"Polygon","coordinates":[[[-111.89773,33.674415],[-111.897745,33.674431],[-111.897782,33.674444],[-111.897795,33.674434],[-111.897795,33.674416],[-111.897822,33.674399],[-111.897813,33.674359],[-111.897788,33.674348],[-111.897755,33.674353],[-111.897745,33.674366],[-111.897751,33.674388],[-111.897731,33.674399],[-111.89773,33.674415]]]}},{"type":"Feature","properties":{"k":"green"},"geometry":{"type":"Polygon","coordinates":[[[-111.897179,33.674839],[-111.897205,33.674829],[-111.897218,33.674803],[-111.897222,33.674745],[-111.897244,33.674725],[-111.897265,33.674675],[-111.897249,33.674646],[-111.897176,33.67461],[-111.897148,33.674579],[-111.897115,33.674567],[-111.897076,33.674572],[-111.897051,33.674582],[-111.897034,33.674603],[-111.897013,33.674678],[-111.897051,33.674698],[-111.897067,33.674726],[-111.897061,33.674754],[-111.897025,33.674783],[-111.897034,33.674795],[-111.897071,33.674801],[-111.897126,33.674847],[-111.897158,33.674848],[-111.897179,33.674839]]]}},{"type":"Feature","properties":{"k":"bunker"},"geometry":{"type":"Polygon","coordinates":[[[-111.897238,33.674621],[-111.897253,33.674617],[-111.897259,33.674606],[-111.897258,33.674591],[-111.897244,33.674573],[-111.8972,33.674563],[-111.897178,33.674572],[-111.897182,33.674597],[-111.897238,33.674621]]]}},{"type":"Feature","properties":{"k":"bunker"},"geometry":{"type":"Polygon","coordinates":[[[-111.897275,33.674781],[-111.89729,33.674764],[-111.897278,33.67474],[-111.89724,33.674742],[-111.89723,33.674767],[-111.897236,33.674776],[-111.897262,33.674786],[-111.897275,33.674781]]]}},{"type":"Feature","properties":{"k":"bunker"},"geometry":{"type":"Polygon","coordinates":[[[-111.897038,33.674753],[-111.897055,33.674736],[-111.897046,33.67471],[-111.897019,33.674703],[-111.897005,33.674707],[-111.896996,33.674731],[-111.897001,33.674746],[-111.897023,33.674756],[-111.897038,33.674753]]]}},{"type":"Feature","properties":{"k":"bunker"},"geometry":{"type":"Polygon","coordinates":[[[-111.897031,33.674837],[-111.897041,33.674864],[-111.897076,33.674891],[-111.897095,33.674896],[-111.897122,33.67488],[-111.897124,33.674856],[-111.897119,33.674848],[-111.897087,33.674841],[-111.897083,33.674821],[-111.897071,33.674809],[-111.897042,33.674814],[-111.897031,33.674837]]]}},{"type":"Feature","properties":{"k":"tee"},"geometry":{"type":"Polygon","coordinates":[[[-111.896867,33.675649],[-111.896973,33.675662],[-111.897729,33.675667],[-111.897817,33.675631],[-111.897876,33.675561],[-111.897902,33.675491],[-111.897873,33.675258],[-111.897839,33.675199],[-111.897307,33.675212],[-111.896871,33.675207],[-111.896729,33.675235],[-111.896682,33.67527],[-111.896663,33.675339],[-111.89666,33.675404],[-111.896689,33.675454],[-111.896782,33.675502],[-111.896811,33.675575],[-111.89684,33.675625],[-111.896867,33.675649]]]}},{"type":"Feature","properties":{"k":"range"},"geometry":{"type":"Polygon","coordinates":[[[-111.897396,33.675712],[-111.897692,33.675714],[-111.897762,33.675703],[-111.897854,33.675647],[-111.897919,33.675579],[-111.897922,33.675504],[-111.89789,33.675204],[-111.897913,33.67512],[-111.897896,33.675029],[-111.897865,33.674936],[-111.897859,33.674809],[-111.897877,33.674702],[-111.897873,33.674571],[-111.897843,33.674478],[-111.89784,33.674408],[-111.897856,33.674245],[-111.897909,33.674023],[-111.897874,33.673763],[-111.897885,33.673622],[-111.897926,33.673225],[-111.897948,33.673122],[-111.898062,33.673028],[-111.898104,33.672951],[-111.898141,33.672852],[-111.898198,33.672749],[-111.898272,33.672686],[-111.898315,33.67263],[-111.898318,33.672567],[-111.898296,33.672522],[-111.898231,33.672503],[-111.898139,33.672495],[-111.898116,33.672524],[-111.898059,33.672554],[-111.897968,33.672556],[-111.897625,33.67249],[-111.897497,33.672483],[-111.897455,33.672492],[-111.897452,33.672524],[-111.897358,33.672519],[-111.897226,33.672524],[-111.897059,33.672515],[-111.896959,33.672522],[-111.896947,33.672642],[-111.896967,33.672953],[-111.896942,33.673071],[-111.896953,33.673163],[-111.896951,33.673298],[-111.896913,33.67353],[-111.896899,33.673692],[-111.896899,33.673817],[-111.89693,33.673973],[-111.896773,33.674429],[-111.896754,33.674513],[-111.896789,33.674644],[-111.896805,33.674909],[-111.896805,33.675062],[-111.896749,33.675166],[-111.896706,33.675202],[-111.89664,33.675211],[-111.896609,33.675318],[-111.896602,33.67539],[-111.896637,33.675454],[-111.896786,33.675654],[-111.896845,33.675686],[-111.897396,33.675712]]]}},{"type":"Feature","properties":{"k":"green"},"geometry":{"type":"Polygon","coordinates":[[[-111.89728,33.675827],[-111.897224,33.675816],[-111.897137,33.675785],[-111.897093,33.675789],[-111.897052,33.67581],[-111.897024,33.675841],[-111.897019,33.675872],[-111.897043,33.675894],[-111.897094,33.675909],[-111.897142,33.675936],[-111.897177,33.675966],[-111.897201,33.676006],[-111.897227,33.676018],[-111.897289,33.676019],[-111.897448,33.675997],[-111.897494,33.675981],[-111.897535,33.675947],[-111.897557,33.675911],[-111.897549,33.675875],[-111.89751,33.675854],[-111.897414,33.675848],[-111.897319,33.675825],[-111.89728,33.675827]]]}},{"type":"Feature","properties":{"k":"green"},"geometry":{"type":"Polygon","coordinates":[[[-111.897354,33.676308],[-111.897406,33.676315],[-111.897441,33.676295],[-111.897452,33.676221],[-111.897431,33.676158],[-111.897404,33.676137],[-111.897358,33.676144],[-111.897317,33.676174],[-111.897302,33.676203],[-111.897314,33.676267],[-111.897331,33.676292],[-111.897354,33.676308]]]}},{"type":"Feature","properties":{"k":"bunker"},"geometry":{"type":"Polygon","coordinates":[[[-111.897329,33.676126],[-111.897344,33.67612],[-111.897355,33.676096],[-111.897347,33.676083],[-111.897288,33.676071],[-111.897281,33.676075],[-111.897282,33.676114],[-111.897306,33.676134],[-111.897329,33.676126]]]}},{"type":"Feature","properties":{"k":"bunker"},"geometry":{"type":"Polygon","coordinates":[[[-111.897447,33.676093],[-111.897439,33.676115],[-111.897451,33.676128],[-111.897516,33.676126],[-111.897532,33.676103],[-111.897528,33.676087],[-111.897543,33.676045],[-111.89754,33.676033],[-111.897522,33.676023],[-111.897488,33.676029],[-111.897483,33.676071],[-111.897473,33.676084],[-111.897447,33.676093]]]}},{"type":"Feature","properties":{"k":"rough"},"geometry":{"type":"Polygon","coordinates":[[[-111.897016,33.675933],[-111.897082,33.676022],[-111.897135,33.676067],[-111.897152,33.676092],[-111.897177,33.676107],[-111.897267,33.676335],[-111.897309,33.676383],[-111.897357,33.676421],[-111.897447,33.676404],[-111.89749,33.676382],[-111.897526,33.67635],[-111.897548,33.676316],[-111.897557,33.676281],[-111.89756,33.676249],[-111.897543,33.676164],[-111.897563,33.676134],[-111.897555,33.676063],[-111.897559,33.676018],[-111.897593,33.675981],[-111.897638,33.675847],[-111.897649,33.675774],[-111.897009,33.675758],[-111.896981,33.675772],[-111.896963,33.675796],[-111.896996,33.675911],[-111.897016,33.675933]]]}},{"type":"Feature","properties":{"k":"path"},"geometry":{"type":"LineString","coordinates":[[-111.896946,33.675727],[-111.896958,33.67585],[-111.896988,33.675922],[-111.89712,33.676082]]}},{"type":"Feature","properties":{"k":"path"},"geometry":{"type":"LineString","coordinates":[[-111.89677,33.675667],[-111.896595,33.675403],[-111.896588,33.675304],[-111.896637,33.675174],[-111.896659,33.675061],[-111.896653,33.674912],[-111.896643,33.67487],[-111.896677,33.674701],[-111.896647,33.674528],[-111.896693,33.674423],[-111.896702,33.674384],[-111.896685,33.674211],[-111.896713,33.674113],[-111.896783,33.674012],[-111.896803,33.673969],[-111.896804,33.673748],[-111.896789,33.673577],[-111.896792,33.673543],[-111.896834,33.673434],[-111.896869,33.673195],[-111.896946,33.672985],[-111.896952,33.672942],[-111.896933,33.672666],[-111.896936,33.672505]]}}]}