{"type":"FeatureCollection","features":[{"type":"Feature","properties":{"k":"hole","ref":"1","par":5},"geometry":{"type":"LineString","coordinates":[[-122.618007,37.97245],[-122.615287,37.971076],[-122.614343,37.970555],[-122.613726,37.970352]]}},{"type":"Feature","properties":{"k":"hole","ref":"2","par":4},"geometry":{"type":"LineString","coordinates":[[-122.613222,37.970803],[-122.612613,37.968947],[-122.612479,37.967197]]}},{"type":"Feature","properties":{"k":"hole","ref":"3","par":4},"geometry":{"type":"LineString","coordinates":[[-122.612008,37.967136],[-122.611992,37.969316],[-122.612453,37.970504]]}},{"type":"Feature","properties":{"k":"hole","ref":"4","par":4},"geometry":{"type":"LineString","coordinates":[[-122.612463,37.970864],[-122.610907,37.968685],[-122.611291,37.967972]]}},{"type":"Feature","properties":{"k":"hole","ref":"5","par":3},"geometry":{"type":"LineString","coordinates":[[-122.610882,37.967777],[-122.612162,37.966525]]}},{"type":"Feature","properties":{"k":"hole","ref":"6","par":4},"geometry":{"type":"LineString","coordinates":[[-122.612355,37.966277],[-122.614814,37.968021],[-122.61583,37.968885]]}},{"type":"Feature","properties":{"k":"hole","ref":"7","par":4},"geometry":{"type":"LineString","coordinates":[[-122.616361,37.96905],[-122.619171,37.969639],[-122.620538,37.969006]]}},{"type":"Feature","properties":{"k":"hole","ref":"8","par":3},"geometry":{"type":"LineString","coordinates":[[-122.621552,37.969177],[-122.622201,37.970459]]}},{"type":"Feature","properties":{"k":"hole","ref":"9","par":4},"geometry":{"type":"LineString","coordinates":[[-122.623069,37.970659],[-122.620118,37.971828],[-122.619074,37.972631]]}},{"type":"Feature","properties":{"k":"hole","ref":"10","par":4},"geometry":{"type":"LineString","coordinates":[[-122.618504,37.972747],[-122.620075,37.971328],[-122.621305,37.970582]]}},{"type":"Feature","properties":{"k":"hole","ref":"11","par":3},"geometry":{"type":"LineString","coordinates":[[-122.621783,37.970287],[-122.620191,37.970432]]}},{"type":"Feature","properties":{"k":"hole","ref":"12","par":4},"geometry":{"type":"LineString","coordinates":[[-122.620134,37.970592],[-122.617583,37.969981],[-122.616581,37.96927]]}},{"type":"Feature","properties":{"k":"hole","ref":"13","par":5},"geometry":{"type":"LineString","coordinates":[[-122.617398,37.968972],[-122.614894,37.967538],[-122.613878,37.966772],[-122.612918,37.966198]]}},{"type":"Feature","properties":{"k":"hole","ref":"14","par":3},"geometry":{"type":"LineString","coordinates":[[-122.611698,37.966325],[-122.613248,37.965103]]}},{"type":"Feature","properties":{"k":"hole","ref":"15","par":5},"geometry":{"type":"LineString","coordinates":[[-122.613668,37.965269],[-122.614769,37.966972],[-122.616015,37.967847],[-122.616796,37.96824]]}},{"type":"Feature","properties":{"k":"hole","ref":"16","par":4},"geometry":{"type":"LineString","coordinates":[[-122.616194,37.969478],[-122.614168,37.968306],[-122.613424,37.967897]]}},{"type":"Feature","properties":{"k":"hole","ref":"17","par":4},"geometry":{"type":"LineString","coordinates":[[-122.612948,37.967734],[-122.61471,37.96936],[-122.615771,37.970502]]}},{"type":"Feature","properties":{"k":"hole","ref":"18","par":4},"geometry":{"type":"LineString","coordinates":[[-122.616129,37.970385],[-122.618196,37.971525],[-122.618506,37.972511]]}},{"type":"Feature","properties":{"k":"water"},"geometry":{"type":"Polygon","coordinates":[[[-122.61297,37.965596],[-122.613102,37.965547],[-122.613168,37.965504],[-122.613214,37.965455],[-122.613232,37.965412],[-122.613224,37.965357],[-122.613203,37.965325],[-122.613156,37.965281],[-122.613105,37.965205],[-122.613058,37.964996],[-122.612998,37.964972],[-122.612856,37.965073],[-122.612804,37.965171],[-122.612749,37.96532],[-122.612783,37.965547],[-122.612772,37.96566],[-122.612699,37.965704],[-122.612717,37.965746],[-122.612751,37.965779],[-122.612815,37.965807],[-122.612842,37.965808],[-122.612886,37.965803],[-122.612934,37.965778],[-122.612953,37.96576],[-122.612995,37.96568],[-122.61297,37.965596]]]}},{"type":"Feature","properties":{"k":"tee"},"geometry":{"type":"Polygon","coordinates":[[[-122.617954,37.97248],[-122.617822,37.972421],[-122.617793,37.972401],[-122.617787,37.972392],[-122.617795,37.972364],[-122.617842,37.97233],[-122.617872,37.972323],[-122.617904,37.972326],[-122.618053,37.97242],[-122.618054,37.972454],[-122.618035,37.97247],[-122.618,37.972485],[-122.617968,37.972486],[-122.617954,37.97248]]]}},{"type":"Feature","properties":{"k":"fairway"},"geometry":{"type":"Polygon","coordinates":[[[-122.617218,37.972082],[-122.617085,37.972039],[-122.616974,37.97199],[-122.616725,37.971919],[-122.616604,37.971875],[-122.616177,37.971747],[-122.615984,37.971671],[-122.615367,37.971361],[-122.615064,37.971196],[-122.614949,37.971122],[-122.614581,37.970915],[-122.614337,37.970787],[-122.614136,37.970702],[-122.614089,37.970676],[-122.61405,37.970653],[-122.614033,37.97063],[-122.614044,37.970592],[-122.614031,37.970533],[-122.61401,37.970525],[-122.613954,37.970529],[-122.613825,37.97056],[-122.61377,37.97056],[-122.613706,37.970544],[-122.613616,37.970497],[-122.613546,37.970487],[-122.613488,37.970448],[-122.613488,37.970365],[-122.613501,37.970339],[-122.613498,37.970282],[-122.613506,37.970255],[-122.61357,37.970196],[-122.613635,37.97016],[-122.613714,37.970165],[-122.613817,37.970211],[-122.61386,37.970261],[-122.614001,37.970342],[-122.614082,37.97036],[-122.614162,37.970332],[-122.614234,37.970328],[-122.614262,37.970334],[-122.614489,37.970436],[-122.615587,37.971025],[-122.615825,37.971172],[-122.615831,37.971295],[-122.615854,37.971326],[-122.615906,37.971353],[-122.616012,37.971368],[-122.616049,37.97134],[-122.616098,37.971326],[-122.616145,37.971326],[-122.616281,37.971357],[-122.616348,37.971392],[-122.616403,37.971433],[-122.616458,37.971476],[-122.616503,37.971529],[-122.616554,37.971566],[-122.616774,37.971651],[-122.616955,37.971765],[-122.617081,37.971832],[-122.617191,37.9719],[-122.617293,37.971982],[-122.617302,37.97201],[-122.617296,37.972039],[-122.617273,37.972061],[-122.617218,37.972082]]]}},{"type":"Feature","properties":{"k":"path"},"geometry":{"type":"LineString","coordinates":[[-122.618198,37.972669],[-122.618117,37.97264],[-122.618025,37.972593],[-122.617949,37.972547],[-122.617903,37.9725],[-122.617769,37.972442],[-122.617721,37.972434],[-122.617596,37.972353],[-122.617286,37.972173],[-122.617119,37.972082],[-122.617028,37.972044],[-122.616885,37.971995],[-122.61668,37.971942],[-122.616234,37.971844],[-122.616024,37.97179],[-122.615985,37.971772],[-122.615878,37.971672],[-122.615834,37.971643],[-122.615319,37.971405],[-122.615015,37.971247],[-122.614922,37.971195],[-122.614847,37.971136],[-122.614722,37.971057],[-122.614423,37.970894],[-122.614084,37.970725],[-122.613944,37.97069],[-122.61358,37.970644],[-122.613436,37.970619],[-122.613389,37.970601],[-122.613336,37.970458]]}},{"type":"Feature","properties":{"k":"bunker"},"geometry":{"type":"Polygon","coordinates":[[[-122.616003,37.971349],[-122.615956,37.971338],[-122.615956,37.971324],[-122.615971,37.971313],[-122.615967,37.971308],[-122.615922,37.971334],[-122.615898,37.97133],[-122.615879,37.971317],[-122.615861,37.971287],[-122.615891,37.971251],[-122.615913,37.971238],[-122.615948,37.971236],[-122.615993,37.971245],[-122.616009,37.971256],[-122.616028,37.971281],[-122.616035,37.971315],[-122.616027,37.97134],[-122.616003,37.971349]]]}},{"type":"Feature","properties":{"k":"bunker"},"geometry":{"type":"Polygon","coordinates":[[[-122.614091,37.970349],[-122.613992,37.970328],[-122.613975,37.970307],[-122.613981,37.970278],[-122.61402,37.970265],[-122.614069,37.970278],[-122.614104,37.97032],[-122.6141,37.970347],[-122.614091,37.970349]]]}},{"type":"Feature","properties":{"k":"bunker"},"geometry":{"type":"Polygon","coordinates":[[[-122.613871,37.97026],[-122.613845,37.970241],[-122.613821,37.970205],[-122.613827,37.970183],[-122.613849,37.970173],[-122.613884,37.970178],[-122.613927,37.970199],[-122.613985,37.97024],[-122.613985,37.970252],[-122.613947,37.970276],[-122.613871,37.97026]]]}},{"type":"Feature","properties":{"k":"bunker"},"geometry":{"type":"Polygon","coordinates":[[[-122.613535,37.970458],[-122.613558,37.97046],[-122.613591,37.97048],[-122.61358,37.970522],[-122.613525,37.970531],[-122.613472,37.970524],[-122.613443,37.970498],[-122.613431,37.970468],[-122.613424,37.970418],[-122.613444,37.970398],[-122.613413,37.970381],[-122.613426,37.970355],[-122.61345,37.970361],[-122.613453,37.970347],[-122.613466,37.97034],[-122.613507,37.970345],[-122.613518,37.970444],[-122.613535,37.970458]]]}},{"type":"Feature","properties":{"k":"bunker"},"geometry":{"type":"Polygon","coordinates":[[[-122.613922,37.970622],[-122.613872,37.970616],[-122.613865,37.970599],[-122.613842,37.970601],[-122.613836,37.970592],[-122.613857,37.97056],[-122.613891,37.970548],[-122.61391,37.970549],[-122.613922,37.97057],[-122.613934,37.970555],[-122.613967,37.97055],[-122.614008,37.970532],[-122.614023,37.970533],[-122.614047,37.970551],[-122.614048,37.970585],[-122.61403,37.970591],[-122.614013,37.970611],[-122.613989,37.970611],[-122.613962,37.970627],[-122.613922,37.970622]]]}},{"type":"Feature","properties":{"k":"tee"},"geometry":{"type":"Polygon","coordinates":[[[-122.613223,37.97082],[-122.61319,37.970809],[-122.613188,37.970785],[-122.613213,37.970772],[-122.613252,37.970776],[-122.613262,37.97079],[-122.61326,37.97081],[-122.613223,37.97082]]]}},{"type":"Feature","properties":{"k":"rough"},"geometry":{"type":"Polygon","coordinates":[[[-122.613269,37.970823],[-122.613244,37.970829],[-122.613191,37.970818],[-122.61317,37.9708],[-122.613173,37.970778],[-122.613218,37.970758],[-122.613268,37.970774],[-122.613303,37.970767],[-122.613319,37.970776],[-122.61332,37.970785],[-122.613269,37.970823]]]}},{"type":"Feature","properties":{"k":"tee"},"geometry":{"type":"Polygon","coordinates":[[[-122.613262,37.970653],[-122.613235,37.970641],[-122.613215,37.97061],[-122.613219,37.970585],[-122.613244,37.970571],[-122.613277,37.970577],[-122.613298,37.970616],[-122.613288,37.970646],[-122.613262,37.970653]]]}},{"type":"Feature","properties":{"k":"tee"},"geometry":{"type":"Polygon","coordinates":[[[-122.61314,37.970602],[-122.613117,37.97059],[-122.6131,37.970553],[-122.613108,37.970533],[-122.613131,37.970524],[-122.613165,37.970536],[-122.61318,37.970576],[-122.61317,37.970597],[-122.61314,37.970602]]]}},{"type":"Feature","properties":{"k":"rough"},"geometry":{"type":"Polygon","coordinates":[[[-122.613382,37.970619],[-122.613317,37.970696],[-122.613263,37.970695],[-122.613169,37.970665],[-122.613101,37.970633],[-122.613062,37.970573],[-122.613053,37.97055],[-122.613059,37.970525],[-122.613077,37.970507],[-122.613135,37.970497],[-122.61327,37.970532],[-122.613348,37.970529],[-122.613382,37.970619]]]}},{"type":"Feature","properties":{"k":"tee"},"geometry":{"type":"Polygon","coordinates":[[[-122.613193,37.970312],[-122.613174,37.970309],[-122.613157,37.970294],[-122.613157,37.970266],[-122.613172,37.970253],[-122.613201,37.970256],[-122.613222,37.970273],[-122.61322,37.970303],[-122.613193,37.970312]]]}},{"type":"Feature","properties":{"k":"path"},"geometry":{"type":"LineString","coordinates":[[-122.613336,37.970458],[-122.613268,37.970406],[-122.613188,37.970387],[-122.612941,37.970372],[-122.612724,37.970327],[-122.612684,37.97029],[-122.612618,37.970143],[-122.612533,37.969769],[-122.612455,37.969501],[-122.61237,37.968976],[-122.612328,37.968614],[-122.612307,37.968515],[-122.61223,37.968322],[-122.612206,37.968238],[-122.612069,37.967343],[-122.612031,37.967267],[-122.611975,37.967229],[-122.611959,37.967203],[-122.611954,37.967159],[-122.611962,37.967105],[-122.611972,37.967066],[-122.611996,37.96705]]}},{"type":"Feature","properties":{"k":"bunker"},"geometry":{"type":"Polygon","coordinates":[[[-122.612388,37.96769],[-122.61236,37.967684],[-122.612333,37.967663],[-122.612319,37.967624],[-122.612302,37.96761],[-122.61229,37.967566],[-122.612314,37.967539],[-122.612341,37.967541],[-122.612344,37.96755],[-122.612363,37.967549],[-122.612377,37.96756],[-122.612385,37.967594],[-122.612362,37.9676],[-122.612359,37.96761],[-122.612403,37.967611],[-122.612417,37.967642],[-122.612412,37.96768],[-122.612388,37.96769]]]}},{"type":"Feature","properties":{"k":"bunker"},"geometry":{"type":"Polygon","coordinates":[[[-122.612729,37.967449],[-122.612692,37.96747],[-122.612666,37.967461],[-122.612656,37.967449],[-122.612656,37.967426],[-122.61267,37.967405],[-122.612694,37.967397],[-122.61272,37.967408],[-122.612741,37.967432],[-122.612729,37.967449]]]}},{"type":"Feature","properties":{"k":"bunker"},"geometry":{"type":"Polygon","coordinates":[[[-122.612764,37.9674],[-122.612732,37.967392],[-122.612698,37.967368],[-122.612698,37.967345],[-122.612713,37.967319],[-122.612735,37.967322],[-122.612751,37.96731],[-122.612771,37.967326],[-122.612807,37.967323],[-122.612816,37.967344],[-122.612812,37.967359],[-122.612776,37.967396],[-122.612764,37.9674]]]}},{"type":"Feature","properties":{"k":"bunker"},"geometry":{"type":"Polygon","coordinates":[[[-122.61226,37.967194],[-122.61229,37.967194],[-122.612325,37.967216],[-122.61234,37.967248],[-122.612333,37.96727],[-122.612355,37.967306],[-122.612351,37.967321],[-122.612358,37.967337],[-122.612346,37.967346],[-122.612307,37.967341],[-122.612271,37.96731],[-122.612238,37.967231],[-122.612238,37.967215],[-122.61226,37.967194]]]}},{"type":"Feature","properties":{"k":"bunker"},"geometry":{"type":"Polygon","coordinates":[[[-122.612542,37.967054],[-122.612473,37.967041],[-122.612459,37.967026],[-122.61249,37.967001],[-122.612537,37.967003],[-122.612539,37.967015],[-122.612566,37.967016],[-122.612578,37.967033],[-122.61257,37.96705],[-122.612542,37.967054]]]}},{"type":"Feature","properties":{"k":"green"},"geometry":{"type":"Polygon","coordinates":[[[-122.612546,37.967359],[-122.612486,37.967371],[-122.612431,37.967362],[-122.612407,37.967352],[-122.612385,37.967328],[-122.612326,37.967207],[-122.612311,37.967194],[-122.612301,37.967162],[-122.612307,37.967137],[-122.612338,37.967099],[-122.612398,37.967061],[-122.612431,37.967052],[-122.612471,37.967051],[-122.612573,37.967066],[-122.612611,37.967086],[-122.612634,37.967121],[-122.612652,37.96718],[-122.612648,37.96724],[-122.612612,37.967311],[-122.612569,37.967349],[-122.612546,37.967359]]]}},{"type":"Feature","properties":{"k":"tee"},"geometry":{"type":"Polygon","coordinates":[[[-122.612007,37.967187],[-122.611985,37.967169],[-122.61198,37.967135],[-122.611986,37.967117],[-122.61201,37.967108],[-122.612034,37.967124],[-122.612039,37.967147],[-122.612028,37.967179],[-122.612007,37.967187]]]}},{"type":"Feature","properties":{"k":"tee"},"geometry":{"type":"Polygon","coordinates":[[[-122.611606,37.967282],[-122.611579,37.96728],[-122.611571,37.967261],[-122.611581,37.967243],[-122.61161,37.967234],[-122.611628,37.967245],[-122.611631,37.967263],[-122.611606,37.967282]]]}},{"type":"Feature","properties":{"k":"rough"},"geometry":{"type":"Polygon","coordinates":[[[-122.611627,37.967286],[-122.611605,37.967296],[-122.611577,37.967293],[-122.611553,37.96727],[-122.611564,37.967242],[-122.611604,37.96722],[-122.611623,37.967222],[-122.61165,37.967241],[-122.611651,37.967261],[-122.611627,37.967286]]]}},{"type":"Feature","properties":{"k":"rough"},"geometry":{"type":"Polygon","coordinates":[[[-122.612047,37.967195],[-122.611975,37.967199],[-122.611967,37.967128],[-122.611974,37.967106],[-122.611994,37.967094],[-122.612029,37.967095],[-122.612048,37.967119],[-122.612047,37.967195]]]}},{"type":"Feature","properties":{"k":"tee"},"geometry":{"type":"Polygon","coordinates":[[[-122.611908,37.967361],[-122.611875,37.96736],[-122.611846,37.967331],[-122.611847,37.967303],[-122.611868,37.967279],[-122.611916,37.967287],[-122.611937,37.967304],[-122.611938,37.967332],[-122.611908,37.967361]]]}},{"type":"Feature","properties":{"k":"tee"},"geometry":{"type":"Polygon","coordinates":[[[-122.611966,37.9676],[-122.611926,37.967582],[-122.611907,37.967528],[-122.611899,37.96745],[-122.611908,37.967435],[-122.611934,37.967424],[-122.611969,37.967433],[-122.611994,37.967467],[-122.611999,37.967572],[-122.611989,37.967588],[-122.611966,37.9676]]]}},{"type":"Feature","properties":{"k":"tee"},"geometry":{"type":"Polygon","coordinates":[[[-122.611988,37.967903],[-122.611961,37.967902],[-122.611946,37.967886],[-122.611953,37.96784],[-122.611973,37.967825],[-122.611997,37.967833],[-122.612007,37.967854],[-122.612005,37.967889],[-122.611988,37.967903]]]}},{"type":"Feature","properties":{"k":"rough"},"geometry":{"type":"Polygon","coordinates":[[[-122.61218,37.967111],[-122.612161,37.967151],[-122.612055,37.967222],[-122.611962,37.967254],[-122.61186,37.967269],[-122.611836,37.967284],[-122.611821,37.96731],[-122.611911,37.967646],[-122.611915,37.967758],[-122.611861,37.967961],[-122.611793,37.968077],[-122.611724,37.968166],[-122.611667,37.968219],[-122.611647,37.96823],[-122.611581,37.968219],[-122.611522,37.968181],[-122.611486,37.968119],[-122.611491,37.968069],[-122.611585,37.967974],[-122.611593,37.967937],[-122.611563,37.967825],[-122.611519,37.967747],[-122.611418,37.967713],[-122.611385,37.967724],[-122.611326,37.967714],[-122.611303,37.967717],[-122.61128,37.967701],[-122.611251,37.967708],[-122.610971,37.967883],[-122.610853,37.968041],[-122.610756,37.968133],[-122.610668,37.968237],[-122.610693,37.968277],[-122.610688,37.968302],[-122.610694,37.968356],[-122.610688,37.968422],[-122.610664,37.968436],[-122.610661,37.968545],[-122.610682,37.968599],[-122.610681,37.968635],[-122.610653,37.968694],[-122.610655,37.968809],[-122.610709,37.968957],[-122.610704,37.96899],[-122.610749,37.969022],[-122.610767,37.969046],[-122.610763,37.969071],[-122.610706,37.969107],[-122.610729,37.969179],[-122.610819,37.969292],[-122.610866,37.969409],[-122.611016,37.96958],[-122.611052,37.969633],[-122.611101,37.969743],[-122.611295,37.969935],[-122.611362,37.969984],[-122.61144,37.969982],[-122.611484,37.969993],[-122.611484,37.970027],[-122.611582,37.970069],[-122.611597,37.970116],[-122.611625,37.970136],[-122.61166,37.970148],[-122.611736,37.970241],[-122.611893,37.970322],[-122.611935,37.970426],[-122.612072,37.970615],[-122.612109,37.970654],[-122.612168,37.970674],[-122.612254,37.970718],[-122.612308,37.970726],[-122.612485,37.970687],[-122.612545,37.97065],[-122.612634,37.970573],[-122.612695,37.970489],[-122.612687,37.970458],[-122.612702,37.970387],[-122.612686,37.970314],[-122.612718,37.970305],[-122.612745,37.970321],[-122.61278,37.970326],[-122.61276,37.970267],[-122.612792,37.970122],[-122.612961,37.970085],[-122.613029,37.970066],[-122.613075,37.970044],[-122.613123,37.969964],[-122.613155,37.969888],[-122.613119,37.969509],[-122.613095,37.969416],[-122.613063,37.96936],[-122.613012,37.969193],[-122.612965,37.969144],[-122.612863,37.968985],[-122.61284,37.968903],[-122.612835,37.968807],[-122.612815,37.968693],[-122.612809,37.968581],[-122.612817,37.968394],[-122.612804,37.96829],[-122.612811,37.968077],[-122.612823,37.967935],[-122.612878,37.967855],[-122.612882,37.967767],[-122.612871,37.967646],[-122.612876,37.967597],[-122.61287,37.967437],[-122.612916,37.96741],[-122.612937,37.967388],[-122.612935,37.96735],[-122.612916,37.967333],[-122.612926,37.967261],[-122.612921,37.967243],[-122.612815,37.967104],[-122.612801,37.966999],[-122.612784,37.96698],[-122.612748,37.966976],[-122.612678,37.966986],[-122.612584,37.967026],[-122.612542,37.966994],[-122.61251,37.966988],[-122.612479,37.966995],[-122.61245,37.967017],[-122.612366,37.96698],[-122.612339,37.966983],[-122.612226,37.967059],[-122.61218,37.967111]]]}},{"type":"Feature","properties":{"k":"bunker"},"geometry":{"type":"Polygon","coordinates":[[[-122.612172,37.969204],[-122.61215,37.969184],[-122.612159,37.969145],[-122.61223,37.969071],[-122.612242,37.969065],[-122.61227,37.969067],[-122.612297,37.969093],[-122.612271,37.969107],[-122.612277,37.969119],[-122.612265,37.969138],[-122.612229,37.969159],[-122.612228,37.969168],[-122.612202,37.969177],[-122.612193,37.9692],[-122.612172,37.969204]]]}},{"type":"Feature","properties":{"k":"bunker"},"geometry":{"type":"Polygon","coordinates":[[[-122.611672,37.970125],[-122.611642,37.970128],[-122.611605,37.970101],[-122.611618,37.970047],[-122.611641,37.970045],[-122.611657,37.970053],[-122.611652,37.970027],[-122.611667,37.970018],[-122.611716,37.970011],[-122.611744,37.970016],[-122.611761,37.970025],[-122.611764,37.970038],[-122.611706,37.970111],[-122.611684,37.970126],[-122.611672,37.970125]]]}},{"type":"Feature","properties":{"k":"bunker"},"geometry":{"type":"Polygon","coordinates":[[[-122.612405,37.970101],[-122.612388,37.970101],[-122.612375,37.970089],[-122.612381,37.970079],[-122.612358,37.970053],[-122.612356,37.970027],[-122.612304,37.970005],[-122.612297,37.969984],[-122.612322,37.969957],[-122.612343,37.969955],[-122.612395,37.969987],[-122.612451,37.970055],[-122.612446,37.970081],[-122.612434,37.970094],[-122.612405,37.970101]]]}},{"type":"Feature","properties":{"k":"bunker"},"geometry":{"type":"Polygon","coordinates":[[[-122.612582,37.970234],[-122.61255,37.970242],[-122.612498,37.970215],[-122.612488,37.970191],[-122.612474,37.970187],[-122.612474,37.970177],[-122.612456,37.97017],[-122.612452,37.970153],[-122.612437,37.970148],[-122.612434,37.97014],[-122.612454,37.970099],[-122.612494,37.970099],[-122.612508,37.970107],[-122.612575,37.970182],[-122.612587,37.970219],[-122.612582,37.970234]]]}},{"type":"Feature","properties":{"k":"bunker"},"geometry":{"type":"Polygon","coordinates":[[[-122.612265,37.970478],[-122.612239,37.970478],[-122.612218,37.970459],[-122.612211,37.970433],[-122.612198,37.970425],[-122.612193,37.970401],[-122.612211,37.970379],[-122.612233,37.970373],[-122.612266,37.970376],[-122.612318,37.970424],[-122.612321,37.970447],[-122.612311,37.970467],[-122.612284,37.970482],[-122.612265,37.970478]]]}},{"type":"Feature","properties":{"k":"bunker"},"geometry":{"type":"Polygon","coordinates":[[[-122.612614,37.970531],[-122.612613,37.97056],[-122.612539,37.970595],[-122.61254,37.970606],[-122.612524,37.970611],[-122.612525,37.970624],[-122.612496,37.970651],[-122.612473,37.970663],[-122.612464,37.970657],[-122.612457,37.970664],[-122.612443,37.970659],[-122.612432,37.970637],[-122.612436,37.970622],[-122.612597,37.970517],[-122.612614,37.970531]]]}},{"type":"Feature","properties":{"k":"path"},"geometry":{"type":"LineString","coordinates":[[-122.612724,37.970327],[-122.612714,37.970343],[-122.612703,37.970504],[-122.612667,37.970553],[-122.612555,37.970661],[-122.612336,37.970825],[-122.612218,37.970872],[-122.612168,37.970879],[-122.612132,37.970861],[-122.611952,37.970669],[-122.611897,37.970628],[-122.611761,37.970397],[-122.611669,37.970284],[-122.611562,37.970174],[-122.611314,37.969965],[-122.611117,37.969777],[-122.611073,37.969721],[-122.610994,37.969567],[-122.610861,37.969418],[-122.610823,37.969352],[-122.6108,37.96929],[-122.610709,37.969158],[-122.610659,37.969058],[-122.610658,37.969034],[-122.610697,37.968962],[-122.610634,37.968792],[-122.61059,37.96862],[-122.610593,37.968581],[-122.610631,37.968541],[-122.610646,37.968479],[-122.610652,37.968429],[-122.610625,37.968302],[-122.610641,37.968269],[-122.610744,37.968129],[-122.610871,37.967998],[-122.610949,37.967886],[-122.611204,37.967707],[-122.611328,37.967655],[-122.611394,37.967643],[-122.611439,37.967607],[-122.611516,37.967509],[-122.611613,37.967347],[-122.611672,37.967257],[-122.611711,37.967214],[-122.611799,37.967146],[-122.611996,37.96705]]}},{"type":"Feature","properties":{"k":"tee"},"geometry":{"type":"Polygon","coordinates":[[[-122.612478,37.97089],[-122.612448,37.970892],[-122.612419,37.970882],[-122.61241,37.970865],[-122.612416,37.970851],[-122.612457,37.970837],[-122.612497,37.970845],[-122.612511,37.97087],[-122.612478,37.97089]]]}},{"type":"Feature","properties":{"k":"rough"},"geometry":{"type":"Polygon","coordinates":[[[-122.612526,37.970876],[-122.612498,37.970889],[-122.612436,37.970897],[-122.612401,37.970883],[-122.612387,37.970853],[-122.612393,37.970842],[-122.61247,37.970825],[-122.612521,37.970851],[-122.612529,37.970858],[-122.612526,37.970876]]]}},{"type":"Feature","properties":{"k":"tee"},"geometry":{"type":"Polygon","coordinates":[[[-122.612219,37.970836],[-122.612187,37.970836],[-122.612149,37.970809],[-122.612143,37.970782],[-122.612161,37.970763],[-122.612182,37.970761],[-122.612212,37.97078],[-122.612231,37.97081],[-122.612219,37.970836]]]}},{"type":"Feature","properties":{"k":"rough"},"geometry":{"type":"Polygon","coordinates":[[[-122.612247,37.970847],[-122.61224,37.970857],[-122.612191,37.970871],[-122.612146,37.97086],[-122.61211,37.970823],[-122.612107,37.970772],[-122.612146,37.97075],[-122.61218,37.970751],[-122.612197,37.97076],[-122.612249,37.97081],[-122.612256,37.970831],[-122.612247,37.970847]]]}},{"type":"Feature","properties":{"k":"tee"},"geometry":{"type":"Polygon","coordinates":[[[-122.611966,37.970642],[-122.611937,37.970633],[-122.611913,37.970601],[-122.611913,37.970585],[-122.61194,37.970579],[-122.611968,37.970598],[-122.611978,37.970625],[-122.611975,37.970639],[-122.611966,37.970642]]]}},{"type":"Feature","properties":{"k":"rough"},"geometry":{"type":"Polygon","coordinates":[[[-122.611983,37.970688],[-122.611893,37.970605],[-122.611889,37.970598],[-122.611913,37.970577],[-122.611945,37.970576],[-122.611971,37.970593],[-122.611991,37.970638],[-122.611983,37.970688]]]}},{"type":"Feature","properties":{"k":"bunker"},"geometry":{"type":"Polygon","coordinates":[[[-122.610834,37.968563],[-122.610806,37.968565],[-122.610785,37.968543],[-122.610788,37.968507],[-122.610823,37.968491],[-122.610848,37.968496],[-122.610866,37.968519],[-122.610864,37.968546],[-122.610834,37.968563]]]}},{"type":"Feature","properties":{"k":"bunker"},"geometry":{"type":"Polygon","coordinates":[[[-122.61117,37.968611],[-122.611152,37.96861],[-122.611125,37.96859],[-122.611118,37.968573],[-122.611124,37.968557],[-122.611164,37.968555],[-122.611186,37.968563],[-122.611187,37.9686],[-122.61117,37.968611]]]}},{"type":"Feature","properties":{"k":"bunker"},"geometry":{"type":"Polygon","coordinates":[[[-122.611317,37.968188],[-122.611261,37.968246],[-122.611233,37.968255],[-122.611213,37.968246],[-122.611243,37.968152],[-122.611259,37.968138],[-122.611294,37.96814],[-122.611314,37.968155],[-122.611325,37.968168],[-122.611317,37.968188]]]}},{"type":"Feature","properties":{"k":"bunker"},"geometry":{"type":"Polygon","coordinates":[[[-122.611434,37.968099],[-122.611387,37.968133],[-122.611361,37.968143],[-122.611317,37.968129],[-122.611297,37.968102],[-122.611305,37.968079],[-122.611327,37.968059],[-122.611367,37.968033],[-122.611393,37.968025],[-122.611413,37.968026],[-122.611441,37.968041],[-122.611444,37.968087],[-122.611434,37.968099]]]}},{"type":"Feature","properties":{"k":"bunker"},"geometry":{"type":"Polygon","coordinates":[[[-122.611083,37.967886],[-122.611061,37.967897],[-122.611039,37.967898],[-122.611019,37.967882],[-122.611036,37.967853],[-122.611053,37.967848],[-122.611072,37.967826],[-122.61109,37.96783],[-122.611107,37.967861],[-122.611083,37.967886]]]}},{"type":"Feature","properties":{"k":"bunker"},"geometry":{"type":"Polygon","coordinates":[[[-122.611245,37.967784],[-122.611197,37.967781],[-122.611194,37.967748],[-122.611209,37.967736],[-122.611226,37.967735],[-122.611233,37.967721],[-122.611246,37.967722],[-122.611251,37.967713],[-122.61128,37.967705],[-122.611303,37.967721],[-122.611304,37.967752],[-122.611245,37.967784]]]}},{"type":"Feature","properties":{"k":"green"},"geometry":{"type":"Polygon","coordinates":[[[-122.611311,37.968021],[-122.611259,37.968063],[-122.611243,37.968069],[-122.611195,37.968066],[-122.611154,37.968045],[-122.611119,37.968012],[-122.611099,37.967989],[-122.611083,37.967949],[-122.611099,37.967894],[-122.611138,37.967856],[-122.611212,37.967818],[-122.611301,37.96779],[-122.611343,37.967794],[-122.611383,37.967809],[-122.611425,37.967837],[-122.611448,37.967886],[-122.611446,37.967913],[-122.611429,37.967939],[-122.611311,37.968021]]]}},{"type":"Feature","properties":{"k":"green"},"geometry":{"type":"Polygon","coordinates":[[[-122.612424,37.970598],[-122.612391,37.9706],[-122.612346,37.970591],[-122.61232,37.970576],[-122.612298,37.970543],[-122.612297,37.970518],[-122.612332,37.970465],[-122.61234,37.970435],[-122.612279,37.970343],[-122.612307,37.970301],[-122.612356,37.970284],[-122.61242,37.970288],[-122.612511,37.970328],[-122.612561,37.970379],[-122.612592,37.970446],[-122.612593,37.970481],[-122.612564,37.970526],[-122.612477,37.970579],[-122.612424,37.970598]]]}},{"type":"Feature","properties":{"k":"rough"},"geometry":{"type":"Polygon","coordinates":[[[-122.611047,37.967805],[-122.610966,37.967768],[-122.61095,37.967772],[-122.610903,37.96782],[-122.610862,37.967821],[-122.610831,37.967808],[-122.610829,37.967795],[-122.610864,37.967742],[-122.610911,37.967698],[-122.610929,37.967663],[-122.610989,37.967479],[-122.611027,37.967477],[-122.611057,37.967488],[-122.611113,37.967525],[-122.611134,37.967563],[-122.611141,37.967607],[-122.611126,37.96765],[-122.611071,37.96772],[-122.611021,37.967752],[-122.611074,37.967783],[-122.611047,37.967805]]]}},{"type":"Feature","properties":{"k":"tee"},"geometry":{"type":"Polygon","coordinates":[[[-122.610947,37.967757],[-122.610883,37.967813],[-122.610855,37.967815],[-122.610839,37.967805],[-122.610837,37.967788],[-122.610872,37.967743],[-122.610892,37.96773],[-122.61091,37.967725],[-122.610937,37.967729],[-122.610949,37.96774],[-122.610947,37.967757]]]}},{"type":"Feature","properties":{"k":"tee"},"geometry":{"type":"Polygon","coordinates":[[[-122.611124,37.967622],[-122.611088,37.967655],[-122.610994,37.96771],[-122.610964,37.967709],[-122.610939,37.96769],[-122.610944,37.967648],[-122.61099,37.967552],[-122.611008,37.96753],[-122.611035,37.967519],[-122.61105,37.967515],[-122.611078,37.967522],[-122.611116,37.967556],[-122.61113,37.967596],[-122.611124,37.967622]]]}},{"type":"Feature","properties":{"k":"tee"},"geometry":{"type":"Polygon","coordinates":[[[-122.611283,37.967498],[-122.611252,37.967503],[-122.611225,37.967488],[-122.611221,37.967472],[-122.611236,37.96745],[-122.611259,37.967443],[-122.611292,37.967454],[-122.611299,37.967482],[-122.611283,37.967498]]]}},{"type":"Feature","properties":{"k":"rough"},"geometry":{"type":"Polygon","coordinates":[[[-122.611297,37.967506],[-122.611243,37.967509],[-122.611217,37.967492],[-122.61121,37.967472],[-122.61119,37.967457],[-122.611228,37.967433],[-122.611248,37.967439],[-122.611291,37.967437],[-122.611307,37.967448],[-122.611324,37.96749],[-122.611322,37.967505],[-122.611297,37.967506]]]}},{"type":"Feature","properties":{"k":"rough"},"geometry":{"type":"Polygon","coordinates":[[[-122.611991,37.96704],[-122.612055,37.967013],[-122.612126,37.967003],[-122.61218,37.966987],[-122.612384,37.966891],[-122.612525,37.966788],[-122.612572,37.966735],[-122.612589,37.966699],[-122.612618,37.966664],[-122.612649,37.966647],[-122.612682,37.966611],[-122.612691,37.966539],[-122.612683,37.96649],[-122.612555,37.966288],[-122.612541,37.966244],[-122.612523,37.966098],[-122.612509,37.966063],[-122.612432,37.966111],[-122.612397,37.96612],[-122.612315,37.966124],[-122.612264,37.966155],[-122.61218,37.966173],[-122.612063,37.966211],[-122.611939,37.966218],[-122.611869,37.966212],[-122.611805,37.966255],[-122.611696,37.966286],[-122.611646,37.966317],[-122.611639,37.966341],[-122.611652,37.966359],[-122.611715,37.966364],[-122.611748,37.966352],[-122.61179,37.966349],[-122.611823,37.966363],[-122.611849,37.966396],[-122.611822,37.966477],[-122.611805,37.966571],[-122.611821,37.966592],[-122.611801,37.966622],[-122.611791,37.966663],[-122.61181,37.966838],[-122.611819,37.966868],[-122.611858,37.966906],[-122.611925,37.967003],[-122.611953,37.967025],[-122.611991,37.96704]]]}},{"type":"Feature","properties":{"k":"tee"},"geometry":{"type":"Polygon","coordinates":[[[-122.612915,37.966697],[-122.612918,37.966722],[-122.612907,37.966731],[-122.612883,37.96673],[-122.612866,37.966715],[-122.612862,37.966695],[-122.612878,37.966683],[-122.612903,37.966687],[-122.612915,37.966697]]]}},{"type":"Feature","properties":{"k":"tee"},"geometry":{"type":"Polygon","coordinates":[[[-122.612761,37.966722],[-122.612743,37.966748],[-122.61271,37.966756],[-122.612673,37.966739],[-122.612659,37.966711],[-122.61268,37.966687],[-122.612726,37.966681],[-122.61276,37.966698],[-122.612761,37.966722]]]}},{"type":"Feature","properties":{"k":"tee"},"geometry":{"type":"Polygon","coordinates":[[[-122.612637,37.966594],[-122.612606,37.966596],[-122.612579,37.966579],[-122.612574,37.96654],[-122.612594,37.966527],[-122.612632,37.966532],[-122.612649,37.966547],[-122.612653,37.96658],[-122.612637,37.966594]]]}},{"type":"Feature","properties":{"k":"tee"},"geometry":{"type":"Polygon","coordinates":[[[-122.612575,37.966482],[-122.612536,37.966465],[-122.61252,37.966435],[-122.61253,37.966422],[-122.612553,37.96642],[-122.612575,37.966428],[-122.612594,37.966468],[-122.61259,37.966478],[-122.612575,37.966482]]]}},{"type":"Feature","properties":{"k":"tee"},"geometry":{"type":"Polygon","coordinates":[[[-122.612397,37.966312],[-122.612371,37.966318],[-122.61234,37.966307],[-122.61232,37.96628],[-122.612326,37.966263],[-122.612353,37.966252],[-122.612397,37.966259],[-122.612413,37.966289],[-122.612397,37.966312]]]}},{"type":"Feature","properties":{"k":"tee"},"geometry":{"type":"Polygon","coordinates":[[[-122.612202,37.966221],[-122.612132,37.966291],[-122.612102,37.966294],[-122.612076,37.966273],[-122.612081,37.966243],[-122.612146,37.966189],[-122.612182,37.966185],[-122.612202,37.966206],[-122.612202,37.966221]]]}},{"type":"Feature","properties":{"k":"tee"},"geometry":{"type":"Polygon","coordinates":[[[-122.61237,37.966198],[-122.612339,37.966194],[-122.612322,37.966178],[-122.612323,37.966156],[-122.612347,37.966135],[-122.61238,37.966133],[-122.612404,37.966149],[-122.612405,37.966175],[-122.61237,37.966198]]]}},{"type":"Feature","properties":{"k":"tee"},"geometry":{"type":"Polygon","coordinates":[[[-122.611885,37.96627],[-122.611833,37.966304],[-122.611808,37.966296],[-122.611799,37.966282],[-122.6118,37.966272],[-122.61183,37.966245],[-122.611865,37.966228],[-122.611895,37.96624],[-122.611885,37.96627]]]}},{"type":"Feature","properties":{"k":"tee"},"geometry":{"type":"Polygon","coordinates":[[[-122.611729,37.966339],[-122.611686,37.966356],[-122.611667,37.966349],[-122.611659,37.966327],[-122.611683,37.966303],[-122.611714,37.966293],[-122.611733,37.966298],[-122.611742,37.96631],[-122.611741,37.966326],[-122.611729,37.966339]]]}},{"type":"Feature","properties":{"k":"fairway"},"geometry":{"type":"Polygon","coordinates":[[[-122.612322,37.966784],[-122.612282,37.96684],[-122.612228,37.966869],[-122.612167,37.966861],[-122.612123,37.966845],[-122.612074,37.966821],[-122.612046,37.966793],[-122.611995,37.966772],[-122.611977,37.966741],[-122.611992,37.96672],[-122.612035,37.96672],[-122.612061,37.966697],[-122.612059,37.966657],[-122.612043,37.966618],[-122.612003,37.9666],[-122.611911,37.966628],[-122.611831,37.966605],[-122.611928,37.966508],[-122.611987,37.966479],[-122.612063,37.966427],[-122.61211,37.96641],[-122.612175,37.966411],[-122.612338,37.966437],[-122.612373,37.966457],[-122.612436,37.966575],[-122.612453,37.96663],[-122.61245,37.966648],[-122.612408,37.966672],[-122.612341,37.966742],[-122.612322,37.966784]]]}},{"type":"Feature","properties":{"k":"bunker"},"geometry":{"type":"Polygon","coordinates":[[[-122.612091,37.966909],[-122.61209,37.966927],[-122.612079,37.966938],[-122.612065,37.96694],[-122.612026,37.966924],[-122.612041,37.966894],[-122.612028,37.966863],[-122.612034,37.966839],[-122.612054,37.966835],[-122.61209,37.966852],[-122.612095,37.966877],[-122.612079,37.966899],[-122.612091,37.966909]]]}},{"type":"Feature","properties":{"k":"bunker"},"geometry":{"type":"Polygon","coordinates":[[[-122.612199,37.966798],[-122.612187,37.966802],[-122.612151,37.966787],[-122.612125,37.966765],[-122.612122,37.966751],[-122.612134,37.966746],[-122.612134,37.966732],[-122.612169,37.96673],[-122.612193,37.966757],[-122.612224,37.966762],[-122.612224,37.96678],[-122.612213,37.966785],[-122.612215,37.966792],[-122.612199,37.966798]]]}},{"type":"Feature","properties":{"k":"bunker"},"geometry":{"type":"Polygon","coordinates":[[[-122.612047,37.966702],[-122.612028,37.966717],[-122.612009,37.966716],[-122.611989,37.966698],[-122.611988,37.966678],[-122.611968,37.966661],[-122.611954,37.966629],[-122.611976,37.966613],[-122.611991,37.966614],[-122.611991,37.966605],[-122.612023,37.966607],[-122.612025,37.966617],[-122.612039,37.966622],[-122.612037,37.966646],[-122.612025,37.966662],[-122.612052,37.966678],[-122.612047,37.966702]]]}},{"type":"Feature","properties":{"k":"bunker"},"geometry":{"type":"Polygon","coordinates":[[[-122.612464,37.966533],[-122.612455,37.966555],[-122.612436,37.96656],[-122.612422,37.966555],[-122.612397,37.966509],[-122.612431,37.966487],[-122.612446,37.966489],[-122.612459,37.966496],[-122.612464,37.966533]]]}},{"type":"Feature","properties":{"k":"green"},"geometry":{"type":"Polygon","coordinates":[[[-122.612406,37.966642],[-122.612344,37.966717],[-122.612288,37.966745],[-122.612256,37.966746],[-122.612126,37.966682],[-122.612106,37.966665],[-122.612068,37.966616],[-122.612007,37.966571],[-122.611998,37.966548],[-122.612002,37.966524],[-122.612052,37.966457],[-122.612104,37.966434],[-122.612172,37.966431],[-122.612315,37.966455],[-122.612349,37.966473],[-122.612386,37.966521],[-122.612417,37.966591],[-122.612414,37.966635],[-122.612406,37.966642]]]}},{"type":"Feature","properties":{"k":"tee"},"geometry":{"type":"Polygon","coordinates":[[[-122.61297,37.967765],[-122.612952,37.967763],[-122.612923,37.967743],[-122.612918,37.967726],[-122.612929,37.967715],[-122.612959,37.967717],[-122.612975,37.967729],[-122.612984,37.967752],[-122.61297,37.967765]]]}},{"type":"Feature","properties":{"k":"rough"},"geometry":{"type":"Polygon","coordinates":[[[-122.61298,37.967712],[-122.613011,37.967746],[-122.613009,37.967766],[-122.612971,37.967779],[-122.612939,37.967775],[-122.612904,37.96774],[-122.612905,37.96772],[-122.612937,37.967701],[-122.61298,37.967712]]]}},{"type":"Feature","properties":{"k":"tee"},"geometry":{"type":"Polygon","coordinates":[[[-122.613169,37.968099],[-122.613155,37.968103],[-122.613113,37.968093],[-122.612977,37.967979],[-122.612967,37.967954],[-122.612986,37.967931],[-122.613024,37.967925],[-122.613053,37.967936],[-122.613178,37.968047],[-122.613189,37.968077],[-122.613169,37.968099]]]}},{"type":"Feature","properties":{"k":"green"},"geometry":{"type":"Polygon","coordinates":[[[-122.613482,37.96808],[-122.613438,37.968088],[-122.613409,37.968085],[-122.613382,37.968075],[-122.61335,37.96805],[-122.613328,37.968013],[-122.6133,37.96788],[-122.613314,37.967855],[-122.613363,37.967812],[-122.613397,37.967803],[-122.613453,37.967802],[-122.61353,37.967766],[-122.613565,37.967767],[-122.613596,37.967781],[-122.613631,37.967814],[-122.613649,37.967861],[-122.613648,37.967919],[-122.613599,37.967997],[-122.613482,37.96808]]]}},{"type":"Feature","properties":{"k":"tee"},"geometry":{"type":"Polygon","coordinates":[[[-122.613628,37.96848],[-122.613596,37.968472],[-122.613584,37.968454],[-122.613588,37.96844],[-122.613612,37.968435],[-122.613631,37.968442],[-122.613641,37.968465],[-122.613628,37.96848]]]}},{"type":"Feature","properties":{"k":"bunker"},"geometry":{"type":"Polygon","coordinates":[[[-122.615639,37.97011],[-122.615618,37.970124],[-122.615601,37.970123],[-122.615598,37.970104],[-122.615576,37.970124],[-122.615547,37.970111],[-122.615525,37.970118],[-122.61548,37.970098],[-122.615478,37.970081],[-122.615506,37.970056],[-122.615525,37.970055],[-122.61555,37.970063],[-122.615622,37.970045],[-122.615647,37.970061],[-122.61564,37.970077],[-122.615653,37.970094],[-122.615639,37.97011]]]}},{"type":"Feature","properties":{"k":"bunker"},"geometry":{"type":"Polygon","coordinates":[[[-122.615882,37.970274],[-122.615851,37.970287],[-122.615809,37.970273],[-122.615782,37.970237],[-122.615725,37.970206],[-122.615712,37.970186],[-122.615719,37.970168],[-122.615749,37.97016],[-122.615792,37.970183],[-122.615854,37.9702],[-122.615865,37.970215],[-122.615891,37.970225],[-122.615902,37.970243],[-122.615898,37.970259],[-122.615882,37.970274]]]}},{"type":"Feature","properties":{"k":"bunker"},"geometry":{"type":"Polygon","coordinates":[[[-122.615574,37.970498],[-122.615573,37.97051],[-122.61554,37.970511],[-122.615523,37.970494],[-122.615517,37.970471],[-122.615546,37.970403],[-122.615577,37.970379],[-122.615606,37.970389],[-122.615618,37.970431],[-122.615608,37.97047],[-122.615589,37.970494],[-122.615574,37.970498]]]}},{"type":"Feature","properties":{"k":"bunker"},"geometry":{"type":"Polygon","coordinates":[[[-122.615915,37.97067],[-122.615918,37.970652],[-122.615949,37.970637],[-122.61597,37.970637],[-122.615982,37.970651],[-122.615952,37.970679],[-122.61592,37.970683],[-122.615915,37.97067]]]}},{"type":"Feature","properties":{"k":"bunker"},"geometry":{"type":"Polygon","coordinates":[[[-122.616015,37.970636],[-122.615998,37.970634],[-122.61598,37.970608],[-122.615983,37.970598],[-122.61603,37.970554],[-122.61607,37.970557],[-122.616078,37.970578],[-122.616065,37.970605],[-122.616042,37.970614],[-122.616053,37.970615],[-122.616051,37.970619],[-122.616015,37.970636]]]}},{"type":"Feature","properties":{"k":"green"},"geometry":{"type":"Polygon","coordinates":[[[-122.615959,37.970565],[-122.615882,37.970602],[-122.615824,37.970611],[-122.615771,37.970601],[-122.615735,37.970576],[-122.615666,37.970501],[-122.615654,37.970469],[-122.61564,37.970365],[-122.615669,37.970327],[-122.615723,37.970307],[-122.615773,37.970309],[-122.61583,37.97032],[-122.615889,37.970351],[-122.615947,37.970416],[-122.615981,37.970477],[-122.615986,37.970523],[-122.615959,37.970565]]]}},{"type":"Feature","properties":{"k":"tee"},"geometry":{"type":"Polygon","coordinates":[[[-122.616354,37.970512],[-122.616325,37.970521],[-122.616277,37.970512],[-122.616085,37.970391],[-122.616086,37.970366],[-122.61611,37.970355],[-122.616161,37.970367],[-122.616362,37.970472],[-122.616369,37.970495],[-122.616354,37.970512]]]}},{"type":"Feature","properties":{"k":"tee"},"geometry":{"type":"Polygon","coordinates":[[[-122.616905,37.970772],[-122.616866,37.970769],[-122.616852,37.970743],[-122.616879,37.970731],[-122.616903,37.970736],[-122.616913,37.970748],[-122.616905,37.970772]]]}},{"type":"Feature","properties":{"k":"tee"},"geometry":{"type":"Polygon","coordinates":[[[-122.613043,37.967125],[-122.613004,37.967126],[-122.612964,37.967106],[-122.612961,37.96707],[-122.612987,37.967044],[-122.613037,37.967037],[-122.613071,37.967057],[-122.613077,37.967078],[-122.613071,37.967097],[-122.613043,37.967125]]]}},{"type":"Feature","properties":{"k":"tee"},"geometry":{"type":"Polygon","coordinates":[[[-122.613486,37.967074],[-122.613466,37.967076],[-122.613441,37.967064],[-122.61342,37.967039],[-122.613425,37.967022],[-122.61345,37.967015],[-122.613476,37.967025],[-122.613497,37.967049],[-122.613486,37.967074]]]}},{"type":"Feature","properties":{"k":"fairway"},"geometry":{"type":"Polygon","coordinates":[[[-122.614475,37.967975],[-122.614324,37.967881],[-122.614124,37.967773],[-122.61399,37.967649],[-122.613885,37.967569],[-122.613717,37.967369],[-122.613557,37.967245],[-122.613552,37.967176],[-122.613572,37.967117],[-122.613646,37.967083],[-122.613714,37.967077],[-122.613874,37.967119],[-122.613957,37.967162],[-122.613977,37.967183],[-122.61409,37.96741],[-122.614201,37.967391],[-122.614247,37.967391],[-122.614986,37.967983],[-122.615171,37.96811],[-122.615592,37.968495],[-122.61559,37.96852],[-122.615615,37.968533],[-122.615684,37.968552],[-122.615855,37.968628],[-122.615955,37.96861],[-122.616016,37.968625],[-122.616045,37.968651],[-122.616056,37.968702],[-122.616002,37.968775],[-122.615997,37.968887],[-122.615983,37.968906],[-122.615925,37.968942],[-122.615883,37.968953],[-122.615627,37.968962],[-122.615492,37.968914],[-122.615353,37.968796],[-122.61525,37.968696],[-122.615205,37.968637],[-122.61518,37.968584],[-122.615165,37.96857],[-122.615144,37.968567],[-122.615127,37.968548],[-122.615104,37.968492],[-122.615073,37.968464],[-122.614959,37.968391],[-122.614913,37.968377],[-122.614896,37.96835],[-122.614875,37.968287],[-122.614874,37.968259],[-122.614899,37.968218],[-122.614883,37.968198],[-122.614743,37.968116],[-122.614644,37.968076],[-122.614475,37.967975]]]}},{"type":"Feature","properties":{"k":"bunker"},"geometry":{"type":"Polygon","coordinates":[[[-122.61411,37.967369],[-122.614092,37.967396],[-122.614077,37.967402],[-122.614052,37.967386],[-122.614006,37.967276],[-122.614002,37.96724],[-122.614013,37.967236],[-122.614057,37.967242],[-122.614064,37.967246],[-122.614057,37.967255],[-122.614085,37.967264],[-122.614088,37.96728],[-122.614117,37.967295],[-122.614125,37.96734],[-122.614118,37.96737],[-122.61411,37.967369]]]}},{"type":"Feature","properties":{"k":"bunker"},"geometry":{"type":"Polygon","coordinates":[[[-122.615824,37.968638],[-122.61578,37.968644],[-122.615705,37.968618],[-122.615677,37.968592],[-122.615678,37.968559],[-122.615688,37.968547],[-122.615735,37.968534],[-122.615808,37.968549],[-122.615844,37.968567],[-122.61586,37.968605],[-122.615851,37.968621],[-122.615824,37.968638]]]}},{"type":"Feature","properties":{"k":"bunker"},"geometry":{"type":"Polygon","coordinates":[[[-122.615613,37.968836],[-122.615555,37.968838],[-122.615511,37.968814],[-122.615487,37.968777],[-122.615487,37.968749],[-122.6155,37.968727],[-122.615556,37.968711],[-122.61562,37.968745],[-122.615654,37.968788],[-122.615655,37.9688],[-122.61565,37.968814],[-122.615613,37.968836]]]}},{"type":"Feature","properties":{"k":"bunker"},"geometry":{"type":"Polygon","coordinates":[[[-122.615818,37.968985],[-122.615797,37.968994],[-122.615769,37.968989],[-122.615725,37.969019],[-122.615687,37.969008],[-122.615673,37.968981],[-122.615695,37.968949],[-122.615755,37.968941],[-122.615798,37.968947],[-122.615818,37.96897],[-122.615818,37.968985]]]}},{"type":"Feature","properties":{"k":"bunker"},"geometry":{"type":"Polygon","coordinates":[[[-122.615996,37.968851],[-122.615998,37.968786],[-122.616021,37.968772],[-122.616063,37.968802],[-122.616061,37.968848],[-122.616046,37.968864],[-122.616028,37.96887],[-122.616011,37.968871],[-122.615996,37.968851]]]}},{"type":"Feature","properties":{"k":"tee"},"geometry":{"type":"Polygon","coordinates":[[[-122.617433,37.96899],[-122.617408,37.969],[-122.617366,37.968986],[-122.617349,37.968968],[-122.617348,37.968951],[-122.617371,37.968941],[-122.617395,37.968947],[-122.617427,37.968964],[-122.617433,37.96899]]]}},{"type":"Feature","properties":{"k":"tee"},"geometry":{"type":"Polygon","coordinates":[[[-122.617097,37.968855],[-122.617059,37.968855],[-122.617028,37.968839],[-122.617012,37.968819],[-122.617021,37.968794],[-122.61705,37.968783],[-122.617094,37.9688],[-122.617115,37.968828],[-122.617097,37.968855]]]}},{"type":"Feature","properties":{"k":"tee"},"geometry":{"type":"Polygon","coordinates":[[[-122.616807,37.968742],[-122.616765,37.96874],[-122.616759,37.968713],[-122.61678,37.968705],[-122.616806,37.968709],[-122.616818,37.96873],[-122.616807,37.968742]]]}},{"type":"Feature","properties":{"k":"tee"},"geometry":{"type":"Polygon","coordinates":[[[-122.616491,37.968652],[-122.616455,37.968648],[-122.616447,37.968632],[-122.616451,37.968617],[-122.616485,37.968609],[-122.616504,37.96862],[-122.616508,37.968636],[-122.616491,37.968652]]]}},{"type":"Feature","properties":{"k":"fairway"},"geometry":{"type":"Polygon","coordinates":[[[-122.616856,37.968013],[-122.616902,37.968057],[-122.616955,37.968212],[-122.616962,37.968274],[-122.616955,37.968304],[-122.616938,37.968322],[-122.616815,37.968384],[-122.616724,37.968395],[-122.616682,37.968384],[-122.616604,37.968283],[-122.616568,37.968263],[-122.616472,37.968243],[-122.616452,37.968232],[-122.616394,37.968162],[-122.616355,37.96809],[-122.616304,37.968062],[-122.616278,37.96806],[-122.616247,37.968071],[-122.616216,37.968092],[-122.616125,37.968168],[-122.616094,37.968218],[-122.616096,37.968256],[-122.616075,37.968351],[-122.616044,37.968383],[-122.615994,37.968396],[-122.615941,37.968401],[-122.615788,37.96836],[-122.615732,37.968336],[-122.615097,37.967891],[-122.615087,37.967864],[-122.614936,37.967694],[-122.614917,37.967685],[-122.614783,37.967669],[-122.614604,37.967506],[-122.614213,37.967182],[-122.613958,37.967031],[-122.613543,37.966762],[-122.61322,37.96663],[-122.613046,37.966547],[-122.613008,37.966516],[-122.612966,37.966497],[-122.612957,37.966462],[-122.612983,37.966425],[-122.613043,37.966388],[-122.613053,37.96637],[-122.613044,37.966355],[-122.613027,37.966342],[-122.612998,37.966341],[-122.612945,37.966352],[-122.612855,37.966359],[-122.612799,37.966349],[-122.612766,37.966293],[-122.612774,37.966259],[-122.612762,37.966226],[-122.612738,37.966216],[-122.612729,37.96619],[-122.612731,37.966158],[-122.612766,37.966128],[-122.612865,37.966111],[-122.612917,37.966083],[-122.612945,37.966039],[-122.612962,37.96603],[-122.613006,37.966027],[-122.613048,37.966055],[-122.613062,37.966078],[-122.613054,37.966095],[-122.613087,37.966166],[-122.613114,37.96619],[-122.613195,37.966196],[-122.613217,37.96621],[-122.613252,37.966272],[-122.613296,37.966411],[-122.613314,37.966433],[-122.613361,37.966447],[-122.61339,37.966436],[-122.613403,37.966409],[-122.6134,37.966326],[-122.613406,37.966277],[-122.613421,37.966248],[-122.613459,37.966232],[-122.613488,37.966229],[-122.613635,37.966316],[-122.613911,37.966521],[-122.614045,37.966664],[-122.614167,37.966777],[-122.614263,37.966891],[-122.614472,37.967037],[-122.614533,37.967069],[-122.614669,37.967116],[-122.614718,37.967121],[-122.614755,37.967116],[-122.614783,37.967105],[-122.614784,37.967064],[-122.614761,37.96703],[-122.614651,37.966999],[-122.614574,37.966959],[-122.614215,37.966657],[-122.614141,37.96658],[-122.614089,37.966499],[-122.614087,37.966473],[-122.614111,37.966419],[-122.614158,37.966362],[-122.614012,37.966329],[-122.613991,37.966249],[-122.613964,37.966236],[-122.613926,37.966194],[-122.613921,37.966128],[-122.613943,37.96605],[-122.613965,37.965998],[-122.61401,37.965945],[-122.614097,37.965892],[-122.614142,37.965885],[-122.614179,37.965882],[-122.614283,37.965911],[-122.61434,37.96594],[-122.614423,37.966008],[-122.614527,37.966219],[-122.614603,37.96634],[-122.614643,37.96644],[-122.614656,37.966516],[-122.614688,37.966568],[-122.614854,37.96673],[-122.614983,37.966834],[-122.615144,37.96692],[-122.61567,37.967302],[-122.615859,37.967458],[-122.615997,37.967598],[-122.616094,37.967715],[-122.616138,37.967737],[-122.616774,37.967973],[-122.616856,37.968013]]]}},{"type":"Feature","properties":{"k":"tee"},"geometry":{"type":"Polygon","coordinates":[[[-122.617308,37.969269],[-122.617276,37.969283],[-122.617232,37.969274],[-122.617199,37.969243],[-122.617207,37.969214],[-122.617237,37.969198],[-122.617309,37.969211],[-122.617323,37.969239],[-122.617308,37.969269]]]}},{"type":"Feature","properties":{"k":"tee"},"geometry":{"type":"Polygon","coordinates":[[[-122.617628,37.969431],[-122.617603,37.969436],[-122.617592,37.969429],[-122.617586,37.96942],[-122.617594,37.969404],[-122.617628,37.969403],[-122.617637,37.969423],[-122.617628,37.969431]]]}},{"type":"Feature","properties":{"k":"bunker"},"geometry":{"type":"Polygon","coordinates":[[[-122.620568,37.968817],[-122.620498,37.96879],[-122.62049,37.968775],[-122.620496,37.968762],[-122.620528,37.968757],[-122.620579,37.968776],[-122.620576,37.968785],[-122.620592,37.968793],[-122.620591,37.9688],[-122.620577,37.968817],[-122.620568,37.968817]]]}},{"type":"Feature","properties":{"k":"bunker"},"geometry":{"type":"Polygon","coordinates":[[[-122.620268,37.969],[-122.620256,37.969],[-122.620238,37.969021],[-122.620218,37.969028],[-122.620196,37.969022],[-122.620177,37.968995],[-122.620177,37.968949],[-122.620202,37.968917],[-122.620231,37.968898],[-122.62028,37.968913],[-122.620286,37.96898],[-122.620282,37.968993],[-122.620268,37.969]]]}},{"type":"Feature","properties":{"k":"bunker"},"geometry":{"type":"Polygon","coordinates":[[[-122.620408,37.969124],[-122.620387,37.969126],[-122.620364,37.969116],[-122.620355,37.969091],[-122.620369,37.969076],[-122.620393,37.969077],[-122.620423,37.969091],[-122.620408,37.969124]]]}},{"type":"Feature","properties":{"k":"bunker"},"geometry":{"type":"Polygon","coordinates":[[[-122.620504,37.969144],[-122.62048,37.969149],[-122.620447,37.969131],[-122.620448,37.969094],[-122.620479,37.969091],[-122.620516,37.969105],[-122.620524,37.969129],[-122.620504,37.969144]]]}},{"type":"Feature","properties":{"k":"bunker"},"geometry":{"type":"Polygon","coordinates":[[[-122.620738,37.968961],[-122.620729,37.968963],[-122.620713,37.968948],[-122.620706,37.96889],[-122.620684,37.968845],[-122.620692,37.968824],[-122.620705,37.968815],[-122.620728,37.968821],[-122.620731,37.968832],[-122.620744,37.968835],[-122.620748,37.968855],[-122.620761,37.968865],[-122.620757,37.968877],[-122.620768,37.968904],[-122.620756,37.968912],[-122.620754,37.968928],[-122.620764,37.968936],[-122.620738,37.968961]]]}},{"type":"Feature","properties":{"k":"stream"},"geometry":{"type":"LineString","coordinates":[[-122.619862,37.969111],[-122.619828,37.96913],[-122.619798,37.969171],[-122.619769,37.969192],[-122.61966,37.96923],[-122.619606,37.969261],[-122.619531,37.969278],[-122.619425,37.969269],[-122.619288,37.969289],[-122.619201,37.969446],[-122.619145,37.969483],[-122.619018,37.969525],[-122.618991,37.969547],[-122.618944,37.969559],[-122.618899,37.969549],[-122.618837,37.96951],[-122.618804,37.969499],[-122.618759,37.969493],[-122.618741,37.969502]]}},{"type":"Feature","properties":{"k":"path"},"geometry":{"type":"LineString","coordinates":[[-122.615985,37.969158],[-122.616011,37.969144],[-122.616024,37.96908],[-122.616043,37.969043],[-122.616206,37.96894],[-122.616298,37.968825],[-122.616336,37.968807],[-122.616445,37.968798],[-122.616618,37.968743],[-122.616826,37.968821],[-122.616871,37.968852],[-122.616883,37.968986],[-122.616959,37.969194],[-122.617029,37.969287],[-122.617131,37.969366],[-122.617491,37.969475],[-122.61758,37.96958],[-122.618045,37.969829],[-122.618286,37.969944],[-122.618529,37.970026],[-122.618645,37.970059],[-122.618707,37.970067],[-122.618918,37.970069],[-122.619089,37.970044],[-122.619292,37.969971],[-122.619627,37.969824],[-122.619961,37.969711],[-122.620077,37.96968],[-122.620188,37.969674],[-122.620379,37.969617],[-122.62054,37.969522],[-122.620711,37.969436],[-122.620852,37.969405],[-122.621067,37.969424],[-122.621228,37.969469],[-122.621319,37.969533],[-122.621407,37.969578],[-122.62187,37.969609],[-122.622223,37.969697],[-122.622403,37.969794],[-122.622602,37.969922],[-122.622698,37.970058],[-122.622752,37.97021],[-122.622783,37.970331],[-122.622839,37.970447],[-122.622889,37.970501],[-122.622989,37.970554],[-122.623425,37.970652],[-122.623811,37.970758],[-122.6239,37.970776]]}},{"type":"Feature","properties":{"k":"tee"},"geometry":{"type":"Polygon","coordinates":[[[-122.621592,37.969227],[-122.62155,37.969236],[-122.621508,37.969223],[-122.621494,37.969202],[-122.621489,37.969172],[-122.621529,37.969144],[-122.621558,37.969137],[-122.621579,37.969144],[-122.621603,37.969157],[-122.62162,37.969191],[-122.621592,37.969227]]]}},{"type":"Feature","properties":{"k":"green"},"geometry":{"type":"Polygon","coordinates":[[[-122.620607,37.969045],[-122.62056,37.96907],[-122.620502,37.969079],[-122.62045,37.969072],[-122.620392,37.969034],[-122.620348,37.968991],[-122.620309,37.968909],[-122.62032,37.968863],[-122.620359,37.968823],[-122.620408,37.9688],[-122.620464,37.968798],[-122.620544,37.968834],[-122.620667,37.968871],[-122.62069,37.968908],[-122.620688,37.968952],[-122.620662,37.968998],[-122.620607,37.969045]]]}},{"type":"Feature","properties":{"k":"tee"},"geometry":{"type":"Polygon","coordinates":[[[-122.621698,37.969416],[-122.621662,37.969423],[-122.621639,37.969417],[-122.621614,37.969403],[-122.6216,37.969382],[-122.621562,37.969297],[-122.621578,37.969266],[-122.6216,37.969256],[-122.62165,37.969262],[-122.621678,37.969289],[-122.621719,37.969386],[-122.62171,37.969411],[-122.621698,37.969416]]]}},{"type":"Feature","properties":{"k":"tee"},"geometry":{"type":"Polygon","coordinates":[[[-122.621424,37.96949],[-122.621384,37.969497],[-122.621344,37.969475],[-122.621325,37.969441],[-122.62134,37.969424],[-122.621372,37.96941],[-122.621423,37.969419],[-122.621448,37.969465],[-122.621443,37.96948],[-122.621424,37.96949]]]}},{"type":"Feature","properties":{"k":"tee"},"geometry":{"type":"Polygon","coordinates":[[[-122.621925,37.969523],[-122.621885,37.969525],[-122.62186,37.969515],[-122.621847,37.969493],[-122.621875,37.969481],[-122.621916,37.969483],[-122.621943,37.969507],[-122.621925,37.969523]]]}},{"type":"Feature","properties":{"k":"rough"},"geometry":{"type":"Polygon","coordinates":[[[-122.621969,37.969521],[-122.621942,37.969539],[-122.621901,37.969544],[-122.621765,37.969517],[-122.621681,37.969513],[-122.621491,37.969556],[-122.621446,37.969554],[-122.621349,37.969516],[-122.621314,37.969482],[-122.621308,37.969442],[-122.621323,37.969411],[-122.621388,37.969389],[-122.621427,37.969391],[-122.621528,37.969345],[-122.621515,37.969309],[-122.621513,37.969265],[-122.621477,37.969197],[-122.621473,37.96917],[-122.621493,37.969147],[-122.621527,37.969132],[-122.621564,37.969133],[-122.621595,37.969138],[-122.621626,37.96916],[-122.62163,37.969205],[-122.621769,37.969428],[-122.621862,37.969472],[-122.621936,37.969481],[-122.621958,37.969494],[-122.621969,37.969521]]]}},{"type":"Feature","properties":{"k":"path"},"geometry":{"type":"LineString","coordinates":[[-122.618707,37.970067],[-122.619129,37.969952],[-122.619542,37.969717],[-122.619688,37.969648],[-122.619803,37.969621],[-122.620083,37.969519],[-122.620158,37.969474],[-122.620259,37.969328],[-122.620343,37.969277],[-122.620393,37.969259],[-122.620561,37.969226],[-122.620746,37.969164],[-122.620869,37.969194],[-122.621055,37.969274],[-122.621199,37.969284],[-122.621347,37.969303],[-122.621431,37.969336],[-122.621651,37.969591],[-122.621674,37.969604],[-122.621977,37.969958]]}},{"type":"Feature","properties":{"k":"bunker"},"geometry":{"type":"Polygon","coordinates":[[[-122.62209,37.970315],[-122.622036,37.970307],[-122.622022,37.970285],[-122.622023,37.970264],[-122.622038,37.970241],[-122.622059,37.97023],[-122.6221,37.970216],[-122.622122,37.970218],[-122.622134,37.970223],[-122.622136,37.970236],[-122.622109,37.970288],[-122.622114,37.970295],[-122.62209,37.970315]]]}},{"type":"Feature","properties":{"k":"bunker"},"geometry":{"type":"Polygon","coordinates":[[[-122.622097,37.97039],[-122.622088,37.970425],[-122.622069,37.970435],[-122.622063,37.970431],[-122.622041,37.970444],[-122.622014,37.970427],[-122.62202,37.970419],[-122.622006,37.970414],[-122.622003,37.970376],[-122.622021,37.97033],[-122.622042,37.970325],[-122.622082,37.970344],[-122.622096,37.970343],[-122.622105,37.970373],[-122.622097,37.97039]]]}},{"type":"Feature","properties":{"k":"bunker"},"geometry":{"type":"Polygon","coordinates":[[[-122.622417,37.97048],[-122.622407,37.970486],[-122.622411,37.970498],[-122.622399,37.970505],[-122.622399,37.970519],[-122.622387,37.970525],[-122.622366,37.970523],[-122.622353,37.970506],[-122.622347,37.970467],[-122.622364,37.970409],[-122.622383,37.970409],[-122.622409,37.970422],[-122.622411,37.970436],[-122.622434,37.970459],[-122.622419,37.970469],[-122.622417,37.97048]]]}},{"type":"Feature","properties":{"k":"tee"},"geometry":{"type":"Polygon","coordinates":[[[-122.621844,37.970336],[-122.62176,37.970342],[-122.621632,37.970325],[-122.621603,37.970308],[-122.621591,37.970288],[-122.621591,37.970256],[-122.62162,37.970219],[-122.621655,37.970199],[-122.621797,37.970224],[-122.621841,37.970249],[-122.621876,37.970283],[-122.621867,37.970323],[-122.621844,37.970336]]]}},{"type":"Feature","properties":{"k":"rough"},"geometry":{"type":"Polygon","coordinates":[[[-122.622531,37.970466],[-122.622483,37.970507],[-122.622402,37.970613],[-122.622371,37.970636],[-122.622233,37.970681],[-122.622158,37.970689],[-122.622086,37.970686],[-122.622002,37.970663],[-122.62193,37.970625],[-122.621736,37.970475],[-122.621752,37.970397],[-122.621734,37.970382],[-122.621609,37.970356],[-122.62151,37.970314],[-122.6214,37.970299],[-122.621304,37.970301],[-122.621189,37.97032],[-122.620933,37.970416],[-122.620634,37.970475],[-122.620448,37.970533],[-122.620352,37.970578],[-122.620291,37.970624],[-122.620224,37.970642],[-122.620144,37.970652],[-122.62,37.97063],[-122.619921,37.970609],[-122.619854,37.970572],[-122.619733,37.97055],[-122.619674,37.970529],[-122.61963,37.970495],[-122.619623,37.970464],[-122.619647,37.97044],[-122.61969,37.970432],[-122.619757,37.970435],[-122.619945,37.970503],[-122.620043,37.970518],[-122.620076,37.97049],[-122.620013,37.970433],[-122.620007,37.97037],[-122.620043,37.970334],[-122.620061,37.97029],[-122.620088,37.970253],[-122.62016,37.970222],[-122.620267,37.970196],[-122.620377,37.970184],[-122.620611,37.970225],[-122.62076,37.970208],[-122.621073,37.970211],[-122.621346,37.970197],[-122.621399,37.970185],[-122.621675,37.970157],[-122.621736,37.970177],[-122.621792,37.97018],[-122.621811,37.97016],[-122.621814,37.970121],[-122.621772,37.970029],[-122.621768,37.970003],[-122.622184,37.969895],[-122.622428,37.970074],[-122.622496,37.970147],[-122.622496,37.970195],[-122.622447,37.970267],[-122.62242,37.970364],[-122.622466,37.970416],[-122.622531,37.970466]]]}},{"type":"Feature","properties":{"k":"green"},"geometry":{"type":"Polygon","coordinates":[[[-122.622312,37.970573],[-122.622298,37.970581],[-122.622211,37.970581],[-122.622144,37.970565],[-122.622119,37.970547],[-122.622096,37.970487],[-122.6221,37.970451],[-122.622126,37.970339],[-122.622158,37.970296],[-122.622197,37.970286],[-122.622295,37.970292],[-122.622334,37.970308],[-122.622346,37.970324],[-122.622337,37.970521],[-122.622323,37.970567],[-122.622312,37.970573]]]}},{"type":"Feature","properties":{"k":"tee"},"geometry":{"type":"Polygon","coordinates":[[[-122.623077,37.970678],[-122.623041,37.970683],[-122.623011,37.970679],[-122.623006,37.970659],[-122.623026,37.970641],[-122.623064,37.970636],[-122.623089,37.970641],[-122.623099,37.970659],[-122.623077,37.970678]]]}},{"type":"Feature","properties":{"k":"tee"},"geometry":{"type":"Polygon","coordinates":[[[-122.622944,37.970723],[-122.622933,37.970733],[-122.62287,37.970743],[-122.622851,37.970725],[-122.62287,37.970703],[-122.622931,37.970686],[-122.622947,37.970689],[-122.622954,37.970697],[-122.622944,37.970723]]]}},{"type":"Feature","properties":{"k":"tee"},"geometry":{"type":"Polygon","coordinates":[[[-122.62276,37.970664],[-122.622695,37.970654],[-122.622603,37.970584],[-122.622595,37.970544],[-122.622633,37.970511],[-122.622653,37.970506],[-122.622693,37.970511],[-122.622773,37.970593],[-122.622792,37.970637],[-122.622782,37.970652],[-122.62276,37.970664]]]}},{"type":"Feature","properties":{"k":"rough"},"geometry":{"type":"Polygon","coordinates":[[[-122.623024,37.970636],[-122.62305,37.97063],[-122.623137,37.970647],[-122.62315,37.970656],[-122.623147,37.970683],[-122.623006,37.970707],[-122.62298,37.970718],[-122.622963,37.970737],[-122.622872,37.970764],[-122.622846,37.970747],[-122.622809,37.970737],[-122.622766,37.970705],[-122.622652,37.970647],[-122.622651,37.970635],[-122.622632,37.97062],[-122.622599,37.97061],[-122.622545,37.970574],[-122.622517,37.970567],[-122.622502,37.970555],[-122.622469,37.970571],[-122.622489,37.970542],[-122.622507,37.970531],[-122.622549,37.970526],[-122.622566,37.970514],[-122.622601,37.970449],[-122.622634,37.97042],[-122.622628,37.970443],[-122.622703,37.970477],[-122.62285,37.970659],[-122.622874,37.970666],[-122.622976,37.970656],[-122.623024,37.970636]]]}},{"type":"Feature","properties":{"k":"path"},"geometry":{"type":"LineString","coordinates":[[-122.622783,37.970331],[-122.622675,37.97037],[-122.62259,37.970438],[-122.622463,37.970554],[-122.622413,37.970625],[-122.622339,37.970663],[-122.622229,37.970692],[-122.622136,37.970703],[-122.622076,37.970698],[-122.621825,37.970914],[-122.621752,37.97099],[-122.621706,37.971136],[-122.621678,37.97119],[-122.621634,37.971233],[-122.621414,37.971393],[-122.621304,37.971505],[-122.621136,37.971718],[-122.621047,37.971802],[-122.620985,37.971851],[-122.620887,37.971897],[-122.620728,37.971916],[-122.620539,37.971955],[-122.620482,37.97198],[-122.620439,37.972018],[-122.620318,37.972161],[-122.620271,37.972199],[-122.620213,37.972288],[-122.620133,37.972338],[-122.620027,37.972432],[-122.619796,37.972603],[-122.619529,37.972821],[-122.619337,37.972944],[-122.619289,37.972965],[-122.618893,37.973006],[-122.618805,37.972993],[-122.618649,37.972929],[-122.618615,37.972897],[-122.618511,37.972828],[-122.618475,37.972791],[-122.618419,37.972757],[-122.618337,37.972713],[-122.618198,37.972669]]}},{"type":"Feature","properties":{"k":"tee"},"geometry":{"type":"Polygon","coordinates":[[[-122.622149,37.970835],[-122.622096,37.970865],[-122.622076,37.970866],[-122.622058,37.970862],[-122.622043,37.970839],[-122.622067,37.970802],[-122.622101,37.970783],[-122.622137,37.970777],[-122.622161,37.970794],[-122.622163,37.970811],[-122.622149,37.970835]]]}},{"type":"Feature","properties":{"k":"rough"},"geometry":{"type":"Polygon","coordinates":[[[-122.622179,37.970827],[-122.622019,37.970932],[-122.621981,37.97094],[-122.621941,37.970933],[-122.621882,37.970906],[-122.62187,37.970889],[-122.622009,37.970764],[-122.622073,37.970717],[-122.622107,37.970708],[-122.622195,37.970709],[-122.622201,37.970793],[-122.622198,37.970807],[-122.622179,37.970827]]]}},{"type":"Feature","properties":{"k":"tee"},"geometry":{"type":"Polygon","coordinates":[[[-122.621514,37.971041],[-122.621506,37.97105],[-122.621484,37.97105],[-122.621469,37.971034],[-122.62147,37.971024],[-122.621483,37.971013],[-122.621504,37.971012],[-122.621515,37.971017],[-122.621514,37.971041]]]}},{"type":"Feature","properties":{"k":"green"},"geometry":{"type":"Polygon","coordinates":[[[-122.618397,37.972918],[-122.618352,37.972936],[-122.618324,37.972921],[-122.618165,37.972787],[-122.618155,37.972763],[-122.618169,37.972743],[-122.618197,37.97273],[-122.618245,37.972728],[-122.618315,37.972754],[-122.618407,37.972805],[-122.618432,37.972832],[-122.618436,37.972864],[-122.618397,37.972918]]]}},{"type":"Feature","properties":{"k":"rough"},"geometry":{"type":"Polygon","coordinates":[[[-122.618401,37.972966],[-122.618367,37.972964],[-122.618101,37.972754],[-122.618129,37.97273],[-122.618094,37.972707],[-122.618069,37.972678],[-122.61807,37.97263],[-122.618127,37.972664],[-122.618347,37.972732],[-122.618461,37.972796],[-122.618487,37.972821],[-122.618497,37.972842],[-122.618485,37.972881],[-122.618401,37.972966]]]}},{"type":"Feature","properties":{"k":"bunker"},"geometry":{"type":"Polygon","coordinates":[[[-122.620308,37.971518],[-122.620289,37.97154],[-122.620268,37.971542],[-122.620247,37.971539],[-122.620227,37.971524],[-122.620221,37.971507],[-122.62022,37.971406],[-122.620252,37.971378],[-122.620278,37.971373],[-122.620287,37.971377],[-122.620285,37.971385],[-122.620307,37.971386],[-122.620301,37.971396],[-122.620313,37.971401],[-122.620324,37.971435],[-122.620322,37.971476],[-122.620308,37.971487],[-122.620319,37.971507],[-122.620308,37.971518]]]}},{"type":"Feature","properties":{"k":"bunker"},"geometry":{"type":"Polygon","coordinates":[[[-122.620396,37.971453],[-122.62042,37.971462],[-122.620451,37.971505],[-122.620438,37.971548],[-122.620392,37.971575],[-122.620368,37.971572],[-122.620342,37.971557],[-122.620333,37.971538],[-122.620365,37.971454],[-122.620396,37.971453]]]}},{"type":"Feature","properties":{"k":"bunker"},"geometry":{"type":"Polygon","coordinates":[[[-122.620672,37.971799],[-122.620683,37.971834],[-122.620631,37.971878],[-122.620549,37.97191],[-122.620513,37.971904],[-122.620507,37.971868],[-122.620527,37.971833],[-122.620533,37.971803],[-122.620614,37.971787],[-122.620657,37.971789],[-122.620672,37.971799]]]}},{"type":"Feature","properties":{"k":"bunker"},"geometry":{"type":"Polygon","coordinates":[[[-122.620447,37.971806],[-122.620484,37.971807],[-122.620496,37.971821],[-122.620484,37.971862],[-122.620457,37.971883],[-122.62041,37.971871],[-122.620395,37.971852],[-122.620402,37.971823],[-122.620447,37.971806]]]}},{"type":"Feature","properties":{"k":"bunker"},"geometry":{"type":"Polygon","coordinates":[[[-122.619402,37.972533],[-122.619286,37.972559],[-122.61924,37.972558],[-122.619227,37.97255],[-122.619236,37.972514],[-122.619282,37.972493],[-122.619329,37.972483],[-122.619405,37.972486],[-122.619416,37.972498],[-122.619417,37.972515],[-122.619402,37.972533]]]}},{"type":"Feature","properties":{"k":"bunker"},"geometry":{"type":"Polygon","coordinates":[[[-122.619197,37.972518],[-122.619188,37.972541],[-122.619097,37.972566],[-122.619053,37.972562],[-122.619035,37.972552],[-122.619027,37.972533],[-122.619042,37.972504],[-122.619089,37.972483],[-122.619179,37.972494],[-122.619197,37.972518]]]}},{"type":"Feature","properties":{"k":"tee"},"geometry":{"type":"Polygon","coordinates":[[[-122.618827,37.97256],[-122.61875,37.972619],[-122.618719,37.972616],[-122.618711,37.972592],[-122.618719,37.972557],[-122.618764,37.972501],[-122.618797,37.972495],[-122.618831,37.972508],[-122.618844,37.972542],[-122.618827,37.97256]]]}},{"type":"Feature","properties":{"k":"tee"},"geometry":{"type":"Polygon","coordinates":[[[-122.618553,37.972741],[-122.618507,37.972772],[-122.618484,37.972767],[-122.618471,37.972752],[-122.61848,37.972723],[-122.61853,37.972696],[-122.61856,37.972714],[-122.618564,37.972723],[-122.618553,37.972741]]]}},{"type":"Feature","properties":{"k":"bunker"},"geometry":{"type":"Polygon","coordinates":[[[-122.618534,37.972635],[-122.618506,37.972652],[-122.61848,37.97264],[-122.618491,37.97262],[-122.618515,37.972613],[-122.618533,37.972619],[-122.618534,37.972635]]]}},{"type":"Feature","properties":{"k":"bunker"},"geometry":{"type":"Polygon","coordinates":[[[-122.618441,37.972629],[-122.618441,37.972653],[-122.618423,37.97266],[-122.618401,37.972657],[-122.618398,37.97264],[-122.618406,37.972626],[-122.618441,37.972629]]]}},{"type":"Feature","properties":{"k":"bunker"},"geometry":{"type":"Polygon","coordinates":[[[-122.618491,37.972143],[-122.618551,37.972188],[-122.61858,37.972239],[-122.618579,37.972294],[-122.61856,37.972313],[-122.618534,37.972312],[-122.61851,37.972299],[-122.618502,37.972267],[-122.618493,37.972266],[-122.618477,37.97223],[-122.618427,37.972178],[-122.61844,37.972142],[-122.618465,37.972135],[-122.618491,37.972143]]]}},{"type":"Feature","properties":{"k":"bunker"},"geometry":{"type":"Polygon","coordinates":[[[-122.618257,37.972228],[-122.61825,37.972242],[-122.618226,37.972248],[-122.618201,37.972237],[-122.618198,37.972224],[-122.618212,37.972207],[-122.618236,37.972202],[-122.618257,37.972215],[-122.618257,37.972228]]]}},{"type":"Feature","properties":{"k":"green"},"geometry":{"type":"Polygon","coordinates":[[[-122.618558,37.972573],[-122.618536,37.97259],[-122.618467,37.972614],[-122.61842,37.972613],[-122.61838,37.972585],[-122.618359,37.972523],[-122.618358,37.972428],[-122.618377,37.972388],[-122.618407,37.972364],[-122.618481,37.972352],[-122.618534,37.972356],[-122.618568,37.972381],[-122.618587,37.972504],[-122.61858,37.972544],[-122.618558,37.972573]]]}},{"type":"Feature","properties":{"k":"tee"},"geometry":{"type":"Polygon","coordinates":[[[-122.61972,37.971047],[-122.619671,37.971177],[-122.619604,37.971308],[-122.619453,37.971493],[-122.619367,37.971569],[-122.619306,37.971608],[-122.619264,37.971622],[-122.619081,37.971512],[-122.619065,37.971492],[-122.619207,37.971349],[-122.6193,37.971227],[-122.619351,37.971145],[-122.619415,37.970994],[-122.61972,37.971047]]]}},{"type":"Feature","properties":{"k":"green"},"geometry":{"type":"Polygon","coordinates":[[[-122.619082,37.971673],[-122.619073,37.971728],[-122.619047,37.971758],[-122.618985,37.9718],[-122.618963,37.971802],[-122.618924,37.971791],[-122.618882,37.971728],[-122.618854,37.971702],[-122.618729,37.971679],[-122.618708,37.971639],[-122.61873,37.971588],[-122.618791,37.971542],[-122.618841,37.971527],[-122.618896,37.971528],[-122.618998,37.971585],[-122.619069,37.971647],[-122.619082,37.971673]]]}},{"type":"Feature","properties":{"k":"bunker"},"geometry":{"type":"Polygon","coordinates":[[[-122.61877,37.971524],[-122.618703,37.971546],[-122.618662,37.97154],[-122.618639,37.971526],[-122.618639,37.971487],[-122.618663,37.971482],[-122.618723,37.971499],[-122.618763,37.971494],[-122.618779,37.971508],[-122.618781,37.971517],[-122.61877,37.971524]]]}},{"type":"Feature","properties":{"k":"bunker"},"geometry":{"type":"Polygon","coordinates":[[[-122.619333,37.970794],[-122.619335,37.970811],[-122.619319,37.970839],[-122.619295,37.970856],[-122.619266,37.970857],[-122.619248,37.97084],[-122.619249,37.970801],[-122.619283,37.970774],[-122.619304,37.970772],[-122.619327,37.97078],[-122.619333,37.970794]]]}},{"type":"Feature","properties":{"k":"bunker"},"geometry":{"type":"Polygon","coordinates":[[[-122.619556,37.970847],[-122.619546,37.970859],[-122.619509,37.970865],[-122.619495,37.97086],[-122.619482,37.970831],[-122.619499,37.970814],[-122.619535,37.970808],[-122.619553,37.970813],[-122.619566,37.970827],[-122.619556,37.970847]]]}},{"type":"Feature","properties":{"k":"rough"},"geometry":{"type":"Polygon","coordinates":[[[-122.618409,37.971258],[-122.617967,37.970998],[-122.617654,37.970799],[-122.616877,37.970601],[-122.616813,37.970313],[-122.61694,37.970123],[-122.617236,37.970199],[-122.618317,37.970517],[-122.618683,37.970613],[-122.619499,37.970793],[-122.619644,37.970863],[-122.619729,37.970942],[-122.619765,37.971076],[-122.61974,37.971149],[-122.619636,37.971372],[-122.619494,37.971541],[-122.619349,37.971647],[-122.619287,37.971683],[-122.619145,37.971789],[-122.61905,37.971873],[-122.618931,37.971839],[-122.618882,37.971792],[-122.618839,37.971732],[-122.618745,37.971712],[-122.618653,37.971707],[-122.618558,37.971502],[-122.618535,37.971393],[-122.618469,37.971297],[-122.618409,37.971258]]]}},{"type":"Feature","properties":{"k":"bunker"},"geometry":{"type":"Polygon","coordinates":[[[-122.619906,37.971328],[-122.619913,37.971335],[-122.619908,37.971353],[-122.619879,37.971374],[-122.619819,37.971362],[-122.619798,37.971349],[-122.619788,37.971326],[-122.619792,37.971307],[-122.619833,37.971294],[-122.619856,37.971303],[-122.619854,37.971317],[-122.619872,37.971306],[-122.619892,37.971309],[-122.619906,37.971328]]]}},{"type":"Feature","properties":{"k":"bunker"},"geometry":{"type":"Polygon","coordinates":[[[-122.62001,37.971101],[-122.619996,37.971107],[-122.619963,37.971099],[-122.619957,37.971108],[-122.619903,37.971128],[-122.61989,37.971114],[-122.619906,37.971067],[-122.619917,37.971066],[-122.619942,37.971037],[-122.619966,37.971036],[-122.620005,37.971055],[-122.620033,37.971057],[-122.620038,37.971074],[-122.620024,37.9711],[-122.62001,37.971101]]]}},{"type":"Feature","properties":{"k":"bunker"},"geometry":{"type":"Polygon","coordinates":[[[-122.62039,37.970903],[-122.620339,37.970898],[-122.620276,37.970875],[-122.620248,37.970855],[-122.620203,37.970844],[-122.620178,37.97081],[-122.620189,37.970804],[-122.620188,37.970793],[-122.620229,37.970773],[-122.620276,37.970784],[-122.620289,37.970813],[-122.620367,37.970836],[-122.620414,37.970873],[-122.62041,37.97089],[-122.62039,37.970903]]]}},{"type":"Feature","properties":{"k":"tee"},"geometry":{"type":"Polygon","coordinates":[[[-122.612684,37.966054],[-122.612682,37.966068],[-122.612656,37.966089],[-122.612623,37.966089],[-122.612606,37.966071],[-122.612611,37.966048],[-122.612634,37.96603],[-122.612666,37.96603],[-122.612684,37.966054]]]}},{"type":"Feature","properties":{"k":"tee"},"geometry":{"type":"Polygon","coordinates":[[[-122.612671,37.965809],[-122.612657,37.965821],[-122.612632,37.96582],[-122.612607,37.9658],[-122.612612,37.965784],[-122.612631,37.965774],[-122.612664,37.96578],[-122.612674,37.965796],[-122.612671,37.965809]]]}},{"type":"Feature","properties":{"k":"tee"},"geometry":{"type":"Polygon","coordinates":[[[-122.613225,37.965835],[-122.613209,37.96585],[-122.613184,37.965849],[-122.613169,37.965839],[-122.61317,37.965814],[-122.613188,37.965802],[-122.613216,37.965805],[-122.613225,37.965835]]]}},{"type":"Feature","properties":{"k":"tee"},"geometry":{"type":"Polygon","coordinates":[[[-122.613791,37.965446],[-122.613775,37.965467],[-122.613757,37.96547],[-122.613732,37.965449],[-122.613732,37.965422],[-122.613763,37.965413],[-122.613788,37.965433],[-122.613791,37.965446]]]}},{"type":"Feature","properties":{"k":"bunker"},"geometry":{"type":"Polygon","coordinates":[[[-122.613482,37.965246],[-122.613473,37.965272],[-122.613481,37.965289],[-122.613463,37.965311],[-122.613434,37.965313],[-122.61342,37.965304],[-122.613415,37.965285],[-122.613428,37.965225],[-122.613451,37.965216],[-122.613475,37.965218],[-122.613486,37.965231],[-122.613482,37.965246]]]}},{"type":"Feature","properties":{"k":"bunker"},"geometry":{"type":"Polygon","coordinates":[[[-122.613357,37.96496],[-122.613264,37.964953],[-122.61325,37.964938],[-122.613258,37.964923],[-122.613277,37.964922],[-122.613281,37.964914],[-122.613299,37.964911],[-122.613315,37.96492],[-122.613326,37.964914],[-122.613357,37.964926],[-122.61337,37.96494],[-122.61337,37.964953],[-122.613357,37.96496]]]}},{"type":"Feature","properties":{"k":"green"},"geometry":{"type":"Polygon","coordinates":[[[-122.61333,37.965234],[-122.613247,37.965258],[-122.613196,37.965237],[-122.613171,37.965208],[-122.613154,37.965131],[-122.61317,37.965009],[-122.613193,37.964981],[-122.613272,37.964969],[-122.613355,37.964976],[-122.613379,37.964982],[-122.613421,37.965018],[-122.613431,37.965081],[-122.613424,37.965105],[-122.613397,37.965162],[-122.61337,37.965199],[-122.61333,37.965234]]]}},{"type":"Feature","properties":{"k":"tee"},"geometry":{"type":"Polygon","coordinates":[[[-122.613694,37.965281],[-122.613659,37.96529],[-122.613635,37.965289],[-122.613602,37.965275],[-122.613596,37.965261],[-122.613602,37.96523],[-122.613629,37.965201],[-122.613698,37.965191],[-122.613725,37.965208],[-122.613736,37.965242],[-122.613731,37.965261],[-122.613694,37.965281]]]}},{"type":"Feature","properties":{"k":"tee"},"geometry":{"type":"Polygon","coordinates":[[[-122.614001,37.965852],[-122.613979,37.965869],[-122.613967,37.965868],[-122.613943,37.965848],[-122.613951,37.965834],[-122.613971,37.965828],[-122.613988,37.965832],[-122.614001,37.965852]]]}},{"type":"Feature","properties":{"k":"bunker"},"geometry":{"type":"Polygon","coordinates":[[[-122.614165,37.96633],[-122.614127,37.96633],[-122.614126,37.966322],[-122.614098,37.966306],[-122.614074,37.966321],[-122.614045,37.966322],[-122.614001,37.966263],[-122.614066,37.96625],[-122.614172,37.966266],[-122.61419,37.966302],[-122.614188,37.966313],[-122.614165,37.96633]]]}},{"type":"Feature","properties":{"k":"rough"},"geometry":{"type":"Polygon","coordinates":[[[-122.614173,37.965743],[-122.613934,37.965813],[-122.613923,37.965842],[-122.613946,37.965904],[-122.61387,37.966071],[-122.613856,37.966145],[-122.613865,37.966243],[-122.613891,37.966327],[-122.613843,37.96637],[-122.613783,37.966386],[-122.613647,37.966292],[-122.613534,37.966187],[-122.613463,37.966138],[-122.613389,37.966127],[-122.613275,37.966145],[-122.613042,37.965997],[-122.612967,37.965985],[-122.612658,37.965993],[-122.612605,37.966017],[-122.612555,37.966046],[-122.612557,37.966153],[-122.612573,37.966246],[-122.612578,37.966269],[-122.612613,37.966321],[-122.612693,37.966474],[-122.612741,37.966502],[-122.613044,37.966582],[-122.613824,37.967024],[-122.614013,37.967106],[-122.614176,37.967221],[-122.614744,37.967709],[-122.61507,37.967897],[-122.615186,37.96799],[-122.615408,37.968224],[-122.615566,37.968289],[-122.615654,37.968359],[-122.615772,37.968439],[-122.616083,37.968387],[-122.616241,37.968235],[-122.616321,37.968271],[-122.616409,37.968296],[-122.616501,37.968376],[-122.616592,37.968371],[-122.616643,37.968356],[-122.616687,37.968407],[-122.616753,37.968446],[-122.616813,37.968448],[-122.616949,37.968405],[-122.617059,37.968305],[-122.617069,37.968269],[-122.61705,37.968236],[-122.61699,37.968209],[-122.617018,37.968157],[-122.61693,37.968041],[-122.616926,37.967973],[-122.616537,37.967786],[-122.616441,37.967801],[-122.616402,37.96779],[-122.616307,37.967759],[-122.616107,37.96765],[-122.615986,37.967515],[-122.615971,37.967454],[-122.615912,37.967438],[-122.615494,37.967115],[-122.61542,37.967049],[-122.615279,37.96688],[-122.614964,37.966685],[-122.614887,37.966626],[-122.614705,37.966383],[-122.61461,37.96617],[-122.614496,37.965968],[-122.614463,37.965929],[-122.614321,37.965827],[-122.614266,37.965789],[-122.614173,37.965743]]]}},{"type":"Feature","properties":{"k":"green"},"geometry":{"type":"Polygon","coordinates":[[[-122.615983,37.966891],[-122.615967,37.966906],[-122.615888,37.96692],[-122.615823,37.966916],[-122.615761,37.966899],[-122.615702,37.966873],[-122.615679,37.966854],[-122.615663,37.966805],[-122.615677,37.966771],[-122.615711,37.966745],[-122.615755,37.966734],[-122.615793,37.966736],[-122.61588,37.966759],[-122.615961,37.966801],[-122.615998,37.966837],[-122.616002,37.966857],[-122.615983,37.966891]]]}},{"type":"Feature","properties":{"k":"bunker"},"geometry":{"type":"Polygon","coordinates":[[[-122.614925,37.967215],[-122.614947,37.967251],[-122.614921,37.967268],[-122.614872,37.967275],[-122.614853,37.967273],[-122.614825,37.967256],[-122.614795,37.967214],[-122.614802,37.967189],[-122.614831,37.967182],[-122.614925,37.967215]]]}},{"type":"Feature","properties":{"k":"bunker"},"geometry":{"type":"Polygon","coordinates":[[[-122.6151,37.967281],[-122.615049,37.96729],[-122.615023,37.967277],[-122.614975,37.967235],[-122.614982,37.967213],[-122.615003,37.967205],[-122.615056,37.967209],[-122.615105,37.967229],[-122.615121,37.967249],[-122.615121,37.967263],[-122.6151,37.967281]]]}},{"type":"Feature","properties":{"k":"bunker"},"geometry":{"type":"Polygon","coordinates":[[[-122.615052,37.967414],[-122.615014,37.967413],[-122.615004,37.967401],[-122.614987,37.967412],[-122.614975,37.967411],[-122.614934,37.967398],[-122.614917,37.967368],[-122.61491,37.967312],[-122.614917,37.967295],[-122.614956,37.967286],[-122.614998,37.967292],[-122.615035,37.967312],[-122.615069,37.967378],[-122.615067,37.967395],[-122.615052,37.967414]]]}},{"type":"Feature","properties":{"k":"bunker"},"geometry":{"type":"Polygon","coordinates":[[[-122.615122,37.967515],[-122.615087,37.967519],[-122.614971,37.967487],[-122.614946,37.967472],[-122.614951,37.967444],[-122.614981,37.967434],[-122.614993,37.96744],[-122.615012,37.967432],[-122.615052,37.967437],[-122.615072,37.967455],[-122.615087,37.967455],[-122.61514,37.967483],[-122.615143,37.967504],[-122.615122,37.967515]]]}},{"type":"Feature","properties":{"k":"bunker"},"geometry":{"type":"Polygon","coordinates":[[[-122.6157,37.967644],[-122.615696,37.967681],[-122.61568,37.967681],[-122.615651,37.967694],[-122.61558,37.967691],[-122.615538,37.967673],[-122.615525,37.967653],[-122.615532,37.967636],[-122.615577,37.96761],[-122.61564,37.967602],[-122.615666,37.96761],[-122.615678,37.96763],[-122.6157,37.967644]]]}},{"type":"Feature","properties":{"k":"bunker"},"geometry":{"type":"Polygon","coordinates":[[[-122.615636,37.967759],[-122.61562,37.967771],[-122.615599,37.967774],[-122.615555,37.967768],[-122.615504,37.96773],[-122.615501,37.967697],[-122.615541,37.967694],[-122.61561,37.967711],[-122.61564,37.967743],[-122.615636,37.967759]]]}},{"type":"Feature","properties":{"k":"bunker"},"geometry":{"type":"Polygon","coordinates":[[[-122.615836,37.967874],[-122.615855,37.967892],[-122.615867,37.96789],[-122.615877,37.967876],[-122.615906,37.96788],[-122.615931,37.967893],[-122.615937,37.96792],[-122.615924,37.967926],[-122.615829,37.967922],[-122.615794,37.967916],[-122.615764,37.967894],[-122.61577,37.967873],[-122.615836,37.967874]]]}},{"type":"Feature","properties":{"k":"bunker"},"geometry":{"type":"Polygon","coordinates":[[[-122.61635,37.96821],[-122.616325,37.968206],[-122.616271,37.96813],[-122.616263,37.968088],[-122.616274,37.968067],[-122.616306,37.968065],[-122.616353,37.968097],[-122.616378,37.96817],[-122.616374,37.968192],[-122.61635,37.96821]]]}},{"type":"Feature","properties":{"k":"bunker"},"geometry":{"type":"Polygon","coordinates":[[[-122.616207,37.968241],[-122.616175,37.968267],[-122.61614,37.968266],[-122.616104,37.968231],[-122.616137,37.968207],[-122.616196,37.968206],[-122.616207,37.96822],[-122.616207,37.968241]]]}},{"type":"Feature","properties":{"k":"bunker"},"geometry":{"type":"Polygon","coordinates":[[[-122.616599,37.968335],[-122.616599,37.968347],[-122.616555,37.968371],[-122.616502,37.968362],[-122.616464,37.968325],[-122.616451,37.968302],[-122.616453,37.968284],[-122.616492,37.968262],[-122.616554,37.968263],[-122.616579,37.968274],[-122.616596,37.96829],[-122.616606,37.968319],[-122.616599,37.968335]]]}},{"type":"Feature","properties":{"k":"bunker"},"geometry":{"type":"Polygon","coordinates":[[[-122.616781,37.968082],[-122.61678,37.968091],[-122.616754,37.968114],[-122.616726,37.968114],[-122.616649,37.968098],[-122.616636,37.968089],[-122.616631,37.968064],[-122.616649,37.968047],[-122.616687,37.968038],[-122.616761,37.968055],[-122.616782,37.968072],[-122.616781,37.968082]]]}},{"type":"Feature","properties":{"k":"bunker"},"geometry":{"type":"Polygon","coordinates":[[[-122.616943,37.968127],[-122.616964,37.968122],[-122.616993,37.968145],[-122.61699,37.968178],[-122.616977,37.96819],[-122.616954,37.96819],[-122.616937,37.96817],[-122.616934,37.968132],[-122.616943,37.968127]]]}},{"type":"Feature","properties":{"k":"rough"},"geometry":{"type":"Polygon","coordinates":[[[-122.616278,37.96883],[-122.616223,37.968898],[-122.616145,37.968877],[-122.615846,37.969084],[-122.615837,37.9691],[-122.615508,37.969082],[-122.615374,37.968924],[-122.615259,37.968838],[-122.6152,37.96875],[-122.615083,37.968502],[-122.614873,37.968382],[-122.614841,37.96832],[-122.614845,37.968258],[-122.614869,37.968219],[-122.614784,37.968167],[-122.614399,37.967968],[-122.614264,37.967868],[-122.614131,37.967824],[-122.613508,37.967256],[-122.61345,37.967241],[-122.613415,37.967214],[-122.613394,37.96703],[-122.613415,37.966977],[-122.613509,37.966965],[-122.6136,37.966967],[-122.613722,37.966995],[-122.614024,37.967134],[-122.61419,37.967253],[-122.6145,37.967529],[-122.614719,37.96771],[-122.614877,37.967811],[-122.614967,37.967849],[-122.615093,37.967933],[-122.615216,37.968044],[-122.615307,37.968157],[-122.615435,37.968267],[-122.615518,37.96829],[-122.615594,37.96833],[-122.615739,37.968433],[-122.61598,37.96858],[-122.616282,37.968816],[-122.616278,37.96883]]]}},{"type":"Feature","properties":{"k":"fairway"},"geometry":{"type":"Polygon","coordinates":[[[-122.614206,37.968083],[-122.614386,37.968221],[-122.614464,37.96827],[-122.614521,37.968321],[-122.614917,37.968758],[-122.615006,37.968803],[-122.615108,37.968872],[-122.615246,37.968991],[-122.615261,37.969073],[-122.615253,37.969114],[-122.615232,37.969155],[-122.615195,37.969181],[-122.615108,37.969197],[-122.615059,37.969172],[-122.614501,37.968725],[-122.614273,37.968574],[-122.613926,37.968311],[-122.6137,37.968158],[-122.613663,37.968111],[-122.61354,37.968083],[-122.613493,37.96812],[-122.613425,37.968125],[-122.613367,37.968106],[-122.613316,37.968074],[-122.613259,37.967966],[-122.613238,37.967887],[-122.613255,37.967851],[-122.613316,37.967794],[-122.61336,37.967783],[-122.613406,37.967793],[-122.613521,37.967751],[-122.613576,37.967706],[-122.613611,37.967699],[-122.613661,37.9677],[-122.613788,37.967749],[-122.614025,37.967964],[-122.614206,37.968083]]]}},{"type":"Feature","properties":{"k":"bunker"},"geometry":{"type":"Polygon","coordinates":[[[-122.613651,37.968113],[-122.613564,37.96814],[-122.613536,37.968131],[-122.613531,37.96811],[-122.613536,37.968101],[-122.61356,37.968092],[-122.613569,37.968079],[-122.613565,37.96807],[-122.613585,37.968054],[-122.61362,37.968062],[-122.613662,37.968052],[-122.613687,37.968079],[-122.613651,37.968113]]]}},{"type":"Feature","properties":{"k":"bunker"},"geometry":{"type":"Polygon","coordinates":[[[-122.613737,37.967937],[-122.613743,37.967958],[-122.613731,37.967974],[-122.613701,37.96798],[-122.613677,37.967975],[-122.61366,37.967936],[-122.613671,37.967923],[-122.613692,37.967919],[-122.613706,37.967928],[-122.613722,37.967918],[-122.613735,37.967924],[-122.613737,37.967937]]]}},{"type":"Feature","properties":{"k":"bunker"},"geometry":{"type":"Polygon","coordinates":[[[-122.613681,37.967819],[-122.613719,37.96783],[-122.613741,37.967872],[-122.613731,37.967888],[-122.613691,37.967902],[-122.613671,37.967899],[-122.613658,37.967881],[-122.613667,37.967862],[-122.613661,37.967831],[-122.613681,37.967819]]]}},{"type":"Feature","properties":{"k":"tee"},"geometry":{"type":"Polygon","coordinates":[[[-122.616234,37.969477],[-122.616228,37.969498],[-122.616189,37.969512],[-122.616148,37.969487],[-122.616142,37.969461],[-122.616152,37.969446],[-122.616187,37.969443],[-122.616222,37.969457],[-122.616234,37.969477]]]}},{"type":"Feature","properties":{"k":"tee"},"geometry":{"type":"Polygon","coordinates":[[[-122.616101,37.969412],[-122.616078,37.969437],[-122.616044,37.969437],[-122.616018,37.969423],[-122.61601,37.969385],[-122.616032,37.969369],[-122.616054,37.969369],[-122.616092,37.969392],[-122.616101,37.969412]]]}},{"type":"Feature","properties":{"k":"tee"},"geometry":{"type":"Polygon","coordinates":[[[-122.615916,37.969336],[-122.61594,37.969364],[-122.615938,37.969391],[-122.61592,37.969399],[-122.615859,37.969391],[-122.615841,37.969367],[-122.615847,37.969342],[-122.615882,37.969325],[-122.615916,37.969336]]]}},{"type":"Feature","properties":{"k":"tee"},"geometry":{"type":"Polygon","coordinates":[[[-122.615372,37.969211],[-122.615354,37.969236],[-122.615326,37.969234],[-122.61532,37.969224],[-122.615322,37.969206],[-122.615343,37.969195],[-122.615358,37.969196],[-122.615372,37.969211]]]}},{"type":"Feature","properties":{"k":"rough"},"geometry":{"type":"Polygon","coordinates":[[[-122.614637,37.968411],[-122.61474,37.968527],[-122.614783,37.968551],[-122.614973,37.968604],[-122.614976,37.968622],[-122.614911,37.968709],[-122.614956,37.968756],[-122.615184,37.968888],[-122.61527,37.96895],[-122.61535,37.968985],[-122.6154,37.969022],[-122.615428,37.96907],[-122.615374,37.969152],[-122.615389,37.969178],[-122.615389,37.969204],[-122.615361,37.969259],[-122.615324,37.969269],[-122.615288,37.969266],[-122.615259,37.969244],[-122.615225,37.969231],[-122.615142,37.96929],[-122.615114,37.969297],[-122.615067,37.969295],[-122.614794,37.969082],[-122.614742,37.96903],[-122.614706,37.968956],[-122.614658,37.9689],[-122.614498,37.968827],[-122.614264,37.968697],[-122.614129,37.968602],[-122.613968,37.968464],[-122.613824,37.9684],[-122.613823,37.968345],[-122.613838,37.968299],[-122.613694,37.968201],[-122.613604,37.968179],[-122.613399,37.968151],[-122.613264,37.968147],[-122.613119,37.968165],[-122.61296,37.96804],[-122.612922,37.968002],[-122.61291,37.967968],[-122.612927,37.96793],[-122.612966,37.967895],[-122.613116,37.967829],[-122.613399,37.967662],[-122.613496,37.967641],[-122.613607,37.96765],[-122.613715,37.967683],[-122.61381,37.967731],[-122.61445,37.968147],[-122.614542,37.968189],[-122.614631,37.968241],[-122.614658,37.968272],[-122.614637,37.968411]]]}},{"type":"Feature","properties":{"k":"stream"},"geometry":{"type":"LineString","coordinates":[[-122.618308,37.971924],[-122.618274,37.971868],[-122.618254,37.971859],[-122.618177,37.97186],[-122.61815,37.971851],[-122.618107,37.971809],[-122.618087,37.971773],[-122.618092,37.971708],[-122.618076,37.971634],[-122.618043,37.971562],[-122.61802,37.971546],[-122.617969,37.971537],[-122.617863,37.971538],[-122.617793,37.971522],[-122.617766,37.97151],[-122.617686,37.971448],[-122.617556,37.971385],[-122.617408,37.971322],[-122.617279,37.971296],[-122.617174,37.971253],[-122.61714,37.971232],[-122.61703,37.971067],[-122.61693,37.970957],[-122.616883,37.970914],[-122.616757,37.970857],[-122.616749,37.970829],[-122.616779,37.970673],[-122.616749,37.970528],[-122.616618,37.97046],[-122.616591,37.970338],[-122.61646,37.970263],[-122.616432,37.970196],[-122.616179,37.970092],[-122.616047,37.970067],[-122.615884,37.969978],[-122.61573,37.969674],[-122.615613,37.969592],[-122.61544,37.969374],[-122.615498,37.969164],[-122.615468,37.969075],[-122.615416,37.968989],[-122.615301,37.968911],[-122.615206,37.968828],[-122.615094,37.968779],[-122.614974,37.968714],[-122.614975,37.968682],[-122.615036,37.968613],[-122.615034,37.968562],[-122.615051,37.968539],[-122.615046,37.96851],[-122.614992,37.968473],[-122.614963,37.968472],[-122.614856,37.968444],[-122.614754,37.968415],[-122.614724,37.968395],[-122.614713,37.968377],[-122.61473,37.968267],[-122.614709,37.968117],[-122.61461,37.968089],[-122.614454,37.968111],[-122.614352,37.968055],[-122.6143,37.968005],[-122.614305,37.967953],[-122.614295,37.967912],[-122.614276,37.967887],[-122.614201,37.967857],[-122.61416,37.967859],[-122.614044,37.967808],[-122.613936,37.967714],[-122.613712,37.967486],[-122.613627,37.967375],[-122.613566,37.96732],[-122.613506,37.967285],[-122.613445,37.967262],[-122.613365,37.967196],[-122.613359,37.967063],[-122.613319,37.966913],[-122.613291,37.966746]]}},{"type":"Feature","properties":{"k":"bunker"},"geometry":{"type":"Polygon","coordinates":[[[-122.621065,37.970507],[-122.621055,37.97055],[-122.621036,37.970581],[-122.621005,37.970595],[-122.620967,37.970592],[-122.620959,37.970573],[-122.620994,37.970493],[-122.621026,37.970477],[-122.621045,37.970481],[-122.621059,37.97049],[-122.621065,37.970507]]]}},{"type":"Feature","properties":{"k":"bunker"},"geometry":{"type":"Polygon","coordinates":[[[-122.621161,37.970711],[-122.621121,37.970745],[-122.621097,37.970739],[-122.621067,37.97071],[-122.621083,37.970688],[-122.621127,37.970677],[-122.62116,37.970691],[-122.621161,37.970711]]]}},{"type":"Feature","properties":{"k":"bunker"},"geometry":{"type":"Polygon","coordinates":[[[-122.6213,37.970747],[-122.621274,37.970758],[-122.621275,37.970772],[-122.621258,37.970784],[-122.621228,37.970781],[-122.6212,37.970767],[-122.621183,37.970754],[-122.621184,37.970718],[-122.621201,37.97069],[-122.621231,37.970684],[-122.621281,37.970705],[-122.621303,37.970724],[-122.6213,37.970747]]]}},{"type":"Feature","properties":{"k":"bunker"},"geometry":{"type":"Polygon","coordinates":[[[-122.621463,37.970411],[-122.621484,37.970421],[-122.621483,37.970439],[-122.621498,37.970447],[-122.621507,37.970471],[-122.621496,37.970494],[-122.621508,37.970523],[-122.621488,37.970529],[-122.62149,37.97054],[-122.621478,37.970543],[-122.621466,37.97053],[-122.62146,37.970492],[-122.621428,37.970411],[-122.621455,37.970405],[-122.621463,37.970411]]]}},{"type":"Feature","properties":{"k":"green"},"geometry":{"type":"Polygon","coordinates":[[[-122.621443,37.970609],[-122.62141,37.970647],[-122.621348,37.970682],[-122.621315,37.970684],[-122.621192,37.970659],[-122.621126,37.970626],[-122.621099,37.970592],[-122.621091,37.970568],[-122.621101,37.970515],[-122.621134,37.970468],[-122.621162,37.970446],[-122.621247,37.970422],[-122.621332,37.970378],[-122.621367,37.970376],[-122.621385,37.970383],[-122.621398,37.970399],[-122.621448,37.97051],[-122.621452,37.970573],[-122.621443,37.970609]]]}},{"type":"Feature","properties":{"k":"tee"},"geometry":{"type":"Polygon","coordinates":[[[-122.621273,37.970276],[-122.62122,37.970276],[-122.621211,37.970258],[-122.62122,37.970242],[-122.621247,37.970235],[-122.621283,37.970241],[-122.62129,37.970264],[-122.621273,37.970276]]]}},{"type":"Feature","properties":{"k":"bunker"},"geometry":{"type":"Polygon","coordinates":[[[-122.620504,37.97025],[-122.620506,37.970281],[-122.620487,37.970293],[-122.620444,37.970294],[-122.620335,37.970259],[-122.620329,37.970221],[-122.620358,37.970206],[-122.62041,37.970205],[-122.62043,37.97021],[-122.620437,37.970221],[-122.620458,37.97022],[-122.620504,37.97025]]]}},{"type":"Feature","properties":{"k":"bunker"},"geometry":{"type":"Polygon","coordinates":[[[-122.620556,37.970349],[-122.620576,37.970369],[-122.620571,37.970388],[-122.620558,37.970395],[-122.620513,37.970394],[-122.620456,37.970407],[-122.62043,37.970392],[-122.620425,37.970373],[-122.620449,37.970354],[-122.620526,37.970337],[-122.620556,37.970349]]]}},{"type":"Feature","properties":{"k":"bunker"},"geometry":{"type":"Polygon","coordinates":[[[-122.620406,37.97044],[-122.620388,37.970463],[-122.620343,37.970495],[-122.620312,37.97049],[-122.620305,37.970473],[-122.620316,37.970452],[-122.620353,37.970426],[-122.620368,37.970425],[-122.62038,37.970414],[-122.620393,37.970417],[-122.620406,37.97044]]]}},{"type":"Feature","properties":{"k":"bunker"},"geometry":{"type":"Polygon","coordinates":[[[-122.620105,37.970456],[-122.62009,37.97047],[-122.620038,37.970443],[-122.620028,37.970418],[-122.620033,37.970406],[-122.620024,37.970389],[-122.620014,37.970388],[-122.620015,37.97037],[-122.620039,37.970341],[-122.620075,37.970339],[-122.620081,37.970393],[-122.620105,37.970456]]]}},{"type":"Feature","properties":{"k":"fairway"},"geometry":{"type":"Polygon","coordinates":[[[-122.620074,37.970528],[-122.620092,37.970514],[-122.620109,37.970464],[-122.620061,37.970324],[-122.620068,37.970307],[-122.620119,37.970265],[-122.620249,37.970235],[-122.620295,37.970238],[-122.620323,37.97025],[-122.620516,37.970266],[-122.620551,37.970252],[-122.620594,37.970253],[-122.620616,37.970257],[-122.620639,37.970279],[-122.620647,37.970292],[-122.620645,37.970325],[-122.620639,37.970336],[-122.620614,37.970347],[-122.62059,37.97035],[-122.620557,37.970339],[-122.620484,37.97034],[-122.620437,37.970355],[-122.620403,37.970396],[-122.62029,37.970485],[-122.620262,37.970524],[-122.620223,37.970553],[-122.620215,37.970576],[-122.620206,37.970581],[-122.620058,37.970535],[-122.620074,37.970528]]]}},{"type":"Feature","properties":{"k":"tee"},"geometry":{"type":"Polygon","coordinates":[[[-122.620201,37.970588],[-122.620164,37.970625],[-122.620138,37.970631],[-122.620079,37.970626],[-122.619943,37.970593],[-122.619933,37.97058],[-122.61993,37.970555],[-122.619936,37.97054],[-122.619959,37.970528],[-122.620019,37.970538],[-122.62005,37.970533],[-122.620206,37.970581],[-122.620201,37.970588]]]}},{"type":"Feature","properties":{"k":"tee"},"geometry":{"type":"Polygon","coordinates":[[[-122.619788,37.970534],[-122.619743,37.970535],[-122.619694,37.970518],[-122.619678,37.970501],[-122.619686,37.970472],[-122.61972,37.970461],[-122.619794,37.970482],[-122.619807,37.970513],[-122.619799,37.97053],[-122.619788,37.970534]]]}},{"type":"Feature","properties":{"k":"tee"},"geometry":{"type":"Polygon","coordinates":[[[-122.619395,37.970469],[-122.619374,37.970484],[-122.61935,37.970479],[-122.61933,37.970466],[-122.619323,37.970447],[-122.619336,37.970437],[-122.619365,37.970436],[-122.619395,37.970454],[-122.619395,37.970469]]]}},{"type":"Feature","properties":{"k":"rough"},"geometry":{"type":"Polygon","coordinates":[[[-122.618075,37.969863],[-122.618385,37.97],[-122.61855,37.970051],[-122.618744,37.970093],[-122.618947,37.970189],[-122.619097,37.970285],[-122.619254,37.970327],[-122.619353,37.970381],[-122.619437,37.970481],[-122.619263,37.970504],[-122.619133,37.970683],[-122.617655,37.970308],[-122.616914,37.970053],[-122.6167,37.969916],[-122.616663,37.969866],[-122.616609,37.969824],[-122.616533,37.969792],[-122.616458,37.969773],[-122.616449,37.96961],[-122.616644,37.96957],[-122.616652,37.969503],[-122.61658,37.969491],[-122.61654,37.969467],[-122.61643,37.969467],[-122.616373,37.969476],[-122.616305,37.969475],[-122.616199,37.969531],[-122.615923,37.969442],[-122.615823,37.969401],[-122.615803,37.969356],[-122.615814,37.969319],[-122.615865,37.96928],[-122.615896,37.969266],[-122.615942,37.969271],[-122.616008,37.969292],[-122.616093,37.969299],[-122.616154,37.969338],[-122.616239,37.969366],[-122.616307,37.969317],[-122.616412,37.969297],[-122.616402,37.969263],[-122.616405,37.969234],[-122.616501,37.969178],[-122.616541,37.969174],[-122.61654,37.969146],[-122.616443,37.969088],[-122.61635,37.969094],[-122.616327,37.969083],[-122.616285,37.968996],[-122.616258,37.968968],[-122.616536,37.968977],[-122.616657,37.969],[-122.616868,37.968991],[-122.616931,37.969169],[-122.616997,37.969276],[-122.617102,37.969361],[-122.617176,37.969399],[-122.61747,37.969486],[-122.617538,37.969563],[-122.617606,37.969622],[-122.61784,37.969735],[-122.618007,37.969831],[-122.618075,37.969863]]]}},{"type":"Feature","properties":{"k":"bunker"},"geometry":{"type":"Polygon","coordinates":[[[-122.616999,37.969406],[-122.616994,37.969443],[-122.616982,37.969462],[-122.616966,37.969476],[-122.616934,37.969476],[-122.616915,37.969423],[-122.61689,37.969395],[-122.61689,37.969378],[-122.616913,37.969353],[-122.616926,37.969348],[-122.616951,37.96935],[-122.616988,37.969367],[-122.616999,37.969382],[-122.616999,37.969406]]]}},{"type":"Feature","properties":{"k":"bunker"},"geometry":{"type":"Polygon","coordinates":[[[-122.616679,37.969482],[-122.616669,37.969489],[-122.616651,37.969488],[-122.616583,37.969473],[-122.61657,37.96943],[-122.616602,37.969423],[-122.616634,37.969443],[-122.616666,37.969447],[-122.616685,37.969469],[-122.616679,37.969482]]]}},{"type":"Feature","properties":{"k":"bunker"},"geometry":{"type":"Polygon","coordinates":[[[-122.616547,37.969406],[-122.61654,37.969434],[-122.616509,37.969443],[-122.616441,37.96943],[-122.616431,37.969414],[-122.616448,37.969381],[-122.616475,37.969382],[-122.616473,37.969389],[-122.616497,37.969392],[-122.616491,37.969404],[-122.616525,37.969389],[-122.616547,37.969406]]]}},{"type":"Feature","properties":{"k":"bunker"},"geometry":{"type":"Polygon","coordinates":[[[-122.616565,37.96921],[-122.61649,37.969246],[-122.616449,37.969288],[-122.616427,37.969285],[-122.616415,37.969232],[-122.616466,37.969219],[-122.616478,37.969197],[-122.616491,37.969194],[-122.616498,37.969201],[-122.616555,37.969186],[-122.616567,37.969195],[-122.616565,37.96921]]]}},{"type":"Feature","properties":{"k":"green"},"geometry":{"type":"Polygon","coordinates":[[[-122.616736,37.969225],[-122.61678,37.969262],[-122.616805,37.969338],[-122.6168,37.969397],[-122.616786,37.969417],[-122.616744,37.96944],[-122.61669,37.969434],[-122.616478,37.969366],[-122.616456,37.969357],[-122.616441,37.96934],[-122.61644,37.969328],[-122.616478,37.969273],[-122.61652,37.969237],[-122.616587,37.969215],[-122.616653,37.969209],[-122.616709,37.969213],[-122.616736,37.969225]]]}},{"type":"Feature","properties":{"k":"tee"},"geometry":{"type":"Polygon","coordinates":[[[-122.616392,37.969068],[-122.616377,37.969076],[-122.616356,37.969076],[-122.616333,37.96906],[-122.616331,37.969037],[-122.616355,37.969023],[-122.616381,37.969025],[-122.616396,37.969038],[-122.616392,37.969068]]]}},{"type":"Feature","properties":{"k":"tee"},"geometry":{"type":"Polygon","coordinates":[[[-122.616704,37.969098],[-122.616547,37.969053],[-122.616534,37.969036],[-122.616536,37.969024],[-122.61655,37.969013],[-122.616589,37.96901],[-122.616729,37.96905],[-122.616745,37.969063],[-122.616744,37.969076],[-122.616726,37.969096],[-122.616704,37.969098]]]}},{"type":"Feature","properties":{"k":"rough"},"geometry":{"type":"Polygon","coordinates":[[[-122.617956,37.971751],[-122.617883,37.971691],[-122.617827,37.971615],[-122.61772,37.971554],[-122.617651,37.971527],[-122.61762,37.97149],[-122.617453,37.971442],[-122.617303,37.971382],[-122.617294,37.971332],[-122.617273,37.971308],[-122.617143,37.971218],[-122.616968,37.970967],[-122.616883,37.970895],[-122.616889,37.970861],[-122.616827,37.970802],[-122.616784,37.970785],[-122.616835,37.970692],[-122.616896,37.970635],[-122.61705,37.970654],[-122.617642,37.970841],[-122.618251,37.9712],[-122.618461,37.971543],[-122.618584,37.971787],[-122.618745,37.971988],[-122.618782,37.972099],[-122.618764,37.972183],[-122.618725,37.972265],[-122.618665,37.972511],[-122.618665,37.972646],[-122.618642,37.97277],[-122.618563,37.972842],[-122.618446,37.972751],[-122.618234,37.97266],[-122.618218,37.972641],[-122.618253,37.972586],[-122.618246,37.9725],[-122.618311,37.972466],[-122.618311,37.972359],[-122.618274,37.972279],[-122.618182,37.97219],[-122.618117,37.972155],[-122.618092,37.972055],[-122.618099,37.971993],[-122.618124,37.971928],[-122.61811,37.971871],[-122.618065,37.971829],[-122.617956,37.971751]]]}},{"type":"Feature","properties":{"k":"path"},"geometry":{"type":"LineString","coordinates":[[-122.61304,37.967853],[-122.613046,37.967787],[-122.61303,37.967688],[-122.612958,37.967471],[-122.612953,37.967246],[-122.612897,37.967192],[-122.612837,37.96711],[-122.612817,37.966924],[-122.612819,37.966833],[-122.612838,37.966737],[-122.612824,37.966663],[-122.612773,37.966638],[-122.612705,37.966632],[-122.61265,37.966663],[-122.612531,37.966806],[-122.612416,37.966887],[-122.612157,37.967008],[-122.612086,37.967018],[-122.611996,37.96705]]}},{"type":"Feature","properties":{"k":"path"},"geometry":{"type":"LineString","coordinates":[[-122.616484,37.968958],[-122.616386,37.968865],[-122.616223,37.968757],[-122.616069,37.968627],[-122.615939,37.968534],[-122.615807,37.968461],[-122.615559,37.968295],[-122.61546,37.968259],[-122.615252,37.968076],[-122.615143,37.967961],[-122.615081,37.967914],[-122.614747,37.96772],[-122.614489,37.967503],[-122.614212,37.967239],[-122.61408,37.967143],[-122.613914,37.96707],[-122.613423,37.966786],[-122.613023,37.966581],[-122.612708,37.966497],[-122.612699,37.96659],[-122.612685,37.966643]]}},{"type":"Feature","properties":{"k":"path"},"geometry":{"type":"LineString","coordinates":[[-122.616882,37.96898],[-122.616666,37.968994],[-122.616484,37.968958],[-122.616415,37.968963],[-122.61626,37.968952],[-122.616206,37.96894]]}},{"type":"Feature","properties":{"k":"stream"},"geometry":{"type":"LineString","coordinates":[[-122.613345,37.966396],[-122.61336,37.96633],[-122.613345,37.966276],[-122.613313,37.966226],[-122.613252,37.966164],[-122.61304,37.965835],[-122.612978,37.965795],[-122.612934,37.965778]]}},{"type":"Feature","properties":{"k":"path"},"geometry":{"type":"LineString","coordinates":[[-122.618581,37.972874],[-122.618654,37.972761],[-122.618674,37.972663],[-122.618684,37.972508],[-122.618705,37.972381],[-122.618787,37.972143],[-122.618799,37.972083],[-122.618885,37.972007],[-122.619028,37.971912],[-122.619276,37.971705],[-122.619508,37.971534],[-122.619679,37.971334],[-122.619685,37.971294],[-122.61979,37.971067],[-122.619811,37.971005],[-122.619797,37.970849],[-122.619767,37.97078],[-122.619676,37.970649]]}},{"type":"Feature","properties":{"k":"path"},"geometry":{"type":"LineString","coordinates":[[-122.621444,37.970826],[-122.621467,37.970806],[-122.621508,37.970729],[-122.621632,37.970628],[-122.621695,37.970548],[-122.6217,37.970453],[-122.621653,37.970395],[-122.621559,37.97034],[-122.621487,37.970321],[-122.621375,37.970308],[-122.621189,37.970333],[-122.620958,37.97042],[-122.62072,37.970469],[-122.62049,37.970531],[-122.620361,37.970588],[-122.620262,37.97066],[-122.620228,37.970694],[-122.62014,37.970735],[-122.62005,37.970747],[-122.619986,37.970779],[-122.619806,37.970902]]}},{"type":"Feature","properties":{"k":"path"},"geometry":{"type":"LineString","coordinates":[[-122.618707,37.970067],[-122.618975,37.970197],[-122.619077,37.97026],[-122.619148,37.970288],[-122.61927,37.97032],[-122.619354,37.970368],[-122.619403,37.970424],[-122.619482,37.970496],[-122.619676,37.970649],[-122.619803,37.970701],[-122.62005,37.970747]]}},{"type":"Feature","properties":{"k":"path"},"geometry":{"type":"LineString","coordinates":[[-122.611934,37.966289],[-122.611986,37.96625],[-122.612124,37.966108],[-122.612199,37.965981],[-122.612222,37.96596],[-122.612263,37.965945],[-122.61239,37.965935],[-122.612499,37.966035],[-122.612531,37.966085],[-122.612558,37.96624],[-122.612577,37.966295],[-122.61261,37.966335],[-122.612684,37.966477],[-122.612713,37.966498]]}},{"type":"Feature","properties":{"k":"path"},"geometry":{"type":"LineString","coordinates":[[-122.612808,37.966655],[-122.612707,37.966501]]}},{"type":"Feature","properties":{"k":"path"},"geometry":{"type":"LineString","coordinates":[[-122.612531,37.966085],[-122.61257,37.96596],[-122.6126,37.965921],[-122.612461,37.965644],[-122.612429,37.965559],[-122.612425,37.965492],[-122.612457,37.965428],[-122.612855,37.965012],[-122.612957,37.964932],[-122.613144,37.964848],[-122.613321,37.964809],[-122.613417,37.964799],[-122.613564,37.965024],[-122.613746,37.965188],[-122.613816,37.965401],[-122.613858,37.965477],[-122.613736,37.965575],[-122.613546,37.965696],[-122.613411,37.96577],[-122.613289,37.965785],[-122.613176,37.965773],[-122.613068,37.965743],[-122.613023,37.965744],[-122.61299,37.965757]]}},{"type":"Feature","properties":{"k":"path"},"geometry":{"type":"LineString","coordinates":[[-122.613858,37.965477],[-122.613945,37.965584],[-122.614027,37.965644],[-122.614324,37.965815],[-122.614457,37.965912],[-122.614502,37.965959],[-122.614611,37.966157],[-122.614718,37.96638],[-122.614859,37.966572],[-122.614913,37.966628],[-122.615013,37.966704],[-122.615303,37.966889],[-122.615452,37.967059],[-122.615505,37.967106],[-122.615897,37.967412],[-122.615956,37.967435],[-122.61612,37.967525],[-122.616586,37.9678],[-122.616848,37.967925],[-122.617001,37.967983],[-122.61708,37.968047],[-122.617148,37.968128],[-122.617169,37.968201],[-122.617155,37.968284],[-122.617099,37.968391],[-122.617017,37.968469],[-122.616871,37.968559],[-122.616618,37.968743]]}},{"type":"Feature","properties":{"k":"path"},"geometry":{"type":"LineString","coordinates":[[-122.613815,37.967725],[-122.613655,37.967655],[-122.613565,37.967636],[-122.613465,37.967639],[-122.613363,37.967672],[-122.613139,37.967805],[-122.612967,37.967883],[-122.61293,37.967909],[-122.612903,37.967954],[-122.612906,37.967995],[-122.613019,37.968112],[-122.612996,37.96811],[-122.613005,37.96812],[-122.613021,37.968126],[-122.613032,37.968115],[-122.613054,37.968133],[-122.613028,37.968132],[-122.613026,37.968139],[-122.613059,37.96814],[-122.613054,37.968148],[-122.613072,37.968159],[-122.613027,37.968153],[-122.612985,37.96812],[-122.612988,37.968139],[-122.613028,37.968168],[-122.613086,37.968168],[-122.613119,37.96818],[-122.613412,37.968367],[-122.613491,37.968394],[-122.613753,37.968402],[-122.613855,37.968418],[-122.613939,37.968455],[-122.61417,37.968645],[-122.614392,37.968792],[-122.614659,37.96891],[-122.614694,37.968954],[-122.614727,37.969037],[-122.615077,37.969308],[-122.615129,37.969305],[-122.615165,37.969292],[-122.61535,37.969146],[-122.615425,37.969112]]}},{"type":"Feature","properties":{"k":"path"},"geometry":{"type":"LineString","coordinates":[[-122.612826,37.966799],[-122.612973,37.966863],[-122.613138,37.966922],[-122.613205,37.966965],[-122.613264,37.967038],[-122.613305,37.967139],[-122.61329,37.967149],[-122.613107,37.967236],[-122.61301,37.967255],[-122.612953,37.967246],[-122.613042,37.967364],[-122.613111,37.967423],[-122.613183,37.967479],[-122.613388,37.967602],[-122.613432,37.96765]]}},{"type":"Feature","properties":{"k":"path"},"geometry":{"type":"LineString","coordinates":[[-122.613398,37.967135],[-122.613484,37.967114],[-122.61355,37.967076],[-122.613635,37.967051],[-122.613752,37.967048],[-122.613914,37.96707]]}},{"type":"Feature","properties":{"k":"path"},"geometry":{"type":"LineString","coordinates":[[-122.617298,37.97132],[-122.617286,37.971354],[-122.617295,37.971384],[-122.617322,37.971407],[-122.617586,37.971496],[-122.617814,37.971613],[-122.617898,37.971719],[-122.618089,37.971856],[-122.61811,37.971889],[-122.61812,37.971929],[-122.618088,37.972035],[-122.618114,37.972203],[-122.618112,37.972246],[-122.618171,37.972337],[-122.618239,37.972486],[-122.618243,37.972579],[-122.618198,37.972669]]}},{"type":"Feature","properties":{"k":"path"},"geometry":{"type":"LineString","coordinates":[[-122.619289,37.972965],[-122.619372,37.972961],[-122.619505,37.972971],[-122.619588,37.972947]]}},{"type":"Feature","properties":{"k":"path"},"geometry":{"type":"LineString","coordinates":[[-122.615513,37.969096],[-122.615537,37.969092],[-122.615722,37.969106],[-122.615934,37.969161],[-122.615985,37.969158]]}},{"type":"Feature","properties":{"k":"path"},"geometry":{"type":"LineString","coordinates":[[-122.615425,37.969112],[-122.615513,37.969096]]}},{"type":"Feature","properties":{"k":"path"},"geometry":{"type":"LineString","coordinates":[[-122.615101,37.969306],[-122.6151,37.96932],[-122.615113,37.96934],[-122.615381,37.969538],[-122.615451,37.969598],[-122.615718,37.96994],[-122.61581,37.970097],[-122.615981,37.970199],[-122.616046,37.970274],[-122.616341,37.970441],[-122.616448,37.970534],[-122.616495,37.970595],[-122.616546,37.97069],[-122.616578,37.970722],[-122.616728,37.970789]]}},{"type":"Feature","properties":{"k":"path"},"geometry":{"type":"LineString","coordinates":[[-122.616728,37.970789],[-122.616786,37.97081]]}},{"type":"Feature","properties":{"k":"path"},"geometry":{"type":"LineString","coordinates":[[-122.616786,37.97081],[-122.616822,37.970823],[-122.616974,37.970931],[-122.617063,37.971032],[-122.617118,37.971119],[-122.617191,37.971163],[-122.617303,37.971216],[-122.617317,37.971244],[-122.617317,37.97127]]}},{"type":"Feature","properties":{"k":"path"},"geometry":{"type":"LineString","coordinates":[[-122.617317,37.97127],[-122.617298,37.97132]]}},{"type":"Feature","properties":{"k":"path"},"geometry":{"type":"LineString","coordinates":[[-122.618799,37.972083],[-122.618748,37.97197],[-122.618592,37.97178],[-122.618527,37.971662],[-122.618504,37.9716],[-122.618497,37.971523],[-122.618511,37.971474],[-122.618529,37.971454]]}},{"type":"Feature","properties":{"k":"path"},"geometry":{"type":"LineString","coordinates":[[-122.620717,37.969124],[-122.620674,37.969063]]}},{"type":"Feature","properties":{"k":"path"},"geometry":{"type":"LineString","coordinates":[[-122.620746,37.969164],[-122.620717,37.969124]]}},{"type":"Feature","properties":{"k":"path"},"geometry":{"type":"LineString","coordinates":[[-122.613347,37.967133],[-122.613398,37.967135]]}},{"type":"Feature","properties":{"k":"path"},"geometry":{"type":"LineString","coordinates":[[-122.613305,37.967139],[-122.613347,37.967133]]}},{"type":"Feature","properties":{"k":"stream"},"geometry":{"type":"LineString","coordinates":[[-122.61288,37.965056],[-122.612709,37.96492]]}},{"type":"Feature","properties":{"k":"stream"},"geometry":{"type":"LineString","coordinates":[[-122.617551,37.969372],[-122.616615,37.969524]]}},{"type":"Feature","properties":{"k":"stream"},"geometry":{"type":"LineString","coordinates":[[-122.616615,37.969524],[-122.616416,37.969501],[-122.616371,37.969524],[-122.616336,37.969526],[-122.61621,37.969602],[-122.616145,37.9696],[-122.615957,37.969733],[-122.61589,37.969739],[-122.615785,37.969777]]}},{"type":"Feature","properties":{"k":"stream"},"geometry":{"type":"LineString","coordinates":[[-122.626528,37.972947],[-122.626497,37.972977],[-122.626461,37.972981],[-122.626401,37.972956],[-122.626339,37.972905],[-122.626069,37.972888],[-122.626026,37.972868],[-122.625987,37.972772],[-122.625943,37.972772],[-122.625927,37.972752],[-122.625887,37.972757],[-122.62586,37.972743],[-122.625836,37.972721],[-122.625806,37.972656],[-122.625775,37.972632],[-122.625668,37.972576],[-122.625602,37.972519],[-122.625556,37.972504],[-122.625517,37.972477],[-122.625479,37.972445],[-122.625428,37.972375],[-122.625299,37.972326],[-122.625257,37.972302],[-122.625225,37.972272],[-122.625141,37.972248],[-122.625122,37.972228],[-122.625122,37.972201],[-122.625093,37.97215],[-122.625083,37.972114],[-122.625042,37.972079],[-122.625008,37.972078],[-122.624984,37.972064],[-122.624983,37.972017],[-122.624964,37.972003],[-122.624882,37.971986],[-122.624851,37.971961],[-122.624825,37.971913],[-122.624783,37.971907],[-122.624714,37.971874],[-122.624701,37.971858],[-122.624697,37.97183],[-122.624649,37.9718],[-122.62465,37.97177],[-122.624623,37.971741],[-122.624553,37.971718],[-122.6245,37.971682],[-122.624352,37.971649],[-122.624226,37.971648],[-122.624126,37.971638],[-122.624062,37.971647],[-122.624018,37.971608],[-122.623997,37.971562],[-122.623853,37.971481],[-122.62372,37.971446],[-122.623669,37.971466],[-122.623622,37.971466],[-122.623562,37.971495],[-122.623491,37.971486],[-122.623435,37.971449],[-122.623377,37.971438],[-122.623321,37.971461],[-122.623301,37.971576],[-122.623162,37.971628],[-122.623095,37.971616],[-122.623058,37.971591],[-122.622936,37.971584],[-122.622854,37.971501],[-122.622676,37.971432],[-122.622583,37.971423],[-122.622531,37.971407],[-122.622431,37.9714],[-122.622349,37.971416],[-122.622263,37.971382],[-122.622168,37.971324],[-122.622081,37.97131],[-122.621968,37.971226],[-122.621788,37.971145]]}},{"type":"Feature","properties":{"k":"stream"},"geometry":{"type":"LineString","coordinates":[[-122.620947,37.971119],[-122.618308,37.971924]]}},{"type":"Feature","properties":{"k":"stream"},"geometry":{"type":"LineString","coordinates":[[-122.613291,37.966746],[-122.613345,37.966396]]}},{"type":"Feature","properties":{"k":"path"},"geometry":{"type":"LineString","coordinates":[[-122.612919,37.965819],[-122.612781,37.965876],[-122.612635,37.965905],[-122.612595,37.965928]]}},{"type":"Feature","properties":{"k":"path"},"geometry":{"type":"LineString","coordinates":[[-122.61299,37.965757],[-122.612919,37.965819]]}},{"type":"Feature","properties":{"k":"stream"},"geometry":{"type":"LineString","coordinates":[[-122.624054,37.970855],[-122.624038,37.970884],[-122.623984,37.970885],[-122.623876,37.970854],[-122.623771,37.970849],[-122.623753,37.970816],[-122.623709,37.970816],[-122.623671,37.970825],[-122.623607,37.970819],[-122.623574,37.9708],[-122.623509,37.970784],[-122.623444,37.970785],[-122.623403,37.970776],[-122.623318,37.970729],[-122.623259,37.970723],[-122.623177,37.970733],[-122.623111,37.97084],[-122.623083,37.970857],[-122.622993,37.970852],[-122.622947,37.970959],[-122.622902,37.970962],[-122.622845,37.970982],[-122.622766,37.970968],[-122.62273,37.970977],[-122.622655,37.971032],[-122.622601,37.971055],[-122.622498,37.971067],[-122.622452,37.971097],[-122.62245,37.971143],[-122.622425,37.971207],[-122.622393,37.971232],[-122.622347,37.971303],[-122.622276,37.971387]]}},{"type":"Feature","properties":{"k":"stream"},"geometry":{"type":"LineString","coordinates":[[-122.624098,37.970802],[-122.624054,37.970855]]}},{"type":"Feature","properties":{"k":"path"},"geometry":{"type":"LineString","coordinates":[[-122.621228,37.970959],[-122.62132,37.970869],[-122.621372,37.970835]]}},{"type":"Feature","properties":{"k":"path"},"geometry":{"type":"LineString","coordinates":[[-122.621372,37.970835],[-122.621444,37.970826]]}},{"type":"Feature","properties":{"k":"stream"},"geometry":{"type":"LineString","coordinates":[[-122.621625,37.970515],[-122.621583,37.970612],[-122.621482,37.970692],[-122.621454,37.970735],[-122.621435,37.970795],[-122.621327,37.970941],[-122.621313,37.970982]]}},{"type":"Feature","properties":{"k":"stream"},"geometry":{"type":"LineString","coordinates":[[-122.622348,37.969974],[-122.621625,37.970515]]}},{"type":"Feature","properties":{"k":"stream"},"geometry":{"type":"LineString","coordinates":[[-122.621326,37.970989],[-122.621272,37.970971],[-122.621212,37.971001],[-122.621095,37.971094],[-122.621051,37.971106],[-122.620947,37.971119]]}},{"type":"Feature","properties":{"k":"stream"},"geometry":{"type":"LineString","coordinates":[[-122.621788,37.971145],[-122.621326,37.970989]]}},{"type":"Feature","properties":{"k":"stream"},"geometry":{"type":"LineString","coordinates":[[-122.620454,37.968654],[-122.619862,37.969111]]}},{"type":"Feature","properties":{"k":"stream"},"geometry":{"type":"LineString","coordinates":[[-122.620532,37.969174],[-122.619862,37.969111]]}},{"type":"Feature","properties":{"k":"stream"},"geometry":{"type":"LineString","coordinates":[[-122.62444,37.971362],[-122.624323,37.971448],[-122.624272,37.971526],[-122.624235,37.97154],[-122.624165,37.971586],[-122.624114,37.971585],[-122.62405,37.971567],[-122.623997,37.971562]]}},{"type":"Feature","properties":{"k":"stream"},"geometry":{"type":"LineString","coordinates":[[-122.62454,37.971312],[-122.62444,37.971362]]}},{"type":"Feature","properties":{"k":"stream"},"geometry":{"type":"LineString","coordinates":[[-122.622455,37.969873],[-122.622348,37.969974]]}},{"type":"Feature","properties":{"k":"stream"},"geometry":{"type":"LineString","coordinates":[[-122.62251,37.969803],[-122.622455,37.969873]]}},{"type":"Feature","properties":{"k":"green"},"geometry":{"type":"Polygon","coordinates":[[[-122.613827,37.97047],[-122.613731,37.970491],[-122.613688,37.970486],[-122.613605,37.970453],[-122.613574,37.970428],[-122.613552,37.970399],[-122.613541,37.970364],[-122.613545,37.970329],[-122.61357,37.970274],[-122.613602,37.970246],[-122.613645,37.970225],[-122.613727,37.970202],[-122.613808,37.970234],[-122.613881,37.970289],[-122.613913,37.970324],[-122.613943,37.970396],[-122.613924,37.970429],[-122.613875,37.970456],[-122.613827,37.97047]]]}},{"type":"Feature","properties":{"k":"green"},"geometry":{"type":"Polygon","coordinates":[[[-122.615627,37.968865],[-122.61564,37.968837],[-122.615678,37.968812],[-122.61576,37.96878],[-122.615779,37.968761],[-122.615808,37.968722],[-122.615834,37.968656],[-122.615853,37.968637],[-122.615882,37.968632],[-122.615911,37.96864],[-122.615949,37.968693],[-122.615988,37.9688],[-122.615979,37.968866],[-122.615957,37.968896],[-122.615884,37.968929],[-122.615714,37.968932],[-122.615644,37.968919],[-122.615629,37.968903],[-122.615627,37.968865]]]}},{"type":"Feature","properties":{"k":"green"},"geometry":{"type":"Polygon","coordinates":[[[-122.619106,37.972831],[-122.619163,37.972806],[-122.61925,37.972731],[-122.619244,37.972691],[-122.619209,37.972642],[-122.619142,37.972589],[-122.619116,37.972582],[-122.619079,37.972584],[-122.619012,37.972609],[-122.618881,37.972701],[-122.61886,37.972723],[-122.618858,37.97274],[-122.618864,37.972757],[-122.618904,37.972794],[-122.618956,37.972834],[-122.619005,37.972859],[-122.619059,37.972854],[-122.619106,37.972831]]]}},{"type":"Feature","properties":{"k":"green"},"geometry":{"type":"Polygon","coordinates":[[[-122.620184,37.970498],[-122.620213,37.970496],[-122.620266,37.970474],[-122.620401,37.970372],[-122.620427,37.970317],[-122.620393,37.970285],[-122.620321,37.970265],[-122.620264,37.97026],[-122.620161,37.970286],[-122.620109,37.970313],[-122.620095,37.970356],[-122.620099,37.970397],[-122.62014,37.97047],[-122.620184,37.970498]]]}},{"type":"Feature","properties":{"k":"bunker"},"geometry":{"type":"Polygon","coordinates":[[[-122.617656,37.969741],[-122.617689,37.969753],[-122.617729,37.969752],[-122.617764,37.969735],[-122.617768,37.969718],[-122.61771,37.969691],[-122.617702,37.969702],[-122.617648,37.969713],[-122.617642,37.969723],[-122.617656,37.969741]]]}},{"type":"Feature","properties":{"k":"bunker"},"geometry":{"type":"Polygon","coordinates":[[[-122.617508,37.969788],[-122.617574,37.96979],[-122.617615,37.969768],[-122.617599,37.969746],[-122.617543,37.96974],[-122.617516,37.96975],[-122.617497,37.969748],[-122.617479,37.969765],[-122.617487,37.969781],[-122.617508,37.969788]]]}},{"type":"Feature","properties":{"k":"bunker"},"geometry":{"type":"Polygon","coordinates":[[[-122.617469,37.969714],[-122.617441,37.969714],[-122.617393,37.969686],[-122.61738,37.969663],[-122.617383,37.96965],[-122.617395,37.969643],[-122.617429,37.969644],[-122.617487,37.96968],[-122.617492,37.969693],[-122.617485,37.969709],[-122.617469,37.969714]]]}},{"type":"Feature","properties":{"k":"bunker"},"geometry":{"type":"Polygon","coordinates":[[[-122.614721,37.967087],[-122.614691,37.967079],[-122.614655,37.967056],[-122.614634,37.967056],[-122.61461,37.967044],[-122.614595,37.967031],[-122.614596,37.967016],[-122.614609,37.967005],[-122.614657,37.967011],[-122.614748,37.967036],[-122.614775,37.967068],[-122.614766,37.967084],[-122.614721,37.967087]]]}},{"type":"Feature","properties":{"k":"green"},"geometry":{"type":"Polygon","coordinates":[[[-122.612861,37.96633],[-122.61281,37.966297],[-122.612793,37.966266],[-122.612769,37.966177],[-122.612776,37.966155],[-122.612795,37.966135],[-122.612821,37.966125],[-122.612869,37.96612],[-122.612912,37.966089],[-122.612976,37.966073],[-122.613022,37.96608],[-122.61311,37.9662],[-122.613112,37.966236],[-122.613101,37.966276],[-122.61307,37.966306],[-122.613008,37.966329],[-122.612959,37.966338],[-122.612893,37.966338],[-122.612861,37.96633]]]}},{"type":"Feature","properties":{"k":"bunker"},"geometry":{"type":"Polygon","coordinates":[[[-122.613181,37.966305],[-122.613137,37.966312],[-122.613115,37.966294],[-122.613112,37.966283],[-122.613128,37.966235],[-122.61315,37.966224],[-122.613186,37.966235],[-122.613207,37.966266],[-122.613199,37.966292],[-122.613181,37.966305]]]}},{"type":"Feature","properties":{"k":"bunker"},"geometry":{"type":"Polygon","coordinates":[[[-122.612934,37.966426],[-122.612998,37.966414],[-122.613025,37.966396],[-122.613047,37.966366],[-122.613024,37.966346],[-122.613001,37.966344],[-122.612892,37.966362],[-122.612875,37.966374],[-122.612871,37.966392],[-122.61288,37.966416],[-122.612894,37.966425],[-122.612934,37.966426]]]}},{"type":"Feature","properties":{"k":"bunker"},"geometry":{"type":"Polygon","coordinates":[[[-122.612751,37.966276],[-122.612768,37.966256],[-122.612761,37.966238],[-122.612729,37.96622],[-122.6127,37.966236],[-122.61269,37.966264],[-122.612715,37.96628],[-122.612751,37.966276]]]}},{"type":"Feature","properties":{"k":"bunker"},"geometry":{"type":"Polygon","coordinates":[[[-122.61285,37.966107],[-122.612924,37.966072],[-122.612925,37.966063],[-122.612902,37.966044],[-122.612876,37.966048],[-122.612828,37.966085],[-122.612825,37.966098],[-122.612834,37.966108],[-122.61285,37.966107]]]}},{"type":"Feature","properties":{"k":"bunker"},"geometry":{"type":"Polygon","coordinates":[[[-122.61314,37.966179],[-122.613163,37.966164],[-122.613143,37.966121],[-122.613102,37.966088],[-122.613064,37.966093],[-122.613102,37.966174],[-122.613116,37.966184],[-122.61314,37.966179]]]}},{"type":"Feature","properties":{"k":"green"},"geometry":{"type":"Polygon","coordinates":[[[-122.61664,37.968226],[-122.616636,37.968249],[-122.616647,37.968281],[-122.616667,37.968305],[-122.616698,37.968328],[-122.616738,37.968342],[-122.616819,37.968347],[-122.616854,37.96834],[-122.616885,37.968331],[-122.616937,37.968291],[-122.616939,37.968209],[-122.616907,37.968123],[-122.616881,37.968106],[-122.616845,37.968097],[-122.616803,37.968108],[-122.616728,37.968148],[-122.61664,37.968226]]]}}]}