{"type":"FeatureCollection","features":[{"type":"Feature","properties":{"k":"hole","ref":"1","par":4},"geometry":{"type":"LineString","coordinates":[[-116.259681,33.644191],[-116.258071,33.6459],[-116.257734,33.647344]]}},{"type":"Feature","properties":{"k":"hole","ref":"2","par":4},"geometry":{"type":"LineString","coordinates":[[-116.258171,33.64835],[-116.257047,33.649942],[-116.256561,33.651041]]}},{"type":"Feature","properties":{"k":"hole","ref":"3","par":4},"geometry":{"type":"LineString","coordinates":[[-116.256205,33.651795],[-116.259046,33.651848],[-116.260874,33.651658]]}},{"type":"Feature","properties":{"k":"hole","ref":"4","par":3},"geometry":{"type":"LineString","coordinates":[[-116.261616,33.651449],[-116.261013,33.652719]]}},{"type":"Feature","properties":{"k":"hole","ref":"5","par":5},"geometry":{"type":"LineString","coordinates":[[-116.260593,33.652916],[-116.257777,33.65265],[-116.256175,33.653152],[-116.255472,33.653127]]}},{"type":"Feature","properties":{"k":"hole","ref":"6","par":3},"geometry":{"type":"LineString","coordinates":[[-116.255146,33.653674],[-116.253613,33.655313]]}},{"type":"Feature","properties":{"k":"hole","ref":"7","par":4},"geometry":{"type":"LineString","coordinates":[[-116.252924,33.655479],[-116.253494,33.654009],[-116.254693,33.653203]]}},{"type":"Feature","properties":{"k":"hole","ref":"8","par":5},"geometry":{"type":"LineString","coordinates":[[-116.255493,33.652627],[-116.255632,33.650719],[-116.256531,33.649383],[-116.256933,33.648335]]}},{"type":"Feature","properties":{"k":"hole","ref":"9","par":4},"geometry":{"type":"LineString","coordinates":[[-116.258455,33.647855],[-116.259336,33.645924],[-116.260711,33.644771]]}},{"type":"Feature","properties":{"k":"hole","ref":"10","par":4},"geometry":{"type":"LineString","coordinates":[[-116.261481,33.64433],[-116.262514,33.646081],[-116.263385,33.647157]]}},{"type":"Feature","properties":{"k":"hole","ref":"11","par":5},"geometry":{"type":"LineString","coordinates":[[-116.264894,33.647763],[-116.264647,33.649811],[-116.264715,33.651433],[-116.264577,33.652627]]}},{"type":"Feature","properties":{"k":"hole","ref":"12","par":4},"geometry":{"type":"LineString","coordinates":[[-116.264936,33.653158],[-116.263372,33.654317],[-116.2627,33.655437]]}},{"type":"Feature","properties":{"k":"hole","ref":"13","par":3},"geometry":{"type":"LineString","coordinates":[[-116.26219,33.655607],[-116.260078,33.655443]]}},{"type":"Feature","properties":{"k":"hole","ref":"14","par":4},"geometry":{"type":"LineString","coordinates":[[-116.260135,33.654887],[-116.25774,33.655483],[-116.25646,33.655206]]}},{"type":"Feature","properties":{"k":"hole","ref":"15","par":4},"geometry":{"type":"LineString","coordinates":[[-116.256502,33.65476],[-116.258739,33.65448],[-116.260938,33.654499]]}},{"type":"Feature","properties":{"k":"hole","ref":"16","par":5},"geometry":{"type":"LineString","coordinates":[[-116.261469,33.654793],[-116.262863,33.653453],[-116.263673,33.651742],[-116.263623,33.650442]]}},{"type":"Feature","properties":{"k":"hole","ref":"17","par":3},"geometry":{"type":"LineString","coordinates":[[-116.264063,33.650224],[-116.263616,33.648779]]}},{"type":"Feature","properties":{"k":"hole","ref":"18","par":4},"geometry":{"type":"LineString","coordinates":[[-116.263988,33.64734],[-116.263652,33.645661],[-116.262895,33.644366],[-116.262511,33.644038]]}},{"type":"Feature","properties":{"k":"tee"},"geometry":{"type":"Polygon","coordinates":[[[-116.259632,33.644258],[-116.259682,33.64424],[-116.25974,33.644198],[-116.259757,33.644148],[-116.259735,33.644108],[-116.259687,33.64411],[-116.259593,33.644192],[-116.259591,33.64425],[-116.259632,33.644258]]]}},{"type":"Feature","properties":{"k":"tee"},"geometry":{"type":"Polygon","coordinates":[[[-116.259157,33.64455],[-116.259217,33.644524],[-116.259279,33.64443],[-116.259267,33.6444],[-116.259219,33.644392],[-116.259154,33.644434],[-116.259111,33.644512],[-116.259118,33.644544],[-116.259157,33.64455]]]}},{"type":"Feature","properties":{"k":"tee"},"geometry":{"type":"Polygon","coordinates":[[[-116.259017,33.644674],[-116.259046,33.644684],[-116.259087,33.644666],[-116.259111,33.644616],[-116.259106,33.644586],[-116.259075,33.644564],[-116.259025,33.644582],[-116.258996,33.644636],[-116.259017,33.644674]]]}},{"type":"Feature","properties":{"k":"tee"},"geometry":{"type":"Polygon","coordinates":[[[-116.258861,33.644806],[-116.258907,33.644784],[-116.258933,33.644738],[-116.258912,33.644704],[-116.258876,33.6447],[-116.258823,33.644736],[-116.258816,33.644788],[-116.258861,33.644806]]]}},{"type":"Feature","properties":{"k":"tee"},"geometry":{"type":"Polygon","coordinates":[[[-116.258652,33.645066],[-116.258693,33.645062],[-116.258727,33.645026],[-116.258758,33.644946],[-116.258736,33.644918],[-116.258691,33.644922],[-116.258643,33.64494],[-116.258614,33.644984],[-116.258619,33.645046],[-116.258652,33.645066]]]}},{"type":"Feature","properties":{"k":"bunker"},"geometry":{"type":"Polygon","coordinates":[[[-116.258588,33.645751],[-116.258646,33.64573],[-116.258647,33.645694],[-116.258678,33.645652],[-116.258637,33.645633],[-116.258631,33.645598],[-116.258603,33.645581],[-116.258585,33.645507],[-116.258557,33.645521],[-116.258521,33.645551],[-116.258491,33.645597],[-116.258505,33.645605],[-116.258563,33.645612],[-116.258569,33.64562],[-116.258566,33.645642],[-116.258535,33.645649],[-116.258528,33.645664],[-116.258536,33.645684],[-116.258564,33.645692],[-116.258561,33.645741],[-116.258588,33.645751]]]}},{"type":"Feature","properties":{"k":"bunker"},"geometry":{"type":"Polygon","coordinates":[[[-116.257844,33.646207],[-116.257866,33.64611],[-116.257869,33.646047],[-116.257857,33.64596],[-116.257832,33.645945],[-116.257811,33.645955],[-116.257799,33.645976],[-116.257818,33.646029],[-116.25782,33.646069],[-116.257813,33.646095],[-116.257774,33.646144],[-116.257771,33.646182],[-116.257797,33.646209],[-116.257819,33.646213],[-116.257844,33.646207]]]}},{"type":"Feature","properties":{"k":"bunker"},"geometry":{"type":"Polygon","coordinates":[[[-116.25784,33.646762],[-116.257867,33.646763],[-116.257891,33.646745],[-116.257926,33.646693],[-116.257992,33.646623],[-116.257998,33.646598],[-116.257988,33.646581],[-116.257948,33.646575],[-116.257886,33.646633],[-116.257856,33.646694],[-116.257828,33.646721],[-116.257824,33.646747],[-116.25784,33.646762]]]}},{"type":"Feature","properties":{"k":"bunker"},"geometry":{"type":"Polygon","coordinates":[[[-116.257678,33.647225],[-116.257707,33.647219],[-116.257717,33.647196],[-116.257709,33.647162],[-116.257732,33.647126],[-116.257722,33.647087],[-116.257634,33.647074],[-116.257605,33.647089],[-116.257602,33.64711],[-116.257663,33.647134],[-116.257673,33.64715],[-116.257648,33.647192],[-116.257652,33.647211],[-116.257678,33.647225]]]}},{"type":"Feature","properties":{"k":"bunker"},"geometry":{"type":"Polygon","coordinates":[[[-116.257629,33.647219],[-116.257624,33.647191],[-116.257611,33.647184],[-116.257592,33.647188],[-116.257588,33.647207],[-116.257599,33.647223],[-116.257616,33.647225],[-116.257629,33.647219]]]}},{"type":"Feature","properties":{"k":"green"},"geometry":{"type":"Polygon","coordinates":[[[-116.25654,33.65123],[-116.25657,33.651229],[-116.256602,33.651207],[-116.256601,33.651112],[-116.256615,33.651063],[-116.256671,33.651016],[-116.25669,33.65099],[-116.256706,33.650936],[-116.25669,33.650916],[-116.25666,33.65091],[-116.256563,33.650968],[-116.25648,33.651093],[-116.256478,33.651132],[-116.256512,33.651215],[-116.25654,33.65123]]]}},{"type":"Feature","properties":{"k":"green"},"geometry":{"type":"Polygon","coordinates":[[[-116.261004,33.652896],[-116.261033,33.652873],[-116.261066,33.652803],[-116.261117,33.652744],[-116.261138,33.652694],[-116.261117,33.652622],[-116.261089,33.652605],[-116.261053,33.652604],[-116.261027,33.652614],[-116.260921,33.652667],[-116.260887,33.652687],[-116.260872,33.652721],[-116.260872,33.652801],[-116.260892,33.65284],[-116.260933,33.652886],[-116.260965,33.652898],[-116.261004,33.652896]]]}},{"type":"Feature","properties":{"k":"tee"},"geometry":{"type":"Polygon","coordinates":[[[-116.261371,33.651642],[-116.261393,33.651632],[-116.261409,33.651609],[-116.261399,33.651585],[-116.261371,33.651589],[-116.261351,33.651621],[-116.261371,33.651642]]]}},{"type":"Feature","properties":{"k":"tee"},"geometry":{"type":"Polygon","coordinates":[[[-116.261422,33.651529],[-116.261463,33.651507],[-116.261477,33.65146],[-116.261463,33.651428],[-116.261428,33.651422],[-116.261394,33.651444],[-116.26138,33.651499],[-116.261396,33.651521],[-116.261422,33.651529]]]}},{"type":"Feature","properties":{"k":"tee"},"geometry":{"type":"Polygon","coordinates":[[[-116.261568,33.651501],[-116.261603,33.651507],[-116.261638,33.651498],[-116.261658,33.651474],[-116.261668,33.651439],[-116.261662,33.651415],[-116.261641,33.651396],[-116.2616,33.651387],[-116.261553,33.651401],[-116.261534,33.651432],[-116.26154,33.651472],[-116.261568,33.651501]]]}},{"type":"Feature","properties":{"k":"tee"},"geometry":{"type":"Polygon","coordinates":[[[-116.261616,33.651683],[-116.261642,33.651671],[-116.261658,33.651637],[-116.26166,33.651587],[-116.261636,33.651559],[-116.261598,33.651559],[-116.261577,33.651585],[-116.261565,33.651635],[-116.261579,33.65167],[-116.261616,33.651683]]]}},{"type":"Feature","properties":{"k":"tee"},"geometry":{"type":"Polygon","coordinates":[[[-116.2616,33.651843],[-116.261626,33.65184],[-116.261674,33.651806],[-116.261676,33.651773],[-116.261664,33.651747],[-116.261633,33.651739],[-116.261595,33.651754],[-116.261574,33.65179],[-116.261572,33.651821],[-116.2616,33.651843]]]}},{"type":"Feature","properties":{"k":"tee"},"geometry":{"type":"Polygon","coordinates":[[[-116.261581,33.652041],[-116.261614,33.652036],[-116.261646,33.65201],[-116.261654,33.651976],[-116.261642,33.651955],[-116.261616,33.651948],[-116.261582,33.651959],[-116.26155,33.651984],[-116.26155,33.65202],[-116.261581,33.652041]]]}},{"type":"Feature","properties":{"k":"bunker"},"geometry":{"type":"Polygon","coordinates":[[[-116.261515,33.652286],[-116.261543,33.65223],[-116.26155,33.652188],[-116.261579,33.652145],[-116.261565,33.652099],[-116.261575,33.652059],[-116.261534,33.652042],[-116.261512,33.652001],[-116.261534,33.651939],[-116.261555,33.651925],[-116.261562,33.65188],[-116.261492,33.651856],[-116.261473,33.65182],[-116.261499,33.651783],[-116.261527,33.651597],[-116.261489,33.651603],[-116.261466,33.651634],[-116.261451,33.651766],[-116.261424,33.651809],[-116.261368,33.651836],[-116.261364,33.651909],[-116.261332,33.651957],[-116.261294,33.651971],[-116.261263,33.652033],[-116.261253,33.652081],[-116.261202,33.652093],[-116.261139,33.652184],[-116.261139,33.652257],[-116.261101,33.652299],[-116.261064,33.652303],[-116.260991,33.652365],[-116.260969,33.652423],[-116.260931,33.652452],[-116.260926,33.652502],[-116.260935,33.65253],[-116.260913,33.652582],[-116.260928,33.652606],[-116.260982,33.6526],[-116.26103,33.652554],[-116.261018,33.652525],[-116.261044,33.652446],[-116.261123,33.652381],[-116.261184,33.652354],[-116.261317,33.652212],[-116.261372,33.652179],[-116.261429,33.652131],[-116.261458,33.652135],[-116.261483,33.652154],[-116.261457,33.652255],[-116.261482,33.652289],[-116.261515,33.652286]]]}},{"type":"Feature","properties":{"k":"water"},"geometry":{"type":"Polygon","coordinates":[[[-116.263497,33.649783],[-116.2636,33.649743],[-116.263741,33.649648],[-116.263809,33.649498],[-116.26397,33.649282],[-116.263986,33.648918],[-116.263919,33.648746],[-116.263878,33.64861],[-116.263782,33.648533],[-116.263744,33.648556],[-116.263686,33.64863],[-116.263737,33.648728],[-116.263696,33.648818],[-116.263624,33.648884],[-116.263552,33.648896],[-116.263499,33.648914],[-116.263451,33.64888],[-116.263458,33.648808],[-116.263408,33.648708],[-116.263436,33.648594],[-116.26353,33.648558],[-116.263631,33.648564],[-116.263667,33.648554],[-116.263717,33.648493],[-116.26366,33.648444],[-116.263578,33.648426],[-116.263415,33.648452],[-116.263254,33.64856],[-116.263204,33.648698],[-116.263223,33.648866],[-116.263273,33.649098],[-116.26324,33.649238],[-116.26334,33.649446],[-116.263273,33.649576],[-116.263271,33.649644],[-116.263319,33.649715],[-116.263417,33.649774],[-116.263497,33.649783]]]}},{"type":"Feature","properties":{"k":"tee"},"geometry":{"type":"Polygon","coordinates":[[[-116.263278,33.649827],[-116.263465,33.649865],[-116.263492,33.649851],[-116.26347,33.649821],[-116.263357,33.649791],[-116.263271,33.64972],[-116.263225,33.649724],[-116.263204,33.649761],[-116.263218,33.649799],[-116.263278,33.649827]]]}},{"type":"Feature","properties":{"k":"tee"},"geometry":{"type":"Polygon","coordinates":[[[-116.263725,33.649755],[-116.263782,33.649746],[-116.263905,33.64963],[-116.263984,33.649486],[-116.263962,33.64945],[-116.263909,33.64946],[-116.263861,33.649546],[-116.263813,33.649656],[-116.263727,33.649726],[-116.263725,33.649755]]]}},{"type":"Feature","properties":{"k":"tee"},"geometry":{"type":"Polygon","coordinates":[[[-116.264079,33.649306],[-116.264104,33.649247],[-116.264093,33.649223],[-116.264073,33.649223],[-116.264049,33.649268],[-116.264049,33.649303],[-116.264079,33.649306]]]}},{"type":"Feature","properties":{"k":"tee"},"geometry":{"type":"Polygon","coordinates":[[[-116.264071,33.649087],[-116.264098,33.649084],[-116.264117,33.649063],[-116.264114,33.649039],[-116.264092,33.649017],[-116.264066,33.649019],[-116.264049,33.649041],[-116.264045,33.64907],[-116.264071,33.649087]]]}},{"type":"Feature","properties":{"k":"water"},"geometry":{"type":"Polygon","coordinates":[[[-116.263974,33.647071],[-116.264096,33.647091],[-116.264227,33.646983],[-116.26425,33.646913],[-116.264187,33.646815],[-116.264108,33.646736],[-116.264084,33.64662],[-116.264124,33.646509],[-116.264029,33.646265],[-116.263871,33.646097],[-116.26342,33.645715],[-116.263159,33.645297],[-116.262934,33.644803],[-116.262791,33.644467],[-116.262688,33.644316],[-116.262558,33.644214],[-116.262139,33.644043],[-116.261977,33.644023],[-116.261894,33.644073],[-116.261878,33.644132],[-116.262016,33.644293],[-116.262329,33.644533],[-116.262397,33.644686],[-116.262313,33.644878],[-116.262188,33.644996],[-116.261965,33.64508],[-116.261838,33.645169],[-116.261779,33.645323],[-116.261811,33.645468],[-116.261933,33.64556],[-116.262068,33.645606],[-116.262384,33.645678],[-116.26271,33.645881],[-116.262865,33.646061],[-116.262949,33.646416],[-116.262969,33.646709],[-116.262984,33.646808],[-116.263036,33.646887],[-116.263184,33.646988],[-116.263321,33.647065],[-116.263424,33.647078],[-116.263519,33.647025],[-116.263657,33.646933],[-116.263748,33.646897],[-116.263823,33.64692],[-116.263974,33.647071]]]}},{"type":"Feature","properties":{"k":"water"},"geometry":{"type":"Polygon","coordinates":[[[-116.264946,33.653025],[-116.26502,33.652909],[-116.265028,33.65279],[-116.26508,33.65266],[-116.26508,33.652604],[-116.265049,33.652528],[-116.265124,33.652392],[-116.26509,33.652318],[-116.26514,33.652184],[-116.265128,33.652058],[-116.26508,33.65205],[-116.264984,33.652126],[-116.264867,33.652324],[-116.264783,33.652352],[-116.264711,33.652392],[-116.264699,33.652484],[-116.264737,33.652578],[-116.264771,33.65274],[-116.264799,33.652816],[-116.264886,33.652881],[-116.264903,33.652921],[-116.264895,33.653007],[-116.264946,33.653025]]]}},{"type":"Feature","properties":{"k":"water"},"geometry":{"type":"Polygon","coordinates":[[[-116.259763,33.655702],[-116.259929,33.655722],[-116.260111,33.655702],[-116.260542,33.655712],[-116.260585,33.655693],[-116.260704,33.655709],[-116.261088,33.655699],[-116.261732,33.655702],[-116.261958,33.655719],[-116.26205,33.655682],[-116.262045,33.65561],[-116.261908,33.655506],[-116.261807,33.655413],[-116.261566,33.655307],[-116.261412,33.655271],[-116.261074,33.65542],[-116.260783,33.655384],[-116.260649,33.65539],[-116.260301,33.655511],[-116.260214,33.655521],[-116.26004,33.655567],[-116.259838,33.65559],[-116.259727,33.65563],[-116.259763,33.655702]]]}},{"type":"Feature","properties":{"k":"water"},"geometry":{"type":"Polygon","coordinates":[[[-116.255692,33.653066],[-116.256508,33.652922],[-116.256745,33.652814],[-116.256901,33.65268],[-116.256923,33.652584],[-116.256909,33.652516],[-116.256861,33.65247],[-116.256738,33.652446],[-116.25657,33.652446],[-116.256496,33.652476],[-116.256385,33.652498],[-116.256136,33.652642],[-116.255999,33.652748],[-116.255785,33.652814],[-116.255579,33.652844],[-116.255478,33.6529],[-116.255464,33.65297],[-116.255483,33.653016],[-116.255562,33.653052],[-116.255692,33.653066]]]}},{"type":"Feature","properties":{"k":"water"},"geometry":{"type":"Polygon","coordinates":[[[-116.257617,33.653184],[-116.257739,33.653168],[-116.257871,33.653166],[-116.258001,33.653128],[-116.258133,33.653124],[-116.25833,33.653064],[-116.258909,33.65298],[-116.259031,33.652998],[-116.25917,33.652968],[-116.259278,33.652982],[-116.259429,33.652968],[-116.259883,33.652974],[-116.259943,33.652966],[-116.260116,33.652972],[-116.260162,33.652954],[-116.260159,33.652914],[-116.260094,33.652868],[-116.2599,33.652842],[-116.259446,33.652638],[-116.259295,33.652622],[-116.259134,33.652626],[-116.258829,33.652692],[-116.25809,33.652778],[-116.257879,33.652776],[-116.257612,33.652808],[-116.257468,33.652852],[-116.257411,33.65292],[-116.257396,33.653008],[-116.257415,33.653082],[-116.257502,33.65314],[-116.257617,33.653184]]]}},{"type":"Feature","properties":{"k":"water"},"geometry":{"type":"Polygon","coordinates":[[[-116.254125,33.655623],[-116.254188,33.655643],[-116.254299,33.655636],[-116.254607,33.655416],[-116.254663,33.655333],[-116.254619,33.655162],[-116.254655,33.655001],[-116.254643,33.654895],[-116.254518,33.654753],[-116.25451,33.654652],[-116.2547,33.654314],[-116.254784,33.654068],[-116.254859,33.653964],[-116.254859,33.653888],[-116.254796,33.653822],[-116.254635,33.653752],[-116.254611,33.653684],[-116.254741,33.653411],[-116.254701,33.653304],[-116.254683,33.653292],[-116.254568,33.653287],[-116.254495,33.653246],[-116.254448,33.653249],[-116.254352,33.653377],[-116.254249,33.653605],[-116.25403,33.653788],[-116.253879,33.653954],[-116.253771,33.654018],[-116.253442,33.654138],[-116.253293,33.654264],[-116.253,33.654773],[-116.253008,33.654812],[-116.253058,33.654883],[-116.253111,33.654995],[-116.25312,33.655135],[-116.253094,33.655365],[-116.253096,33.655481],[-116.253164,33.655549],[-116.253231,33.655571],[-116.253298,33.655533],[-116.253385,33.655373],[-116.253449,33.655195],[-116.253507,33.655159],[-116.253565,33.655155],[-116.253673,33.655171],[-116.253798,33.655151],[-116.254028,33.654983],[-116.254117,33.654939],[-116.25423,33.654919],[-116.25429,33.654939],[-116.25433,33.655015],[-116.254338,33.655129],[-116.254278,33.655239],[-116.25422,33.655305],[-116.254172,33.655417],[-116.254074,33.655483],[-116.25405,33.655525],[-116.254125,33.655623]]]}},{"type":"Feature","properties":{"k":"water"},"geometry":{"type":"Polygon","coordinates":[[[-116.259562,33.646403],[-116.259779,33.646211],[-116.259981,33.646086],[-116.260222,33.646011],[-116.260602,33.645971],[-116.260989,33.645905],[-116.261187,33.645896],[-116.261341,33.645823],[-116.261448,33.645734],[-116.261472,33.645566],[-116.261412,33.645352],[-116.261298,33.645257],[-116.261072,33.645217],[-116.260946,33.645158],[-116.260906,33.645076],[-116.26088,33.644989],[-116.260827,33.644944],[-116.260756,33.644931],[-116.260566,33.644997],[-116.260361,33.64501],[-116.260285,33.645056],[-116.260175,33.645191],[-116.26006,33.645487],[-116.259929,33.645705],[-116.259858,33.645787],[-116.259518,33.646136],[-116.259332,33.646356],[-116.259166,33.646603],[-116.258953,33.646788],[-116.25881,33.646857],[-116.258775,33.646955],[-116.258822,33.647133],[-116.258893,33.647216],[-116.258961,33.647225],[-116.259032,33.647156],[-116.259281,33.646824],[-116.259562,33.646403]]]}},{"type":"Feature","properties":{"k":"tee"},"geometry":{"type":"Polygon","coordinates":[[[-116.258154,33.648404],[-116.258178,33.648401],[-116.258206,33.64837],[-116.25821,33.648343],[-116.258204,33.648322],[-116.25818,33.648315],[-116.258153,33.648322],[-116.258125,33.648379],[-116.258154,33.648404]]]}},{"type":"Feature","properties":{"k":"tee"},"geometry":{"type":"Polygon","coordinates":[[[-116.258022,33.648524],[-116.258057,33.64852],[-116.258088,33.648496],[-116.258093,33.648467],[-116.258078,33.648445],[-116.258045,33.64844],[-116.258,33.648451],[-116.257986,33.648477],[-116.257989,33.648502],[-116.258022,33.648524]]]}},{"type":"Feature","properties":{"k":"tee"},"geometry":{"type":"Polygon","coordinates":[[[-116.257878,33.648711],[-116.257916,33.648686],[-116.257975,33.648572],[-116.257964,33.648554],[-116.257944,33.648562],[-116.257879,33.648635],[-116.257829,33.64866],[-116.25782,33.648686],[-116.257842,33.64871],[-116.257878,33.648711]]]}},{"type":"Feature","properties":{"k":"tee"},"geometry":{"type":"Polygon","coordinates":[[[-116.257649,33.648916],[-116.257683,33.648918],[-116.257713,33.648898],[-116.257736,33.648848],[-116.257733,33.64882],[-116.257703,33.648811],[-116.257652,33.648833],[-116.257633,33.648875],[-116.257632,33.648898],[-116.257649,33.648916]]]}},{"type":"Feature","properties":{"k":"bunker"},"geometry":{"type":"Polygon","coordinates":[[[-116.257658,33.649355],[-116.257679,33.649359],[-116.257694,33.649349],[-116.257713,33.649319],[-116.257711,33.649299],[-116.257722,33.649276],[-116.25779,33.649219],[-116.257796,33.649195],[-116.257782,33.649159],[-116.257747,33.649137],[-116.257723,33.649138],[-116.25771,33.649161],[-116.257685,33.649264],[-116.257655,33.649315],[-116.25765,33.649345],[-116.257658,33.649355]]]}},{"type":"Feature","properties":{"k":"bunker"},"geometry":{"type":"Polygon","coordinates":[[[-116.257368,33.649499],[-116.257408,33.649483],[-116.257417,33.649463],[-116.257414,33.649423],[-116.257451,33.649338],[-116.2575,33.649292],[-116.257509,33.649245],[-116.257574,33.649193],[-116.257586,33.649175],[-116.257595,33.649156],[-116.257578,33.649142],[-116.257545,33.649144],[-116.257393,33.649274],[-116.257376,33.649386],[-116.257349,33.649469],[-116.257368,33.649499]]]}},{"type":"Feature","properties":{"k":"bunker"},"geometry":{"type":"Polygon","coordinates":[[[-116.25743,33.650027],[-116.25745,33.650014],[-116.257397,33.649955],[-116.257402,33.649921],[-116.257449,33.649875],[-116.257435,33.649808],[-116.257466,33.649754],[-116.25744,33.649687],[-116.257412,33.64966],[-116.257392,33.649662],[-116.257383,33.649686],[-116.257398,33.64977],[-116.257351,33.649887],[-116.25735,33.649949],[-116.257376,33.650006],[-116.257403,33.650022],[-116.25743,33.650027]]]}},{"type":"Feature","properties":{"k":"bunker"},"geometry":{"type":"Polygon","coordinates":[[[-116.256891,33.64985],[-116.256928,33.649816],[-116.256909,33.649806],[-116.256894,33.649809],[-116.25687,33.649787],[-116.256857,33.649789],[-116.256855,33.649808],[-116.256876,33.649824],[-116.256891,33.64985]]]}},{"type":"Feature","properties":{"k":"bunker"},"geometry":{"type":"Polygon","coordinates":[[[-116.257181,33.650382],[-116.257212,33.650345],[-116.257209,33.650312],[-116.257186,33.650303],[-116.257169,33.650287],[-116.257173,33.650235],[-116.257156,33.650202],[-116.257136,33.650192],[-116.257087,33.650226],[-116.257076,33.650245],[-116.257087,33.650269],[-116.257136,33.650319],[-116.257139,33.650379],[-116.257164,33.650388],[-116.257181,33.650382]]]}},{"type":"Feature","properties":{"k":"bunker"},"geometry":{"type":"Polygon","coordinates":[[[-116.257109,33.650333],[-116.257112,33.650307],[-116.257093,33.650295],[-116.257071,33.650298],[-116.257069,33.650318],[-116.257109,33.650333]]]}},{"type":"Feature","properties":{"k":"bunker"},"geometry":{"type":"Polygon","coordinates":[[[-116.256781,33.650695],[-116.256828,33.650693],[-116.256833,33.650684],[-116.256821,33.650671],[-116.256818,33.65065],[-116.256785,33.650644],[-116.256769,33.650654],[-116.256769,33.650676],[-116.256781,33.650695]]]}},{"type":"Feature","properties":{"k":"bunker"},"geometry":{"type":"Polygon","coordinates":[[[-116.256761,33.650623],[-116.256815,33.650591],[-116.256818,33.650574],[-116.256807,33.650552],[-116.256765,33.650535],[-116.256732,33.650542],[-116.256673,33.650576],[-116.256665,33.650594],[-116.256696,33.650619],[-116.256761,33.650623]]]}},{"type":"Feature","properties":{"k":"bunker"},"geometry":{"type":"Polygon","coordinates":[[[-116.256613,33.650883],[-116.256625,33.650878],[-116.256639,33.650852],[-116.256634,33.650835],[-116.256622,33.650829],[-116.25661,33.65083],[-116.256584,33.650855],[-116.25659,33.650877],[-116.256613,33.650883]]]}},{"type":"Feature","properties":{"k":"bunker"},"geometry":{"type":"Polygon","coordinates":[[[-116.256479,33.650969],[-116.256497,33.650965],[-116.256553,33.650907],[-116.256551,33.650831],[-116.256565,33.650793],[-116.25655,33.650774],[-116.256517,33.650772],[-116.256501,33.650794],[-116.256485,33.650827],[-116.256517,33.650861],[-116.256515,33.650878],[-116.256436,33.650948],[-116.256441,33.65096],[-116.256479,33.650969]]]}},{"type":"Feature","properties":{"k":"bunker"},"geometry":{"type":"Polygon","coordinates":[[[-116.256412,33.650891],[-116.256444,33.65088],[-116.256454,33.650838],[-116.256441,33.650834],[-116.256426,33.65084],[-116.256402,33.650877],[-116.256412,33.650891]]]}},{"type":"Feature","properties":{"k":"bunker"},"geometry":{"type":"Polygon","coordinates":[[[-116.256823,33.651022],[-116.256883,33.651005],[-116.256902,33.650969],[-116.256885,33.650952],[-116.256799,33.650991],[-116.2568,33.651013],[-116.256823,33.651022]]]}},{"type":"Feature","properties":{"k":"bunker"},"geometry":{"type":"Polygon","coordinates":[[[-116.256782,33.651158],[-116.256791,33.651156],[-116.256811,33.651118],[-116.256808,33.651105],[-116.256784,33.651088],[-116.256688,33.651073],[-116.256665,33.651078],[-116.256653,33.651091],[-116.256645,33.651105],[-116.256653,33.651125],[-116.256689,33.651126],[-116.256741,33.651114],[-116.256759,33.651125],[-116.256767,33.651151],[-116.256782,33.651158]]]}},{"type":"Feature","properties":{"k":"tee"},"geometry":{"type":"Polygon","coordinates":[[[-116.256192,33.65183],[-116.256226,33.651826],[-116.256251,33.651805],[-116.256243,33.651778],[-116.256213,33.651762],[-116.256176,33.651767],[-116.256159,33.651798],[-116.256166,33.651816],[-116.256192,33.65183]]]}},{"type":"Feature","properties":{"k":"tee"},"geometry":{"type":"Polygon","coordinates":[[[-116.256447,33.651786],[-116.256482,33.651774],[-116.2565,33.651749],[-116.256495,33.651726],[-116.256462,33.651706],[-116.256401,33.651704],[-116.256367,33.651733],[-116.25637,33.651765],[-116.256405,33.651779],[-116.256447,33.651786]]]}},{"type":"Feature","properties":{"k":"tee"},"geometry":{"type":"Polygon","coordinates":[[[-116.256908,33.651731],[-116.256931,33.651718],[-116.256932,33.651694],[-116.256906,33.651676],[-116.256864,33.651676],[-116.256846,33.651695],[-116.25685,33.651716],[-116.256878,33.651731],[-116.256908,33.651731]]]}},{"type":"Feature","properties":{"k":"tee"},"geometry":{"type":"Polygon","coordinates":[[[-116.257085,33.651756],[-116.257115,33.651745],[-116.257138,33.651715],[-116.257133,33.651695],[-116.257103,33.65168],[-116.257066,33.651686],[-116.257037,33.651705],[-116.257036,33.651733],[-116.25705,33.651749],[-116.257085,33.651756]]]}},{"type":"Feature","properties":{"k":"tee"},"geometry":{"type":"Polygon","coordinates":[[[-116.257354,33.651667],[-116.257395,33.651659],[-116.257427,33.651633],[-116.257427,33.651605],[-116.257396,33.65159],[-116.25733,33.651595],[-116.257313,33.651608],[-116.257318,33.651654],[-116.257354,33.651667]]]}},{"type":"Feature","properties":{"k":"tee"},"geometry":{"type":"Polygon","coordinates":[[[-116.25773,33.651666],[-116.257752,33.651647],[-116.257758,33.65162],[-116.257731,33.651587],[-116.257692,33.651584],[-116.257636,33.651592],[-116.257627,33.651614],[-116.257639,33.651647],[-116.257677,33.651665],[-116.25773,33.651666]]]}},{"type":"Feature","properties":{"k":"bunker"},"geometry":{"type":"Polygon","coordinates":[[[-116.259842,33.651607],[-116.259912,33.651584],[-116.259969,33.651588],[-116.259994,33.651582],[-116.260025,33.651536],[-116.260064,33.651511],[-116.260074,33.651491],[-116.260062,33.651474],[-116.26003,33.651478],[-116.259965,33.651533],[-116.259877,33.65154],[-116.259866,33.651495],[-116.259766,33.651515],[-116.259753,33.651531],[-116.259751,33.651558],[-116.259762,33.651578],[-116.259786,33.651599],[-116.259842,33.651607]]]}},{"type":"Feature","properties":{"k":"bunker"},"geometry":{"type":"Polygon","coordinates":[[[-116.260534,33.651758],[-116.260561,33.651752],[-116.260584,33.65173],[-116.260619,33.651716],[-116.26059,33.651682],[-116.260578,33.651622],[-116.260587,33.651589],[-116.260673,33.651559],[-116.260723,33.651566],[-116.260764,33.651559],[-116.260786,33.651577],[-116.260806,33.651573],[-116.26081,33.651557],[-116.26079,33.651553],[-116.260774,33.651538],[-116.2608,33.651493],[-116.260778,33.651472],[-116.260755,33.651487],[-116.260701,33.651463],[-116.260661,33.651485],[-116.260662,33.651512],[-116.260648,33.651538],[-116.260585,33.651529],[-116.260574,33.651505],[-116.260587,33.65149],[-116.260588,33.651467],[-116.26055,33.651457],[-116.260489,33.651465],[-116.260461,33.651483],[-116.260468,33.651503],[-116.260485,33.651517],[-116.260528,33.651515],[-116.260553,33.651534],[-116.260549,33.651558],[-116.260398,33.651581],[-116.260396,33.651604],[-116.260432,33.651645],[-116.260494,33.651634],[-116.26052,33.651645],[-116.260526,33.651663],[-116.260511,33.651705],[-116.260509,33.651739],[-116.260534,33.651758]]]}},{"type":"Feature","properties":{"k":"path"},"geometry":{"type":"LineString","coordinates":[[-116.258454,33.641967],[-116.258439,33.642148],[-116.258938,33.642617],[-116.259638,33.64313],[-116.260152,33.643434],[-116.260418,33.643541],[-116.26069,33.643611],[-116.260966,33.643636],[-116.261389,33.643602],[-116.26157,33.643565],[-116.261756,33.643599],[-116.262003,33.643661],[-116.262294,33.643673],[-116.262492,33.643804],[-116.262729,33.643948],[-116.262944,33.643984],[-116.263092,33.644055],[-116.263189,33.644234],[-116.263344,33.644386],[-116.263536,33.644646],[-116.263615,33.644773],[-116.263841,33.644901],[-116.263929,33.645032],[-116.263973,33.64522],[-116.264095,33.645359],[-116.264143,33.64556],[-116.264166,33.645819],[-116.264141,33.645935],[-116.264108,33.646034],[-116.264311,33.646356],[-116.264261,33.646516],[-116.264285,33.646656],[-116.264329,33.646797],[-116.264322,33.646946],[-116.264238,33.647079],[-116.264079,33.647196],[-116.264086,33.647362],[-116.263942,33.64752],[-116.263863,33.647584],[-116.263905,33.647634]]}},{"type":"Feature","properties":{"k":"path"},"geometry":{"type":"LineString","coordinates":[[-116.260966,33.643636],[-116.261169,33.643815],[-116.260923,33.64411],[-116.26063,33.644184],[-116.260672,33.644419],[-116.26063,33.644461],[-116.260297,33.644561],[-116.260129,33.644751],[-116.259874,33.64496],[-116.259725,33.645063],[-116.259629,33.645222],[-116.259383,33.645379],[-116.259305,33.645509],[-116.259242,33.645552],[-116.259053,33.645547],[-116.258972,33.645616],[-116.258817,33.645933],[-116.258894,33.64614],[-116.258859,33.646235],[-116.25864,33.646432],[-116.258586,33.646592],[-116.258675,33.646791],[-116.258544,33.647106],[-116.258535,33.647258],[-116.258424,33.647532],[-116.258409,33.647727],[-116.258367,33.647874],[-116.258322,33.647912],[-116.258265,33.647929],[-116.257774,33.647797]]}},{"type":"Feature","properties":{"k":"path"},"geometry":{"type":"LineString","coordinates":[[-116.260209,33.643457],[-116.259844,33.643763],[-116.259668,33.64406],[-116.259551,33.644147],[-116.259269,33.644264],[-116.258948,33.644516],[-116.258289,33.645245],[-116.257983,33.645509],[-116.257902,33.645617],[-116.257844,33.645773],[-116.257718,33.645953],[-116.257706,33.646111],[-116.257651,33.64642],[-116.257566,33.646627],[-116.257522,33.646712],[-116.257458,33.646947],[-116.257458,33.647165],[-116.257475,33.64735],[-116.257475,33.647466],[-116.257547,33.647556],[-116.257651,33.647628],[-116.257774,33.647797],[-116.257755,33.647875]]}},{"type":"Feature","properties":{"k":"path"},"geometry":{"type":"LineString","coordinates":[[-116.257755,33.647875],[-116.257712,33.647982]]}},{"type":"Feature","properties":{"k":"tee"},"geometry":{"type":"Polygon","coordinates":[[[-116.260458,33.652938],[-116.260485,33.652919],[-116.260494,33.652866],[-116.260463,33.65285],[-116.260429,33.652863],[-116.260414,33.652899],[-116.260419,33.652926],[-116.260458,33.652938]]]}},{"type":"Feature","properties":{"k":"tee"},"geometry":{"type":"Polygon","coordinates":[[[-116.259654,33.652667],[-116.259714,33.652701],[-116.259755,33.652701],[-116.259779,33.652678],[-116.259758,33.652636],[-116.259703,33.652618],[-116.259672,33.652621],[-116.259646,33.652638],[-116.259654,33.652667]]]}},{"type":"Feature","properties":{"k":"tee"},"geometry":{"type":"Polygon","coordinates":[[[-116.255398,33.652075],[-116.255426,33.65207],[-116.255452,33.652042],[-116.25545,33.652011],[-116.255414,33.651989],[-116.255369,33.651991],[-116.25535,33.652023],[-116.255357,33.652057],[-116.255398,33.652075]]]}},{"type":"Feature","properties":{"k":"bunker"},"geometry":{"type":"Polygon","coordinates":[[[-116.255512,33.650218],[-116.255572,33.65019],[-116.255657,33.650167],[-116.255708,33.650136],[-116.255754,33.650119],[-116.255776,33.650089],[-116.255766,33.650072],[-116.255721,33.650072],[-116.255676,33.650109],[-116.255594,33.65011],[-116.255557,33.650119],[-116.255518,33.650148],[-116.255511,33.650158],[-116.255515,33.650167],[-116.255483,33.650191],[-116.255485,33.650207],[-116.255497,33.650219],[-116.255512,33.650218]]]}},{"type":"Feature","properties":{"k":"bunker"},"geometry":{"type":"Polygon","coordinates":[[[-116.257097,33.648711],[-116.257115,33.648712],[-116.257134,33.648676],[-116.257116,33.648662],[-116.257083,33.648688],[-116.257097,33.648711]]]}},{"type":"Feature","properties":{"k":"tee"},"geometry":{"type":"Polygon","coordinates":[[[-116.258499,33.64777],[-116.258538,33.647758],[-116.258568,33.647718],[-116.258564,33.647682],[-116.258532,33.647666],[-116.258482,33.647683],[-116.258463,33.647737],[-116.258474,33.647756],[-116.258499,33.64777]]]}},{"type":"Feature","properties":{"k":"path"},"geometry":{"type":"LineString","coordinates":[[-116.255122,33.652971],[-116.255352,33.652796],[-116.25565,33.652667],[-116.2558,33.652421],[-116.256006,33.65227],[-116.25613,33.652007],[-116.25613,33.651932],[-116.256066,33.651827],[-116.256165,33.651711],[-116.256277,33.651617],[-116.256335,33.6516]]}},{"type":"Feature","properties":{"k":"path"},"geometry":{"type":"LineString","coordinates":[[-116.254915,33.652899],[-116.254992,33.652794],[-116.255297,33.652623],[-116.255325,33.652494],[-116.255356,33.6524],[-116.255275,33.652172],[-116.255265,33.652105],[-116.255272,33.652038],[-116.255342,33.651929],[-116.255235,33.651679],[-116.255261,33.651557],[-116.255223,33.651283],[-116.255248,33.651187],[-116.255352,33.651106],[-116.255384,33.651051],[-116.25538,33.650792],[-116.25535,33.650664],[-116.25531,33.650617],[-116.255313,33.650552],[-116.255446,33.650448],[-116.255472,33.650373],[-116.255422,33.650209],[-116.255475,33.650095],[-116.25558,33.650004],[-116.255717,33.649978],[-116.255846,33.649924],[-116.256198,33.649993],[-116.256326,33.650025],[-116.256474,33.649913],[-116.256609,33.649838],[-116.256748,33.649693],[-116.256784,33.649599],[-116.256762,33.649503],[-116.256733,33.649443],[-116.256736,33.649357],[-116.256886,33.649148],[-116.25716,33.648814],[-116.257201,33.648707],[-116.257204,33.648511],[-116.257247,33.648274],[-116.257277,33.648238],[-116.257481,33.648183],[-116.25765,33.648103],[-116.257688,33.648041]]}},{"type":"Feature","properties":{"k":"tee"},"geometry":{"type":"Polygon","coordinates":[[[-116.259944,33.65276],[-116.259981,33.65274],[-116.259986,33.652707],[-116.259955,33.652668],[-116.2599,33.652663],[-116.259869,33.652687],[-116.259872,33.652716],[-116.259898,33.652748],[-116.259944,33.65276]]]}},{"type":"Feature","properties":{"k":"tee"},"geometry":{"type":"Polygon","coordinates":[[[-116.260603,33.652958],[-116.260636,33.652953],[-116.260655,33.652927],[-116.260599,33.652873],[-116.260564,33.65287],[-116.26054,33.652911],[-116.260561,33.652943],[-116.260603,33.652958]]]}},{"type":"Feature","properties":{"k":"tee"},"geometry":{"type":"Polygon","coordinates":[[[-116.255409,33.651939],[-116.255437,33.651951],[-116.255458,33.651942],[-116.255475,33.651912],[-116.255465,33.651879],[-116.255423,33.65187],[-116.255398,33.651894],[-116.255409,33.651939]]]}},{"type":"Feature","properties":{"k":"tee"},"geometry":{"type":"Polygon","coordinates":[[[-116.258769,33.646819],[-116.258803,33.646814],[-116.258817,33.646785],[-116.258819,33.646754],[-116.258796,33.646744],[-116.258758,33.64677],[-116.258751,33.6468],[-116.258769,33.646819]]]}},{"type":"Feature","properties":{"k":"tee"},"geometry":{"type":"Polygon","coordinates":[[[-116.260058,33.65277],[-116.260105,33.652782],[-116.260173,33.652785],[-116.260193,33.652766],[-116.26018,33.65272],[-116.260105,33.652686],[-116.260058,33.652694],[-116.260038,33.652728],[-116.260058,33.65277]]]}},{"type":"Feature","properties":{"k":"bunker"},"geometry":{"type":"Polygon","coordinates":[[[-116.258217,33.652402],[-116.258255,33.652397],[-116.258263,33.65239],[-116.258244,33.652351],[-116.25823,33.652351],[-116.258193,33.652315],[-116.258148,33.652326],[-116.258118,33.652349],[-116.258123,33.652376],[-116.258134,33.652377],[-116.258153,33.652364],[-116.258217,33.652402]]]}},{"type":"Feature","properties":{"k":"tee"},"geometry":{"type":"Polygon","coordinates":[[[-116.254775,33.65423],[-116.254827,33.654194],[-116.254878,33.654104],[-116.254863,33.654072],[-116.25483,33.65407],[-116.25478,33.654139],[-116.254755,33.654206],[-116.254775,33.65423]]]}},{"type":"Feature","properties":{"k":"tee"},"geometry":{"type":"Polygon","coordinates":[[[-116.252891,33.655527],[-116.252926,33.655519],[-116.252958,33.655488],[-116.252965,33.655438],[-116.252946,33.655423],[-116.252914,33.655434],[-116.252874,33.655478],[-116.252871,33.65551],[-116.252891,33.655527]]]}},{"type":"Feature","properties":{"k":"tee"},"geometry":{"type":"Polygon","coordinates":[[[-116.253024,33.654611],[-116.253063,33.654601],[-116.25308,33.654577],[-116.253066,33.654551],[-116.253027,33.654545],[-116.252989,33.654566],[-116.25299,33.654594],[-116.253024,33.654611]]]}},{"type":"Feature","properties":{"k":"bunker"},"geometry":{"type":"Polygon","coordinates":[[[-116.256114,33.649745],[-116.256165,33.649749],[-116.256216,33.649743],[-116.256238,33.64973],[-116.256274,33.649674],[-116.256276,33.649645],[-116.25623,33.649589],[-116.256218,33.649529],[-116.256234,33.649477],[-116.256236,33.649417],[-116.256285,33.649332],[-116.256295,33.649292],[-116.256321,33.64924],[-116.256323,33.649201],[-116.256288,33.649194],[-116.256258,33.6492],[-116.256234,33.649214],[-116.256224,33.649233],[-116.256237,33.649278],[-116.256237,33.649319],[-116.256208,33.649388],[-116.256172,33.649515],[-116.256141,33.649533],[-116.256138,33.649544],[-116.256148,33.649592],[-116.256145,33.649625],[-116.256125,33.649648],[-116.256076,33.649671],[-116.256065,33.649696],[-116.256085,33.649729],[-116.256114,33.649745]]]}},{"type":"Feature","properties":{"k":"bunker"},"geometry":{"type":"Polygon","coordinates":[[[-116.256636,33.653337],[-116.25665,33.653345],[-116.256669,33.653318],[-116.256688,33.653313],[-116.256739,33.653323],[-116.256746,33.653295],[-116.256736,33.653277],[-116.256671,33.653292],[-116.256632,33.653266],[-116.256612,33.653264],[-116.256636,33.653337]]]}},{"type":"Feature","properties":{"k":"bunker"},"geometry":{"type":"Polygon","coordinates":[[[-116.255578,33.651618],[-116.255606,33.651622],[-116.255634,33.65161],[-116.255739,33.651441],[-116.255743,33.651384],[-116.255794,33.65131],[-116.255823,33.651221],[-116.255869,33.65119],[-116.255889,33.651114],[-116.25589,33.651057],[-116.255917,33.651039],[-116.255934,33.651066],[-116.255932,33.65113],[-116.255948,33.651146],[-116.25597,33.651155],[-116.256,33.651141],[-116.256012,33.651086],[-116.25597,33.650982],[-116.255983,33.650883],[-116.256012,33.650831],[-116.256074,33.650813],[-116.256088,33.650748],[-116.256058,33.65071],[-116.256086,33.650591],[-116.256128,33.650533],[-116.256196,33.650493],[-116.256244,33.650262],[-116.256289,33.650219],[-116.256302,33.650175],[-116.25628,33.65014],[-116.256244,33.650138],[-116.256215,33.650152],[-116.256161,33.650299],[-116.2561,33.650352],[-116.256109,33.650409],[-116.256078,33.650473],[-116.256029,33.650504],[-116.256019,33.650529],[-116.256031,33.650607],[-116.256003,33.650687],[-116.25594,33.650781],[-116.255883,33.650911],[-116.255794,33.650978],[-116.255776,33.651105],[-116.255752,33.651141],[-116.255669,33.651192],[-116.255622,33.651195],[-116.255472,33.651133],[-116.255399,33.651153],[-116.255366,33.651208],[-116.255433,33.651265],[-116.255492,33.651331],[-116.255549,33.651416],[-116.255538,33.651578],[-116.255578,33.651618]]]}},{"type":"Feature","properties":{"k":"tee"},"geometry":{"type":"Polygon","coordinates":[[[-116.258442,33.647906],[-116.258481,33.64788],[-116.258502,33.647833],[-116.258484,33.647799],[-116.258447,33.647805],[-116.258413,33.647857],[-116.258411,33.647895],[-116.258442,33.647906]]]}},{"type":"Feature","properties":{"k":"tee"},"geometry":{"type":"Polygon","coordinates":[[[-116.258615,33.647424],[-116.258642,33.647427],[-116.258677,33.6474],[-116.258715,33.647316],[-116.258708,33.647294],[-116.258677,33.647279],[-116.258634,33.647295],[-116.258602,33.647396],[-116.258615,33.647424]]]}},{"type":"Feature","properties":{"k":"tee"},"geometry":{"type":"Polygon","coordinates":[[[-116.25871,33.647251],[-116.258754,33.647237],[-116.258769,33.647203],[-116.258765,33.647169],[-116.258747,33.647146],[-116.258716,33.64714],[-116.258677,33.647159],[-116.25865,33.647194],[-116.258658,33.647221],[-116.25868,33.647244],[-116.25871,33.647251]]]}},{"type":"Feature","properties":{"k":"path"},"geometry":{"type":"LineString","coordinates":[[-116.257712,33.647982],[-116.257688,33.648041],[-116.257747,33.648138],[-116.257883,33.648197],[-116.257968,33.648202],[-116.258072,33.648266],[-116.258075,33.648342],[-116.257789,33.64855],[-116.2577,33.64867],[-116.257472,33.648876],[-116.257365,33.649094],[-116.257303,33.649193],[-116.257201,33.649432],[-116.257241,33.649503],[-116.257477,33.649666],[-116.257518,33.649749],[-116.257534,33.649912],[-116.257467,33.650164],[-116.257357,33.650374],[-116.257225,33.650535],[-116.257206,33.650802],[-116.256997,33.651055],[-116.256879,33.651104],[-116.256726,33.651345],[-116.256625,33.651437],[-116.256396,33.651546],[-116.256335,33.6516],[-116.256378,33.651653],[-116.256541,33.651671],[-116.256887,33.651642],[-116.25711,33.651662],[-116.257276,33.651589],[-116.257523,33.651573],[-116.257638,33.651535],[-116.257764,33.651535],[-116.257947,33.651685],[-116.258016,33.651921],[-116.258306,33.652178],[-116.258475,33.652214],[-116.25866,33.652158],[-116.258819,33.652178],[-116.259111,33.65214],[-116.259427,33.652089],[-116.259709,33.651999],[-116.259924,33.651981],[-116.260237,33.652073],[-116.260372,33.652093],[-116.260664,33.652001],[-116.260771,33.651995],[-116.260935,33.651899],[-116.261069,33.651803],[-116.261259,33.651731],[-116.261321,33.651626],[-116.261372,33.651428],[-116.261426,33.651376],[-116.261597,33.65135],[-116.261678,33.651361],[-116.261745,33.651412],[-116.261715,33.651609],[-116.261734,33.651818],[-116.261699,33.652035],[-116.261737,33.652205],[-116.261643,33.652406],[-116.261492,33.65258],[-116.261368,33.652812],[-116.261275,33.652918],[-116.261021,33.653026],[-116.260919,33.653032],[-116.260744,33.653003],[-116.260532,33.653003],[-116.260371,33.652961],[-116.260232,33.652713],[-116.260133,33.652651],[-116.259784,33.652606],[-116.259486,33.652499],[-116.259406,33.652354],[-116.259178,33.652278],[-116.258893,33.6523],[-116.258558,33.652302],[-116.258303,33.652289],[-116.258108,33.652264],[-116.25774,33.65228],[-116.257563,33.652331],[-116.257402,33.652396],[-116.257255,33.652474],[-116.2573,33.652785],[-116.257346,33.653012],[-116.257322,33.653133],[-116.257195,33.653222],[-116.257045,33.653251],[-116.256782,33.653358],[-116.256624,33.653396],[-116.256442,33.653361],[-116.256326,33.653385],[-116.256128,33.653381],[-116.255978,33.653416],[-116.255841,33.653421],[-116.255527,33.653383],[-116.255294,33.65334],[-116.255103,33.653337]]}},{"type":"Feature","properties":{"k":"bunker"},"geometry":{"type":"Polygon","coordinates":[[[-116.257864,33.652436],[-116.25791,33.652441],[-116.257908,33.652421],[-116.257923,33.652396],[-116.257912,33.652371],[-116.257878,33.652349],[-116.257857,33.652344],[-116.257756,33.652356],[-116.257724,33.652387],[-116.257725,33.652397],[-116.257751,33.652416],[-116.257803,33.652405],[-116.257864,33.652436]]]}},{"type":"Feature","properties":{"k":"tee"},"geometry":{"type":"Polygon","coordinates":[[[-116.254565,33.654697],[-116.254627,33.654652],[-116.254655,33.654611],[-116.25465,33.654533],[-116.254694,33.654468],[-116.254689,33.654446],[-116.254659,33.654453],[-116.25455,33.654642],[-116.254537,33.654683],[-116.254565,33.654697]]]}},{"type":"Feature","properties":{"k":"tee"},"geometry":{"type":"Polygon","coordinates":[[[-116.255326,33.651596],[-116.255365,33.651593],[-116.255403,33.651559],[-116.255408,33.651524],[-116.25539,33.6515],[-116.255341,33.651494],[-116.255312,33.65153],[-116.255308,33.65157],[-116.255326,33.651596]]]}},{"type":"Feature","properties":{"k":"bunker"},"geometry":{"type":"Polygon","coordinates":[[[-116.259858,33.645787],[-116.259847,33.645772],[-116.259858,33.645758],[-116.259848,33.645748],[-116.259833,33.645756],[-116.259729,33.64576],[-116.25967,33.645804],[-116.259613,33.645883],[-116.259484,33.646006],[-116.25946,33.646009],[-116.259213,33.646373],[-116.25908,33.646537],[-116.259042,33.646566],[-116.258997,33.646589],[-116.258956,33.646597],[-116.258919,33.646592],[-116.25883,33.646557],[-116.258796,33.646609],[-116.258771,33.646681],[-116.258819,33.64669],[-116.258846,33.646706],[-116.258862,33.646725],[-116.258864,33.646778],[-116.258883,33.646821],[-116.258953,33.646788],[-116.259166,33.646603],[-116.259332,33.646356],[-116.259518,33.646136],[-116.259858,33.645787]]]}},{"type":"Feature","properties":{"k":"path"},"geometry":{"type":"LineString","coordinates":[[-116.255103,33.653337],[-116.255091,33.653169],[-116.255122,33.652971],[-116.254915,33.652899]]}},{"type":"Feature","properties":{"k":"tee"},"geometry":{"type":"Polygon","coordinates":[[[-116.254915,33.654026],[-116.254944,33.654019],[-116.254959,33.653984],[-116.254949,33.653963],[-116.254915,33.653965],[-116.254889,33.653992],[-116.254896,33.654012],[-116.254915,33.654026]]]}},{"type":"Feature","properties":{"k":"green"},"geometry":{"type":"Polygon","coordinates":[[[-116.254571,33.653268],[-116.254705,33.65328],[-116.254788,33.653236],[-116.254802,33.653171],[-116.254749,33.653039],[-116.254716,33.653032],[-116.254694,33.653042],[-116.254642,33.653129],[-116.254545,33.653191],[-116.254535,33.653217],[-116.254546,33.653227],[-116.254546,33.653246],[-116.254571,33.653268]]]}},{"type":"Feature","properties":{"k":"path"},"geometry":{"type":"LineString","coordinates":[[-116.255103,33.653337],[-116.255022,33.65351],[-116.254995,33.653686],[-116.255048,33.653857],[-116.254949,33.654085],[-116.254887,33.654322],[-116.254752,33.654626],[-116.254708,33.654793],[-116.254759,33.655019],[-116.254744,33.655238],[-116.254671,33.655442]]}},{"type":"Feature","properties":{"k":"tee"},"geometry":{"type":"Polygon","coordinates":[[[-116.253009,33.655322],[-116.253045,33.655309],[-116.253074,33.655264],[-116.253084,33.655093],[-116.253068,33.654966],[-116.253033,33.654885],[-116.253,33.654879],[-116.252974,33.654896],[-116.252969,33.65493],[-116.252997,33.655047],[-116.253001,33.655197],[-116.252984,33.655273],[-116.252985,33.655306],[-116.253009,33.655322]]]}},{"type":"Feature","properties":{"k":"bunker"},"geometry":{"type":"Polygon","coordinates":[[[-116.253558,33.653674],[-116.253581,33.653673],[-116.253596,33.653645],[-116.253583,33.653623],[-116.253615,33.653604],[-116.253641,33.65357],[-116.253639,33.653558],[-116.253613,33.653549],[-116.253571,33.65356],[-116.253549,33.653581],[-116.253533,33.65362],[-116.253558,33.653674]]]}},{"type":"Feature","properties":{"k":"tee"},"geometry":{"type":"Polygon","coordinates":[[[-116.255472,33.652491],[-116.255507,33.652498],[-116.255546,33.652486],[-116.255561,33.652306],[-116.255532,33.652291],[-116.255502,33.65231],[-116.255462,33.652413],[-116.255458,33.652467],[-116.255472,33.652491]]]}},{"type":"Feature","properties":{"k":"tee"},"geometry":{"type":"Polygon","coordinates":[[[-116.254835,33.653765],[-116.254868,33.653768],[-116.254913,33.653719],[-116.254905,33.653675],[-116.254881,33.653664],[-116.254852,33.653677],[-116.254811,33.653726],[-116.254812,33.653751],[-116.254835,33.653765]]]}},{"type":"Feature","properties":{"k":"tee"},"geometry":{"type":"Polygon","coordinates":[[[-116.254967,33.653909],[-116.255006,33.653859],[-116.254996,33.65382],[-116.254962,33.653817],[-116.254925,33.653844],[-116.254923,33.653889],[-116.254939,33.653909],[-116.254967,33.653909]]]}},{"type":"Feature","properties":{"k":"path"},"geometry":{"type":"LineString","coordinates":[[-116.254671,33.655442],[-116.254556,33.655596],[-116.25443,33.655712],[-116.254199,33.655739],[-116.254066,33.655721],[-116.253878,33.655636],[-116.253735,33.655631],[-116.253542,33.655664],[-116.253381,33.655638],[-116.253129,33.655691],[-116.25303,33.655679],[-116.252867,33.655587],[-116.252829,33.655507],[-116.252933,33.655318],[-116.25295,33.655188],[-116.252947,33.655032],[-116.252909,33.654701],[-116.252964,33.654489],[-116.253168,33.654237],[-116.253203,33.654167],[-116.253146,33.653938],[-116.253187,33.65384],[-116.253351,33.6537],[-116.253468,33.653491],[-116.253676,33.653285],[-116.254064,33.653088],[-116.254153,33.653064],[-116.254418,33.653046],[-116.254702,33.65287],[-116.254824,33.652875],[-116.254915,33.652899]]}},{"type":"Feature","properties":{"k":"tee"},"geometry":{"type":"Polygon","coordinates":[[[-116.255447,33.652652],[-116.255466,33.652678],[-116.255511,33.652678],[-116.255543,33.652619],[-116.255534,33.652572],[-116.255504,33.652567],[-116.255464,33.652586],[-116.255447,33.652652]]]}},{"type":"Feature","properties":{"k":"bunker"},"geometry":{"type":"Polygon","coordinates":[[[-116.25536,33.65063],[-116.255393,33.650628],[-116.255419,33.650613],[-116.25543,33.65058],[-116.25545,33.650564],[-116.255438,33.650537],[-116.25542,33.650532],[-116.255375,33.650542],[-116.255351,33.650559],[-116.255336,33.650584],[-116.255337,33.650605],[-116.25536,33.65063]]]}},{"type":"Feature","properties":{"k":"tee"},"geometry":{"type":"Polygon","coordinates":[[[-116.261465,33.64439],[-116.261494,33.644385],[-116.261516,33.644349],[-116.261504,33.644287],[-116.261475,33.644221],[-116.261447,33.644208],[-116.261417,33.644209],[-116.261405,33.644242],[-116.261441,33.644293],[-116.261451,33.644361],[-116.261465,33.64439]]]}},{"type":"Feature","properties":{"k":"tee"},"geometry":{"type":"Polygon","coordinates":[[[-116.261605,33.644538],[-116.261617,33.644525],[-116.261622,33.6445],[-116.261609,33.644469],[-116.261589,33.644452],[-116.261572,33.644454],[-116.261556,33.644462],[-116.261553,33.644482],[-116.261564,33.64452],[-116.261586,33.644536],[-116.261605,33.644538]]]}},{"type":"Feature","properties":{"k":"tee"},"geometry":{"type":"Polygon","coordinates":[[[-116.261675,33.644939],[-116.261698,33.644913],[-116.261696,33.644855],[-116.261675,33.644843],[-116.261652,33.644843],[-116.261623,33.644861],[-116.261621,33.644893],[-116.26163,33.644926],[-116.261647,33.64494],[-116.261675,33.644939]]]}},{"type":"Feature","properties":{"k":"tee"},"geometry":{"type":"Polygon","coordinates":[[[-116.261698,33.645268],[-116.261726,33.645309],[-116.261743,33.645308],[-116.261769,33.645226],[-116.261736,33.645203],[-116.261711,33.645206],[-116.261694,33.645218],[-116.261684,33.645239],[-116.261698,33.645268]]]}},{"type":"Feature","properties":{"k":"tee"},"geometry":{"type":"Polygon","coordinates":[[[-116.26399,33.647405],[-116.26401,33.647391],[-116.264022,33.647356],[-116.263982,33.647225],[-116.26396,33.647224],[-116.263938,33.647237],[-116.263948,33.647374],[-116.26396,33.647395],[-116.26399,33.647405]]]}},{"type":"Feature","properties":{"k":"tee"},"geometry":{"type":"Polygon","coordinates":[[[-116.263888,33.64716],[-116.263914,33.647158],[-116.26393,33.647143],[-116.263925,33.647104],[-116.26389,33.647071],[-116.26386,33.647065],[-116.263836,33.647081],[-116.263862,33.647148],[-116.263888,33.64716]]]}},{"type":"Feature","properties":{"k":"tee"},"geometry":{"type":"Polygon","coordinates":[[[-116.263796,33.647013],[-116.263824,33.647013],[-116.263831,33.646996],[-116.263818,33.646968],[-116.263794,33.646947],[-116.263766,33.64695],[-116.263755,33.646961],[-116.26376,33.646991],[-116.263796,33.647013]]]}},{"type":"Feature","properties":{"k":"tee"},"geometry":{"type":"Polygon","coordinates":[[[-116.264187,33.646763],[-116.264211,33.646751],[-116.264219,33.64671],[-116.264202,33.646665],[-116.264172,33.646652],[-116.264145,33.646663],[-116.264134,33.646707],[-116.264152,33.646744],[-116.264187,33.646763]]]}},{"type":"Feature","properties":{"k":"tee"},"geometry":{"type":"Polygon","coordinates":[[[-116.264148,33.646352],[-116.264174,33.646359],[-116.2642,33.646347],[-116.264206,33.646317],[-116.264166,33.646235],[-116.264128,33.646185],[-116.264094,33.646176],[-116.264069,33.646195],[-116.264075,33.646223],[-116.264122,33.646322],[-116.264148,33.646352]]]}},{"type":"Feature","properties":{"k":"tee"},"geometry":{"type":"Polygon","coordinates":[[[-116.26407,33.645916],[-116.2641,33.645915],[-116.264115,33.645902],[-116.264122,33.64588],[-116.264102,33.645849],[-116.264062,33.645836],[-116.264038,33.645853],[-116.264028,33.645887],[-116.264046,33.645906],[-116.26407,33.645916]]]}},{"type":"Feature","properties":{"k":"tee"},"geometry":{"type":"Polygon","coordinates":[[[-116.26496,33.647936],[-116.264994,33.647937],[-116.265007,33.647917],[-116.265,33.647888],[-116.264952,33.647812],[-116.264904,33.64771],[-116.264878,33.647686],[-116.26485,33.647683],[-116.264832,33.647694],[-116.264832,33.64774],[-116.264927,33.647911],[-116.26496,33.647936]]]}},{"type":"Feature","properties":{"k":"tee"},"geometry":{"type":"Polygon","coordinates":[[[-116.26479,33.648385],[-116.264822,33.648372],[-116.264843,33.648349],[-116.264845,33.6483],[-116.264827,33.648269],[-116.264801,33.648257],[-116.264765,33.648271],[-116.264747,33.648297],[-116.264743,33.648342],[-116.264752,33.648372],[-116.26479,33.648385]]]}},{"type":"Feature","properties":{"k":"tee"},"geometry":{"type":"Polygon","coordinates":[[[-116.264766,33.648795],[-116.264792,33.648784],[-116.264807,33.648757],[-116.264809,33.648701],[-116.264789,33.648677],[-116.264759,33.648676],[-116.264732,33.648694],[-116.264728,33.648765],[-116.26474,33.648787],[-116.264766,33.648795]]]}},{"type":"Feature","properties":{"k":"tee"},"geometry":{"type":"Polygon","coordinates":[[[-116.264613,33.649088],[-116.264629,33.649073],[-116.264636,33.649045],[-116.264623,33.649021],[-116.264582,33.649034],[-116.264584,33.649078],[-116.264613,33.649088]]]}},{"type":"Feature","properties":{"k":"tee"},"geometry":{"type":"Polygon","coordinates":[[[-116.264917,33.653202],[-116.264952,33.653193],[-116.264972,33.653166],[-116.264971,33.653135],[-116.264939,33.653121],[-116.264894,33.653137],[-116.264878,33.653161],[-116.264895,33.653188],[-116.264917,33.653202]]]}},{"type":"Feature","properties":{"k":"tee"},"geometry":{"type":"Polygon","coordinates":[[[-116.264806,33.653256],[-116.264832,33.653252],[-116.264867,33.653223],[-116.264857,33.653196],[-116.264818,33.653182],[-116.264774,33.653212],[-116.264777,33.65324],[-116.264806,33.653256]]]}},{"type":"Feature","properties":{"k":"tee"},"geometry":{"type":"Polygon","coordinates":[[[-116.264704,33.653317],[-116.264739,33.653309],[-116.264747,33.653288],[-116.264738,33.653264],[-116.264709,33.653252],[-116.264674,33.653271],[-116.264666,33.653299],[-116.264704,33.653317]]]}},{"type":"Feature","properties":{"k":"tee"},"geometry":{"type":"Polygon","coordinates":[[[-116.264427,33.6534],[-116.264467,33.653393],[-116.264494,33.653364],[-116.264491,33.653342],[-116.264459,33.653315],[-116.264423,33.65332],[-116.264389,33.653354],[-116.264397,33.65339],[-116.264427,33.6534]]]}},{"type":"Feature","properties":{"k":"tee"},"geometry":{"type":"Polygon","coordinates":[[[-116.264228,33.653541],[-116.26425,33.653549],[-116.264287,33.653535],[-116.264321,33.653453],[-116.264314,33.653429],[-116.264282,33.653428],[-116.264232,33.653479],[-116.264228,33.653541]]]}},{"type":"Feature","properties":{"k":"tee"},"geometry":{"type":"Polygon","coordinates":[[[-116.262196,33.655649],[-116.262236,33.655639],[-116.262247,33.655621],[-116.262239,33.655582],[-116.262193,33.655557],[-116.262139,33.655557],[-116.262115,33.655582],[-116.262131,33.655616],[-116.262156,33.655637],[-116.262196,33.655649]]]}},{"type":"Feature","properties":{"k":"tee"},"geometry":{"type":"Polygon","coordinates":[[[-116.262,33.655501],[-116.262066,33.65552],[-116.26212,33.655515],[-116.262138,33.655496],[-116.262139,33.655463],[-116.262101,33.655433],[-116.26202,33.655412],[-116.26196,33.655426],[-116.26195,33.655443],[-116.261953,33.655473],[-116.262,33.655501]]]}},{"type":"Feature","properties":{"k":"tee"},"geometry":{"type":"Polygon","coordinates":[[[-116.261729,33.655316],[-116.261768,33.65532],[-116.261813,33.655301],[-116.261818,33.655273],[-116.261762,33.655243],[-116.261659,33.65523],[-116.261582,33.6552],[-116.261543,33.655202],[-116.261531,33.655217],[-116.261546,33.655245],[-116.261729,33.655316]]]}},{"type":"Feature","properties":{"k":"tee"},"geometry":{"type":"Polygon","coordinates":[[[-116.261111,33.655321],[-116.261113,33.655349],[-116.261147,33.655356],[-116.261184,33.65534],[-116.261189,33.655313],[-116.261147,33.655298],[-116.261111,33.655321]]]}},{"type":"Feature","properties":{"k":"tee"},"geometry":{"type":"Polygon","coordinates":[[[-116.261,33.655383],[-116.261011,33.655399],[-116.261039,33.6554],[-116.261064,33.655387],[-116.261053,33.65536],[-116.261014,33.655357],[-116.261,33.655383]]]}},{"type":"Feature","properties":{"k":"tee"},"geometry":{"type":"Polygon","coordinates":[[[-116.259934,33.654992],[-116.259964,33.655008],[-116.259994,33.655003],[-116.260042,33.65497],[-116.260043,33.654953],[-116.260025,33.654933],[-116.259998,33.654935],[-116.259938,33.654958],[-116.259934,33.654992]]]}},{"type":"Feature","properties":{"k":"tee"},"geometry":{"type":"Polygon","coordinates":[[[-116.25975,33.65522],[-116.259779,33.655226],[-116.259824,33.655218],[-116.259845,33.655197],[-116.259846,33.655175],[-116.259813,33.655152],[-116.259773,33.655151],[-116.259736,33.655166],[-116.259729,33.6552],[-116.25975,33.65522]]]}},{"type":"Feature","properties":{"k":"tee"},"geometry":{"type":"Polygon","coordinates":[[[-116.259537,33.655246],[-116.259574,33.655253],[-116.259634,33.655244],[-116.259671,33.655221],[-116.259674,33.655194],[-116.259635,33.655175],[-116.25957,33.655173],[-116.259538,33.655181],[-116.259515,33.655211],[-116.259537,33.655246]]]}},{"type":"Feature","properties":{"k":"tee"},"geometry":{"type":"Polygon","coordinates":[[[-116.259186,33.65534],[-116.259231,33.655341],[-116.259299,33.655314],[-116.259342,33.655308],[-116.25936,33.655282],[-116.259346,33.655253],[-116.259288,33.655245],[-116.259192,33.655274],[-116.259168,33.65531],[-116.259186,33.65534]]]}},{"type":"Feature","properties":{"k":"tee"},"geometry":{"type":"Polygon","coordinates":[[[-116.256431,33.654814],[-116.256582,33.654801],[-116.256611,33.654787],[-116.256619,33.654758],[-116.25661,33.654732],[-116.256563,33.654721],[-116.256399,33.65474],[-116.256378,33.654765],[-116.256393,33.654797],[-116.256431,33.654814]]]}},{"type":"Feature","properties":{"k":"tee"},"geometry":{"type":"Polygon","coordinates":[[[-116.256694,33.654699],[-116.256738,33.654681],[-116.256747,33.654656],[-116.256724,33.654631],[-116.256665,33.654614],[-116.256618,33.654626],[-116.256606,33.654652],[-116.256617,33.654682],[-116.256694,33.654699]]]}},{"type":"Feature","properties":{"k":"tee"},"geometry":{"type":"Polygon","coordinates":[[[-116.256966,33.654626],[-116.257018,33.654618],[-116.257043,33.654598],[-116.257055,33.65457],[-116.25703,33.654542],[-116.256978,33.654533],[-116.256933,33.654547],[-116.256915,33.654573],[-116.256917,33.654604],[-116.256966,33.654626]]]}},{"type":"Feature","properties":{"k":"tee"},"geometry":{"type":"Polygon","coordinates":[[[-116.257334,33.654481],[-116.257373,33.654475],[-116.257403,33.654451],[-116.257402,33.654424],[-116.25737,33.654405],[-116.25731,33.654409],[-116.257277,33.65442],[-116.257277,33.654443],[-116.257292,33.654471],[-116.257334,33.654481]]]}},{"type":"Feature","properties":{"k":"tee"},"geometry":{"type":"Polygon","coordinates":[[[-116.261436,33.654828],[-116.261473,33.654829],[-116.261511,33.654814],[-116.261531,33.654791],[-116.261526,33.654769],[-116.261492,33.654756],[-116.261438,33.654761],[-116.261407,33.654787],[-116.26141,33.65481],[-116.261436,33.654828]]]}},{"type":"Feature","properties":{"k":"tee"},"geometry":{"type":"Polygon","coordinates":[[[-116.261713,33.654679],[-116.261781,33.654634],[-116.261821,33.654588],[-116.261826,33.654566],[-116.26181,33.654545],[-116.261773,33.654549],[-116.261695,33.65461],[-116.261672,33.654647],[-116.261681,33.654677],[-116.261713,33.654679]]]}},{"type":"Feature","properties":{"k":"tee"},"geometry":{"type":"Polygon","coordinates":[[[-116.262025,33.654483],[-116.262068,33.654461],[-116.262135,33.654383],[-116.262132,33.654357],[-116.262106,33.654337],[-116.262069,33.654342],[-116.26202,33.654395],[-116.261991,33.654445],[-116.261996,33.654476],[-116.262025,33.654483]]]}},{"type":"Feature","properties":{"k":"tee"},"geometry":{"type":"Polygon","coordinates":[[[-116.262327,33.654206],[-116.262362,33.65419],[-116.262394,33.654127],[-116.262453,33.654068],[-116.262468,33.654025],[-116.262455,33.654006],[-116.262422,33.654008],[-116.262365,33.654042],[-116.262328,33.654111],[-116.262291,33.654146],[-116.262281,33.654171],[-116.262291,33.6542],[-116.262327,33.654206]]]}},{"type":"Feature","properties":{"k":"tee"},"geometry":{"type":"Polygon","coordinates":[[[-116.262588,33.653905],[-116.262612,33.653903],[-116.26268,33.653818],[-116.262684,33.653783],[-116.262671,33.653763],[-116.262642,33.653759],[-116.262606,33.653772],[-116.262561,33.653836],[-116.262564,33.653899],[-116.262588,33.653905]]]}},{"type":"Feature","properties":{"k":"path"},"geometry":{"type":"LineString","coordinates":[[-116.263905,33.647634],[-116.264048,33.647846]]}},{"type":"Feature","properties":{"k":"path"},"geometry":{"type":"LineString","coordinates":[[-116.25906,33.65469],[-116.259141,33.65471],[-116.259286,33.654795],[-116.259532,33.654764],[-116.259709,33.65478],[-116.259875,33.654755],[-116.259982,33.654777],[-116.260124,33.654764],[-116.260211,33.654778],[-116.260253,33.654831]]}},{"type":"Feature","properties":{"k":"path"},"geometry":{"type":"LineString","coordinates":[[-116.260253,33.654831],[-116.260287,33.654929],[-116.260356,33.655014],[-116.260417,33.655074]]}},{"type":"Feature","properties":{"k":"path"},"geometry":{"type":"LineString","coordinates":[[-116.260253,33.654831],[-116.260439,33.654777],[-116.260821,33.654746],[-116.261049,33.654738],[-116.261182,33.654643],[-116.261483,33.654457],[-116.261534,33.654462],[-116.26159,33.654504],[-116.261574,33.654645],[-116.261609,33.654732],[-116.261676,33.654761],[-116.261861,33.654743],[-116.262011,33.654701],[-116.262113,33.654638],[-116.262188,33.654462],[-116.262352,33.654334],[-116.262443,33.654171],[-116.262596,33.65406],[-116.262722,33.653924],[-116.262939,33.653727],[-116.263385,33.653368],[-116.263484,33.653267],[-116.26357,33.653104],[-116.263677,33.652928],[-116.263733,33.652885],[-116.263779,33.652716],[-116.263899,33.652501],[-116.263961,33.652365],[-116.263959,33.652251],[-116.264068,33.652074],[-116.263972,33.651925],[-116.263987,33.65178],[-116.264065,33.651594],[-116.264067,33.651489],[-116.264014,33.651356],[-116.263896,33.651143],[-116.263869,33.65105],[-116.263891,33.650911],[-116.263979,33.650793],[-116.264041,33.650634],[-116.264054,33.650529],[-116.264011,33.6504],[-116.263907,33.650297],[-116.263805,33.650181],[-116.263609,33.650092],[-116.26351,33.65002],[-116.263526,33.64996],[-116.263574,33.649893]]}},{"type":"Feature","properties":{"k":"path"},"geometry":{"type":"LineString","coordinates":[[-116.26351,33.65002],[-116.263357,33.649971],[-116.263322,33.649913],[-116.263375,33.649877],[-116.263574,33.649893]]}},{"type":"Feature","properties":{"k":"path"},"geometry":{"type":"LineString","coordinates":[[-116.263574,33.649893],[-116.263802,33.649768],[-116.263949,33.649639],[-116.264033,33.649437],[-116.264135,33.649268],[-116.264151,33.649127],[-116.264161,33.648812],[-116.26411,33.648748],[-116.263982,33.648663],[-116.263815,33.648473],[-116.263802,33.648401],[-116.263893,33.64829],[-116.264011,33.648165],[-116.264105,33.648031],[-116.264157,33.647928]]}},{"type":"Feature","properties":{"k":"path"},"geometry":{"type":"LineString","coordinates":[[-116.263815,33.648473],[-116.2637,33.648544],[-116.263657,33.648596]]}},{"type":"Feature","properties":{"k":"path"},"geometry":{"type":"LineString","coordinates":[[-116.261169,33.643815],[-116.261217,33.643915],[-116.261347,33.644269],[-116.261429,33.644453],[-116.261582,33.644619],[-116.261691,33.644753],[-116.261796,33.644805],[-116.261835,33.644903],[-116.261777,33.645043],[-116.261657,33.645163],[-116.261635,33.645283],[-116.261713,33.645647],[-116.26176,33.645814],[-116.261816,33.645969],[-116.26201,33.646073],[-116.262084,33.646152],[-116.262162,33.646392],[-116.262218,33.646465],[-116.262368,33.646581],[-116.262444,33.646683],[-116.262527,33.646829],[-116.262664,33.646916],[-116.262727,33.647011],[-116.262779,33.647109],[-116.262951,33.647245],[-116.263075,33.647333],[-116.263279,33.647377],[-116.26337,33.64742],[-116.26346,33.647535],[-116.263593,33.64757],[-116.263863,33.647584]]}},{"type":"Feature","properties":{"k":"bunker"},"geometry":{"type":"Polygon","coordinates":[[[-116.258797,33.651564],[-116.258837,33.651572],[-116.258863,33.651539],[-116.258881,33.651533],[-116.258902,33.651537],[-116.25894,33.651571],[-116.25893,33.651593],[-116.258893,33.65161],[-116.258871,33.65164],[-116.258776,33.651685],[-116.258692,33.651712],[-116.258657,33.651715],[-116.258638,33.651709],[-116.258593,33.651722],[-116.258538,33.651719],[-116.258499,33.651706],[-116.258443,33.651668],[-116.258414,33.651658],[-116.258371,33.651661],[-116.258327,33.651696],[-116.258303,33.651697],[-116.258306,33.651655],[-116.258348,33.651626],[-116.258435,33.651595],[-116.25847,33.651604],[-116.258489,33.651647],[-116.258505,33.651663],[-116.258532,33.651661],[-116.258577,33.651622],[-116.258615,33.651625],[-116.25865,33.651659],[-116.25867,33.651665],[-116.258766,33.651626],[-116.258764,33.651595],[-116.258749,33.65159],[-116.258739,33.651575],[-116.258797,33.651564]]]}},{"type":"Feature","properties":{"k":"green"},"geometry":{"type":"Polygon","coordinates":[[[-116.26095,33.65171],[-116.260981,33.651669],[-116.260994,33.651643],[-116.260995,33.651613],[-116.260973,33.651596],[-116.260933,33.651581],[-116.260843,33.651609],[-116.260763,33.651679],[-116.260683,33.651728],[-116.260627,33.651792],[-116.260624,33.651821],[-116.260654,33.651855],[-116.260694,33.651866],[-116.260719,33.651864],[-116.260767,33.651848],[-116.260835,33.651803],[-116.26095,33.65171]]]}},{"type":"Feature","properties":{"k":"fairway"},"geometry":{"type":"Polygon","coordinates":[[[-116.257411,33.65292],[-116.257468,33.652852],[-116.257612,33.652808],[-116.257879,33.652776],[-116.25809,33.652778],[-116.258829,33.652692],[-116.2592,33.652617],[-116.259249,33.6526],[-116.259287,33.652554],[-116.2593,33.652511],[-116.25926,33.652433],[-116.259216,33.652386],[-116.25912,33.65238],[-116.259051,33.652382],[-116.258943,33.652399],[-116.258875,33.652422],[-116.258755,33.652437],[-116.258682,33.652454],[-116.258635,33.652425],[-116.258523,33.65239],[-116.258414,33.652414],[-116.258222,33.652427],[-116.257952,33.652432],[-116.257872,33.652466],[-116.257766,33.652457],[-116.25762,33.652476],[-116.257533,33.65248],[-116.257286,33.652571],[-116.257355,33.652963],[-116.257411,33.65292]]]}},{"type":"Feature","properties":{"k":"bunker"},"geometry":{"type":"Polygon","coordinates":[[[-116.256547,33.653301],[-116.256535,33.653315],[-116.256489,33.653325],[-116.256461,33.653315],[-116.256445,33.653286],[-116.256507,33.653281],[-116.25654,33.653263],[-116.256551,33.653267],[-116.256563,33.653294],[-116.256547,33.653301]]]}},{"type":"Feature","properties":{"k":"green"},"geometry":{"type":"Polygon","coordinates":[[[-116.255618,33.653091],[-116.255493,33.653036],[-116.255464,33.653011],[-116.25542,33.652987],[-116.255368,33.652989],[-116.255354,33.652999],[-116.255333,33.653055],[-116.255334,33.653089],[-116.255375,33.653157],[-116.255462,33.653203],[-116.255552,33.653203],[-116.255618,33.653175],[-116.255648,33.653149],[-116.255634,33.653101],[-116.255618,33.653091]]]}},{"type":"Feature","properties":{"k":"green"},"geometry":{"type":"Polygon","coordinates":[[[-116.253804,33.655332],[-116.253839,33.655284],[-116.253844,33.655211],[-116.253792,33.655189],[-116.253692,33.655201],[-116.253506,33.655196],[-116.253464,33.655259],[-116.253408,33.655402],[-116.253435,33.65545],[-116.253515,33.655459],[-116.253608,33.655441],[-116.253746,33.65538],[-116.253804,33.655332]]]}},{"type":"Feature","properties":{"k":"fairway"},"geometry":{"type":"Polygon","coordinates":[[[-116.25433,33.653425],[-116.254293,33.653382],[-116.254198,33.653387],[-116.254137,33.653335],[-116.254124,33.653312],[-116.254152,33.653229],[-116.254144,33.653205],[-116.254124,33.653184],[-116.254098,33.653186],[-116.254077,33.653204],[-116.254024,33.653312],[-116.25388,33.653286],[-116.25378,33.653391],[-116.253743,33.653419],[-116.253679,33.653443],[-116.25368,33.653466],[-116.253728,33.65348],[-116.253752,33.653499],[-116.253756,33.653518],[-116.253704,33.653578],[-116.253701,33.653609],[-116.253662,33.653631],[-116.25363,33.653636],[-116.253587,33.653703],[-116.253547,33.653699],[-116.253517,33.653685],[-116.253493,33.653682],[-116.253473,33.65369],[-116.253477,33.653727],[-116.253497,33.653743],[-116.253506,33.653791],[-116.25347,33.653826],[-116.253413,33.653861],[-116.253387,33.653925],[-116.253261,33.654048],[-116.253267,33.654117],[-116.253317,33.654148],[-116.253357,33.654157],[-116.253442,33.654138],[-116.253771,33.654018],[-116.253879,33.653954],[-116.25403,33.653788],[-116.254249,33.653605],[-116.25433,33.653425]]]}},{"type":"Feature","properties":{"k":"bunker"},"geometry":{"type":"Polygon","coordinates":[[[-116.254258,33.653374],[-116.254325,33.653373],[-116.254348,33.653334],[-116.254307,33.653298],[-116.254297,33.653252],[-116.254261,33.653237],[-116.254255,33.653228],[-116.254279,33.653185],[-116.254269,33.653154],[-116.254253,33.653149],[-116.254218,33.653155],[-116.254184,33.653197],[-116.254215,33.653243],[-116.25421,33.653275],[-116.254177,33.653287],[-116.25416,33.653347],[-116.254198,33.653369],[-116.254258,33.653374]]]}},{"type":"Feature","properties":{"k":"bunker"},"geometry":{"type":"Polygon","coordinates":[[[-116.254531,33.653126],[-116.254548,33.653104],[-116.254537,33.65309],[-116.254524,33.653088],[-116.254499,33.653107],[-116.2545,33.653114],[-116.254508,33.653122],[-116.254531,33.653126]]]}},{"type":"Feature","properties":{"k":"bunker"},"geometry":{"type":"Polygon","coordinates":[[[-116.254875,33.653042],[-116.254871,33.653016],[-116.254852,33.653005],[-116.254825,33.653008],[-116.254826,33.653051],[-116.254853,33.653052],[-116.254875,33.653042]]]}},{"type":"Feature","properties":{"k":"bunker"},"geometry":{"type":"Polygon","coordinates":[[[-116.254878,33.653184],[-116.254868,33.653149],[-116.254876,33.653099],[-116.254865,33.65308],[-116.254836,33.653075],[-116.25481,33.653087],[-116.254835,33.653206],[-116.254868,33.653219],[-116.254885,33.653215],[-116.254888,33.653197],[-116.254878,33.653184]]]}},{"type":"Feature","properties":{"k":"bunker"},"geometry":{"type":"Polygon","coordinates":[[[-116.254927,33.653178],[-116.25494,33.653154],[-116.254929,33.65314],[-116.254914,33.65314],[-116.254911,33.653163],[-116.254927,33.653178]]]}},{"type":"Feature","properties":{"k":"bunker"},"geometry":{"type":"Polygon","coordinates":[[[-116.254802,33.653371],[-116.254799,33.653323],[-116.25479,33.653308],[-116.254766,33.653304],[-116.254726,33.653326],[-116.254719,33.653341],[-116.25475,33.653389],[-116.25477,33.653396],[-116.254795,33.653387],[-116.254802,33.653371]]]}},{"type":"Feature","properties":{"k":"green"},"geometry":{"type":"Polygon","coordinates":[[[-116.257797,33.647399],[-116.257823,33.647383],[-116.257838,33.647363],[-116.257854,33.647338],[-116.25786,33.647306],[-116.257857,33.647271],[-116.257841,33.647236],[-116.257813,33.647217],[-116.257772,33.647226],[-116.257692,33.647276],[-116.257609,33.647339],[-116.257592,33.64737],[-116.25761,33.64742],[-116.257662,33.647446],[-116.257701,33.647444],[-116.257741,33.64743],[-116.257797,33.647399]]]}},{"type":"Feature","properties":{"k":"fairway"},"geometry":{"type":"Polygon","coordinates":[[[-116.255702,33.651119],[-116.255745,33.651045],[-116.255764,33.650967],[-116.255854,33.650863],[-116.255875,33.650741],[-116.255982,33.650568],[-116.255996,33.650521],[-116.256032,33.650455],[-116.25605,33.650364],[-116.256068,33.650325],[-116.256078,33.650304],[-116.256126,33.650256],[-116.256188,33.650068],[-116.256193,33.650016],[-116.255893,33.649946],[-116.255852,33.649946],[-116.255848,33.649971],[-116.25587,33.650069],[-116.255847,33.650098],[-116.255751,33.650158],[-116.255728,33.650194],[-116.255681,33.650237],[-116.255625,33.650271],[-116.255586,33.650244],[-116.255554,33.650234],[-116.255507,33.650248],[-116.255497,33.650283],[-116.255505,33.650303],[-116.25555,33.650362],[-116.255555,33.650388],[-116.255537,33.650457],[-116.2555,33.65052],[-116.255489,33.650613],[-116.25545,33.650645],[-116.255361,33.650668],[-116.255398,33.650755],[-116.2554,33.650809],[-116.2554,33.651005],[-116.255394,33.651046],[-116.255377,33.651095],[-116.255365,33.651107],[-116.255452,33.651109],[-116.255583,33.651155],[-116.255627,33.65116],[-116.25566,33.651148],[-116.255702,33.651119]]]}},{"type":"Feature","properties":{"k":"green"},"geometry":{"type":"Polygon","coordinates":[[[-116.257008,33.648415],[-116.25704,33.648376],[-116.257043,33.648345],[-116.257029,33.64826],[-116.256985,33.648177],[-116.256952,33.648143],[-116.256917,33.648127],[-116.256871,33.648141],[-116.256827,33.648211],[-116.256832,33.64828],[-116.256915,33.64842],[-116.256977,33.648427],[-116.257008,33.648415]]]}},{"type":"Feature","properties":{"k":"bunker"},"geometry":{"type":"Polygon","coordinates":[[[-116.256809,33.648564],[-116.256886,33.648461],[-116.256874,33.64843],[-116.256825,33.64837],[-116.256801,33.648322],[-116.256804,33.648305],[-116.25679,33.648285],[-116.25676,33.64828],[-116.256731,33.648294],[-116.256684,33.648357],[-116.25661,33.648378],[-116.256562,33.648404],[-116.256576,33.648468],[-116.256594,33.648482],[-116.256671,33.648436],[-116.256753,33.648444],[-116.256778,33.648477],[-116.25676,33.648517],[-116.256762,33.648547],[-116.256788,33.648562],[-116.256809,33.648564]]]}},{"type":"Feature","properties":{"k":"bunker"},"geometry":{"type":"Polygon","coordinates":[[[-116.256706,33.648528],[-116.256723,33.648516],[-116.256736,33.648472],[-116.256714,33.648454],[-116.256696,33.648454],[-116.256649,33.648471],[-116.256623,33.6485],[-116.256632,33.648572],[-116.25664,33.648576],[-116.256666,33.648571],[-116.256706,33.648528]]]}},{"type":"Feature","properties":{"k":"green"},"geometry":{"type":"Polygon","coordinates":[[[-116.260643,33.644709],[-116.260705,33.644694],[-116.2608,33.644698],[-116.260865,33.644768],[-116.260873,33.644789],[-116.260868,33.644818],[-116.260852,33.644841],[-116.260811,33.644861],[-116.260752,33.644862],[-116.260553,33.644835],[-116.260527,33.644822],[-116.260509,33.644802],[-116.260515,33.644776],[-116.260556,33.644741],[-116.260643,33.644709]]]}},{"type":"Feature","properties":{"k":"bunker"},"geometry":{"type":"Polygon","coordinates":[[[-116.260518,33.644725],[-116.260539,33.644709],[-116.260542,33.644695],[-116.260537,33.644686],[-116.260517,33.644679],[-116.260493,33.644689],[-116.260484,33.644704],[-116.260501,33.644722],[-116.260518,33.644725]]]}},{"type":"Feature","properties":{"k":"bunker"},"geometry":{"type":"Polygon","coordinates":[[[-116.260937,33.644641],[-116.260954,33.64463],[-116.260955,33.644607],[-116.260938,33.644585],[-116.260899,33.644561],[-116.260877,33.644554],[-116.260848,33.644556],[-116.260816,33.644578],[-116.260805,33.644577],[-116.260797,33.64459],[-116.260817,33.644609],[-116.260832,33.644612],[-116.260844,33.644598],[-116.260867,33.644595],[-116.260915,33.644636],[-116.260937,33.644641]]]}},{"type":"Feature","properties":{"k":"bunker"},"geometry":{"type":"Polygon","coordinates":[[[-116.260695,33.644605],[-116.260709,33.644624],[-116.260749,33.644644],[-116.260782,33.64464],[-116.260818,33.644619],[-116.260844,33.644619],[-116.260866,33.644633],[-116.260879,33.644654],[-116.260926,33.644676],[-116.260918,33.644712],[-116.260895,33.644722],[-116.260858,33.644711],[-116.260813,33.64467],[-116.260759,33.644665],[-116.260721,33.644651],[-116.260673,33.644649],[-116.260652,33.644641],[-116.260646,33.64463],[-116.260654,33.644612],[-116.26067,33.644602],[-116.260695,33.644605]]]}},{"type":"Feature","properties":{"k":"bunker"},"geometry":{"type":"Polygon","coordinates":[[[-116.260615,33.644975],[-116.260702,33.644947],[-116.260727,33.644926],[-116.260723,33.644909],[-116.2607,33.64489],[-116.260642,33.644882],[-116.260594,33.6449],[-116.260553,33.644941],[-116.260531,33.64495],[-116.260497,33.644949],[-116.260468,33.644935],[-116.260416,33.644929],[-116.26038,33.644935],[-116.260359,33.644972],[-116.260339,33.644977],[-116.260347,33.644993],[-116.260373,33.644989],[-116.260394,33.645001],[-116.260539,33.644996],[-116.260615,33.644975]]]}},{"type":"Feature","properties":{"k":"bunker"},"geometry":{"type":"Polygon","coordinates":[[[-116.260894,33.64501],[-116.260847,33.644947],[-116.260814,33.644931],[-116.260775,33.644931],[-116.26078,33.644912],[-116.260805,33.644891],[-116.260872,33.644876],[-116.260894,33.644846],[-116.260913,33.64484],[-116.260945,33.644853],[-116.260931,33.644917],[-116.260944,33.644948],[-116.260932,33.64499],[-116.260918,33.645007],[-116.260894,33.64501]]]}},{"type":"Feature","properties":{"k":"green"},"geometry":{"type":"Polygon","coordinates":[[[-116.263576,33.647267],[-116.263587,33.647247],[-116.263589,33.64721],[-116.263568,33.647176],[-116.263536,33.647145],[-116.263469,33.647113],[-116.263384,33.64711],[-116.26333,33.647125],[-116.263326,33.647161],[-116.263362,33.647225],[-116.263452,33.647273],[-116.263507,33.647279],[-116.263576,33.647267]]]}},{"type":"Feature","properties":{"k":"bunker"},"geometry":{"type":"Polygon","coordinates":[[[-116.263261,33.647045],[-116.263049,33.646895],[-116.263021,33.64692],[-116.263024,33.646939],[-116.263012,33.646952],[-116.263017,33.646958],[-116.263042,33.646965],[-116.263089,33.647008],[-116.263179,33.647058],[-116.263197,33.647075],[-116.263252,33.647077],[-116.263262,33.647066],[-116.263261,33.647045]]]}},{"type":"Feature","properties":{"k":"bunker"},"geometry":{"type":"Polygon","coordinates":[[[-116.263612,33.647093],[-116.263611,33.647062],[-116.263591,33.647054],[-116.26358,33.647061],[-116.263569,33.647098],[-116.263535,33.647105],[-116.263503,33.647081],[-116.263484,33.64705],[-116.263596,33.647006],[-116.263617,33.647016],[-116.263671,33.647067],[-116.263678,33.647083],[-116.263668,33.647117],[-116.263639,33.647116],[-116.263612,33.647093]]]}},{"type":"Feature","properties":{"k":"bunker"},"geometry":{"type":"Polygon","coordinates":[[[-116.262444,33.646412],[-116.262498,33.646359],[-116.262464,33.646331],[-116.262423,33.646312],[-116.262399,33.646308],[-116.262364,33.646314],[-116.26235,33.64634],[-116.262412,33.646395],[-116.262444,33.646412]]]}},{"type":"Feature","properties":{"k":"bunker"},"geometry":{"type":"Polygon","coordinates":[[[-116.262292,33.646274],[-116.262333,33.646283],[-116.26234,33.646254],[-116.26232,33.64624],[-116.262302,33.646243],[-116.262272,33.64622],[-116.262282,33.646149],[-116.26226,33.646134],[-116.262218,33.646126],[-116.262127,33.64609],[-116.262126,33.64613],[-116.262145,33.646162],[-116.262194,33.646197],[-116.262196,33.64622],[-116.262229,33.646237],[-116.262256,33.646279],[-116.262292,33.646274]]]}},{"type":"Feature","properties":{"k":"bunker"},"geometry":{"type":"Polygon","coordinates":[[[-116.262488,33.645841],[-116.262535,33.645834],[-116.262544,33.645811],[-116.262533,33.645797],[-116.262473,33.645758],[-116.26245,33.645747],[-116.262426,33.645745],[-116.262414,33.645764],[-116.262422,33.645792],[-116.262441,33.645818],[-116.262488,33.645841]]]}},{"type":"Feature","properties":{"k":"bunker"},"geometry":{"type":"Polygon","coordinates":[[[-116.261904,33.645859],[-116.261879,33.645818],[-116.261854,33.645805],[-116.261852,33.645844],[-116.261888,33.645881],[-116.261973,33.645908],[-116.261992,33.6459],[-116.261987,33.645874],[-116.261904,33.645859]]]}},{"type":"Feature","properties":{"k":"green"},"geometry":{"type":"Polygon","coordinates":[[[-116.264719,33.652844],[-116.26471,33.652795],[-116.264679,33.652718],[-116.264679,33.65267],[-116.26466,33.652577],[-116.26462,33.652531],[-116.2645,33.652506],[-116.26447,33.652527],[-116.264477,33.652575],[-116.264544,33.652725],[-116.264609,33.652817],[-116.264635,33.65284],[-116.26469,33.652853],[-116.264719,33.652844]]]}},{"type":"Feature","properties":{"k":"bunker"},"geometry":{"type":"Polygon","coordinates":[[[-116.264589,33.652939],[-116.264597,33.652904],[-116.264584,33.652889],[-116.264549,33.652877],[-116.264514,33.652844],[-116.2645,33.65284],[-116.264395,33.65285],[-116.264379,33.652854],[-116.264363,33.652869],[-116.264362,33.652918],[-116.264384,33.652934],[-116.264399,33.652936],[-116.264426,33.652918],[-116.264448,33.65289],[-116.264548,33.652949],[-116.264567,33.652951],[-116.264589,33.652939]]]}},{"type":"Feature","properties":{"k":"bunker"},"geometry":{"type":"Polygon","coordinates":[[[-116.26439,33.652777],[-116.2644,33.652783],[-116.264439,33.652779],[-116.264436,33.652758],[-116.264423,33.652747],[-116.264373,33.652743],[-116.264366,33.652705],[-116.264328,33.652697],[-116.264318,33.652704],[-116.264317,33.652718],[-116.264334,33.652759],[-116.26439,33.652777]]]}},{"type":"Feature","properties":{"k":"bunker"},"geometry":{"type":"Polygon","coordinates":[[[-116.264331,33.65263],[-116.264359,33.652634],[-116.264366,33.652622],[-116.264362,33.652585],[-116.264347,33.652561],[-116.264319,33.652575],[-116.264322,33.652622],[-116.264331,33.65263]]]}},{"type":"Feature","properties":{"k":"bunker"},"geometry":{"type":"Polygon","coordinates":[[[-116.264995,33.649807],[-116.26502,33.649792],[-116.264997,33.649725],[-116.264983,33.649709],[-116.264968,33.649719],[-116.264962,33.649747],[-116.26497,33.649791],[-116.264995,33.649807]]]}},{"type":"Feature","properties":{"k":"bunker"},"geometry":{"type":"Polygon","coordinates":[[[-116.264932,33.64989],[-116.26492,33.649831],[-116.264895,33.649784],[-116.264893,33.649741],[-116.264869,33.649723],[-116.264852,33.649732],[-116.264845,33.649745],[-116.264799,33.649753],[-116.264793,33.64978],[-116.264816,33.649801],[-116.264832,33.649803],[-116.26488,33.649852],[-116.264889,33.649905],[-116.264901,33.64991],[-116.264916,33.649905],[-116.264932,33.64989]]]}},{"type":"Feature","properties":{"k":"bunker"},"geometry":{"type":"Polygon","coordinates":[[[-116.265213,33.649652],[-116.265247,33.649603],[-116.265269,33.649596],[-116.265298,33.649602],[-116.265321,33.649591],[-116.265325,33.649576],[-116.265307,33.649558],[-116.26526,33.649563],[-116.26525,33.649539],[-116.265252,33.649483],[-116.265218,33.649448],[-116.265198,33.64944],[-116.265182,33.649456],[-116.265175,33.649488],[-116.265199,33.649575],[-116.265189,33.649596],[-116.265161,33.649615],[-116.265154,33.649633],[-116.265163,33.649654],[-116.265213,33.649652]]]}},{"type":"Feature","properties":{"k":"bunker"},"geometry":{"type":"Polygon","coordinates":[[[-116.26513,33.649597],[-116.265159,33.649581],[-116.265161,33.649569],[-116.265135,33.649545],[-116.265104,33.649552],[-116.265112,33.649579],[-116.26513,33.649597]]]}},{"type":"Feature","properties":{"k":"bunker"},"geometry":{"type":"Polygon","coordinates":[[[-116.265138,33.649463],[-116.26516,33.649446],[-116.265157,33.649436],[-116.265121,33.649448],[-116.265119,33.649455],[-116.265138,33.649463]]]}},{"type":"Feature","properties":{"k":"bunker"},"geometry":{"type":"Polygon","coordinates":[[[-116.264848,33.64931],[-116.264877,33.649211],[-116.264892,33.649193],[-116.264908,33.64919],[-116.26495,33.64921],[-116.264976,33.649201],[-116.264987,33.649166],[-116.264972,33.649147],[-116.26493,33.649156],[-116.264904,33.649127],[-116.264885,33.649121],[-116.264854,33.649164],[-116.264797,33.649183],[-116.26482,33.649271],[-116.264815,33.649307],[-116.26483,33.649321],[-116.264842,33.64932],[-116.264848,33.64931]]]}},{"type":"Feature","properties":{"k":"bunker"},"geometry":{"type":"Polygon","coordinates":[[[-116.264986,33.64869],[-116.265021,33.648467],[-116.265014,33.648399],[-116.265026,33.648253],[-116.265019,33.648195],[-116.264974,33.648114],[-116.264951,33.648017],[-116.264925,33.647973],[-116.264908,33.647966],[-116.264885,33.64797],[-116.26486,33.647988],[-116.264854,33.648041],[-116.264891,33.648109],[-116.264942,33.64817],[-116.264958,33.648209],[-116.264964,33.648339],[-116.264983,33.648421],[-116.264983,33.648488],[-116.264973,33.648521],[-116.264923,33.64855],[-116.264867,33.648537],[-116.264821,33.648463],[-116.264809,33.648456],[-116.264786,33.648461],[-116.264778,33.648491],[-116.264785,33.648524],[-116.264818,33.648564],[-116.264931,33.648633],[-116.264948,33.648702],[-116.264967,33.648703],[-116.264986,33.64869]]]}},{"type":"Feature","properties":{"k":"rough"},"geometry":{"type":"Polygon","coordinates":[[[-116.263826,33.654093],[-116.263891,33.654058],[-116.263958,33.653987],[-116.264083,33.653878],[-116.26413,33.653875],[-116.264223,33.65377],[-116.264231,33.653711],[-116.2642,33.653699],[-116.26414,33.653731],[-116.264068,33.653783],[-116.264014,33.653843],[-116.263946,33.653884],[-116.263841,33.65393],[-116.263775,33.654005],[-116.263752,33.654053],[-116.263787,33.65409],[-116.263826,33.654093]]]}},{"type":"Feature","properties":{"k":"bunker"},"geometry":{"type":"Polygon","coordinates":[[[-116.26333,33.654813],[-116.263208,33.654746],[-116.263199,33.654714],[-116.263209,33.654683],[-116.26324,33.654688],[-116.263312,33.654739],[-116.263331,33.654738],[-116.263416,33.654617],[-116.263458,33.654587],[-116.263506,33.654507],[-116.263614,33.654433],[-116.263657,33.654384],[-116.263669,33.654363],[-116.263667,33.654337],[-116.263746,33.654218],[-116.263747,33.654185],[-116.263711,33.654127],[-116.263704,33.654088],[-116.263766,33.653929],[-116.263767,33.65387],[-116.263813,33.653833],[-116.263859,33.653834],[-116.263917,33.653848],[-116.263964,33.653829],[-116.264117,33.653695],[-116.264249,33.65363],[-116.26434,33.653601],[-116.264444,33.653498],[-116.264594,33.653389],[-116.264649,33.653375],[-116.264673,33.653386],[-116.264663,33.65341],[-116.26458,33.653433],[-116.264552,33.653454],[-116.264503,33.653522],[-116.264449,33.653566],[-116.264429,33.653628],[-116.2644,33.653651],[-116.264377,33.65366],[-116.264307,33.653653],[-116.264295,33.653664],[-116.264285,33.653697],[-116.264295,33.653733],[-116.264289,33.653774],[-116.264173,33.65393],[-116.264158,33.653947],[-116.264118,33.653962],[-116.264034,33.654051],[-116.263939,33.654092],[-116.263889,33.654124],[-116.26386,33.654154],[-116.263862,33.654214],[-116.263891,33.654253],[-116.263898,33.654275],[-116.263893,33.654297],[-116.263862,33.654314],[-116.263777,33.654334],[-116.263683,33.654457],[-116.263603,33.654519],[-116.263614,33.654564],[-116.263629,33.65457],[-116.263648,33.654601],[-116.263643,33.654621],[-116.263623,33.654637],[-116.263541,33.654631],[-116.263475,33.654654],[-116.263353,33.654799],[-116.26333,33.654813]]]}},{"type":"Feature","properties":{"k":"bunker"},"geometry":{"type":"Polygon","coordinates":[[[-116.263069,33.654974],[-116.263098,33.654969],[-116.26311,33.654958],[-116.263155,33.654882],[-116.263135,33.654838],[-116.263143,33.654802],[-116.26312,33.654756],[-116.263085,33.65477],[-116.263071,33.654799],[-116.263088,33.654845],[-116.263088,33.654883],[-116.263047,33.654943],[-116.263047,33.65496],[-116.263069,33.654974]]]}},{"type":"Feature","properties":{"k":"bunker"},"geometry":{"type":"Polygon","coordinates":[[[-116.262543,33.655614],[-116.262622,33.655595],[-116.262703,33.655615],[-116.26282,33.65556],[-116.262843,33.655537],[-116.262889,33.655524],[-116.262935,33.655476],[-116.262943,33.65544],[-116.262984,33.655348],[-116.262976,33.655308],[-116.262914,33.655221],[-116.262813,33.655146],[-116.262782,33.655086],[-116.262765,33.655085],[-116.26275,33.655157],[-116.262773,33.655189],[-116.262883,33.655236],[-116.262918,33.655272],[-116.262945,33.655338],[-116.262935,33.655373],[-116.262891,33.655449],[-116.262877,33.655499],[-116.2628,33.655526],[-116.262736,33.655559],[-116.262694,33.655563],[-116.262616,33.655532],[-116.262559,33.655531],[-116.262519,33.655568],[-116.262517,33.655591],[-116.262543,33.655614]]]}},{"type":"Feature","properties":{"k":"green"},"geometry":{"type":"Polygon","coordinates":[[[-116.262707,33.655501],[-116.262761,33.655445],[-116.26284,33.655383],[-116.262855,33.655343],[-116.262843,33.655292],[-116.26282,33.655268],[-116.262769,33.655248],[-116.262704,33.655261],[-116.262681,33.655303],[-116.26265,33.65546],[-116.262654,33.655489],[-116.26268,33.655504],[-116.262707,33.655501]]]}},{"type":"Feature","properties":{"k":"bunker"},"geometry":{"type":"Polygon","coordinates":[[[-116.260612,33.655302],[-116.260639,33.655279],[-116.26065,33.655254],[-116.260676,33.655233],[-116.260679,33.655204],[-116.260594,33.655209],[-116.260541,33.655236],[-116.260458,33.655246],[-116.260424,33.655234],[-116.260401,33.655264],[-116.260402,33.655296],[-116.260419,33.655303],[-116.260612,33.655302]]]}},{"type":"Feature","properties":{"k":"bunker"},"geometry":{"type":"Polygon","coordinates":[[[-116.259968,33.655326],[-116.259961,33.655282],[-116.259925,33.655288],[-116.259902,33.655305],[-116.259906,33.65533],[-116.259921,33.655336],[-116.259948,33.655337],[-116.259968,33.655326]]]}},{"type":"Feature","properties":{"k":"green"},"geometry":{"type":"Polygon","coordinates":[[[-116.26027,33.65546],[-116.260131,33.655494],[-116.260038,33.655531],[-116.259967,33.655532],[-116.259952,33.655515],[-116.259957,33.655495],[-116.26,33.655473],[-116.260078,33.655397],[-116.26013,33.655373],[-116.260217,33.65538],[-116.260258,33.655388],[-116.260285,33.655402],[-116.2603,33.655415],[-116.260302,33.655437],[-116.260293,33.65545],[-116.26027,33.65546]]]}},{"type":"Feature","properties":{"k":"fairway"},"geometry":{"type":"Polygon","coordinates":[[[-116.258596,33.655429],[-116.258482,33.655444],[-116.258288,33.655526],[-116.258188,33.655588],[-116.258067,33.655643],[-116.257972,33.655667],[-116.25786,33.655656],[-116.257747,33.655625],[-116.257682,33.655632],[-116.257617,33.655663],[-116.257546,33.655684],[-116.257441,33.655692],[-116.257249,33.655628],[-116.257035,33.655583],[-116.256956,33.655544],[-116.25688,33.655468],[-116.256866,33.655427],[-116.256863,33.655368],[-116.256901,33.655274],[-116.25715,33.655223],[-116.257235,33.655171],[-116.257273,33.65516],[-116.257334,33.655163],[-116.25736,33.655154],[-116.257349,33.655127],[-116.257315,33.655108],[-116.257194,33.655111],[-116.25705,33.655189],[-116.257008,33.655177],[-116.256994,33.655161],[-116.256994,33.655127],[-116.257014,33.655109],[-116.257042,33.6551],[-116.25712,33.655091],[-116.257213,33.655062],[-116.257273,33.655055],[-116.257357,33.655076],[-116.257392,33.655098],[-116.257418,33.655151],[-116.257442,33.655273],[-116.257473,33.655306],[-116.257549,33.655339],[-116.257659,33.655354],[-116.257777,33.65536],[-116.257975,33.655302],[-116.258227,33.655267],[-116.25852,33.655252],[-116.258657,33.65529],[-116.258696,33.655323],[-116.258689,33.65538],[-116.258659,33.655409],[-116.258596,33.655429]]]}},{"type":"Feature","properties":{"k":"green"},"geometry":{"type":"Polygon","coordinates":[[[-116.256335,33.655172],[-116.256376,33.655155],[-116.256436,33.655142],[-116.256498,33.655149],[-116.256535,33.655165],[-116.256568,33.655222],[-116.256572,33.655251],[-116.256535,33.655313],[-116.256509,33.655322],[-116.256477,33.655321],[-116.256363,33.655274],[-116.25632,33.655222],[-116.256335,33.655172]]]}},{"type":"Feature","properties":{"k":"bunker"},"geometry":{"type":"Polygon","coordinates":[[[-116.256625,33.655125],[-116.256619,33.655106],[-116.256577,33.655103],[-116.256572,33.655115],[-116.256586,33.655137],[-116.256615,33.655134],[-116.256625,33.655125]]]}},{"type":"Feature","properties":{"k":"bunker"},"geometry":{"type":"Polygon","coordinates":[[[-116.256731,33.655356],[-116.256726,33.655287],[-116.256701,33.65528],[-116.256643,33.65529],[-116.256669,33.655325],[-116.25669,33.655328],[-116.256711,33.655394],[-116.256745,33.655405],[-116.256786,33.655404],[-116.256773,33.655383],[-116.256731,33.655356]]]}},{"type":"Feature","properties":{"k":"bunker"},"geometry":{"type":"Polygon","coordinates":[[[-116.256413,33.655354],[-116.256354,33.655316],[-116.256319,33.655322],[-116.256313,33.655338],[-116.25632,33.655354],[-116.256309,33.655374],[-116.256322,33.655407],[-116.25636,33.655417],[-116.256407,33.655379],[-116.256416,33.655365],[-116.256413,33.655354]]]}},{"type":"Feature","properties":{"k":"bunker"},"geometry":{"type":"Polygon","coordinates":[[[-116.258633,33.655258],[-116.258533,33.655234],[-116.258407,33.65524],[-116.258084,33.655269],[-116.257756,33.655339],[-116.257673,33.655336],[-116.257579,33.655302],[-116.257541,33.655212],[-116.257557,33.655196],[-116.257673,33.655222],[-116.25776,33.655217],[-116.25783,33.655201],[-116.257974,33.655208],[-116.258045,33.655191],[-116.258267,33.655163],[-116.258401,33.655163],[-116.258494,33.655126],[-116.258606,33.655138],[-116.25867,33.655119],[-116.258709,33.655084],[-116.258722,33.655037],[-116.258708,33.654984],[-116.258728,33.65496],[-116.258763,33.654969],[-116.258786,33.654991],[-116.258818,33.655093],[-116.258854,33.655144],[-116.258888,33.655163],[-116.258943,33.655167],[-116.259084,33.655133],[-116.259163,33.655105],[-116.259178,33.655085],[-116.259199,33.655075],[-116.259251,33.655086],[-116.259294,33.655068],[-116.259349,33.65503],[-116.259392,33.655015],[-116.259509,33.655006],[-116.259627,33.654975],[-116.259739,33.654982],[-116.259833,33.654963],[-116.259867,33.654978],[-116.259883,33.655006],[-116.25986,33.655045],[-116.259787,33.65507],[-116.259717,33.655081],[-116.259532,33.655093],[-116.259467,33.655105],[-116.259367,33.65515],[-116.259137,33.655213],[-116.25909,33.655287],[-116.258964,33.655322],[-116.258809,33.655336],[-116.258739,33.655317],[-116.258633,33.655258]]]}},{"type":"Feature","properties":{"k":"fairway"},"geometry":{"type":"Polygon","coordinates":[[[-116.259275,33.654703],[-116.25936,33.654669],[-116.259465,33.654686],[-116.259499,33.65466],[-116.259514,33.654635],[-116.25951,33.654609],[-116.259492,33.654592],[-116.259453,33.654579],[-116.259383,33.654582],[-116.259225,33.65464],[-116.25919,33.654664],[-116.25918,33.654689],[-116.259183,33.654704],[-116.259204,33.654716],[-116.259244,33.654714],[-116.259275,33.654703]]]}},{"type":"Feature","properties":{"k":"bunker"},"geometry":{"type":"Polygon","coordinates":[[[-116.258018,33.654678],[-116.257992,33.654643],[-116.257987,33.654559],[-116.25801,33.654528],[-116.258042,33.654511],[-116.258078,33.654504],[-116.258167,33.654522],[-116.258315,33.654525],[-116.258416,33.654546],[-116.258554,33.654608],[-116.258568,33.654624],[-116.258613,33.654621],[-116.258667,33.65463],[-116.258789,33.654624],[-116.258967,33.654635],[-116.259033,33.654643],[-116.259064,33.654657],[-116.259069,33.654673],[-116.259037,33.654716],[-116.25898,33.654731],[-116.258904,33.654739],[-116.258789,33.654735],[-116.258727,33.654696],[-116.258677,33.654677],[-116.258557,33.654682],[-116.25847,33.654703],[-116.258423,33.654705],[-116.258387,33.654701],[-116.258341,33.654681],[-116.258218,33.654592],[-116.258172,33.654579],[-116.25813,33.654594],[-116.258111,33.654638],[-116.258089,33.654662],[-116.258054,33.654675],[-116.258018,33.654678]]]}},{"type":"Feature","properties":{"k":"tee"},"geometry":{"type":"Polygon","coordinates":[[[-116.257645,33.654438],[-116.257673,33.654428],[-116.257694,33.65441],[-116.257691,33.654385],[-116.257669,33.654367],[-116.257606,33.654363],[-116.257587,33.654374],[-116.257581,33.65441],[-116.257609,33.65443],[-116.257645,33.654438]]]}},{"type":"Feature","properties":{"k":"bunker"},"geometry":{"type":"Polygon","coordinates":[[[-116.260716,33.654329],[-116.260716,33.654341],[-116.260739,33.654351],[-116.260794,33.654334],[-116.260798,33.654319],[-116.260783,33.654307],[-116.260716,33.654329]]]}},{"type":"Feature","properties":{"k":"bunker"},"geometry":{"type":"Polygon","coordinates":[[[-116.260634,33.654344],[-116.260709,33.654312],[-116.260723,33.654291],[-116.260723,33.654263],[-116.260586,33.654274],[-116.260493,33.654219],[-116.260464,33.654243],[-116.260466,33.65426],[-116.26048,33.654281],[-116.260534,33.654319],[-116.260538,33.654341],[-116.260521,33.654351],[-116.260493,33.654348],[-116.260464,33.654334],[-116.260431,33.654344],[-116.260404,33.654362],[-116.260383,33.654398],[-116.260385,33.654427],[-116.260402,33.654449],[-116.26042,33.654457],[-116.26051,33.654447],[-116.260559,33.654463],[-116.260635,33.654459],[-116.260655,33.654467],[-116.260705,33.654471],[-116.260735,33.654466],[-116.260753,33.654453],[-116.260756,33.65444],[-116.260746,33.654426],[-116.260663,33.654431],[-116.260612,33.654418],[-116.260602,33.654375],[-116.26061,33.654359],[-116.260634,33.654344]]]}},{"type":"Feature","properties":{"k":"bunker"},"geometry":{"type":"Polygon","coordinates":[[[-116.258241,33.654297],[-116.258391,33.654237],[-116.258388,33.654217],[-116.258339,33.654199],[-116.258276,33.654222],[-116.2582,33.65423],[-116.258183,33.654238],[-116.258199,33.654285],[-116.258215,33.654297],[-116.258241,33.654297]]]}},{"type":"Feature","properties":{"k":"bunker"},"geometry":{"type":"Polygon","coordinates":[[[-116.258957,33.654264],[-116.25895,33.654234],[-116.258889,33.65417],[-116.258839,33.654143],[-116.258767,33.654137],[-116.258691,33.654104],[-116.258651,33.654109],[-116.258634,33.654126],[-116.25872,33.6542],[-116.258776,33.654212],[-116.258826,33.654213],[-116.258849,33.654221],[-116.258854,33.654309],[-116.258889,33.654312],[-116.258957,33.654264]]]}},{"type":"Feature","properties":{"k":"bunker"},"geometry":{"type":"Polygon","coordinates":[[[-116.2608,33.654252],[-116.26076,33.654217],[-116.260788,33.6542],[-116.260811,33.654192],[-116.260861,33.654198],[-116.2609,33.654174],[-116.260958,33.654181],[-116.260954,33.654164],[-116.260942,33.654155],[-116.260941,33.654114],[-116.260975,33.654114],[-116.26099,33.654123],[-116.261002,33.654153],[-116.261027,33.654157],[-116.261034,33.65418],[-116.261026,33.654197],[-116.261007,33.654209],[-116.260974,33.654211],[-116.260942,33.654251],[-116.260922,33.654261],[-116.260896,33.654261],[-116.260863,33.654239],[-116.2608,33.654252]]]}},{"type":"Feature","properties":{"k":"bunker"},"geometry":{"type":"Polygon","coordinates":[[[-116.260211,33.65435],[-116.26022,33.65433],[-116.26017,33.654307],[-116.260081,33.654235],[-116.259986,33.654248],[-116.259957,33.654307],[-116.259939,33.654322],[-116.259941,33.654336],[-116.259965,33.654352],[-116.260079,33.654355],[-116.260109,33.654359],[-116.260121,33.654371],[-116.260211,33.65435]]]}},{"type":"Feature","properties":{"k":"bunker"},"geometry":{"type":"Polygon","coordinates":[[[-116.262462,33.653857],[-116.262478,33.65384],[-116.262488,33.65381],[-116.262483,33.65377],[-116.262433,33.653733],[-116.262422,33.653704],[-116.262438,33.653666],[-116.262459,33.653651],[-116.26251,33.653651],[-116.262687,33.65371],[-116.262708,33.653714],[-116.262729,33.653707],[-116.262734,33.653696],[-116.262726,33.653683],[-116.262639,33.653653],[-116.26258,33.653621],[-116.262547,33.65359],[-116.262542,33.653551],[-116.262578,33.653442],[-116.26261,33.653401],[-116.262648,33.653326],[-116.26268,33.653298],[-116.26282,33.653242],[-116.262843,33.653204],[-116.262872,33.653032],[-116.262906,33.652967],[-116.262973,33.652876],[-116.263008,33.65281],[-116.263067,33.652652],[-116.26307,33.652519],[-116.263041,33.652455],[-116.263017,33.652447],[-116.262986,33.65245],[-116.262968,33.652465],[-116.262962,33.652491],[-116.262971,33.652548],[-116.26299,33.652579],[-116.26301,33.652645],[-116.262987,33.652744],[-116.262948,33.652827],[-116.26292,33.652867],[-116.262849,33.652931],[-116.262834,33.653045],[-116.26278,33.653134],[-116.26273,33.653196],[-116.262703,33.653218],[-116.262625,33.653253],[-116.26257,33.653379],[-116.262475,33.653456],[-116.26245,33.65349],[-116.262459,33.653524],[-116.262451,33.653562],[-116.262458,33.65359],[-116.262444,33.653633],[-116.26241,33.653666],[-116.262405,33.653704],[-116.26239,33.653728],[-116.26233,33.653771],[-116.262323,33.653785],[-116.262332,33.653798],[-116.262383,33.653827],[-116.26241,33.653853],[-116.262428,33.653861],[-116.262462,33.653857]]]}},{"type":"Feature","properties":{"k":"bunker"},"geometry":{"type":"Polygon","coordinates":[[[-116.263424,33.651655],[-116.263479,33.6516],[-116.263527,33.651508],[-116.263516,33.651418],[-116.263458,33.651296],[-116.263429,33.651098],[-116.263383,33.651065],[-116.263331,33.651043],[-116.2633,33.651038],[-116.263264,33.651058],[-116.263277,33.651073],[-116.263324,33.651083],[-116.263359,33.651115],[-116.263366,33.65127],[-116.263388,33.651335],[-116.263351,33.651626],[-116.263356,33.651646],[-116.263371,33.651658],[-116.263424,33.651655]]]}},{"type":"Feature","properties":{"k":"green"},"geometry":{"type":"Polygon","coordinates":[[[-116.263592,33.650584],[-116.263625,33.6506],[-116.26364,33.650596],[-116.263657,33.650578],[-116.263706,33.650461],[-116.263709,33.650418],[-116.263677,33.650363],[-116.263629,33.650322],[-116.263602,33.650314],[-116.263535,33.650326],[-116.263522,33.65035],[-116.263523,33.650384],[-116.263567,33.650495],[-116.263575,33.650561],[-116.263592,33.650584]]]}},{"type":"Feature","properties":{"k":"bunker"},"geometry":{"type":"Polygon","coordinates":[[[-116.263484,33.650601],[-116.263473,33.650503],[-116.26341,33.650388],[-116.263402,33.650334],[-116.263407,33.650288],[-116.263473,33.650231],[-116.263476,33.650205],[-116.263468,33.650191],[-116.263448,33.650183],[-116.263404,33.650191],[-116.263381,33.650202],[-116.263324,33.650257],[-116.263321,33.650299],[-116.263331,33.650325],[-116.263319,33.650388],[-116.263349,33.650594],[-116.263349,33.65066],[-116.263373,33.650727],[-116.26338,33.650801],[-116.263397,33.650829],[-116.263405,33.650874],[-116.263401,33.650892],[-116.263422,33.650928],[-116.26345,33.650945],[-116.263475,33.650919],[-116.263492,33.650822],[-116.263498,33.650695],[-116.263484,33.650601]]]}},{"type":"Feature","properties":{"k":"rough"},"geometry":{"type":"Polygon","coordinates":[[[-116.263445,33.649974],[-116.26349,33.649968],[-116.263505,33.649954],[-116.263508,33.649937],[-116.263491,33.649915],[-116.263432,33.649896],[-116.263362,33.649894],[-116.263345,33.649905],[-116.263335,33.649921],[-116.263354,33.649952],[-116.263413,33.649971],[-116.263445,33.649974]]]}},{"type":"Feature","properties":{"k":"green"},"geometry":{"type":"Polygon","coordinates":[[[-116.263632,33.648823],[-116.263653,33.648803],[-116.263671,33.64877],[-116.263674,33.648729],[-116.263667,33.648695],[-116.263622,33.648624],[-116.263527,33.648623],[-116.263488,33.648639],[-116.263469,33.648672],[-116.263473,33.648712],[-116.263484,33.648744],[-116.26351,33.64878],[-116.263574,33.648825],[-116.263632,33.648823]]]}},{"type":"Feature","properties":{"k":"bunker"},"geometry":{"type":"Polygon","coordinates":[[[-116.263511,33.648887],[-116.263526,33.648887],[-116.263537,33.648877],[-116.263541,33.64886],[-116.263515,33.648846],[-116.263496,33.648847],[-116.263484,33.648859],[-116.263487,33.648873],[-116.263511,33.648887]]]}},{"type":"Feature","properties":{"k":"green"},"geometry":{"type":"Polygon","coordinates":[[[-116.262581,33.644137],[-116.26256,33.644001],[-116.262544,33.643971],[-116.26248,33.64394],[-116.262422,33.643933],[-116.262375,33.643938],[-116.262341,33.643954],[-116.26232,33.643977],[-116.262324,33.644013],[-116.262349,33.64406],[-116.262488,33.644139],[-116.262546,33.644158],[-116.262573,33.644149],[-116.262581,33.644137]]]}},{"type":"Feature","properties":{"k":"bunker"},"geometry":{"type":"Polygon","coordinates":[[[-116.262216,33.644036],[-116.262232,33.644048],[-116.262256,33.644037],[-116.262255,33.644018],[-116.262231,33.64399],[-116.262166,33.643967],[-116.262132,33.643966],[-116.262122,33.643975],[-116.262118,33.643993],[-116.262136,33.644016],[-116.262159,33.644016],[-116.262216,33.644036]]]}},{"type":"Feature","properties":{"k":"bunker"},"geometry":{"type":"Polygon","coordinates":[[[-116.262788,33.644114],[-116.262833,33.644098],[-116.262835,33.644089],[-116.262813,33.64405],[-116.262849,33.644024],[-116.262879,33.644031],[-116.262935,33.64409],[-116.262995,33.644083],[-116.263011,33.644103],[-116.262968,33.644148],[-116.262965,33.644218],[-116.262949,33.644253],[-116.262935,33.644254],[-116.262912,33.644236],[-116.262908,33.644196],[-116.262893,33.644182],[-116.262921,33.644169],[-116.262931,33.644139],[-116.26285,33.644125],[-116.26278,33.644158],[-116.26276,33.644155],[-116.262725,33.644134],[-116.262714,33.644103],[-116.262717,33.644082],[-116.262692,33.644081],[-116.262681,33.644073],[-116.262683,33.64406],[-116.262744,33.644053],[-116.262776,33.644072],[-116.262773,33.644102],[-116.262788,33.644114]]]}},{"type":"Feature","properties":{"k":"bunker"},"geometry":{"type":"Polygon","coordinates":[[[-116.263304,33.644578],[-116.26332,33.644565],[-116.263327,33.644541],[-116.263321,33.644501],[-116.263292,33.644478],[-116.263266,33.644476],[-116.263246,33.644486],[-116.263232,33.644544],[-116.263218,33.644563],[-116.263239,33.644581],[-116.263256,33.644584],[-116.263287,33.644585],[-116.263304,33.644578]]]}},{"type":"Feature","properties":{"k":"bunker"},"geometry":{"type":"Polygon","coordinates":[[[-116.263474,33.64487],[-116.2635,33.644828],[-116.263484,33.644808],[-116.263497,33.644772],[-116.263496,33.644748],[-116.263487,33.644747],[-116.263466,33.64476],[-116.263425,33.644806],[-116.263433,33.644819],[-116.263405,33.644849],[-116.26341,33.644928],[-116.263427,33.644951],[-116.263466,33.644939],[-116.263481,33.644922],[-116.263474,33.64487]]]}},{"type":"Feature","properties":{"k":"bunker"},"geometry":{"type":"Polygon","coordinates":[[[-116.264047,33.645408],[-116.264023,33.645398],[-116.264021,33.645377],[-116.264052,33.645379],[-116.264062,33.645403],[-116.264047,33.645408]]]}},{"type":"Feature","properties":{"k":"bunker"},"geometry":{"type":"Polygon","coordinates":[[[-116.263933,33.645306],[-116.263953,33.645286],[-116.263934,33.645271],[-116.263921,33.645273],[-116.263915,33.645287],[-116.263933,33.645306]]]}},{"type":"Feature","properties":{"k":"bunker"},"geometry":{"type":"Polygon","coordinates":[[[-116.263912,33.64526],[-116.26384,33.645234],[-116.263831,33.645221],[-116.263851,33.645214],[-116.263915,33.645224],[-116.263935,33.645238],[-116.263939,33.645254],[-116.263912,33.64526]]]}},{"type":"Feature","properties":{"k":"bunker"},"geometry":{"type":"Polygon","coordinates":[[[-116.263829,33.645367],[-116.263845,33.645353],[-116.263863,33.645362],[-116.263858,33.645406],[-116.263806,33.645415],[-116.263781,33.645406],[-116.263764,33.645348],[-116.263767,33.645292],[-116.263754,33.645234],[-116.263792,33.645237],[-116.263794,33.645263],[-116.263839,33.645273],[-116.263853,33.645293],[-116.263888,33.645292],[-116.263932,33.645313],[-116.263966,33.645301],[-116.263991,33.645302],[-116.264007,33.645325],[-116.263996,33.645352],[-116.263987,33.645357],[-116.26394,33.645356],[-116.2639,33.645398],[-116.263892,33.645387],[-116.263898,33.645342],[-116.26388,33.645325],[-116.26383,33.645331],[-116.263818,33.645342],[-116.263817,33.645356],[-116.263821,33.645366],[-116.263829,33.645367]]]}},{"type":"Feature","properties":{"k":"green"},"geometry":{"type":"Polygon","coordinates":[[[-116.261069,33.654514],[-116.26111,33.654491],[-116.261166,33.654441],[-116.261163,33.654409],[-116.261144,33.654381],[-116.26112,33.654358],[-116.261091,33.654349],[-116.261002,33.654356],[-116.260916,33.654394],[-116.260853,33.654453],[-116.260819,33.654497],[-116.260756,33.654528],[-116.260756,33.654541],[-116.260841,33.654557],[-116.260966,33.654556],[-116.261069,33.654514]]]}},{"type":"Feature","properties":{"k":"tee"},"geometry":{"type":"Polygon","coordinates":[[[-116.264082,33.65028],[-116.264103,33.650244],[-116.2641,33.650214],[-116.264085,33.650186],[-116.264055,33.650183],[-116.264023,33.650196],[-116.264019,33.650234],[-116.264041,33.650266],[-116.264082,33.65028]]]}},{"type":"Feature","properties":{"k":"tee"},"geometry":{"type":"Polygon","coordinates":[[[-116.263938,33.650133],[-116.263962,33.650127],[-116.263981,33.650106],[-116.263978,33.650072],[-116.263945,33.650032],[-116.263894,33.650022],[-116.263862,33.650036],[-116.263854,33.650062],[-116.263864,33.65009],[-116.2639,33.650124],[-116.263938,33.650133]]]}},{"type":"Feature","properties":{"k":"tee"},"geometry":{"type":"Polygon","coordinates":[[[-116.263906,33.649936],[-116.263937,33.649944],[-116.263959,33.64994],[-116.263986,33.649923],[-116.264001,33.649898],[-116.264003,33.649877],[-116.263985,33.649841],[-116.263927,33.649831],[-116.263895,33.649845],[-116.26388,33.649861],[-116.263884,33.649912],[-116.263906,33.649936]]]}},{"type":"Feature","properties":{"k":"tee"},"geometry":{"type":"Polygon","coordinates":[[[-116.263693,33.650035],[-116.26372,33.650061],[-116.263747,33.65006],[-116.263783,33.650048],[-116.263805,33.650033],[-116.263814,33.650009],[-116.263801,33.649975],[-116.263784,33.649965],[-116.263763,33.649965],[-116.263732,33.64998],[-116.263697,33.650016],[-116.263693,33.650035]]]}},{"type":"Feature","properties":{"k":"tee"},"geometry":{"type":"Polygon","coordinates":[[[-116.264049,33.649767],[-116.26407,33.649755],[-116.264079,33.649735],[-116.264069,33.649693],[-116.264056,33.649682],[-116.264035,33.649681],[-116.264012,33.649687],[-116.263995,33.649703],[-116.263991,33.649747],[-116.263999,33.649763],[-116.264049,33.649767]]]}},{"type":"Feature","properties":{"k":"tee"},"geometry":{"type":"Polygon","coordinates":[[[-116.260248,33.652918],[-116.260218,33.652926],[-116.260205,33.652949],[-116.260219,33.652975],[-116.260258,33.65298],[-116.260287,33.652966],[-116.260297,33.652948],[-116.260282,33.652922],[-116.260248,33.652918]]]}},{"type":"Feature","properties":{"k":"tee"},"geometry":{"type":"Polygon","coordinates":[[[-116.255122,33.653651],[-116.255105,33.653666],[-116.255102,33.653689],[-116.255117,33.653704],[-116.255145,33.653709],[-116.25517,33.653701],[-116.255182,33.653668],[-116.255168,33.653652],[-116.255143,33.653644],[-116.255122,33.653651]]]}},{"type":"Feature","properties":{"k":"tee"},"geometry":{"type":"Polygon","coordinates":[[[-116.261754,33.6446],[-116.261738,33.644623],[-116.261733,33.644648],[-116.261753,33.644696],[-116.261782,33.644717],[-116.261819,33.644725],[-116.261848,33.64471],[-116.261859,33.644684],[-116.261845,33.644652],[-116.261792,33.644599],[-116.261754,33.6446]]]}},{"type":"Feature","properties":{"k":"tee"},"geometry":{"type":"Polygon","coordinates":[[[-116.261529,33.644723],[-116.261507,33.644742],[-116.261502,33.644763],[-116.261507,33.644789],[-116.261521,33.644806],[-116.261553,33.644813],[-116.261581,33.644806],[-116.261599,33.644782],[-116.2616,33.644758],[-116.261587,33.644736],[-116.261562,33.644723],[-116.261529,33.644723]]]}},{"type":"Feature","properties":{"k":"tee"},"geometry":{"type":"Polygon","coordinates":[[[-116.261981,33.64476],[-116.261958,33.644781],[-116.261958,33.644821],[-116.261971,33.644844],[-116.262017,33.644848],[-116.262055,33.644819],[-116.262048,33.644787],[-116.262024,33.644763],[-116.261981,33.64476]]]}},{"type":"Feature","properties":{"k":"tee"},"geometry":{"type":"Polygon","coordinates":[[[-116.26486,33.647586],[-116.264831,33.647613],[-116.264842,33.647632],[-116.264864,33.647639],[-116.264889,33.647637],[-116.264909,33.647613],[-116.2649,33.647593],[-116.26486,33.647586]]]}},{"type":"Feature","properties":{"k":"tee"},"geometry":{"type":"Polygon","coordinates":[[[-116.263955,33.653616],[-116.263933,33.653629],[-116.263913,33.653656],[-116.26392,33.653673],[-116.263934,33.65368],[-116.263966,33.653676],[-116.263991,33.653653],[-116.264002,33.653628],[-116.263983,33.653613],[-116.263955,33.653616]]]}},{"type":"Feature","properties":{"k":"tee"},"geometry":{"type":"Polygon","coordinates":[[[-116.262229,33.655332],[-116.262208,33.65534],[-116.262202,33.65536],[-116.262219,33.655381],[-116.262247,33.655384],[-116.262255,33.655341],[-116.262229,33.655332]]]}},{"type":"Feature","properties":{"k":"tee"},"geometry":{"type":"Polygon","coordinates":[[[-116.260134,33.654864],[-116.260104,33.654875],[-116.260092,33.654892],[-116.260098,33.65491],[-116.260118,33.654921],[-116.260145,33.654921],[-116.260167,33.654905],[-116.260171,33.654883],[-116.260159,33.65487],[-116.260134,33.654864]]]}},{"type":"Feature","properties":{"k":"bunker"},"geometry":{"type":"Polygon","coordinates":[[[-116.261209,33.652866],[-116.261228,33.652862],[-116.261272,33.652807],[-116.261308,33.652778],[-116.261319,33.652715],[-116.261303,33.652703],[-116.26128,33.6527],[-116.261262,33.652717],[-116.261241,33.652756],[-116.261241,33.652791],[-116.261195,33.65285],[-116.261196,33.652859],[-116.261209,33.652866]]]}},{"type":"Feature","properties":{"k":"bunker"},"geometry":{"type":"Polygon","coordinates":[[[-116.261154,33.652836],[-116.261184,33.652824],[-116.26119,33.65281],[-116.261179,33.652787],[-116.261168,33.652787],[-116.261141,33.652827],[-116.261154,33.652836]]]}}]}