{"type":"FeatureCollection","features":[{"type":"Feature","properties":{"k":"hole","ref":"1","par":5,"hcp":5},"geometry":{"type":"LineString","coordinates":[[-117.09208,33.468083],[-117.09176,33.468001],[-117.091102,33.46779],[-117.090052,33.467583],[-117.088232,33.466084],[-117.087714,33.46596]]}},{"type":"Feature","properties":{"k":"hole","ref":"2","par":4,"hcp":7},"geometry":{"type":"LineString","coordinates":[[-117.086791,33.465282],[-117.085198,33.463917],[-117.08406,33.462928]]}},{"type":"Feature","properties":{"k":"hole","ref":"3","par":4,"hcp":9},"geometry":{"type":"LineString","coordinates":[[-117.083686,33.463426],[-117.085408,33.464805],[-117.085795,33.465391],[-117.086207,33.465472]]}},{"type":"Feature","properties":{"k":"hole","ref":"4","par":3,"hcp":15},"geometry":{"type":"LineString","coordinates":[[-117.08721,33.465875],[-117.086124,33.466766]]}},{"type":"Feature","properties":{"k":"hole","ref":"5","par":4,"hcp":1},"geometry":{"type":"LineString","coordinates":[[-117.084844,33.46755],[-117.081727,33.467644],[-117.080278,33.468038]]}},{"type":"Feature","properties":{"k":"hole","ref":"6","par":4,"hcp":13},"geometry":{"type":"LineString","coordinates":[[-117.080313,33.469365],[-117.0841,33.468863]]}},{"type":"Feature","properties":{"k":"hole","ref":"7","par":5,"hcp":11},"geometry":{"type":"LineString","coordinates":[[-117.085261,33.468043],[-117.086975,33.470677],[-117.088791,33.471237]]}},{"type":"Feature","properties":{"k":"hole","ref":"8","par":3,"hcp":17},"geometry":{"type":"LineString","coordinates":[[-117.089612,33.471334],[-117.091092,33.471817]]}},{"type":"Feature","properties":{"k":"hole","ref":"9","par":4,"hcp":3},"geometry":{"type":"LineString","coordinates":[[-117.091554,33.472372],[-117.091557,33.470303],[-117.092471,33.469333]]}},{"type":"Feature","properties":{"k":"hole","ref":"10","par":4,"hcp":6},"geometry":{"type":"LineString","coordinates":[[-117.092998,33.467525],[-117.091578,33.464205]]}},{"type":"Feature","properties":{"k":"hole","ref":"11"},"geometry":{"type":"LineString","coordinates":[[-117.091439,33.463344],[-117.09031,33.461383],[-117.088159,33.459845]]}},{"type":"Feature","properties":{"k":"hole","ref":"12"},"geometry":{"type":"LineString","coordinates":[[-117.087592,33.458811],[-117.088671,33.457961]]}},{"type":"Feature","properties":{"k":"hole","ref":"13"},"geometry":{"type":"LineString","coordinates":[[-117.088146,33.45711],[-117.088006,33.454599],[-117.089085,33.453618]]}},{"type":"Feature","properties":{"k":"hole","ref":"14"},"geometry":{"type":"LineString","coordinates":[[-117.088235,33.452405],[-117.085722,33.454283]]}},{"type":"Feature","properties":{"k":"hole","ref":"15"},"geometry":{"type":"LineString","coordinates":[[-117.085437,33.454826],[-117.085876,33.456166],[-117.085831,33.457703]]}},{"type":"Feature","properties":{"k":"hole","ref":"16"},"geometry":{"type":"LineString","coordinates":[[-117.085275,33.458815],[-117.086303,33.460711],[-117.087307,33.462125]]}},{"type":"Feature","properties":{"k":"hole","ref":"17"},"geometry":{"type":"LineString","coordinates":[[-117.086312,33.463348],[-117.087377,33.464795]]}},{"type":"Feature","properties":{"k":"hole","ref":"18"},"geometry":{"type":"LineString","coordinates":[[-117.087458,33.466234],[-117.089987,33.468038],[-117.091312,33.468269]]}},{"type":"Feature","properties":{"k":"stream"},"geometry":{"type":"LineString","coordinates":[[-117.090778,33.470478],[-117.090807,33.470502],[-117.09085,33.470511],[-117.090896,33.470511],[-117.090933,33.470522],[-117.090979,33.470558],[-117.091011,33.470594],[-117.091089,33.470779],[-117.091178,33.470867],[-117.091312,33.470929],[-117.091565,33.471195],[-117.091737,33.471405],[-117.091887,33.471705],[-117.092005,33.471969],[-117.092064,33.472175],[-117.09208,33.472358],[-117.092107,33.472474],[-117.092242,33.472649],[-117.09226,33.472732],[-117.092289,33.47281],[-117.092339,33.472888],[-117.09245,33.472981]]}},{"type":"Feature","properties":{"k":"wood"},"geometry":{"type":"Polygon","coordinates":[[[-117.083592,33.459174],[-117.083635,33.459068],[-117.084365,33.458747],[-117.084556,33.458677],[-117.084804,33.458608],[-117.085039,33.458562],[-117.086247,33.458434],[-117.08651,33.458394],[-117.086812,33.458328],[-117.086927,33.458377],[-117.087062,33.45878],[-117.087261,33.459287],[-117.087261,33.459332],[-117.087224,33.45937],[-117.087189,33.459389],[-117.086909,33.459482],[-117.086893,33.45944],[-117.087129,33.45934],[-117.087072,33.459189],[-117.086958,33.459024],[-117.086927,33.458862],[-117.086787,33.458617],[-117.08649,33.458474],[-117.086243,33.458461],[-117.085885,33.458543],[-117.085828,33.458604],[-117.085169,33.458701],[-117.085496,33.45981],[-117.085755,33.460795],[-117.085462,33.460099],[-117.085054,33.458795],[-117.084965,33.45875],[-117.084499,33.458824],[-117.083655,33.459105],[-117.083612,33.459169],[-117.083684,33.459345],[-117.083669,33.459352],[-117.083592,33.459174]]]}},{"type":"Feature","properties":{"k":"water"},"geometry":{"type":"Polygon","coordinates":[[[-117.091137,33.472039],[-117.09118,33.472035],[-117.091242,33.471992],[-117.091271,33.471941],[-117.091322,33.471912],[-117.091354,33.471869],[-117.091363,33.471791],[-117.091333,33.471717],[-117.091239,33.471612],[-117.091161,33.471601],[-117.091116,33.471616],[-117.091054,33.471657],[-117.090928,33.47165],[-117.09084,33.471715],[-117.090831,33.471769],[-117.090837,33.471831],[-117.090858,33.471903],[-117.090896,33.471954],[-117.090931,33.47199],[-117.090974,33.472015],[-117.091094,33.472041],[-117.091102,33.472249],[-117.090971,33.472176],[-117.090834,33.472122],[-117.090657,33.47203],[-117.090622,33.471992],[-117.090571,33.471959],[-117.0904,33.471896],[-117.090327,33.47186],[-117.090325,33.471836],[-117.090338,33.471813],[-117.090413,33.471757],[-117.090427,33.471726],[-117.09041,33.471692],[-117.090405,33.471614],[-117.090437,33.471585],[-117.090574,33.471522],[-117.090633,33.471511],[-117.090767,33.471511],[-117.090802,33.471493],[-117.090829,33.471397],[-117.090829,33.471348],[-117.090845,33.471299],[-117.090885,33.471272],[-117.090944,33.471252],[-117.091092,33.471252],[-117.091153,33.471267],[-117.091231,33.471299],[-117.091389,33.471417],[-117.091422,33.471565],[-117.091451,33.471614],[-117.091537,33.471704],[-117.09154,33.471824],[-117.09155,33.47188],[-117.09158,33.471939],[-117.091615,33.47197],[-117.091641,33.47201],[-117.09162,33.4722],[-117.091583,33.472247],[-117.091529,33.472276],[-117.0914,33.472299],[-117.091314,33.472288],[-117.091153,33.472247],[-117.091137,33.472039]]]}},{"type":"Feature","properties":{"k":"wood"},"geometry":{"type":"Polygon","coordinates":[[[-117.091049,33.472265],[-117.091084,33.472261],[-117.091153,33.472267],[-117.091204,33.47233],[-117.091199,33.472373],[-117.091167,33.472426],[-117.091127,33.472444],[-117.091049,33.472458],[-117.091009,33.472458],[-117.090966,33.472435],[-117.090947,33.472402],[-117.090949,33.47237],[-117.090976,33.472344],[-117.091035,33.472323],[-117.091049,33.472265]]]}},{"type":"Feature","properties":{"k":"wood"},"geometry":{"type":"Polygon","coordinates":[[[-117.090295,33.471833],[-117.090247,33.471842],[-117.090212,33.471865],[-117.090185,33.471918],[-117.090196,33.471965],[-117.090231,33.472003],[-117.090287,33.472035],[-117.090405,33.472035],[-117.090437,33.472055],[-117.090448,33.472097],[-117.090443,33.472131],[-117.090475,33.472171],[-117.090526,33.472194],[-117.090574,33.472205],[-117.090604,33.472194],[-117.090609,33.472164],[-117.090585,33.472149],[-117.090569,33.4721],[-117.090561,33.472066],[-117.090566,33.472032],[-117.090544,33.471947],[-117.090367,33.471883],[-117.090327,33.47186],[-117.090325,33.471836],[-117.090295,33.471833]]]}},{"type":"Feature","properties":{"k":"stream"},"geometry":{"type":"LineString","coordinates":[[-117.09118,33.472364],[-117.091242,33.472408],[-117.091387,33.472462],[-117.091462,33.472487],[-117.091609,33.47252],[-117.091733,33.472563],[-117.091921,33.472614],[-117.092012,33.472628],[-117.092095,33.47263],[-117.092222,33.472622]]}},{"type":"Feature","properties":{"k":"bunker"},"geometry":{"type":"Polygon","coordinates":[[[-117.092343,33.469352],[-117.092354,33.469343],[-117.092332,33.469318],[-117.092329,33.469287],[-117.092316,33.46928],[-117.092294,33.46928],[-117.092262,33.469318],[-117.092238,33.469325],[-117.092236,33.46935],[-117.092262,33.469356],[-117.092286,33.46935],[-117.092343,33.469352]]]}},{"type":"Feature","properties":{"k":"bunker"},"geometry":{"type":"Polygon","coordinates":[[[-117.092275,33.469584],[-117.092293,33.469602],[-117.09236,33.469629],[-117.092371,33.469649],[-117.09232,33.469694],[-117.092264,33.469707],[-117.092248,33.469696],[-117.092245,33.469681],[-117.092264,33.46964],[-117.092253,33.4696],[-117.092275,33.469584]]]}},{"type":"Feature","properties":{"k":"bunker"},"geometry":{"type":"Polygon","coordinates":[[[-117.091397,33.470154],[-117.091397,33.470138],[-117.091354,33.470125],[-117.091343,33.470114],[-117.091319,33.470114],[-117.091282,33.470154],[-117.091282,33.470185],[-117.091295,33.470214],[-117.091327,33.470217],[-117.091351,33.470205],[-117.091346,33.470179],[-117.091397,33.470154]]]}},{"type":"Feature","properties":{"k":"fairway"},"geometry":{"type":"Polygon","coordinates":[[[-117.092373,33.469526],[-117.092295,33.469499],[-117.09222,33.469514],[-117.092177,33.469514],[-117.092129,33.469494],[-117.092056,33.469481],[-117.092019,33.469494],[-117.091802,33.469704],[-117.091675,33.469899],[-117.09152,33.470011],[-117.09138,33.47023],[-117.091244,33.47034],[-117.091219,33.470411],[-117.091284,33.470577],[-117.091284,33.470718],[-117.091351,33.470839],[-117.091555,33.47111],[-117.091604,33.471126],[-117.091641,33.471123],[-117.091684,33.471089],[-117.091684,33.471033],[-117.091576,33.470814],[-117.091576,33.470743],[-117.091614,33.47062],[-117.091635,33.470575],[-117.091705,33.470501],[-117.091742,33.470447],[-117.091756,33.470338],[-117.091772,33.4703],[-117.091911,33.470096],[-117.091979,33.469973],[-117.092016,33.469921],[-117.092105,33.469879],[-117.092147,33.469848],[-117.092172,33.469819],[-117.092177,33.469754],[-117.092196,33.469704],[-117.092196,33.469657],[-117.092209,33.469624],[-117.092233,33.469602],[-117.092367,33.469552],[-117.092373,33.469526]]]}},{"type":"Feature","properties":{"k":"bunker"},"geometry":{"type":"Polygon","coordinates":[[[-117.091701,33.470583],[-117.091747,33.470562],[-117.09176,33.470547],[-117.09176,33.470527],[-117.091779,33.470518],[-117.091803,33.470527],[-117.091825,33.470551],[-117.091852,33.470551],[-117.091876,33.470565],[-117.091852,33.470589],[-117.091841,33.470639],[-117.09179,33.470677],[-117.091774,33.470701],[-117.091766,33.470753],[-117.091709,33.470793],[-117.091677,33.470791],[-117.091656,33.470757],[-117.091656,33.470739],[-117.091704,33.470699],[-117.091715,33.470681],[-117.091696,33.470612],[-117.091701,33.470583]]]}},{"type":"Feature","properties":{"k":"bunker"},"geometry":{"type":"Polygon","coordinates":[[[-117.092259,33.469413],[-117.092233,33.469406],[-117.092179,33.469366],[-117.092158,33.469375],[-117.092144,33.4694],[-117.092144,33.469426],[-117.092174,33.469447],[-117.092203,33.469453],[-117.092235,33.469447],[-117.092251,33.469433],[-117.092259,33.469413]]]}},{"type":"Feature","properties":{"k":"green"},"geometry":{"type":"Polygon","coordinates":[[[-117.09118,33.468249],[-117.091178,33.468341],[-117.091226,33.468412],[-117.091258,33.468424],[-117.09133,33.468379],[-117.091384,33.46833],[-117.091389,33.468269],[-117.091416,33.468249],[-117.091459,33.468233],[-117.09147,33.468207],[-117.091467,33.46818],[-117.091435,33.468144],[-117.091397,33.468139],[-117.091336,33.468153],[-117.09118,33.468249]]]}},{"type":"Feature","properties":{"k":"bunker"},"geometry":{"type":"Polygon","coordinates":[[[-117.090834,33.468699],[-117.090791,33.468688],[-117.090772,33.468692],[-117.090724,33.468719],[-117.090714,33.468741],[-117.090735,33.468752],[-117.09074,33.468775],[-117.090767,33.468784],[-117.090775,33.468766],[-117.090794,33.468759],[-117.090823,33.468768],[-117.090848,33.468761],[-117.090858,33.468746],[-117.090842,33.468734],[-117.090861,33.468723],[-117.090834,33.468699]]]}},{"type":"Feature","properties":{"k":"path"},"geometry":{"type":"LineString","coordinates":[[-117.092238,33.467997],[-117.092175,33.46801],[-117.091955,33.467983],[-117.091875,33.467954],[-117.09181,33.467913],[-117.091698,33.467824],[-117.091591,33.467777],[-117.091448,33.46777],[-117.091405,33.467761],[-117.091344,33.467714],[-117.091247,33.467665],[-117.091116,33.467656],[-117.09051,33.467508],[-117.09041,33.467477],[-117.090239,33.467399],[-117.090148,33.46737],[-117.09004,33.467242],[-117.089989,33.467202],[-117.089887,33.467166],[-117.089826,33.467099],[-117.089783,33.467027],[-117.08974,33.466989],[-117.089606,33.466924],[-117.089568,33.466898],[-117.089528,33.466839],[-117.089397,33.466732],[-117.089364,33.466692],[-117.08934,33.466638],[-117.089292,33.466582],[-117.089083,33.466401],[-117.089013,33.466352],[-117.088833,33.466249],[-117.088651,33.466101],[-117.088495,33.466054],[-117.088447,33.466034],[-117.088399,33.466003],[-117.088334,33.46594],[-117.088133,33.465786],[-117.08808,33.465712],[-117.087994,33.465631],[-117.087852,33.465622],[-117.087717,33.465629],[-117.087591,33.465613],[-117.087477,33.465632],[-117.087417,33.46566],[-117.087341,33.465712],[-117.087307,33.465776],[-117.087326,33.465835],[-117.087321,33.465951],[-117.087361,33.466059],[-117.087355,33.466094],[-117.087329,33.466159],[-117.087326,33.466208],[-117.087339,33.466246],[-117.087374,33.466291],[-117.087425,33.466329],[-117.087477,33.466353],[-117.087538,33.466367],[-117.087618,33.466374],[-117.087683,33.466412],[-117.087752,33.466466],[-117.087908,33.466627],[-117.088096,33.466844],[-117.088171,33.466951],[-117.088246,33.467117],[-117.088283,33.46715],[-117.088474,33.46726],[-117.088675,33.467455],[-117.088833,33.467585],[-117.088962,33.467712],[-117.089168,33.467837],[-117.08941,33.46792],[-117.089622,33.468137],[-117.089834,33.468298],[-117.089901,33.468361],[-117.090156,33.468674],[-117.09022,33.468741],[-117.09029,33.468784],[-117.090373,33.46882],[-117.090558,33.468862],[-117.09066,33.468866],[-117.090765,33.468858],[-117.090848,33.468844],[-117.09092,33.468822],[-117.091124,33.468672],[-117.091186,33.468649],[-117.091306,33.468623],[-117.091341,33.468591],[-117.091462,33.468531],[-117.091591,33.468446],[-117.091692,33.468332],[-117.091738,33.468307],[-117.092009,33.46824],[-117.092165,33.468184],[-117.092242,33.468166],[-117.092284,33.468165]]}},{"type":"Feature","properties":{"k":"bunker"},"geometry":{"type":"Polygon","coordinates":[[[-117.091416,33.468265],[-117.09147,33.468249],[-117.091499,33.468256],[-117.091507,33.46828],[-117.091489,33.4683],[-117.091462,33.468309],[-117.09143,33.468294],[-117.091416,33.468265]]]}},{"type":"Feature","properties":{"k":"bunker"},"geometry":{"type":"Polygon","coordinates":[[[-117.090995,33.468594],[-117.091025,33.468578],[-117.091052,33.468582],[-117.091054,33.468627],[-117.09107,33.468652],[-117.091049,33.468663],[-117.091022,33.468661],[-117.091001,33.46867],[-117.090976,33.468665],[-117.090952,33.468605],[-117.090966,33.468591],[-117.090995,33.468594]]]}},{"type":"Feature","properties":{"k":"fairway"},"geometry":{"type":"Polygon","coordinates":[[[-117.08982,33.468048],[-117.089992,33.468231],[-117.09018,33.468374],[-117.090306,33.46852],[-117.09033,33.468573],[-117.090338,33.468616],[-117.090373,33.468667],[-117.090443,33.468694],[-117.090515,33.46871],[-117.090577,33.468699],[-117.090904,33.468587],[-117.091017,33.468564],[-117.0911,33.468564],[-117.091161,33.468556],[-117.091183,33.468533],[-117.09118,33.468504],[-117.091161,33.468477],[-117.091113,33.468459],[-117.09103,33.468493],[-117.090949,33.468495],[-117.090837,33.468468],[-117.090421,33.46826],[-117.090282,33.468175],[-117.090123,33.467934],[-117.090062,33.467902],[-117.08992,33.46786],[-117.089871,33.46786],[-117.089828,33.467869],[-117.08978,33.467931],[-117.089772,33.467965],[-117.08982,33.468048]]]}},{"type":"Feature","properties":{"k":"bunker"},"geometry":{"type":"Polygon","coordinates":[[[-117.091363,33.468403],[-117.091414,33.468435],[-117.091411,33.468457],[-117.091363,33.468464],[-117.091344,33.468477],[-117.09132,33.46848],[-117.091301,33.468471],[-117.09129,33.468459],[-117.091301,33.468444],[-117.091322,33.468439],[-117.091363,33.468403]]]}},{"type":"Feature","properties":{"k":"path"},"geometry":{"type":"LineString","coordinates":[[-117.087712,33.46549],[-117.08781,33.465625]]}},{"type":"Feature","properties":{"k":"path"},"geometry":{"type":"LineString","coordinates":[[-117.087341,33.465712],[-117.086929,33.465913],[-117.086854,33.465958],[-117.086701,33.466014],[-117.08658,33.466083],[-117.086462,33.466126],[-117.086248,33.466184],[-117.086164,33.466215],[-117.086087,33.466246],[-117.085995,33.466305],[-117.085926,33.466374],[-117.08588,33.466439],[-117.085853,33.466497],[-117.085837,33.466566],[-117.085859,33.466698],[-117.085907,33.46688],[-117.085912,33.467016],[-117.085877,33.467287],[-117.08584,33.467356],[-117.085805,33.467381],[-117.085759,33.467381],[-117.085451,33.467315]]}},{"type":"Feature","properties":{"k":"tee"},"geometry":{"type":"Polygon","coordinates":[[[-117.088066,33.466736],[-117.088077,33.466772],[-117.088098,33.466797],[-117.088157,33.466819],[-117.088155,33.46688],[-117.088176,33.466909],[-117.088246,33.466909],[-117.088259,33.466889],[-117.088259,33.466866],[-117.088246,33.466844],[-117.088187,33.466804],[-117.088176,33.466779],[-117.088176,33.466752],[-117.088152,33.466718],[-117.08809,33.466718],[-117.088066,33.466736]]]}},{"type":"Feature","properties":{"k":"tee"},"geometry":{"type":"Polygon","coordinates":[[[-117.087795,33.466381],[-117.087771,33.46639],[-117.087763,33.466417],[-117.087784,33.46645],[-117.087825,33.466486],[-117.087854,33.466488],[-117.087876,33.466475],[-117.087878,33.466448],[-117.087841,33.466394],[-117.087795,33.466381]]]}},{"type":"Feature","properties":{"k":"tee"},"geometry":{"type":"Polygon","coordinates":[[[-117.087436,33.466177],[-117.087481,33.466191],[-117.087524,33.46622],[-117.087546,33.46626],[-117.087538,33.466296],[-117.087495,33.466309],[-117.087401,33.466285],[-117.087363,33.466222],[-117.087377,33.466191],[-117.087404,33.466179],[-117.087436,33.466177]]]}},{"type":"Feature","properties":{"k":"tee"},"geometry":{"type":"Polygon","coordinates":[[[-117.087997,33.466562],[-117.08798,33.466584],[-117.087978,33.466625],[-117.087988,33.466656],[-117.088015,33.46669],[-117.088055,33.466687],[-117.08808,33.466667],[-117.088077,33.466636],[-117.088058,33.466595],[-117.088029,33.466569],[-117.087997,33.466562]]]}},{"type":"Feature","properties":{"k":"fairway"},"geometry":{"type":"Polygon","coordinates":[[[-117.089467,33.467779],[-117.089448,33.467817],[-117.089391,33.467828],[-117.089311,33.467819],[-117.089193,33.467777],[-117.089021,33.467672],[-117.088415,33.467115],[-117.088407,33.467074],[-117.088415,33.467016],[-117.088436,33.466983],[-117.088482,33.466965],[-117.088544,33.46696],[-117.088627,33.466985],[-117.088742,33.467061],[-117.089008,33.467285],[-117.089061,33.467341],[-117.089166,33.467497],[-117.089252,33.467564],[-117.089423,33.467674],[-117.089458,33.467723],[-117.089467,33.467779]]]}},{"type":"Feature","properties":{"k":"bunker"},"geometry":{"type":"Polygon","coordinates":[[[-117.091341,33.464468],[-117.091365,33.46448],[-117.091395,33.464482],[-117.091427,33.4645],[-117.091427,33.464556],[-117.091408,33.464578],[-117.091349,33.464582],[-117.091333,33.464565],[-117.091344,33.464529],[-117.091323,33.464498],[-117.091341,33.464468]]]}},{"type":"Feature","properties":{"k":"water"},"geometry":{"type":"Polygon","coordinates":[[[-117.092598,33.466316],[-117.092623,33.466316],[-117.092655,33.466338],[-117.092755,33.466472],[-117.092792,33.46666],[-117.092795,33.466837],[-117.092814,33.466902],[-117.092937,33.467041],[-117.093055,33.467235],[-117.093117,33.467314],[-117.093119,33.467359],[-117.093093,33.467385],[-117.093047,33.467403],[-117.092967,33.467403],[-117.092921,33.467388],[-117.092891,33.467359],[-117.09272,33.467249],[-117.092655,33.467193],[-117.092621,33.467144],[-117.092578,33.467117],[-117.092511,33.46709],[-117.092484,33.46707],[-117.092444,33.467036],[-117.092406,33.466976],[-117.092363,33.466669],[-117.092358,33.466553],[-117.092502,33.466396],[-117.092537,33.466345],[-117.092564,33.466325],[-117.092598,33.466316]]]}},{"type":"Feature","properties":{"k":"bunker"},"geometry":{"type":"Polygon","coordinates":[[[-117.09223,33.46533],[-117.092217,33.465355],[-117.092228,33.465382],[-117.092287,33.465404],[-117.092311,33.465393],[-117.092322,33.465373],[-117.092306,33.465348],[-117.092281,33.465348],[-117.09223,33.46533]]]}},{"type":"Feature","properties":{"k":"bunker"},"geometry":{"type":"Polygon","coordinates":[[[-117.092144,33.465293],[-117.092171,33.465306],[-117.092168,33.465333],[-117.092114,33.465331],[-117.092085,33.46532],[-117.09208,33.465286],[-117.092104,33.465282],[-117.092144,33.465293]]]}},{"type":"Feature","properties":{"k":"wood"},"geometry":{"type":"Polygon","coordinates":[[[-117.091553,33.463872],[-117.091593,33.463854],[-117.091607,33.463825],[-117.091599,33.463805],[-117.091561,33.463781],[-117.091414,33.46376],[-117.091344,33.463763],[-117.091285,33.463778],[-117.091236,33.463805],[-117.091199,33.463837],[-117.09118,33.463872],[-117.091175,33.463908],[-117.091129,33.463998],[-117.091121,33.464045],[-117.091156,33.464083],[-117.091183,33.464096],[-117.091228,33.464085],[-117.091269,33.464063],[-117.09129,33.464038],[-117.091352,33.463928],[-117.091387,33.463893],[-117.091427,33.463872],[-117.091473,33.463866],[-117.091553,33.463872]]]}},{"type":"Feature","properties":{"k":"path"},"geometry":{"type":"LineString","coordinates":[[-117.08625,33.464497],[-117.086119,33.464311],[-117.08602,33.464233],[-117.085883,33.464101],[-117.085773,33.464011],[-117.085738,33.463991],[-117.085572,33.463933],[-117.085231,33.463664],[-117.08518,33.463617],[-117.08515,33.463572],[-117.085067,33.463499],[-117.084936,33.463438],[-117.084847,33.463376],[-117.084711,33.463201],[-117.084657,33.463145],[-117.084555,33.46306],[-117.08437,33.462825],[-117.084292,33.462742],[-117.084241,33.462702],[-117.084193,33.462677],[-117.084145,33.462673],[-117.083807,33.46276],[-117.083745,33.462792],[-117.083595,33.462989],[-117.083579,33.463022],[-117.083496,33.463306],[-117.083493,33.463335],[-117.083536,33.463465],[-117.083555,33.463487],[-117.083597,33.46351],[-117.08374,33.463561],[-117.08378,33.463586],[-117.08382,33.463631],[-117.083879,33.463716],[-117.083901,33.463765],[-117.083946,33.463937],[-117.084011,33.464038],[-117.084091,33.464116],[-117.08434,33.46432],[-117.084799,33.464608],[-117.085518,33.465145],[-117.085537,33.465179],[-117.085558,33.465345],[-117.085593,33.465436],[-117.085684,33.465515],[-117.085714,33.465557],[-117.085816,33.465645],[-117.085885,33.465691],[-117.085934,33.465712],[-117.086041,33.465725],[-117.086124,33.465714],[-117.086202,33.465674],[-117.086317,33.465658],[-117.086371,33.465636],[-117.086494,33.465513],[-117.086548,33.465495],[-117.086634,33.465481],[-117.086811,33.465439],[-117.087044,33.465318],[-117.087176,33.465222],[-117.087216,33.465154],[-117.087196,33.46515]]}},{"type":"Feature","properties":{"k":"path"},"geometry":{"type":"LineString","coordinates":[[-117.086304,33.464613],[-117.086323,33.464759],[-117.086317,33.464792],[-117.086328,33.464827],[-117.08643,33.464858],[-117.086474,33.464875],[-117.08652,33.464903],[-117.086561,33.464913],[-117.086678,33.464906],[-117.08672,33.464921],[-117.086749,33.46496],[-117.086812,33.465119],[-117.086836,33.46515],[-117.086874,33.46517],[-117.086917,33.46517],[-117.087021,33.465128],[-117.087067,33.465117],[-117.087161,33.465122],[-117.087196,33.46515],[-117.087248,33.465117],[-117.087296,33.46511],[-117.08739,33.465119],[-117.087428,33.465145],[-117.087452,33.465175]]}},{"type":"Feature","properties":{"k":"path"},"geometry":{"type":"LineString","coordinates":[[-117.086304,33.464613],[-117.08625,33.464497]]}},{"type":"Feature","properties":{"k":"green"},"geometry":{"type":"Polygon","coordinates":[[[-117.087353,33.464877],[-117.087366,33.464908],[-117.087404,33.46492],[-117.08746,33.464899],[-117.087557,33.46483],[-117.087546,33.464794],[-117.087425,33.464669],[-117.087404,33.464653],[-117.087369,33.464647],[-117.087304,33.464664],[-117.087291,33.464689],[-117.087353,33.464877]]]}},{"type":"Feature","properties":{"k":"bunker"},"geometry":{"type":"Polygon","coordinates":[[[-117.087291,33.464602],[-117.087312,33.464615],[-117.087251,33.464678],[-117.087237,33.464705],[-117.087213,33.464705],[-117.087189,33.464689],[-117.087178,33.464667],[-117.087189,33.464642],[-117.087221,33.464622],[-117.087291,33.464602]]]}},{"type":"Feature","properties":{"k":"bunker"},"geometry":{"type":"Polygon","coordinates":[[[-117.0875,33.464911],[-117.087481,33.464931],[-117.087489,33.464955],[-117.087522,33.464964],[-117.087557,33.464949],[-117.087564,33.464937],[-117.087559,33.464922],[-117.08754,33.464906],[-117.087522,33.464899],[-117.0875,33.464911]]]}},{"type":"Feature","properties":{"k":"tee"},"geometry":{"type":"Polygon","coordinates":[[[-117.086622,33.465033],[-117.086651,33.465062],[-117.086694,33.465082],[-117.086735,33.465084],[-117.086751,33.465064],[-117.086753,33.465028],[-117.086743,33.46499],[-117.086724,33.464955],[-117.086686,33.46493],[-117.086635,33.46493],[-117.086601,33.464952],[-117.086603,33.464993],[-117.086622,33.465033]]]}},{"type":"Feature","properties":{"k":"tee"},"geometry":{"type":"Polygon","coordinates":[[[-117.08639,33.463423],[-117.086409,33.463454],[-117.086403,33.463479],[-117.086382,33.463487],[-117.086323,33.463494],[-117.086296,33.463472],[-117.086293,33.463445],[-117.086307,33.463423],[-117.086336,33.463407],[-117.08639,33.463423]]]}},{"type":"Feature","properties":{"k":"bunker"},"geometry":{"type":"Polygon","coordinates":[[[-117.087248,33.464832],[-117.08724,33.464861],[-117.087248,33.464895],[-117.087275,33.464908],[-117.087304,33.464891],[-117.087302,33.464864],[-117.087277,33.464844],[-117.087248,33.464832]]]}},{"type":"Feature","properties":{"k":"tee"},"geometry":{"type":"Polygon","coordinates":[[[-117.086298,33.463286],[-117.086333,33.463297],[-117.086363,33.463331],[-117.08636,33.463358],[-117.086339,33.463376],[-117.086301,33.463387],[-117.086274,33.463369],[-117.086266,33.463338],[-117.08628,33.463304],[-117.086298,33.463286]]]}},{"type":"Feature","properties":{"k":"wood"},"geometry":{"type":"Polygon","coordinates":[[[-117.08746,33.465087],[-117.08743,33.465047],[-117.087441,33.465016],[-117.087581,33.464971],[-117.087599,33.464946],[-117.087602,33.464879],[-117.087594,33.464835],[-117.08761,33.464808],[-117.087656,33.464787],[-117.087712,33.464792],[-117.087787,33.464817],[-117.087825,33.464857],[-117.087825,33.464937],[-117.087567,33.46511],[-117.087519,33.465119],[-117.08746,33.465087]]]}},{"type":"Feature","properties":{"k":"tee"},"geometry":{"type":"Polygon","coordinates":[[[-117.086398,33.463548],[-117.08643,33.463575],[-117.086435,33.463613],[-117.086414,33.463635],[-117.086384,33.463637],[-117.086347,33.463622],[-117.086331,33.463566],[-117.086339,33.46355],[-117.086355,33.463541],[-117.086398,33.463548]]]}},{"type":"Feature","properties":{"k":"wood"},"geometry":{"type":"Polygon","coordinates":[[[-117.085775,33.465721],[-117.085893,33.465739],[-117.085963,33.465772],[-117.086004,33.465808],[-117.086004,33.465857],[-117.085969,33.465888],[-117.085821,33.465942],[-117.08577,33.465947],[-117.085735,33.465926],[-117.085706,33.465884],[-117.085673,33.465776],[-117.085673,33.465739],[-117.08569,33.465718],[-117.085724,33.465712],[-117.085775,33.465721]]]}},{"type":"Feature","properties":{"k":"rough"},"geometry":{"type":"Polygon","coordinates":[[[-117.086518,33.463519],[-117.086556,33.46353],[-117.086687,33.463505],[-117.086744,33.463505],[-117.086771,33.463526],[-117.08676,33.463561],[-117.086728,33.463572],[-117.086703,33.463633],[-117.086682,33.46364],[-117.086639,33.463635],[-117.086585,33.463586],[-117.08651,33.463548],[-117.086518,33.463519]]]}},{"type":"Feature","properties":{"k":"stream"},"geometry":{"type":"LineString","coordinates":[[-117.083005,33.463317],[-117.08323,33.463223],[-117.083421,33.463161],[-117.083598,33.463167]]}},{"type":"Feature","properties":{"k":"green"},"geometry":{"type":"Polygon","coordinates":[[[-117.088109,33.459607],[-117.088074,33.459634],[-117.08805,33.459665],[-117.088045,33.459708],[-117.088066,33.459755],[-117.088074,33.459847],[-117.088122,33.459927],[-117.088112,33.460019],[-117.088125,33.460046],[-117.088157,33.460071],[-117.088187,33.460071],[-117.088224,33.460035],[-117.088264,33.459941],[-117.088246,33.459862],[-117.088243,33.459789],[-117.088192,33.459713],[-117.088189,33.459616],[-117.08816,33.459603],[-117.088109,33.459607]]]}},{"type":"Feature","properties":{"k":"bunker"},"geometry":{"type":"Polygon","coordinates":[[[-117.088302,33.459907],[-117.088369,33.459943],[-117.088393,33.459938],[-117.088407,33.459918],[-117.088364,33.459865],[-117.088353,33.459822],[-117.088329,33.459809],[-117.088302,33.459806],[-117.088281,33.459815],[-117.088262,33.459838],[-117.088262,33.459865],[-117.088275,33.459887],[-117.088302,33.459907]]]}},{"type":"Feature","properties":{"k":"tee"},"geometry":{"type":"Polygon","coordinates":[[[-117.091134,33.462742],[-117.091175,33.462762],[-117.091212,33.462823],[-117.091223,33.462868],[-117.09122,33.462892],[-117.091191,33.462901],[-117.091156,33.462883],[-117.091102,33.462821],[-117.091086,33.46278],[-117.091094,33.462751],[-117.091105,33.462738],[-117.091134,33.462742]]]}},{"type":"Feature","properties":{"k":"wood"},"geometry":{"type":"Polygon","coordinates":[[[-117.088868,33.460122],[-117.088938,33.4602],[-117.089085,33.460312],[-117.089123,33.460321],[-117.089155,33.460312],[-117.089152,33.460283],[-117.089123,33.460232],[-117.089056,33.460185],[-117.088986,33.460122],[-117.088919,33.460091],[-117.088881,33.460084],[-117.08886,33.4601],[-117.088868,33.460122]]]}},{"type":"Feature","properties":{"k":"bunker"},"geometry":{"type":"Polygon","coordinates":[[[-117.088656,33.460565],[-117.088632,33.46059],[-117.088653,33.46061],[-117.088643,33.460639],[-117.088664,33.460657],[-117.088726,33.460637],[-117.088758,33.460637],[-117.08879,33.460617],[-117.088788,33.460596],[-117.088755,33.460585],[-117.088734,33.460543],[-117.088707,33.460536],[-117.088656,33.460565]]]}},{"type":"Feature","properties":{"k":"tee"},"geometry":{"type":"Polygon","coordinates":[[[-117.091408,33.463253],[-117.091456,33.463273],[-117.091499,33.463373],[-117.091478,33.4634],[-117.091446,33.463411],[-117.091397,33.463382],[-117.091368,33.463335],[-117.09136,33.463295],[-117.091368,33.463268],[-117.091408,33.463253]]]}},{"type":"Feature","properties":{"k":"tee"},"geometry":{"type":"Polygon","coordinates":[[[-117.091062,33.462534],[-117.09107,33.462575],[-117.091051,33.462606],[-117.090984,33.462606],[-117.090949,33.462545],[-117.090949,33.462521],[-117.090973,33.462498],[-117.091014,33.462498],[-117.091043,33.462514],[-117.091062,33.462534]]]}},{"type":"Feature","properties":{"k":"wood"},"geometry":{"type":"Polygon","coordinates":[[[-117.089565,33.460757],[-117.089654,33.460825],[-117.089769,33.460894],[-117.089866,33.46093],[-117.089933,33.460941],[-117.08997,33.460937],[-117.089986,33.46091],[-117.089986,33.460881],[-117.089903,33.460766],[-117.089855,33.460724],[-117.089715,33.460679],[-117.08963,33.460673],[-117.089576,33.460697],[-117.089557,33.460726],[-117.089565,33.460757]]]}},{"type":"Feature","properties":{"k":"bunker"},"geometry":{"type":"Polygon","coordinates":[[[-117.088281,33.459999],[-117.08831,33.460015],[-117.088337,33.460006],[-117.088356,33.45999],[-117.088385,33.459995],[-117.08842,33.460062],[-117.088452,33.460088],[-117.088479,33.460124],[-117.088479,33.46016],[-117.088463,33.46018],[-117.088431,33.460178],[-117.088396,33.460133],[-117.088367,33.46012],[-117.08834,33.460129],[-117.088313,33.460127],[-117.088289,33.460077],[-117.08824,33.460042],[-117.088243,33.460019],[-117.088256,33.459999],[-117.088281,33.459999]]]}},{"type":"Feature","properties":{"k":"fairway"},"geometry":{"type":"Polygon","coordinates":[[[-117.090794,33.461959],[-117.090853,33.46204],[-117.090901,33.462082],[-117.090925,33.462185],[-117.090893,33.462232],[-117.090829,33.462239],[-117.090756,33.462237],[-117.090673,33.462207],[-117.090625,33.462176],[-117.090576,33.462129],[-117.090488,33.462017],[-117.090375,33.461838],[-117.090381,33.461735],[-117.090362,33.461662],[-117.090303,33.461534],[-117.090249,33.461474],[-117.090209,33.461451],[-117.090147,33.461433],[-117.090008,33.461411],[-117.08996,33.461377],[-117.089825,33.46125],[-117.089681,33.461154],[-117.089474,33.461055],[-117.089364,33.461015],[-117.089305,33.460966],[-117.089182,33.460887],[-117.088973,33.460818],[-117.088895,33.460762],[-117.088838,33.460695],[-117.088812,33.460596],[-117.088785,33.460547],[-117.088672,33.460496],[-117.088535,33.460471],[-117.08845,33.460444],[-117.088385,33.460402],[-117.088114,33.46027],[-117.088093,33.460245],[-117.08808,33.460196],[-117.088082,33.460142],[-117.088104,33.460111],[-117.08813,33.460097],[-117.088179,33.460097],[-117.088283,33.460149],[-117.08838,33.460216],[-117.088442,33.460229],[-117.088485,33.460229],[-117.088527,33.460211],[-117.088544,33.460185],[-117.088544,33.460156],[-117.088509,33.460084],[-117.088482,33.46005],[-117.088466,33.459995],[-117.088476,33.459974],[-117.088501,33.459963],[-117.08853,33.459965],[-117.08856,33.459986],[-117.088597,33.460015],[-117.088645,33.460082],[-117.088675,33.46018],[-117.088699,33.460229],[-117.088763,33.460294],[-117.089198,33.460601],[-117.089632,33.460887],[-117.089785,33.460954],[-117.089957,33.4611],[-117.090002,33.461122],[-117.090123,33.461156],[-117.090155,33.461174],[-117.090233,33.461239],[-117.090512,33.46138],[-117.09063,33.461474],[-117.090673,33.461565],[-117.090737,33.46165],[-117.090761,33.4617],[-117.090778,33.461767],[-117.090783,33.461908],[-117.090794,33.461959]]]}},{"type":"Feature","properties":{"k":"bunker"},"geometry":{"type":"Polygon","coordinates":[[[-117.09011,33.461485],[-117.090177,33.461503],[-117.090212,33.461521],[-117.090241,33.461581],[-117.090276,33.461603],[-117.090295,33.461626],[-117.090284,33.461657],[-117.09033,33.461711],[-117.09033,33.461756],[-117.09034,33.461796],[-117.090332,33.461827],[-117.090295,33.461843],[-117.090273,33.461834],[-117.090255,33.461812],[-117.090241,33.461756],[-117.09018,33.461738],[-117.090171,33.461711],[-117.090185,33.461693],[-117.090185,33.461666],[-117.090134,33.461644],[-117.090115,33.461621],[-117.090123,33.461601],[-117.090153,33.46159],[-117.090153,33.46157],[-117.090137,33.461552],[-117.090102,33.461536],[-117.090086,33.461521],[-117.090083,33.461498],[-117.09011,33.461485]]]}},{"type":"Feature","properties":{"k":"tee"},"geometry":{"type":"Polygon","coordinates":[[[-117.091403,33.462919],[-117.091451,33.462946],[-117.091483,33.46298],[-117.091483,33.463033],[-117.091472,33.46308],[-117.091451,33.463096],[-117.091416,33.463094],[-117.091378,33.463058],[-117.09133,33.462968],[-117.091365,33.462924],[-117.091403,33.462919]]]}},{"type":"Feature","properties":{"k":"wood"},"geometry":{"type":"Polygon","coordinates":[[[-117.089335,33.461167],[-117.089613,33.461339],[-117.089756,33.461494],[-117.089796,33.461496],[-117.089809,33.461469],[-117.089807,33.461436],[-117.089729,33.461346],[-117.089611,33.461259],[-117.089517,33.461194],[-117.089434,33.461165],[-117.089375,33.461154],[-117.089335,33.461167]]]}},{"type":"Feature","properties":{"k":"bunker"},"geometry":{"type":"Polygon","coordinates":[[[-117.088672,33.460699],[-117.088739,33.460713],[-117.088771,33.460702],[-117.088798,33.460724],[-117.088788,33.460782],[-117.088812,33.460796],[-117.088841,33.460789],[-117.088865,33.460809],[-117.088855,33.460831],[-117.088871,33.460856],[-117.0889,33.460865],[-117.088908,33.46089],[-117.088881,33.46091],[-117.088796,33.46091],[-117.088761,33.460905],[-117.088753,33.460892],[-117.088686,33.460887],[-117.08868,33.460849],[-117.08871,33.460843],[-117.088726,33.460829],[-117.088726,33.460818],[-117.088694,33.460798],[-117.088688,33.46078],[-117.088694,33.460764],[-117.08868,33.460751],[-117.088653,33.460742],[-117.088637,33.460717],[-117.088637,33.460704],[-117.088672,33.460699]]]}},{"type":"Feature","properties":{"k":"bunker"},"geometry":{"type":"Polygon","coordinates":[[[-117.08824,33.459726],[-117.08827,33.459739],[-117.088299,33.459739],[-117.088324,33.459726],[-117.088294,33.459679],[-117.088264,33.459674],[-117.088232,33.459657],[-117.088206,33.459668],[-117.088217,33.459697],[-117.08824,33.459726]]]}},{"type":"Feature","properties":{"k":"path"},"geometry":{"type":"LineString","coordinates":[[-117.084799,33.467705],[-117.084856,33.467714],[-117.084904,33.46771],[-117.084931,33.467694],[-117.084952,33.467667],[-117.084965,33.467611],[-117.084922,33.46743]]}},{"type":"Feature","properties":{"k":"wood"},"geometry":{"type":"Polygon","coordinates":[[[-117.084456,33.467576],[-117.084421,33.467598],[-117.08441,33.467634],[-117.084445,33.467676],[-117.084515,33.467712],[-117.084566,33.467728],[-117.084609,33.467712],[-117.08462,33.467676],[-117.084593,33.467616],[-117.084641,33.467598],[-117.084689,33.467607],[-117.08474,33.46764],[-117.084805,33.467669],[-117.084808,33.467683],[-117.084776,33.467742],[-117.08471,33.467717],[-117.084644,33.467761],[-117.08463,33.467795],[-117.084641,33.467831],[-117.084676,33.467862],[-117.084748,33.467878],[-117.084837,33.46786],[-117.084885,33.467833],[-117.084904,33.467806],[-117.08489,33.467734],[-117.084856,33.467687],[-117.084789,33.467638],[-117.084721,33.467602],[-117.0847,33.467573],[-117.084657,33.467551],[-117.084614,33.467555],[-117.084563,33.467573],[-117.084456,33.467576]]]}},{"type":"Feature","properties":{"k":"wood"},"geometry":{"type":"Polygon","coordinates":[[[-117.088455,33.458173],[-117.088431,33.458204],[-117.088442,33.458229],[-117.088476,33.458227],[-117.088503,33.4582],[-117.088514,33.458175],[-117.088474,33.45816],[-117.088455,33.458173]]]}},{"type":"Feature","properties":{"k":"tee"},"geometry":{"type":"Polygon","coordinates":[[[-117.087548,33.458442],[-117.087589,33.458455],[-117.087621,33.45848],[-117.087637,33.458513],[-117.087626,33.458547],[-117.087578,33.458562],[-117.08754,33.45856],[-117.087495,33.458536],[-117.087478,33.458506],[-117.087473,33.458477],[-117.087487,33.458455],[-117.087508,33.458439],[-117.087548,33.458442]]]}},{"type":"Feature","properties":{"k":"tee"},"geometry":{"type":"Polygon","coordinates":[[[-117.08761,33.458759],[-117.087677,33.458818],[-117.087677,33.458853],[-117.087664,33.458878],[-117.087637,33.458889],[-117.087589,33.458882],[-117.087559,33.458867],[-117.087519,33.458804],[-117.0875,33.458788],[-117.087495,33.45875],[-117.087514,33.458728],[-117.087543,33.458724],[-117.08761,33.458759]]]}},{"type":"Feature","properties":{"k":"green"},"geometry":{"type":"Polygon","coordinates":[[[-117.088573,33.457999],[-117.088602,33.457956],[-117.088616,33.457916],[-117.088605,33.457853],[-117.088627,33.457817],[-117.088694,33.45775],[-117.088731,33.457737],[-117.088769,33.457737],[-117.088804,33.457761],[-117.088849,33.457822],[-117.088849,33.457902],[-117.088833,33.45796],[-117.088739,33.458045],[-117.088702,33.45807],[-117.088651,33.458079],[-117.088616,33.458077],[-117.088576,33.458045],[-117.088568,33.458023],[-117.088573,33.457999]]]}},{"type":"Feature","properties":{"k":"tee"},"geometry":{"type":"Polygon","coordinates":[[[-117.087889,33.458153],[-117.087913,33.458171],[-117.087943,33.458209],[-117.08794,33.45824],[-117.087921,33.458267],[-117.08787,33.458267],[-117.08783,33.458251],[-117.087806,33.458227],[-117.087803,33.4582],[-117.087811,33.458182],[-117.087846,33.458162],[-117.087889,33.458153]]]}},{"type":"Feature","properties":{"k":"wood"},"geometry":{"type":"Polygon","coordinates":[[[-117.088412,33.457996],[-117.088361,33.458016],[-117.088321,33.458055],[-117.088318,33.458086],[-117.088334,33.458113],[-117.088375,33.458108],[-117.088431,33.458061],[-117.088447,33.458037],[-117.088452,33.45801],[-117.088439,33.457996],[-117.088412,33.457996]]]}},{"type":"Feature","properties":{"k":"wood"},"geometry":{"type":"Polygon","coordinates":[[[-117.088844,33.457598],[-117.088801,33.457605],[-117.088782,33.457634],[-117.088801,33.457665],[-117.088924,33.457732],[-117.08897,33.457777],[-117.088989,33.457819],[-117.088989,33.457871],[-117.088914,33.458019],[-117.088876,33.458052],[-117.088836,33.458084],[-117.088729,33.458133],[-117.088694,33.458157],[-117.08856,33.458213],[-117.088525,33.458236],[-117.088506,33.458269],[-117.088506,33.458294],[-117.08852,33.458324],[-117.088908,33.458113],[-117.088983,33.45805],[-117.089018,33.457952],[-117.089023,33.457893],[-117.089018,33.457826],[-117.089056,33.457775],[-117.089058,33.457723],[-117.089042,33.457692],[-117.088916,33.457614],[-117.088844,33.457598]]]}},{"type":"Feature","properties":{"k":"wood"},"geometry":{"type":"Polygon","coordinates":[[[-117.087672,33.458623],[-117.087675,33.458603],[-117.087658,33.458578],[-117.087621,33.458578],[-117.087589,33.458591],[-117.087532,33.458591],[-117.087506,33.458576],[-117.087471,33.458571],[-117.087444,33.458591],[-117.087422,33.458623],[-117.087446,33.458647],[-117.087481,33.458663],[-117.087506,33.458643],[-117.087535,33.458641],[-117.08757,33.458665],[-117.087618,33.458665],[-117.087672,33.458623]]]}},{"type":"Feature","properties":{"k":"wood"},"geometry":{"type":"Polygon","coordinates":[[[-117.088219,33.458231],[-117.08824,33.458225],[-117.08827,33.458242],[-117.088254,33.458278],[-117.088224,33.458294],[-117.088189,33.458294],[-117.088176,33.458276],[-117.088176,33.458256],[-117.088219,33.458231]]]}},{"type":"Feature","properties":{"k":"tee"},"geometry":{"type":"Polygon","coordinates":[[[-117.087693,33.458641],[-117.087736,33.45865],[-117.087806,33.458708],[-117.087825,33.458742],[-117.087819,33.458768],[-117.087801,33.458786],[-117.087752,33.458791],[-117.087704,33.458777],[-117.087661,33.458744],[-117.087642,33.458712],[-117.087642,33.458681],[-117.087658,33.458661],[-117.087693,33.458641]]]}},{"type":"Feature","properties":{"k":"tee"},"geometry":{"type":"Polygon","coordinates":[[[-117.087693,33.458263],[-117.08776,33.458312],[-117.087766,33.458345],[-117.08775,33.458377],[-117.087672,33.458383],[-117.087615,33.458345],[-117.087607,33.458323],[-117.08761,33.458289],[-117.087634,33.458269],[-117.087658,33.45826],[-117.087693,33.458263]]]}},{"type":"Feature","properties":{"k":"wood"},"geometry":{"type":"Polygon","coordinates":[[[-117.087371,33.458417],[-117.087403,33.458415],[-117.087425,33.458392],[-117.087433,33.45837],[-117.087433,33.458339],[-117.087422,33.45831],[-117.08739,33.458292],[-117.087361,33.458292],[-117.087331,33.458318],[-117.087331,33.458363],[-117.087347,33.458404],[-117.087371,33.458417]]]}},{"type":"Feature","properties":{"k":"wood"},"geometry":{"type":"Polygon","coordinates":[[[-117.086323,33.459968],[-117.086274,33.460001],[-117.086245,33.46005],[-117.086258,33.460093],[-117.086339,33.460164],[-117.086374,33.460153],[-117.086384,33.460129],[-117.086376,33.460095],[-117.086331,33.460077],[-117.086309,33.460055],[-117.086323,33.460028],[-117.086344,33.460019],[-117.086382,33.460026],[-117.08639,33.459983],[-117.086368,33.459965],[-117.086323,33.459968]]]}},{"type":"Feature","properties":{"k":"wood"},"geometry":{"type":"Polygon","coordinates":[[[-117.085518,33.458706],[-117.085507,33.458683],[-117.085531,33.458663],[-117.085639,33.458647],[-117.085706,33.458659],[-117.085759,33.458699],[-117.085791,33.458764],[-117.085794,33.458909],[-117.085832,33.459046],[-117.085775,33.459079],[-117.085727,33.459073],[-117.085679,33.459048],[-117.085649,33.459003],[-117.085628,33.458943],[-117.085617,33.458813],[-117.085598,33.458755],[-117.085582,33.45873],[-117.085518,33.458706]]]}},{"type":"Feature","properties":{"k":"tee"},"geometry":{"type":"Polygon","coordinates":[[[-117.085682,33.45965],[-117.085673,33.459688],[-117.0857,33.459719],[-117.085738,33.459735],[-117.08577,33.459724],[-117.085791,33.459699],[-117.085791,33.459668],[-117.085781,33.459641],[-117.085754,33.459621],[-117.085719,33.459614],[-117.085695,33.459616],[-117.085682,33.45965]]]}},{"type":"Feature","properties":{"k":"wood"},"geometry":{"type":"Polygon","coordinates":[[[-117.086312,33.459885],[-117.086282,33.459916],[-117.086234,33.459912],[-117.086213,33.459945],[-117.086178,33.459977],[-117.086138,33.459977],[-117.086124,33.459947],[-117.086065,33.459905],[-117.086049,33.459869],[-117.086071,33.45986],[-117.086111,33.459784],[-117.086197,33.459699],[-117.086231,33.45969],[-117.086261,33.459704],[-117.086282,33.459748],[-117.086199,33.459813],[-117.086178,33.459849],[-117.086207,33.459862],[-117.086242,33.459851],[-117.08629,33.459854],[-117.086312,33.459885]]]}},{"type":"Feature","properties":{"k":"fairway"},"geometry":{"type":"Polygon","coordinates":[[[-117.086068,33.460077],[-117.086127,33.460093],[-117.086207,33.460198],[-117.086379,33.460352],[-117.0864,33.4604],[-117.0864,33.460451],[-117.086414,33.4605],[-117.086441,33.460543],[-117.086486,33.460576],[-117.086537,33.46063],[-117.086545,33.460677],[-117.086548,33.460854],[-117.086706,33.461055],[-117.086714,33.461102],[-117.086695,33.461198],[-117.086709,33.461245],[-117.086736,33.461295],[-117.086808,33.461357],[-117.086864,33.461442],[-117.086977,33.461529],[-117.087017,33.46157],[-117.087079,33.46167],[-117.087122,33.461724],[-117.087143,33.461776],[-117.087159,33.46197],[-117.087125,33.462002],[-117.087092,33.462002],[-117.087052,33.461988],[-117.086923,33.461832],[-117.086918,33.461778],[-117.086905,33.461747],[-117.08676,33.461641],[-117.086728,33.461601],[-117.086712,33.461523],[-117.08669,33.46148],[-117.08665,33.461453],[-117.086492,33.461375],[-117.086467,33.461342],[-117.086451,33.461299],[-117.086382,33.461024],[-117.086349,33.460981],[-117.086301,33.460939],[-117.086215,33.460883],[-117.086105,33.460792],[-117.086017,33.460596],[-117.085955,33.460315],[-117.085977,33.460109],[-117.086014,33.460084],[-117.086068,33.460077]]]}},{"type":"Feature","properties":{"k":"tee"},"geometry":{"type":"Polygon","coordinates":[[[-117.085526,33.459305],[-117.085494,33.459334],[-117.085537,33.459426],[-117.08558,33.459475],[-117.085606,33.459493],[-117.085641,33.459478],[-117.085652,33.459453],[-117.085649,33.459417],[-117.085593,33.45931],[-117.085566,33.459296],[-117.085526,33.459305]]]}},{"type":"Feature","properties":{"k":"green"},"geometry":{"type":"Polygon","coordinates":[[[-117.087168,33.461999],[-117.087141,33.462035],[-117.087149,33.462105],[-117.087173,33.462147],[-117.087251,33.462205],[-117.087288,33.462219],[-117.087339,33.462199],[-117.087379,33.462172],[-117.087465,33.462165],[-117.087487,33.462149],[-117.087487,33.462125],[-117.087452,33.462102],[-117.087363,33.462069],[-117.087304,33.462031],[-117.087219,33.461995],[-117.087168,33.461999]]]}},{"type":"Feature","properties":{"k":"tee"},"geometry":{"type":"Polygon","coordinates":[[[-117.085437,33.458733],[-117.085446,33.458717],[-117.085432,33.458692],[-117.0854,33.458683],[-117.085277,33.458708],[-117.085223,33.458757],[-117.08522,33.458793],[-117.085274,33.458929],[-117.085301,33.458963],[-117.085336,33.45897],[-117.085365,33.458952],[-117.085365,33.458929],[-117.085325,33.458833],[-117.085325,33.458806],[-117.085341,33.458779],[-117.085437,33.458733]]]}},{"type":"Feature","properties":{"k":"tee"},"geometry":{"type":"Polygon","coordinates":[[[-117.085454,33.459059],[-117.085494,33.459091],[-117.085526,33.459147],[-117.085521,33.45918],[-117.085499,33.459202],[-117.085451,33.459209],[-117.085413,33.459189],[-117.085395,33.459151],[-117.085392,33.459077],[-117.085411,33.459059],[-117.085454,33.459059]]]}},{"type":"Feature","properties":{"k":"bunker"},"geometry":{"type":"Polygon","coordinates":[[[-117.085966,33.457397],[-117.085926,33.457484],[-117.085928,33.457508],[-117.085961,33.457513],[-117.085979,33.457504],[-117.086073,33.457403],[-117.086062,33.457388],[-117.085998,33.45737],[-117.085977,33.457379],[-117.085966,33.457397]]]}},{"type":"Feature","properties":{"k":"bunker"},"geometry":{"type":"Polygon","coordinates":[[[-117.08592,33.457569],[-117.086006,33.457564],[-117.08603,33.457578],[-117.086025,33.4576],[-117.085958,33.457645],[-117.085937,33.45764],[-117.085912,33.4576],[-117.08592,33.457569]]]}},{"type":"Feature","properties":{"k":"green"},"geometry":{"type":"Polygon","coordinates":[[[-117.085792,33.457571],[-117.085816,33.457555],[-117.085848,33.457558],[-117.085877,33.457582],[-117.085899,33.457627],[-117.08591,33.457674],[-117.085902,33.457723],[-117.085904,33.457811],[-117.085864,33.457884],[-117.085829,33.4579],[-117.085797,33.457896],[-117.085775,33.457873],[-117.085757,33.457833],[-117.085708,33.457781],[-117.085708,33.457755],[-117.085773,33.457665],[-117.085792,33.457571]]]}},{"type":"Feature","properties":{"k":"bunker"},"geometry":{"type":"Polygon","coordinates":[[[-117.085719,33.457466],[-117.085754,33.457437],[-117.085778,33.457453],[-117.085778,33.457484],[-117.085768,33.457502],[-117.08577,33.457555],[-117.085754,33.457605],[-117.085738,33.45762],[-117.085711,33.45762],[-117.085687,33.457607],[-117.085682,33.457587],[-117.085641,33.457558],[-117.085639,33.457542],[-117.085674,33.457515],[-117.08569,33.457477],[-117.085719,33.457466]]]}},{"type":"Feature","properties":{"k":"bunker"},"geometry":{"type":"Polygon","coordinates":[[[-117.085963,33.457694],[-117.085979,33.457674],[-117.086001,33.457667],[-117.086028,33.45767],[-117.086038,33.457699],[-117.08603,33.457726],[-117.08599,33.457759],[-117.085961,33.457761],[-117.085931,33.457752],[-117.085923,33.457739],[-117.085923,33.457721],[-117.085963,33.457694]]]}},{"type":"Feature","properties":{"k":"fairway"},"geometry":{"type":"Polygon","coordinates":[[[-117.089002,33.453798],[-117.089024,33.453773],[-117.089024,33.453747],[-117.089002,33.453727],[-117.088981,33.453715],[-117.088949,33.453713],[-117.088914,33.453724],[-117.088812,33.453843],[-117.088758,33.45387],[-117.088616,33.453915],[-117.088546,33.453961],[-117.088141,33.454257],[-117.08809,33.454304],[-117.087988,33.454452],[-117.087884,33.454546],[-117.08786,33.454586],[-117.087849,33.454628],[-117.087849,33.4547],[-117.087886,33.455],[-117.087921,33.455179],[-117.087953,33.455678],[-117.087967,33.455716],[-117.087988,33.455736],[-117.08805,33.455741],[-117.088114,33.455734],[-117.088141,33.45572],[-117.08816,33.455613],[-117.08827,33.455371],[-117.088273,33.455335],[-117.088262,33.455302],[-117.088232,33.455271],[-117.088222,33.455246],[-117.08823,33.455072],[-117.088144,33.454953],[-117.088128,33.454921],[-117.08812,33.454872],[-117.088195,33.454593],[-117.088227,33.454541],[-117.088316,33.454463],[-117.088439,33.454252],[-117.088517,33.454219],[-117.088664,33.454228],[-117.088723,33.454223],[-117.088817,33.454185],[-117.0889,33.454087],[-117.088922,33.454044],[-117.088946,33.453917],[-117.089002,33.453798]]]}},{"type":"Feature","properties":{"k":"green"},"geometry":{"type":"Polygon","coordinates":[[[-117.089021,33.453465],[-117.089026,33.453433],[-117.089056,33.453415],[-117.089104,33.453404],[-117.089142,33.453404],[-117.089168,33.45342],[-117.089171,33.453494],[-117.089192,33.453525],[-117.089192,33.453559],[-117.089182,33.45359],[-117.089209,33.453646],[-117.089206,33.453679],[-117.089185,33.453702],[-117.089139,33.453704],[-117.089107,33.453715],[-117.089077,33.453744],[-117.089024,33.453773],[-117.089024,33.453747],[-117.088981,33.453715],[-117.088967,33.453688],[-117.088973,33.453657],[-117.089016,33.453579],[-117.089021,33.453465]]]}},{"type":"Feature","properties":{"k":"bunker"},"geometry":{"type":"Polygon","coordinates":[[[-117.088466,33.454431],[-117.088418,33.45444],[-117.088385,33.454505],[-117.088305,33.454546],[-117.08827,33.454577],[-117.088251,33.454608],[-117.088251,33.454709],[-117.088238,33.454727],[-117.088219,33.454722],[-117.088195,33.454734],[-117.088184,33.454769],[-117.088168,33.45489],[-117.088176,33.454921],[-117.088259,33.455038],[-117.088262,33.455089],[-117.088275,33.455134],[-117.088267,33.455172],[-117.088249,33.455208],[-117.088262,33.455239],[-117.0883,33.455253],[-117.088329,33.455244],[-117.088329,33.455226],[-117.088313,33.455208],[-117.088329,33.45519],[-117.088353,33.455186],[-117.088367,33.455163],[-117.088372,33.455132],[-117.088364,33.455094],[-117.088308,33.454991],[-117.088222,33.454879],[-117.088222,33.454845],[-117.088232,33.454819],[-117.088289,33.454738],[-117.088302,33.454646],[-117.088318,33.454608],[-117.088345,33.454584],[-117.088471,33.454548],[-117.08853,33.454496],[-117.088522,33.454465],[-117.088501,33.454445],[-117.088466,33.454431]]]}},{"type":"Feature","properties":{"k":"tee"},"geometry":{"type":"Polygon","coordinates":[[[-117.088077,33.456911],[-117.088112,33.456996],[-117.088106,33.457029],[-117.088082,33.457043],[-117.088053,33.457039],[-117.088023,33.457016],[-117.087994,33.456933],[-117.088007,33.456909],[-117.088037,33.456895],[-117.088061,33.456895],[-117.088077,33.456911]]]}},{"type":"Feature","properties":{"k":"tee"},"geometry":{"type":"Polygon","coordinates":[[[-117.088045,33.456564],[-117.088064,33.456589],[-117.088064,33.45662],[-117.08805,33.456645],[-117.088026,33.456663],[-117.088002,33.456658],[-117.087983,33.45664],[-117.087972,33.456611],[-117.087967,33.456591],[-117.087972,33.456566],[-117.087994,33.456555],[-117.088045,33.456564]]]}},{"type":"Feature","properties":{"k":"tee"},"geometry":{"type":"Polygon","coordinates":[[[-117.087951,33.456074],[-117.087991,33.456099],[-117.08801,33.456128],[-117.088002,33.456155],[-117.087972,33.456166],[-117.087932,33.456166],[-117.087908,33.456143],[-117.087895,33.456114],[-117.087895,33.456087],[-117.087908,33.456069],[-117.087951,33.456074]]]}},{"type":"Feature","properties":{"k":"wood"},"geometry":{"type":"Polygon","coordinates":[[[-117.089064,33.453993],[-117.089029,33.45402],[-117.089026,33.454051],[-117.089056,33.454085],[-117.089099,33.454096],[-117.089123,33.454067],[-117.089123,33.45404],[-117.08915,33.454002],[-117.089192,33.453977],[-117.089249,33.453979],[-117.089292,33.453997],[-117.089327,33.453993],[-117.08937,33.453973],[-117.089388,33.453955],[-117.089386,33.453926],[-117.089351,33.453906],[-117.089268,33.453906],[-117.089176,33.453868],[-117.089131,33.453868],[-117.089104,33.453894],[-117.089088,33.453955],[-117.089064,33.453993]]]}},{"type":"Feature","properties":{"k":"tee"},"geometry":{"type":"Polygon","coordinates":[[[-117.088149,33.457074],[-117.088179,33.457092],[-117.0882,33.457121],[-117.0882,33.457141],[-117.088187,33.457159],[-117.08816,33.457155],[-117.088133,33.457137],[-117.088106,33.457097],[-117.088114,33.457076],[-117.088149,33.457074]]]}},{"type":"Feature","properties":{"k":"tee"},"geometry":{"type":"Polygon","coordinates":[[[-117.087991,33.456342],[-117.087962,33.456365],[-117.087962,33.456392],[-117.08798,33.456428],[-117.088007,33.456443],[-117.088042,33.456437],[-117.088061,33.45641],[-117.088061,33.456381],[-117.088029,33.456347],[-117.087991,33.456342]]]}},{"type":"Feature","properties":{"k":"wood"},"geometry":{"type":"Polygon","coordinates":[[[-117.088278,33.456461],[-117.088291,33.456419],[-117.088324,33.456407],[-117.088361,33.456421],[-117.088388,33.456468],[-117.088369,33.456774],[-117.088342,33.456828],[-117.088334,33.456902],[-117.08831,33.456897],[-117.088273,33.456786],[-117.088232,33.456739],[-117.088224,33.456692],[-117.088224,33.456647],[-117.088251,33.456609],[-117.088316,33.456569],[-117.088321,33.456548],[-117.088281,33.456501],[-117.088278,33.456461]]]}},{"type":"Feature","properties":{"k":"wood"},"geometry":{"type":"Polygon","coordinates":[[[-117.088345,33.45707],[-117.088452,33.457039],[-117.088514,33.457052],[-117.08853,33.457079],[-117.088522,33.457115],[-117.088501,33.457148],[-117.088463,33.45717],[-117.088431,33.457173],[-117.088383,33.457148],[-117.088342,33.457106],[-117.088345,33.45707]]]}},{"type":"Feature","properties":{"k":"tee"},"geometry":{"type":"Polygon","coordinates":[[[-117.088058,33.456696],[-117.088082,33.456714],[-117.088088,33.456745],[-117.088071,33.456772],[-117.088042,33.456783],[-117.088021,33.456777],[-117.087999,33.456734],[-117.088021,33.456696],[-117.088058,33.456696]]]}},{"type":"Feature","properties":{"k":"water"},"geometry":{"type":"Polygon","coordinates":[[[-117.08864,33.454503],[-117.088562,33.454507],[-117.088509,33.454519],[-117.088471,33.454548],[-117.088345,33.454584],[-117.088326,33.454631],[-117.088318,33.454725],[-117.0883,33.454769],[-117.088267,33.454812],[-117.088254,33.454852],[-117.088254,33.45489],[-117.088342,33.455],[-117.088375,33.45506],[-117.088385,33.45517],[-117.088401,33.455215],[-117.088431,33.455237],[-117.088471,33.455244],[-117.088509,33.455233],[-117.088536,33.455213],[-117.088549,33.455188],[-117.088554,33.455145],[-117.088538,33.455105],[-117.088538,33.455072],[-117.088562,33.455018],[-117.088562,33.454986],[-117.088541,33.454951],[-117.088527,33.454899],[-117.088533,33.454807],[-117.088578,33.454738],[-117.088763,33.454572],[-117.088772,33.454555],[-117.088763,33.454507],[-117.088734,33.454487],[-117.088691,33.45449],[-117.08864,33.454503]]]}},{"type":"Feature","properties":{"k":"wood"},"geometry":{"type":"Polygon","coordinates":[[[-117.085515,33.454123],[-117.085555,33.454149],[-117.085582,33.454192],[-117.08558,33.454228],[-117.085523,33.454302],[-117.085521,33.454371],[-117.085504,33.454407],[-117.085475,33.454425],[-117.085424,33.454411],[-117.085408,33.454373],[-117.08544,33.454295],[-117.085432,33.454163],[-117.08547,33.454109],[-117.085515,33.454123]]]}},{"type":"Feature","properties":{"k":"wood"},"geometry":{"type":"Polygon","coordinates":[[[-117.085716,33.453865],[-117.085765,33.453874],[-117.085791,33.453899],[-117.085816,33.453986],[-117.085797,33.454015],[-117.085751,33.454038],[-117.085633,33.454026],[-117.085612,33.453997],[-117.085609,33.453917],[-117.085633,33.45389],[-117.085665,33.453874],[-117.085716,33.453865]]]}},{"type":"Feature","properties":{"k":"fairway"},"geometry":{"type":"Polygon","coordinates":[[[-117.087232,33.45312],[-117.087307,33.453053],[-117.087358,33.453028],[-117.087406,33.453024],[-117.087444,33.453053],[-117.087473,33.453089],[-117.087489,33.453133],[-117.087473,33.453169],[-117.087436,33.45321],[-117.087366,33.453257],[-117.087229,33.453313],[-117.087119,33.453373],[-117.086993,33.45351],[-117.086953,33.453532],[-117.086832,33.453539],[-117.086762,33.453574],[-117.086717,33.453615],[-117.086706,33.453785],[-117.086674,33.453812],[-117.086618,33.453841],[-117.086473,33.453854],[-117.086371,33.453872],[-117.086288,33.453899],[-117.086215,33.453932],[-117.086119,33.454051],[-117.086081,33.454069],[-117.086017,33.454069],[-117.08595,33.454058],[-117.085901,33.454029],[-117.085888,33.454004],[-117.085912,33.453973],[-117.085987,33.453928],[-117.08603,33.453888],[-117.086044,33.453852],[-117.086057,33.453762],[-117.086095,33.453706],[-117.08614,33.453686],[-117.086202,33.453682],[-117.086315,33.453731],[-117.08639,33.453731],[-117.086465,33.453706],[-117.086521,33.453668],[-117.086542,33.453624],[-117.08651,33.453465],[-117.086526,33.453411],[-117.08658,33.453373],[-117.086784,33.45329],[-117.086856,33.453248],[-117.087001,33.453232],[-117.087111,33.453205],[-117.087167,33.453174],[-117.087232,33.45312]]]}},{"type":"Feature","properties":{"k":"wood"},"geometry":{"type":"Polygon","coordinates":[[[-117.086797,33.45361],[-117.086762,33.453646],[-117.086762,33.453688],[-117.086778,33.453711],[-117.086835,33.453711],[-117.08688,33.453686],[-117.086894,33.453662],[-117.086894,33.453633],[-117.086875,33.45361],[-117.08684,33.453603],[-117.086797,33.45361]]]}},{"type":"Feature","properties":{"k":"bunker"},"geometry":{"type":"Polygon","coordinates":[[[-117.08596,33.4541],[-117.085982,33.454125],[-117.085977,33.454154],[-117.085952,33.45417],[-117.085939,33.454154],[-117.085931,33.454109],[-117.08596,33.4541]]]}},{"type":"Feature","properties":{"k":"bunker"},"geometry":{"type":"Polygon","coordinates":[[[-117.0864,33.453476],[-117.08643,33.453469],[-117.086451,33.453489],[-117.086446,33.453521],[-117.086382,33.453552],[-117.086355,33.45355],[-117.086341,33.453539],[-117.086339,33.453516],[-117.086384,33.453496],[-117.0864,33.453476]]]}},{"type":"Feature","properties":{"k":"wood"},"geometry":{"type":"Polygon","coordinates":[[[-117.087237,33.453445],[-117.087363,33.453364],[-117.087409,33.453355],[-117.087452,33.453355],[-117.087519,33.453371],[-117.087532,33.453415],[-117.087446,33.453536],[-117.08732,33.453644],[-117.087269,33.453653],[-117.087218,33.453628],[-117.0872,33.453601],[-117.087178,33.453532],[-117.087202,33.453485],[-117.087237,33.453445]]]}},{"type":"Feature","properties":{"k":"tee"},"geometry":{"type":"Polygon","coordinates":[[[-117.085418,33.454784],[-117.085459,33.454792],[-117.085483,33.454828],[-117.085472,33.454861],[-117.085443,33.454872],[-117.085408,33.454872],[-117.08537,33.454861],[-117.085365,33.45483],[-117.085373,33.454807],[-117.085418,33.454784]]]}},{"type":"Feature","properties":{"k":"bunker"},"geometry":{"type":"Polygon","coordinates":[[[-117.086406,33.453912],[-117.08644,33.453903],[-117.086465,33.453921],[-117.086449,33.453957],[-117.086398,33.453988],[-117.086376,33.454022],[-117.086344,33.454015],[-117.086325,33.453957],[-117.086341,33.453928],[-117.086406,33.453912]]]}},{"type":"Feature","properties":{"k":"bunker"},"geometry":{"type":"Polygon","coordinates":[[[-117.085845,33.454333],[-117.085808,33.454344],[-117.085797,33.454373],[-117.085824,33.454393],[-117.085859,33.454391],[-117.08588,33.454373],[-117.08588,33.454349],[-117.085845,33.454333]]]}},{"type":"Feature","properties":{"k":"tee"},"geometry":{"type":"Polygon","coordinates":[[[-117.0882,33.452379],[-117.088181,33.452404],[-117.088184,33.452429],[-117.088213,33.452453],[-117.088243,33.452453],[-117.08827,33.45244],[-117.08828,33.452422],[-117.088278,33.452379],[-117.08823,33.452357],[-117.0882,33.452379]]]}},{"type":"Feature","properties":{"k":"tee"},"geometry":{"type":"Polygon","coordinates":[[[-117.08812,33.452484],[-117.088165,33.452488],[-117.088181,33.452514],[-117.088181,33.452549],[-117.088125,33.452594],[-117.088066,33.452574],[-117.088055,33.452549],[-117.088061,33.452514],[-117.088079,33.452494],[-117.08812,33.452484]]]}},{"type":"Feature","properties":{"k":"wood"},"geometry":{"type":"Polygon","coordinates":[[[-117.087055,33.452999],[-117.087111,33.453008],[-117.087141,33.453035],[-117.087122,33.453073],[-117.087084,33.453084],[-117.087049,33.45308],[-117.086972,33.453042],[-117.086972,33.453017],[-117.087055,33.452999]]]}},{"type":"Feature","properties":{"k":"tee"},"geometry":{"type":"Polygon","coordinates":[[[-117.087851,33.452787],[-117.087808,33.452802],[-117.087798,33.452823],[-117.087808,33.452854],[-117.087851,33.45286],[-117.087886,33.452845],[-117.087894,33.452823],[-117.087886,33.452798],[-117.087851,33.452787]]]}},{"type":"Feature","properties":{"k":"tee"},"geometry":{"type":"Polygon","coordinates":[[[-117.088007,33.452587],[-117.08805,33.452596],[-117.088071,33.45263],[-117.088055,33.452659],[-117.087999,33.452699],[-117.087959,33.452717],[-117.087924,33.452717],[-117.087894,33.452702],[-117.087886,33.452681],[-117.0879,33.45265],[-117.087935,33.452621],[-117.088007,33.452587]]]}},{"type":"Feature","properties":{"k":"wood"},"geometry":{"type":"Polygon","coordinates":[[[-117.085641,33.45447],[-117.085716,33.454492],[-117.085759,33.454474],[-117.085791,33.454449],[-117.085832,33.454436],[-117.085883,33.454438],[-117.085934,33.45447],[-117.085955,33.454541],[-117.08596,33.454593],[-117.085923,33.454644],[-117.085896,33.454707],[-117.085859,33.454756],[-117.085821,33.454756],[-117.085805,33.454731],[-117.085805,33.4547],[-117.085848,33.454613],[-117.085834,33.454575],[-117.085786,33.45457],[-117.085746,33.454521],[-117.085722,33.454526],[-117.085711,33.45455],[-117.085676,33.454559],[-117.085639,33.454552],[-117.085609,33.454512],[-117.085612,33.454487],[-117.085641,33.45447]]]}},{"type":"Feature","properties":{"k":"bunker"},"geometry":{"type":"Polygon","coordinates":[[[-117.086376,33.453581],[-117.086403,33.45359],[-117.086433,33.453586],[-117.086459,33.453572],[-117.086489,33.453581],[-117.086465,33.453639],[-117.086433,33.453653],[-117.086411,33.453682],[-117.086371,33.453693],[-117.086347,33.453688],[-117.086341,33.453666],[-117.086352,33.453646],[-117.086349,33.453608],[-117.086376,33.453581]]]}},{"type":"Feature","properties":{"k":"green"},"geometry":{"type":"Polygon","coordinates":[[[-117.085716,33.454134],[-117.085751,33.454123],[-117.085816,33.454138],[-117.086006,33.454232],[-117.086003,33.454264],[-117.085963,33.454288],[-117.085826,33.454315],[-117.085778,33.45434],[-117.085727,33.454422],[-117.085684,33.454436],[-117.085633,33.454436],[-117.085593,33.454422],[-117.085569,33.454396],[-117.085561,33.454326],[-117.085617,33.454255],[-117.085655,33.454234],[-117.085671,33.45421],[-117.085671,33.454172],[-117.085684,33.454147],[-117.085716,33.454134]]]}},{"type":"Feature","properties":{"k":"bunker"},"geometry":{"type":"Polygon","coordinates":[[[-117.086022,33.4541],[-117.086049,33.454098],[-117.086068,33.45412],[-117.086049,33.454136],[-117.086025,33.454132],[-117.086022,33.4541]]]}},{"type":"Feature","properties":{"k":"bunker"},"geometry":{"type":"Polygon","coordinates":[[[-117.085837,33.454049],[-117.085861,33.454078],[-117.085853,33.454102],[-117.085813,33.454114],[-117.085789,33.454102],[-117.085775,33.454078],[-117.085778,33.454053],[-117.085797,33.454044],[-117.085837,33.454049]]]}},{"type":"Feature","properties":{"k":"tee"},"geometry":{"type":"Polygon","coordinates":[[[-117.085928,33.455206],[-117.08596,33.455228],[-117.085966,33.455271],[-117.085947,33.455293],[-117.085915,33.455304],[-117.08588,33.455298],[-117.085861,33.45528],[-117.085856,33.45525],[-117.085867,33.455228],[-117.085883,33.455206],[-117.085928,33.455206]]]}},{"type":"Feature","properties":{"k":"bunker"},"geometry":{"type":"Polygon","coordinates":[[[-117.086054,33.456736],[-117.086089,33.456734],[-117.086121,33.456756],[-117.086121,33.45679],[-117.086148,33.456812],[-117.086151,33.456839],[-117.086124,33.456857],[-117.0861,33.456853],[-117.086076,33.456812],[-117.08603,33.456781],[-117.08603,33.456759],[-117.086054,33.456736]]]}},{"type":"Feature","properties":{"k":"wood"},"geometry":{"type":"Polygon","coordinates":[[[-117.085698,33.457153],[-117.085727,33.457159],[-117.085759,33.457188],[-117.085759,33.457226],[-117.085732,33.457244],[-117.085622,33.457226],[-117.085622,33.457197],[-117.085698,33.457153]]]}},{"type":"Feature","properties":{"k":"tee"},"geometry":{"type":"Polygon","coordinates":[[[-117.085721,33.454844],[-117.08569,33.45485],[-117.085665,33.454881],[-117.085657,33.454917],[-117.085673,33.454969],[-117.085703,33.454991],[-117.08574,33.454977],[-117.085762,33.454951],[-117.085759,33.454857],[-117.085721,33.454844]]]}},{"type":"Feature","properties":{"k":"bunker"},"geometry":{"type":"Polygon","coordinates":[[[-117.08569,33.456895],[-117.085679,33.456927],[-117.085698,33.456953],[-117.085732,33.456951],[-117.085754,33.456933],[-117.085754,33.456889],[-117.085722,33.456886],[-117.08569,33.456895]]]}},{"type":"Feature","properties":{"k":"tee"},"geometry":{"type":"Polygon","coordinates":[[[-117.085794,33.455029],[-117.085834,33.455047],[-117.085861,33.455074],[-117.085869,33.455105],[-117.085856,33.455139],[-117.085818,33.455152],[-117.085778,33.455139],[-117.085748,33.455107],[-117.085735,33.455076],[-117.085735,33.455054],[-117.085754,33.455036],[-117.085794,33.455029]]]}},{"type":"Feature","properties":{"k":"bunker"},"geometry":{"type":"Polygon","coordinates":[[[-117.085692,33.45681],[-117.085673,33.456833],[-117.085682,33.45686],[-117.085716,33.456866],[-117.085743,33.456833],[-117.08574,33.456812],[-117.085724,33.456795],[-117.085692,33.45681]]]}},{"type":"Feature","properties":{"k":"wood"},"geometry":{"type":"Polygon","coordinates":[[[-117.086006,33.457256],[-117.086028,33.45722],[-117.08606,33.457217],[-117.086084,33.457235],[-117.086103,33.457271],[-117.086081,33.457294],[-117.086041,33.457309],[-117.086019,33.457298],[-117.086006,33.457256]]]}},{"type":"Feature","properties":{"k":"fairway"},"geometry":{"type":"Polygon","coordinates":[[[-117.08577,33.455647],[-117.085832,33.455647],[-117.085877,33.455658],[-117.085942,33.455707],[-117.085955,33.455839],[-117.086009,33.45594],[-117.086033,33.456347],[-117.086017,33.456414],[-117.08595,33.456551],[-117.085958,33.45662],[-117.086052,33.456897],[-117.086081,33.457027],[-117.086078,33.457099],[-117.08603,33.457168],[-117.085993,33.457204],[-117.085934,33.457298],[-117.085901,33.45741],[-117.085901,33.457448],[-117.085877,33.457475],[-117.085837,33.45747],[-117.085791,33.457414],[-117.08574,33.457323],[-117.08574,33.457287],[-117.085773,33.457224],[-117.085773,33.457197],[-117.085732,33.457081],[-117.085735,33.457039],[-117.085808,33.45696],[-117.085821,33.456924],[-117.085816,33.456848],[-117.085794,33.456797],[-117.085757,33.456752],[-117.085641,33.45668],[-117.085612,33.456647],[-117.085609,33.45662],[-117.08566,33.456495],[-117.085706,33.45628],[-117.085716,33.456052],[-117.085655,33.455783],[-117.085663,33.455736],[-117.085679,33.4557],[-117.085716,33.455671],[-117.08577,33.455647]]]}},{"type":"Feature","properties":{"k":"bunker"},"geometry":{"type":"Polygon","coordinates":[[[-117.085639,33.456732],[-117.085668,33.456752],[-117.085668,33.456786],[-117.085639,33.456806],[-117.085625,33.456835],[-117.085598,33.456842],[-117.085585,33.456828],[-117.085585,33.456806],[-117.085601,33.456756],[-117.085639,33.456732]]]}},{"type":"Feature","properties":{"k":"path"},"geometry":{"type":"LineString","coordinates":[[-117.085268,33.467363],[-117.08507,33.467388],[-117.084922,33.46743],[-117.084872,33.467437],[-117.084786,33.46743],[-117.08471,33.467414],[-117.084534,33.467354],[-117.084418,33.467332],[-117.084373,33.467314],[-117.084289,33.467253],[-117.084204,33.467224],[-117.084048,33.467224],[-117.083994,33.467238],[-117.083691,33.467229],[-117.083544,33.467211],[-117.083485,33.467213],[-117.083418,33.467233],[-117.083278,33.467244],[-117.082954,33.46722],[-117.082844,33.467222],[-117.082742,33.467242],[-117.082659,33.467244],[-117.082479,33.467217],[-117.082431,33.467217],[-117.082289,33.467262],[-117.082216,33.467273],[-117.082144,33.467273],[-117.082039,33.467258],[-117.081977,33.467258],[-117.081824,33.467296],[-117.081773,33.467298],[-117.08158,33.467285],[-117.081524,33.467289],[-117.081291,33.467372],[-117.080974,33.467448],[-117.080797,33.467508],[-117.080722,33.467522],[-117.080634,33.467549],[-117.080545,33.467596],[-117.080392,33.467721],[-117.080282,33.467784],[-117.080172,33.467802],[-117.080062,33.467857],[-117.080025,33.467889],[-117.079872,33.468157],[-117.079866,33.468271],[-117.079875,33.468332],[-117.079907,33.468412],[-117.079923,33.468513],[-117.079952,33.468558],[-117.079952,33.468589],[-117.079939,33.468632],[-117.079829,33.468797],[-117.079826,33.468829],[-117.079842,33.468857],[-117.080133,33.469006]]}},{"type":"Feature","properties":{"k":"path"},"geometry":{"type":"LineString","coordinates":[[-117.080263,33.469052],[-117.080379,33.469108],[-117.080414,33.469133],[-117.080438,33.469166],[-117.080451,33.4692],[-117.080462,33.469426],[-117.080494,33.469468],[-117.080532,33.469491],[-117.080585,33.469502],[-117.08088,33.469542],[-117.080945,33.469538],[-117.081025,33.469513],[-117.081057,33.469484],[-117.081127,33.469408],[-117.081245,33.469298],[-117.08135,33.469137],[-117.081428,33.469057],[-117.081479,33.469021],[-117.081664,33.468965],[-117.081803,33.46894],[-117.081953,33.468882],[-117.082087,33.468869],[-117.082291,33.468833],[-117.082458,33.468817],[-117.082656,33.468781],[-117.082817,33.468797],[-117.083023,33.468741],[-117.083482,33.468755],[-117.083546,33.46875],[-117.083659,33.468728],[-117.084,33.468607],[-117.084044,33.468599],[-117.084238,33.468607],[-117.084522,33.468549],[-117.084794,33.468533]]}},{"type":"Feature","properties":{"k":"path"},"geometry":{"type":"LineString","coordinates":[[-117.086978,33.46302],[-117.086722,33.463261],[-117.086676,33.46329],[-117.086647,33.463297],[-117.086583,33.463291],[-117.08647,33.463266],[-117.086435,33.463271],[-117.086406,33.463291],[-117.086392,33.463313],[-117.086451,33.463546],[-117.086478,33.463597],[-117.086567,33.463711],[-117.086583,33.463799],[-117.086604,33.463834],[-117.086666,33.463886],[-117.086687,33.46396],[-117.086703,33.463984],[-117.086741,33.464016],[-117.086787,33.464033],[-117.086835,33.46404],[-117.08695,33.464],[-117.087106,33.463971],[-117.087184,33.463966],[-117.087253,33.463977],[-117.087277,33.463995],[-117.087291,33.464027],[-117.087294,33.464063],[-117.087288,33.464103],[-117.087261,33.46415],[-117.087267,33.464183],[-117.08732,33.464273],[-117.087323,33.464318],[-117.087348,33.464376],[-117.087373,33.464417],[-117.087503,33.464525],[-117.087576,33.464624],[-117.087618,33.464705],[-117.087679,33.464774],[-117.087701,33.464811],[-117.087706,33.464872],[-117.08769,33.464924],[-117.087627,33.465034],[-117.087553,33.465067],[-117.087466,33.465082],[-117.087286,33.465074],[-117.087296,33.46511]]}},{"type":"Feature","properties":{"k":"tee"},"geometry":{"type":"Polygon","coordinates":[[[-117.092082,33.46812],[-117.092045,33.468114],[-117.092021,33.468093],[-117.092016,33.468063],[-117.092049,33.468041],[-117.092091,33.468043],[-117.092111,33.468051],[-117.092123,33.468066],[-117.092126,33.468097],[-117.092103,33.468116],[-117.092082,33.46812]]]}},{"type":"Feature","properties":{"k":"tee"},"geometry":{"type":"Polygon","coordinates":[[[-117.091791,33.468069],[-117.091687,33.468006],[-117.091681,33.467961],[-117.091698,33.467945],[-117.091734,33.467935],[-117.091782,33.467944],[-117.091833,33.467996],[-117.091842,33.468021],[-117.09184,33.468051],[-117.091813,33.468068],[-117.091791,33.468069]]]}},{"type":"Feature","properties":{"k":"tee"},"geometry":{"type":"Polygon","coordinates":[[[-117.091424,33.467933],[-117.091382,33.467928],[-117.091343,33.467915],[-117.091331,33.467904],[-117.091322,33.467871],[-117.091342,33.467849],[-117.091405,33.467844],[-117.091465,33.467864],[-117.091483,33.467897],[-117.091473,33.467927],[-117.091457,33.467933],[-117.091424,33.467933]]]}},{"type":"Feature","properties":{"k":"tee"},"geometry":{"type":"Polygon","coordinates":[[[-117.091111,33.467843],[-117.091072,33.467839],[-117.09105,33.467825],[-117.091035,33.467795],[-117.091033,33.467777],[-117.091042,33.467763],[-117.091077,33.467747],[-117.091121,33.467749],[-117.091155,33.46777],[-117.091164,33.467785],[-117.091169,33.467803],[-117.091162,33.467827],[-117.091111,33.467843]]]}},{"type":"Feature","properties":{"k":"fairway"},"geometry":{"type":"Polygon","coordinates":[[[-117.090566,33.467637],[-117.09058,33.467682],[-117.09054,33.467759],[-117.090494,33.46779],[-117.090454,33.467806],[-117.090392,33.467801],[-117.090318,33.467785],[-117.090128,33.467726],[-117.090034,33.467689],[-117.089991,33.467688],[-117.089888,33.467613],[-117.089845,33.467608],[-117.089762,33.467641],[-117.08972,33.46764],[-117.089667,33.467628],[-117.089605,33.46759],[-117.089559,33.467536],[-117.089562,33.467511],[-117.089543,33.467459],[-117.089402,33.467271],[-117.089388,33.467214],[-117.089319,33.467101],[-117.089259,33.467063],[-117.089251,33.467036],[-117.089209,33.466982],[-117.089154,33.466951],[-117.08908,33.466892],[-117.089032,33.466836],[-117.088942,33.46678],[-117.088908,33.466742],[-117.088823,33.466715],[-117.088743,33.466702],[-117.088666,33.466673],[-117.088662,33.466644],[-117.088587,33.46661],[-117.088504,33.466584],[-117.088419,33.466528],[-117.088334,33.466407],[-117.088258,33.466316],[-117.088201,33.466261],[-117.08815,33.466189],[-117.08813,33.466112],[-117.08814,33.466056],[-117.088186,33.465991],[-117.088245,33.465976],[-117.088281,33.465981],[-117.088336,33.466023],[-117.088386,33.466045],[-117.08843,33.466092],[-117.088509,33.466124],[-117.088551,33.466157],[-117.088672,33.466225],[-117.088714,33.466261],[-117.088741,33.466262],[-117.088818,33.466311],[-117.089107,33.466539],[-117.089135,33.466553],[-117.089208,33.466617],[-117.089307,33.466749],[-117.08935,33.466799],[-117.089377,33.466814],[-117.089408,33.466854],[-117.089516,33.466914],[-117.089632,33.467002],[-117.089671,33.467042],[-117.089755,33.467137],[-117.089791,33.467233],[-117.089864,33.467271],[-117.089983,33.467349],[-117.090065,33.467387],[-117.09017,33.467475],[-117.090274,33.467545],[-117.09036,33.467569],[-117.090424,33.467572],[-117.090475,33.467584],[-117.090526,33.467601],[-117.090566,33.467637]]]}},{"type":"Feature","properties":{"k":"green"},"geometry":{"type":"Polygon","coordinates":[[[-117.087743,33.466111],[-117.087693,33.466076],[-117.087642,33.46598],[-117.087597,33.465916],[-117.087589,33.465888],[-117.087596,33.465824],[-117.087607,33.465798],[-117.087636,33.465781],[-117.087683,33.465791],[-117.087717,33.465823],[-117.087717,33.465865],[-117.087738,33.46592],[-117.087814,33.465983],[-117.087841,33.466027],[-117.087833,33.466073],[-117.087818,33.466094],[-117.087798,33.466108],[-117.087769,33.466114],[-117.087743,33.466111]]]}},{"type":"Feature","properties":{"k":"bunker"},"geometry":{"type":"Polygon","coordinates":[[[-117.087858,33.465927],[-117.087842,33.465913],[-117.087842,33.46589],[-117.087861,33.465856],[-117.087868,33.465858],[-117.087878,33.465906],[-117.087858,33.465927]]]}},{"type":"Feature","properties":{"k":"bunker"},"geometry":{"type":"Polygon","coordinates":[[[-117.087823,33.465911],[-117.087819,33.465924],[-117.087799,33.465925],[-117.087787,33.465899],[-117.087765,33.465889],[-117.087756,33.46586],[-117.087806,33.465859],[-117.087823,33.465911]]]}},{"type":"Feature","properties":{"k":"bunker"},"geometry":{"type":"Polygon","coordinates":[[[-117.08779,33.465835],[-117.087761,33.465841],[-117.08776,33.465819],[-117.087809,33.465795],[-117.087806,33.465824],[-117.08779,33.465835]]]}},{"type":"Feature","properties":{"k":"water"},"geometry":{"type":"Polygon","coordinates":[[[-117.091506,33.468089],[-117.091563,33.468135],[-117.091612,33.468139],[-117.091623,33.468148],[-117.091635,33.468143],[-117.091633,33.468135],[-117.091654,33.468134],[-117.091663,33.468125],[-117.091696,33.468135],[-117.091705,33.468145],[-117.091692,33.468156],[-117.091721,33.468175],[-117.091744,33.468164],[-117.091806,33.468158],[-117.091851,33.468132],[-117.091876,33.468132],[-117.09191,33.468147],[-117.091927,33.468125],[-117.091927,33.468105],[-117.091946,33.468089],[-117.091967,33.4681],[-117.091987,33.468088],[-117.091976,33.468064],[-117.091956,33.468056],[-117.09192,33.468097],[-117.091884,33.468094],[-117.09186,33.468108],[-117.091855,33.46812],[-117.091816,33.468129],[-117.091781,33.468121],[-117.091756,33.468125],[-117.091715,33.468094],[-117.091683,33.468101],[-117.091632,33.468126],[-117.09159,33.468116],[-117.091574,33.468076],[-117.091493,33.46808],[-117.091447,33.468066],[-117.09141,33.468067],[-117.091381,33.46806],[-117.091368,33.468049],[-117.091349,33.468048],[-117.091283,33.468069],[-117.09125,33.468064],[-117.091214,33.468048],[-117.091184,33.468057],[-117.091153,33.468044],[-117.091123,33.468057],[-117.09109,33.468023],[-117.091075,33.468024],[-117.091054,33.468007],[-117.09103,33.468027],[-117.09101,33.468031],[-117.091001,33.468015],[-117.090956,33.468013],[-117.090938,33.468014],[-117.090892,33.468038],[-117.090682,33.468044],[-117.090566,33.468018],[-117.090419,33.467959],[-117.09037,33.467954],[-117.090297,33.46796],[-117.090273,33.467983],[-117.090243,33.46804],[-117.090245,33.468072],[-117.090283,33.468132],[-117.090306,33.468142],[-117.090421,33.468234],[-117.090579,33.468304],[-117.090902,33.468465],[-117.09099,33.468475],[-117.091086,33.468455],[-117.091119,33.46844],[-117.091139,33.468413],[-117.091151,33.46839],[-117.091153,33.468275],[-117.09116,33.468251],[-117.091179,33.468217],[-117.091221,33.468173],[-117.091307,33.468137],[-117.091337,33.468104],[-117.091376,33.468117],[-117.091428,33.468093],[-117.091438,33.468097],[-117.091485,33.468085],[-117.091506,33.468089]]]}},{"type":"Feature","properties":{"k":"rough"},"geometry":{"type":"Polygon","coordinates":[[[-117.092058,33.468139],[-117.092004,33.468109],[-117.091964,33.468031],[-117.091897,33.468071],[-117.091819,33.468092],[-117.091712,33.468056],[-117.091661,33.468009],[-117.091623,33.467989],[-117.091377,33.467989],[-117.091251,33.467953],[-117.090982,33.467901],[-117.090915,33.46791],[-117.090778,33.467913],[-117.090524,33.467904],[-117.09043,33.467861],[-117.090309,33.467841],[-117.090186,33.467805],[-117.090065,33.467738],[-117.089917,33.467691],[-117.089867,33.46766],[-117.089808,33.467651],[-117.089706,33.467673],[-117.089604,33.46764],[-117.089537,33.467595],[-117.089505,33.467534],[-117.089472,33.467425],[-117.089381,33.467306],[-117.089325,33.46719],[-117.089142,33.466991],[-117.089062,33.466926],[-117.088938,33.466809],[-117.088839,33.466785],[-117.088727,33.466731],[-117.088595,33.466684],[-117.08856,33.46666],[-117.088488,33.466646],[-117.088402,33.466595],[-117.088327,33.466566],[-117.088225,33.466436],[-117.08804,33.466145],[-117.088008,33.466067],[-117.087978,33.465932],[-117.087946,33.465854],[-117.087943,33.465827],[-117.088131,33.465816],[-117.088295,33.465935],[-117.088442,33.466055],[-117.088676,33.466145],[-117.088844,33.466281],[-117.088867,33.466318],[-117.088931,33.466352],[-117.089018,33.46638],[-117.089076,33.466418],[-117.089202,33.466554],[-117.089258,33.466578],[-117.089301,33.46662],[-117.089364,33.466719],[-117.0894,33.466757],[-117.08948,33.466811],[-117.089528,33.466876],[-117.089578,33.466925],[-117.089721,33.466997],[-117.089761,33.467025],[-117.089798,33.467068],[-117.089838,33.467137],[-117.089885,33.467186],[-117.090017,33.467264],[-117.090163,33.467402],[-117.090232,33.467439],[-117.09028,33.467449],[-117.090489,33.467531],[-117.090773,33.467593],[-117.091037,33.467663],[-117.091092,33.46767],[-117.091138,33.467693],[-117.091208,33.467684],[-117.091253,33.467689],[-117.091309,33.467708],[-117.091368,33.467753],[-117.091439,33.467788],[-117.091467,33.467812],[-117.091501,33.467817],[-117.091562,33.467803],[-117.09163,33.467814],[-117.09169,33.467834],[-117.091794,33.467917],[-117.091848,33.467973],[-117.091896,33.46799],[-117.092133,33.468044],[-117.092152,33.468068],[-117.092146,33.468106],[-117.092117,33.468125],[-117.092058,33.468139]]]}},{"type":"Feature","properties":{"k":"rough"},"geometry":{"type":"Polygon","coordinates":[[[-117.088066,33.466344],[-117.088049,33.466296],[-117.08796,33.466174],[-117.087921,33.466032],[-117.087889,33.465846],[-117.087842,33.465804],[-117.087834,33.465786],[-117.087798,33.465783],[-117.087758,33.465798],[-117.087733,33.465795],[-117.087697,33.465759],[-117.087675,33.465747],[-117.087704,33.465684],[-117.087624,33.465665],[-117.087603,33.465661],[-117.087605,33.465684],[-117.087582,33.465696],[-117.087536,33.465693],[-117.087488,33.465716],[-117.087446,33.465755],[-117.087418,33.46581],[-117.087417,33.465876],[-117.087394,33.465879],[-117.087365,33.465867],[-117.087342,33.465868],[-117.087333,33.465951],[-117.087373,33.466055],[-117.087371,33.466099],[-117.087343,33.466176],[-117.087339,33.466212],[-117.087362,33.466258],[-117.08743,33.466317],[-117.087492,33.466348],[-117.087543,33.466359],[-117.087611,33.466363],[-117.087844,33.466265],[-117.087941,33.466282],[-117.088066,33.466344]]]}},{"type":"Feature","properties":{"k":"water"},"geometry":{"type":"Polygon","coordinates":[[[-117.090173,33.468576],[-117.090071,33.46847],[-117.089939,33.468292],[-117.089735,33.468136],[-117.089671,33.468064],[-117.08963,33.467995],[-117.089564,33.467843],[-117.089435,33.46765],[-117.089273,33.467358],[-117.089197,33.467273],[-117.089107,33.467126],[-117.088936,33.46689],[-117.088826,33.466819],[-117.088698,33.466765],[-117.088515,33.466717],[-117.088376,33.466697],[-117.088324,33.466661],[-117.08821,33.466544],[-117.088086,33.466344],[-117.088005,33.466182],[-117.087979,33.46612],[-117.087956,33.465979],[-117.087918,33.465904],[-117.08791,33.465851],[-117.087867,33.465773],[-117.087898,33.465758],[-117.08793,33.465845],[-117.088015,33.466143],[-117.08811,33.466331],[-117.088236,33.466534],[-117.088348,33.466641],[-117.088389,33.46667],[-117.088522,33.466696],[-117.088712,33.466753],[-117.088841,33.466805],[-117.088952,33.466878],[-117.089142,33.467109],[-117.089342,33.467402],[-117.089375,33.467469],[-117.089601,33.467843],[-117.08968,33.467985],[-117.08969,33.468024],[-117.089768,33.468119],[-117.089815,33.468161],[-117.089927,33.468231],[-117.089965,33.468267],[-117.090011,33.468347],[-117.090065,33.468413],[-117.090094,33.468436],[-117.090104,33.468463],[-117.090127,33.468476],[-117.090136,33.468501],[-117.090177,33.468532],[-117.090287,33.468678],[-117.090317,33.468727],[-117.090332,33.468783],[-117.09031,33.468773],[-117.090173,33.468576]]]}},{"type":"Feature","properties":{"k":"water"},"geometry":{"type":"Polygon","coordinates":[[[-117.086645,33.465265],[-117.086658,33.465234],[-117.086638,33.465183],[-117.086549,33.465116],[-117.086498,33.465099],[-117.086439,33.465095],[-117.086301,33.465063],[-117.086242,33.465033],[-117.086125,33.464961],[-117.085942,33.464807],[-117.085836,33.464738],[-117.085775,33.464737],[-117.08572,33.46475],[-117.085676,33.464827],[-117.085669,33.464932],[-117.085649,33.464986],[-117.085629,33.465015],[-117.085631,33.465068],[-117.085672,33.465134],[-117.085729,33.465151],[-117.085842,33.465217],[-117.085922,33.465309],[-117.085974,33.465351],[-117.085989,33.465357],[-117.086072,33.465338],[-117.08618,33.465357],[-117.086278,33.465331],[-117.086303,33.465337],[-117.086443,33.465325],[-117.086616,33.465284],[-117.086645,33.465265]]]}},{"type":"Feature","properties":{"k":"tee"},"geometry":{"type":"Polygon","coordinates":[[[-117.086836,33.465331],[-117.086855,33.465319],[-117.086869,33.465288],[-117.086866,33.46527],[-117.086846,33.465252],[-117.086797,33.465235],[-117.08677,33.465235],[-117.086726,33.465247],[-117.086704,33.465284],[-117.086705,33.465302],[-117.086719,33.465317],[-117.08679,33.465335],[-117.086836,33.465331]]]}},{"type":"Feature","properties":{"k":"tee"},"geometry":{"type":"Polygon","coordinates":[[[-117.086437,33.465022],[-117.086391,33.465013],[-117.086348,33.464968],[-117.08635,33.464934],[-117.086398,33.464907],[-117.086436,33.464917],[-117.08648,33.464959],[-117.086485,33.464996],[-117.086456,33.46502],[-117.086437,33.465022]]]}},{"type":"Feature","properties":{"k":"tee"},"geometry":{"type":"Polygon","coordinates":[[[-117.086184,33.464811],[-117.086138,33.464803],[-117.086115,33.46479],[-117.086104,33.464773],[-117.086107,33.464728],[-117.086118,33.464715],[-117.086163,33.464694],[-117.086191,33.464698],[-117.086232,33.464717],[-117.086256,33.464749],[-117.08625,33.46477],[-117.086229,33.464799],[-117.086184,33.464811]]]}},{"type":"Feature","properties":{"k":"fairway"},"geometry":{"type":"Polygon","coordinates":[[[-117.08594,33.464323],[-117.085823,33.464356],[-117.085728,33.464365],[-117.085583,33.464354],[-117.085522,33.46432],[-117.085483,33.464273],[-117.085396,33.464194],[-117.085316,33.464197],[-117.085259,33.464172],[-117.08516,33.464089],[-117.085113,33.464066],[-117.084952,33.464016],[-117.084907,33.463977],[-117.084874,33.463928],[-117.084807,33.463857],[-117.084762,33.463769],[-117.08469,33.463692],[-117.084634,33.463671],[-117.084451,33.463576],[-117.084399,33.463525],[-117.084359,33.463465],[-117.084336,33.463415],[-117.084324,33.463362],[-117.084285,33.463287],[-117.084281,33.463254],[-117.084304,33.463146],[-117.084303,33.463093],[-117.084276,33.463027],[-117.084285,33.462973],[-117.084304,33.462948],[-117.084335,33.462934],[-117.084386,33.462945],[-117.084426,33.462968],[-117.084476,33.463073],[-117.084551,33.46313],[-117.0846,33.463211],[-117.084714,33.463291],[-117.084788,33.463406],[-117.084938,33.463534],[-117.084956,33.463588],[-117.084956,33.463628],[-117.084995,33.463702],[-117.085052,33.463718],[-117.085185,33.463733],[-117.085243,33.463763],[-117.085611,33.464047],[-117.085794,33.464128],[-117.085864,33.464175],[-117.085939,33.464243],[-117.085956,33.464286],[-117.08594,33.464323]]]}},{"type":"Feature","properties":{"k":"bunker"},"geometry":{"type":"Polygon","coordinates":[[[-117.085064,33.463668],[-117.08504,33.463668],[-117.085025,33.463659],[-117.085007,33.46358],[-117.085012,33.463563],[-117.085032,33.46356],[-117.085055,33.46357],[-117.085107,33.463645],[-117.085104,33.463654],[-117.085064,33.463668]]]}},{"type":"Feature","properties":{"k":"bunker"},"geometry":{"type":"Polygon","coordinates":[[[-117.084194,33.463169],[-117.084136,33.46316],[-117.084121,33.463099],[-117.084164,33.463088],[-117.084178,33.463077],[-117.084215,33.463083],[-117.084232,33.463103],[-117.084233,33.463135],[-117.084225,33.463152],[-117.084194,33.463169]]]}},{"type":"Feature","properties":{"k":"bunker"},"geometry":{"type":"Polygon","coordinates":[[[-117.084139,33.463066],[-117.084075,33.463068],[-117.084029,33.463056],[-117.084025,33.463028],[-117.084084,33.463009],[-117.084112,33.463025],[-117.084146,33.463028],[-117.084152,33.463056],[-117.084139,33.463066]]]}},{"type":"Feature","properties":{"k":"bunker"},"geometry":{"type":"Polygon","coordinates":[[[-117.083959,33.46302],[-117.083942,33.463028],[-117.083899,33.463025],[-117.083845,33.463004],[-117.083838,33.462979],[-117.083848,33.462968],[-117.083869,33.462968],[-117.083926,33.462983],[-117.083961,33.462996],[-117.083959,33.46302]]]}},{"type":"Feature","properties":{"k":"green"},"geometry":{"type":"Polygon","coordinates":[[[-117.084144,33.462991],[-117.083946,33.462955],[-117.083908,33.462926],[-117.083898,33.462897],[-117.08392,33.462876],[-117.083943,33.462873],[-117.084037,33.462874],[-117.084183,33.462896],[-117.084206,33.462911],[-117.084204,33.462966],[-117.08419,33.462986],[-117.084174,33.462992],[-117.084144,33.462991]]]}},{"type":"Feature","properties":{"k":"water"},"geometry":{"type":"Polygon","coordinates":[[[-117.087112,33.465022],[-117.08709,33.465016],[-117.087062,33.464995],[-117.086973,33.464898],[-117.086863,33.464754],[-117.086825,33.464732],[-117.086709,33.464703],[-117.086617,33.464691],[-117.08655,33.464666],[-117.086476,33.464655],[-117.086366,33.464619],[-117.086324,33.464595],[-117.086261,33.464586],[-117.086193,33.464544],[-117.086116,33.464524],[-117.085895,33.464514],[-117.085762,33.464473],[-117.085725,33.464474],[-117.085517,33.46442],[-117.085403,33.464384],[-117.08526,33.464304],[-117.085089,33.464233],[-117.08503,33.464219],[-117.084924,33.464169],[-117.084876,33.464135],[-117.084821,33.464077],[-117.084775,33.463982],[-117.084749,33.463949],[-117.084698,33.463926],[-117.084562,33.463917],[-117.0845,33.463895],[-117.084356,33.463814],[-117.084306,33.463766],[-117.084221,33.463633],[-117.084161,33.463555],[-117.084006,33.46338],[-117.08392,33.463301],[-117.083775,33.463214],[-117.08372,33.463192],[-117.083639,33.463174],[-117.083601,33.463174],[-117.0836,33.463156],[-117.083629,33.463151],[-117.083688,33.463164],[-117.083749,33.463187],[-117.08393,33.463286],[-117.084142,33.463489],[-117.084244,33.463622],[-117.08433,33.463754],[-117.084372,33.463801],[-117.08447,33.463855],[-117.084569,33.463899],[-117.084699,33.463908],[-117.084765,33.463937],[-117.084798,33.463979],[-117.084848,33.464073],[-117.084892,33.464123],[-117.084935,33.464149],[-117.085042,33.464201],[-117.085096,33.464214],[-117.085272,33.46429],[-117.085357,33.464347],[-117.085407,33.464368],[-117.085593,33.46441],[-117.085661,33.464438],[-117.085764,33.464457],[-117.085842,33.464487],[-117.08602,33.464506],[-117.086123,33.464507],[-117.086201,33.464531],[-117.086267,33.46457],[-117.086327,33.464573],[-117.086375,33.464602],[-117.086483,33.464643],[-117.086563,33.464651],[-117.086626,33.464672],[-117.086716,33.464681],[-117.086838,33.464723],[-117.086878,33.464745],[-117.086991,33.46489],[-117.087079,33.464987],[-117.087106,33.465003],[-117.087112,33.465022]]]}},{"type":"Feature","properties":{"k":"rough"},"geometry":{"type":"Polygon","coordinates":[[[-117.086621,33.465311],[-117.086656,33.465362],[-117.086731,33.4654],[-117.086843,33.465402],[-117.087141,33.465219],[-117.087168,33.465183],[-117.08716,33.465154],[-117.087112,33.465141],[-117.087023,33.465159],[-117.086913,33.465194],[-117.086846,33.465185],[-117.086784,33.465192],[-117.086749,33.465163],[-117.08676,33.465125],[-117.086782,33.465094],[-117.086754,33.465003],[-117.086718,33.464937],[-117.086679,33.46492],[-117.086526,33.464931],[-117.086427,33.464874],[-117.086349,33.464856],[-117.086308,33.464837],[-117.086295,33.464816],[-117.086308,33.464685],[-117.086287,33.464599],[-117.08626,33.464591],[-117.086206,33.46456],[-117.086141,33.464536],[-117.085899,33.464521],[-117.08581,33.464499],[-117.085763,33.464479],[-117.085709,33.464479],[-117.085612,33.464454],[-117.085388,33.464385],[-117.085328,33.464393],[-117.085335,33.464432],[-117.085285,33.464475],[-117.085501,33.464579],[-117.085595,33.464639],[-117.085654,33.464696],[-117.085684,33.464737],[-117.085708,33.464753],[-117.085733,33.464738],[-117.085802,33.464727],[-117.085845,33.464733],[-117.085939,33.46479],[-117.086143,33.464956],[-117.086208,33.464998],[-117.086357,33.465066],[-117.086519,33.465095],[-117.086585,33.46513],[-117.086636,33.465167],[-117.086665,33.465201],[-117.086676,33.465243],[-117.086658,33.465276],[-117.086621,33.465311]]]}},{"type":"Feature","properties":{"k":"rough"},"geometry":{"type":"Polygon","coordinates":[[[-117.086217,33.464514],[-117.086118,33.464485],[-117.086018,33.464487],[-117.085902,33.464467],[-117.085597,33.464394],[-117.085405,33.46433],[-117.085293,33.464272],[-117.085244,33.464217],[-117.085181,33.464163],[-117.085105,33.464157],[-117.084999,33.464132],[-117.084928,33.464078],[-117.08478,33.463868],[-117.084752,33.463792],[-117.08464,33.46381],[-117.084555,33.463803],[-117.084457,33.463752],[-117.084436,33.463718],[-117.084322,33.463713],[-117.084282,33.463649],[-117.084311,33.463624],[-117.084295,33.463572],[-117.084253,33.463541],[-117.08422,33.463528],[-117.084204,33.463538],[-117.084037,33.463368],[-117.08407,33.463362],[-117.084092,33.463323],[-117.084083,33.463274],[-117.084067,33.463222],[-117.084044,33.46319],[-117.083977,33.463154],[-117.083976,33.463074],[-117.083953,33.463049],[-117.083858,33.463046],[-117.083764,33.462947],[-117.083665,33.462954],[-117.083712,33.462888],[-117.083797,33.46279],[-117.083932,33.46274],[-117.08407,33.462723],[-117.084135,33.462758],[-117.084193,33.462768],[-117.084219,33.462716],[-117.084252,33.462732],[-117.084324,33.462797],[-117.084421,33.462905],[-117.084523,33.463042],[-117.084672,33.463185],[-117.084881,33.463436],[-117.084968,33.463491],[-117.085076,33.463543],[-117.085132,33.463597],[-117.085167,33.463648],[-117.085224,33.463696],[-117.085368,33.463793],[-117.085564,33.463949],[-117.085757,33.464028],[-117.085881,33.46412],[-117.085962,33.464207],[-117.086089,33.464302],[-117.086205,33.464446],[-117.08624,33.464502],[-117.086217,33.464514]]]}},{"type":"Feature","properties":{"k":"tee"},"geometry":{"type":"Polygon","coordinates":[[[-117.083696,33.463465],[-117.083656,33.463459],[-117.083628,33.463428],[-117.083634,33.463394],[-117.083672,33.463373],[-117.083708,33.463381],[-117.08374,33.463412],[-117.083743,33.46343],[-117.083734,33.463445],[-117.083718,33.463459],[-117.083696,33.463465]]]}},{"type":"Feature","properties":{"k":"tee"},"geometry":{"type":"Polygon","coordinates":[[[-117.083846,33.463599],[-117.083807,33.46358],[-117.083786,33.463546],[-117.083787,33.463534],[-117.08382,33.46351],[-117.08386,33.463515],[-117.083887,33.463538],[-117.083893,33.463557],[-117.083881,33.463589],[-117.083846,33.463599]]]}},{"type":"Feature","properties":{"k":"tee"},"geometry":{"type":"Polygon","coordinates":[[[-117.083972,33.463725],[-117.083932,33.463708],[-117.083915,33.463677],[-117.083925,33.463646],[-117.08396,33.46363],[-117.083981,33.463631],[-117.084012,33.463645],[-117.084027,33.463669],[-117.084026,33.463706],[-117.084013,33.46372],[-117.083995,33.463727],[-117.083972,33.463725]]]}},{"type":"Feature","properties":{"k":"tee"},"geometry":{"type":"Polygon","coordinates":[[[-117.084068,33.463905],[-117.084041,33.463874],[-117.084044,33.463834],[-117.084066,33.463817],[-117.084086,33.463814],[-117.084121,33.463821],[-117.084139,33.463843],[-117.08414,33.463867],[-117.084106,33.463905],[-117.084094,33.46391],[-117.084068,33.463905]]]}},{"type":"Feature","properties":{"k":"green"},"geometry":{"type":"Polygon","coordinates":[[[-117.086073,33.465445],[-117.086075,33.465412],[-117.086087,33.4654],[-117.086238,33.465391],[-117.086275,33.465397],[-117.086309,33.465418],[-117.086325,33.465437],[-117.086303,33.465484],[-117.086309,33.465528],[-117.086301,33.46555],[-117.086256,33.465563],[-117.086174,33.46553],[-117.086107,33.465482],[-117.086073,33.465445]]]}},{"type":"Feature","properties":{"k":"bunker"},"geometry":{"type":"Polygon","coordinates":[[[-117.086394,33.465526],[-117.086382,33.465527],[-117.086356,33.465511],[-117.086329,33.465512],[-117.086317,33.465499],[-117.086321,33.465469],[-117.086346,33.465455],[-117.086375,33.465457],[-117.086388,33.465467],[-117.086417,33.465502],[-117.086413,33.465514],[-117.086394,33.465526]]]}},{"type":"Feature","properties":{"k":"bunker"},"geometry":{"type":"Polygon","coordinates":[[[-117.086135,33.465628],[-117.086127,33.465618],[-117.086127,33.465596],[-117.086145,33.465559],[-117.086164,33.465555],[-117.08619,33.465561],[-117.086206,33.465579],[-117.086189,33.465617],[-117.086167,33.465634],[-117.086135,33.465628]]]}},{"type":"Feature","properties":{"k":"bunker"},"geometry":{"type":"Polygon","coordinates":[[[-117.086058,33.465564],[-117.086102,33.465545],[-117.086107,33.465522],[-117.086089,33.465505],[-117.086023,33.465494],[-117.086008,33.465503],[-117.086005,33.465523],[-117.086035,33.465557],[-117.086036,33.465574],[-117.086052,33.465576],[-117.086058,33.465564]]]}},{"type":"Feature","properties":{"k":"rough"},"geometry":{"type":"Polygon","coordinates":[[[-117.083879,33.463505],[-117.083823,33.463446],[-117.083806,33.463417],[-117.083808,33.463389],[-117.083841,33.463348],[-117.083843,33.463323],[-117.083818,33.46328],[-117.083774,33.463255],[-117.083706,33.463248],[-117.083629,33.463269],[-117.083585,33.463295],[-117.083544,33.463348],[-117.083537,33.463383],[-117.083535,33.463424],[-117.083554,33.463465],[-117.083574,33.46349],[-117.083625,33.463512],[-117.083636,33.463514],[-117.083659,33.463498],[-117.083678,33.463495],[-117.083709,33.4635],[-117.083729,33.463518],[-117.083744,33.463548],[-117.083833,33.463615],[-117.083925,33.463741],[-117.083959,33.463821],[-117.083976,33.463897],[-117.083975,33.46394],[-117.083989,33.463985],[-117.08404,33.464054],[-117.084127,33.464124],[-117.08417,33.464172],[-117.084295,33.464257],[-117.084393,33.464344],[-117.084544,33.464422],[-117.084673,33.464519],[-117.084716,33.464536],[-117.084903,33.464658],[-117.085058,33.464785],[-117.085127,33.464825],[-117.085167,33.464865],[-117.085232,33.464901],[-117.08535,33.465002],[-117.085559,33.465157],[-117.085574,33.465214],[-117.085587,33.465325],[-117.085605,33.465384],[-117.085657,33.465464],[-117.085731,33.465524],[-117.085808,33.465617],[-117.085906,33.465682],[-117.085998,33.465717],[-117.086139,33.465705],[-117.086157,33.465689],[-117.086185,33.465681],[-117.086228,33.465653],[-117.086286,33.465647],[-117.08638,33.465615],[-117.086431,33.465566],[-117.086467,33.465515],[-117.086566,33.465473],[-117.086586,33.465441],[-117.086559,33.465413],[-117.086517,33.465411],[-117.086293,33.465365],[-117.086155,33.46537],[-117.086055,33.465356],[-117.085993,33.465367],[-117.085966,33.465364],[-117.085929,33.465345],[-117.085857,33.465241],[-117.085809,33.465206],[-117.085721,33.465173],[-117.085654,33.465135],[-117.085621,33.465084],[-117.085607,33.465031],[-117.085639,33.464971],[-117.085642,33.464861],[-117.085664,33.46471],[-117.085595,33.464639],[-117.085501,33.464579],[-117.085285,33.464475],[-117.08524,33.464434],[-117.085217,33.464385],[-117.085174,33.464349],[-117.08492,33.464194],[-117.084771,33.464084],[-117.084716,33.464059],[-117.084718,33.464045],[-117.084694,33.46398],[-117.084662,33.463946],[-117.084546,33.463925],[-117.08442,33.463878],[-117.084352,33.463864],[-117.084204,33.4638],[-117.084155,33.463739],[-117.084145,33.463713],[-117.084152,33.463651],[-117.084082,33.463606],[-117.084039,33.463597],[-117.083968,33.463594],[-117.08394,33.463578],[-117.083879,33.463505]]]}},{"type":"Feature","properties":{"k":"tee"},"geometry":{"type":"Polygon","coordinates":[[[-117.087286,33.466145],[-117.0873,33.46614],[-117.087312,33.466125],[-117.087322,33.466084],[-117.087309,33.466052],[-117.087295,33.466038],[-117.087247,33.466027],[-117.087225,33.466051],[-117.087232,33.466112],[-117.087254,33.46614],[-117.087286,33.466145]]]}},{"type":"Feature","properties":{"k":"tee"},"geometry":{"type":"Polygon","coordinates":[[[-117.087184,33.465936],[-117.087139,33.465909],[-117.087131,33.465887],[-117.087139,33.465851],[-117.087193,33.465826],[-117.087252,33.465832],[-117.087273,33.465849],[-117.087281,33.465871],[-117.087265,33.465919],[-117.087239,33.465935],[-117.087184,33.465936]]]}},{"type":"Feature","properties":{"k":"tee"},"geometry":{"type":"Polygon","coordinates":[[[-117.087132,33.466006],[-117.087064,33.466008],[-117.087003,33.466054],[-117.086981,33.466061],[-117.086942,33.466047],[-117.086918,33.466012],[-117.086929,33.465981],[-117.086961,33.465958],[-117.086996,33.465944],[-117.087055,33.465935],[-117.087099,33.465936],[-117.08714,33.465947],[-117.087159,33.465981],[-117.087152,33.465997],[-117.087132,33.466006]]]}},{"type":"Feature","properties":{"k":"tee"},"geometry":{"type":"Polygon","coordinates":[[[-117.08677,33.466095],[-117.08675,33.466087],[-117.086738,33.466071],[-117.086752,33.466031],[-117.086781,33.46602],[-117.086818,33.466024],[-117.08684,33.466049],[-117.086838,33.466067],[-117.086803,33.466096],[-117.08677,33.466095]]]}},{"type":"Feature","properties":{"k":"tee"},"geometry":{"type":"Polygon","coordinates":[[[-117.086837,33.466227],[-117.086794,33.466212],[-117.086785,33.466185],[-117.08681,33.466155],[-117.08684,33.46615],[-117.086873,33.466163],[-117.086887,33.466192],[-117.086871,33.466219],[-117.086837,33.466227]]]}},{"type":"Feature","properties":{"k":"tee"},"geometry":{"type":"Polygon","coordinates":[[[-117.086633,33.466171],[-117.086602,33.466164],[-117.086586,33.466143],[-117.086593,33.466125],[-117.086613,33.466112],[-117.086648,33.466111],[-117.086668,33.466126],[-117.086671,33.466148],[-117.086656,33.466163],[-117.086633,33.466171]]]}},{"type":"Feature","properties":{"k":"bunker"},"geometry":{"type":"Polygon","coordinates":[[[-117.086324,33.466297],[-117.086346,33.466275],[-117.086355,33.466254],[-117.086343,33.466227],[-117.086326,33.466222],[-117.086301,33.466232],[-117.086262,33.466275],[-117.086197,33.466266],[-117.086185,33.466279],[-117.086186,33.466295],[-117.086172,33.466307],[-117.086171,33.46632],[-117.086184,33.466333],[-117.086243,33.466349],[-117.086267,33.466335],[-117.086269,33.46632],[-117.08631,33.466311],[-117.086324,33.466314],[-117.086324,33.466297]]]}},{"type":"Feature","properties":{"k":"bunker"},"geometry":{"type":"Polygon","coordinates":[[[-117.086398,33.466515],[-117.086334,33.466508],[-117.08632,33.466478],[-117.086337,33.466458],[-117.086375,33.466455],[-117.08638,33.466425],[-117.086399,33.466417],[-117.086439,33.466426],[-117.086471,33.466478],[-117.086457,33.4665],[-117.086432,33.466501],[-117.08642,33.466512],[-117.086398,33.466515]]]}},{"type":"Feature","properties":{"k":"bunker"},"geometry":{"type":"Polygon","coordinates":[[[-117.086346,33.466684],[-117.086334,33.466704],[-117.086304,33.466718],[-117.086276,33.466706],[-117.08625,33.466705],[-117.086241,33.46668],[-117.086259,33.466628],[-117.08627,33.466622],[-117.086311,33.466622],[-117.086346,33.46659],[-117.086365,33.466586],[-117.086429,33.466625],[-117.086438,33.466648],[-117.086399,33.466697],[-117.086379,33.4667],[-117.086346,33.466684]]]}},{"type":"Feature","properties":{"k":"bunker"},"geometry":{"type":"Polygon","coordinates":[[[-117.085998,33.466668],[-117.08598,33.466672],[-117.085955,33.466659],[-117.085956,33.466639],[-117.08597,33.466625],[-117.085959,33.466605],[-117.085959,33.466583],[-117.085981,33.466571],[-117.086024,33.466586],[-117.086061,33.466575],[-117.086088,33.466584],[-117.086092,33.4666],[-117.08606,33.466653],[-117.086027,33.46667],[-117.085998,33.466668]]]}},{"type":"Feature","properties":{"k":"bunker"},"geometry":{"type":"Polygon","coordinates":[[[-117.086259,33.466868],[-117.086224,33.466863],[-117.086208,33.466845],[-117.086216,33.466822],[-117.086229,33.46681],[-117.086234,33.466781],[-117.086247,33.466772],[-117.086317,33.466795],[-117.086333,33.466817],[-117.0863,33.466864],[-117.086269,33.466873],[-117.086259,33.466868]]]}},{"type":"Feature","properties":{"k":"bunker"},"geometry":{"type":"Polygon","coordinates":[[[-117.086938,33.466318],[-117.086834,33.466359],[-117.086718,33.466359],[-117.086693,33.466393],[-117.086675,33.466452],[-117.086588,33.46648],[-117.086575,33.466508],[-117.086582,33.466566],[-117.086506,33.466591],[-117.086498,33.466606],[-117.086498,33.466639],[-117.086511,33.466675],[-117.086476,33.466709],[-117.086468,33.466726],[-117.086473,33.466759],[-117.086495,33.466763],[-117.086509,33.466745],[-117.08653,33.466741],[-117.086536,33.466725],[-117.08662,33.466668],[-117.086655,33.466628],[-117.086692,33.466613],[-117.086775,33.466603],[-117.086788,33.466589],[-117.086792,33.466545],[-117.086898,33.466458],[-117.086972,33.466424],[-117.086972,33.466394],[-117.086958,33.466385],[-117.086953,33.466338],[-117.086938,33.466318]]]}},{"type":"Feature","properties":{"k":"green"},"geometry":{"type":"Polygon","coordinates":[[[-117.086095,33.466907],[-117.086075,33.466891],[-117.086056,33.466854],[-117.086058,33.466738],[-117.086093,33.466661],[-117.086136,33.466608],[-117.08616,33.466593],[-117.086189,33.466593],[-117.086208,33.466602],[-117.086221,33.466629],[-117.086221,33.466734],[-117.086176,33.466862],[-117.086152,33.466896],[-117.086116,33.466916],[-117.086095,33.466907]]]}},{"type":"Feature","properties":{"k":"rough"},"geometry":{"type":"Polygon","coordinates":[[[-117.086972,33.466394],[-117.086958,33.466385],[-117.086953,33.466338],[-117.086938,33.466318],[-117.086834,33.466359],[-117.086718,33.466359],[-117.086693,33.466393],[-117.086675,33.466452],[-117.086653,33.466464],[-117.086606,33.46647],[-117.086576,33.466494],[-117.086582,33.466566],[-117.086506,33.466591],[-117.086497,33.466619],[-117.086511,33.466675],[-117.086476,33.466709],[-117.086468,33.466726],[-117.086473,33.466759],[-117.086433,33.466767],[-117.086408,33.466783],[-117.086304,33.46688],[-117.08624,33.466914],[-117.086106,33.467026],[-117.086058,33.467038],[-117.08604,33.467025],[-117.085938,33.466877],[-117.085865,33.466597],[-117.085873,33.466524],[-117.086002,33.466371],[-117.086112,33.466304],[-117.08619,33.466244],[-117.086565,33.466121],[-117.086614,33.466092],[-117.086683,33.466062],[-117.086713,33.466038],[-117.086858,33.465982],[-117.086962,33.46593],[-117.086989,33.465904],[-117.087168,33.465818],[-117.087252,33.465813],[-117.087279,33.465821],[-117.087288,33.465826],[-117.087301,33.465855],[-117.0873,33.465905],[-117.087285,33.465941],[-117.087333,33.466054],[-117.087326,33.46613],[-117.087308,33.466179],[-117.087282,33.466206],[-117.087244,33.466227],[-117.087195,33.466232],[-117.087147,33.466249],[-117.08705,33.466365],[-117.086972,33.466394]]]}},{"type":"Feature","properties":{"k":"tee"},"geometry":{"type":"Polygon","coordinates":[[[-117.084873,33.467605],[-117.084784,33.467572],[-117.084766,33.467554],[-117.08477,33.467519],[-117.084791,33.467501],[-117.084853,33.467503],[-117.084889,33.467534],[-117.084912,33.467574],[-117.084906,33.467596],[-117.084873,33.467605]]]}},{"type":"Feature","properties":{"k":"tee"},"geometry":{"type":"Polygon","coordinates":[[[-117.084532,33.467502],[-117.084446,33.467472],[-117.084435,33.46744],[-117.084458,33.467408],[-117.084479,33.467399],[-117.084523,33.467399],[-117.084585,33.467419],[-117.084614,33.467441],[-117.084623,33.467469],[-117.084612,33.46749],[-117.084583,33.467504],[-117.084532,33.467502]]]}},{"type":"Feature","properties":{"k":"tee"},"geometry":{"type":"Polygon","coordinates":[[[-117.084249,33.467386],[-117.084164,33.467368],[-117.084101,33.467365],[-117.084083,33.467349],[-117.08408,33.467323],[-117.084099,33.467301],[-117.084138,33.467287],[-117.08419,33.46728],[-117.084244,33.46729],[-117.084285,33.467313],[-117.084305,33.467348],[-117.084292,33.467371],[-117.084249,33.467386]]]}},{"type":"Feature","properties":{"k":"tee"},"geometry":{"type":"Polygon","coordinates":[[[-117.083913,33.467363],[-117.08382,33.467363],[-117.08372,33.467378],[-117.083676,33.467371],[-117.08366,33.467356],[-117.083655,33.467335],[-117.083675,33.467305],[-117.083704,33.467292],[-117.08381,33.467298],[-117.083879,33.467294],[-117.083923,33.4673],[-117.083947,33.467315],[-117.083945,33.467351],[-117.083913,33.467363]]]}},{"type":"Feature","properties":{"k":"tee"},"geometry":{"type":"Polygon","coordinates":[[[-117.083467,33.467409],[-117.083432,33.467408],[-117.083388,33.467384],[-117.083388,33.467353],[-117.083408,33.467328],[-117.083452,33.46732],[-117.083487,33.46733],[-117.08351,33.467348],[-117.083516,33.467372],[-117.08351,33.467389],[-117.083467,33.467409]]]}},{"type":"Feature","properties":{"k":"bunker"},"geometry":{"type":"Polygon","coordinates":[[[-117.083747,33.467621],[-117.083705,33.46763],[-117.083602,33.467621],[-117.083474,33.467636],[-117.083378,33.467651],[-117.083289,33.467675],[-117.083217,33.467676],[-117.083073,33.467725],[-117.083041,33.46773],[-117.082958,33.467707],[-117.082825,33.467718],[-117.082806,33.467708],[-117.082804,33.467688],[-117.082829,33.467663],[-117.082894,33.467645],[-117.08292,33.467614],[-117.083025,33.467534],[-117.083046,33.467505],[-117.083057,33.467466],[-117.083026,33.467387],[-117.083025,33.467344],[-117.083046,33.467311],[-117.083068,33.467294],[-117.083152,33.46728],[-117.083206,33.467279],[-117.083286,33.467303],[-117.083311,33.467318],[-117.083327,33.467335],[-117.083331,33.467373],[-117.083347,33.467408],[-117.083413,33.467458],[-117.083595,33.467458],[-117.083631,33.467464],[-117.083738,33.467515],[-117.083776,33.467552],[-117.083787,33.467595],[-117.083747,33.467621]]]}},{"type":"Feature","properties":{"k":"green"},"geometry":{"type":"Polygon","coordinates":[[[-117.080412,33.46805],[-117.080317,33.468083],[-117.080213,33.46815],[-117.080181,33.468162],[-117.08014,33.468159],[-117.080139,33.46811],[-117.08018,33.46803],[-117.080226,33.46799],[-117.080278,33.467964],[-117.080345,33.467946],[-117.080463,33.467945],[-117.080483,33.467953],[-117.080495,33.467968],[-117.080491,33.467999],[-117.080449,33.468033],[-117.080412,33.46805]]]}},{"type":"Feature","properties":{"k":"rough"},"geometry":{"type":"Polygon","coordinates":[[[-117.08,33.468472],[-117.079959,33.468435],[-117.079908,33.468325],[-117.079902,33.468252],[-117.079908,33.468202],[-117.079926,33.468142],[-117.079995,33.468053],[-117.080036,33.467957],[-117.080111,33.467876],[-117.080164,33.467846],[-117.080256,33.467824],[-117.080422,33.467757],[-117.080513,33.46766],[-117.080564,33.46762],[-117.080681,33.467555],[-117.080723,33.467543],[-117.080811,33.467534],[-117.081103,33.467442],[-117.081292,33.467407],[-117.081532,33.467317],[-117.081628,33.467312],[-117.081843,33.467319],[-117.081867,33.467317],[-117.081912,33.467293],[-117.081971,33.467281],[-117.082083,33.467292],[-117.082218,33.467289],[-117.082316,33.46728],[-117.082381,33.46725],[-117.082437,33.467236],[-117.082522,33.467236],[-117.082621,33.467259],[-117.082729,33.467262],[-117.082881,33.467249],[-117.083364,33.467254],[-117.083574,33.467222],[-117.083692,33.467241],[-117.083859,33.467238],[-117.083889,33.467232],[-117.083952,33.467248],[-117.083996,33.467248],[-117.084059,33.467236],[-117.084178,33.467234],[-117.084245,33.467249],[-117.08437,33.467327],[-117.084424,33.467349],[-117.084479,33.467353],[-117.084538,33.467375],[-117.084609,33.467379],[-117.084653,33.467415],[-117.084748,33.467444],[-117.084808,33.467453],[-117.084873,33.467452],[-117.084914,33.467464],[-117.084943,33.467577],[-117.084943,33.467633],[-117.084941,33.467647],[-117.084928,33.46766],[-117.084894,33.467677],[-117.084863,33.467671],[-117.084788,33.467621],[-117.084676,33.467569],[-117.084559,33.467542],[-117.084445,33.467544],[-117.084254,33.467601],[-117.084058,33.467615],[-117.083633,33.467705],[-117.083515,33.467755],[-117.083371,33.467784],[-117.083276,33.467779],[-117.083147,33.467795],[-117.083091,33.467811],[-117.082989,33.467811],[-117.082883,33.467839],[-117.082682,33.467869],[-117.082249,33.467916],[-117.082188,33.467927],[-117.082175,33.467936],[-117.081925,33.467983],[-117.081776,33.468],[-117.08167,33.468025],[-117.081523,33.468041],[-117.081428,33.468061],[-117.081033,33.468114],[-117.080763,33.468132],[-117.0806,33.468189],[-117.080512,33.468201],[-117.080436,33.468221],[-117.080267,33.468283],[-117.080243,33.468303],[-117.080222,33.468336],[-117.080155,33.468389],[-117.080112,33.468418],[-117.08,33.468472]]]}},{"type":"Feature","properties":{"k":"tee"},"geometry":{"type":"Polygon","coordinates":[[[-117.080331,33.469415],[-117.080356,33.469403],[-117.08038,33.469378],[-117.08038,33.469349],[-117.080371,33.469336],[-117.080341,33.469324],[-117.080279,33.469323],[-117.08025,33.469349],[-117.080243,33.469365],[-117.080248,33.46939],[-117.08029,33.469414],[-117.080331,33.469415]]]}},{"type":"Feature","properties":{"k":"tee"},"geometry":{"type":"Polygon","coordinates":[[[-117.080591,33.469455],[-117.080634,33.469448],[-117.080653,33.469431],[-117.080663,33.469408],[-117.080657,33.469381],[-117.080636,33.469362],[-117.080615,33.469355],[-117.080583,33.46935],[-117.080522,33.469355],[-117.080496,33.469378],[-117.080497,33.469429],[-117.080552,33.469451],[-117.080591,33.469455]]]}},{"type":"Feature","properties":{"k":"tee"},"geometry":{"type":"Polygon","coordinates":[[[-117.08095,33.469518],[-117.080994,33.469493],[-117.081,33.469476],[-117.080996,33.469437],[-117.080971,33.46942],[-117.080943,33.469416],[-117.080904,33.469416],[-117.080869,33.469428],[-117.080851,33.469448],[-117.08085,33.46948],[-117.080857,33.469489],[-117.080884,33.469512],[-117.080905,33.469519],[-117.08095,33.469518]]]}},{"type":"Feature","properties":{"k":"tee"},"geometry":{"type":"Polygon","coordinates":[[[-117.081252,33.469536],[-117.081286,33.469513],[-117.08129,33.469479],[-117.081284,33.469464],[-117.081253,33.469439],[-117.081202,33.469443],[-117.081177,33.469458],[-117.081166,33.4695],[-117.081196,33.469529],[-117.081227,33.469538],[-117.081252,33.469536]]]}},{"type":"Feature","properties":{"k":"bunker"},"geometry":{"type":"Polygon","coordinates":[[[-117.080921,33.46935],[-117.080862,33.469344],[-117.08075,33.469306],[-117.080722,33.46926],[-117.080736,33.469209],[-117.080915,33.469163],[-117.081003,33.469121],[-117.081063,33.469131],[-117.081227,33.469132],[-117.081257,33.469126],[-117.081343,33.469084],[-117.081451,33.469081],[-117.081529,33.469035],[-117.081563,33.469034],[-117.081592,33.469052],[-117.081616,33.469212],[-117.081552,33.469296],[-117.081539,33.469364],[-117.081394,33.469367],[-117.081347,33.469375],[-117.08126,33.469412],[-117.081212,33.469415],[-117.081124,33.4694],[-117.081055,33.469363],[-117.080921,33.46935]]]}},{"type":"Feature","properties":{"k":"bunker"},"geometry":{"type":"Polygon","coordinates":[[[-117.082206,33.469017],[-117.082193,33.469003],[-117.082163,33.468998],[-117.082152,33.468981],[-117.082161,33.468968],[-117.082208,33.468946],[-117.082243,33.468901],[-117.082311,33.468917],[-117.082363,33.468891],[-117.082382,33.468896],[-117.082389,33.468923],[-117.082377,33.468953],[-117.082319,33.46897],[-117.082285,33.468998],[-117.082262,33.468998],[-117.08223,33.469021],[-117.082206,33.469017]]]}},{"type":"Feature","properties":{"k":"bunker"},"geometry":{"type":"Polygon","coordinates":[[[-117.082616,33.468983],[-117.082539,33.468989],[-117.082528,33.468982],[-117.082534,33.468941],[-117.082543,33.468924],[-117.082571,33.468909],[-117.082568,33.468875],[-117.082581,33.468861],[-117.08265,33.468866],[-117.082656,33.468887],[-117.082638,33.468912],[-117.082646,33.468928],[-117.082725,33.468934],[-117.082741,33.46895],[-117.082735,33.468971],[-117.082716,33.468983],[-117.082616,33.468983]]]}},{"type":"Feature","properties":{"k":"bunker"},"geometry":{"type":"Polygon","coordinates":[[[-117.083538,33.469087],[-117.083501,33.469052],[-117.0835,33.469036],[-117.083515,33.469005],[-117.083536,33.468989],[-117.08357,33.46891],[-117.083668,33.468825],[-117.083722,33.468799],[-117.083759,33.468752],[-117.083797,33.468742],[-117.083835,33.468758],[-117.083842,33.468782],[-117.083839,33.468837],[-117.083784,33.468902],[-117.083793,33.468978],[-117.083781,33.469011],[-117.083741,33.469044],[-117.083659,33.469047],[-117.083596,33.469079],[-117.083538,33.469087]]]}},{"type":"Feature","properties":{"k":"bunker"},"geometry":{"type":"Polygon","coordinates":[[[-117.083975,33.469026],[-117.083953,33.469023],[-117.083944,33.469015],[-117.083909,33.469018],[-117.083885,33.469011],[-117.083873,33.468987],[-117.083875,33.468966],[-117.083896,33.468947],[-117.084001,33.468923],[-117.084014,33.468932],[-117.08402,33.468948],[-117.084015,33.46896],[-117.083972,33.468985],[-117.083975,33.469026]]]}},{"type":"Feature","properties":{"k":"bunker"},"geometry":{"type":"Polygon","coordinates":[[[-117.08428,33.468854],[-117.084242,33.468857],[-117.084237,33.46887],[-117.084223,33.468877],[-117.084202,33.468869],[-117.084194,33.468843],[-117.084228,33.468814],[-117.084255,33.468813],[-117.084283,33.468837],[-117.08428,33.468854]]]}},{"type":"Feature","properties":{"k":"green"},"geometry":{"type":"Polygon","coordinates":[[[-117.084083,33.468931],[-117.084049,33.468921],[-117.084016,33.468901],[-117.083932,33.468897],[-117.083918,33.468886],[-117.083919,33.468861],[-117.084079,33.468775],[-117.084129,33.468737],[-117.084196,33.468728],[-117.084212,33.468738],[-117.084219,33.468755],[-117.084163,33.468839],[-117.084177,33.468912],[-117.084161,33.468928],[-117.084142,33.468933],[-117.084083,33.468931]]]}},{"type":"Feature","properties":{"k":"fairway"},"geometry":{"type":"Polygon","coordinates":[[[-117.082577,33.469322],[-117.08245,33.469348],[-117.082366,33.469336],[-117.082314,33.469313],[-117.082204,33.469299],[-117.082045,33.469289],[-117.081931,33.46929],[-117.081845,33.469248],[-117.081821,33.469204],[-117.081822,33.469154],[-117.08185,33.469096],[-117.081944,33.469042],[-117.082218,33.469046],[-117.082428,33.469017],[-117.082524,33.469019],[-117.082559,33.46903],[-117.082715,33.469026],[-117.082814,33.468974],[-117.082838,33.468931],[-117.082933,33.468852],[-117.083007,33.468831],[-117.083105,33.468833],[-117.083183,33.468879],[-117.083219,33.468888],[-117.083257,33.468886],[-117.083293,33.468872],[-117.083334,33.468872],[-117.0835,33.46889],[-117.083533,33.468901],[-117.083542,33.468914],[-117.08348,33.468976],[-117.0834,33.469025],[-117.08334,33.46909],[-117.083277,33.469132],[-117.083008,33.469236],[-117.082952,33.469242],[-117.082862,33.46927],[-117.082621,33.469301],[-117.082577,33.469322]]]}},{"type":"Feature","properties":{"k":"rough"},"geometry":{"type":"Polygon","coordinates":[[[-117.080163,33.469388],[-117.080274,33.46914],[-117.080332,33.469058],[-117.080394,33.469039],[-117.080421,33.469036],[-117.080515,33.469115],[-117.080569,33.469144],[-117.080575,33.469173],[-117.080598,33.469194],[-117.080658,33.469195],[-117.080692,33.469182],[-117.08073,33.46918],[-117.080761,33.469187],[-117.080792,33.46917],[-117.080958,33.46912],[-117.081003,33.469121],[-117.081041,33.469104],[-117.081156,33.469082],[-117.081358,33.469027],[-117.081389,33.469029],[-117.081418,33.469015],[-117.081496,33.469001],[-117.081676,33.468991],[-117.08203,33.468908],[-117.082203,33.468879],[-117.082358,33.468862],[-117.082529,33.468826],[-117.082601,33.468821],[-117.082797,33.468831],[-117.082927,33.468807],[-117.082995,33.468783],[-117.083592,33.468779],[-117.083629,33.468762],[-117.083864,33.46869],[-117.083982,33.468638],[-117.084099,33.468623],[-117.084196,33.468623],[-117.084322,33.468736],[-117.08438,33.468846],[-117.08438,33.468884],[-117.084338,33.468972],[-117.084322,33.468993],[-117.084231,33.469049],[-117.084153,33.469072],[-117.084052,33.469085],[-117.083796,33.469151],[-117.083662,33.469159],[-117.083452,33.469185],[-117.083038,33.469331],[-117.082857,33.469347],[-117.082564,33.469388],[-117.082347,33.469395],[-117.082125,33.469381],[-117.082014,33.469393],[-117.081558,33.469474],[-117.081303,33.469548],[-117.081107,33.469553],[-117.080991,33.469563],[-117.080905,33.469558],[-117.080429,33.469434],[-117.080379,33.46947],[-117.080229,33.469429],[-117.080163,33.469388]]]}},{"type":"Feature","properties":{"k":"tee"},"geometry":{"type":"Polygon","coordinates":[[[-117.085263,33.468102],[-117.085213,33.468081],[-117.0852,33.468038],[-117.085215,33.468002],[-117.085258,33.467987],[-117.085302,33.468002],[-117.085326,33.468042],[-117.085301,33.468088],[-117.085282,33.4681],[-117.085263,33.468102]]]}},{"type":"Feature","properties":{"k":"tee"},"geometry":{"type":"Polygon","coordinates":[[[-117.085392,33.468294],[-117.085375,33.468285],[-117.085347,33.46825],[-117.085344,33.468231],[-117.085363,33.468201],[-117.085401,33.468192],[-117.085438,33.468202],[-117.085454,33.468218],[-117.085461,33.468268],[-117.08545,33.468285],[-117.085428,33.468296],[-117.085392,33.468294]]]}},{"type":"Feature","properties":{"k":"tee"},"geometry":{"type":"Polygon","coordinates":[[[-117.085562,33.468441],[-117.085529,33.468428],[-117.085501,33.468384],[-117.085504,33.468363],[-117.085522,33.468346],[-117.085545,33.468337],[-117.085568,33.468338],[-117.085591,33.46835],[-117.085614,33.468393],[-117.085614,33.468414],[-117.085601,33.468434],[-117.085562,33.468441]]]}},{"type":"Feature","properties":{"k":"tee"},"geometry":{"type":"Polygon","coordinates":[[[-117.085732,33.468626],[-117.085674,33.468616],[-117.085657,33.468599],[-117.085641,33.468543],[-117.085656,33.46852],[-117.085708,33.468514],[-117.085763,33.468532],[-117.085781,33.468586],[-117.085761,33.468619],[-117.085732,33.468626]]]}},{"type":"Feature","properties":{"k":"tee"},"geometry":{"type":"Polygon","coordinates":[[[-117.085825,33.468786],[-117.085781,33.468781],[-117.085752,33.468762],[-117.08577,33.46871],[-117.085796,33.468697],[-117.085833,33.468697],[-117.085854,33.468708],[-117.085861,33.468722],[-117.085864,33.468753],[-117.085852,33.46877],[-117.085825,33.468786]]]}},{"type":"Feature","properties":{"k":"bunker"},"geometry":{"type":"Polygon","coordinates":[[[-117.086382,33.470093],[-117.086398,33.470059],[-117.086378,33.470045],[-117.086343,33.469995],[-117.086317,33.469986],[-117.086298,33.469989],[-117.086285,33.470008],[-117.08628,33.470055],[-117.086335,33.470098],[-117.086364,33.470102],[-117.086382,33.470093]]]}},{"type":"Feature","properties":{"k":"bunker"},"geometry":{"type":"Polygon","coordinates":[[[-117.086254,33.470006],[-117.086262,33.469996],[-117.086262,33.469961],[-117.086231,33.46993],[-117.086202,33.469927],[-117.086174,33.469941],[-117.086162,33.469958],[-117.086166,33.469974],[-117.0862,33.469987],[-117.086225,33.470009],[-117.086254,33.470006]]]}},{"type":"Feature","properties":{"k":"bunker"},"geometry":{"type":"Polygon","coordinates":[[[-117.086154,33.469913],[-117.086185,33.469889],[-117.08623,33.469881],[-117.086236,33.469874],[-117.086212,33.469834],[-117.086193,33.46982],[-117.086155,33.469818],[-117.086099,33.469849],[-117.086102,33.469863],[-117.086129,33.469872],[-117.08611,33.46989],[-117.086115,33.469905],[-117.086129,33.469915],[-117.086154,33.469913]]]}},{"type":"Feature","properties":{"k":"bunker"},"geometry":{"type":"Polygon","coordinates":[[[-117.088008,33.471171],[-117.087997,33.471167],[-117.087992,33.471144],[-117.087963,33.471123],[-117.087957,33.471103],[-117.087964,33.471082],[-117.087975,33.471071],[-117.088001,33.471064],[-117.088081,33.471077],[-117.088104,33.471103],[-117.0881,33.471119],[-117.088039,33.471126],[-117.088008,33.471171]]]}},{"type":"Feature","properties":{"k":"bunker"},"geometry":{"type":"Polygon","coordinates":[[[-117.088369,33.471224],[-117.088311,33.471213],[-117.08828,33.471247],[-117.088255,33.471248],[-117.088242,33.471235],[-117.088236,33.471186],[-117.088279,33.471141],[-117.088308,33.471137],[-117.088347,33.471166],[-117.088377,33.471173],[-117.088387,33.471206],[-117.088369,33.471224]]]}},{"type":"Feature","properties":{"k":"bunker"},"geometry":{"type":"Polygon","coordinates":[[[-117.088645,33.471156],[-117.088608,33.471142],[-117.088547,33.471143],[-117.088527,33.471128],[-117.088527,33.471101],[-117.088578,33.471079],[-117.088584,33.471051],[-117.088608,33.471053],[-117.08868,33.471119],[-117.088685,33.471135],[-117.088677,33.471148],[-117.088645,33.471156]]]}},{"type":"Feature","properties":{"k":"green"},"geometry":{"type":"Polygon","coordinates":[[[-117.088883,33.471319],[-117.088744,33.471272],[-117.088634,33.471253],[-117.088607,33.471227],[-117.088605,33.471202],[-117.08863,33.471186],[-117.08875,33.471164],[-117.08879,33.471172],[-117.088834,33.471196],[-117.088928,33.471227],[-117.088952,33.471244],[-117.088954,33.471281],[-117.08892,33.471313],[-117.088883,33.471319]]]}},{"type":"Feature","properties":{"k":"rough"},"geometry":{"type":"Polygon","coordinates":[[[-117.08517,33.468105],[-117.085151,33.468047],[-117.085232,33.467958],[-117.085312,33.467963],[-117.085352,33.467983],[-117.085458,33.468197],[-117.085494,33.468227],[-117.085547,33.468297],[-117.08564,33.468382],[-117.085773,33.468531],[-117.085794,33.468577],[-117.085822,33.468596],[-117.085835,33.468637],[-117.085852,33.468651],[-117.085874,33.468696],[-117.085896,33.468781],[-117.08593,33.468838],[-117.085956,33.468948],[-117.085989,33.468969],[-117.086056,33.468992],[-117.086169,33.469061],[-117.086238,33.469088],[-117.086354,33.469119],[-117.086393,33.469149],[-117.086487,33.469329],[-117.086503,33.469348],[-117.086563,33.469512],[-117.08674,33.469704],[-117.086887,33.469821],[-117.087051,33.470204],[-117.087054,33.470225],[-117.087046,33.47025],[-117.087249,33.470565],[-117.087305,33.470579],[-117.087372,33.470583],[-117.087409,33.470564],[-117.087486,33.470558],[-117.087885,33.470631],[-117.088048,33.470729],[-117.088123,33.470786],[-117.088172,33.470811],[-117.088207,33.470848],[-117.088526,33.471009],[-117.088792,33.471069],[-117.088876,33.471102],[-117.088954,33.471158],[-117.089007,33.471215],[-117.089081,33.471322],[-117.089058,33.471452],[-117.088941,33.471439],[-117.088839,33.471398],[-117.088425,33.471327],[-117.088239,33.471273],[-117.087606,33.47106],[-117.087424,33.471017],[-117.087264,33.47099],[-117.086809,33.470804],[-117.086751,33.470768],[-117.086716,33.470713],[-117.086713,33.470598],[-117.086682,33.470518],[-117.086653,33.470464],[-117.086609,33.470411],[-117.086529,33.470267],[-117.086462,33.470206],[-117.086266,33.470101],[-117.086144,33.470004],[-117.085888,33.469675],[-117.085857,33.469607],[-117.08585,33.469537],[-117.085825,33.4695],[-117.085741,33.469274],[-117.085663,33.469188],[-117.085649,33.469161],[-117.08562,33.469049],[-117.085628,33.46892],[-117.085646,33.468871],[-117.085698,33.46882],[-117.085702,33.468762],[-117.085656,33.468624],[-117.08554,33.468464],[-117.085488,33.468422],[-117.085447,33.468368],[-117.08541,33.468354],[-117.085301,33.468247],[-117.085302,33.468227],[-117.085317,33.468221],[-117.085324,33.468195],[-117.085311,33.468159],[-117.085247,33.468146],[-117.08517,33.468105]]]}},{"type":"Feature","properties":{"k":"tee"},"geometry":{"type":"Polygon","coordinates":[[[-117.089585,33.471375],[-117.089647,33.471351],[-117.089676,33.471327],[-117.089669,33.471316],[-117.089612,33.471286],[-117.089583,33.471295],[-117.089539,33.471341],[-117.089535,33.471354],[-117.089585,33.471375]]]}},{"type":"Feature","properties":{"k":"tee"},"geometry":{"type":"Polygon","coordinates":[[[-117.089729,33.471451],[-117.089711,33.471447],[-117.089676,33.471416],[-117.089683,33.471389],[-117.0897,33.471372],[-117.089738,33.471358],[-117.089782,33.471367],[-117.0898,33.471386],[-117.089798,33.471411],[-117.08975,33.47145],[-117.089729,33.471451]]]}},{"type":"Feature","properties":{"k":"tee"},"geometry":{"type":"Polygon","coordinates":[[[-117.089778,33.471566],[-117.089742,33.471519],[-117.089754,33.471494],[-117.089785,33.471479],[-117.089844,33.471483],[-117.089856,33.47149],[-117.089862,33.471519],[-117.089835,33.471553],[-117.089813,33.471567],[-117.089778,33.471566]]]}},{"type":"Feature","properties":{"k":"tee"},"geometry":{"type":"Polygon","coordinates":[[[-117.08989,33.471663],[-117.089925,33.471645],[-117.089987,33.471554],[-117.089996,33.471507],[-117.089981,33.471493],[-117.089951,33.471494],[-117.089917,33.471513],[-117.089884,33.471569],[-117.089846,33.471606],[-117.08984,33.471627],[-117.08985,33.47165],[-117.08989,33.471663]]]}},{"type":"Feature","properties":{"k":"tee"},"geometry":{"type":"Polygon","coordinates":[[[-117.090099,33.471658],[-117.090123,33.471629],[-117.090126,33.471577],[-117.090112,33.471561],[-117.090082,33.471554],[-117.090034,33.471575],[-117.090008,33.471602],[-117.089996,33.471626],[-117.089994,33.471654],[-117.090024,33.471677],[-117.090067,33.471674],[-117.090099,33.471658]]]}},{"type":"Feature","properties":{"k":"tee"},"geometry":{"type":"Polygon","coordinates":[[[-117.090148,33.471796],[-117.090171,33.471781],[-117.090183,33.471763],[-117.090177,33.47172],[-117.090155,33.471701],[-117.090141,33.471699],[-117.090078,33.471713],[-117.090056,33.47175],[-117.09007,33.471786],[-117.090109,33.471801],[-117.090148,33.471796]]]}},{"type":"Feature","properties":{"k":"tee"},"geometry":{"type":"Polygon","coordinates":[[[-117.090322,33.471656],[-117.09034,33.471641],[-117.090337,33.471606],[-117.090316,33.47159],[-117.090291,33.471586],[-117.090279,33.471591],[-117.090252,33.471616],[-117.090257,33.471642],[-117.090288,33.471662],[-117.090322,33.471656]]]}},{"type":"Feature","properties":{"k":"tee"},"geometry":{"type":"Polygon","coordinates":[[[-117.090352,33.471777],[-117.090377,33.47177],[-117.090402,33.471733],[-117.090401,33.471712],[-117.090377,33.471697],[-117.090352,33.471695],[-117.090324,33.471709],[-117.090302,33.471739],[-117.0903,33.471751],[-117.090316,33.47177],[-117.090352,33.471777]]]}},{"type":"Feature","properties":{"k":"green"},"geometry":{"type":"Polygon","coordinates":[[[-117.091089,33.471938],[-117.091021,33.471914],[-117.091001,33.471897],[-117.091011,33.471809],[-117.090987,33.471766],[-117.090982,33.47174],[-117.091018,33.471719],[-117.091143,33.471717],[-117.091241,33.471734],[-117.091258,33.471752],[-117.091253,33.471777],[-117.091154,33.471828],[-117.091147,33.471841],[-117.091144,33.471918],[-117.091122,33.471938],[-117.091089,33.471938]]]}},{"type":"Feature","properties":{"k":"bunker"},"geometry":{"type":"Polygon","coordinates":[[[-117.090934,33.471913],[-117.090891,33.471893],[-117.090888,33.471878],[-117.090903,33.471861],[-117.090882,33.471851],[-117.090896,33.471786],[-117.090916,33.471773],[-117.090933,33.471786],[-117.09095,33.471784],[-117.090973,33.471796],[-117.090977,33.471804],[-117.090963,33.471815],[-117.090981,33.471831],[-117.09097,33.471851],[-117.090953,33.471854],[-117.090963,33.471876],[-117.090951,33.471886],[-117.090959,33.471906],[-117.090956,33.471912],[-117.090934,33.471913]]]}},{"type":"Feature","properties":{"k":"bunker"},"geometry":{"type":"Polygon","coordinates":[[[-117.091243,33.471901],[-117.091204,33.471907],[-117.0912,33.471896],[-117.091215,33.471885],[-117.091215,33.471877],[-117.091208,33.471874],[-117.091189,33.471888],[-117.091177,33.471869],[-117.091198,33.471849],[-117.091193,33.47183],[-117.091201,33.471824],[-117.091257,33.47181],[-117.091279,33.47183],[-117.091281,33.471869],[-117.091273,33.471882],[-117.091255,33.471882],[-117.091243,33.471901]]]}},{"type":"Feature","properties":{"k":"rough"},"geometry":{"type":"Polygon","coordinates":[[[-117.09118,33.472035],[-117.091242,33.471992],[-117.091271,33.471941],[-117.091322,33.471912],[-117.091354,33.471869],[-117.091363,33.471791],[-117.091333,33.471717],[-117.091239,33.471612],[-117.091199,33.471605],[-117.091161,33.471601],[-117.091116,33.471616],[-117.091054,33.471657],[-117.090928,33.47165],[-117.09084,33.471715],[-117.090831,33.471769],[-117.090837,33.471831],[-117.090858,33.471903],[-117.090931,33.47199],[-117.090974,33.472015],[-117.091094,33.472041],[-117.09118,33.472035]]]}},{"type":"Feature","properties":{"k":"tee"},"geometry":{"type":"Polygon","coordinates":[[[-117.091845,33.47249],[-117.091821,33.47249],[-117.091801,33.472455],[-117.091804,33.47244],[-117.091824,33.472429],[-117.091854,33.472435],[-117.091871,33.472447],[-117.091873,33.472471],[-117.091864,33.472486],[-117.091845,33.47249]]]}},{"type":"Feature","properties":{"k":"green"},"geometry":{"type":"Polygon","coordinates":[[[-117.092453,33.469445],[-117.092418,33.469453],[-117.092398,33.469447],[-117.092371,33.469423],[-117.09239,33.469337],[-117.09238,33.469251],[-117.092392,33.46922],[-117.092412,33.469203],[-117.092434,33.469198],[-117.092455,33.469205],[-117.092509,33.469253],[-117.092553,33.469333],[-117.092571,33.469384],[-117.092571,33.469407],[-117.092556,33.469424],[-117.092524,33.469436],[-117.092453,33.469445]]]}},{"type":"Feature","properties":{"k":"rough"},"geometry":{"type":"Polygon","coordinates":[[[-117.091215,33.4723],[-117.091238,33.472336],[-117.0913,33.472382],[-117.091405,33.472417],[-117.091534,33.472444],[-117.091662,33.472455],[-117.091741,33.472518],[-117.091807,33.472558],[-117.091869,33.47255],[-117.091948,33.47248],[-117.092024,33.472384],[-117.092037,33.472284],[-117.092027,33.472181],[-117.091909,33.471815],[-117.091854,33.471682],[-117.091716,33.471427],[-117.091747,33.47132],[-117.091774,33.471075],[-117.091894,33.470734],[-117.09194,33.470642],[-117.091991,33.470509],[-117.092048,33.47032],[-117.092053,33.470247],[-117.092114,33.470172],[-117.092168,33.470039],[-117.092241,33.469969],[-117.092313,33.469878],[-117.092336,33.469806],[-117.09241,33.469697],[-117.092513,33.469601],[-117.092612,33.469559],[-117.092655,33.469507],[-117.092661,33.469426],[-117.092643,33.469355],[-117.092607,33.469271],[-117.092561,33.469202],[-117.09251,33.469149],[-117.092451,33.469123],[-117.092365,33.469104],[-117.09231,33.469102],[-117.09226,33.469143],[-117.092223,33.469191],[-117.092152,33.469257],[-117.092111,33.469352],[-117.092053,33.469404],[-117.091969,33.469453],[-117.091777,33.469606],[-117.091728,33.469666],[-117.09169,33.469749],[-117.091632,33.469833],[-117.091568,33.469872],[-117.091397,33.46991],[-117.091322,33.46994],[-117.091221,33.470029],[-117.09118,33.470086],[-117.091166,33.470124],[-117.091157,33.470182],[-117.091192,33.470302],[-117.091172,33.470404],[-117.091156,33.470445],[-117.09119,33.470526],[-117.091207,33.470596],[-117.091193,33.470729],[-117.091212,33.470779],[-117.091236,33.470808],[-117.09132,33.470844],[-117.091304,33.470963],[-117.091184,33.471073],[-117.091119,33.471207],[-117.091126,33.471244],[-117.091205,33.471273],[-117.091399,33.471392],[-117.091427,33.471458],[-117.091432,33.471532],[-117.09145,33.471586],[-117.091494,33.471635],[-117.091537,33.471654],[-117.091575,33.471797],[-117.091576,33.471907],[-117.091594,33.471939],[-117.091644,33.471982],[-117.091657,33.472003],[-117.091646,33.472239],[-117.091597,33.472274],[-117.091444,33.472315],[-117.091366,33.472303],[-117.09134,33.472312],[-117.091222,33.472279],[-117.091215,33.4723]]]}},{"type":"Feature","properties":{"k":"tee"},"geometry":{"type":"Polygon","coordinates":[[[-117.093017,33.467557],[-117.092999,33.467568],[-117.092969,33.467566],[-117.092953,33.46755],[-117.092968,33.467496],[-117.092981,33.467482],[-117.093007,33.467484],[-117.09303,33.467495],[-117.09304,33.46751],[-117.093041,33.467529],[-117.093017,33.467557]]]}},{"type":"Feature","properties":{"k":"tee"},"geometry":{"type":"Polygon","coordinates":[[[-117.09291,33.467515],[-117.092928,33.467507],[-117.092933,33.467485],[-117.092925,33.467453],[-117.092901,33.467437],[-117.092872,33.46743],[-117.092846,33.467438],[-117.092838,33.467457],[-117.092841,33.467485],[-117.092856,33.467503],[-117.092881,33.467514],[-117.09291,33.467515]]]}},{"type":"Feature","properties":{"k":"tee"},"geometry":{"type":"Polygon","coordinates":[[[-117.092799,33.467419],[-117.09282,33.467386],[-117.092796,33.467341],[-117.092772,33.467331],[-117.092709,33.467327],[-117.092684,33.46736],[-117.092685,33.467386],[-117.092698,33.467409],[-117.092742,33.46743],[-117.092799,33.467419]]]}},{"type":"Feature","properties":{"k":"tee"},"geometry":{"type":"Polygon","coordinates":[[[-117.09263,33.46727],[-117.092641,33.467252],[-117.092638,33.467237],[-117.092584,33.467173],[-117.092544,33.467155],[-117.092517,33.467152],[-117.092496,33.467158],[-117.092486,33.467186],[-117.092511,33.46723],[-117.092577,33.467269],[-117.092615,33.467276],[-117.09263,33.46727]]]}},{"type":"Feature","properties":{"k":"tee"},"geometry":{"type":"Polygon","coordinates":[[[-117.092358,33.467079],[-117.092387,33.467061],[-117.092404,33.467032],[-117.092403,33.467016],[-117.092378,33.466985],[-117.092346,33.466964],[-117.092307,33.466963],[-117.092284,33.466979],[-117.092279,33.466992],[-117.092275,33.467009],[-117.092283,33.467042],[-117.092317,33.467071],[-117.092358,33.467079]]]}},{"type":"Feature","properties":{"k":"green"},"geometry":{"type":"Polygon","coordinates":[[[-117.091621,33.464334],[-117.091632,33.464328],[-117.091649,33.464295],[-117.091661,33.464157],[-117.091658,33.464079],[-117.091647,33.464042],[-117.091625,33.464034],[-117.091594,33.464042],[-117.091535,33.464114],[-117.091494,33.464139],[-117.091482,33.464191],[-117.0915,33.464253],[-117.091574,33.46432],[-117.091603,33.464336],[-117.091621,33.464334]]]}},{"type":"Feature","properties":{"k":"bunker"},"geometry":{"type":"Polygon","coordinates":[[[-117.091499,33.464448],[-117.091513,33.464446],[-117.091537,33.464401],[-117.091573,33.46438],[-117.091581,33.464367],[-117.091515,33.464304],[-117.091496,33.464301],[-117.091467,33.46431],[-117.09146,33.464327],[-117.091469,33.464357],[-117.091429,33.464378],[-117.091422,33.464401],[-117.091437,33.464425],[-117.091499,33.464448]]]}},{"type":"Feature","properties":{"k":"rough"},"geometry":{"type":"Polygon","coordinates":[[[-117.092168,33.466718],[-117.092168,33.466631],[-117.092082,33.466497],[-117.092026,33.466223],[-117.09193,33.465848],[-117.091801,33.46566],[-117.09171,33.465573],[-117.091576,33.46532],[-117.091303,33.464844],[-117.091277,33.464526],[-117.09132,33.464421],[-117.091329,33.464284],[-117.09129,33.464172],[-117.091368,33.464093],[-117.091437,33.463959],[-117.091554,33.463934],[-117.091857,33.463941],[-117.091939,33.463974],[-117.091935,33.464266],[-117.091917,33.464533],[-117.092649,33.465851],[-117.092818,33.466335],[-117.093419,33.467519],[-117.092969,33.467692],[-117.092411,33.46731],[-117.092251,33.467072],[-117.092203,33.466797],[-117.092168,33.466718]]]}},{"type":"Feature","properties":{"k":"sand"},"geometry":{"type":"Polygon","coordinates":[[[-117.092783,33.468597],[-117.092749,33.468603],[-117.092754,33.468632],[-117.092738,33.468634],[-117.092733,33.468615],[-117.092719,33.468604],[-117.092688,33.46862],[-117.092614,33.468604],[-117.092603,33.468546],[-117.092786,33.468541],[-117.092783,33.468597]]]}}]}