{"type":"FeatureCollection","features":[{"type":"Feature","properties":{"k":"hole","ref":"1","par":4},"geometry":{"type":"LineString","coordinates":[[-79.697345,44.085328],[-79.694463,44.086467],[-79.693433,44.087116]]}},{"type":"Feature","properties":{"k":"hole","ref":"1","par":4},"geometry":{"type":"LineString","coordinates":[[-79.701925,44.081423],[-79.701198,44.079431],[-79.70039,44.078807]]}},{"type":"Feature","properties":{"k":"hole","ref":"2","par":4},"geometry":{"type":"LineString","coordinates":[[-79.692425,44.086446],[-79.690719,44.088581],[-79.690856,44.089498]]}},{"type":"Feature","properties":{"k":"hole","ref":"2","par":4},"geometry":{"type":"LineString","coordinates":[[-79.699774,44.078481],[-79.703293,44.078038],[-79.704543,44.07766]]}},{"type":"Feature","properties":{"k":"hole","ref":"3","par":3},"geometry":{"type":"LineString","coordinates":[[-79.690643,44.09066],[-79.692011,44.089372]]}},{"type":"Feature","properties":{"k":"hole","ref":"3","par":3},"geometry":{"type":"LineString","coordinates":[[-79.704146,44.078377],[-79.702392,44.080034]]}},{"type":"Feature","properties":{"k":"hole","ref":"4","par":5},"geometry":{"type":"LineString","coordinates":[[-79.692679,44.089683],[-79.691353,44.09152],[-79.689738,44.092235],[-79.689059,44.092895]]}},{"type":"Feature","properties":{"k":"hole","ref":"4","par":4},"geometry":{"type":"LineString","coordinates":[[-79.702209,44.081633],[-79.703845,44.079648],[-79.704832,44.078573]]}},{"type":"Feature","properties":{"k":"hole","ref":"5","par":4},"geometry":{"type":"LineString","coordinates":[[-79.688851,44.093356],[-79.691934,44.092284],[-79.692567,44.090773]]}},{"type":"Feature","properties":{"k":"hole","ref":"5","par":3},"geometry":{"type":"LineString","coordinates":[[-79.706949,44.07828],[-79.708935,44.078718]]}},{"type":"Feature","properties":{"k":"hole","ref":"6","par":4},"geometry":{"type":"LineString","coordinates":[[-79.692979,44.089956],[-79.693329,44.092066],[-79.694167,44.092504]]}},{"type":"Feature","properties":{"k":"hole","ref":"6","par":4},"geometry":{"type":"LineString","coordinates":[[-79.707496,44.079043],[-79.710559,44.079756],[-79.710822,44.080357]]}},{"type":"Feature","properties":{"k":"hole","ref":"7","par":3},"geometry":{"type":"LineString","coordinates":[[-79.694085,44.093373],[-79.695832,44.093001]]}},{"type":"Feature","properties":{"k":"hole","ref":"7","par":5},"geometry":{"type":"LineString","coordinates":[[-79.711138,44.080935],[-79.707196,44.080993],[-79.704009,44.0808]]}},{"type":"Feature","properties":{"k":"hole","ref":"8","par":5},"geometry":{"type":"LineString","coordinates":[[-79.695849,44.092557],[-79.695146,44.090465],[-79.693951,44.089069],[-79.693289,44.088116]]}},{"type":"Feature","properties":{"k":"hole","ref":"8","par":4},"geometry":{"type":"LineString","coordinates":[[-79.703231,44.081295],[-79.706613,44.081727],[-79.708809,44.081669]]}},{"type":"Feature","properties":{"k":"hole","ref":"9","par":4},"geometry":{"type":"LineString","coordinates":[[-79.694449,44.088487],[-79.695873,44.086699],[-79.697095,44.085935]]}},{"type":"Feature","properties":{"k":"hole","ref":"9","par":5},"geometry":{"type":"LineString","coordinates":[[-79.70925,44.082114],[-79.705821,44.082382],[-79.702954,44.081782]]}},{"type":"Feature","properties":{"k":"hole","ref":"10","par":4},"geometry":{"type":"LineString","coordinates":[[-79.699022,44.084981],[-79.698765,44.087135],[-79.698066,44.088442]]}},{"type":"Feature","properties":{"k":"hole","ref":"10","par":4},"geometry":{"type":"LineString","coordinates":[[-79.699245,44.081985],[-79.697064,44.080264],[-79.697446,44.079241]]}},{"type":"Feature","properties":{"k":"hole","ref":"11","par":3},"geometry":{"type":"LineString","coordinates":[[-79.699706,44.088427],[-79.697392,44.090003]]}},{"type":"Feature","properties":{"k":"hole","ref":"11","par":4},"geometry":{"type":"LineString","coordinates":[[-79.696971,44.079148],[-79.694568,44.080883],[-79.693687,44.080839]]}},{"type":"Feature","properties":{"k":"hole","ref":"12","par":5},"geometry":{"type":"LineString","coordinates":[[-79.698285,44.090212],[-79.698079,44.092243],[-79.69809,44.093671],[-79.6986,44.094323]]}},{"type":"Feature","properties":{"k":"hole","ref":"12","par":5},"geometry":{"type":"LineString","coordinates":[[-79.69461,44.079993],[-79.690458,44.080777],[-79.688621,44.082632]]}},{"type":"Feature","properties":{"k":"hole","ref":"13","par":4},"geometry":{"type":"LineString","coordinates":[[-79.699174,44.094585],[-79.696105,44.095646],[-79.694864,44.09615]]}},{"type":"Feature","properties":{"k":"hole","ref":"13","par":4},"geometry":{"type":"LineString","coordinates":[[-79.688271,44.083256],[-79.687949,44.085452],[-79.688057,44.086577]]}},{"type":"Feature","properties":{"k":"hole","ref":"14","par":3},"geometry":{"type":"LineString","coordinates":[[-79.695607,44.096492],[-79.693211,44.097057]]}},{"type":"Feature","properties":{"k":"hole","ref":"14","par":4},"geometry":{"type":"LineString","coordinates":[[-79.686855,44.087047],[-79.68693,44.084235],[-79.687295,44.083079]]}},{"type":"Feature","properties":{"k":"hole","ref":"15","par":4},"geometry":{"type":"LineString","coordinates":[[-79.693408,44.096405],[-79.695856,44.09476],[-79.697524,44.094417]]}},{"type":"Feature","properties":{"k":"hole","ref":"15","par":3},"geometry":{"type":"LineString","coordinates":[[-79.688679,44.083222],[-79.689431,44.085165]]}},{"type":"Feature","properties":{"k":"hole","ref":"16","par":3},"geometry":{"type":"LineString","coordinates":[[-79.697228,44.093936],[-79.69695,44.092708]]}},{"type":"Feature","properties":{"k":"hole","ref":"16","par":5},"geometry":{"type":"LineString","coordinates":[[-79.690174,44.085139],[-79.689751,44.08275],[-79.691402,44.081354]]}},{"type":"Feature","properties":{"k":"hole","ref":"17","par":5},"geometry":{"type":"LineString","coordinates":[[-79.696415,44.09277],[-79.696352,44.090512],[-79.696493,44.089316],[-79.697139,44.088479]]}},{"type":"Feature","properties":{"k":"hole","ref":"17","par":3},"geometry":{"type":"LineString","coordinates":[[-79.693256,44.081238],[-79.691906,44.082739]]}},{"type":"Feature","properties":{"k":"hole","ref":"18","par":4},"geometry":{"type":"LineString","coordinates":[[-79.695377,44.088786],[-79.697368,44.087121],[-79.698328,44.085612]]}},{"type":"Feature","properties":{"k":"hole","ref":"18","par":4},"geometry":{"type":"LineString","coordinates":[[-79.693456,44.082425],[-79.696186,44.082837],[-79.698225,44.082173]]}},{"type":"Feature","properties":{"k":"stream"},"geometry":{"type":"LineString","coordinates":[[-79.701482,44.078748],[-79.701449,44.078774],[-79.701091,44.078919],[-79.700855,44.07896],[-79.700574,44.078951],[-79.700508,44.078977],[-79.700387,44.079201],[-79.700343,44.079369],[-79.700342,44.079478],[-79.700289,44.079601],[-79.70015,44.079686],[-79.699971,44.079763],[-79.699808,44.079992],[-79.699378,44.080358],[-79.698586,44.080726],[-79.698301,44.080757]]}},{"type":"Feature","properties":{"k":"stream"},"geometry":{"type":"LineString","coordinates":[[-79.690979,44.087881],[-79.692369,44.088316],[-79.692567,44.088307],[-79.692677,44.088404],[-79.692544,44.08856],[-79.692331,44.088605],[-79.692322,44.088718],[-79.692464,44.088832],[-79.692712,44.08889],[-79.692607,44.089126],[-79.692783,44.089292],[-79.69299,44.089429],[-79.693156,44.089626]]}},{"type":"Feature","properties":{"k":"stream"},"geometry":{"type":"LineString","coordinates":[[-79.693501,44.0899],[-79.693732,44.089959],[-79.693874,44.090038],[-79.694101,44.090206],[-79.694263,44.090695],[-79.694298,44.090848],[-79.694252,44.091058],[-79.694198,44.091161],[-79.694233,44.091267],[-79.694474,44.091311],[-79.694701,44.091252],[-79.695022,44.091134],[-79.695338,44.09109],[-79.695571,44.091144],[-79.695815,44.091263],[-79.696158,44.091379],[-79.696348,44.091484],[-79.696586,44.091568],[-79.696666,44.09182],[-79.696774,44.091902],[-79.696977,44.091988],[-79.697124,44.091939],[-79.697248,44.091787],[-79.697415,44.091543],[-79.697509,44.091501],[-79.697951,44.091457],[-79.698055,44.091404],[-79.698347,44.091075],[-79.698513,44.090995],[-79.698969,44.090985],[-79.699112,44.091083],[-79.699699,44.091169],[-79.699897,44.091068],[-79.700164,44.090988],[-79.700226,44.091099],[-79.700277,44.091543],[-79.700644,44.091572],[-79.700683,44.091642],[-79.700687,44.091779],[-79.700581,44.091905],[-79.700558,44.09201],[-79.700609,44.092118],[-79.700847,44.092269],[-79.700747,44.092342],[-79.700873,44.092564],[-79.700568,44.092646],[-79.700741,44.092913],[-79.7009,44.093077],[-79.70143,44.093107],[-79.702327,44.093392],[-79.70296,44.09364],[-79.703113,44.093894],[-79.703223,44.094494],[-79.703383,44.095021],[-79.703461,44.095089]]}},{"type":"Feature","properties":{"k":"stream"},"geometry":{"type":"LineString","coordinates":[[-79.709509,44.08138],[-79.709415,44.081616],[-79.709482,44.082344],[-79.709351,44.08262]]}},{"type":"Feature","properties":{"k":"stream"},"geometry":{"type":"LineString","coordinates":[[-79.691721,44.081903],[-79.691433,44.082009],[-79.691158,44.082187],[-79.690625,44.082754],[-79.690632,44.082919],[-79.69168,44.084274],[-79.691912,44.084814],[-79.69189,44.0851],[-79.691686,44.085254],[-79.691361,44.08536],[-79.690091,44.085652],[-79.690068,44.085793],[-79.690251,44.086514],[-79.690281,44.086599]]}},{"type":"Feature","properties":{"k":"stream"},"geometry":{"type":"LineString","coordinates":[[-79.693156,44.089626],[-79.693242,44.089809],[-79.693501,44.0899]]}},{"type":"Feature","properties":{"k":"water"},"geometry":{"type":"Polygon","coordinates":[[[-79.71095,44.080642],[-79.710459,44.080875],[-79.710197,44.080983],[-79.710101,44.081097],[-79.710122,44.08121],[-79.710025,44.081338],[-79.709886,44.081424],[-79.709759,44.081431],[-79.709509,44.08138],[-79.709396,44.081325],[-79.709363,44.081229],[-79.709466,44.081041],[-79.709808,44.08076],[-79.710014,44.080614],[-79.710185,44.080549],[-79.710432,44.080512],[-79.710805,44.08059],[-79.71095,44.080642]]]}},{"type":"Feature","properties":{"k":"rough"},"geometry":{"type":"Polygon","coordinates":[[[-79.692184,44.087407],[-79.692333,44.087424],[-79.6925,44.087484],[-79.692905,44.087749],[-79.692968,44.087879],[-79.692964,44.087998],[-79.692922,44.088182],[-79.692984,44.088325],[-79.693138,44.088573],[-79.693046,44.088642],[-79.692943,44.088635],[-79.692817,44.088523],[-79.692736,44.088359],[-79.692688,44.088167],[-79.692472,44.087879],[-79.69221,44.087668],[-79.692165,44.08754],[-79.692184,44.087407]]]}},{"type":"Feature","properties":{"k":"wood"},"geometry":{"type":"Polygon","coordinates":[[[-79.702613,44.081868],[-79.704058,44.082908],[-79.70183,44.08343],[-79.701465,44.083466],[-79.70128,44.083605],[-79.700605,44.083812],[-79.700561,44.084312],[-79.700281,44.084136],[-79.70022,44.083871],[-79.70011,44.083788],[-79.700159,44.083606],[-79.70031,44.083461],[-79.700497,44.083131],[-79.700693,44.082667],[-79.70089,44.082475],[-79.702259,44.082432],[-79.702375,44.082063],[-79.702613,44.081868]]]}},{"type":"Feature","properties":{"k":"clubhouse"},"geometry":{"type":"Polygon","coordinates":[[[-79.69962,44.081295],[-79.699547,44.081307],[-79.699552,44.081324],[-79.699453,44.08134],[-79.699447,44.081321],[-79.699369,44.081333],[-79.699347,44.081264],[-79.69943,44.08125],[-79.699424,44.081232],[-79.699514,44.081218],[-79.699518,44.08123],[-79.699596,44.081218],[-79.69962,44.081295]]]}},{"type":"Feature","properties":{"k":"clubhouse","name":"Clubhouse"},"geometry":{"type":"Polygon","coordinates":[[[-79.7005,44.081639],[-79.700612,44.081591],[-79.700566,44.081536],[-79.700784,44.081441],[-79.700718,44.081363],[-79.700816,44.081321],[-79.700756,44.08125],[-79.700702,44.081273],[-79.700635,44.081194],[-79.700435,44.081281],[-79.700412,44.081255],[-79.700204,44.081345],[-79.700238,44.081385],[-79.700157,44.08142],[-79.700214,44.081488],[-79.700123,44.081528],[-79.700193,44.081612],[-79.70028,44.081574],[-79.70033,44.081633],[-79.700451,44.081581],[-79.7005,44.081639]]]}},{"type":"Feature","properties":{"k":"clubhouse"},"geometry":{"type":"Polygon","coordinates":[[[-79.700606,44.083254],[-79.700402,44.083221],[-79.700538,44.082789],[-79.700742,44.082822],[-79.700606,44.083254]]]}},{"type":"Feature","properties":{"k":"path"},"geometry":{"type":"LineString","coordinates":[[-79.699499,44.081911],[-79.699407,44.081863],[-79.699364,44.081791],[-79.699299,44.081716],[-79.699214,44.08164],[-79.699115,44.08158],[-79.698684,44.081424],[-79.698609,44.081387],[-79.698376,44.081217],[-79.698326,44.081147],[-79.698286,44.080997],[-79.698275,44.080823],[-79.698253,44.080744],[-79.698174,44.080574],[-79.698166,44.080519],[-79.698188,44.080263],[-79.698176,44.080214],[-79.698148,44.08017],[-79.698108,44.080139],[-79.697739,44.080003],[-79.697579,44.079963],[-79.697405,44.07994],[-79.697317,44.079929],[-79.697217,44.079937],[-79.696891,44.079985],[-79.696805,44.079983],[-79.69674,44.079963],[-79.696709,44.079927],[-79.696698,44.079872],[-79.696714,44.079807],[-79.696789,44.079633],[-79.696833,44.079579],[-79.696974,44.079471],[-79.696994,44.079419],[-79.696977,44.079355],[-79.696923,44.079287],[-79.696827,44.079237],[-79.696716,44.079162],[-79.696676,44.079147],[-79.696575,44.07915],[-79.696487,44.079169],[-79.696375,44.0792],[-79.69629,44.079232],[-79.696208,44.079278],[-79.69612,44.079351],[-79.696043,44.079435],[-79.695981,44.079532],[-79.695967,44.079603],[-79.695986,44.079667],[-79.696103,44.079807],[-79.696292,44.079914],[-79.696367,44.079977],[-79.696383,44.080044],[-79.69637,44.0801],[-79.696324,44.080151],[-79.696192,44.080251],[-79.696117,44.08033],[-79.696096,44.080395],[-79.696074,44.080635],[-79.695985,44.080856],[-79.695982,44.080928],[-79.696022,44.081097],[-79.696022,44.081187],[-79.695993,44.081248],[-79.695898,44.081316],[-79.695679,44.081449],[-79.695584,44.081476],[-79.695473,44.081479],[-79.695374,44.081465],[-79.695284,44.081435],[-79.695153,44.081356],[-79.695014,44.081289],[-79.694915,44.081273],[-79.694777,44.08128],[-79.69462,44.081329],[-79.694489,44.081356],[-79.694378,44.081351],[-79.694068,44.081286],[-79.693859,44.081221],[-79.693747,44.081214],[-79.693651,44.081519],[-79.693662,44.081645],[-79.693646,44.081744],[-79.693582,44.081991],[-79.693579,44.082687],[-79.693655,44.082735],[-79.693812,44.082817],[-79.694214,44.082915],[-79.694373,44.082987],[-79.694568,44.083185],[-79.694692,44.083267],[-79.694832,44.08333],[-79.69501,44.083369],[-79.695191,44.083384],[-79.69557,44.083385],[-79.695672,44.083362],[-79.695796,44.083314],[-79.695934,44.083287],[-79.696079,44.083269],[-79.69621,44.083231],[-79.696315,44.08318],[-79.696424,44.08314],[-79.696649,44.083083],[-79.696868,44.082988],[-79.696982,44.082962],[-79.697134,44.082945],[-79.697348,44.082896],[-79.697467,44.082854],[-79.697562,44.082837],[-79.697847,44.082877],[-79.697937,44.082868],[-79.698013,44.082823],[-79.698084,44.082739],[-79.698167,44.082662],[-79.698272,44.082608],[-79.698352,44.082591],[-79.69844,44.082593],[-79.698564,44.082544],[-79.698794,44.082303],[-79.698872,44.082281],[-79.699096,44.08224],[-79.69921,44.082176],[-79.699392,44.082026],[-79.699499,44.081911],[-79.699629,44.081748],[-79.699712,44.081693],[-79.699811,44.081643],[-79.699896,44.081809],[-79.699944,44.081936],[-79.700031,44.082088],[-79.700152,44.082184],[-79.700337,44.082259],[-79.700491,44.082333],[-79.700632,44.082541],[-79.700374,44.0827],[-79.700128,44.08283],[-79.699851,44.083005],[-79.699046,44.083612],[-79.698945,44.083657],[-79.698828,44.083677],[-79.69863,44.083686],[-79.698511,44.083712],[-79.698354,44.083773],[-79.697957,44.083963],[-79.697759,44.084039],[-79.69771,44.084078],[-79.697657,44.084145],[-79.697648,44.084225],[-79.697671,44.08433],[-79.697877,44.084798]]}},{"type":"Feature","properties":{"k":"path"},"geometry":{"type":"LineString","coordinates":[[-79.700259,44.082761],[-79.700176,44.082712],[-79.700073,44.082687],[-79.699941,44.082686],[-79.699819,44.082719],[-79.699705,44.08278],[-79.699597,44.08285],[-79.699465,44.083034],[-79.699399,44.083097],[-79.699227,44.083217],[-79.699154,44.083245],[-79.698961,44.083291],[-79.698672,44.083382],[-79.698474,44.083508],[-79.698393,44.08353],[-79.698289,44.083539],[-79.698172,44.083527],[-79.698083,44.083539],[-79.697976,44.083594],[-79.697846,44.083679],[-79.697513,44.083767],[-79.697378,44.083832],[-79.697203,44.083966],[-79.697113,44.084003],[-79.697006,44.084021],[-79.696877,44.084059],[-79.696741,44.084146],[-79.696678,44.084159],[-79.696617,44.084145],[-79.696402,44.084046],[-79.696103,44.083858]]}},{"type":"Feature","properties":{"k":"path"},"geometry":{"type":"LineString","coordinates":[[-79.693579,44.082687],[-79.693487,44.082661],[-79.693367,44.082657],[-79.693143,44.082702],[-79.693037,44.082861],[-79.692961,44.082912],[-79.692648,44.082977],[-79.692169,44.083121]]}},{"type":"Feature","properties":{"k":"path"},"geometry":{"type":"LineString","coordinates":[[-79.693143,44.082702],[-79.693211,44.082574],[-79.693275,44.082392],[-79.693349,44.082325],[-79.69358,44.082179]]}},{"type":"Feature","properties":{"k":"path"},"geometry":{"type":"LineString","coordinates":[[-79.693651,44.081519],[-79.693365,44.081502],[-79.69327,44.081466],[-79.69315,44.081387],[-79.693048,44.081337],[-79.692909,44.08133],[-79.692796,44.081353],[-79.692686,44.081356],[-79.692582,44.081317],[-79.692272,44.081164],[-79.692106,44.081106],[-79.691651,44.081012],[-79.691581,44.081014],[-79.691515,44.081029],[-79.691322,44.08116],[-79.691066,44.081252],[-79.690963,44.081277],[-79.690804,44.081286],[-79.690741,44.081307],[-79.690649,44.081371],[-79.690539,44.081472],[-79.690449,44.081523],[-79.690317,44.081563],[-79.690169,44.081593],[-79.690057,44.081636],[-79.689938,44.081722],[-79.689835,44.081847],[-79.689573,44.082037],[-79.689454,44.082156],[-79.689392,44.082253],[-79.689312,44.082506],[-79.689163,44.08286],[-79.689155,44.083017],[-79.689162,44.083095],[-79.689254,44.083233],[-79.689274,44.083376],[-79.689295,44.083453],[-79.689344,44.083527],[-79.689373,44.083609],[-79.689385,44.083785],[-79.689407,44.083838],[-79.689501,44.083911],[-79.689526,44.083966],[-79.689517,44.084034],[-79.68953,44.084095],[-79.689595,44.084149],[-79.689791,44.084244],[-79.689864,44.08424],[-79.689937,44.084224],[-79.689998,44.084193],[-79.690079,44.08417],[-79.690167,44.084167],[-79.690243,44.084179],[-79.690315,44.084209],[-79.69037,44.08426],[-79.690399,44.084305],[-79.690402,44.084384],[-79.690392,44.084465],[-79.690405,44.084537],[-79.690485,44.084659],[-79.690482,44.08472],[-79.690454,44.084788],[-79.690442,44.084859],[-79.690449,44.084923],[-79.690422,44.084978],[-79.690319,44.085082],[-79.690263,44.085194],[-79.69021,44.085241],[-79.690014,44.085368],[-79.68986,44.085432],[-79.689615,44.085489],[-79.689507,44.085522],[-79.689435,44.085571],[-79.689317,44.085602],[-79.689207,44.085584],[-79.68903,44.085495],[-79.688984,44.085443],[-79.688935,44.085272],[-79.688851,44.085089],[-79.688822,44.084958],[-79.688803,44.084816],[-79.688735,44.084594],[-79.688711,44.08448],[-79.688707,44.084252],[-79.688608,44.084028],[-79.688535,44.083689],[-79.688494,44.083581],[-79.688448,44.083514],[-79.688419,44.08331],[-79.688427,44.08319],[-79.68841,44.083086],[-79.688369,44.082999],[-79.688353,44.082941],[-79.688283,44.082877],[-79.688234,44.082812],[-79.688224,44.082735],[-79.68823,44.082649],[-79.68824,44.082619],[-79.688236,44.082548],[-79.688322,44.082405],[-79.688315,44.082309],[-79.688255,44.082076],[-79.688228,44.081917],[-79.688192,44.0818],[-79.688198,44.0817],[-79.688269,44.081602],[-79.688384,44.081477],[-79.688533,44.08126],[-79.688692,44.081095],[-79.688932,44.080954],[-79.689087,44.080874],[-79.68921,44.080799],[-79.689302,44.080724],[-79.689385,44.08068],[-79.689496,44.080665],[-79.689613,44.080661],[-79.689774,44.080629],[-79.689939,44.080565],[-79.690075,44.080499],[-79.690247,44.080445],[-79.690677,44.080335],[-79.690798,44.080328],[-79.69093,44.080284],[-79.691087,44.080253],[-79.691427,44.080149],[-79.691579,44.080085],[-79.691761,44.08006],[-79.691948,44.08006],[-79.692134,44.080043],[-79.692441,44.079952],[-79.69254,44.079944],[-79.692744,44.079966],[-79.693008,44.07995],[-79.693284,44.079914],[-79.693322,44.079969],[-79.693365,44.080059],[-79.693365,44.080145],[-79.69333,44.080229],[-79.693365,44.080392],[-79.693365,44.080562],[-79.693333,44.080711],[-79.693196,44.080903],[-79.693193,44.08097],[-79.693243,44.081018],[-79.693578,44.081207],[-79.693747,44.081214]]}},{"type":"Feature","properties":{"k":"path"},"geometry":{"type":"LineString","coordinates":[[-79.688448,44.083514],[-79.688392,44.083771],[-79.68833,44.08391],[-79.688241,44.084006],[-79.688139,44.084061],[-79.687804,44.084178],[-79.6877,44.084246],[-79.687616,44.084317],[-79.687557,44.084386],[-79.687521,44.084444],[-79.687517,44.084474],[-79.687526,44.084511],[-79.687583,44.084635],[-79.687593,44.084679],[-79.68759,44.084726],[-79.687523,44.084871],[-79.687515,44.084913],[-79.687524,44.084988],[-79.687584,44.085133],[-79.687584,44.085205],[-79.687524,44.085352],[-79.687515,44.085505],[-79.687502,44.085558],[-79.687443,44.085683],[-79.687319,44.085892],[-79.687307,44.085989],[-79.687343,44.08621],[-79.687335,44.08633],[-79.687318,44.086411],[-79.687318,44.086545],[-79.687358,44.086609],[-79.687499,44.086755],[-79.68753,44.086814],[-79.68753,44.086863],[-79.687511,44.086917],[-79.687463,44.086952],[-79.686919,44.087164],[-79.686859,44.087169],[-79.68678,44.087165],[-79.686715,44.087153],[-79.686661,44.087131],[-79.686616,44.087095],[-79.686516,44.086959],[-79.686454,44.086905],[-79.686414,44.086853],[-79.686362,44.086674],[-79.686291,44.086557],[-79.686272,44.086496],[-79.686303,44.086274],[-79.686299,44.085982],[-79.686284,44.085913],[-79.686301,44.085686],[-79.686276,44.085633],[-79.686228,44.085583],[-79.686147,44.085553],[-79.686069,44.085541],[-79.686015,44.085521],[-79.685967,44.085487],[-79.685951,44.085437],[-79.685951,44.085389],[-79.685981,44.085334],[-79.686123,44.085233],[-79.686174,44.085178],[-79.686219,44.085113],[-79.68624,44.085037],[-79.686246,44.08493],[-79.686288,44.08477],[-79.686382,44.084608],[-79.686408,44.084525],[-79.686448,44.0843],[-79.686549,44.08404],[-79.686568,44.083935],[-79.68657,44.083731],[-79.686547,44.083628],[-79.68655,44.08353],[-79.686612,44.083299],[-79.686657,44.083204],[-79.686813,44.082998],[-79.686928,44.082861],[-79.687028,44.082791],[-79.687189,44.082743],[-79.687711,44.082677],[-79.687826,44.082682],[-79.687911,44.082706],[-79.68809,44.082871],[-79.688209,44.082951],[-79.688388,44.083039]]}},{"type":"Feature","properties":{"k":"path"},"geometry":{"type":"LineString","coordinates":[[-79.701032,44.081329],[-79.700955,44.081289],[-79.700756,44.081122],[-79.700689,44.081156],[-79.700622,44.081157],[-79.700539,44.081183],[-79.700116,44.081365],[-79.700022,44.081418],[-79.699956,44.08147],[-79.699854,44.081602],[-79.699811,44.081643]]}},{"type":"Feature","properties":{"k":"path"},"geometry":{"type":"LineString","coordinates":[[-79.699811,44.081643],[-79.699729,44.081519],[-79.699744,44.081438],[-79.699803,44.081367],[-79.699892,44.081302],[-79.70034,44.081107],[-79.700467,44.081062],[-79.700557,44.081043],[-79.700637,44.081041],[-79.700699,44.08106],[-79.700756,44.081122]]}},{"type":"Feature","properties":{"k":"path"},"geometry":{"type":"LineString","coordinates":[[-79.702339,44.080624],[-79.702322,44.080794],[-79.702302,44.080888],[-79.702192,44.081022],[-79.702134,44.08106],[-79.702104,44.081098],[-79.702112,44.081143],[-79.702143,44.081195],[-79.702206,44.081266]]}},{"type":"Feature","properties":{"k":"path"},"geometry":{"type":"LineString","coordinates":[[-79.701907,44.08007],[-79.701886,44.079871],[-79.701825,44.079618],[-79.701818,44.07935],[-79.701754,44.079067],[-79.701722,44.078983],[-79.701657,44.078861],[-79.701592,44.078771],[-79.701555,44.078744],[-79.701331,44.078646]]}},{"type":"Feature","properties":{"k":"path"},"geometry":{"type":"LineString","coordinates":[[-79.701886,44.079871],[-79.701921,44.079813],[-79.702005,44.079763],[-79.70214,44.079712],[-79.702222,44.079662],[-79.702484,44.079434],[-79.702608,44.079368],[-79.702753,44.079314],[-79.702898,44.079246],[-79.703025,44.079174],[-79.703254,44.07896],[-79.703516,44.078653],[-79.703695,44.078484],[-79.703778,44.078458],[-79.703844,44.07845],[-79.703914,44.07846],[-79.704098,44.078515],[-79.704194,44.078511],[-79.704231,44.078478],[-79.704503,44.078152],[-79.704513,44.07811],[-79.704448,44.078086],[-79.704361,44.078113],[-79.704298,44.078148],[-79.704199,44.078178],[-79.704093,44.078178],[-79.703863,44.078227],[-79.703782,44.078264],[-79.703645,44.078406],[-79.703585,44.078452],[-79.703489,44.078489],[-79.703077,44.078544],[-79.703,44.078587],[-79.702969,44.078671],[-79.702911,44.078698],[-79.702826,44.078698],[-79.702771,44.078667],[-79.702688,44.078675],[-79.702597,44.078696],[-79.702491,44.078702],[-79.702405,44.078681],[-79.702234,44.078733],[-79.702022,44.078735],[-79.701868,44.078708],[-79.701728,44.078708],[-79.701555,44.078744]]}},{"type":"Feature","properties":{"k":"path"},"geometry":{"type":"LineString","coordinates":[[-79.701032,44.081329],[-79.701286,44.081456],[-79.701419,44.081541],[-79.70148,44.081545],[-79.701545,44.081531],[-79.701633,44.081487],[-79.701704,44.081404],[-79.701707,44.081334],[-79.70155,44.081112],[-79.701515,44.081012],[-79.701456,44.080945],[-79.701395,44.080921],[-79.701318,44.080908],[-79.701153,44.080912],[-79.701133,44.080887],[-79.700992,44.080501],[-79.701004,44.080429],[-79.701211,44.080325],[-79.701907,44.08007],[-79.701924,44.080198],[-79.701949,44.08029],[-79.702,44.080364],[-79.702214,44.080574],[-79.702339,44.080624],[-79.702395,44.080604],[-79.70246,44.080596],[-79.702536,44.080616],[-79.702717,44.080749],[-79.702805,44.080775],[-79.702891,44.080782],[-79.702982,44.080767],[-79.703085,44.080736],[-79.703572,44.080526],[-79.70362,44.080581],[-79.703487,44.080673],[-79.703409,44.080701],[-79.703371,44.080738],[-79.703363,44.080814],[-79.703413,44.081024],[-79.703415,44.081081],[-79.703406,44.081168],[-79.703379,44.081265],[-79.703331,44.081337],[-79.703305,44.08141],[-79.703322,44.08146],[-79.703379,44.081503],[-79.703458,44.081531],[-79.70358,44.081529],[-79.703771,44.081555],[-79.704037,44.081672],[-79.704167,44.081703],[-79.704277,44.081739],[-79.70442,44.081762],[-79.704543,44.08179],[-79.704633,44.081814],[-79.704724,44.081857],[-79.704867,44.081892],[-79.704952,44.081899],[-79.705185,44.081893],[-79.705313,44.081944],[-79.705389,44.081992],[-79.705461,44.082014],[-79.70557,44.081997],[-79.705621,44.081973],[-79.705728,44.081951],[-79.70583,44.081945],[-79.70592,44.081985],[-79.705979,44.08205],[-79.706021,44.082076],[-79.706081,44.0821],[-79.706152,44.082102],[-79.706236,44.082096],[-79.70634,44.082074],[-79.706712,44.082053],[-79.706881,44.082082],[-79.706949,44.082079],[-79.707132,44.082055],[-79.707183,44.082025],[-79.707431,44.081961],[-79.707551,44.081945],[-79.707707,44.081952],[-79.707961,44.082002],[-79.708295,44.081998],[-79.708532,44.082009],[-79.708758,44.082051],[-79.708869,44.082087],[-79.708931,44.082141],[-79.708982,44.082213],[-79.708996,44.082274],[-79.708953,44.082337],[-79.708901,44.082355],[-79.708421,44.082459],[-79.708262,44.082481],[-79.708064,44.082498],[-79.7079,44.082542],[-79.707636,44.082588],[-79.707168,44.082734],[-79.706821,44.082805],[-79.706619,44.082831],[-79.706344,44.082841],[-79.705467,44.082812],[-79.705165,44.082858],[-79.705028,44.082886],[-79.7049,44.0829],[-79.704728,44.082901],[-79.704456,44.082874],[-79.704198,44.082768],[-79.703884,44.082754],[-79.70367,44.082729],[-79.703474,44.082627],[-79.703399,44.082571],[-79.703377,44.082542],[-79.703324,44.082403],[-79.703304,44.082373],[-79.703253,44.08235],[-79.703097,44.08233],[-79.702943,44.082243],[-79.702899,44.0822],[-79.702877,44.082103],[-79.702821,44.08207],[-79.702663,44.08203],[-79.702607,44.081996],[-79.702534,44.08197],[-79.702433,44.081993],[-79.702366,44.082051],[-79.702259,44.08218],[-79.702278,44.082296],[-79.702231,44.082494],[-79.70219,44.082553],[-79.702129,44.082757],[-79.702071,44.082789],[-79.701987,44.082808],[-79.701891,44.082816],[-79.701718,44.082799],[-79.701595,44.082829],[-79.701468,44.082773],[-79.701362,44.082738],[-79.701278,44.082752],[-79.701196,44.082777],[-79.701086,44.082776],[-79.700986,44.082745],[-79.700845,44.082679],[-79.700724,44.082591],[-79.700632,44.082541]]}},{"type":"Feature","properties":{"k":"stream"},"geometry":{"type":"LineString","coordinates":[[-79.690308,44.086674],[-79.690431,44.087018],[-79.690587,44.087299],[-79.690631,44.087688],[-79.690979,44.087881]]}},{"type":"Feature","properties":{"k":"stream"},"geometry":{"type":"LineString","coordinates":[[-79.690281,44.086599],[-79.690308,44.086674]]}},{"type":"Feature","properties":{"k":"path"},"geometry":{"type":"LineString","coordinates":[[-79.701331,44.078646],[-79.701232,44.078622],[-79.701028,44.078609],[-79.700989,44.078563],[-79.701041,44.078409],[-79.701025,44.078335],[-79.700988,44.07828],[-79.700914,44.078245],[-79.700836,44.07824],[-79.700811,44.078211],[-79.700783,44.07813],[-79.700701,44.07811],[-79.70026,44.078166]]}},{"type":"Feature","properties":{"k":"tee"},"geometry":{"type":"Polygon","coordinates":[[[-79.696916,44.085449],[-79.696806,44.085506],[-79.696734,44.085434],[-79.696843,44.085377],[-79.696916,44.085449]]]}},{"type":"Feature","properties":{"k":"tee"},"geometry":{"type":"Polygon","coordinates":[[[-79.696388,44.085639],[-79.696281,44.085715],[-79.696185,44.085645],[-79.696292,44.085569],[-79.696388,44.085639]]]}},{"type":"Feature","properties":{"k":"tee"},"geometry":{"type":"Polygon","coordinates":[[[-79.695669,44.085769],[-79.695585,44.085826],[-79.695502,44.085762],[-79.695587,44.085706],[-79.695669,44.085769]]]}},{"type":"Feature","properties":{"k":"green"},"geometry":{"type":"Polygon","coordinates":[[[-79.693382,44.087235],[-79.693346,44.087224],[-79.693334,44.087202],[-79.693333,44.087119],[-79.693322,44.08708],[-79.693339,44.087004],[-79.693405,44.086982],[-79.693516,44.086986],[-79.693567,44.087009],[-79.693613,44.087041],[-79.69363,44.087088],[-79.693595,44.087129],[-79.693544,44.087144],[-79.693507,44.087171],[-79.693457,44.087195],[-79.693437,44.087223],[-79.693382,44.087235]]]}},{"type":"Feature","properties":{"k":"fairway"},"geometry":{"type":"Polygon","coordinates":[[[-79.693671,44.087074],[-79.693729,44.086991],[-79.693768,44.086973],[-79.693833,44.086926],[-79.693932,44.086883],[-79.694062,44.086858],[-79.694109,44.086861],[-79.694232,44.086832],[-79.694455,44.086722],[-79.694532,44.086695],[-79.694615,44.086681],[-79.694716,44.086653],[-79.694873,44.086626],[-79.694971,44.086623],[-79.695035,44.086631],[-79.695097,44.086613],[-79.69516,44.086581],[-79.695196,44.086542],[-79.695301,44.086457],[-79.69534,44.086399],[-79.695465,44.08632],[-79.695542,44.086235],[-79.695626,44.086171],[-79.695808,44.086103],[-79.69584,44.086084],[-79.695861,44.086064],[-79.695878,44.08602],[-79.695868,44.085976],[-79.695851,44.085952],[-79.695808,44.085927],[-79.695779,44.08592],[-79.695732,44.085918],[-79.695672,44.085926],[-79.695554,44.085988],[-79.695493,44.086009],[-79.695416,44.086058],[-79.695272,44.086095],[-79.695148,44.086098],[-79.695101,44.086107],[-79.695047,44.086138],[-79.695014,44.086222],[-79.694981,44.086259],[-79.694908,44.086304],[-79.694845,44.086326],[-79.694729,44.086346],[-79.694693,44.086346],[-79.694479,44.086309],[-79.694421,44.086311],[-79.694318,44.086337],[-79.694228,44.08639],[-79.694172,44.086446],[-79.694156,44.086487],[-79.694161,44.08656],[-79.694148,44.086626],[-79.694112,44.086686],[-79.694064,44.086715],[-79.693998,44.086727],[-79.693948,44.086748],[-79.693761,44.086752],[-79.693667,44.086778],[-79.693645,44.086793],[-79.693631,44.086824],[-79.693605,44.086942],[-79.693572,44.086968],[-79.693499,44.086983],[-79.693461,44.086998],[-79.693473,44.087033],[-79.693505,44.087064],[-79.693562,44.087089],[-79.693634,44.087103],[-79.693671,44.087074]]]}},{"type":"Feature","properties":{"k":"bunker"},"geometry":{"type":"Polygon","coordinates":[[[-79.693524,44.086948],[-79.693489,44.086953],[-79.693458,44.086935],[-79.693417,44.086937],[-79.693399,44.086928],[-79.693424,44.086906],[-79.693446,44.086902],[-79.693496,44.086922],[-79.693535,44.086926],[-79.693538,44.086939],[-79.693524,44.086948]]]}},{"type":"Feature","properties":{"k":"bunker"},"geometry":{"type":"Polygon","coordinates":[[[-79.694944,44.086671],[-79.694904,44.086662],[-79.694859,44.086664],[-79.694837,44.086672],[-79.694825,44.086686],[-79.694829,44.086696],[-79.694858,44.086704],[-79.694908,44.086694],[-79.69496,44.086711],[-79.695014,44.086699],[-79.695016,44.086681],[-79.694997,44.086671],[-79.694944,44.086671]]]}},{"type":"Feature","properties":{"k":"bunker"},"geometry":{"type":"Polygon","coordinates":[[[-79.694882,44.086267],[-79.69492,44.086265],[-79.694936,44.086248],[-79.694898,44.086219],[-79.694833,44.086225],[-79.694786,44.086252],[-79.694737,44.086253],[-79.69471,44.08624],[-79.694688,44.086204],[-79.694649,44.086192],[-79.694626,44.086204],[-79.694587,44.086247],[-79.694533,44.086253],[-79.694524,44.086263],[-79.694529,44.08629],[-79.694562,44.086293],[-79.694576,44.086283],[-79.694614,44.086305],[-79.694647,44.086306],[-79.694674,44.086303],[-79.694695,44.086289],[-79.694747,44.086302],[-79.694799,44.086296],[-79.694857,44.086263],[-79.694882,44.086267]]]}},{"type":"Feature","properties":{"k":"tee"},"geometry":{"type":"Polygon","coordinates":[[[-79.694686,44.087327],[-79.694607,44.087226],[-79.694424,44.087301],[-79.694503,44.087401],[-79.694686,44.087327]]]}},{"type":"Feature","properties":{"k":"tee"},"geometry":{"type":"Polygon","coordinates":[[[-79.694301,44.087452],[-79.694235,44.087358],[-79.694067,44.087419],[-79.694132,44.087513],[-79.694301,44.087452]]]}},{"type":"Feature","properties":{"k":"bunker"},"geometry":{"type":"Polygon","coordinates":[[[-79.693506,44.087298],[-79.693547,44.087306],[-79.693566,44.087272],[-79.693558,44.087238],[-79.693537,44.087215],[-79.693521,44.087211],[-79.693491,44.087236],[-79.693516,44.087284],[-79.693506,44.087298]]]}},{"type":"Feature","properties":{"k":"path"},"geometry":{"type":"LineString","coordinates":[[-79.698023,44.085272],[-79.697921,44.085195],[-79.697825,44.085137],[-79.697685,44.085133],[-79.697546,44.085157],[-79.697095,44.08528],[-79.696849,44.08533],[-79.6965,44.085473],[-79.696323,44.085511],[-79.696173,44.085554],[-79.696097,44.085592],[-79.695996,44.085623],[-79.695867,44.085646],[-79.695824,44.085696],[-79.695749,44.085719],[-79.695663,44.085719],[-79.695609,44.085681],[-79.695507,44.085681],[-79.695234,44.085765],[-79.6951,44.085796],[-79.694992,44.085839],[-79.694839,44.085874],[-79.69465,44.085963],[-79.694524,44.086072],[-79.694453,44.086159],[-79.694346,44.086244],[-79.693926,44.086316],[-79.693802,44.086363],[-79.693685,44.086422],[-79.693643,44.086466],[-79.693613,44.086523],[-79.693592,44.086573],[-79.69359,44.086625],[-79.693575,44.086655],[-79.693501,44.086722],[-79.693419,44.086744],[-79.693347,44.086756],[-79.6933,44.086746],[-79.693211,44.086707],[-79.693141,44.086595],[-79.693157,44.086511],[-79.693155,44.086436],[-79.693132,44.086385],[-79.693069,44.086323],[-79.69294,44.086298],[-79.692791,44.086311],[-79.692585,44.086291],[-79.692445,44.086308],[-79.692183,44.086371],[-79.692104,44.086475],[-79.692015,44.086697],[-79.691922,44.086754],[-79.691777,44.086821],[-79.691693,44.086881],[-79.691637,44.087009],[-79.691572,44.087089],[-79.691492,44.08721],[-79.691483,44.087291],[-79.691436,44.087354],[-79.691347,44.087401],[-79.691277,44.087522],[-79.691182,44.087553],[-79.690988,44.087643],[-79.690959,44.087686],[-79.690972,44.087772],[-79.690964,44.087845]]}},{"type":"Feature","properties":{"k":"tee"},"geometry":{"type":"Polygon","coordinates":[[[-79.6972,44.085383],[-79.697162,44.085311],[-79.697048,44.085338],[-79.697083,44.085415],[-79.6972,44.085383]]]}},{"type":"Feature","properties":{"k":"tee"},"geometry":{"type":"Polygon","coordinates":[[[-79.697416,44.085345],[-79.69738,44.085277],[-79.697265,44.085308],[-79.697301,44.085376],[-79.697416,44.085345]]]}},{"type":"Feature","properties":{"k":"green"},"geometry":{"type":"Polygon","coordinates":[[[-79.696928,44.08602],[-79.696973,44.085921],[-79.696989,44.085834],[-79.697036,44.0858],[-79.697133,44.085763],[-79.697161,44.085758],[-79.697217,44.08577],[-79.697243,44.085793],[-79.697263,44.085862],[-79.697269,44.085907],[-79.697252,44.085952],[-79.697166,44.086008],[-79.697028,44.086051],[-79.69701,44.086063],[-79.696964,44.086046],[-79.696928,44.08602]]]}},{"type":"Feature","properties":{"k":"tee"},"geometry":{"type":"Polygon","coordinates":[[[-79.692526,44.086431],[-79.692466,44.086513],[-79.69232,44.086459],[-79.692379,44.086377],[-79.692526,44.086431]]]}},{"type":"Feature","properties":{"k":"tee"},"geometry":{"type":"Polygon","coordinates":[[[-79.692298,44.086725],[-79.69235,44.086594],[-79.692201,44.086563],[-79.692149,44.086694],[-79.692298,44.086725]]]}},{"type":"Feature","properties":{"k":"tee"},"geometry":{"type":"Polygon","coordinates":[[[-79.692033,44.087032],[-79.692089,44.086913],[-79.691948,44.086877],[-79.691888,44.086999],[-79.692033,44.087032]]]}},{"type":"Feature","properties":{"k":"tee"},"geometry":{"type":"Polygon","coordinates":[[[-79.691798,44.087323],[-79.691859,44.087206],[-79.691742,44.087175],[-79.691681,44.087292],[-79.691798,44.087323]]]}},{"type":"Feature","properties":{"k":"tee"},"geometry":{"type":"Polygon","coordinates":[[[-79.691478,44.087692],[-79.691532,44.08756],[-79.69139,44.08753],[-79.691337,44.087662],[-79.691478,44.087692]]]}},{"type":"Feature","properties":{"k":"tee"},"geometry":{"type":"Polygon","coordinates":[[[-79.690659,44.090742],[-79.690752,44.090636],[-79.690616,44.090574],[-79.690523,44.09068],[-79.690659,44.090742]]]}},{"type":"Feature","properties":{"k":"tee"},"geometry":{"type":"Polygon","coordinates":[[[-79.69091,44.09048],[-79.691014,44.090382],[-79.690868,44.090302],[-79.690764,44.090399],[-79.69091,44.09048]]]}},{"type":"Feature","properties":{"k":"tee"},"geometry":{"type":"Polygon","coordinates":[[[-79.69104,44.090199],[-79.691168,44.090094],[-79.691008,44.089994],[-79.690881,44.090099],[-79.69104,44.090199]]]}},{"type":"Feature","properties":{"k":"tee"},"geometry":{"type":"Polygon","coordinates":[[[-79.691292,44.08996],[-79.691396,44.089881],[-79.691279,44.089802],[-79.691175,44.089881],[-79.691292,44.08996]]]}},{"type":"Feature","properties":{"k":"tee"},"geometry":{"type":"Polygon","coordinates":[[[-79.692693,44.089746],[-79.692771,44.089665],[-79.692636,44.089615],[-79.692562,44.089699],[-79.692693,44.089746]]]}},{"type":"Feature","properties":{"k":"tee"},"geometry":{"type":"Polygon","coordinates":[[[-79.692504,44.089978],[-79.692572,44.089894],[-79.692401,44.089824],[-79.692334,44.089908],[-79.692504,44.089978]]]}},{"type":"Feature","properties":{"k":"tee"},"geometry":{"type":"Polygon","coordinates":[[[-79.692258,44.090212],[-79.692332,44.090105],[-79.692151,44.090041],[-79.692078,44.090148],[-79.692258,44.090212]]]}},{"type":"Feature","properties":{"k":"tee"},"geometry":{"type":"Polygon","coordinates":[[[-79.692019,44.090453],[-79.692081,44.090366],[-79.691947,44.090317],[-79.691885,44.090404],[-79.692019,44.090453]]]}},{"type":"Feature","properties":{"k":"tee"},"geometry":{"type":"Polygon","coordinates":[[[-79.69317,44.090255],[-79.693157,44.090164],[-79.692976,44.090178],[-79.69299,44.090269],[-79.69317,44.090255]]]}},{"type":"Feature","properties":{"k":"tee"},"geometry":{"type":"Polygon","coordinates":[[[-79.693313,44.090586],[-79.693304,44.090467],[-79.693151,44.090473],[-79.69316,44.090592],[-79.693313,44.090586]]]}},{"type":"Feature","properties":{"k":"tee"},"geometry":{"type":"Polygon","coordinates":[[[-79.693288,44.090842],[-79.693293,44.090739],[-79.693171,44.090736],[-79.693167,44.090839],[-79.693288,44.090842]]]}},{"type":"Feature","properties":{"k":"tee"},"geometry":{"type":"Polygon","coordinates":[[[-79.693059,44.090016],[-79.693062,44.089898],[-79.692902,44.089897],[-79.6929,44.090014],[-79.693059,44.090016]]]}},{"type":"Feature","properties":{"k":"tee"},"geometry":{"type":"Polygon","coordinates":[[[-79.691794,44.090741],[-79.691842,44.090649],[-79.691686,44.090607],[-79.691637,44.090699],[-79.691794,44.090741]]]}},{"type":"Feature","properties":{"k":"tee"},"geometry":{"type":"Polygon","coordinates":[[[-79.690657,44.092916],[-79.690604,44.092846],[-79.690454,44.092906],[-79.690507,44.092976],[-79.690657,44.092916]]]}},{"type":"Feature","properties":{"k":"tee"},"geometry":{"type":"Polygon","coordinates":[[[-79.690067,44.093096],[-79.690002,44.092993],[-79.689796,44.09306],[-79.689861,44.093162],[-79.690067,44.093096]]]}},{"type":"Feature","properties":{"k":"tee"},"geometry":{"type":"Polygon","coordinates":[[[-79.689301,44.093327],[-79.689485,44.093265],[-79.68942,44.093166],[-79.689237,44.093228],[-79.689301,44.093327]]]}},{"type":"Feature","properties":{"k":"tee"},"geometry":{"type":"Polygon","coordinates":[[[-79.688954,44.093369],[-79.6889,44.09329],[-79.688758,44.093341],[-79.688812,44.093419],[-79.688954,44.093369]]]}},{"type":"Feature","properties":{"k":"tee"},"geometry":{"type":"Polygon","coordinates":[[[-79.693208,44.091277],[-79.693197,44.091176],[-79.693013,44.091186],[-79.693025,44.091288],[-79.693208,44.091277]]]}},{"type":"Feature","properties":{"k":"tee"},"geometry":{"type":"Polygon","coordinates":[[[-79.694265,44.093096],[-79.694253,44.093001],[-79.694096,44.093011],[-79.694107,44.093106],[-79.694265,44.093096]]]}},{"type":"Feature","properties":{"k":"tee"},"geometry":{"type":"Polygon","coordinates":[[[-79.694187,44.093434],[-79.69417,44.093309],[-79.694007,44.09332],[-79.694023,44.093445],[-79.694187,44.093434]]]}},{"type":"Feature","properties":{"k":"tee"},"geometry":{"type":"Polygon","coordinates":[[[-79.694702,44.093555],[-79.694588,44.093385],[-79.694405,44.093448],[-79.694519,44.093618],[-79.694702,44.093555]]]}},{"type":"Feature","properties":{"k":"tee"},"geometry":{"type":"Polygon","coordinates":[[[-79.69515,44.093547],[-79.694997,44.093434],[-79.694889,44.09351],[-79.695042,44.093623],[-79.69515,44.093547]]]}},{"type":"Feature","properties":{"k":"tee"},"geometry":{"type":"Polygon","coordinates":[[[-79.695447,44.09357],[-79.695544,44.093486],[-79.695422,44.093413],[-79.695325,44.093497],[-79.695447,44.09357]]]}},{"type":"Feature","properties":{"k":"tee"},"geometry":{"type":"Polygon","coordinates":[[[-79.695941,44.092578],[-79.695896,44.092491],[-79.695756,44.092529],[-79.695801,44.092615],[-79.695941,44.092578]]]}},{"type":"Feature","properties":{"k":"tee"},"geometry":{"type":"Polygon","coordinates":[[[-79.695826,44.092408],[-79.69579,44.092326],[-79.695631,44.092363],[-79.695668,44.092444],[-79.695826,44.092408]]]}},{"type":"Feature","properties":{"k":"tee"},"geometry":{"type":"Polygon","coordinates":[[[-79.695801,44.092222],[-79.695767,44.092111],[-79.69562,44.092135],[-79.695654,44.092245],[-79.695801,44.092222]]]}},{"type":"Feature","properties":{"k":"tee"},"geometry":{"type":"Polygon","coordinates":[[[-79.695747,44.091931],[-79.695701,44.09181],[-79.695544,44.091842],[-79.69559,44.091962],[-79.695747,44.091931]]]}},{"type":"Feature","properties":{"k":"tee"},"geometry":{"type":"Polygon","coordinates":[[[-79.695628,44.091623],[-79.695582,44.091503],[-79.695432,44.091533],[-79.695478,44.091652],[-79.695628,44.091623]]]}},{"type":"Feature","properties":{"k":"tee"},"geometry":{"type":"Polygon","coordinates":[[[-79.694467,44.08858],[-79.694562,44.088482],[-79.694416,44.088408],[-79.69432,44.088507],[-79.694467,44.08858]]]}},{"type":"Feature","properties":{"k":"tee"},"geometry":{"type":"Polygon","coordinates":[[[-79.694842,44.088396],[-79.694948,44.08828],[-79.69477,44.088197],[-79.694665,44.088312],[-79.694842,44.088396]]]}},{"type":"Feature","properties":{"k":"tee"},"geometry":{"type":"Polygon","coordinates":[[[-79.695219,44.08807],[-79.695315,44.087963],[-79.69517,44.087896],[-79.695074,44.088004],[-79.695219,44.08807]]]}},{"type":"Feature","properties":{"k":"tee"},"geometry":{"type":"Polygon","coordinates":[[[-79.695401,44.08887],[-79.695501,44.088776],[-79.695367,44.088701],[-79.695266,44.088795],[-79.695401,44.08887]]]}},{"type":"Feature","properties":{"k":"tee"},"geometry":{"type":"Polygon","coordinates":[[[-79.695634,44.088736],[-79.69573,44.088653],[-79.695567,44.088556],[-79.695471,44.088638],[-79.695634,44.088736]]]}},{"type":"Feature","properties":{"k":"tee"},"geometry":{"type":"Polygon","coordinates":[[[-79.695864,44.088569],[-79.695984,44.088472],[-79.695831,44.088375],[-79.695712,44.088472],[-79.695864,44.088569]]]}},{"type":"Feature","properties":{"k":"tee"},"geometry":{"type":"Polygon","coordinates":[[[-79.696196,44.088276],[-79.696326,44.088178],[-79.696189,44.088084],[-79.696058,44.088182],[-79.696196,44.088276]]]}},{"type":"Feature","properties":{"k":"tee"},"geometry":{"type":"Polygon","coordinates":[[[-79.696567,44.088047],[-79.69666,44.087965],[-79.696539,44.087894],[-79.696446,44.087977],[-79.696567,44.088047]]]}},{"type":"Feature","properties":{"k":"tee"},"geometry":{"type":"Polygon","coordinates":[[[-79.699105,44.08503],[-79.699101,44.084941],[-79.698961,44.084943],[-79.698965,44.085033],[-79.699105,44.08503]]]}},{"type":"Feature","properties":{"k":"tee"},"geometry":{"type":"Polygon","coordinates":[[[-79.699127,44.085319],[-79.69912,44.085199],[-79.699003,44.085203],[-79.69901,44.085323],[-79.699127,44.085319]]]}},{"type":"Feature","properties":{"k":"tee"},"geometry":{"type":"Polygon","coordinates":[[[-79.69919,44.08582],[-79.6992,44.085708],[-79.699091,44.085703],[-79.699081,44.085815],[-79.69919,44.08582]]]}},{"type":"Feature","properties":{"k":"tee"},"geometry":{"type":"Polygon","coordinates":[[[-79.699297,44.086242],[-79.699362,44.086105],[-79.699242,44.086075],[-79.699176,44.086213],[-79.699297,44.086242]]]}},{"type":"Feature","properties":{"k":"tee"},"geometry":{"type":"Polygon","coordinates":[[[-79.6997,44.088521],[-79.699811,44.088458],[-79.699712,44.088367],[-79.6996,44.08843],[-79.6997,44.088521]]]}},{"type":"Feature","properties":{"k":"tee"},"geometry":{"type":"Polygon","coordinates":[[[-79.699354,44.088692],[-79.699504,44.088607],[-79.699393,44.088505],[-79.699242,44.08859],[-79.699354,44.088692]]]}},{"type":"Feature","properties":{"k":"tee"},"geometry":{"type":"Polygon","coordinates":[[[-79.698933,44.088864],[-79.699108,44.088753],[-79.698999,44.088665],[-79.698825,44.088775],[-79.698933,44.088864]]]}},{"type":"Feature","properties":{"k":"tee"},"geometry":{"type":"Polygon","coordinates":[[[-79.698663,44.08915],[-79.698776,44.089074],[-79.698609,44.088945],[-79.698495,44.089021],[-79.698663,44.08915]]]}},{"type":"Feature","properties":{"k":"tee"},"geometry":{"type":"Polygon","coordinates":[[[-79.698332,44.09027],[-79.698358,44.090175],[-79.698235,44.090157],[-79.698209,44.090252],[-79.698332,44.09027]]]}},{"type":"Feature","properties":{"k":"tee"},"geometry":{"type":"Polygon","coordinates":[[[-79.698183,44.090466],[-79.698206,44.090377],[-79.698076,44.09036],[-79.698053,44.090449],[-79.698183,44.090466]]]}},{"type":"Feature","properties":{"k":"tee"},"geometry":{"type":"Polygon","coordinates":[[[-79.698118,44.090639],[-79.698137,44.090546],[-79.69798,44.09053],[-79.697961,44.090623],[-79.698118,44.090639]]]}},{"type":"Feature","properties":{"k":"tee"},"geometry":{"type":"Polygon","coordinates":[[[-79.69806,44.090858],[-79.698065,44.090762],[-79.697902,44.090757],[-79.697897,44.090854],[-79.69806,44.090858]]]}},{"type":"Feature","properties":{"k":"tee"},"geometry":{"type":"Polygon","coordinates":[[[-79.697964,44.091054],[-79.697926,44.09096],[-79.697791,44.090988],[-79.697829,44.091082],[-79.697964,44.091054]]]}},{"type":"Feature","properties":{"k":"tee"},"geometry":{"type":"Polygon","coordinates":[[[-79.69927,44.09463],[-79.699241,44.094537],[-79.699079,44.094563],[-79.699108,44.094656],[-79.69927,44.09463]]]}},{"type":"Feature","properties":{"k":"tee"},"geometry":{"type":"Polygon","coordinates":[[[-79.698963,44.094813],[-79.698911,44.094724],[-79.69874,44.094775],[-79.698792,44.094864],[-79.698963,44.094813]]]}},{"type":"Feature","properties":{"k":"tee"},"geometry":{"type":"Polygon","coordinates":[[[-79.698496,44.095012],[-79.698441,44.094907],[-79.698278,44.094951],[-79.698334,44.095056],[-79.698496,44.095012]]]}},{"type":"Feature","properties":{"k":"tee"},"geometry":{"type":"Polygon","coordinates":[[[-79.698138,44.095165],[-79.698099,44.095046],[-79.697952,44.095071],[-79.697991,44.09519],[-79.698138,44.095165]]]}},{"type":"Feature","properties":{"k":"tee"},"geometry":{"type":"Polygon","coordinates":[[[-79.697713,44.095513],[-79.697693,44.095414],[-79.697525,44.095432],[-79.697545,44.095531],[-79.697713,44.095513]]]}},{"type":"Feature","properties":{"k":"tee"},"geometry":{"type":"Polygon","coordinates":[[[-79.695716,44.096527],[-79.695677,44.096408],[-79.69553,44.096433],[-79.695569,44.096552],[-79.695716,44.096527]]]}},{"type":"Feature","properties":{"k":"tee"},"geometry":{"type":"Polygon","coordinates":[[[-79.695174,44.096683],[-79.695144,44.096584],[-79.694892,44.096624],[-79.694922,44.096723],[-79.695174,44.096683]]]}},{"type":"Feature","properties":{"k":"tee"},"geometry":{"type":"Polygon","coordinates":[[[-79.694694,44.096782],[-79.694661,44.096643],[-79.694506,44.096663],[-79.694539,44.096801],[-79.694694,44.096782]]]}},{"type":"Feature","properties":{"k":"tee"},"geometry":{"type":"Polygon","coordinates":[[[-79.693696,44.09627],[-79.693577,44.096187],[-79.693467,44.096268],[-79.693587,44.096351],[-79.693696,44.09627]]]}},{"type":"Feature","properties":{"k":"tee"},"geometry":{"type":"Polygon","coordinates":[[[-79.693517,44.096411],[-79.693394,44.096327],[-79.69329,44.096407],[-79.693414,44.09649],[-79.693517,44.096411]]]}},{"type":"Feature","properties":{"k":"tee"},"geometry":{"type":"Polygon","coordinates":[[[-79.693998,44.09603],[-79.693896,44.095933],[-79.693775,44.095998],[-79.693877,44.096096],[-79.693998,44.09603]]]}},{"type":"Feature","properties":{"k":"tee"},"geometry":{"type":"Polygon","coordinates":[[[-79.694352,44.09571],[-79.694231,44.095622],[-79.694123,44.095699],[-79.694244,44.095786],[-79.694352,44.09571]]]}},{"type":"Feature","properties":{"k":"tee"},"geometry":{"type":"Polygon","coordinates":[[[-79.694648,44.095398],[-79.694609,44.09528],[-79.694462,44.095305],[-79.694501,44.095423],[-79.694648,44.095398]]]}},{"type":"Feature","properties":{"k":"tee"},"geometry":{"type":"Polygon","coordinates":[[[-79.696916,44.093759],[-79.696781,44.093744],[-79.696753,44.093875],[-79.696889,44.09389],[-79.696916,44.093759]]]}},{"type":"Feature","properties":{"k":"tee"},"geometry":{"type":"Polygon","coordinates":[[[-79.697333,44.094022],[-79.697313,44.09385],[-79.69712,44.093862],[-79.69714,44.094034],[-79.697333,44.094022]]]}},{"type":"Feature","properties":{"k":"tee"},"geometry":{"type":"Polygon","coordinates":[[[-79.696691,44.09361],[-79.696534,44.093581],[-79.696496,44.093685],[-79.696653,44.093715],[-79.696691,44.09361]]]}},{"type":"Feature","properties":{"k":"tee"},"geometry":{"type":"Polygon","coordinates":[[[-79.696671,44.093248],[-79.696526,44.093198],[-79.696467,44.093287],[-79.696613,44.093336],[-79.696671,44.093248]]]}},{"type":"Feature","properties":{"k":"tee"},"geometry":{"type":"Polygon","coordinates":[[[-79.696499,44.092747],[-79.696344,44.092734],[-79.696332,44.092805],[-79.696488,44.092818],[-79.696499,44.092747]]]}},{"type":"Feature","properties":{"k":"tee"},"geometry":{"type":"Polygon","coordinates":[[[-79.696539,44.092509],[-79.696386,44.092495],[-79.696372,44.09257],[-79.696525,44.092584],[-79.696539,44.092509]]]}},{"type":"Feature","properties":{"k":"tee"},"geometry":{"type":"Polygon","coordinates":[[[-79.696546,44.092368],[-79.696392,44.09236],[-79.696385,44.092434],[-79.696539,44.092442],[-79.696546,44.092368]]]}},{"type":"Feature","properties":{"k":"tee"},"geometry":{"type":"Polygon","coordinates":[[[-79.696543,44.092226],[-79.696548,44.092158],[-79.696369,44.092152],[-79.696365,44.092219],[-79.696543,44.092226]]]}},{"type":"Feature","properties":{"k":"tee"},"geometry":{"type":"Polygon","coordinates":[[[-79.696229,44.091159],[-79.696236,44.091061],[-79.696125,44.091056],[-79.696118,44.091155],[-79.696229,44.091159]]]}},{"type":"Feature","properties":{"k":"green"},"geometry":{"type":"Polygon","coordinates":[[[-79.691022,44.0895],[-79.691051,44.089472],[-79.691068,44.089417],[-79.691042,44.089387],[-79.690983,44.089368],[-79.69088,44.089408],[-79.690718,44.089451],[-79.690695,44.089482],[-79.690703,44.089535],[-79.690726,44.089576],[-79.690775,44.089593],[-79.690821,44.089586],[-79.691022,44.0895]]]}},{"type":"Feature","properties":{"k":"bunker"},"geometry":{"type":"Polygon","coordinates":[[[-79.691,44.089012],[-79.691017,44.089018],[-79.691056,44.08901],[-79.691047,44.088974],[-79.691007,44.088966],[-79.690993,44.088949],[-79.690944,44.088943],[-79.69096,44.088985],[-79.690982,44.088997],[-79.690982,44.089011],[-79.691,44.089012]]]}},{"type":"Feature","properties":{"k":"bunker"},"geometry":{"type":"Polygon","coordinates":[[[-79.691182,44.08896],[-79.691185,44.088976],[-79.691204,44.088974],[-79.691227,44.088984],[-79.691232,44.088972],[-79.691249,44.088968],[-79.691255,44.088951],[-79.691284,44.088954],[-79.691302,44.088935],[-79.691293,44.088893],[-79.691315,44.088894],[-79.691313,44.088865],[-79.691262,44.088848],[-79.691222,44.088856],[-79.691211,44.088867],[-79.691213,44.088882],[-79.691238,44.088905],[-79.691182,44.08896]]]}},{"type":"Feature","properties":{"k":"bunker"},"geometry":{"type":"Polygon","coordinates":[[[-79.691757,44.088872],[-79.691795,44.088877],[-79.691822,44.088858],[-79.691797,44.088832],[-79.691791,44.088809],[-79.691745,44.0888],[-79.691742,44.088831],[-79.691751,44.088839],[-79.691738,44.08885],[-79.691757,44.088872]]]}},{"type":"Feature","properties":{"k":"bunker"},"geometry":{"type":"Polygon","coordinates":[[[-79.691644,44.088693],[-79.691643,44.088702],[-79.691657,44.088709],[-79.691693,44.088696],[-79.691696,44.088665],[-79.691722,44.088656],[-79.691733,44.088641],[-79.691715,44.088622],[-79.691689,44.088615],[-79.69168,44.088592],[-79.691659,44.088578],[-79.691619,44.088593],[-79.691646,44.088655],[-79.691623,44.08869],[-79.691644,44.088693]]]}},{"type":"Feature","properties":{"k":"bunker"},"geometry":{"type":"Polygon","coordinates":[[[-79.691533,44.088653],[-79.691535,44.088678],[-79.691583,44.088679],[-79.691597,44.088644],[-79.691538,44.088599],[-79.691514,44.088593],[-79.691489,44.088597],[-79.691471,44.088607],[-79.691468,44.088631],[-79.691485,44.08864],[-79.691524,44.088642],[-79.691533,44.088653]]]}},{"type":"Feature","properties":{"k":"bunker"},"geometry":{"type":"Polygon","coordinates":[[[-79.691418,44.08871],[-79.691425,44.088696],[-79.691446,44.088691],[-79.691454,44.088673],[-79.691431,44.088672],[-79.691418,44.088655],[-79.691435,44.088603],[-79.691391,44.088588],[-79.691374,44.088603],[-79.691366,44.08864],[-79.691335,44.088656],[-79.691342,44.088674],[-79.691382,44.088684],[-79.691392,44.088704],[-79.691418,44.08871]]]}},{"type":"Feature","properties":{"k":"bunker"},"geometry":{"type":"Polygon","coordinates":[[[-79.691177,44.088455],[-79.691189,44.088453],[-79.6912,44.088438],[-79.691184,44.088392],[-79.691133,44.088363],[-79.691114,44.088367],[-79.691104,44.088371],[-79.691103,44.088398],[-79.691122,44.088406],[-79.691124,44.088422],[-79.691137,44.088423],[-79.691151,44.088438],[-79.691149,44.088448],[-79.691177,44.088455]]]}},{"type":"Feature","properties":{"k":"bunker"},"geometry":{"type":"Polygon","coordinates":[[[-79.690676,44.089391],[-79.690684,44.089405],[-79.690716,44.089398],[-79.690714,44.089365],[-79.690738,44.089344],[-79.690726,44.089314],[-79.690621,44.089314],[-79.690596,44.08933],[-79.69059,44.089346],[-79.690616,44.089374],[-79.690626,44.089374],[-79.690635,44.08936],[-79.690653,44.08936],[-79.690676,44.089391]]]}},{"type":"Feature","properties":{"k":"bunker"},"geometry":{"type":"Polygon","coordinates":[[[-79.690768,44.0894],[-79.690792,44.089387],[-79.690815,44.089388],[-79.690831,44.089372],[-79.690825,44.089357],[-79.690834,44.089335],[-79.690817,44.089314],[-79.690798,44.089312],[-79.690783,44.089323],[-79.690787,44.089336],[-79.69077,44.089336],[-79.690763,44.089359],[-79.690771,44.08937],[-79.690757,44.08939],[-79.690768,44.0894]]]}},{"type":"Feature","properties":{"k":"bunker"},"geometry":{"type":"Polygon","coordinates":[[[-79.690879,44.089367],[-79.690895,44.089363],[-79.69092,44.089333],[-79.690937,44.089342],[-79.690947,44.089335],[-79.690952,44.08932],[-79.69094,44.089312],[-79.690942,44.089292],[-79.69091,44.089277],[-79.690872,44.089283],[-79.690871,44.089309],[-79.690886,44.089323],[-79.690862,44.089352],[-79.690879,44.089367]]]}},{"type":"Feature","properties":{"k":"bunker"},"geometry":{"type":"Polygon","coordinates":[[[-79.690759,44.089296],[-79.690803,44.089274],[-79.690828,44.089274],[-79.690833,44.089262],[-79.690822,44.089246],[-79.690799,44.089237],[-79.690727,44.089243],[-79.690721,44.089275],[-79.690754,44.089281],[-79.690759,44.089296]]]}},{"type":"Feature","properties":{"k":"bunker"},"geometry":{"type":"Polygon","coordinates":[[[-79.691121,44.089404],[-79.691156,44.0894],[-79.691169,44.089362],[-79.691148,44.089346],[-79.691105,44.089375],[-79.691121,44.089404]]]}},{"type":"Feature","properties":{"k":"green"},"geometry":{"type":"Polygon","coordinates":[[[-79.691909,44.089277],[-79.691899,44.089385],[-79.691835,44.089429],[-79.691819,44.089451],[-79.691822,44.089469],[-79.691846,44.089492],[-79.691876,44.0895],[-79.691943,44.089479],[-79.692077,44.089462],[-79.692099,44.089453],[-79.692114,44.089418],[-79.692116,44.089358],[-79.692098,44.08932],[-79.692049,44.089281],[-79.692014,44.089263],[-79.691973,44.089253],[-79.691924,44.08926],[-79.691909,44.089277]]]}},{"type":"Feature","properties":{"k":"fairway"},"geometry":{"type":"Polygon","coordinates":[[[-79.691599,44.089818],[-79.691686,44.089817],[-79.691728,44.089793],[-79.691777,44.089751],[-79.69178,44.089734],[-79.691809,44.089707],[-79.691843,44.089549],[-79.691855,44.089532],[-79.691891,44.089516],[-79.691899,44.089503],[-79.691869,44.089464],[-79.691824,44.08944],[-79.69177,44.089434],[-79.691665,44.089407],[-79.691617,44.08941],[-79.691549,44.089437],[-79.69152,44.089497],[-79.691503,44.089576],[-79.691436,44.089654],[-79.691426,44.08968],[-79.691429,44.089735],[-79.691464,44.089776],[-79.691517,44.089809],[-79.691599,44.089818]]]}},{"type":"Feature","properties":{"k":"rough"},"geometry":{"type":"Polygon","coordinates":[[[-79.691619,44.0894],[-79.691469,44.089326],[-79.69138,44.089266],[-79.691354,44.089285],[-79.69135,44.0893],[-79.691494,44.089372],[-79.691553,44.089424],[-79.691619,44.0894]]]}},{"type":"Feature","properties":{"k":"bunker"},"geometry":{"type":"Polygon","coordinates":[[[-79.69177,44.089402],[-79.691816,44.089388],[-79.691834,44.089359],[-79.691827,44.089339],[-79.691773,44.089317],[-79.691746,44.089328],[-79.691743,44.08934],[-79.691772,44.08936],[-79.691761,44.089385],[-79.69177,44.089402]]]}},{"type":"Feature","properties":{"k":"bunker"},"geometry":{"type":"Polygon","coordinates":[[[-79.691785,44.089289],[-79.691799,44.08929],[-79.691804,44.0893],[-79.691826,44.0893],[-79.691835,44.089273],[-79.691822,44.089264],[-79.691828,44.089249],[-79.691814,44.089233],[-79.691789,44.089225],[-79.691741,44.089242],[-79.691763,44.089286],[-79.691785,44.089289]]]}},{"type":"Feature","properties":{"k":"bunker"},"geometry":{"type":"Polygon","coordinates":[[[-79.692183,44.089319],[-79.692195,44.089331],[-79.692233,44.08934],[-79.69225,44.08932],[-79.69224,44.0893],[-79.692208,44.089274],[-79.692183,44.089276],[-79.692168,44.089285],[-79.69216,44.089306],[-79.69217,44.089318],[-79.692183,44.089319]]]}},{"type":"Feature","properties":{"k":"bunker"},"geometry":{"type":"Polygon","coordinates":[[[-79.692061,44.089595],[-79.69209,44.089591],[-79.6921,44.089571],[-79.692096,44.08956],[-79.69204,44.089561],[-79.692027,44.089525],[-79.692009,44.089518],[-79.691973,44.089524],[-79.691966,44.089537],[-79.691895,44.089537],[-79.691882,44.089545],[-79.691881,44.089558],[-79.691896,44.089569],[-79.69193,44.089579],[-79.691965,44.089575],[-79.691977,44.089567],[-79.691996,44.089569],[-79.692037,44.089592],[-79.692061,44.089595]]]}},{"type":"Feature","properties":{"k":"path"},"geometry":{"type":"LineString","coordinates":[[-79.690938,44.087929],[-79.690921,44.088004],[-79.690897,44.088056],[-79.69082,44.088133],[-79.690747,44.088185],[-79.690658,44.088233],[-79.690562,44.088266],[-79.690364,44.088356],[-79.690323,44.088416],[-79.690304,44.088834],[-79.69031,44.089108],[-79.69028,44.089283],[-79.690224,44.089368],[-79.690219,44.089512],[-79.690253,44.089572],[-79.690307,44.089595],[-79.690367,44.089648],[-79.690389,44.089693],[-79.690394,44.089741],[-79.690354,44.08984],[-79.690339,44.089923],[-79.690379,44.09004],[-79.690374,44.09026],[-79.690417,44.090472],[-79.690442,44.090501],[-79.690484,44.090476],[-79.69053,44.090382],[-79.690655,44.090308],[-79.69069,44.090235],[-79.690688,44.090137],[-79.690713,44.0901],[-79.690755,44.090076],[-79.690833,44.090049],[-79.691003,44.089945],[-79.691051,44.089932],[-79.691106,44.089938],[-79.691204,44.089974],[-79.691447,44.090105],[-79.6915,44.090116],[-79.691577,44.090148],[-79.691655,44.090165],[-79.691753,44.090152],[-79.691818,44.090111],[-79.691863,44.090055],[-79.691938,44.08992],[-79.692041,44.089808],[-79.692101,44.089774],[-79.692174,44.089749],[-79.692369,44.08974],[-79.692472,44.08975],[-79.692557,44.089781],[-79.692643,44.089833],[-79.69268,44.089867],[-79.692698,44.089914],[-79.692658,44.090073],[-79.69263,44.090123],[-79.69257,44.090201],[-79.692525,44.090235],[-79.692387,44.090372],[-79.692124,44.090506],[-79.691993,44.090551],[-79.691941,44.090566],[-79.691823,44.09057],[-79.691688,44.090521],[-79.69166,44.090481],[-79.69165,44.090443],[-79.691622,44.090418],[-79.691582,44.090409],[-79.691542,44.090418],[-79.691507,44.090462],[-79.691512,44.09049],[-79.691557,44.090506],[-79.691557,44.090541],[-79.69154,44.090589],[-79.691412,44.090791],[-79.691232,44.090998],[-79.691011,44.091295],[-79.690893,44.091409],[-79.690768,44.091495],[-79.690432,44.091596],[-79.690352,44.09163],[-79.690299,44.091662],[-79.690151,44.091731],[-79.689983,44.091831],[-79.689838,44.091871],[-79.689597,44.091896],[-79.68952,44.091911],[-79.689284,44.091997],[-79.688983,44.092188],[-79.688793,44.092321],[-79.68861,44.092521],[-79.688585,44.092589],[-79.68858,44.092652],[-79.688615,44.092917],[-79.688612,44.092959],[-79.688662,44.093117],[-79.688692,44.093353],[-79.688705,44.093383],[-79.688785,44.093432],[-79.688825,44.093438],[-79.688889,44.093434],[-79.688969,44.093415],[-79.689045,44.093383],[-79.689145,44.093356],[-79.689207,44.093348],[-79.689337,44.093349],[-79.689729,44.093251],[-79.689813,44.093241],[-79.689995,44.093204],[-79.690125,44.093154],[-79.690315,44.093033],[-79.690403,44.093017],[-79.690585,44.09306],[-79.690644,44.09306],[-79.690719,44.09304],[-79.690849,44.09297],[-79.690905,44.092961],[-79.690959,44.092956],[-79.691013,44.092966],[-79.691092,44.09297],[-79.691188,44.092993],[-79.691263,44.092998],[-79.691455,44.092986],[-79.691635,44.092955],[-79.69179,44.092907],[-79.691935,44.09284],[-79.692158,44.092705],[-79.692274,44.092577],[-79.692311,44.092508],[-79.692407,44.09241],[-79.692498,44.092266],[-79.692528,44.092167],[-79.692552,44.092033],[-79.6926,44.091898],[-79.69263,44.091842],[-79.692665,44.091659],[-79.69271,44.091605],[-79.692783,44.091443],[-79.692803,44.091217],[-79.692799,44.090988],[-79.692866,44.090836],[-79.692898,44.090788],[-79.69292,44.090699],[-79.692895,44.090609],[-79.692754,44.090418],[-79.692757,44.090361],[-79.692778,44.090325],[-79.692836,44.090307],[-79.692993,44.090339],[-79.693095,44.090336],[-79.693238,44.090288],[-79.693287,44.090285],[-79.693331,44.090295],[-79.693368,44.090319],[-79.693389,44.09035],[-79.693403,44.090403],[-79.693406,44.09058],[-79.693448,44.090713],[-79.693462,44.090802],[-79.693455,44.090845],[-79.693403,44.090921],[-79.693275,44.091028],[-79.693023,44.091129],[-79.692978,44.091154],[-79.692967,44.091186],[-79.693049,44.091375],[-79.693037,44.091431],[-79.693015,44.091454],[-79.692993,44.091515],[-79.692995,44.091678],[-79.693011,44.091735],[-79.693016,44.091841],[-79.693051,44.091966],[-79.693042,44.092027],[-79.69296,44.092198],[-79.692946,44.092258],[-79.692944,44.092305],[-79.692967,44.092371],[-79.693016,44.092411],[-79.693086,44.092503],[-79.693114,44.092562],[-79.693117,44.092614],[-79.693105,44.092671],[-79.693114,44.092723],[-79.693135,44.09276],[-79.693154,44.092791],[-79.693189,44.092817],[-79.693242,44.09284],[-79.693397,44.092862],[-79.693551,44.092862],[-79.693633,44.092853],[-79.693717,44.092857],[-79.693777,44.092847],[-79.693992,44.092833],[-79.694072,44.092838],[-79.694099,44.092865],[-79.694104,44.092894],[-79.69408,44.092923],[-79.694034,44.092957],[-79.694011,44.092989],[-79.693999,44.093043],[-79.694021,44.093179],[-79.693938,44.093282],[-79.693903,44.093339],[-79.693922,44.093416],[-79.693952,44.09346],[-79.693987,44.093491],[-79.694068,44.09353],[-79.694125,44.093551],[-79.694261,44.09358],[-79.694304,44.093595],[-79.694363,44.093628],[-79.694493,44.093674],[-79.694635,44.093679],[-79.694822,44.093656],[-79.695027,44.093679],[-79.695097,44.093674],[-79.695162,44.093652],[-79.695296,44.09363],[-79.695483,44.093628],[-79.695587,44.093606],[-79.696011,44.093431],[-79.696115,44.093344],[-79.696206,44.093209],[-79.696275,44.093007],[-79.696279,44.09294],[-79.696263,44.092846],[-79.696222,44.092776],[-79.69614,44.092706],[-79.696036,44.092654],[-79.695935,44.09264],[-79.695804,44.092646],[-79.695735,44.092621],[-79.695682,44.092572],[-79.695538,44.09235],[-79.695506,44.09221],[-79.695506,44.091994],[-79.695496,44.091954],[-79.69545,44.091898],[-79.695432,44.091858],[-79.695437,44.09181],[-79.695485,44.091751],[-79.695535,44.091729],[-79.695798,44.091653],[-79.696009,44.091549],[-79.696068,44.091617],[-79.696156,44.091785],[-79.696222,44.091965],[-79.696201,44.092077],[-79.696217,44.092126],[-79.69628,44.092198],[-79.696278,44.092226],[-79.696212,44.092327],[-79.696212,44.092389],[-79.696224,44.092433],[-79.696222,44.092542],[-79.696243,44.092595],[-79.696289,44.092634],[-79.696439,44.092669],[-79.696516,44.092679],[-79.69656,44.092701],[-79.696581,44.092741],[-79.696579,44.0928],[-79.696556,44.092838],[-79.696462,44.092907],[-79.696429,44.092942],[-79.696409,44.093003],[-79.69639,44.09315],[-79.696336,44.093387],[-79.696338,44.093437],[-79.696385,44.093555],[-79.696427,44.093749],[-79.6965,44.093809],[-79.696654,44.093913],[-79.696798,44.093965],[-79.696876,44.093982],[-79.696948,44.093987],[-79.697013,44.094014],[-79.697058,44.094051],[-79.697093,44.094121],[-79.697081,44.094138],[-79.697034,44.09415],[-79.696892,44.094126],[-79.69681,44.094121],[-79.696621,44.094167],[-79.696535,44.094198],[-79.696327,44.094237],[-79.696163,44.094256],[-79.695972,44.094319],[-79.695752,44.094349],[-79.695582,44.094413],[-79.695295,44.094614],[-79.695038,44.09474],[-79.694837,44.094862],[-79.694699,44.09493],[-79.694573,44.094968],[-79.694538,44.094992],[-79.694478,44.095055],[-79.694431,44.095178],[-79.6944,44.095215],[-79.694316,44.095268],[-79.694263,44.095287],[-79.694165,44.095342],[-79.694132,44.095386],[-79.694106,44.0955],[-79.694085,44.095537],[-79.694048,44.095572],[-79.693861,44.095647],[-79.693784,44.095721],[-79.693742,44.095803],[-79.693702,44.095838],[-79.693639,44.095869],[-79.693492,44.095906],[-79.693422,44.095937],[-79.693396,44.095976],[-79.693406,44.096025],[-79.693436,44.096067],[-79.693441,44.09611],[-79.693368,44.096202],[-79.693361,44.096246],[-79.693373,44.096285],[-79.693595,44.096447],[-79.693726,44.096558],[-79.693842,44.09655],[-79.693891,44.096563],[-79.69395,44.096593],[-79.694083,44.096729],[-79.694265,44.096815],[-79.694319,44.096828],[-79.694463,44.096831],[-79.694571,44.096861],[-79.694629,44.096888],[-79.694762,44.096895],[-79.694811,44.096878],[-79.694867,44.096841],[-79.695169,44.096813],[-79.695241,44.096801],[-79.695295,44.096781],[-79.695404,44.096721],[-79.69546,44.09665],[-79.695447,44.096565],[-79.695372,44.096464],[-79.695372,44.096407],[-79.6954,44.096362],[-79.695488,44.096318],[-79.695741,44.096254],[-79.695892,44.096201],[-79.69593,44.096165],[-79.696047,44.096097],[-79.696119,44.096078],[-79.696212,44.096067],[-79.696467,44.095998],[-79.696593,44.095973],[-79.696899,44.095854],[-79.697237,44.095733],[-79.697312,44.095713],[-79.697653,44.095676],[-79.697749,44.095642],[-79.697793,44.095605],[-79.697823,44.095567],[-79.697847,44.095409],[-79.697868,44.095379],[-79.69791,44.095349],[-79.697996,44.095302],[-79.698195,44.095242],[-79.698764,44.095025],[-79.698961,44.094911],[-79.699103,44.094869],[-79.699311,44.094764],[-79.699353,44.094735],[-79.699374,44.094703],[-79.699348,44.094603],[-79.699332,44.094567],[-79.699295,44.094529],[-79.69926,44.094497],[-79.699171,44.094468],[-79.699068,44.09441],[-79.699047,44.094361],[-79.699059,44.094282],[-79.699077,44.094234],[-79.699138,44.094165],[-79.699185,44.094091],[-79.699183,44.094019],[-79.699108,44.093962],[-79.699054,44.093942],[-79.698949,44.093875],[-79.698926,44.093798],[-79.698958,44.093658],[-79.698951,44.093551],[-79.698729,44.093285],[-79.69868,44.093162],[-79.69866,44.092863],[-79.69861,44.092718],[-79.698573,44.092669],[-79.698554,44.09256],[-79.698585,44.092449],[-79.698636,44.092396],[-79.698657,44.092288],[-79.698592,44.092099],[-79.698601,44.092038],[-79.698657,44.091985],[-79.698688,44.091931],[-79.698697,44.091872],[-79.698685,44.091718],[-79.698652,44.091659],[-79.69855,44.091581],[-79.698372,44.09151],[-79.698293,44.09151],[-79.698203,44.091537],[-79.698085,44.091624],[-79.6978,44.091763],[-79.697746,44.091777],[-79.697686,44.091774],[-79.697639,44.091758],[-79.697609,44.091728],[-79.697571,44.091668],[-79.697553,44.091537]]}},{"type":"Feature","properties":{"k":"green"},"geometry":{"type":"Polygon","coordinates":[[[-79.689051,44.093015],[-79.689092,44.093002],[-79.689132,44.092974],[-79.689163,44.092931],[-79.68915,44.092886],[-79.689102,44.092846],[-79.689082,44.092838],[-79.689049,44.09284],[-79.68894,44.092868],[-79.688889,44.092893],[-79.688823,44.09291],[-79.688815,44.092919],[-79.688815,44.092929],[-79.688878,44.093005],[-79.688913,44.093019],[-79.688978,44.093027],[-79.689051,44.093015]]]}},{"type":"Feature","properties":{"k":"fairway"},"geometry":{"type":"Polygon","coordinates":[[[-79.691543,44.091064],[-79.691453,44.091074],[-79.691425,44.091089],[-79.691353,44.091142],[-79.691278,44.091227],[-79.691169,44.09132],[-79.691125,44.091343],[-79.691059,44.091409],[-79.690931,44.091459],[-79.690905,44.091476],[-79.69084,44.091556],[-79.69084,44.091592],[-79.690865,44.091598],[-79.69091,44.091599],[-79.690973,44.091587],[-79.691058,44.091582],[-79.691135,44.091589],[-79.691168,44.091611],[-79.691187,44.09164],[-79.691171,44.091682],[-79.691133,44.091715],[-79.690994,44.091722],[-79.690761,44.091713],[-79.6907,44.091718],[-79.690572,44.091786],[-79.690294,44.091871],[-79.690263,44.091899],[-79.690166,44.091956],[-79.690076,44.091991],[-79.689945,44.092024],[-79.689608,44.092042],[-79.689441,44.09207],[-79.689441,44.092091],[-79.689339,44.092144],[-79.689238,44.092186],[-79.689091,44.092225],[-79.689038,44.092279],[-79.689016,44.092361],[-79.688976,44.092393],[-79.688975,44.092425],[-79.688985,44.092439],[-79.688975,44.092455],[-79.688939,44.092492],[-79.688884,44.092512],[-79.688854,44.092532],[-79.688824,44.092573],[-79.688814,44.092653],[-79.688785,44.092734],[-79.688729,44.092836],[-79.688766,44.092898],[-79.688801,44.092921],[-79.688894,44.09292],[-79.688965,44.092908],[-79.689045,44.092877],[-79.689083,44.092825],[-79.689087,44.09279],[-79.689105,44.09277],[-79.68919,44.092749],[-79.689274,44.092764],[-79.689308,44.092749],[-79.689311,44.09269],[-79.689324,44.092656],[-79.689313,44.092623],[-79.689258,44.092563],[-79.689259,44.092531],[-79.689309,44.092489],[-79.689374,44.092465],[-79.689424,44.092413],[-79.689479,44.092405],[-79.689554,44.092415],[-79.689578,44.092425],[-79.689606,44.092455],[-79.689699,44.092515],[-79.689756,44.092522],[-79.689893,44.092517],[-79.689935,44.092494],[-79.689997,44.092423],[-79.69016,44.092386],[-79.690296,44.092347],[-79.690386,44.092313],[-79.690447,44.092305],[-79.690504,44.092279],[-79.690608,44.092204],[-79.690789,44.092028],[-79.690862,44.091987],[-79.690967,44.091951],[-79.691095,44.091936],[-79.691261,44.091891],[-79.691363,44.091847],[-79.691436,44.091805],[-79.69149,44.09176],[-79.691538,44.091698],[-79.691548,44.09163],[-79.69161,44.091461],[-79.69162,44.091447],[-79.691705,44.091394],[-79.691746,44.091328],[-79.691761,44.091273],[-79.691762,44.091202],[-79.691726,44.091145],[-79.691606,44.091078],[-79.691543,44.091064]]]}},{"type":"Feature","properties":{"k":"bunker"},"geometry":{"type":"Polygon","coordinates":[[[-79.691068,44.091668],[-79.691092,44.091658],[-79.691101,44.091674],[-79.691114,44.09168],[-79.691126,44.091676],[-79.691138,44.091662],[-79.691141,44.091637],[-79.69112,44.091628],[-79.691066,44.091623],[-79.690979,44.091635],[-79.690957,44.091621],[-79.690887,44.091613],[-79.690836,44.091625],[-79.690809,44.091648],[-79.690824,44.09168],[-79.69088,44.091649],[-79.690893,44.091649],[-79.690917,44.091673],[-79.690945,44.091682],[-79.691011,44.091681],[-79.691027,44.091657],[-79.691068,44.091668]]]}},{"type":"Feature","properties":{"k":"bunker"},"geometry":{"type":"Polygon","coordinates":[[[-79.688893,44.092419],[-79.688912,44.092429],[-79.688946,44.092428],[-79.688947,44.092398],[-79.688933,44.092389],[-79.688979,44.092344],[-79.688984,44.092316],[-79.688979,44.092305],[-79.68896,44.092297],[-79.68894,44.092301],[-79.688946,44.092309],[-79.68892,44.092322],[-79.688935,44.092343],[-79.688925,44.092356],[-79.688886,44.092365],[-79.688873,44.092385],[-79.688886,44.092396],[-79.688893,44.092419]]]}},{"type":"Feature","properties":{"k":"bunker"},"geometry":{"type":"Polygon","coordinates":[[[-79.6889,44.092841],[-79.688909,44.092844],[-79.688921,44.092835],[-79.688926,44.092846],[-79.68895,44.092841],[-79.688967,44.09282],[-79.688964,44.092811],[-79.688944,44.092803],[-79.688913,44.092809],[-79.688876,44.092798],[-79.688861,44.092821],[-79.688879,44.092826],[-79.688885,44.09284],[-79.6889,44.092841]]]}},{"type":"Feature","properties":{"k":"rough"},"geometry":{"type":"Polygon","coordinates":[[[-79.688913,44.092854],[-79.688936,44.092855],[-79.688978,44.092838],[-79.688974,44.092801],[-79.688937,44.092791],[-79.688861,44.092794],[-79.688854,44.092832],[-79.688899,44.092854],[-79.688913,44.092854]]]}},{"type":"Feature","properties":{"k":"bunker"},"geometry":{"type":"Polygon","coordinates":[[[-79.689142,44.092825],[-79.689154,44.092816],[-79.689172,44.092821],[-79.689206,44.092811],[-79.689213,44.092797],[-79.689206,44.092782],[-79.689161,44.092774],[-79.68912,44.092789],[-79.68911,44.092815],[-79.689142,44.092825]]]}},{"type":"Feature","properties":{"k":"bunker"},"geometry":{"type":"Polygon","coordinates":[[[-79.68929,44.092807],[-79.689304,44.092796],[-79.689302,44.092788],[-79.689254,44.092787],[-79.689251,44.092799],[-79.689239,44.092803],[-79.689238,44.092811],[-79.689249,44.092812],[-79.689233,44.092829],[-79.689238,44.092836],[-79.689209,44.092843],[-79.689204,44.092856],[-79.68919,44.092863],[-79.689196,44.092877],[-79.689224,44.092879],[-79.689226,44.092885],[-79.689203,44.092893],[-79.689225,44.092909],[-79.689244,44.092906],[-79.689242,44.092897],[-79.689267,44.092896],[-79.689279,44.092886],[-79.68927,44.092855],[-79.68929,44.092827],[-79.68929,44.092807]]]}},{"type":"Feature","properties":{"k":"bunker"},"geometry":{"type":"Polygon","coordinates":[[[-79.68914,44.093049],[-79.689137,44.093025],[-79.689172,44.093003],[-79.68921,44.093033],[-79.689249,44.093026],[-79.68926,44.093037],[-79.689259,44.093053],[-79.689233,44.093063],[-79.689194,44.093063],[-79.689165,44.093044],[-79.68914,44.093049]]]}},{"type":"Feature","properties":{"k":"bunker"},"geometry":{"type":"Polygon","coordinates":[[[-79.68944,44.092694],[-79.68947,44.092678],[-79.689487,44.092627],[-79.689504,44.092605],[-79.689496,44.092584],[-79.689456,44.092586],[-79.689431,44.092603],[-79.689411,44.092668],[-79.689421,44.092689],[-79.68944,44.092694]]]}},{"type":"Feature","properties":{"k":"bunker"},"geometry":{"type":"Polygon","coordinates":[[[-79.689322,44.092563],[-79.689348,44.092556],[-79.689361,44.092544],[-79.689396,44.092541],[-79.689409,44.092544],[-79.68942,44.092557],[-79.689448,44.092563],[-79.689479,44.092537],[-79.689463,44.092525],[-79.68946,44.092512],[-79.689472,44.092481],[-79.689485,44.092471],[-79.689545,44.092478],[-79.689561,44.092469],[-79.689556,44.092448],[-79.689484,44.092425],[-79.689449,44.092427],[-79.689439,44.092449],[-79.689417,44.092462],[-79.689409,44.092495],[-79.689354,44.092505],[-79.689324,44.092519],[-79.689319,44.092532],[-79.689303,44.092536],[-79.689303,44.092545],[-79.689323,44.092552],[-79.689322,44.092563]]]}},{"type":"Feature","properties":{"k":"bunker"},"geometry":{"type":"Polygon","coordinates":[[[-79.689577,44.09273],[-79.689572,44.092711],[-79.689614,44.092682],[-79.68959,44.092656],[-79.689613,44.092643],[-79.689617,44.092623],[-79.6896,44.092601],[-79.68961,44.092578],[-79.689626,44.092569],[-79.689649,44.09257],[-79.689666,44.092582],[-79.689682,44.092628],[-79.689738,44.09266],[-79.689746,44.092695],[-79.68973,44.092703],[-79.689675,44.0927],[-79.689649,44.092725],[-79.689617,44.09274],[-79.689577,44.09273]]]}},{"type":"Feature","properties":{"k":"green"},"geometry":{"type":"Polygon","coordinates":[[[-79.692476,44.091004],[-79.692496,44.091002],[-79.692521,44.090987],[-79.692586,44.090869],[-79.692612,44.090835],[-79.692663,44.090808],[-79.692685,44.09078],[-79.692685,44.090735],[-79.692661,44.090709],[-79.69263,44.090699],[-79.69259,44.090701],[-79.692527,44.090736],[-79.692513,44.090762],[-79.692403,44.090868],[-79.692374,44.090917],[-79.692358,44.090953],[-79.69236,44.090971],[-79.692381,44.090983],[-79.692476,44.091004]]]}},{"type":"Feature","properties":{"k":"fairway"},"geometry":{"type":"Polygon","coordinates":[[[-79.692397,44.090946],[-79.692342,44.090949],[-79.692341,44.091001],[-79.692214,44.091165],[-79.692191,44.09139],[-79.692147,44.091495],[-79.692084,44.091585],[-79.691919,44.091763],[-79.691816,44.091947],[-79.691784,44.092057],[-79.691733,44.092106],[-79.69173,44.092122],[-79.691757,44.092187],[-79.691727,44.092261],[-79.691641,44.092345],[-79.69163,44.092371],[-79.691529,44.092399],[-79.69147,44.092441],[-79.691463,44.092456],[-79.691422,44.092478],[-79.691378,44.092487],[-79.691332,44.092486],[-79.691288,44.092498],[-79.691247,44.092518],[-79.691237,44.092536],[-79.691229,44.092608],[-79.691236,44.092627],[-79.691271,44.092659],[-79.691315,44.092682],[-79.691438,44.092721],[-79.691533,44.092735],[-79.691643,44.092723],[-79.691684,44.092709],[-79.691831,44.092555],[-79.691963,44.092487],[-79.692142,44.092421],[-79.69218,44.092392],[-79.692209,44.092355],[-79.692223,44.092326],[-79.69223,44.092272],[-79.692186,44.092181],[-79.692205,44.092124],[-79.692241,44.09208],[-79.692254,44.092019],[-79.692219,44.091824],[-79.692233,44.091759],[-79.692321,44.091647],[-79.692489,44.091497],[-79.692522,44.091438],[-79.692533,44.091389],[-79.692529,44.091335],[-79.692494,44.091198],[-79.692531,44.091089],[-79.69253,44.090995],[-79.692515,44.090977],[-79.692397,44.090946]]]}},{"type":"Feature","properties":{"k":"bunker"},"geometry":{"type":"Polygon","coordinates":[[[-79.692463,44.090736],[-79.692499,44.090723],[-79.692504,44.090717],[-79.692494,44.090705],[-79.692512,44.090678],[-79.692456,44.090679],[-79.692417,44.0907],[-79.692421,44.090742],[-79.692463,44.090736]]]}},{"type":"Feature","properties":{"k":"bunker"},"geometry":{"type":"Polygon","coordinates":[[[-79.692262,44.092209],[-79.692242,44.092201],[-79.692232,44.092184],[-79.69223,44.092152],[-79.69227,44.092102],[-79.692282,44.092002],[-79.692294,44.091988],[-79.692342,44.091991],[-79.692373,44.092025],[-79.692333,44.092126],[-79.692369,44.092135],[-79.69235,44.092151],[-79.69231,44.092162],[-79.692289,44.092201],[-79.692273,44.092211],[-79.692262,44.092209]]]}},{"type":"Feature","properties":{"k":"bunker"},"geometry":{"type":"Polygon","coordinates":[[[-79.691611,44.092327],[-79.691645,44.09227],[-79.691708,44.092241],[-79.69172,44.092206],[-79.691713,44.092181],[-79.691695,44.092168],[-79.691665,44.092162],[-79.691617,44.092172],[-79.691601,44.092188],[-79.691571,44.092268],[-79.69153,44.092311],[-79.691414,44.092309],[-79.691386,44.092329],[-79.691375,44.092355],[-79.691378,44.092387],[-79.691429,44.092424],[-79.691453,44.092421],[-79.691472,44.092409],[-79.691479,44.092388],[-79.691508,44.092373],[-79.691597,44.092359],[-79.691607,44.09235],[-79.691611,44.092327]]]}},{"type":"Feature","properties":{"k":"fairway"},"geometry":{"type":"Polygon","coordinates":[[[-79.69425,44.092405],[-79.694243,44.09226],[-79.694221,44.092202],[-79.6942,44.092183],[-79.694094,44.092138],[-79.694044,44.092141],[-79.693985,44.09217],[-79.693943,44.092199],[-79.693804,44.09233],[-79.693755,44.092345],[-79.693607,44.092352],[-79.693553,44.092331],[-79.693516,44.092306],[-79.693501,44.092293],[-79.693499,44.092237],[-79.693523,44.092187],[-79.693622,44.092068],[-79.693629,44.092031],[-79.693619,44.09198],[-79.693598,44.091945],[-79.693496,44.091862],[-79.693454,44.091762],[-79.69345,44.091721],[-79.693423,44.091687],[-79.693415,44.091654],[-79.693385,44.091619],[-79.693358,44.091599],[-79.693295,44.091572],[-79.693245,44.091569],[-79.693197,44.091582],[-79.693174,44.091601],[-79.693154,44.091646],[-79.693139,44.091754],[-79.693149,44.091783],[-79.693158,44.091939],[-79.693112,44.09203],[-79.693124,44.092147],[-79.693089,44.092255],[-79.693122,44.09232],[-79.693135,44.092329],[-79.693173,44.092334],[-79.693222,44.092308],[-79.693285,44.092304],[-79.693327,44.092324],[-79.693356,44.092359],[-79.693356,44.092374],[-79.693288,44.092452],[-79.693283,44.092478],[-79.693287,44.092544],[-79.693323,44.092598],[-79.693369,44.092624],[-79.693515,44.09266],[-79.69357,44.092666],[-79.693685,44.092649],[-79.693772,44.092616],[-79.693811,44.09257],[-79.693835,44.092496],[-79.693846,44.092482],[-79.6939,44.092455],[-79.693933,44.092454],[-79.694027,44.09247],[-79.69425,44.092405]]]}},{"type":"Feature","properties":{"k":"bunker"},"geometry":{"type":"Polygon","coordinates":[[[-79.693198,44.092412],[-79.69321,44.092424],[-79.693228,44.092424],[-79.693246,44.092404],[-79.693264,44.092398],[-79.693256,44.09238],[-79.693299,44.09238],[-79.693316,44.092365],[-79.693314,44.092346],[-79.69327,44.092333],[-79.693219,44.092367],[-79.693153,44.092362],[-79.693133,44.092377],[-79.693108,44.092383],[-79.693112,44.092394],[-79.693101,44.092406],[-79.693133,44.092436],[-79.693162,44.092436],[-79.693177,44.0924],[-79.693191,44.0924],[-79.693198,44.092412]]]}},{"type":"Feature","properties":{"k":"bunker"},"geometry":{"type":"Polygon","coordinates":[[[-79.693656,44.092301],[-79.693669,44.092298],[-79.693687,44.092275],[-79.693709,44.092275],[-79.69371,44.092288],[-79.693724,44.092294],[-79.693744,44.092283],[-79.693759,44.092288],[-79.693769,44.092282],[-79.693769,44.092264],[-79.693735,44.092236],[-79.693727,44.09222],[-79.69373,44.092196],[-79.693751,44.092181],[-79.693723,44.09216],[-79.69369,44.092165],[-79.693667,44.09223],[-79.69365,44.092249],[-79.693621,44.092257],[-79.693617,44.092264],[-79.693617,44.092283],[-79.693656,44.092301]]]}},{"type":"Feature","properties":{"k":"bunker"},"geometry":{"type":"Polygon","coordinates":[[[-79.693828,44.092235],[-79.693796,44.092233],[-79.69378,44.092212],[-79.693805,44.092202],[-79.693794,44.09216],[-79.693809,44.092149],[-79.693833,44.092151],[-79.693855,44.092165],[-79.693844,44.092184],[-79.69385,44.092236],[-79.69384,44.09224],[-79.693828,44.092235]]]}},{"type":"Feature","properties":{"k":"bunker"},"geometry":{"type":"Polygon","coordinates":[[[-79.693896,44.092143],[-79.693911,44.092145],[-79.693916,44.092134],[-79.693958,44.092132],[-79.693959,44.0921],[-79.693973,44.092088],[-79.693992,44.092106],[-79.69401,44.092099],[-79.694001,44.092086],[-79.694016,44.092083],[-79.694018,44.092073],[-79.694001,44.092064],[-79.694005,44.092055],[-79.693995,44.092039],[-79.693951,44.092036],[-79.693919,44.09206],[-79.693892,44.092109],[-79.693881,44.092113],[-79.693896,44.092143]]]}},{"type":"Feature","properties":{"k":"bunker"},"geometry":{"type":"Polygon","coordinates":[[[-79.693771,44.092117],[-79.693808,44.092112],[-79.693832,44.092083],[-79.693848,44.092081],[-79.693846,44.092069],[-79.693859,44.092066],[-79.693858,44.092034],[-79.693843,44.092031],[-79.693836,44.092016],[-79.693798,44.092015],[-79.693772,44.092035],[-79.693777,44.092061],[-79.693741,44.0921],[-79.693756,44.092115],[-79.693771,44.092117]]]}},{"type":"Feature","properties":{"k":"bunker"},"geometry":{"type":"Polygon","coordinates":[[[-79.694159,44.092062],[-79.694187,44.09206],[-79.694198,44.092045],[-79.694168,44.091997],[-79.694094,44.091955],[-79.694044,44.091945],[-79.694007,44.091955],[-79.694011,44.091987],[-79.694064,44.091989],[-79.694092,44.091999],[-79.694113,44.092029],[-79.694102,44.092046],[-79.694113,44.092058],[-79.694133,44.092053],[-79.69414,44.092064],[-79.694159,44.092062]]]}},{"type":"Feature","properties":{"k":"bunker"},"geometry":{"type":"Polygon","coordinates":[[[-79.693874,44.091998],[-79.6939,44.091993],[-79.693921,44.091977],[-79.69391,44.091954],[-79.693787,44.091922],[-79.693743,44.091928],[-79.693743,44.091957],[-79.693771,44.091961],[-79.693787,44.091976],[-79.693816,44.091971],[-79.693874,44.091998]]]}},{"type":"Feature","properties":{"k":"green"},"geometry":{"type":"Polygon","coordinates":[[[-79.695772,44.093109],[-79.695738,44.093106],[-79.695714,44.093092],[-79.695691,44.093059],[-79.695678,44.093015],[-79.695709,44.092966],[-79.695764,44.092925],[-79.695862,44.092897],[-79.695922,44.092895],[-79.695975,44.092912],[-79.695996,44.092934],[-79.696008,44.092972],[-79.695993,44.093021],[-79.695941,44.093054],[-79.695794,44.093108],[-79.695772,44.093109]]]}},{"type":"Feature","properties":{"k":"bunker"},"geometry":{"type":"Polygon","coordinates":[[[-79.695598,44.092979],[-79.695637,44.092967],[-79.695635,44.09295],[-79.695597,44.092942],[-79.695576,44.092928],[-79.695577,44.092892],[-79.695604,44.092883],[-79.69559,44.092864],[-79.6956,44.092844],[-79.695582,44.09284],[-79.695546,44.092857],[-79.695505,44.092828],[-79.695474,44.092829],[-79.695461,44.092836],[-79.695461,44.092858],[-79.69552,44.092904],[-79.695538,44.092951],[-79.695572,44.092976],[-79.695598,44.092979]]]}},{"type":"Feature","properties":{"k":"bunker"},"geometry":{"type":"Polygon","coordinates":[[[-79.695661,44.092914],[-79.695702,44.092899],[-79.695701,44.09289],[-79.69573,44.092869],[-79.695762,44.092866],[-79.695776,44.092871],[-79.695845,44.09286],[-79.695851,44.092853],[-79.695836,44.092832],[-79.695801,44.092825],[-79.695654,44.092841],[-79.695643,44.092852],[-79.695638,44.092895],[-79.695661,44.092914]]]}},{"type":"Feature","properties":{"k":"fairway"},"geometry":{"type":"Polygon","coordinates":[[[-79.695134,44.090747],[-79.695193,44.090834],[-79.695277,44.090867],[-79.695482,44.090896],[-79.695529,44.090889],[-79.695557,44.090872],[-79.695578,44.090846],[-79.695585,44.090815],[-79.69545,44.090618],[-79.695426,44.09054],[-79.69537,44.090492],[-79.695347,44.090399],[-79.695309,44.090342],[-79.695277,44.090327],[-79.695233,44.090319],[-79.695179,44.090319],[-79.69509,44.090334],[-79.694997,44.090329],[-79.694922,44.0903],[-79.694896,44.090267],[-79.694908,44.090228],[-79.69495,44.090176],[-79.695036,44.090114],[-79.695078,44.090071],[-79.695085,44.090041],[-79.69506,44.089989],[-79.694906,44.089903],[-79.694822,44.089833],[-79.694803,44.089797],[-79.694775,44.089665],[-79.694749,44.089625],[-79.694693,44.089568],[-79.694651,44.089544],[-79.694527,44.089502],[-79.694373,44.089472],[-79.69432,44.089444],[-79.69431,44.089395],[-79.694329,44.089358],[-79.69434,44.089293],[-79.694338,44.089257],[-79.694312,44.089182],[-79.694261,44.089095],[-79.69421,44.089036],[-79.694109,44.08889],[-79.694079,44.08886],[-79.694028,44.088828],[-79.693934,44.088729],[-79.693855,44.088556],[-79.69381,44.088484],[-79.693799,44.088441],[-79.693776,44.088419],[-79.693684,44.088367],[-79.693619,44.088352],[-79.693507,44.088367],[-79.69343,44.088387],[-79.69336,44.088367],[-79.693339,44.088347],[-79.693334,44.088283],[-79.693339,44.088253],[-79.693385,44.088196],[-79.693327,44.088177],[-79.693217,44.08819],[-79.69322,44.088266],[-79.693213,44.088284],[-79.69313,44.08837],[-79.693163,44.088495],[-79.693229,44.088507],[-79.693282,44.088569],[-79.693279,44.088597],[-79.693256,44.088613],[-79.693242,44.088645],[-79.693257,44.088691],[-79.693289,44.088715],[-79.693514,44.08882],[-79.693568,44.088835],[-79.693617,44.088834],[-79.693663,44.088846],[-79.693688,44.08887],[-79.693682,44.088924],[-79.69359,44.089041],[-79.693616,44.089103],[-79.693656,44.089139],[-79.693664,44.089156],[-79.693611,44.089279],[-79.693605,44.089309],[-79.693621,44.089335],[-79.693679,44.089384],[-79.693909,44.089504],[-79.694019,44.089613],[-79.694795,44.090474],[-79.694883,44.090534],[-79.694934,44.090548],[-79.69498,44.090573],[-79.695134,44.090747]]]}},{"type":"Feature","properties":{"k":"bunker"},"geometry":{"type":"Polygon","coordinates":[[[-79.693563,44.088936],[-79.693562,44.088949],[-79.693581,44.088956],[-79.693627,44.088943],[-79.693638,44.088917],[-79.693625,44.088874],[-79.693608,44.088867],[-79.693581,44.088869],[-79.693563,44.08888],[-79.693527,44.088866],[-79.693473,44.088868],[-79.693469,44.088883],[-79.693503,44.088916],[-79.693529,44.088921],[-79.693551,44.088916],[-79.693562,44.088922],[-79.693563,44.088936]]]}},{"type":"Feature","properties":{"k":"bunker"},"geometry":{"type":"Polygon","coordinates":[[[-79.69453,44.089457],[-79.694538,44.089453],[-79.694595,44.089459],[-79.694607,44.089425],[-79.694596,44.089416],[-79.694537,44.089413],[-79.694524,44.089407],[-79.694487,44.089341],[-79.694433,44.089342],[-79.694425,44.089347],[-79.694424,44.089394],[-79.694395,44.089399],[-79.694383,44.089392],[-79.694365,44.089402],[-79.694369,44.089432],[-79.694408,44.089449],[-79.69444,44.08944],[-79.694508,44.089461],[-79.69453,44.089457]]]}},{"type":"Feature","properties":{"k":"bunker"},"geometry":{"type":"Polygon","coordinates":[[[-79.695225,44.090291],[-79.695291,44.090283],[-79.695296,44.090268],[-79.695255,44.090253],[-79.695245,44.090236],[-79.695225,44.090238],[-79.695209,44.090255],[-79.695168,44.090254],[-79.695178,44.090233],[-79.695146,44.090223],[-79.695114,44.090229],[-79.695104,44.090252],[-79.695113,44.090265],[-79.695084,44.090271],[-79.69507,44.090296],[-79.695078,44.090312],[-79.695096,44.090319],[-79.695141,44.090288],[-79.695197,44.090295],[-79.695225,44.090291]]]}},{"type":"Feature","properties":{"k":"bunker"},"geometry":{"type":"Polygon","coordinates":[[[-79.694976,44.090284],[-79.695006,44.090281],[-79.695042,44.09026],[-79.695068,44.090222],[-79.695058,44.090174],[-79.695013,44.090175],[-79.695001,44.090202],[-79.695013,44.090233],[-79.694951,44.090262],[-79.694956,44.090274],[-79.694976,44.090284]]]}},{"type":"Feature","properties":{"k":"bunker"},"geometry":{"type":"Polygon","coordinates":[[[-79.695125,44.090849],[-79.695155,44.090843],[-79.695155,44.090828],[-79.695108,44.090799],[-79.69511,44.090771],[-79.695086,44.090751],[-79.69504,44.090732],[-79.695038,44.090692],[-79.694984,44.090677],[-79.69497,44.090655],[-79.694973,44.090633],[-79.694903,44.090615],[-79.694889,44.090568],[-79.694872,44.09056],[-79.69481,44.090563],[-79.694802,44.090569],[-79.69483,44.090578],[-79.694846,44.090615],[-79.694996,44.090727],[-79.695011,44.090756],[-79.695059,44.090799],[-79.69506,44.090817],[-79.69509,44.090838],[-79.695125,44.090849]]]}},{"type":"Feature","properties":{"k":"bunker"},"geometry":{"type":"Polygon","coordinates":[[[-79.693489,44.088333],[-79.693504,44.088331],[-79.693546,44.088299],[-79.693551,44.088293],[-79.69354,44.088283],[-79.693566,44.088277],[-79.693572,44.088265],[-79.693561,44.088251],[-79.693518,44.088251],[-79.693511,44.088276],[-79.693485,44.088277],[-79.693484,44.088309],[-79.693472,44.088316],[-79.693472,44.088327],[-79.693474,44.088333],[-79.693489,44.088333]]]}},{"type":"Feature","properties":{"k":"bunker"},"geometry":{"type":"Polygon","coordinates":[[[-79.693391,44.088339],[-79.693407,44.08834],[-79.693433,44.088319],[-79.693442,44.088299],[-79.693437,44.088283],[-79.693446,44.088274],[-79.693436,44.088264],[-79.693462,44.088248],[-79.69346,44.088231],[-79.693441,44.088226],[-79.69346,44.088213],[-79.69345,44.088206],[-79.693425,44.088207],[-79.693386,44.088237],[-79.693387,44.088246],[-79.693403,44.088251],[-79.693396,44.08826],[-79.693407,44.088272],[-79.693397,44.088286],[-79.693369,44.088289],[-79.693365,44.088301],[-79.693388,44.088324],[-79.693391,44.088339]]]}},{"type":"Feature","properties":{"k":"green"},"geometry":{"type":"Polygon","coordinates":[[[-79.693416,44.088158],[-79.693429,44.088153],[-79.693432,44.088102],[-79.693422,44.088078],[-79.693388,44.088057],[-79.693371,44.088032],[-79.69335,44.087938],[-79.693303,44.087915],[-79.69327,44.087915],[-79.69323,44.087925],[-79.693164,44.087982],[-79.693145,44.088012],[-79.693142,44.088042],[-79.693179,44.088107],[-79.693219,44.08815],[-79.693234,44.088187],[-79.693247,44.088202],[-79.693345,44.088202],[-79.693416,44.088158]]]}},{"type":"Feature","properties":{"k":"fairway"},"geometry":{"type":"Polygon","coordinates":[[[-79.695152,44.087263],[-79.695263,44.087253],[-79.69539,44.087148],[-79.695463,44.087111],[-79.695634,44.086983],[-79.695932,44.086844],[-79.696144,44.086787],[-79.6962,44.086796],[-79.696268,44.086859],[-79.696286,44.086864],[-79.69632,44.086864],[-79.696371,44.086841],[-79.696393,44.086821],[-79.696465,44.086658],[-79.696505,44.086607],[-79.696772,44.086336],[-79.696939,44.086215],[-79.696974,44.086165],[-79.696993,44.086111],[-79.697026,44.086062],[-79.697001,44.086011],[-79.696926,44.086004],[-79.696899,44.086028],[-79.696872,44.086038],[-79.69672,44.086069],[-79.696609,44.086101],[-79.696532,44.086149],[-79.69648,44.086204],[-79.69641,44.086242],[-79.696345,44.086272],[-79.696018,44.08639],[-79.695946,44.086431],[-79.695844,44.086516],[-79.695778,44.086554],[-79.695685,44.08663],[-79.69566,44.086663],[-79.695477,44.086775],[-79.695305,44.086896],[-79.695172,44.086958],[-79.69494,44.087021],[-79.694818,44.08708],[-79.694803,44.087118],[-79.69481,44.087167],[-79.694896,44.087228],[-79.694953,44.087243],[-79.695152,44.087263]]]}},{"type":"Feature","properties":{"k":"bunker"},"geometry":{"type":"Polygon","coordinates":[[[-79.695673,44.087136],[-79.695662,44.087156],[-79.695684,44.087184],[-79.695693,44.087184],[-79.695726,44.087178],[-79.69581,44.087126],[-79.695862,44.087056],[-79.695858,44.087013],[-79.695836,44.086996],[-79.695799,44.087002],[-79.695788,44.087016],[-79.695769,44.087102],[-79.695752,44.08711],[-79.695705,44.087114],[-79.695673,44.087136]]]}},{"type":"Feature","properties":{"k":"bunker"},"geometry":{"type":"Polygon","coordinates":[[[-79.695624,44.087119],[-79.695735,44.087085],[-79.69574,44.087078],[-79.695724,44.087069],[-79.69574,44.087056],[-79.695742,44.087033],[-79.695725,44.086996],[-79.695682,44.086993],[-79.695665,44.087012],[-79.695656,44.087056],[-79.695647,44.087061],[-79.695621,44.087057],[-79.695582,44.087075],[-79.695575,44.087085],[-79.695581,44.087102],[-79.695605,44.08712],[-79.695624,44.087119]]]}},{"type":"Feature","properties":{"k":"bunker"},"geometry":{"type":"Polygon","coordinates":[[[-79.696081,44.087036],[-79.696104,44.087033],[-79.696095,44.087011],[-79.696118,44.086967],[-79.696107,44.08695],[-79.696075,44.086953],[-79.696046,44.086996],[-79.696024,44.086997],[-79.696037,44.087033],[-79.696081,44.087036]]]}},{"type":"Feature","properties":{"k":"bunker"},"geometry":{"type":"Polygon","coordinates":[[[-79.695993,44.086972],[-79.696027,44.086963],[-79.696056,44.086945],[-79.696078,44.086914],[-79.696059,44.08688],[-79.696041,44.08687],[-79.696024,44.086871],[-79.695992,44.086889],[-79.695963,44.086937],[-79.695993,44.086972]]]}},{"type":"Feature","properties":{"k":"bunker"},"geometry":{"type":"Polygon","coordinates":[[[-79.696168,44.086934],[-79.696209,44.086917],[-79.696223,44.086889],[-79.69619,44.08688],[-79.696201,44.086852],[-79.696196,44.086842],[-79.696159,44.086835],[-79.696126,44.086842],[-79.696112,44.086875],[-79.696112,44.086909],[-79.696134,44.086932],[-79.696168,44.086934]]]}},{"type":"Feature","properties":{"k":"bunker"},"geometry":{"type":"Polygon","coordinates":[[[-79.695129,44.087358],[-79.695191,44.08736],[-79.695212,44.087355],[-79.695229,44.08734],[-79.695226,44.087327],[-79.695139,44.087314],[-79.695097,44.087297],[-79.695075,44.087301],[-79.69506,44.087311],[-79.695066,44.087336],[-79.695093,44.087356],[-79.695108,44.087361],[-79.695129,44.087358]]]}},{"type":"Feature","properties":{"k":"bunker"},"geometry":{"type":"Polygon","coordinates":[[[-79.697109,44.086107],[-79.697201,44.086073],[-79.697202,44.086036],[-79.697187,44.086023],[-79.697155,44.08603],[-79.697131,44.08605],[-79.697035,44.086076],[-79.697035,44.0861],[-79.697066,44.086117],[-79.697095,44.086121],[-79.697109,44.086107]]]}},{"type":"Feature","properties":{"k":"green"},"geometry":{"type":"Polygon","coordinates":[[[-79.69815,44.085753],[-79.698128,44.085753],[-79.6981,44.08574],[-79.698075,44.085684],[-79.698087,44.08565],[-79.698141,44.085608],[-79.698196,44.085582],[-79.698336,44.085549],[-79.698405,44.085552],[-79.698467,44.085575],[-79.698487,44.085614],[-79.69847,44.085639],[-79.698363,44.08568],[-79.698296,44.085686],[-79.698247,44.085707],[-79.698192,44.085746],[-79.69815,44.085753]]]}},{"type":"Feature","properties":{"k":"bunker"},"geometry":{"type":"Polygon","coordinates":[[[-79.698279,44.085828],[-79.698308,44.085813],[-79.698354,44.085758],[-79.698359,44.085749],[-79.698345,44.08572],[-79.698308,44.085718],[-79.69825,44.08574],[-79.698206,44.085777],[-79.698201,44.085788],[-79.698214,44.085821],[-79.698244,44.08583],[-79.698279,44.085828]]]}},{"type":"Feature","properties":{"k":"bunker"},"geometry":{"type":"Polygon","coordinates":[[[-79.698402,44.085826],[-79.698442,44.085831],[-79.698464,44.085823],[-79.698477,44.085827],[-79.698534,44.085806],[-79.698534,44.085785],[-79.698521,44.085777],[-79.698486,44.085773],[-79.69849,44.085756],[-79.698531,44.085723],[-79.698504,44.085709],[-79.698506,44.0857],[-79.698482,44.085679],[-79.698463,44.085676],[-79.698399,44.085712],[-79.698398,44.08574],[-79.698406,44.085746],[-79.698384,44.085769],[-79.698369,44.085807],[-79.698402,44.085826]]]}},{"type":"Feature","properties":{"k":"fairway"},"geometry":{"type":"Polygon","coordinates":[[[-79.698123,44.085674],[-79.698065,44.085661],[-79.698042,44.085665],[-79.697986,44.085708],[-79.697965,44.085737],[-79.697922,44.085841],[-79.697874,44.085892],[-79.697795,44.085951],[-79.697752,44.086028],[-79.697708,44.086149],[-79.697665,44.086206],[-79.697603,44.086264],[-79.697349,44.086416],[-79.697326,44.086437],[-79.697298,44.086545],[-79.697262,44.086616],[-79.697313,44.0868],[-79.697309,44.086893],[-79.697255,44.087001],[-79.69721,44.087181],[-79.697143,44.087289],[-79.697114,44.087392],[-79.697051,44.087439],[-79.696969,44.087477],[-79.696846,44.087512],[-79.69677,44.087543],[-79.696736,44.087575],[-79.696711,44.08762],[-79.696707,44.087664],[-79.696732,44.087722],[-79.696846,44.087779],[-79.6969,44.087781],[-79.696973,44.087753],[-79.69711,44.087648],[-79.697426,44.08754],[-79.697482,44.087511],[-79.697541,44.087439],[-79.697582,44.087333],[-79.697581,44.087263],[-79.697563,44.087229],[-79.697567,44.08718],[-79.697632,44.087076],[-79.697649,44.086906],[-79.697671,44.086832],[-79.697707,44.086784],[-79.697826,44.086696],[-79.697891,44.086613],[-79.697924,44.086549],[-79.697953,44.086412],[-79.698001,44.086263],[-79.698059,44.086181],[-79.698165,44.086082],[-79.6982,44.086012],[-79.698203,44.085916],[-79.698171,44.085795],[-79.698184,44.085741],[-79.698123,44.085674]]]}},{"type":"Feature","properties":{"k":"bunker"},"geometry":{"type":"Polygon","coordinates":[[[-79.697666,44.087241],[-79.6977,44.087231],[-79.697698,44.087221],[-79.697721,44.087203],[-79.697721,44.087175],[-79.69776,44.08715],[-79.69776,44.087136],[-79.697797,44.087086],[-79.697777,44.087054],[-79.697759,44.087049],[-79.697719,44.087054],[-79.697609,44.087182],[-79.69762,44.087221],[-79.697666,44.087241]]]}},{"type":"Feature","properties":{"k":"bunker"},"geometry":{"type":"Polygon","coordinates":[[[-79.697074,44.087214],[-79.697121,44.087216],[-79.697153,44.087198],[-79.697157,44.08718],[-79.697134,44.087164],[-79.697162,44.087161],[-79.697177,44.087144],[-79.697177,44.087112],[-79.697162,44.087098],[-79.697126,44.087092],[-79.697117,44.087102],[-79.697092,44.087156],[-79.697062,44.087181],[-79.697061,44.087196],[-79.697074,44.087214]]]}},{"type":"Feature","properties":{"k":"bunker"},"geometry":{"type":"Polygon","coordinates":[[[-79.697087,44.087039],[-79.697117,44.087041],[-79.697163,44.087022],[-79.697171,44.086989],[-79.697214,44.086957],[-79.697202,44.086927],[-79.697247,44.086906],[-79.697228,44.086868],[-79.697177,44.086866],[-79.69714,44.086893],[-79.697083,44.08697],[-79.697068,44.087003],[-79.697073,44.087029],[-79.697087,44.087039]]]}},{"type":"Feature","properties":{"k":"bunker"},"geometry":{"type":"Polygon","coordinates":[[[-79.697171,44.086797],[-79.697183,44.086799],[-79.697223,44.086786],[-79.697236,44.086759],[-79.697226,44.086726],[-79.697204,44.086715],[-79.697155,44.086712],[-79.697142,44.086738],[-79.697121,44.086743],[-79.697171,44.086797]]]}},{"type":"Feature","properties":{"k":"fairway"},"geometry":{"type":"Polygon","coordinates":[[[-79.698749,44.08696],[-79.698742,44.086903],[-79.698746,44.08683],[-79.698779,44.086755],[-79.698843,44.086711],[-79.698945,44.086676],[-79.699036,44.086673],[-79.699153,44.086686],[-79.699274,44.086738],[-79.69933,44.086781],[-79.699355,44.086828],[-79.699359,44.086865],[-79.699346,44.086898],[-79.699296,44.087004],[-79.699249,44.08707],[-79.699233,44.08717],[-79.699188,44.087253],[-79.6991,44.087341],[-79.698989,44.087425],[-79.698773,44.087529],[-79.698704,44.087581],[-79.698663,44.087632],[-79.698644,44.08769],[-79.698637,44.087776],[-79.698651,44.087865],[-79.698643,44.087886],[-79.698431,44.088093],[-79.698352,44.088213],[-79.698272,44.088277],[-79.698179,44.088326],[-79.698151,44.088394],[-79.698129,44.088401],[-79.698049,44.088392],[-79.698027,44.088386],[-79.698004,44.088309],[-79.697967,44.088253],[-79.697962,44.088187],[-79.697969,44.088143],[-79.697983,44.088107],[-79.698077,44.087977],[-79.698099,44.087706],[-79.698138,44.087622],[-79.69816,44.087545],[-79.698217,44.087445],[-79.698312,44.087345],[-79.698334,44.087334],[-79.698378,44.087333],[-79.69843,44.087352],[-79.698472,44.087355],[-79.69857,44.087297],[-79.698616,44.087194],[-79.698752,44.087001],[-79.698756,44.086982],[-79.698874,44.08703],[-79.698868,44.087054],[-79.69888,44.087075],[-79.698932,44.087106],[-79.698954,44.087103],[-79.698999,44.087077],[-79.699042,44.087034],[-79.699064,44.086998],[-79.699062,44.086954],[-79.699047,44.086933],[-79.699035,44.086921],[-79.698986,44.086912],[-79.698956,44.086915],[-79.698904,44.086955],[-79.698876,44.086994],[-79.698874,44.087029],[-79.698756,44.08698],[-79.698749,44.08696]]]}},{"type":"Feature","properties":{"k":"bunker"},"geometry":{"type":"Polygon","coordinates":[[[-79.698948,44.087083],[-79.698977,44.087078],[-79.698986,44.087058],[-79.699001,44.087053],[-79.699013,44.087018],[-79.699043,44.08699],[-79.699036,44.08697],[-79.699002,44.086945],[-79.698976,44.086944],[-79.698959,44.086951],[-79.698925,44.086984],[-79.698909,44.087041],[-79.698912,44.087063],[-79.698927,44.087079],[-79.698948,44.087083]]]}},{"type":"Feature","properties":{"k":"bunker"},"geometry":{"type":"Polygon","coordinates":[[[-79.698452,44.087301],[-79.698483,44.087306],[-79.698503,44.087295],[-79.698532,44.087291],[-79.698544,44.08728],[-79.698539,44.087269],[-79.698552,44.087251],[-79.69855,44.087239],[-79.698565,44.087231],[-79.698542,44.087201],[-79.698549,44.087184],[-79.698603,44.087156],[-79.698617,44.087139],[-79.698619,44.087095],[-79.698656,44.087068],[-79.69866,44.08704],[-79.698672,44.087028],[-79.698701,44.087016],[-79.698717,44.086996],[-79.698717,44.086979],[-79.698697,44.086963],[-79.698584,44.086982],[-79.698561,44.087028],[-79.698519,44.087044],[-79.698519,44.087071],[-79.698481,44.087082],[-79.69847,44.087097],[-79.698472,44.087115],[-79.698515,44.087155],[-79.698512,44.087163],[-79.698476,44.087176],[-79.698475,44.08723],[-79.698439,44.087252],[-79.698431,44.087282],[-79.698452,44.087301]]]}},{"type":"Feature","properties":{"k":"green"},"geometry":{"type":"Polygon","coordinates":[[[-79.698074,44.088672],[-79.698109,44.088653],[-79.698136,44.088617],[-79.69812,44.088519],[-79.69812,44.088392],[-79.69807,44.088383],[-79.698045,44.088387],[-79.698033,44.088399],[-79.697991,44.088477],[-79.69797,44.088532],[-79.697964,44.088584],[-79.697979,44.088638],[-79.697999,44.088658],[-79.698038,44.088674],[-79.698074,44.088672]]]}},{"type":"Feature","properties":{"k":"bunker"},"geometry":{"type":"Polygon","coordinates":[[[-79.698191,44.088496],[-79.698216,44.088482],[-79.698214,44.088456],[-79.698234,44.088425],[-79.698236,44.088372],[-79.698222,44.088358],[-79.698191,44.088361],[-79.698181,44.088386],[-79.698188,44.088408],[-79.698165,44.088476],[-79.698172,44.088491],[-79.698191,44.088496]]]}},{"type":"Feature","properties":{"k":"green"},"geometry":{"type":"Polygon","coordinates":[[[-79.697193,44.088556],[-79.697228,44.088539],[-79.697283,44.088484],[-79.697307,44.088448],[-79.69731,44.088406],[-79.697281,44.088369],[-79.69724,44.08835],[-79.697176,44.088341],[-79.697118,44.088344],[-79.697078,44.088362],[-79.697046,44.088406],[-79.697039,44.08847],[-79.697058,44.088544],[-79.697109,44.08856],[-79.697193,44.088556]]]}},{"type":"Feature","properties":{"k":"bunker"},"geometry":{"type":"Polygon","coordinates":[[[-79.696969,44.088585],[-79.697013,44.088575],[-79.69702,44.088546],[-79.696986,44.088535],[-79.69699,44.088512],[-79.697007,44.088502],[-79.69697,44.088478],[-79.696985,44.088454],[-79.69698,44.088432],[-79.696967,44.088428],[-79.696943,44.088436],[-79.696936,44.088453],[-79.696893,44.08848],[-79.69689,44.088502],[-79.696893,44.088518],[-79.696926,44.088555],[-79.696969,44.088585]]]}},{"type":"Feature","properties":{"k":"fairway"},"geometry":{"type":"Polygon","coordinates":[[[-79.697084,44.088536],[-79.697049,44.088553],[-79.697044,44.088579],[-79.697015,44.088603],[-79.696922,44.088618],[-79.696866,44.088637],[-79.696805,44.088675],[-79.696759,44.088718],[-79.696747,44.088767],[-79.696622,44.088873],[-79.696518,44.08898],[-79.696469,44.089072],[-79.696481,44.089132],[-79.696449,44.089195],[-79.696266,44.089329],[-79.696195,44.089398],[-79.696142,44.089515],[-79.696132,44.089601],[-79.69614,44.089726],[-79.696102,44.089887],[-79.696091,44.090039],[-79.696113,44.090129],[-79.696187,44.090255],[-79.696199,44.090403],[-79.69619,44.09044],[-79.696134,44.090524],[-79.696102,44.09065],[-79.696165,44.090714],[-79.696286,44.090781],[-79.696467,44.090822],[-79.696537,44.090814],[-79.696622,44.090782],[-79.69664,44.090768],[-79.696646,44.09073],[-79.696617,44.090682],[-79.696505,44.090574],[-79.696511,44.09054],[-79.696593,44.090474],[-79.696622,44.090437],[-79.696609,44.09038],[-79.696565,44.09033],[-79.696514,44.090299],[-79.696499,44.090273],[-79.696509,44.09024],[-79.696601,44.090154],[-79.696633,44.090004],[-79.696609,44.089923],[-79.696474,44.089738],[-79.696463,44.089695],[-79.696469,44.089661],[-79.696501,44.089606],[-79.696687,44.089448],[-79.696723,44.089373],[-79.696737,44.089306],[-79.696732,44.089241],[-79.696752,44.089203],[-79.696994,44.088988],[-79.697038,44.088929],[-79.697072,44.088773],[-79.697146,44.088662],[-79.697227,44.088562],[-79.697216,44.088537],[-79.697192,44.088528],[-79.697084,44.088536]]]}},{"type":"Feature","properties":{"k":"bunker"},"geometry":{"type":"Polygon","coordinates":[[[-79.696858,44.089309],[-79.696893,44.089298],[-79.69689,44.08928],[-79.696863,44.089262],[-79.696858,44.089239],[-79.696823,44.089241],[-79.696798,44.089233],[-79.696782,44.089239],[-79.696768,44.089255],[-79.696773,44.089275],[-79.696858,44.089309]]]}},{"type":"Feature","properties":{"k":"bunker"},"geometry":{"type":"Polygon","coordinates":[[[-79.696367,44.089159],[-79.696396,44.089164],[-79.696417,44.089151],[-79.696406,44.089124],[-79.69638,44.089109],[-79.696405,44.089085],[-79.696395,44.089078],[-79.696396,44.089065],[-79.696367,44.089044],[-79.696331,44.089045],[-79.696318,44.089057],[-79.696285,44.089039],[-79.696248,44.089046],[-79.696234,44.089073],[-79.696241,44.089094],[-79.696336,44.089149],[-79.696367,44.089159]]]}},{"type":"Feature","properties":{"k":"bunker"},"geometry":{"type":"Polygon","coordinates":[[[-79.696156,44.089137],[-79.696206,44.089129],[-79.696205,44.089114],[-79.696183,44.089105],[-79.696174,44.089073],[-79.696136,44.089071],[-79.69613,44.089088],[-79.696114,44.089097],[-79.696081,44.089079],[-79.696047,44.089088],[-79.696043,44.08912],[-79.696061,44.089134],[-79.696156,44.089137]]]}},{"type":"Feature","properties":{"k":"bunker"},"geometry":{"type":"Polygon","coordinates":[[[-79.696745,44.090677],[-79.696762,44.090676],[-79.696776,44.09066],[-79.696779,44.090629],[-79.69677,44.090624],[-79.696742,44.090634],[-79.696727,44.090632],[-79.69672,44.090618],[-79.69673,44.090595],[-79.696713,44.090575],[-79.696644,44.090579],[-79.696631,44.090574],[-79.696619,44.09055],[-79.696596,44.090532],[-79.696587,44.090527],[-79.696564,44.090532],[-79.696545,44.090562],[-79.696564,44.090598],[-79.696588,44.090603],[-79.696598,44.090618],[-79.696649,44.090611],[-79.696658,44.09062],[-79.696627,44.090632],[-79.696626,44.090654],[-79.696637,44.090667],[-79.696688,44.090686],[-79.696724,44.090685],[-79.696745,44.090677]]]}},{"type":"Feature","properties":{"k":"bunker"},"geometry":{"type":"Polygon","coordinates":[[[-79.696055,44.090497],[-79.696073,44.090497],[-79.696115,44.090476],[-79.696146,44.090427],[-79.696175,44.0904],[-79.696174,44.090377],[-79.696142,44.090337],[-79.696129,44.090334],[-79.696096,44.090347],[-79.696074,44.090376],[-79.696094,44.090398],[-79.696088,44.090417],[-79.696043,44.090409],[-79.695999,44.090447],[-79.696003,44.090481],[-79.69604,44.090487],[-79.696055,44.090497]]]}},{"type":"Feature","properties":{"k":"rough"},"geometry":{"type":"Polygon","coordinates":[[[-79.697018,44.090568],[-79.697042,44.090529],[-79.697143,44.090538],[-79.69721,44.090526],[-79.697251,44.090538],[-79.697515,44.090524],[-79.697564,44.09053],[-79.6976,44.090581],[-79.697589,44.090624],[-79.697607,44.090662],[-79.697641,44.090692],[-79.697651,44.090733],[-79.697623,44.090799],[-79.697625,44.090828],[-79.697583,44.090855],[-79.697564,44.090914],[-79.697517,44.090981],[-79.697523,44.091059],[-79.697498,44.091127],[-79.697456,44.091205],[-79.697387,44.091247],[-79.697315,44.091444],[-79.697277,44.091508],[-79.697197,44.091576],[-79.697143,44.091566],[-79.697119,44.091546],[-79.697121,44.091483],[-79.69717,44.091435],[-79.697164,44.091406],[-79.697128,44.09134],[-79.69714,44.091311],[-79.697158,44.091299],[-79.697136,44.091296],[-79.697113,44.091254],[-79.697179,44.091209],[-79.697175,44.091144],[-79.697197,44.091109],[-79.69714,44.091058],[-79.697171,44.09103],[-79.69713,44.090919],[-79.697071,44.090891],[-79.697042,44.090812],[-79.697002,44.090799],[-79.696989,44.090779],[-79.696997,44.09069],[-79.696985,44.090652],[-79.696965,44.090625],[-79.697018,44.090568]]]}},{"type":"Feature","properties":{"k":"rough"},"geometry":{"type":"Polygon","coordinates":[[[-79.69595,44.090953],[-79.695762,44.090516],[-79.695764,44.090474],[-79.69572,44.090389],[-79.69565,44.090141],[-79.695637,44.089967],[-79.695576,44.089879],[-79.695531,44.089844],[-79.695531,44.089688],[-79.695385,44.08915],[-79.695311,44.089076],[-79.695213,44.089041],[-79.695136,44.08898],[-79.695079,44.088921],[-79.695055,44.088842],[-79.695104,44.088685],[-79.695197,44.088547],[-79.69538,44.088416],[-79.695461,44.088168],[-79.695543,44.088112],[-79.695819,44.088004],[-79.695994,44.087864],[-79.696027,44.087794],[-79.696006,44.087712],[-79.695933,44.08766],[-79.695844,44.08768],[-79.695364,44.087864],[-79.695352,44.08792],[-79.695372,44.088013],[-79.695283,44.088086],[-79.695242,44.088168],[-79.695144,44.088241],[-79.695026,44.088384],[-79.694888,44.088469],[-79.694567,44.088629],[-79.694494,44.088673],[-79.694287,44.088685],[-79.69423,44.088585],[-79.694221,44.088498],[-79.69425,44.088419],[-79.694193,44.088378],[-79.694059,44.088404],[-79.693953,44.088457],[-79.693945,44.088553],[-79.694209,44.088883],[-79.694315,44.088927],[-79.694372,44.089009],[-79.694555,44.089225],[-79.694632,44.089245],[-79.694713,44.089315],[-79.694766,44.0894],[-79.694762,44.089467],[-79.694819,44.089561],[-79.694888,44.089596],[-79.694913,44.089704],[-79.695047,44.089888],[-79.695063,44.08994],[-79.695128,44.089993],[-79.695205,44.090016],[-79.695238,44.090063],[-79.69525,44.090145],[-79.695404,44.090294],[-79.695539,44.09032],[-79.695596,44.090381],[-79.69562,44.09046],[-79.695624,44.09053],[-79.69578,44.091013],[-79.695834,44.091137],[-79.695946,44.091245],[-79.695993,44.091164],[-79.69595,44.090953]]]}},{"type":"Feature","properties":{"k":"bunker"},"geometry":{"type":"Polygon","coordinates":[[[-79.696628,44.090308],[-79.696658,44.090311],[-79.696681,44.0903],[-79.696699,44.090273],[-79.696692,44.090255],[-79.696653,44.09024],[-79.696618,44.090258],[-79.6966,44.090232],[-79.696568,44.090231],[-79.696539,44.090251],[-79.696546,44.090277],[-79.696568,44.090296],[-79.696609,44.090296],[-79.696628,44.090308]]]}},{"type":"Feature","properties":{"k":"rough"},"geometry":{"type":"Polygon","coordinates":[[[-79.694421,44.087919],[-79.694547,44.087821],[-79.694618,44.087741],[-79.694692,44.087694],[-79.694846,44.087563],[-79.694898,44.087509],[-79.694884,44.087439],[-79.69479,44.087405],[-79.694678,44.087419],[-79.694585,44.087476],[-79.694426,44.087556],[-79.694365,44.087613],[-79.694164,44.08763],[-79.694085,44.087643],[-79.694062,44.087583],[-79.69401,44.087539],[-79.693978,44.087489],[-79.693973,44.087415],[-79.694006,44.087375],[-79.694005,44.087332],[-79.693744,44.087378],[-79.693543,44.087446],[-79.693506,44.087496],[-79.693492,44.087583],[-79.693557,44.087885],[-79.693679,44.088096],[-79.693772,44.088143],[-79.694052,44.088083],[-79.694267,44.088019],[-79.694421,44.087919]]]}},{"type":"Feature","properties":{"k":"green"},"geometry":{"type":"Polygon","coordinates":[[[-79.697393,44.090075],[-79.697431,44.090049],[-79.697442,44.089987],[-79.697487,44.0899],[-79.697608,44.089789],[-79.697606,44.089747],[-79.69757,44.089727],[-79.69753,44.089723],[-79.6975,44.089732],[-79.6974,44.089805],[-79.697363,44.08985],[-79.697357,44.089957],[-79.697338,44.090049],[-79.697366,44.090075],[-79.697393,44.090075]]]}},{"type":"Feature","properties":{"k":"fairway"},"geometry":{"type":"Polygon","coordinates":[[[-79.697643,44.089734],[-79.697663,44.08972],[-79.697722,44.089717],[-79.697799,44.089743],[-79.697877,44.089741],[-79.697914,44.089717],[-79.69794,44.089679],[-79.697971,44.089607],[-79.698008,44.089556],[-79.698005,44.089516],[-79.697926,44.089416],[-79.697866,44.089377],[-79.697825,44.08937],[-79.697759,44.089378],[-79.697729,44.089386],[-79.697676,44.089438],[-79.697652,44.089447],[-79.697563,44.089453],[-79.697442,44.089488],[-79.697372,44.089548],[-79.697266,44.089672],[-79.697264,44.089712],[-79.697294,44.089844],[-79.697351,44.089882],[-79.697388,44.089882],[-79.697435,44.089866],[-79.697559,44.089801],[-79.697614,44.08979],[-79.697635,44.089775],[-79.697643,44.089734]]]}},{"type":"Feature","properties":{"k":"bunker"},"geometry":{"type":"Polygon","coordinates":[[[-79.697694,44.089868],[-79.697738,44.089842],[-79.697743,44.089826],[-79.697725,44.08981],[-79.697754,44.089778],[-79.697745,44.08976],[-79.697695,44.089747],[-79.697653,44.089763],[-79.697658,44.089792],[-79.697682,44.089794],[-79.697669,44.089805],[-79.697645,44.089808],[-79.697635,44.089829],[-79.697639,44.089845],[-79.697686,44.089858],[-79.697694,44.089868]]]}},{"type":"Feature","properties":{"k":"bunker"},"geometry":{"type":"Polygon","coordinates":[[[-79.697536,44.09004],[-79.697558,44.090047],[-79.697579,44.090034],[-79.697618,44.090036],[-79.697632,44.089994],[-79.697591,44.089977],[-79.697516,44.089978],[-79.69749,44.090018],[-79.69751,44.090028],[-79.697513,44.090041],[-79.697536,44.09004]]]}},{"type":"Feature","properties":{"k":"bunker"},"geometry":{"type":"Polygon","coordinates":[[[-79.697638,44.089958],[-79.697668,44.089953],[-79.697677,44.089911],[-79.697643,44.089907],[-79.697595,44.089889],[-79.697571,44.08989],[-79.697543,44.08992],[-79.697558,44.089944],[-79.697594,44.08994],[-79.697602,44.08995],[-79.697638,44.089958]]]}},{"type":"Feature","properties":{"k":"rough"},"geometry":{"type":"Polygon","coordinates":[[[-79.698748,44.091896],[-79.698708,44.091669],[-79.698661,44.091586],[-79.698574,44.091524],[-79.698498,44.091503],[-79.698393,44.091459],[-79.698285,44.091476],[-79.698205,44.091499],[-79.697974,44.091636],[-79.6979,44.091659],[-79.697759,44.091736],[-79.697669,44.091731],[-79.697626,44.091691],[-79.697616,44.091617],[-79.697624,44.091559],[-79.697661,44.091533],[-79.697725,44.091523],[-79.697922,44.091521],[-79.69802,44.091492],[-79.698113,44.091443],[-79.698167,44.09139],[-79.698267,44.091255],[-79.698369,44.091191],[-79.698436,44.091189],[-79.698563,44.091067],[-79.698749,44.091032],[-79.698902,44.091036],[-79.698938,44.0911],[-79.699031,44.091104],[-79.699089,44.091142],[-79.699108,44.0912],[-79.699102,44.091262],[-79.700296,44.095357],[-79.699764,44.095362],[-79.698748,44.091896]]]}},{"type":"Feature","properties":{"k":"rough"},"geometry":{"type":"Polygon","coordinates":[[[-79.697222,44.09247],[-79.697318,44.092492],[-79.697404,44.092479],[-79.697447,44.092448],[-79.697484,44.092452],[-79.697543,44.09243],[-79.697561,44.092381],[-79.697574,44.092257],[-79.697549,44.092235],[-79.697561,44.092191],[-79.697558,44.09216],[-79.697589,44.092133],[-79.697556,44.092074],[-79.697564,44.092025],[-79.697529,44.091898],[-79.69754,44.091852],[-79.697533,44.091783],[-79.697522,44.091763],[-79.697536,44.091705],[-79.697527,44.091691],[-79.697518,44.091599],[-79.697476,44.091568],[-79.697409,44.091615],[-79.697361,44.091673],[-79.697333,44.091751],[-79.697272,44.091806],[-79.697158,44.091945],[-79.697139,44.092029],[-79.697016,44.092047],[-79.696806,44.092028],[-79.696759,44.092073],[-79.69681,44.092135],[-79.696841,44.092206],[-79.696822,44.092244],[-79.696679,44.092354],[-79.696592,44.092503],[-79.696635,44.092548],[-79.696693,44.092531],[-79.696723,44.092505],[-79.69688,44.092456],[-79.697079,44.092415],[-79.697171,44.092424],[-79.697222,44.09247]]]}},{"type":"Feature","properties":{"k":"fairway"},"geometry":{"type":"Polygon","coordinates":[[[-79.698318,44.09175],[-79.698303,44.091718],[-79.698265,44.091699],[-79.698241,44.0917],[-79.698162,44.091729],[-79.698139,44.091788],[-79.698119,44.091915],[-79.698084,44.09196],[-79.698056,44.092054],[-79.697997,44.09212],[-79.697873,44.092216],[-79.69783,44.092286],[-79.69783,44.092342],[-79.697849,44.092375],[-79.697851,44.092411],[-79.697849,44.092452],[-79.697828,44.092526],[-79.697838,44.092545],[-79.697876,44.092571],[-79.697976,44.092613],[-79.697997,44.092648],[-79.697994,44.092701],[-79.69798,44.092733],[-79.697936,44.092795],[-79.697881,44.092904],[-79.697858,44.093146],[-79.697866,44.093196],[-79.697901,44.093278],[-79.6979,44.093376],[-79.697815,44.093588],[-79.697802,44.093628],[-79.697801,44.093683],[-79.697812,44.09371],[-79.697874,44.093762],[-79.69793,44.093882],[-79.69793,44.093938],[-79.697886,44.094095],[-79.697885,44.094141],[-79.697899,44.09419],[-79.698022,44.094289],[-79.69805,44.094305],[-79.698108,44.094322],[-79.698141,44.094323],[-79.698205,44.094304],[-79.698248,44.09428],[-79.698338,44.094207],[-79.698399,44.094184],[-79.698463,44.094172],[-79.698512,44.094174],[-79.698542,44.094188],[-79.698562,44.094205],[-79.698574,44.094244],[-79.698593,44.094257],[-79.698746,44.094274],[-79.698746,44.094241],[-79.698721,44.0942],[-79.698696,44.094118],[-79.698685,44.094038],[-79.698691,44.093857],[-79.698651,44.093744],[-79.698633,44.093731],[-79.6986,44.093724],[-79.698415,44.093714],[-79.698362,44.093694],[-79.698333,44.093657],[-79.698335,44.093607],[-79.698359,44.093564],[-79.698403,44.093515],[-79.698414,44.093471],[-79.698382,44.093348],[-79.698378,44.093284],[-79.698389,44.093246],[-79.698416,44.093204],[-79.69843,44.093138],[-79.698389,44.093021],[-79.698391,44.092981],[-79.698439,44.092832],[-79.698466,44.092649],[-79.698452,44.092583],[-79.698431,44.092548],[-79.698284,44.092449],[-79.698262,44.092429],[-79.698242,44.092383],[-79.698235,44.092299],[-79.698252,44.092214],[-79.698326,44.092094],[-79.698344,44.092026],[-79.698318,44.09175]]]}},{"type":"Feature","properties":{"k":"green"},"geometry":{"type":"Polygon","coordinates":[[[-79.698441,44.094454],[-79.698515,44.094445],[-79.698621,44.094413],[-79.698752,44.09436],[-79.698777,44.094315],[-79.698777,44.094297],[-79.698754,44.09426],[-79.698714,44.094241],[-79.69864,44.094242],[-79.69862,44.094249],[-79.698574,44.0943],[-79.698552,44.094312],[-79.698443,44.09433],[-79.698394,44.094398],[-79.698402,44.094438],[-79.698441,44.094454]]]}},{"type":"Feature","properties":{"k":"bunker"},"geometry":{"type":"Polygon","coordinates":[[[-79.698295,44.094427],[-79.69832,44.094432],[-79.698337,44.094425],[-79.698344,44.094403],[-79.698327,44.094378],[-79.698336,44.094345],[-79.698375,44.094336],[-79.698398,44.094311],[-79.698387,44.094301],[-79.698401,44.094287],[-79.698393,44.094273],[-79.698403,44.094261],[-79.698402,44.09424],[-79.69839,44.094235],[-79.698363,44.094231],[-79.698339,44.094239],[-79.69833,44.09427],[-79.698302,44.094275],[-79.698292,44.094315],[-79.698272,44.094327],[-79.698275,44.094351],[-79.698259,44.094368],[-79.69826,44.094386],[-79.698272,44.094397],[-79.698263,44.094402],[-79.698281,44.094414],[-79.698284,44.094426],[-79.698295,44.094427]]]}},{"type":"Feature","properties":{"k":"bunker"},"geometry":{"type":"Polygon","coordinates":[[[-79.698516,44.094278],[-79.698498,44.094275],[-79.69848,44.094282],[-79.698465,44.094261],[-79.698479,44.094242],[-79.69845,44.094229],[-79.698448,44.09422],[-79.698477,44.094194],[-79.698514,44.094201],[-79.698547,44.094233],[-79.698516,44.094278]]]}},{"type":"Feature","properties":{"k":"bunker"},"geometry":{"type":"Polygon","coordinates":[[[-79.698442,44.093671],[-79.698462,44.093663],[-79.698451,44.09363],[-79.698474,44.093621],[-79.698488,44.093631],[-79.698509,44.09363],[-79.698539,44.093648],[-79.698542,44.093662],[-79.698563,44.093658],[-79.698574,44.093623],[-79.698592,44.093615],[-79.698593,44.093606],[-79.698547,44.093568],[-79.698529,44.093565],[-79.698471,44.093589],[-79.698423,44.093582],[-79.698404,44.093595],[-79.698408,44.093607],[-79.698388,44.093608],[-79.698383,44.093633],[-79.698407,44.093647],[-79.698399,44.09366],[-79.698442,44.093671]]]}},{"type":"Feature","properties":{"k":"bunker"},"geometry":{"type":"Polygon","coordinates":[[[-79.698358,44.09245],[-79.698371,44.092465],[-79.698382,44.092463],[-79.698385,44.092458],[-79.698415,44.092455],[-79.698423,44.092439],[-79.698363,44.092396],[-79.69835,44.092391],[-79.698324,44.092394],[-79.698316,44.092401],[-79.698322,44.09243],[-79.698358,44.09245]]]}},{"type":"Feature","properties":{"k":"bunker"},"geometry":{"type":"Polygon","coordinates":[[[-79.697696,44.092259],[-79.697704,44.092263],[-79.697701,44.092278],[-79.697718,44.092281],[-79.697764,44.092239],[-79.697761,44.092213],[-79.69782,44.092194],[-79.697827,44.092174],[-79.697809,44.092155],[-79.697736,44.092156],[-79.697704,44.092166],[-79.697706,44.092181],[-79.697686,44.092187],[-79.697687,44.092206],[-79.697668,44.092223],[-79.697684,44.092241],[-79.697684,44.092255],[-79.697696,44.092259]]]}},{"type":"Feature","properties":{"k":"bunker"},"geometry":{"type":"Polygon","coordinates":[[[-79.697867,44.092121],[-79.697888,44.092139],[-79.697914,44.09213],[-79.697923,44.092104],[-79.697956,44.092076],[-79.697938,44.092048],[-79.697899,44.092045],[-79.697863,44.092078],[-79.697834,44.092091],[-79.697844,44.092115],[-79.697867,44.092121]]]}},{"type":"Feature","properties":{"k":"bunker"},"geometry":{"type":"Polygon","coordinates":[[[-79.697958,44.09201],[-79.697973,44.092018],[-79.697996,44.092015],[-79.698016,44.091981],[-79.698007,44.091965],[-79.697971,44.091955],[-79.697949,44.091968],[-79.697943,44.091994],[-79.697949,44.092009],[-79.697958,44.09201]]]}},{"type":"Feature","properties":{"k":"bunker"},"geometry":{"type":"Polygon","coordinates":[[[-79.697688,44.092422],[-79.6977,44.092411],[-79.69768,44.092403],[-79.697707,44.092368],[-79.697731,44.092356],[-79.69775,44.09236],[-79.697762,44.092369],[-79.69776,44.092398],[-79.697788,44.092426],[-79.697787,44.092444],[-79.697773,44.092455],[-79.697748,44.092458],[-79.697742,44.092451],[-79.697754,44.09244],[-79.697741,44.092428],[-79.697724,44.092423],[-79.697694,44.092432],[-79.697688,44.092422]]]}},{"type":"Feature","properties":{"k":"green"},"geometry":{"type":"Polygon","coordinates":[[[-79.695206,44.096198],[-79.695122,44.09624],[-79.695067,44.096256],[-79.695006,44.096261],[-79.694921,44.096252],[-79.694868,44.096236],[-79.694811,44.096195],[-79.694778,44.096148],[-79.694778,44.096127],[-79.694784,44.09611],[-79.694817,44.096082],[-79.694847,44.096081],[-79.694931,44.096089],[-79.695013,44.096107],[-79.695153,44.096115],[-79.695206,44.096137],[-79.695236,44.096164],[-79.695236,44.096176],[-79.695206,44.096198]]]}},{"type":"Feature","properties":{"k":"fairway"},"geometry":{"type":"Polygon","coordinates":[[[-79.695177,44.096176],[-79.695223,44.096198],[-79.695251,44.096198],[-79.695291,44.096186],[-79.695379,44.096188],[-79.695516,44.096214],[-79.695616,44.096213],[-79.695694,44.096198],[-79.695743,44.096167],[-79.695799,44.096105],[-79.695979,44.096071],[-79.696034,44.096038],[-79.696046,44.096023],[-79.696059,44.095965],[-79.696015,44.095887],[-79.69601,44.095858],[-79.696017,44.095827],[-79.696045,44.0958],[-79.696122,44.095805],[-79.696158,44.095829],[-79.696244,44.095912],[-79.696306,44.095915],[-79.696354,44.095897],[-79.6964,44.095856],[-79.696437,44.095764],[-79.696463,44.095726],[-79.696564,44.095669],[-79.696732,44.095631],[-79.696781,44.095598],[-79.696771,44.095442],[-79.696822,44.095303],[-79.696809,44.095253],[-79.696749,44.095217],[-79.696669,44.095192],[-79.696571,44.09519],[-79.696477,44.095213],[-79.696454,44.095223],[-79.69638,44.095287],[-79.6963,44.095459],[-79.696242,44.095503],[-79.696175,44.09551],[-79.696077,44.095475],[-79.695973,44.095467],[-79.695905,44.095483],[-79.695828,44.095533],[-79.695759,44.095561],[-79.695689,44.095646],[-79.695654,44.095732],[-79.69559,44.095799],[-79.695521,44.09583],[-79.695502,44.095847],[-79.695366,44.095866],[-79.695306,44.095889],[-79.695284,44.095905],[-79.695247,44.095974],[-79.69523,44.096076],[-79.695213,44.096091],[-79.695168,44.096108],[-79.69515,44.096156],[-79.695177,44.096176]]]}},{"type":"Feature","properties":{"k":"bunker"},"geometry":{"type":"Polygon","coordinates":[[[-79.695096,44.096061],[-79.695104,44.096075],[-79.695134,44.096077],[-79.695142,44.096067],[-79.695166,44.096067],[-79.695183,44.096057],[-79.6952,44.096032],[-79.695183,44.095992],[-79.695153,44.095985],[-79.695117,44.095992],[-79.695088,44.096023],[-79.695086,44.096035],[-79.69507,44.096042],[-79.695079,44.096062],[-79.695096,44.096061]]]}},{"type":"Feature","properties":{"k":"bunker"},"geometry":{"type":"Polygon","coordinates":[[[-79.694935,44.096041],[-79.694949,44.096044],[-79.694952,44.096058],[-79.694964,44.096061],[-79.694977,44.096059],[-79.694988,44.096041],[-79.695017,44.096035],[-79.695015,44.096024],[-79.695046,44.09601],[-79.695033,44.095987],[-79.695056,44.095983],[-79.695064,44.095977],[-79.695059,44.095968],[-79.69502,44.095954],[-79.694975,44.095966],[-79.69497,44.095986],[-79.694955,44.095987],[-79.694927,44.096016],[-79.694925,44.096035],[-79.694935,44.096041]]]}},{"type":"Feature","properties":{"k":"bunker"},"geometry":{"type":"Polygon","coordinates":[[[-79.696112,44.09595],[-79.696141,44.095945],[-79.696159,44.095925],[-79.696171,44.095876],[-79.69612,44.095828],[-79.696083,44.095816],[-79.696053,44.095819],[-79.696044,44.095833],[-79.696049,44.095886],[-79.69607,44.095904],[-79.696077,44.095925],[-79.696105,44.095927],[-79.696093,44.095938],[-79.696102,44.09595],[-79.696112,44.09595]]]}},{"type":"Feature","properties":{"k":"bunker"},"geometry":{"type":"Polygon","coordinates":[[[-79.696178,44.095483],[-79.696193,44.095483],[-79.696226,44.095454],[-79.6963,44.095324],[-79.696371,44.095262],[-79.696371,44.095223],[-79.696351,44.095218],[-79.696302,44.095223],[-79.696283,44.095255],[-79.696233,44.095266],[-79.696216,44.095294],[-79.696179,44.095303],[-79.696159,44.095317],[-79.696162,44.095355],[-79.696122,44.095363],[-79.696102,44.095385],[-79.696104,44.09542],[-79.696127,44.095462],[-79.696146,44.095479],[-79.696178,44.095483]]]}},{"type":"Feature","properties":{"k":"bunker"},"geometry":{"type":"Polygon","coordinates":[[[-79.696827,44.095509],[-79.696853,44.095508],[-79.696883,44.095486],[-79.6969,44.095483],[-79.696895,44.095465],[-79.69694,44.095415],[-79.696927,44.095408],[-79.696941,44.095386],[-79.696922,44.095375],[-79.696887,44.095367],[-79.696848,44.09537],[-79.696826,44.095382],[-79.696821,44.095408],[-79.696854,44.095425],[-79.696854,44.095433],[-79.69682,44.095451],[-79.696803,44.095483],[-79.696814,44.095507],[-79.696827,44.095509]]]}},{"type":"Feature","properties":{"k":"bunker"},"geometry":{"type":"Polygon","coordinates":[[[-79.695888,44.095062],[-79.695901,44.095075],[-79.695943,44.095086],[-79.695992,44.095077],[-79.696009,44.095059],[-79.696063,44.095027],[-79.696083,44.095002],[-79.696078,44.094976],[-79.696027,44.094965],[-79.696013,44.09497],[-79.696006,44.094987],[-79.695932,44.095008],[-79.695922,44.095009],[-79.695903,44.09499],[-79.695902,44.094972],[-79.69588,44.094964],[-79.695856,44.09497],[-79.695852,44.094987],[-79.695835,44.094996],[-79.695797,44.094985],[-79.695781,44.094991],[-79.695775,44.095005],[-79.695796,44.095054],[-79.695821,44.095057],[-79.695868,44.095041],[-79.695884,44.09505],[-79.695888,44.095062]]]}},{"type":"Feature","properties":{"k":"bunker"},"geometry":{"type":"Polygon","coordinates":[[[-79.695623,44.095072],[-79.695681,44.095052],[-79.695682,44.095027],[-79.695664,44.095015],[-79.695633,44.09501],[-79.695612,44.095015],[-79.695597,44.095032],[-79.695573,44.095035],[-79.695538,44.095022],[-79.695497,44.095018],[-79.695462,44.095032],[-79.695456,44.095042],[-79.695477,44.095074],[-79.695517,44.095089],[-79.695567,44.095091],[-79.695604,44.09507],[-79.695623,44.095072]]]}},{"type":"Feature","properties":{"k":"green"},"geometry":{"type":"Polygon","coordinates":[[[-79.69313,44.097122],[-79.693151,44.097023],[-79.693157,44.096899],[-79.693169,44.09687],[-79.693197,44.096846],[-79.693244,44.096824],[-79.693305,44.096816],[-79.693331,44.096822],[-79.69341,44.096865],[-79.69342,44.096877],[-79.693415,44.096924],[-79.693329,44.096972],[-79.693302,44.097005],[-79.693297,44.097088],[-79.693272,44.097121],[-79.693238,44.097137],[-79.693204,44.097142],[-79.693146,44.097135],[-79.69313,44.097122]]]}},{"type":"Feature","properties":{"k":"fairway"},"geometry":{"type":"Polygon","coordinates":[[[-79.693485,44.096959],[-79.693408,44.096943],[-79.693342,44.096918],[-79.693314,44.09689],[-79.693292,44.096793],[-79.693395,44.096776],[-79.693536,44.096768],[-79.693678,44.096737],[-79.693785,44.096763],[-79.693854,44.09681],[-79.693859,44.096828],[-79.69384,44.096898],[-79.693809,44.096922],[-79.693618,44.096961],[-79.693579,44.096977],[-79.693526,44.096979],[-79.693503,44.096974],[-79.693485,44.096959]]]}},{"type":"Feature","properties":{"k":"bunker"},"geometry":{"type":"Polygon","coordinates":[[[-79.693332,44.097098],[-79.693325,44.097111],[-79.69334,44.097121],[-79.69339,44.097109],[-79.693385,44.097069],[-79.693454,44.096989],[-79.693407,44.096975],[-79.693347,44.097002],[-79.693348,44.097016],[-79.69333,44.097025],[-79.693332,44.097098]]]}},{"type":"Feature","properties":{"k":"bunker"},"geometry":{"type":"Polygon","coordinates":[[[-79.693023,44.097053],[-79.693045,44.097041],[-79.693054,44.097054],[-79.693067,44.097057],[-79.693085,44.097047],[-79.693103,44.097026],[-79.693104,44.096987],[-79.693077,44.09698],[-79.69305,44.096989],[-79.69302,44.096966],[-79.692992,44.096964],[-79.692983,44.096998],[-79.693008,44.097011],[-79.692979,44.097034],[-79.693023,44.097053]]]}},{"type":"Feature","properties":{"k":"green"},"geometry":{"type":"Polygon","coordinates":[[[-79.697377,44.094588],[-79.697346,44.094575],[-79.697325,44.094539],[-79.697319,44.094508],[-79.697332,44.094488],[-79.697368,44.094469],[-79.69739,44.09444],[-79.697399,44.094415],[-79.697399,44.094326],[-79.697429,44.094306],[-79.697481,44.0943],[-79.697527,44.094319],[-79.697603,44.094387],[-79.697625,44.094434],[-79.697617,44.094483],[-79.697574,44.094525],[-79.697515,44.094554],[-79.697451,44.094578],[-79.697377,44.094588]]]}},{"type":"Feature","properties":{"k":"fairway"},"geometry":{"type":"Polygon","coordinates":[[[-79.69739,44.094569],[-79.697396,44.094599],[-79.697271,44.094656],[-79.697209,44.094732],[-79.697165,44.094767],[-79.697131,44.09478],[-79.696928,44.09482],[-79.69684,44.094848],[-79.696703,44.094919],[-79.696641,44.094942],[-79.696572,44.094954],[-79.696467,44.094958],[-79.696366,44.094991],[-79.696306,44.094997],[-79.696174,44.094966],[-79.695949,44.09494],[-79.695837,44.094936],[-79.695634,44.094987],[-79.695473,44.094996],[-79.695432,44.095008],[-79.695399,44.09504],[-79.695358,44.095146],[-79.695337,44.095183],[-79.695301,44.095221],[-79.695246,44.095247],[-79.695137,44.095277],[-79.695059,44.095275],[-79.694964,44.095244],[-79.694905,44.095189],[-79.69489,44.095163],[-79.694877,44.095109],[-79.694891,44.095073],[-79.694992,44.095014],[-79.695093,44.094909],[-79.695152,44.094872],[-79.695327,44.094804],[-79.695465,44.094767],[-79.695548,44.094735],[-79.695598,44.094632],[-79.695637,44.094573],[-79.695731,44.094508],[-79.695801,44.094485],[-79.695876,44.094487],[-79.695899,44.094496],[-79.695945,44.094526],[-79.69605,44.094557],[-79.696146,44.094597],[-79.69627,44.094674],[-79.69632,44.094687],[-79.696407,44.094686],[-79.696472,44.094662],[-79.696517,44.09462],[-79.696595,44.094516],[-79.696648,44.094469],[-79.69684,44.094383],[-79.696909,44.094369],[-79.697003,44.094365],[-79.697073,44.094378],[-79.697122,44.094399],[-79.697172,44.09444],[-79.697193,44.094471],[-79.697222,44.094488],[-79.69734,44.094492],[-79.69739,44.094569]]]}},{"type":"Feature","properties":{"k":"bunker"},"geometry":{"type":"Polygon","coordinates":[[[-79.697249,44.094457],[-79.697289,44.094459],[-79.697314,44.094436],[-79.69731,44.094425],[-79.697329,44.094423],[-79.697324,44.094401],[-79.697335,44.094363],[-79.697312,44.094355],[-79.697286,44.094358],[-79.697254,44.094373],[-79.697239,44.094437],[-79.697249,44.094457]]]}},{"type":"Feature","properties":{"k":"green"},"geometry":{"type":"Polygon","coordinates":[[[-79.696949,44.092822],[-79.697074,44.092726],[-79.697163,44.092685],[-79.697254,44.09262],[-79.697255,44.092599],[-79.697218,44.092568],[-79.697168,44.092573],[-79.696988,44.09262],[-79.696845,44.092718],[-79.696815,44.092784],[-79.696825,44.092802],[-79.696878,44.09282],[-79.696949,44.092822]]]}},{"type":"Feature","properties":{"k":"fairway"},"geometry":{"type":"Polygon","coordinates":[[[-79.696841,44.092782],[-79.696797,44.092788],[-79.696786,44.092798],[-79.696771,44.092856],[-79.69672,44.092904],[-79.696709,44.092939],[-79.696722,44.092985],[-79.696765,44.093022],[-79.69679,44.093037],[-79.696841,44.093045],[-79.696871,44.093041],[-79.696928,44.093011],[-79.69694,44.092948],[-79.696972,44.092914],[-79.696978,44.092892],[-79.696963,44.092867],[-79.696962,44.092815],[-79.696841,44.092782]]]}},{"type":"Feature","properties":{"k":"bunker"},"geometry":{"type":"Polygon","coordinates":[[[-79.697017,44.092875],[-79.696995,44.09287],[-79.696987,44.092835],[-79.697006,44.092817],[-79.697041,44.09281],[-79.697085,44.092847],[-79.697057,44.092856],[-79.697032,44.09288],[-79.697017,44.092875]]]}},{"type":"Feature","properties":{"k":"bunker"},"geometry":{"type":"Polygon","coordinates":[[[-79.697133,44.092836],[-79.697124,44.092838],[-79.69712,44.092827],[-79.697092,44.092813],[-79.697099,44.092803],[-79.697093,44.092779],[-79.697116,44.092756],[-79.697152,44.092741],[-79.697192,44.09274],[-79.697212,44.092754],[-79.697217,44.092769],[-79.697193,44.092796],[-79.697161,44.092814],[-79.697156,44.09283],[-79.697133,44.092836]]]}},{"type":"Feature","properties":{"k":"bunker"},"geometry":{"type":"Polygon","coordinates":[[[-79.697294,44.092717],[-79.697254,44.092709],[-79.697236,44.092694],[-79.697267,44.092658],[-79.697291,44.092652],[-79.697321,44.092671],[-79.697329,44.092689],[-79.69732,44.092709],[-79.697294,44.092717]]]}},{"type":"Feature","properties":{"k":"bunker"},"geometry":{"type":"Polygon","coordinates":[[[-79.697097,44.092545],[-79.69717,44.092548],[-79.697176,44.092536],[-79.697194,44.092537],[-79.697199,44.092529],[-79.697176,44.092508],[-79.697151,44.092504],[-79.697083,44.092524],[-79.697078,44.092543],[-79.697087,44.092548],[-79.697097,44.092545]]]}},{"type":"Feature","properties":{"k":"rough"},"geometry":{"type":"Polygon","coordinates":[[[-79.691808,44.089006],[-79.691814,44.088973],[-79.691853,44.088935],[-79.691914,44.08892],[-79.691952,44.088886],[-79.692018,44.088893],[-79.692119,44.088884],[-79.692163,44.088855],[-79.692161,44.088811],[-79.69209,44.088763],[-79.692128,44.088693],[-79.692121,44.088599],[-79.692141,44.088516],[-79.692126,44.088457],[-79.692139,44.088411],[-79.692172,44.088383],[-79.69224,44.088385],[-79.692277,44.088388],[-79.692326,44.088407],[-79.692455,44.08842],[-79.692477,44.088454],[-79.692399,44.088458],[-79.692332,44.088442],[-79.69228,44.088481],[-79.692189,44.088587],[-79.6922,44.088673],[-79.692228,44.088689],[-79.692209,44.088738],[-79.692392,44.088868],[-79.692455,44.088894],[-79.692547,44.088944],[-79.692599,44.088939],[-79.692522,44.089102],[-79.692657,44.089202],[-79.693092,44.089586],[-79.693112,44.089612],[-79.69311,44.08971],[-79.693238,44.089843],[-79.693248,44.08988],[-79.69319,44.089897],[-79.69313,44.089885],[-79.693083,44.089835],[-79.693059,44.089795],[-79.69287,44.089749],[-79.692826,44.089756],[-79.692774,44.089724],[-79.69286,44.08961],[-79.692831,44.089479],[-79.692694,44.089372],[-79.692625,44.089409],[-79.6926,44.089359],[-79.692594,44.089301],[-79.692563,44.089252],[-79.692426,44.08914],[-79.692382,44.088934],[-79.692282,44.088893],[-79.692177,44.088896],[-79.692081,44.08896],[-79.691959,44.088937],[-79.691808,44.089006]]]}},{"type":"Feature","properties":{"k":"rough"},"geometry":{"type":"Polygon","coordinates":[[[-79.694265,44.090091],[-79.694244,44.090211],[-79.694291,44.090292],[-79.694334,44.090342],[-79.694353,44.090395],[-79.694418,44.090453],[-79.694442,44.090491],[-79.694529,44.090537],[-79.694553,44.090579],[-79.694609,44.090581],[-79.694676,44.090608],[-79.694678,44.090641],[-79.69471,44.090672],[-79.694708,44.090713],[-79.694649,44.090731],[-79.694555,44.090701],[-79.694468,44.090728],[-79.694367,44.090793],[-79.694362,44.090835],[-79.694394,44.090878],[-79.69431,44.090982],[-79.694328,44.091015],[-79.694452,44.091056],[-79.694584,44.091061],[-79.694676,44.091017],[-79.69472,44.09102],[-79.694754,44.090993],[-79.694809,44.090995],[-79.694874,44.090975],[-79.694954,44.091015],[-79.694938,44.091082],[-79.694905,44.091121],[-79.694948,44.091214],[-79.694895,44.091283],[-79.694908,44.091385],[-79.694945,44.09148],[-79.695059,44.091546],[-79.695065,44.09169],[-79.69508,44.09177],[-79.695203,44.091861],[-79.695246,44.091929],[-79.695259,44.092002],[-79.695259,44.09208],[-79.695274,44.092122],[-79.695348,44.092126],[-79.695453,44.092263],[-79.695447,44.092323],[-79.695499,44.092369],[-79.695496,44.092414],[-79.695598,44.092562],[-79.695675,44.092642],[-79.695775,44.0927],[-79.695785,44.092747],[-79.695738,44.092775],[-79.695664,44.092796],[-79.695598,44.092763],[-79.6954,44.092813],[-79.695359,44.092854],[-79.695279,44.092862],[-79.695181,44.092858],[-79.69492,44.09287],[-79.69472,44.092867],[-79.69461,44.092813],[-79.694533,44.092421],[-79.694488,44.092315],[-79.694388,44.092127],[-79.694372,44.09199],[-79.694246,44.09166],[-79.694219,44.091565],[-79.694128,44.091472],[-79.69406,44.091335],[-79.693972,44.091236],[-79.693956,44.091109],[-79.693914,44.090981],[-79.693937,44.090851],[-79.693885,44.090781],[-79.693906,44.09071],[-79.694052,44.090602],[-79.69409,44.090511],[-79.694175,44.090427],[-79.694076,44.090066],[-79.694178,44.090043],[-79.694265,44.090091]]]}},{"type":"Feature","properties":{"k":"rough"},"geometry":{"type":"Polygon","coordinates":[[[-79.691492,44.09062],[-79.691444,44.090664],[-79.691413,44.090709],[-79.691369,44.090786],[-79.691344,44.090865],[-79.69128,44.090986],[-79.691143,44.091157],[-79.691087,44.091206],[-79.69106,44.091271],[-79.691051,44.091329],[-79.690965,44.091389],[-79.690887,44.091457],[-79.690831,44.091483],[-79.690668,44.091531],[-79.690643,44.091518],[-79.690583,44.090812],[-79.690728,44.090773],[-79.691027,44.090722],[-79.691167,44.090666],[-79.691273,44.090614],[-79.691378,44.0906],[-79.691437,44.090575],[-79.691488,44.09059],[-79.691492,44.09062]]]}},{"type":"Feature","properties":{"k":"rough"},"geometry":{"type":"Polygon","coordinates":[[[-79.692173,44.090967],[-79.692199,44.090978],[-79.692183,44.090997],[-79.6922,44.091044],[-79.692136,44.091067],[-79.692123,44.091086],[-79.692123,44.091144],[-79.6921,44.09115],[-79.692022,44.091117],[-79.691997,44.091097],[-79.692062,44.090998],[-79.692143,44.090952],[-79.692173,44.090967]]]}},{"type":"Feature","properties":{"k":"rough"},"geometry":{"type":"Polygon","coordinates":[[[-79.692088,44.091216],[-79.692099,44.091247],[-79.692095,44.091281],[-79.692032,44.091313],[-79.692025,44.091335],[-79.691972,44.091377],[-79.691951,44.091422],[-79.691963,44.091445],[-79.691959,44.09146],[-79.691973,44.091478],[-79.691936,44.091483],[-79.691909,44.091496],[-79.691895,44.09152],[-79.691918,44.091536],[-79.691925,44.091558],[-79.691945,44.091578],[-79.691937,44.091595],[-79.691918,44.091599],[-79.691922,44.091613],[-79.691904,44.091631],[-79.691897,44.091659],[-79.691891,44.091693],[-79.691911,44.091747],[-79.691854,44.091751],[-79.691814,44.091772],[-79.691809,44.09187],[-79.691777,44.091885],[-79.691736,44.091887],[-79.691645,44.09179],[-79.69163,44.091668],[-79.691747,44.091642],[-79.691734,44.09153],[-79.691765,44.091516],[-79.691798,44.091525],[-79.691816,44.091513],[-79.691796,44.091489],[-79.691796,44.091463],[-79.691834,44.091455],[-79.691835,44.091398],[-79.691858,44.091363],[-79.691904,44.091222],[-79.69197,44.091161],[-79.692007,44.091164],[-79.692088,44.091216]]]}},{"type":"Feature","properties":{"k":"wood"},"geometry":{"type":"Polygon","coordinates":[[[-79.691089,44.09304],[-79.691056,44.093017],[-79.691026,44.092943],[-79.691063,44.092876],[-79.691121,44.092864],[-79.691226,44.092934],[-79.691248,44.092913],[-79.691343,44.092919],[-79.691388,44.092901],[-79.691411,44.092861],[-79.691462,44.092859],[-79.691502,44.092867],[-79.691535,44.092908],[-79.691591,44.092928],[-79.69167,44.092894],[-79.691726,44.092851],[-79.691773,44.092832],[-79.691803,44.092809],[-79.691801,44.09275],[-79.691859,44.092646],[-79.691941,44.092621],[-79.691981,44.092622],[-79.692072,44.092701],[-79.692118,44.092678],[-79.692142,44.092609],[-79.692233,44.092545],[-79.692289,44.092492],[-79.692287,44.092463],[-79.692343,44.092399],[-79.69242,44.092349],[-79.692492,44.092331],[-79.69252,44.092295],[-79.692476,44.09225],[-79.692473,44.09217],[-79.692504,44.092054],[-79.692543,44.091985],[-79.69256,44.091903],[-79.69256,44.091782],[-79.692569,44.091727],[-79.692611,44.091692],[-79.692714,44.091526],[-79.692754,44.091416],[-79.692821,44.091351],[-79.692824,44.091053],[-79.692833,44.091017],[-79.69291,44.091051],[-79.692922,44.091098],[-79.692903,44.091145],[-79.692938,44.091195],[-79.692957,44.091259],[-79.692943,44.091296],[-79.692968,44.091343],[-79.692961,44.091397],[-79.692968,44.09144],[-79.692948,44.091561],[-79.692969,44.091809],[-79.692963,44.091858],[-79.692988,44.091952],[-79.692972,44.09201],[-79.69294,44.092059],[-79.69291,44.09215],[-79.692898,44.09222],[-79.692853,44.092271],[-79.69288,44.092381],[-79.692937,44.092448],[-79.692993,44.092569],[-79.692974,44.092636],[-79.692976,44.092714],[-79.692896,44.092758],[-79.692817,44.092726],[-79.692716,44.092726],[-79.692555,44.092799],[-79.69235,44.092835],[-79.691929,44.092936],[-79.69175,44.093],[-79.691708,44.09308],[-79.691619,44.093152],[-79.691458,44.093367],[-79.691374,44.093404],[-79.691217,44.093396],[-79.69121,44.093245],[-79.691056,44.093305],[-79.691014,44.093272],[-79.691096,44.093074],[-79.691089,44.09304]]]}},{"type":"Feature","properties":{"k":"wood"},"geometry":{"type":"Polygon","coordinates":[[[-79.693483,44.086056],[-79.693492,44.086136],[-79.693427,44.08619],[-79.693381,44.086196],[-79.69326,44.086174],[-79.690979,44.086672],[-79.690838,44.086687],[-79.690835,44.086612],[-79.693483,44.086056]]]}},{"type":"Feature","properties":{"k":"rough"},"geometry":{"type":"Polygon","coordinates":[[[-79.696179,44.092436],[-79.696137,44.09249],[-79.696046,44.092498],[-79.696019,44.09239],[-79.695901,44.092078],[-79.69589,44.092009],[-79.695949,44.091739],[-79.695933,44.091654],[-79.695976,44.091623],[-79.696044,44.091662],[-79.696067,44.091814],[-79.69611,44.091959],[-79.696116,44.092041],[-79.696094,44.092114],[-79.696156,44.092216],[-79.69617,44.092284],[-79.696179,44.092436]]]}},{"type":"Feature","properties":{"k":"rough"},"geometry":{"type":"Polygon","coordinates":[[[-79.692432,44.090482],[-79.692436,44.090441],[-79.692571,44.090255],[-79.692631,44.090233],[-79.692685,44.090232],[-79.692713,44.090267],[-79.692705,44.090308],[-79.692599,44.090383],[-79.69252,44.090464],[-79.692536,44.090499],[-79.692508,44.090523],[-79.692463,44.090519],[-79.692432,44.090482]]]}},{"type":"Feature","properties":{"k":"path"},"geometry":{"type":"LineString","coordinates":[[-79.6982,44.08527],[-79.698069,44.085132],[-79.697974,44.08497]]}},{"type":"Feature","properties":{"k":"path"},"geometry":{"type":"LineString","coordinates":[[-79.698382,44.085213],[-79.698433,44.085238],[-79.698502,44.085291],[-79.698557,44.08535],[-79.698591,44.08542],[-79.698664,44.085818],[-79.698656,44.085887],[-79.698609,44.085999],[-79.69858,44.086045],[-79.698465,44.086166],[-79.698454,44.086186],[-79.698307,44.086568],[-79.698225,44.086656],[-79.698086,44.086758],[-79.697934,44.086903],[-79.697896,44.086964],[-79.697883,44.086995],[-79.697871,44.087109],[-79.697793,44.087313],[-79.697811,44.087415],[-79.697806,44.087519],[-79.697764,44.087608],[-79.697738,44.087635],[-79.697619,44.087672],[-79.697429,44.087703],[-79.697235,44.087701],[-79.697185,44.08771],[-79.697134,44.087728],[-79.696717,44.088018],[-79.696551,44.088185],[-79.696504,44.088209],[-79.696354,44.088239],[-79.69628,44.08827],[-79.695915,44.088587],[-79.695877,44.088605],[-79.695797,44.088678],[-79.695671,44.088771],[-79.695563,44.088825],[-79.69554,44.088854],[-79.695533,44.08889],[-79.695553,44.088917],[-79.695621,44.088935],[-79.695692,44.088897],[-79.695777,44.088823],[-79.69596,44.088757],[-79.696129,44.088522],[-79.696154,44.088501],[-79.696314,44.088413],[-79.696379,44.088381],[-79.696616,44.088309],[-79.696802,44.088233],[-79.696858,44.088242],[-79.696893,44.08826],[-79.696904,44.088293],[-79.696883,44.08832],[-79.696839,44.088351],[-79.696649,44.088399],[-79.696596,44.088418],[-79.696546,44.088455],[-79.696466,44.088485],[-79.696242,44.088548],[-79.696182,44.088594],[-79.696103,44.088714],[-79.69605,44.088818],[-79.696002,44.088848],[-79.695843,44.088905],[-79.695777,44.088957],[-79.695738,44.089025],[-79.695699,44.089068],[-79.69563,44.089123],[-79.695599,44.089168],[-79.695606,44.08919],[-79.695652,44.089242],[-79.695777,44.089368],[-79.6958,44.089425],[-79.695797,44.089503],[-79.695703,44.089834],[-79.6957,44.089873],[-79.695735,44.090044],[-79.695768,44.090279],[-79.69584,44.090527],[-79.695845,44.090606],[-79.695869,44.090641],[-79.695864,44.090676],[-79.695836,44.0907],[-79.695842,44.090723],[-79.695914,44.090774],[-79.695929,44.090809],[-79.695927,44.09084],[-79.69572,44.090865],[-79.695709,44.090886],[-79.695709,44.090927],[-79.695729,44.091004],[-79.695807,44.091192],[-79.695937,44.091349],[-79.695993,44.091447],[-79.696009,44.091503],[-79.696009,44.091549]]}},{"type":"Feature","properties":{"k":"path"},"geometry":{"type":"LineString","coordinates":[[-79.69572,44.090865],[-79.695702,44.090774],[-79.695677,44.090728],[-79.695636,44.090689],[-79.695588,44.0906],[-79.695567,44.090379],[-79.695208,44.089958],[-79.694967,44.089619],[-79.694882,44.089525],[-79.694449,44.089169],[-79.694374,44.088954],[-79.694318,44.088885],[-79.694219,44.08882],[-79.69415,44.088758],[-79.694075,44.088672],[-79.693996,44.088529],[-79.694012,44.08836],[-79.693959,44.08822],[-79.693927,44.088172],[-79.693946,44.088143],[-79.693998,44.088129],[-79.694038,44.088144],[-79.694134,44.08847],[-79.69416,44.088508],[-79.694242,44.088576],[-79.694291,44.088604],[-79.694344,44.088621],[-79.694408,44.08863],[-79.694475,44.088628],[-79.694525,44.088619],[-79.694627,44.08858],[-79.69479,44.088503],[-79.6949,44.088429],[-79.694951,44.08838],[-79.694985,44.088294],[-79.694957,44.088206],[-79.69485,44.088146],[-79.694735,44.088099],[-79.694647,44.088052],[-79.694249,44.087799],[-79.694132,44.087717],[-79.694066,44.087656],[-79.694017,44.087577],[-79.694017,44.087479],[-79.694065,44.087356],[-79.694135,44.087262],[-79.694261,44.087163],[-79.694395,44.087136],[-79.694511,44.087099],[-79.694611,44.087043],[-79.694675,44.086982],[-79.694815,44.086911],[-79.694974,44.086888],[-79.695036,44.086866],[-79.695176,44.086775],[-79.695303,44.086722],[-79.695422,44.086661],[-79.69553,44.086509],[-79.695565,44.086475],[-79.69582,44.086391],[-79.695894,44.086356],[-79.696101,44.086133],[-79.696155,44.0861],[-79.696213,44.086081],[-79.69639,44.086054],[-79.696496,44.086014],[-79.696526,44.085994],[-79.696592,44.085922],[-79.696671,44.085803],[-79.696714,44.085762],[-79.696776,44.085737],[-79.696965,44.085681],[-79.697004,44.085659],[-79.697117,44.085558],[-79.697179,44.08553],[-79.697264,44.085503],[-79.697342,44.085487],[-79.697432,44.08548],[-79.697575,44.085445],[-79.697705,44.085448],[-79.69774,44.08544],[-79.697811,44.085411],[-79.697843,44.085375],[-79.697887,44.085347],[-79.698014,44.085295],[-79.698055,44.085286]]}},{"type":"Feature","properties":{"k":"path"},"geometry":{"type":"LineString","coordinates":[[-79.697541,44.091456],[-79.697508,44.091252],[-79.697532,44.091193],[-79.697777,44.090885],[-79.6978,44.090825],[-79.6978,44.090651],[-79.697789,44.090579],[-79.697756,44.090516],[-79.697695,44.090479],[-79.697522,44.090477],[-79.697195,44.090376],[-79.697167,44.09035],[-79.697163,44.090308],[-79.697188,44.090284],[-79.697249,44.090264],[-79.697378,44.090288],[-79.697438,44.090314],[-79.697525,44.090333],[-79.697618,44.09034],[-79.697709,44.090319],[-79.697875,44.090227],[-79.698087,44.09008],[-79.698218,44.090031],[-79.69826,44.089996],[-79.698297,44.0899],[-79.69829,44.08982],[-79.698251,44.089719],[-79.698249,44.089669],[-79.698267,44.089623],[-79.698302,44.08961],[-79.698365,44.089607],[-79.69872,44.08962],[-79.698772,44.089603],[-79.698821,44.089565],[-79.698821,44.089514],[-79.698783,44.089461],[-79.698419,44.089112],[-79.698398,44.089072],[-79.698421,44.089005],[-79.698531,44.088941],[-79.698893,44.088667],[-79.698968,44.088629],[-79.699054,44.088614],[-79.699119,44.088594],[-79.699325,44.088496],[-79.69946,44.088461],[-79.699509,44.088426],[-79.699521,44.088389],[-79.699491,44.088367],[-79.699444,44.088371],[-79.699386,44.088396],[-79.699201,44.088449],[-79.698734,44.088512],[-79.698664,44.088507],[-79.698594,44.088483],[-79.698529,44.088448],[-79.698484,44.088399],[-79.698491,44.088371],[-79.69854,44.088322],[-79.698575,44.08831],[-79.698825,44.088012],[-79.698984,44.087871],[-79.69901,44.08782],[-79.699031,44.087745],[-79.699028,44.087656],[-79.699049,44.087519],[-79.699084,44.087458],[-79.699227,44.087307],[-79.699297,44.087171],[-79.699304,44.087093],[-79.699479,44.086824],[-79.699547,44.086735],[-79.699561,44.08665],[-79.699554,44.086581],[-79.699502,44.086489],[-79.699484,44.086375],[-79.699465,44.086138],[-79.699446,44.086043],[-79.699367,44.085836],[-79.699332,44.085526],[-79.699292,44.08537],[-79.699196,44.085176],[-79.699145,44.084887],[-79.699105,44.084862],[-79.699035,44.084848],[-79.698975,44.084862],[-79.698849,44.084961],[-79.698802,44.084979],[-79.698657,44.084983],[-79.69861,44.084993],[-79.698545,44.08502],[-79.698508,44.08511],[-79.698475,44.085152],[-79.698412,44.085199],[-79.698363,44.085223],[-79.698115,44.085293],[-79.698055,44.085286],[-79.698023,44.085272]]}},{"type":"Feature","properties":{"k":"path"},"geometry":{"type":"LineString","coordinates":[[-79.697553,44.091537],[-79.697541,44.091456]]}},{"type":"Feature","properties":{"k":"path"},"geometry":{"type":"LineString","coordinates":[[-79.690964,44.087845],[-79.690938,44.087929]]}},{"type":"Feature","properties":{"k":"path"},"geometry":{"type":"LineString","coordinates":[[-79.697974,44.08497],[-79.697922,44.084879]]}},{"type":"Feature","properties":{"k":"fairway"},"geometry":{"type":"Polygon","coordinates":[[[-79.691026,44.089453],[-79.690988,44.089419],[-79.690952,44.089366],[-79.690996,44.08933],[-79.69101,44.089297],[-79.69101,44.089261],[-79.691026,44.089226],[-79.691037,44.089165],[-79.69102,44.089143],[-79.690988,44.089124],[-79.690891,44.089107],[-79.690865,44.089115],[-79.690846,44.089136],[-79.690846,44.089164],[-79.690831,44.089195],[-79.690794,44.089209],[-79.690748,44.089215],[-79.690697,44.089209],[-79.690632,44.089187],[-79.690524,44.089123],[-79.690495,44.089058],[-79.690492,44.088978],[-79.690513,44.088718],[-79.690501,44.088676],[-79.690429,44.088582],[-79.690426,44.088499],[-79.690444,44.088448],[-79.690476,44.08841],[-79.690569,44.088348],[-79.690794,44.088232],[-79.690868,44.08822],[-79.690942,44.088224],[-79.690988,44.088235],[-79.69108,44.088291],[-79.691119,44.088334],[-79.691114,44.088349],[-79.69109,44.088362],[-79.691082,44.088385],[-79.691124,44.088462],[-79.6912,44.088469],[-79.691253,44.08844],[-79.691318,44.088436],[-79.691381,44.08847],[-79.691395,44.088513],[-79.691395,44.08854],[-79.691304,44.088602],[-79.691282,44.088647],[-79.691251,44.088659],[-79.691204,44.088664],[-79.691168,44.088649],[-79.691085,44.088633],[-79.690956,44.088659],[-79.690937,44.088684],[-79.690932,44.088709],[-79.690959,44.088737],[-79.691005,44.088761],[-79.691063,44.088774],[-79.691154,44.088773],[-79.691368,44.088739],[-79.691325,44.088848],[-79.6913,44.088824],[-79.691266,44.088821],[-79.691174,44.08885],[-79.691131,44.08889],[-79.691092,44.088908],[-79.691045,44.08892],[-79.690966,44.088907],[-79.690926,44.088915],[-79.69091,44.088935],[-79.690917,44.088993],[-79.690962,44.089047],[-79.691011,44.089061],[-79.69106,44.089062],[-79.691232,44.089028],[-79.691289,44.088997],[-79.691332,44.088955],[-79.691344,44.08893],[-79.691341,44.088881],[-79.691327,44.088849],[-79.691372,44.08874],[-79.691404,44.088755],[-79.691541,44.088737],[-79.691644,44.088769],[-79.691672,44.0888],[-79.691672,44.08884],[-79.691655,44.088878],[-79.691661,44.088897],[-79.691636,44.088969],[-79.691603,44.088992],[-79.691549,44.08901],[-79.691544,44.089031],[-79.691556,44.089048],[-79.691558,44.089081],[-79.691535,44.089102],[-79.691501,44.08912],[-79.691421,44.089137],[-79.691404,44.089154],[-79.691385,44.089179],[-79.691375,44.089262],[-79.69135,44.089281],[-79.691342,44.0893],[-79.691354,44.089325],[-79.691338,44.089346],[-79.691281,44.089393],[-79.691221,44.089407],[-79.691206,44.089397],[-79.691204,44.089384],[-79.691226,44.089342],[-79.691214,44.089331],[-79.691109,44.089331],[-79.691087,44.089344],[-79.691071,44.089374],[-79.691078,44.089417],[-79.69107,44.08943],[-79.691026,44.089453]]]}},{"type":"Feature","properties":{"k":"bunker"},"geometry":{"type":"Polygon","coordinates":[[[-79.696864,44.086012],[-79.696909,44.086],[-79.696919,44.085987],[-79.696913,44.085968],[-79.696925,44.085958],[-79.696921,44.085951],[-79.696882,44.085941],[-79.696834,44.085936],[-79.696818,44.085974],[-79.696841,44.086006],[-79.696864,44.086012]]]}},{"type":"Feature","properties":{"k":"bunker"},"geometry":{"type":"Polygon","coordinates":[[[-79.696879,44.085914],[-79.6969,44.085908],[-79.696915,44.085914],[-79.696924,44.085904],[-79.696945,44.085903],[-79.696945,44.085887],[-79.696959,44.085882],[-79.696952,44.085872],[-79.696907,44.085853],[-79.696935,44.085839],[-79.696938,44.08582],[-79.696906,44.085821],[-79.696878,44.085842],[-79.696857,44.085895],[-79.696879,44.085914]]]}},{"type":"Feature","properties":{"k":"bunker"},"geometry":{"type":"Polygon","coordinates":[[[-79.69779,44.089536],[-79.697821,44.08952],[-79.697841,44.089495],[-79.697838,44.089483],[-79.697821,44.089475],[-79.69781,44.089473],[-79.69777,44.089497],[-79.697774,44.089504],[-79.697757,44.089516],[-79.69779,44.089536]]]}},{"type":"Feature","properties":{"k":"bunker"},"geometry":{"type":"Polygon","coordinates":[[[-79.693983,44.092624],[-79.694011,44.092612],[-79.69403,44.092583],[-79.69401,44.092572],[-79.694019,44.092548],[-79.694007,44.092548],[-79.694005,44.092524],[-79.693989,44.092521],[-79.693972,44.092489],[-79.693952,44.092488],[-79.693918,44.092502],[-79.693909,44.092515],[-79.693964,44.092556],[-79.693957,44.09257],[-79.693963,44.092605],[-79.693983,44.092624]]]}},{"type":"Feature","properties":{"k":"green"},"geometry":{"type":"Polygon","coordinates":[[[-79.694311,44.09257],[-79.694297,44.09259],[-79.694266,44.092605],[-79.694221,44.092606],[-79.694175,44.092602],[-79.694101,44.09257],[-79.69406,44.092542],[-79.694037,44.092496],[-79.694025,44.092438],[-79.694034,44.092416],[-79.694062,44.092399],[-79.694123,44.092378],[-79.694161,44.092376],[-79.69423,44.092388],[-79.694249,44.092402],[-79.694312,44.092507],[-79.694322,44.092547],[-79.694311,44.09257]]]}},{"type":"Feature","properties":{"k":"path"},"geometry":{"type":"LineString","coordinates":[[-79.69408,44.092923],[-79.694405,44.092827],[-79.694452,44.09278],[-79.694443,44.092719],[-79.694418,44.092659]]}},{"type":"Feature","properties":{"k":"rough"},"geometry":{"type":"Polygon","coordinates":[[[-79.693477,44.087314],[-79.693374,44.087286],[-79.693245,44.087297],[-79.693204,44.087276],[-79.69317,44.087236],[-79.693139,44.087149],[-79.693166,44.087063],[-79.693244,44.086917],[-79.693286,44.086873],[-79.693345,44.086831],[-79.69336,44.086802],[-79.69311,44.086701],[-79.692792,44.086585],[-79.692615,44.086814],[-79.692501,44.087069],[-79.692713,44.087564],[-79.692852,44.087622],[-79.693025,44.087715],[-79.693113,44.087752],[-79.693207,44.08777],[-79.693359,44.087826],[-79.693438,44.087754],[-79.69346,44.087482],[-79.693543,44.087398],[-79.693541,44.087351],[-79.693477,44.087314]]]}},{"type":"Feature","properties":{"k":"rough"},"geometry":{"type":"Polygon","coordinates":[[[-79.693505,44.086654],[-79.69344,44.086691],[-79.69327,44.08668],[-79.693198,44.08661],[-79.693187,44.086448],[-79.693126,44.086303],[-79.693049,44.08622],[-79.693584,44.08607],[-79.693754,44.086096],[-79.693786,44.086203],[-79.693696,44.08629],[-79.693666,44.086348],[-79.693561,44.086414],[-79.693505,44.086654]]]}},{"type":"Feature","properties":{"k":"rough"},"geometry":{"type":"Polygon","coordinates":[[[-79.690079,44.08958],[-79.690192,44.089566],[-79.690291,44.089613],[-79.690386,44.089573],[-79.690311,44.089377],[-79.690342,44.089297],[-79.690319,44.089178],[-79.690318,44.089034],[-79.690355,44.088966],[-79.690435,44.088953],[-79.69042,44.088914],[-79.690425,44.088884],[-79.690297,44.088905],[-79.690274,44.088785],[-79.690278,44.088709],[-79.690382,44.088628],[-79.690335,44.088604],[-79.690192,44.088446],[-79.690231,44.088376],[-79.690353,44.088287],[-79.690439,44.088277],[-79.69072,44.088124],[-79.690815,44.08805],[-79.690862,44.08796],[-79.690907,44.087926],[-79.689926,44.088148],[-79.689893,44.088197],[-79.690079,44.08958]]]}},{"type":"Feature","properties":{"k":"green"},"geometry":{"type":"Polygon","coordinates":[[[-79.70059,44.078854],[-79.700627,44.078834],[-79.700643,44.078799],[-79.700631,44.078764],[-79.700586,44.078734],[-79.700533,44.078714],[-79.700472,44.078702],[-79.700383,44.078702],[-79.700196,44.078741],[-79.700171,44.078787],[-79.700184,44.078839],[-79.700213,44.078872],[-79.700291,44.078913],[-79.700342,44.078916],[-79.700383,44.078904],[-79.700407,44.078883],[-79.700456,44.078863],[-79.700513,44.078854],[-79.700545,44.078863],[-79.70059,44.078854]]]}},{"type":"Feature","properties":{"k":"fairway"},"geometry":{"type":"Polygon","coordinates":[[[-79.701369,44.079047],[-79.701316,44.079049],[-79.70123,44.079064],[-79.700943,44.079132],[-79.700873,44.079157],[-79.700844,44.079186],[-79.700857,44.079211],[-79.700817,44.079249],[-79.700809,44.079299],[-79.700822,44.079451],[-79.700841,44.079521],[-79.700873,44.079571],[-79.700905,44.079606],[-79.701015,44.079627],[-79.70116,44.079715],[-79.701203,44.079758],[-79.701238,44.079812],[-79.701238,44.079847],[-79.701224,44.079897],[-79.701195,44.079933],[-79.701187,44.07997],[-79.701238,44.08006],[-79.701294,44.080093],[-79.701334,44.080103],[-79.701388,44.080099],[-79.701463,44.080082],[-79.701624,44.080005],[-79.701699,44.079941],[-79.701731,44.079893],[-79.701758,44.079818],[-79.701753,44.079752],[-79.701707,44.079654],[-79.701729,44.079579],[-79.701715,44.079511],[-79.701672,44.079446],[-79.701619,44.079419],[-79.701584,44.079382],[-79.70145,44.079097],[-79.701423,44.079066],[-79.701369,44.079047]]]}},{"type":"Feature","properties":{"k":"bunker"},"geometry":{"type":"Polygon","coordinates":[[[-79.701097,44.079896],[-79.701126,44.079885],[-79.701148,44.079864],[-79.701156,44.07984],[-79.701134,44.079823],[-79.701099,44.079765],[-79.701067,44.079752],[-79.701019,44.079759],[-79.700997,44.079783],[-79.701003,44.079806],[-79.701051,44.079823],[-79.701064,44.079838],[-79.701048,44.079862],[-79.701051,44.079881],[-79.70107,44.079894],[-79.701097,44.079896]]]}},{"type":"Feature","properties":{"k":"bunker"},"geometry":{"type":"Polygon","coordinates":[[[-79.700859,44.079751],[-79.700867,44.079772],[-79.700886,44.079782],[-79.700918,44.079786],[-79.700945,44.079776],[-79.700963,44.079728],[-79.700958,44.079705],[-79.700934,44.079688],[-79.700907,44.079701],[-79.700896,44.079718],[-79.700878,44.079711],[-79.700851,44.079664],[-79.700824,44.079659],[-79.700784,44.079697],[-79.700786,44.07972],[-79.700859,44.079751]]]}},{"type":"Feature","properties":{"k":"bunker"},"geometry":{"type":"Polygon","coordinates":[[[-79.701614,44.079192],[-79.701646,44.079187],[-79.701683,44.07916],[-79.701691,44.079144],[-79.701657,44.079127],[-79.701642,44.079109],[-79.701639,44.079094],[-79.70166,44.079061],[-79.701628,44.079003],[-79.701602,44.078985],[-79.701526,44.079011],[-79.701511,44.079042],[-79.701559,44.0791],[-79.701562,44.079162],[-79.701589,44.079187],[-79.701614,44.079192]]]}},{"type":"Feature","properties":{"k":"green"},"geometry":{"type":"Polygon","coordinates":[[[-79.701474,44.081394],[-79.701504,44.08139],[-79.701531,44.081359],[-79.701529,44.081335],[-79.701472,44.081282],[-79.701423,44.081208],[-79.701287,44.08113],[-79.701247,44.081122],[-79.701212,44.08113],[-79.701183,44.081149],[-79.701167,44.081186],[-79.70118,44.081244],[-79.701194,44.081261],[-79.701254,44.0813],[-79.701341,44.081328],[-79.701454,44.08139],[-79.701474,44.081394]]]}},{"type":"Feature","properties":{"k":"tee"},"geometry":{"type":"Polygon","coordinates":[[[-79.701981,44.081441],[-79.70195,44.081367],[-79.701832,44.081392],[-79.701863,44.081467],[-79.701981,44.081441]]]}},{"type":"Feature","properties":{"k":"tee"},"geometry":{"type":"Polygon","coordinates":[[[-79.701837,44.081239],[-79.701814,44.081146],[-79.701696,44.081161],[-79.701719,44.081255],[-79.701837,44.081239]]]}},{"type":"Feature","properties":{"k":"tee"},"geometry":{"type":"Polygon","coordinates":[[[-79.701702,44.081023],[-79.70168,44.080911],[-79.701561,44.08092],[-79.701579,44.081034],[-79.701702,44.081023]]]}},{"type":"Feature","properties":{"k":"tee"},"geometry":{"type":"Polygon","coordinates":[[[-79.701345,44.080861],[-79.701338,44.080749],[-79.701211,44.080754],[-79.701218,44.080865],[-79.701345,44.080861]]]}},{"type":"Feature","properties":{"k":"tee"},"geometry":{"type":"Polygon","coordinates":[[[-79.70122,44.080591],[-79.70121,44.080479],[-79.701087,44.080481],[-79.701092,44.080594],[-79.70122,44.080591]]]}},{"type":"Feature","properties":{"k":"tee"},"geometry":{"type":"Polygon","coordinates":[[[-79.702311,44.081179],[-79.702422,44.081088],[-79.702321,44.081025],[-79.70221,44.081116],[-79.702311,44.081179]]]}},{"type":"Feature","properties":{"k":"tee"},"geometry":{"type":"Polygon","coordinates":[[[-79.702497,44.080768],[-79.702595,44.080682],[-79.702498,44.080624],[-79.702399,44.080709],[-79.702497,44.080768]]]}},{"type":"Feature","properties":{"k":"tee"},"geometry":{"type":"Polygon","coordinates":[[[-79.702213,44.081441],[-79.702341,44.0815],[-79.702411,44.081421],[-79.702283,44.081362],[-79.702213,44.081441]]]}},{"type":"Feature","properties":{"k":"tee"},"geometry":{"type":"Polygon","coordinates":[[[-79.702101,44.081639],[-79.702232,44.081693],[-79.702292,44.081618],[-79.702162,44.081563],[-79.702101,44.081639]]]}},{"type":"Feature","properties":{"k":"tee"},"geometry":{"type":"Polygon","coordinates":[[[-79.699143,44.081971],[-79.699242,44.082053],[-79.699351,44.081985],[-79.699252,44.081903],[-79.699143,44.081971]]]}},{"type":"Feature","properties":{"k":"tee"},"geometry":{"type":"Polygon","coordinates":[[[-79.698943,44.081828],[-79.699018,44.081881],[-79.699154,44.081781],[-79.699078,44.081728],[-79.698943,44.081828]]]}},{"type":"Feature","properties":{"k":"tee"},"geometry":{"type":"Polygon","coordinates":[[[-79.698677,44.081742],[-79.698781,44.081804],[-79.698935,44.081672],[-79.698831,44.081609],[-79.698677,44.081742]]]}},{"type":"Feature","properties":{"k":"tee"},"geometry":{"type":"Polygon","coordinates":[[[-79.698317,44.081426],[-79.698437,44.081498],[-79.698518,44.081427],[-79.698398,44.081356],[-79.698317,44.081426]]]}},{"type":"Feature","properties":{"k":"tee"},"geometry":{"type":"Polygon","coordinates":[[[-79.698081,44.081265],[-79.698172,44.081319],[-79.698263,44.08124],[-79.698172,44.081185],[-79.698081,44.081265]]]}},{"type":"Feature","properties":{"k":"tee"},"geometry":{"type":"Polygon","coordinates":[[[-79.703135,44.081337],[-79.703303,44.081342],[-79.703309,44.081246],[-79.703141,44.081241],[-79.703135,44.081337]]]}},{"type":"Feature","properties":{"k":"tee"},"geometry":{"type":"Polygon","coordinates":[[[-79.703681,44.081384],[-79.703845,44.081397],[-79.70386,44.081299],[-79.703695,44.081286],[-79.703681,44.081384]]]}},{"type":"Feature","properties":{"k":"tee"},"geometry":{"type":"Polygon","coordinates":[[[-79.703972,44.081587],[-79.704154,44.081603],[-79.704169,44.081508],[-79.703988,44.081493],[-79.703972,44.081587]]]}},{"type":"Feature","properties":{"k":"tee"},"geometry":{"type":"Polygon","coordinates":[[[-79.704324,44.081676],[-79.704492,44.081692],[-79.704509,44.081597],[-79.704342,44.081581],[-79.704324,44.081676]]]}},{"type":"Feature","properties":{"k":"tee"},"geometry":{"type":"Polygon","coordinates":[[[-79.704831,44.081775],[-79.704968,44.081783],[-79.704978,44.081692],[-79.70484,44.081685],[-79.704831,44.081775]]]}},{"type":"Feature","properties":{"k":"tee"},"geometry":{"type":"Polygon","coordinates":[[[-79.694554,44.079969],[-79.694592,44.080034],[-79.694691,44.080004],[-79.694653,44.079939],[-79.694554,44.079969]]]}},{"type":"Feature","properties":{"k":"tee"},"geometry":{"type":"Polygon","coordinates":[[[-79.69418,44.079947],[-79.694217,44.08003],[-79.694346,44.08],[-79.694308,44.079917],[-79.69418,44.079947]]]}},{"type":"Feature","properties":{"k":"tee"},"geometry":{"type":"Polygon","coordinates":[[[-79.693754,44.07991],[-79.693833,44.080042],[-79.694024,44.079983],[-79.693944,44.07985],[-79.693754,44.07991]]]}},{"type":"Feature","properties":{"k":"tee"},"geometry":{"type":"Polygon","coordinates":[[[-79.693441,44.079952],[-79.69349,44.080026],[-79.693619,44.079982],[-79.69357,44.079908],[-79.693441,44.079952]]]}},{"type":"Feature","properties":{"k":"tee"},"geometry":{"type":"Polygon","coordinates":[[[-79.693165,44.080038],[-79.693221,44.080097],[-79.693323,44.080046],[-79.693267,44.079987],[-79.693165,44.080038]]]}},{"type":"Feature","properties":{"k":"tee"},"geometry":{"type":"Polygon","coordinates":[[[-79.696237,44.079717],[-79.696349,44.079786],[-79.696439,44.079712],[-79.696328,44.079642],[-79.696237,44.079717]]]}},{"type":"Feature","properties":{"k":"tee"},"geometry":{"type":"Polygon","coordinates":[[[-79.696097,44.080033],[-79.696188,44.080103],[-79.696288,44.080035],[-79.696196,44.079966],[-79.696097,44.080033]]]}},{"type":"Feature","properties":{"k":"tee"},"geometry":{"type":"Polygon","coordinates":[[[-79.696243,44.0794],[-79.696337,44.079452],[-79.696457,44.079339],[-79.696363,44.079287],[-79.696243,44.0794]]]}},{"type":"Feature","properties":{"k":"tee"},"geometry":{"type":"Polygon","coordinates":[[[-79.696506,44.079275],[-79.696624,44.079326],[-79.696717,44.079216],[-79.696599,44.079165],[-79.696506,44.079275]]]}},{"type":"Feature","properties":{"k":"tee"},"geometry":{"type":"Polygon","coordinates":[[[-79.696968,44.079091],[-79.696889,44.079145],[-79.696969,44.079205],[-79.697048,44.079151],[-79.696968,44.079091]]]}},{"type":"Feature","properties":{"k":"tee"},"geometry":{"type":"Polygon","coordinates":[[[-79.693158,44.081249],[-79.693301,44.081308],[-79.693367,44.081225],[-79.693224,44.081166],[-79.693158,44.081249]]]}},{"type":"Feature","properties":{"k":"tee"},"geometry":{"type":"Polygon","coordinates":[[[-79.693325,44.081417],[-79.693439,44.081481],[-79.693524,44.081403],[-79.69341,44.081339],[-79.693325,44.081417]]]}},{"type":"Feature","properties":{"k":"tee"},"geometry":{"type":"Polygon","coordinates":[[[-79.693377,44.081644],[-79.693487,44.081722],[-79.693598,44.081642],[-79.693488,44.081564],[-79.693377,44.081644]]]}},{"type":"Feature","properties":{"k":"tee"},"geometry":{"type":"Polygon","coordinates":[[[-79.693381,44.08188],[-79.693498,44.081947],[-79.693573,44.081879],[-79.693456,44.081812],[-79.693381,44.08188]]]}},{"type":"Feature","properties":{"k":"tee"},"geometry":{"type":"Polygon","coordinates":[[[-79.693307,44.0823],[-79.693399,44.082254],[-79.693338,44.082192],[-79.693246,44.082238],[-79.693307,44.0823]]]}},{"type":"Feature","properties":{"k":"tee"},"geometry":{"type":"Polygon","coordinates":[[[-79.693395,44.082473],[-79.693517,44.082468],[-79.693508,44.082372],[-79.693387,44.082377],[-79.693395,44.082473]]]}},{"type":"Feature","properties":{"k":"tee"},"geometry":{"type":"Polygon","coordinates":[[[-79.693695,44.082665],[-79.693821,44.082666],[-79.693822,44.082569],[-79.693697,44.082569],[-79.693695,44.082665]]]}},{"type":"Feature","properties":{"k":"tee"},"geometry":{"type":"Polygon","coordinates":[[[-79.694107,44.082711],[-79.694301,44.082717],[-79.694307,44.08261],[-79.694113,44.082604],[-79.694107,44.082711]]]}},{"type":"Feature","properties":{"k":"tee"},"geometry":{"type":"Polygon","coordinates":[[[-79.694635,44.08305],[-79.69479,44.083034],[-79.694775,44.08296],[-79.69462,44.082976],[-79.694635,44.08305]]]}},{"type":"Feature","properties":{"k":"tee"},"geometry":{"type":"Polygon","coordinates":[[[-79.69498,44.083116],[-79.695087,44.083101],[-79.695062,44.083011],[-79.694955,44.083026],[-79.69498,44.083116]]]}},{"type":"Feature","properties":{"k":"tee"},"geometry":{"type":"Polygon","coordinates":[[[-79.688609,44.083189],[-79.688644,44.083296],[-79.68877,44.083275],[-79.688735,44.083168],[-79.688609,44.083189]]]}},{"type":"Feature","properties":{"k":"tee"},"geometry":{"type":"Polygon","coordinates":[[[-79.688733,44.083447],[-79.688969,44.083402],[-79.688935,44.083293],[-79.688703,44.083343],[-79.688733,44.083447]]]}},{"type":"Feature","properties":{"k":"tee"},"geometry":{"type":"Polygon","coordinates":[[[-79.688821,44.083518],[-79.688894,44.083737],[-79.689097,44.083702],[-79.689025,44.083483],[-79.688821,44.083518]]]}},{"type":"Feature","properties":{"k":"tee"},"geometry":{"type":"Polygon","coordinates":[[[-79.688977,44.083962],[-79.689192,44.083918],[-79.689152,44.083817],[-79.688936,44.083861],[-79.688977,44.083962]]]}},{"type":"Feature","properties":{"k":"tee"},"geometry":{"type":"Polygon","coordinates":[[[-79.688046,44.083781],[-79.688193,44.083789],[-79.688206,44.083669],[-79.68806,44.08366],[-79.688046,44.083781]]]}},{"type":"Feature","properties":{"k":"tee"},"geometry":{"type":"Polygon","coordinates":[[[-79.688047,44.083563],[-79.688288,44.083575],[-79.688299,44.08346],[-79.688058,44.083448],[-79.688047,44.083563]]]}},{"type":"Feature","properties":{"k":"tee"},"geometry":{"type":"Polygon","coordinates":[[[-79.68819,44.083167],[-79.68818,44.083344],[-79.688332,44.083348],[-79.688342,44.083172],[-79.68819,44.083167]]]}},{"type":"Feature","properties":{"k":"tee"},"geometry":{"type":"Polygon","coordinates":[[[-79.687958,44.084002],[-79.688095,44.084003],[-79.688097,44.083887],[-79.68796,44.083886],[-79.687958,44.084002]]]}},{"type":"Feature","properties":{"k":"tee"},"geometry":{"type":"Polygon","coordinates":[[[-79.690132,44.084903],[-79.690169,44.085013],[-79.690281,44.084994],[-79.690245,44.084883],[-79.690132,44.084903]]]}},{"type":"Feature","properties":{"k":"tee"},"geometry":{"type":"Polygon","coordinates":[[[-79.690074,44.085109],[-79.690098,44.08519],[-79.690242,44.085168],[-79.690218,44.085087],[-79.690074,44.085109]]]}},{"type":"Feature","properties":{"k":"tee"},"geometry":{"type":"Polygon","coordinates":[[[-79.690139,44.084742],[-79.690303,44.084721],[-79.69027,44.08459],[-79.690106,44.084612],[-79.690139,44.084742]]]}},{"type":"Feature","properties":{"k":"tee"},"geometry":{"type":"Polygon","coordinates":[[[-79.690076,44.084404],[-79.690198,44.084385],[-79.690168,44.084281],[-79.690045,44.0843],[-79.690076,44.084404]]]}},{"type":"Feature","properties":{"k":"tee"},"geometry":{"type":"Polygon","coordinates":[[[-79.689741,44.083977],[-79.689772,44.0841],[-79.689896,44.084084],[-79.689865,44.083961],[-79.689741,44.083977]]]}},{"type":"Feature","properties":{"k":"tee"},"geometry":{"type":"Polygon","coordinates":[[[-79.686768,44.087099],[-79.68692,44.087099],[-79.686921,44.086987],[-79.686769,44.086986],[-79.686768,44.087099]]]}},{"type":"Feature","properties":{"k":"tee"},"geometry":{"type":"Polygon","coordinates":[[[-79.686551,44.086866],[-79.686684,44.086869],[-79.686689,44.086748],[-79.686557,44.086745],[-79.686551,44.086866]]]}},{"type":"Feature","properties":{"k":"tee"},"geometry":{"type":"Polygon","coordinates":[[[-79.68637,44.086479],[-79.686497,44.086487],[-79.686516,44.086338],[-79.686389,44.086329],[-79.68637,44.086479]]]}},{"type":"Feature","properties":{"k":"tee"},"geometry":{"type":"Polygon","coordinates":[[[-79.686405,44.086171],[-79.686544,44.086176],[-79.686554,44.086038],[-79.686415,44.086033],[-79.686405,44.086171]]]}},{"type":"Feature","properties":{"k":"tee"},"geometry":{"type":"Polygon","coordinates":[[[-79.686416,44.085857],[-79.686533,44.085865],[-79.686546,44.085774],[-79.686429,44.085765],[-79.686416,44.085857]]]}},{"type":"Feature","properties":{"k":"tee"},"geometry":{"type":"Polygon","coordinates":[[[-79.704039,44.078388],[-79.704187,44.078446],[-79.704251,44.078361],[-79.704103,44.078304],[-79.704039,44.078388]]]}},{"type":"Feature","properties":{"k":"tee"},"geometry":{"type":"Polygon","coordinates":[[[-79.703822,44.078658],[-79.70397,44.078716],[-79.704034,44.078631],[-79.703885,44.078574],[-79.703822,44.078658]]]}},{"type":"Feature","properties":{"k":"tee"},"geometry":{"type":"Polygon","coordinates":[[[-79.703607,44.078811],[-79.703721,44.078869],[-79.703813,44.078776],[-79.703699,44.078718],[-79.703607,44.078811]]]}},{"type":"Feature","properties":{"k":"tee"},"geometry":{"type":"Polygon","coordinates":[[[-79.703478,44.078996],[-79.703588,44.079051],[-79.703699,44.078935],[-79.703589,44.07888],[-79.703478,44.078996]]]}},{"type":"Feature","properties":{"k":"tee"},"geometry":{"type":"Polygon","coordinates":[[[-79.703282,44.079168],[-79.703431,44.079226],[-79.703495,44.079141],[-79.703346,44.079084],[-79.703282,44.079168]]]}},{"type":"Feature","properties":{"k":"tee"},"geometry":{"type":"Polygon","coordinates":[[[-79.709179,44.08208],[-79.709195,44.082162],[-79.709318,44.082149],[-79.709302,44.082067],[-79.709179,44.08208]]]}},{"type":"Feature","properties":{"k":"tee"},"geometry":{"type":"Polygon","coordinates":[[[-79.708727,44.08224],[-79.708748,44.082328],[-79.708886,44.08231],[-79.708865,44.082223],[-79.708727,44.08224]]]}},{"type":"Feature","properties":{"k":"tee"},"geometry":{"type":"Polygon","coordinates":[[[-79.708279,44.082387],[-79.708488,44.082369],[-79.708482,44.082291],[-79.708266,44.082309],[-79.708279,44.082387]]]}},{"type":"Feature","properties":{"k":"tee"},"geometry":{"type":"Polygon","coordinates":[[[-79.70788,44.082409],[-79.708029,44.082396],[-79.708014,44.082304],[-79.707865,44.082316],[-79.70788,44.082409]]]}},{"type":"Feature","properties":{"k":"tee"},"geometry":{"type":"Polygon","coordinates":[[[-79.707436,44.082567],[-79.707567,44.082566],[-79.707567,44.082488],[-79.707436,44.082488],[-79.707436,44.082567]]]}},{"type":"Feature","properties":{"k":"tee"},"geometry":{"type":"Polygon","coordinates":[[[-79.709454,44.080844],[-79.709593,44.080838],[-79.709584,44.080744],[-79.709446,44.08075],[-79.709454,44.080844]]]}},{"type":"Feature","properties":{"k":"tee"},"geometry":{"type":"Polygon","coordinates":[[[-79.709175,44.080651],[-79.709299,44.08062],[-79.709265,44.08055],[-79.709141,44.080581],[-79.709175,44.080651]]]}},{"type":"Feature","properties":{"k":"tee"},"geometry":{"type":"Polygon","coordinates":[[[-79.710397,44.081065],[-79.710514,44.081063],[-79.710513,44.080983],[-79.710396,44.080984],[-79.710397,44.081065]]]}},{"type":"Feature","properties":{"k":"tee"},"geometry":{"type":"Polygon","coordinates":[[[-79.710739,44.081026],[-79.710867,44.081021],[-79.71086,44.080916],[-79.710732,44.08092],[-79.710739,44.081026]]]}},{"type":"Feature","properties":{"k":"tee"},"geometry":{"type":"Polygon","coordinates":[[[-79.711099,44.080978],[-79.711247,44.080956],[-79.711227,44.080885],[-79.711079,44.080907],[-79.711099,44.080978]]]}},{"type":"Feature","properties":{"k":"tee"},"geometry":{"type":"Polygon","coordinates":[[[-79.708674,44.079347],[-79.708777,44.079377],[-79.708824,44.079292],[-79.708721,44.079262],[-79.708674,44.079347]]]}},{"type":"Feature","properties":{"k":"tee"},"geometry":{"type":"Polygon","coordinates":[[[-79.708356,44.0793],[-79.708485,44.079327],[-79.708516,44.07925],[-79.708387,44.079223],[-79.708356,44.0793]]]}},{"type":"Feature","properties":{"k":"tee"},"geometry":{"type":"Polygon","coordinates":[[[-79.707998,44.079243],[-79.708137,44.079293],[-79.708193,44.079213],[-79.708054,44.079163],[-79.707998,44.079243]]]}},{"type":"Feature","properties":{"k":"tee"},"geometry":{"type":"Polygon","coordinates":[[[-79.707644,44.079168],[-79.707751,44.0792],[-79.707814,44.079089],[-79.707707,44.079057],[-79.707644,44.079168]]]}},{"type":"Feature","properties":{"k":"tee"},"geometry":{"type":"Polygon","coordinates":[[[-79.707415,44.079063],[-79.707521,44.079094],[-79.707567,44.079012],[-79.70746,44.078982],[-79.707415,44.079063]]]}},{"type":"Feature","properties":{"k":"tee"},"geometry":{"type":"Polygon","coordinates":[[[-79.702732,44.080568],[-79.702826,44.080489],[-79.702734,44.080433],[-79.70264,44.080512],[-79.702732,44.080568]]]}},{"type":"Feature","properties":{"k":"green"},"geometry":{"type":"Polygon","coordinates":[[[-79.68725,44.083215],[-79.687199,44.083203],[-79.687159,44.083178],[-79.687127,44.083134],[-79.687119,44.083102],[-79.687129,44.083057],[-79.68719,44.082976],[-79.687234,44.082951],[-79.687306,44.082924],[-79.687334,44.082901],[-79.687351,44.082871],[-79.687395,44.082842],[-79.68753,44.082822],[-79.687575,44.082841],[-79.687598,44.082889],[-79.687601,44.082924],[-79.687589,44.082965],[-79.687598,44.08304],[-79.687577,44.083077],[-79.687502,44.083144],[-79.687402,44.083196],[-79.68733,44.083213],[-79.68725,44.083215]]]}},{"type":"Feature","properties":{"k":"bunker"},"geometry":{"type":"Polygon","coordinates":[[[-79.687363,44.083436],[-79.687331,44.083431],[-79.687307,44.083396],[-79.687319,44.083289],[-79.687338,44.083264],[-79.687429,44.083242],[-79.687473,44.083239],[-79.687506,44.083239],[-79.687539,44.083252],[-79.687548,44.083277],[-79.687536,44.083292],[-79.68756,44.083311],[-79.687564,44.083343],[-79.687545,44.083386],[-79.687515,44.08341],[-79.687408,44.083418],[-79.687363,44.083436]]]}},{"type":"Feature","properties":{"k":"fairway"},"geometry":{"type":"Polygon","coordinates":[[[-79.687351,44.082958],[-79.68722,44.082932],[-79.68711,44.082969],[-79.687047,44.083005],[-79.68698,44.083075],[-79.686872,44.083355],[-79.686825,44.083595],[-79.686837,44.083667],[-79.686828,44.083764],[-79.686788,44.083897],[-79.686763,44.084036],[-79.686772,44.084097],[-79.686681,44.08435],[-79.686641,44.08442],[-79.68659,44.084679],[-79.68662,44.084808],[-79.68655,44.084965],[-79.686482,44.085064],[-79.686459,44.085136],[-79.686501,44.085277],[-79.686538,44.085346],[-79.686662,44.085453],[-79.686735,44.085482],[-79.686907,44.085495],[-79.68698,44.08549],[-79.687061,44.085463],[-79.687122,44.08541],[-79.687145,44.085371],[-79.687157,44.085316],[-79.687152,44.085225],[-79.687122,44.085172],[-79.687124,44.085128],[-79.687215,44.084984],[-79.687262,44.084777],[-79.687271,44.084672],[-79.687255,44.084593],[-79.687199,44.084457],[-79.687185,44.08434],[-79.687243,44.084091],[-79.68737,44.083788],[-79.687395,44.083694],[-79.687395,44.083637],[-79.687374,44.083568],[-79.687281,44.083432],[-79.687267,44.083368],[-79.687274,44.083258],[-79.687378,44.083206],[-79.687412,44.083159],[-79.687351,44.082958]]]}},{"type":"Feature","properties":{"k":"bunker"},"geometry":{"type":"Polygon","coordinates":[[[-79.68708,44.083597],[-79.687095,44.083595],[-79.687105,44.083585],[-79.687099,44.083556],[-79.687078,44.08351],[-79.687052,44.083511],[-79.68702,44.083526],[-79.687019,44.083551],[-79.687045,44.083589],[-79.68708,44.083597]]]}},{"type":"Feature","properties":{"k":"bunker"},"geometry":{"type":"Polygon","coordinates":[[[-79.687295,44.085231],[-79.687328,44.085212],[-79.68736,44.085163],[-79.687367,44.085143],[-79.687339,44.085111],[-79.687318,44.085113],[-79.687291,44.085158],[-79.687277,44.085153],[-79.687272,44.085125],[-79.68725,44.085116],[-79.687223,44.085121],[-79.687206,44.085142],[-79.687222,44.08517],[-79.687265,44.085205],[-79.687263,44.085224],[-79.687277,44.085235],[-79.687295,44.085231]]]}},{"type":"Feature","properties":{"k":"bunker"},"geometry":{"type":"Polygon","coordinates":[[[-79.686835,44.085114],[-79.686831,44.085088],[-79.686819,44.085074],[-79.686789,44.085071],[-79.686755,44.085093],[-79.686727,44.085159],[-79.686677,44.085219],[-79.686679,44.085257],[-79.686719,44.085285],[-79.686781,44.085299],[-79.686817,44.085287],[-79.686845,44.085262],[-79.686849,44.085228],[-79.686829,44.085167],[-79.686835,44.085114]]]}},{"type":"Feature","properties":{"k":"bunker"},"geometry":{"type":"Polygon","coordinates":[[[-79.686446,44.084964],[-79.686486,44.084954],[-79.686488,44.084928],[-79.686463,44.084914],[-79.686483,44.084871],[-79.686562,44.08486],[-79.686575,44.084833],[-79.686566,44.084753],[-79.686532,44.084733],[-79.686474,44.084745],[-79.686426,44.084768],[-79.686461,44.084805],[-79.686451,44.084819],[-79.686414,44.084828],[-79.686408,44.084854],[-79.686417,44.084873],[-79.686408,44.08489],[-79.686384,44.084897],[-79.686376,44.084914],[-79.686398,44.084949],[-79.686446,44.084964]]]}},{"type":"Feature","properties":{"k":"path"},"geometry":{"type":"LineString","coordinates":[[-79.701028,44.078609],[-79.700985,44.07865],[-79.700934,44.078674],[-79.700868,44.078688],[-79.700798,44.07869],[-79.700787,44.078662],[-79.700904,44.078597],[-79.700989,44.078563],[-79.701028,44.078609]]}},{"type":"Feature","properties":{"k":"green"},"geometry":{"type":"Polygon","coordinates":[[[-79.702528,44.079954],[-79.702533,44.079985],[-79.7025,44.080061],[-79.7025,44.080126],[-79.702478,44.080146],[-79.702437,44.080161],[-79.702355,44.080167],[-79.702309,44.080161],[-79.702275,44.080134],[-79.702261,44.080104],[-79.702264,44.079982],[-79.70229,44.079932],[-79.702349,44.079897],[-79.702429,44.079894],[-79.702512,44.079921],[-79.702528,44.079954]]]}},{"type":"Feature","properties":{"k":"bunker"},"geometry":{"type":"Polygon","coordinates":[[[-79.702665,44.080078],[-79.702714,44.080042],[-79.70272,44.080029],[-79.702698,44.079987],[-79.702701,44.079941],[-79.702675,44.079901],[-79.702658,44.079893],[-79.702632,44.079896],[-79.702609,44.079911],[-79.702591,44.079923],[-79.702588,44.079939],[-79.702642,44.079968],[-79.70264,44.080002],[-79.702624,44.080011],[-79.702582,44.080013],[-79.702564,44.080027],[-79.702574,44.080067],[-79.70259,44.080076],[-79.702645,44.080072],[-79.702665,44.080078]]]}},{"type":"Feature","properties":{"k":"bunker"},"geometry":{"type":"Polygon","coordinates":[[[-79.70238,44.079845],[-79.702402,44.079851],[-79.702421,44.079845],[-79.702424,44.079826],[-79.702418,44.079805],[-79.702383,44.079791],[-79.702363,44.079799],[-79.702356,44.079815],[-79.702321,44.079838],[-79.702332,44.079855],[-79.702347,44.079861],[-79.702366,44.079859],[-79.70238,44.079845]]]}},{"type":"Feature","properties":{"k":"fairway"},"geometry":{"type":"Polygon","coordinates":[[[-79.702557,44.079906],[-79.702672,44.079833],[-79.702752,44.079819],[-79.702818,44.079781],[-79.702845,44.079716],[-79.702818,44.079672],[-79.702791,44.079646],[-79.702682,44.079631],[-79.70256,44.079666],[-79.702514,44.079703],[-79.702484,44.079759],[-79.702481,44.079803],[-79.702444,44.079852],[-79.702415,44.07987],[-79.702372,44.079881],[-79.702318,44.079887],[-79.702284,44.079877],[-79.702219,44.079883],[-79.702198,44.079901],[-79.702178,44.079943],[-79.702155,44.080069],[-79.702162,44.080115],[-79.702186,44.080198],[-79.702212,44.080227],[-79.702259,44.080255],[-79.702319,44.080266],[-79.702428,44.080257],[-79.702485,44.08024],[-79.70253,44.080213],[-79.702588,44.080161],[-79.702583,44.08012],[-79.702534,44.080074],[-79.702536,44.080036],[-79.702564,44.079963],[-79.702553,44.079932],[-79.702557,44.079906]]]}},{"type":"Feature","properties":{"k":"bunker"},"geometry":{"type":"Polygon","coordinates":[[[-79.703383,44.078377],[-79.703441,44.078372],[-79.703469,44.078323],[-79.703492,44.078318],[-79.703525,44.078331],[-79.703563,44.07832],[-79.703579,44.078298],[-79.703534,44.078271],[-79.703532,44.078249],[-79.703516,44.078234],[-79.703485,44.078227],[-79.703429,44.078281],[-79.703392,44.078286],[-79.703362,44.078306],[-79.703352,44.078357],[-79.703383,44.078377]]]}},{"type":"Feature","properties":{"k":"bunker"},"geometry":{"type":"Polygon","coordinates":[[[-79.703533,44.078414],[-79.703556,44.078387],[-79.703559,44.078376],[-79.703546,44.078366],[-79.703515,44.078362],[-79.703463,44.078377],[-79.703461,44.078408],[-79.703477,44.078418],[-79.703504,44.078404],[-79.703533,44.078414]]]}},{"type":"Feature","properties":{"k":"bunker"},"geometry":{"type":"Polygon","coordinates":[[[-79.702395,44.078195],[-79.702415,44.078198],[-79.70243,44.078189],[-79.702437,44.078154],[-79.702462,44.078146],[-79.702478,44.078156],[-79.702508,44.07816],[-79.702533,44.078154],[-79.702553,44.078139],[-79.702552,44.078122],[-79.702454,44.078065],[-79.702429,44.078079],[-79.702417,44.078099],[-79.702359,44.078117],[-79.702323,44.078135],[-79.702312,44.078149],[-79.702333,44.078184],[-79.702395,44.078195]]]}},{"type":"Feature","properties":{"k":"bunker"},"geometry":{"type":"Polygon","coordinates":[[[-79.702586,44.078083],[-79.702615,44.078066],[-79.702617,44.078046],[-79.702635,44.078039],[-79.702684,44.078041],[-79.702704,44.078003],[-79.70268,44.07799],[-79.70262,44.077988],[-79.702588,44.077977],[-79.702527,44.077993],[-79.702512,44.078012],[-79.702519,44.078056],[-79.702543,44.078075],[-79.702586,44.078083]]]}},{"type":"Feature","properties":{"k":"fairway"},"geometry":{"type":"Polygon","coordinates":[[[-79.703367,44.078239],[-79.703077,44.078341],[-79.703001,44.078383],[-79.702912,44.07842],[-79.702695,44.078485],[-79.70258,44.078508],[-79.702373,44.07851],[-79.702305,44.078495],[-79.702263,44.078466],[-79.702224,44.0784],[-79.702231,44.078353],[-79.702258,44.078308],[-79.702314,44.078275],[-79.702417,44.078247],[-79.702497,44.078237],[-79.702661,44.078175],[-79.702815,44.078088],[-79.702937,44.077996],[-79.703086,44.077922],[-79.703229,44.077875],[-79.703615,44.077779],[-79.703757,44.077737],[-79.704174,44.077596],[-79.704303,44.077545],[-79.704457,44.077511],[-79.704647,44.077489],[-79.704719,44.077491],[-79.704813,44.077531],[-79.70487,44.077596],[-79.704855,44.077676],[-79.704813,44.077732],[-79.704756,44.07776],[-79.704686,44.07777],[-79.704617,44.077769],[-79.704496,44.077785],[-79.704369,44.077742],[-79.704321,44.077751],[-79.704298,44.077775],[-79.704288,44.077863],[-79.704201,44.077962],[-79.70401,44.07805],[-79.703603,44.078173],[-79.703532,44.078175],[-79.703468,44.078194],[-79.703367,44.078239]]]}},{"type":"Feature","properties":{"k":"green"},"geometry":{"type":"Polygon","coordinates":[[[-79.704716,44.077606],[-79.704652,44.077582],[-79.704612,44.077581],[-79.70439,44.077609],[-79.704334,44.077631],[-79.704323,44.077651],[-79.704335,44.077698],[-79.704345,44.077717],[-79.704408,44.077738],[-79.704506,44.077741],[-79.70458,44.077725],[-79.704693,44.077728],[-79.704737,44.077714],[-79.70476,44.077687],[-79.704763,44.077651],[-79.704747,44.077622],[-79.704716,44.077606]]]}},{"type":"Feature","properties":{"k":"bunker"},"geometry":{"type":"Polygon","coordinates":[[[-79.704371,44.077819],[-79.704431,44.077792],[-79.704413,44.077772],[-79.704356,44.077766],[-79.704338,44.077773],[-79.704335,44.077799],[-79.704355,44.077819],[-79.704371,44.077819]]]}},{"type":"Feature","properties":{"k":"bunker"},"geometry":{"type":"Polygon","coordinates":[[[-79.704643,44.077855],[-79.704665,44.077858],[-79.704677,44.077831],[-79.704708,44.077816],[-79.704716,44.077803],[-79.704697,44.077798],[-79.704628,44.077801],[-79.704595,44.077819],[-79.704592,44.07783],[-79.704611,44.077852],[-79.704623,44.07786],[-79.704643,44.077855]]]}},{"type":"Feature","properties":{"k":"green"},"geometry":{"type":"Polygon","coordinates":[[[-79.704876,44.078765],[-79.704935,44.078738],[-79.704982,44.078625],[-79.704982,44.078547],[-79.704915,44.078439],[-79.704875,44.078416],[-79.704791,44.078407],[-79.704761,44.078413],[-79.704731,44.078428],[-79.704715,44.078442],[-79.704708,44.078468],[-79.704708,44.078499],[-79.704768,44.078617],[-79.704772,44.078649],[-79.704758,44.078736],[-79.70477,44.078755],[-79.704791,44.078766],[-79.704876,44.078765]]]}},{"type":"Feature","properties":{"k":"bunker"},"geometry":{"type":"Polygon","coordinates":[[[-79.704631,44.078599],[-79.70465,44.0786],[-79.704688,44.07858],[-79.704694,44.07856],[-79.704676,44.078529],[-79.704663,44.078523],[-79.704578,44.078536],[-79.704561,44.078549],[-79.70456,44.07857],[-79.70457,44.078583],[-79.704631,44.078599]]]}},{"type":"Feature","properties":{"k":"bunker"},"geometry":{"type":"Polygon","coordinates":[[[-79.704693,44.078674],[-79.704728,44.078665],[-79.704718,44.078648],[-79.70472,44.078628],[-79.704704,44.07862],[-79.704649,44.078628],[-79.704625,44.07865],[-79.704634,44.07867],[-79.704666,44.078685],[-79.704686,44.078686],[-79.704693,44.078674]]]}},{"type":"Feature","properties":{"k":"fairway"},"geometry":{"type":"Polygon","coordinates":[[[-79.704666,44.078456],[-79.704674,44.078432],[-79.704724,44.078386],[-79.704776,44.078376],[-79.704877,44.078372],[-79.704916,44.07838],[-79.705007,44.078422],[-79.705079,44.078487],[-79.705119,44.078563],[-79.705117,44.078642],[-79.705096,44.078682],[-79.704952,44.078829],[-79.704844,44.078952],[-79.704814,44.079006],[-79.704534,44.079316],[-79.704461,44.079376],[-79.704355,44.079433],[-79.70429,44.079459],[-79.704248,44.079484],[-79.704221,44.079514],[-79.704177,44.079615],[-79.704173,44.079725],[-79.704136,44.079805],[-79.70404,44.079902],[-79.703978,44.079927],[-79.703697,44.079971],[-79.703657,44.079996],[-79.703414,44.080245],[-79.703301,44.080329],[-79.703241,44.080366],[-79.703178,44.080387],[-79.703095,44.080381],[-79.703033,44.08035],[-79.702992,44.080309],[-79.702972,44.080262],[-79.702975,44.080188],[-79.702998,44.080114],[-79.703063,44.080022],[-79.703141,44.079945],[-79.703203,44.07986],[-79.703428,44.079699],[-79.703772,44.079477],[-79.703813,44.079445],[-79.703834,44.079405],[-79.703894,44.079337],[-79.703974,44.079269],[-79.704246,44.079113],[-79.704381,44.079013],[-79.704662,44.078765],[-79.704731,44.078692],[-79.704748,44.078651],[-79.704666,44.078456]]]}},{"type":"Feature","properties":{"k":"bunker"},"geometry":{"type":"Polygon","coordinates":[[[-79.703836,44.080103],[-79.703792,44.080115],[-79.703736,44.0801],[-79.703718,44.080087],[-79.703724,44.080059],[-79.70371,44.080038],[-79.703717,44.080018],[-79.703767,44.079991],[-79.703793,44.079991],[-79.703798,44.080038],[-79.70381,44.080043],[-79.703838,44.080025],[-79.703864,44.080021],[-79.703858,44.079989],[-79.70387,44.079972],[-79.70389,44.079971],[-79.703919,44.079995],[-79.703947,44.079992],[-79.703969,44.080003],[-79.703943,44.080056],[-79.703885,44.080064],[-79.703836,44.080103]]]}},{"type":"Feature","properties":{"k":"bunker"},"geometry":{"type":"Polygon","coordinates":[[[-79.703757,44.079436],[-79.703782,44.079393],[-79.70375,44.079372],[-79.703731,44.079364],[-79.703705,44.079394],[-79.703691,44.079395],[-79.70366,44.079366],[-79.703622,44.079378],[-79.703607,44.079416],[-79.703623,44.079439],[-79.703685,44.079451],[-79.70373,44.079449],[-79.703757,44.079436]]]}},{"type":"Feature","properties":{"k":"bunker"},"geometry":{"type":"Polygon","coordinates":[[[-79.704314,44.079551],[-79.704347,44.079539],[-79.704361,44.079522],[-79.704368,44.079484],[-79.704344,44.079475],[-79.704278,44.079489],[-79.704269,44.079532],[-79.704281,44.07955],[-79.704314,44.079551]]]}},{"type":"Feature","properties":{"k":"bunker"},"geometry":{"type":"Polygon","coordinates":[[[-79.704491,44.079532],[-79.704461,44.079509],[-79.704457,44.079478],[-79.704466,44.079464],[-79.704526,44.079463],[-79.704554,44.079487],[-79.704546,44.079499],[-79.704516,44.079509],[-79.704506,44.079527],[-79.704491,44.079532]]]}},{"type":"Feature","properties":{"k":"green"},"geometry":{"type":"Polygon","coordinates":[[[-79.704192,44.08084],[-79.704017,44.080885],[-79.703927,44.080884],[-79.703858,44.080846],[-79.703829,44.080817],[-79.70382,44.080782],[-79.703831,44.080758],[-79.703862,44.080739],[-79.703949,44.08071],[-79.703993,44.080715],[-79.704119,44.080748],[-79.704204,44.080781],[-79.70422,44.080799],[-79.704221,44.080824],[-79.704192,44.08084]]]}},{"type":"Feature","properties":{"k":"bunker"},"geometry":{"type":"Polygon","coordinates":[[[-79.704287,44.080955],[-79.704319,44.080935],[-79.704314,44.080919],[-79.704277,44.08089],[-79.70424,44.080888],[-79.704209,44.080898],[-79.704142,44.0809],[-79.704125,44.080918],[-79.704151,44.080964],[-79.704181,44.080973],[-79.704234,44.080972],[-79.704287,44.080955]]]}},{"type":"Feature","properties":{"k":"bunker"},"geometry":{"type":"Polygon","coordinates":[[[-79.704059,44.080997],[-79.704094,44.080986],[-79.704103,44.080956],[-79.704072,44.080929],[-79.704043,44.080926],[-79.70402,44.080941],[-79.704005,44.080974],[-79.704059,44.080997]]]}},{"type":"Feature","properties":{"k":"bunker"},"geometry":{"type":"Polygon","coordinates":[[[-79.703974,44.08067],[-79.703997,44.080661],[-79.704013,44.080639],[-79.704008,44.080623],[-79.703989,44.080613],[-79.703947,44.080615],[-79.703919,44.080624],[-79.703913,44.080637],[-79.703929,44.080663],[-79.703946,44.080671],[-79.703974,44.08067]]]}},{"type":"Feature","properties":{"k":"bunker"},"geometry":{"type":"Polygon","coordinates":[[[-79.704453,44.080668],[-79.704485,44.080659],[-79.704496,44.080641],[-79.704476,44.080608],[-79.70444,44.080598],[-79.704421,44.080608],[-79.704397,44.080654],[-79.704408,44.080665],[-79.704453,44.080668]]]}},{"type":"Feature","properties":{"k":"bunker"},"geometry":{"type":"Polygon","coordinates":[[[-79.705206,44.080789],[-79.705227,44.080782],[-79.705242,44.080748],[-79.705189,44.080723],[-79.705167,44.080732],[-79.70516,44.08075],[-79.705145,44.080754],[-79.705142,44.080771],[-79.70518,44.080787],[-79.705206,44.080789]]]}},{"type":"Feature","properties":{"k":"bunker"},"geometry":{"type":"Polygon","coordinates":[[[-79.70533,44.080966],[-79.705352,44.080952],[-79.705358,44.080924],[-79.705344,44.08091],[-79.705287,44.080895],[-79.705244,44.080922],[-79.705251,44.080952],[-79.705281,44.080962],[-79.70533,44.080966]]]}},{"type":"Feature","properties":{"k":"bunker"},"geometry":{"type":"Polygon","coordinates":[[[-79.706134,44.081097],[-79.706173,44.081086],[-79.706192,44.081051],[-79.706166,44.081036],[-79.706106,44.081024],[-79.706085,44.081038],[-79.706092,44.081078],[-79.70611,44.081093],[-79.706134,44.081097]]]}},{"type":"Feature","properties":{"k":"bunker"},"geometry":{"type":"Polygon","coordinates":[[[-79.705874,44.080724],[-79.705915,44.080718],[-79.705918,44.080688],[-79.705892,44.080677],[-79.705847,44.080687],[-79.70582,44.080683],[-79.705812,44.080696],[-79.705827,44.08071],[-79.705874,44.080724]]]}},{"type":"Feature","properties":{"k":"bunker"},"geometry":{"type":"Polygon","coordinates":[[[-79.707044,44.080984],[-79.707072,44.080959],[-79.707071,44.080941],[-79.707055,44.080929],[-79.707023,44.080925],[-79.706992,44.080931],[-79.706981,44.080941],[-79.706984,44.080959],[-79.706966,44.080967],[-79.706977,44.080979],[-79.707032,44.080992],[-79.707044,44.080984]]]}},{"type":"Feature","properties":{"k":"bunker"},"geometry":{"type":"Polygon","coordinates":[[[-79.707596,44.080933],[-79.707644,44.080909],[-79.707653,44.080896],[-79.70763,44.080863],[-79.707578,44.080867],[-79.707562,44.080906],[-79.707549,44.080915],[-79.707555,44.080923],[-79.707596,44.080933]]]}},{"type":"Feature","properties":{"k":"bunker"},"geometry":{"type":"Polygon","coordinates":[[[-79.708462,44.08125],[-79.708489,44.08124],[-79.708498,44.081226],[-79.708504,44.081206],[-79.708483,44.081178],[-79.70846,44.081178],[-79.708414,44.081192],[-79.708417,44.081234],[-79.708452,44.081253],[-79.708462,44.08125]]]}},{"type":"Feature","properties":{"k":"fairway"},"geometry":{"type":"Polygon","coordinates":[[[-79.706733,44.081175],[-79.706896,44.081194],[-79.70702,44.081194],[-79.707138,44.081181],[-79.707277,44.081183],[-79.707385,44.081169],[-79.707476,44.081183],[-79.707645,44.081188],[-79.708243,44.081152],[-79.708385,44.081111],[-79.708457,44.081115],[-79.708541,44.081138],[-79.708605,44.081177],[-79.708696,44.081188],[-79.708803,44.081184],[-79.708884,44.081156],[-79.708964,44.081102],[-79.708991,44.081032],[-79.709005,44.080951],[-79.709002,44.080894],[-79.708972,44.080847],[-79.708895,44.080807],[-79.708779,44.080763],[-79.70857,44.080736],[-79.708267,44.080722],[-79.70817,44.080763],[-79.708077,44.080782],[-79.707972,44.080778],[-79.707889,44.080745],[-79.707792,44.08073],[-79.707688,44.080726],[-79.707545,44.080736],[-79.707433,44.080763],[-79.707226,44.080828],[-79.70713,44.080836],[-79.707009,44.080818],[-79.706859,44.080811],[-79.706559,44.080824],[-79.706377,44.080784],[-79.706202,44.08073],[-79.70605,44.080707],[-79.705941,44.080747],[-79.70581,44.080749],[-79.705623,44.080725],[-79.705469,44.08072],[-79.70535,44.08073],[-79.705231,44.080802],[-79.705189,44.080818],[-79.705121,44.080809],[-79.704993,44.080719],[-79.704913,44.080693],[-79.704813,44.080695],[-79.704724,44.080717],[-79.704635,44.080709],[-79.704533,44.08072],[-79.704451,44.08074],[-79.704386,44.080735],[-79.704299,44.08069],[-79.704208,44.080667],[-79.704108,44.080663],[-79.703956,44.080687],[-79.703894,44.080669],[-79.703886,44.080647],[-79.703866,44.080641],[-79.703835,44.080644],[-79.703787,44.080661],[-79.703742,44.080695],[-79.703726,44.080729],[-79.703717,44.080783],[-79.703772,44.080866],[-79.703859,44.080937],[-79.703902,44.080949],[-79.703958,44.080952],[-79.70399,44.080944],[-79.704043,44.080909],[-79.704212,44.080861],[-79.704257,44.080859],[-79.704318,44.080867],[-79.704402,44.080924],[-79.704519,44.080979],[-79.704986,44.081057],[-79.705159,44.081051],[-79.705519,44.081101],[-79.705683,44.081109],[-79.706084,44.08115],[-79.706311,44.081147],[-79.706582,44.08116],[-79.706733,44.081175]]]}},{"type":"Feature","properties":{"k":"bunker"},"geometry":{"type":"Polygon","coordinates":[[[-79.708697,44.081831],[-79.708727,44.081802],[-79.708718,44.081787],[-79.708688,44.081771],[-79.708634,44.081796],[-79.708645,44.081818],[-79.708697,44.081831]]]}},{"type":"Feature","properties":{"k":"bunker"},"geometry":{"type":"Polygon","coordinates":[[[-79.70888,44.081935],[-79.708943,44.081929],[-79.708964,44.081919],[-79.70896,44.081895],[-79.708928,44.081864],[-79.708903,44.081858],[-79.708888,44.081869],[-79.708843,44.081881],[-79.708846,44.081907],[-79.708859,44.081925],[-79.70888,44.081935]]]}},{"type":"Feature","properties":{"k":"bunker"},"geometry":{"type":"Polygon","coordinates":[[[-79.708462,44.081465],[-79.708482,44.081461],[-79.708491,44.081451],[-79.708496,44.08143],[-79.708482,44.081422],[-79.708443,44.081427],[-79.708436,44.081442],[-79.708432,44.081453],[-79.708462,44.081465]]]}},{"type":"Feature","properties":{"k":"green"},"geometry":{"type":"Polygon","coordinates":[[[-79.708957,44.081806],[-79.708998,44.081775],[-79.708997,44.081731],[-79.708929,44.081588],[-79.708873,44.081539],[-79.708839,44.081527],[-79.708764,44.081533],[-79.708706,44.081568],[-79.708671,44.08162],[-79.708679,44.081679],[-79.708714,44.081735],[-79.708777,44.081791],[-79.708838,44.081817],[-79.708873,44.081824],[-79.708911,44.081821],[-79.708957,44.081806]]]}},{"type":"Feature","properties":{"k":"fairway"},"geometry":{"type":"Polygon","coordinates":[[[-79.708983,44.08185],[-79.709034,44.081837],[-79.709069,44.081809],[-79.709081,44.081767],[-79.709075,44.081673],[-79.709023,44.081595],[-79.708995,44.081506],[-79.708966,44.081472],[-79.70893,44.081446],[-79.708789,44.081426],[-79.708722,44.081434],[-79.708671,44.081461],[-79.708589,44.081489],[-79.708192,44.081519],[-79.708022,44.081548],[-79.707899,44.081535],[-79.707643,44.081537],[-79.707538,44.081564],[-79.707418,44.081568],[-79.707082,44.081542],[-79.706975,44.081502],[-79.706839,44.081491],[-79.706768,44.0815],[-79.706685,44.081493],[-79.706617,44.081475],[-79.706525,44.081495],[-79.706439,44.081584],[-79.706352,44.08165],[-79.706294,44.081668],[-79.706161,44.081668],[-79.706004,44.081635],[-79.705881,44.081568],[-79.705804,44.0815],[-79.705702,44.08148],[-79.705604,44.081473],[-79.705499,44.081482],[-79.705391,44.081515],[-79.705305,44.081557],[-79.7052,44.081674],[-79.705175,44.081736],[-79.705212,44.081781],[-79.705403,44.081849],[-79.705711,44.081834],[-79.705767,44.081818],[-79.705878,44.081823],[-79.705964,44.081874],[-79.706103,44.081902],[-79.70622,44.081916],[-79.706322,44.0819],[-79.706392,44.081869],[-79.706482,44.081845],[-79.70658,44.081856],[-79.70675,44.081902],[-79.706885,44.081929],[-79.707021,44.081933],[-79.707101,44.081927],[-79.707166,44.081902],[-79.707425,44.081869],[-79.707637,44.081858],[-79.70781,44.081869],[-79.707893,44.081889],[-79.708185,44.081909],[-79.708275,44.081931],[-79.708392,44.081933],[-79.70846,44.081922],[-79.708509,44.081889],[-79.708534,44.081843],[-79.708581,44.081799],[-79.708659,44.081758],[-79.708689,44.081758],[-79.708802,44.081842],[-79.708832,44.081848],[-79.708916,44.081842],[-79.708983,44.08185]]]}},{"type":"Feature","properties":{"k":"bunker"},"geometry":{"type":"Polygon","coordinates":[[[-79.706363,44.081975],[-79.706383,44.081975],[-79.70642,44.08195],[-79.70642,44.081936],[-79.706387,44.081918],[-79.706359,44.081921],[-79.706339,44.081939],[-79.706335,44.081954],[-79.706363,44.081975]]]}},{"type":"Feature","properties":{"k":"bunker"},"geometry":{"type":"Polygon","coordinates":[[[-79.706213,44.081631],[-79.706232,44.081627],[-79.706256,44.081589],[-79.706253,44.081575],[-79.706229,44.081565],[-79.706212,44.081568],[-79.706182,44.0816],[-79.706186,44.081624],[-79.706213,44.081631]]]}},{"type":"Feature","properties":{"k":"bunker"},"geometry":{"type":"Polygon","coordinates":[[[-79.706035,44.081559],[-79.706071,44.081552],[-79.706095,44.081529],[-79.706092,44.081515],[-79.706044,44.081492],[-79.706028,44.081514],[-79.706009,44.081519],[-79.705989,44.081514],[-79.705999,44.081488],[-79.705986,44.081481],[-79.705946,44.081488],[-79.705925,44.081511],[-79.705947,44.08155],[-79.706008,44.081567],[-79.706035,44.081559]]]}},{"type":"Feature","properties":{"k":"bunker"},"geometry":{"type":"Polygon","coordinates":[[[-79.706312,44.08229],[-79.706337,44.082284],[-79.706345,44.082252],[-79.706367,44.082249],[-79.706384,44.082258],[-79.706398,44.082245],[-79.706404,44.082226],[-79.706388,44.08221],[-79.706398,44.082191],[-79.706426,44.082183],[-79.706438,44.082166],[-79.706428,44.082141],[-79.706385,44.082131],[-79.706341,44.082138],[-79.706333,44.082159],[-79.706345,44.082169],[-79.706343,44.082185],[-79.706331,44.082195],[-79.706302,44.082179],[-79.706278,44.082186],[-79.70631,44.08221],[-79.70631,44.082223],[-79.706284,44.082235],[-79.706261,44.082226],[-79.706233,44.082239],[-79.706274,44.08229],[-79.706312,44.08229]]]}},{"type":"Feature","properties":{"k":"bunker"},"geometry":{"type":"Polygon","coordinates":[[[-79.706376,44.082606],[-79.706388,44.082587],[-79.706376,44.082576],[-79.706359,44.082579],[-79.706351,44.08259],[-79.706357,44.082602],[-79.706376,44.082606]]]}},{"type":"Feature","properties":{"k":"bunker"},"geometry":{"type":"Polygon","coordinates":[[[-79.706205,44.082741],[-79.70625,44.082738],[-79.706278,44.082722],[-79.706296,44.0827],[-79.706276,44.082647],[-79.706239,44.082636],[-79.706148,44.08263],[-79.706118,44.082615],[-79.706071,44.082627],[-79.706034,44.082653],[-79.706063,44.082703],[-79.706093,44.082719],[-79.70613,44.082717],[-79.706174,44.082693],[-79.706195,44.082693],[-79.706201,44.082709],[-79.706189,44.082722],[-79.706205,44.082741]]]}},{"type":"Feature","properties":{"k":"bunker"},"geometry":{"type":"Polygon","coordinates":[[[-79.705788,44.082703],[-79.705823,44.082695],[-79.705839,44.082678],[-79.705839,44.082655],[-79.705825,44.082636],[-79.705752,44.082625],[-79.705723,44.082608],[-79.705689,44.082619],[-79.70567,44.08264],[-79.705682,44.082659],[-79.705735,44.082662],[-79.705766,44.082695],[-79.705788,44.082703]]]}},{"type":"Feature","properties":{"k":"bunker"},"geometry":{"type":"Polygon","coordinates":[[[-79.704463,44.082515],[-79.704433,44.082512],[-79.704417,44.082494],[-79.704415,44.082477],[-79.704427,44.082454],[-79.704461,44.082445],[-79.7045,44.082445],[-79.704527,44.082484],[-79.704463,44.082515]]]}},{"type":"Feature","properties":{"k":"bunker"},"geometry":{"type":"Polygon","coordinates":[[[-79.704075,44.082518],[-79.704109,44.082508],[-79.70412,44.082489],[-79.704105,44.082457],[-79.704082,44.082421],[-79.704043,44.082397],[-79.704006,44.082402],[-79.703987,44.082424],[-79.703987,44.082443],[-79.704008,44.082468],[-79.704036,44.08247],[-79.704038,44.082482],[-79.70402,44.082493],[-79.704024,44.082507],[-79.704038,44.082519],[-79.704075,44.082518]]]}},{"type":"Feature","properties":{"k":"bunker"},"geometry":{"type":"Polygon","coordinates":[[[-79.70422,44.082058],[-79.70422,44.082076],[-79.70421,44.082083],[-79.704222,44.082096],[-79.704249,44.082097],[-79.704291,44.082081],[-79.704312,44.082036],[-79.704291,44.082016],[-79.704257,44.082002],[-79.704226,44.082009],[-79.704173,44.081983],[-79.70413,44.081983],[-79.704105,44.082006],[-79.704104,44.082031],[-79.704121,44.082049],[-79.704143,44.08206],[-79.704164,44.082058],[-79.704176,44.082048],[-79.70422,44.082058]]]}},{"type":"Feature","properties":{"k":"bunker"},"geometry":{"type":"Polygon","coordinates":[[[-79.703541,44.082346],[-79.703569,44.082339],[-79.703585,44.082322],[-79.70358,44.082297],[-79.70355,44.082276],[-79.703507,44.08227],[-79.703472,44.082301],[-79.703483,44.08234],[-79.703511,44.08235],[-79.703541,44.082346]]]}},{"type":"Feature","properties":{"k":"bunker"},"geometry":{"type":"Polygon","coordinates":[[[-79.70307,44.081966],[-79.703102,44.081977],[-79.703139,44.081976],[-79.703172,44.081962],[-79.703179,44.081936],[-79.703165,44.08191],[-79.70313,44.081897],[-79.703091,44.081907],[-79.702978,44.081903],[-79.702948,44.08192],[-79.702937,44.081948],[-79.702976,44.081983],[-79.703006,44.081985],[-79.703045,44.081963],[-79.70307,44.081966]]]}},{"type":"Feature","properties":{"k":"bunker"},"geometry":{"type":"Polygon","coordinates":[[[-79.703095,44.081685],[-79.703137,44.081656],[-79.703123,44.081637],[-79.703066,44.081637],[-79.703051,44.081661],[-79.703067,44.081685],[-79.703095,44.081685]]]}},{"type":"Feature","properties":{"k":"green"},"geometry":{"type":"Polygon","coordinates":[[[-79.703099,44.081744],[-79.703051,44.081738],[-79.70298,44.0817],[-79.702919,44.081682],[-79.702857,44.081685],[-79.702821,44.081694],[-79.702778,44.081728],[-79.702769,44.081755],[-79.702778,44.081804],[-79.702804,44.081826],[-79.702927,44.08186],[-79.702997,44.081856],[-79.70303,44.081863],[-79.703098,44.081863],[-79.703139,44.081856],[-79.703162,44.081819],[-79.703142,44.081779],[-79.703119,44.081751],[-79.703099,44.081744]]]}},{"type":"Feature","properties":{"k":"fairway"},"geometry":{"type":"Polygon","coordinates":[[[-79.703211,44.081977],[-79.703211,44.081948],[-79.703173,44.081893],[-79.703116,44.081885],[-79.703039,44.081888],[-79.702981,44.081878],[-79.702881,44.081906],[-79.702838,44.081907],[-79.702793,44.081896],[-79.702735,44.081849],[-79.702714,44.081821],[-79.702706,44.081712],[-79.70273,44.081687],[-79.702758,44.081665],[-79.70285,44.081642],[-79.70294,44.08164],[-79.702983,44.081653],[-79.703011,44.081677],[-79.703073,44.081709],[-79.703116,44.08171],[-79.703273,44.081785],[-79.7033,44.081816],[-79.703325,44.081887],[-79.703556,44.081989],[-79.703857,44.082028],[-79.703958,44.082051],[-79.704034,44.082076],[-79.704142,44.082133],[-79.704201,44.082151],[-79.704268,44.082146],[-79.704425,44.082101],[-79.704494,44.082095],[-79.704583,44.082112],[-79.704877,44.08212],[-79.705039,44.082137],[-79.705225,44.082168],[-79.70536,44.08217],[-79.70556,44.082194],[-79.705667,44.082193],[-79.705769,44.082182],[-79.705871,44.082184],[-79.706034,44.082222],[-79.706114,44.082258],[-79.706157,44.082293],[-79.706274,44.082333],[-79.706354,44.082322],[-79.706416,44.0823],[-79.706552,44.082224],[-79.706662,44.082211],[-79.706798,44.082218],[-79.707137,44.082211],[-79.707269,44.082229],[-79.707346,44.082291],[-79.707343,44.08235],[-79.707313,44.082437],[-79.70726,44.082485],[-79.707171,44.082532],[-79.707115,44.082578],[-79.707017,44.082623],[-79.70677,44.08264],[-79.706687,44.082658],[-79.706435,44.082627],[-79.706376,44.082632],[-79.706302,44.082616],[-79.706253,44.082589],[-79.706173,44.082572],[-79.705923,44.082587],[-79.705726,44.082561],[-79.705532,44.08255],[-79.705067,44.082554],[-79.704882,44.082565],[-79.704746,44.08255],[-79.704627,44.082524],[-79.704576,44.082501],[-79.704532,44.082434],[-79.704477,44.082409],[-79.704413,44.082412],[-79.70439,44.082431],[-79.704321,44.082462],[-79.704268,44.082463],[-79.704204,44.082443],[-79.704144,44.082407],[-79.704116,44.082371],[-79.704043,44.082351],[-79.703972,44.082349],[-79.70382,44.082322],[-79.703657,44.082256],[-79.703519,44.082222],[-79.703441,44.082219],[-79.703381,44.082201],[-79.703277,44.082144],[-79.703224,44.082039],[-79.703211,44.081977]]]}},{"type":"Feature","properties":{"k":"tee"},"geometry":{"type":"Polygon","coordinates":[[[-79.708061,44.078364],[-79.708153,44.078396],[-79.708205,44.078318],[-79.708113,44.078286],[-79.708061,44.078364]]]}},{"type":"Feature","properties":{"k":"tee"},"geometry":{"type":"Polygon","coordinates":[[[-79.707729,44.078398],[-79.70784,44.07844],[-79.707906,44.07835],[-79.707795,44.078308],[-79.707729,44.078398]]]}},{"type":"Feature","properties":{"k":"tee"},"geometry":{"type":"Polygon","coordinates":[[[-79.707459,44.078418],[-79.707568,44.078452],[-79.70764,44.078332],[-79.707531,44.078298],[-79.707459,44.078418]]]}},{"type":"Feature","properties":{"k":"green"},"geometry":{"type":"Polygon","coordinates":[[[-79.708947,44.078856],[-79.709012,44.078823],[-79.709028,44.078791],[-79.709042,44.078753],[-79.70904,44.078713],[-79.709062,44.078622],[-79.709049,44.078604],[-79.709017,44.078591],[-79.708832,44.078584],[-79.708784,44.078613],[-79.708771,44.078634],[-79.708782,44.07866],[-79.708828,44.078702],[-79.70884,44.078735],[-79.708791,44.078814],[-79.708791,44.07884],[-79.70881,44.078865],[-79.708856,44.078872],[-79.708892,44.078874],[-79.708947,44.078856]]]}},{"type":"Feature","properties":{"k":"bunker"},"geometry":{"type":"Polygon","coordinates":[[[-79.70875,44.078842],[-79.708747,44.078811],[-79.708759,44.078791],[-79.708722,44.07876],[-79.708732,44.078749],[-79.708775,44.078736],[-79.708777,44.078716],[-79.708755,44.078701],[-79.708724,44.078699],[-79.708676,44.078732],[-79.708664,44.078767],[-79.708678,44.078787],[-79.708678,44.078809],[-79.708651,44.078821],[-79.708646,44.078853],[-79.70868,44.078866],[-79.70875,44.078842]]]}},{"type":"Feature","properties":{"k":"bunker"},"geometry":{"type":"Polygon","coordinates":[[[-79.708771,44.078923],[-79.708798,44.078912],[-79.708802,44.078896],[-79.708755,44.078866],[-79.708708,44.078874],[-79.708692,44.078888],[-79.708694,44.078903],[-79.708708,44.078912],[-79.708725,44.078908],[-79.708741,44.078913],[-79.708743,44.078924],[-79.708771,44.078923]]]}},{"type":"Feature","properties":{"k":"fairway"},"geometry":{"type":"Polygon","coordinates":[[[-79.708839,44.07864],[-79.708766,44.078674],[-79.708729,44.078668],[-79.708708,44.078651],[-79.708603,44.078655],[-79.708499,44.078633],[-79.708458,44.078596],[-79.708444,44.078553],[-79.708465,44.078502],[-79.708518,44.078476],[-79.708556,44.078468],[-79.708656,44.078473],[-79.708717,44.078491],[-79.708768,44.078514],[-79.708828,44.078553],[-79.708856,44.078556],[-79.708874,44.078604],[-79.708839,44.07864]]]}},{"type":"Feature","properties":{"k":"green"},"geometry":{"type":"Polygon","coordinates":[[[-79.710927,44.08044],[-79.710893,44.080446],[-79.710823,44.080441],[-79.710746,44.080421],[-79.710703,44.080401],[-79.710669,44.080356],[-79.710672,44.080322],[-79.710688,44.080304],[-79.710708,44.080294],[-79.710825,44.080291],[-79.71087,44.080299],[-79.710906,44.080315],[-79.71093,44.080331],[-79.710959,44.080375],[-79.710962,44.0804],[-79.710953,44.080421],[-79.710927,44.08044]]]}},{"type":"Feature","properties":{"k":"bunker"},"geometry":{"type":"Polygon","coordinates":[[[-79.71062,44.080389],[-79.710591,44.080408],[-79.710564,44.080408],[-79.710522,44.080393],[-79.710521,44.080381],[-79.710544,44.080358],[-79.710572,44.080357],[-79.710599,44.08036],[-79.710617,44.080371],[-79.71062,44.080389]]]}},{"type":"Feature","properties":{"k":"bunker"},"geometry":{"type":"Polygon","coordinates":[[[-79.710753,44.08026],[-79.710779,44.080239],[-79.710773,44.0802],[-79.710752,44.080189],[-79.710702,44.080185],[-79.710681,44.080191],[-79.710686,44.080244],[-79.710729,44.080265],[-79.710753,44.08026]]]}},{"type":"Feature","properties":{"k":"bunker"},"geometry":{"type":"Polygon","coordinates":[[[-79.710476,44.080141],[-79.71043,44.080129],[-79.710404,44.08011],[-79.710394,44.080088],[-79.710407,44.080072],[-79.710448,44.080071],[-79.710467,44.080083],[-79.710505,44.080087],[-79.710498,44.080099],[-79.710501,44.08011],[-79.710514,44.080112],[-79.710512,44.080125],[-79.710498,44.080139],[-79.710476,44.080141]]]}},{"type":"Feature","properties":{"k":"bunker"},"geometry":{"type":"Polygon","coordinates":[[[-79.710409,44.080024],[-79.710433,44.080025],[-79.710477,44.080001],[-79.710466,44.079977],[-79.710473,44.079958],[-79.710439,44.079945],[-79.7104,44.079955],[-79.710388,44.079951],[-79.71036,44.079993],[-79.710341,44.079996],[-79.710295,44.079959],[-79.710297,44.079943],[-79.710311,44.079932],[-79.710353,44.079915],[-79.710363,44.079899],[-79.710356,44.079885],[-79.710296,44.079878],[-79.710268,44.079866],[-79.710245,44.079876],[-79.710199,44.079939],[-79.710181,44.079946],[-79.710166,44.079972],[-79.710179,44.079991],[-79.710211,44.080008],[-79.710247,44.080008],[-79.710318,44.080044],[-79.710349,44.080044],[-79.710409,44.080024]]]}},{"type":"Feature","properties":{"k":"bunker"},"geometry":{"type":"Polygon","coordinates":[[[-79.709941,44.080196],[-79.710002,44.080187],[-79.710026,44.080174],[-79.709991,44.080128],[-79.709976,44.080123],[-79.709909,44.080146],[-79.70991,44.080175],[-79.709941,44.080196]]]}},{"type":"Feature","properties":{"k":"bunker"},"geometry":{"type":"Polygon","coordinates":[[[-79.709643,44.079982],[-79.709683,44.079963],[-79.709686,44.079951],[-79.709682,44.079921],[-79.709635,44.079907],[-79.709626,44.079919],[-79.709606,44.079919],[-79.709592,44.079927],[-79.709603,44.079942],[-79.709582,44.079961],[-79.70961,44.07998],[-79.709643,44.079982]]]}},{"type":"Feature","properties":{"k":"bunker"},"geometry":{"type":"Polygon","coordinates":[[[-79.709872,44.079774],[-79.70992,44.079756],[-79.709919,44.079733],[-79.709931,44.079724],[-79.709926,44.079712],[-79.709901,44.079703],[-79.709868,44.079707],[-79.709857,44.07972],[-79.709832,44.079723],[-79.709813,44.079741],[-79.709812,44.079756],[-79.709825,44.079769],[-79.709872,44.079774]]]}},{"type":"Feature","properties":{"k":"bunker"},"geometry":{"type":"Polygon","coordinates":[[[-79.710796,44.07964],[-79.710808,44.07965],[-79.71084,44.079644],[-79.710851,44.079622],[-79.710845,44.079602],[-79.710912,44.079597],[-79.710921,44.079584],[-79.710914,44.079568],[-79.710854,44.079552],[-79.710824,44.079556],[-79.710807,44.079575],[-79.710759,44.079584],[-79.710752,44.079608],[-79.710796,44.07964]]]}},{"type":"Feature","properties":{"k":"bunker"},"geometry":{"type":"Polygon","coordinates":[[[-79.710727,44.079425],[-79.710794,44.07942],[-79.710801,44.07941],[-79.710792,44.079385],[-79.710739,44.079372],[-79.710688,44.079386],[-79.710685,44.079397],[-79.710705,44.079421],[-79.710727,44.079425]]]}},{"type":"Feature","properties":{"k":"bunker"},"geometry":{"type":"Polygon","coordinates":[[[-79.71075,44.079328],[-79.710772,44.079314],[-79.710778,44.07929],[-79.710765,44.079272],[-79.710715,44.079267],[-79.710651,44.07928],[-79.710642,44.079306],[-79.710657,44.079332],[-79.710721,44.079335],[-79.71075,44.079328]]]}},{"type":"Feature","properties":{"k":"bunker"},"geometry":{"type":"Polygon","coordinates":[[[-79.709936,44.079401],[-79.709963,44.079399],[-79.709984,44.07938],[-79.709984,44.079364],[-79.709953,44.079366],[-79.709944,44.079342],[-79.709919,44.079327],[-79.709901,44.079336],[-79.709881,44.079377],[-79.709892,44.079389],[-79.709936,44.079401]]]}},{"type":"Feature","properties":{"k":"fairway"},"geometry":{"type":"Polygon","coordinates":[[[-79.71098,44.080376],[-79.710999,44.080361],[-79.711011,44.080331],[-79.711013,44.080282],[-79.710978,44.080134],[-79.710995,44.079899],[-79.710965,44.079856],[-79.710861,44.079804],[-79.710845,44.079776],[-79.710725,44.079659],[-79.710493,44.079458],[-79.710413,44.079419],[-79.710302,44.079389],[-79.710183,44.079401],[-79.70998,44.079459],[-79.709916,44.079458],[-79.709844,44.079421],[-79.709815,44.079398],[-79.70978,44.079388],[-79.709734,44.0794],[-79.70969,44.079421],[-79.709647,44.079461],[-79.709635,44.079509],[-79.709652,44.079605],[-79.709686,44.079619],[-79.709769,44.079609],[-79.709893,44.079644],[-79.709957,44.079691],[-79.710091,44.079759],[-79.710313,44.079816],[-79.71047,44.079911],[-79.710569,44.080033],[-79.710608,44.080066],[-79.710785,44.080164],[-79.710802,44.080183],[-79.71081,44.080229],[-79.710778,44.080264],[-79.71075,44.080274],[-79.710683,44.080269],[-79.710629,44.080217],[-79.710567,44.080192],[-79.710486,44.080189],[-79.710453,44.080198],[-79.710424,44.080214],[-79.710402,44.08025],[-79.71041,44.080286],[-79.710445,44.08032],[-79.710474,44.080334],[-79.710615,44.080346],[-79.710644,44.080375],[-79.710705,44.080388],[-79.710925,44.080393],[-79.71098,44.080376]]]}},{"type":"Feature","properties":{"k":"path"},"geometry":{"type":"LineString","coordinates":[[-79.703572,44.080526],[-79.70375,44.080382],[-79.70398,44.080158],[-79.704216,44.080069],[-79.704571,44.079811],[-79.704678,44.079622],[-79.704855,44.079383],[-79.705171,44.07901],[-79.705348,44.078929],[-79.705536,44.078863],[-79.705622,44.078709],[-79.705654,44.078532],[-79.705777,44.078393],[-79.706073,44.078262],[-79.706405,44.078193],[-79.706722,44.078177],[-79.707017,44.078108],[-79.707274,44.078146],[-79.707483,44.078196],[-79.707864,44.078158],[-79.708202,44.078135],[-79.708535,44.078081],[-79.708867,44.078081],[-79.709001,44.078143],[-79.70898,44.078258],[-79.709044,44.078347],[-79.709232,44.078324],[-79.709431,44.078381],[-79.7095,44.078497],[-79.709517,44.078767],[-79.709468,44.078848],[-79.709339,44.078906],[-79.709103,44.079141],[-79.709023,44.079241],[-79.708948,44.079364],[-79.708878,44.079453],[-79.708739,44.079522],[-79.708583,44.079538],[-79.708487,44.079499],[-79.708224,44.079526],[-79.708063,44.07953],[-79.70795,44.079499],[-79.707875,44.079445],[-79.707757,44.079437],[-79.707607,44.079407],[-79.707532,44.07936],[-79.707478,44.079306]]}},{"type":"Feature","properties":{"k":"path"},"geometry":{"type":"LineString","coordinates":[[-79.709243,44.078998],[-79.709409,44.079064],[-79.709656,44.079075],[-79.709859,44.079176],[-79.709996,44.079188],[-79.710566,44.079174],[-79.710772,44.079181],[-79.710924,44.079248],[-79.711032,44.079348],[-79.711141,44.079548],[-79.711337,44.079967],[-79.711389,44.080135],[-79.711298,44.080335],[-79.711281,44.080416],[-79.711319,44.080559],[-79.711394,44.08069],[-79.711437,44.080805],[-79.711448,44.080898],[-79.711405,44.080952],[-79.711303,44.08099],[-79.71096,44.08106],[-79.710761,44.081091],[-79.710605,44.081125],[-79.710439,44.081145],[-79.710316,44.081168],[-79.71023,44.081233],[-79.710005,44.081441],[-79.709876,44.081503],[-79.709736,44.081518],[-79.70935,44.081441],[-79.709259,44.08138],[-79.709243,44.081283],[-79.709259,44.081172],[-79.709356,44.08094],[-79.709356,44.080713],[-79.709393,44.080617],[-79.709388,44.080547],[-79.709323,44.080497],[-79.709216,44.080501],[-79.709082,44.08054],[-79.708867,44.080582],[-79.708535,44.08059],[-79.708427,44.080551],[-79.708342,44.080432],[-79.708245,44.080424],[-79.708063,44.080513],[-79.707929,44.08052],[-79.707639,44.080501],[-79.706968,44.080586],[-79.706657,44.08059],[-79.706421,44.080567],[-79.705949,44.080501],[-79.705439,44.080466],[-79.704914,44.080451],[-79.704249,44.080443],[-79.703943,44.080397],[-79.70375,44.080382]]}},{"type":"Feature","properties":{"k":"range"},"geometry":{"type":"Polygon","coordinates":[[[-79.70062,44.080861],[-79.700648,44.080767],[-79.700549,44.080576],[-79.700149,44.080348],[-79.700072,44.080241],[-79.700047,44.080098],[-79.700061,44.079974],[-79.700025,44.079758],[-79.699937,44.079618],[-79.699778,44.079015],[-79.699689,44.078771],[-79.699604,44.078688],[-79.69942,44.078632],[-79.699282,44.078649],[-79.699091,44.078685],[-79.698765,44.078784],[-79.698606,44.078817],[-79.698454,44.078843],[-79.698231,44.078863],[-79.698093,44.078949],[-79.698095,44.07906],[-79.698309,44.079519],[-79.698313,44.079605],[-79.698415,44.079829],[-79.698489,44.080233],[-79.698539,44.080332],[-79.698776,44.080414],[-79.698911,44.080447],[-79.698985,44.08048],[-79.699102,44.080574],[-79.699201,44.080757],[-79.699219,44.080861],[-79.699173,44.080925],[-79.699187,44.081014],[-79.699268,44.081067],[-79.69925,44.081123],[-79.699265,44.081194],[-79.699318,44.081235],[-79.699739,44.081258],[-79.69988,44.081232],[-79.700149,44.081141],[-79.700443,44.080978],[-79.70062,44.080861]]]}},{"type":"Feature","properties":{"k":"bunker"},"geometry":{"type":"Polygon","coordinates":[[[-79.699297,44.07966],[-79.699294,44.079624],[-79.699351,44.079568],[-79.699377,44.0796],[-79.69938,44.079631],[-79.69934,44.079654],[-79.699297,44.07966]]]}},{"type":"Feature","properties":{"k":"bunker"},"geometry":{"type":"Polygon","coordinates":[[[-79.699686,44.080007],[-79.699697,44.079974],[-79.699681,44.079938],[-79.699651,44.079911],[-79.699608,44.079924],[-79.699603,44.079951],[-79.699632,44.079999],[-79.699667,44.080013],[-79.699686,44.080007]]]}},{"type":"Feature","properties":{"k":"bunker"},"geometry":{"type":"Polygon","coordinates":[[[-79.699627,44.080444],[-79.699659,44.080412],[-79.699662,44.080389],[-79.699632,44.080369],[-79.6996,44.080385],[-79.699592,44.080419],[-79.699592,44.080444],[-79.699627,44.080444]]]}},{"type":"Feature","properties":{"k":"bunker"},"geometry":{"type":"Polygon","coordinates":[[[-79.698895,44.08009],[-79.69893,44.080094],[-79.698938,44.080078],[-79.698924,44.080024],[-79.698932,44.079997],[-79.698897,44.079982],[-79.698863,44.080007],[-79.69886,44.080034],[-79.698876,44.080073],[-79.698895,44.08009]]]}},{"type":"Feature","properties":{"k":"bunker"},"geometry":{"type":"Polygon","coordinates":[[[-79.69849,44.07961],[-79.698562,44.079633],[-79.698592,44.079622],[-79.698597,44.079597],[-79.698578,44.079581],[-79.698533,44.079577],[-79.6985,44.079552],[-79.698471,44.07956],[-79.698455,44.079579],[-79.698465,44.079602],[-79.69849,44.07961]]]}},{"type":"Feature","properties":{"k":"bunker"},"geometry":{"type":"Polygon","coordinates":[[[-79.699104,44.079107],[-79.699141,44.079067],[-79.69919,44.079074],[-79.699171,44.079117],[-79.699139,44.079144],[-79.699104,44.079144],[-79.699096,44.079125],[-79.699104,44.079107]]]}},{"type":"Feature","properties":{"k":"bunker"},"geometry":{"type":"Polygon","coordinates":[[[-79.698994,44.079184],[-79.699015,44.079177],[-79.699015,44.079153],[-79.698983,44.079138],[-79.698938,44.079128],[-79.698919,44.07915],[-79.698924,44.079167],[-79.698943,44.079182],[-79.698994,44.079184]]]}},{"type":"Feature","properties":{"k":"fairway"},"geometry":{"type":"Polygon","coordinates":[[[-79.700637,44.078878],[-79.700687,44.078858],[-79.700697,44.078815],[-79.700683,44.078764],[-79.700648,44.07871],[-79.70058,44.078675],[-79.700506,44.078654],[-79.700272,44.078634],[-79.700195,44.078652],[-79.700099,44.078695],[-79.700053,44.078748],[-79.70005,44.078809],[-79.700103,44.078926],[-79.700149,44.078982],[-79.700226,44.079008],[-79.700304,44.079003],[-79.700372,44.078987],[-79.700453,44.078924],[-79.700527,44.078903],[-79.700598,44.078898],[-79.700637,44.078878]]]}},{"type":"Feature","properties":{"k":"green"},"geometry":{"type":"Polygon","coordinates":[[[-79.698408,44.082218],[-79.698235,44.082248],[-79.698111,44.082299],[-79.698075,44.082291],[-79.698033,44.082263],[-79.698015,44.082207],[-79.698033,44.082171],[-79.698122,44.082157],[-79.698194,44.082137],[-79.698221,44.082117],[-79.698257,44.082069],[-79.698298,44.081977],[-79.698322,44.081967],[-79.698367,44.081965],[-79.698393,44.081971],[-79.698409,44.081989],[-79.698463,44.082106],[-79.698463,44.082178],[-79.698448,44.082201],[-79.698408,44.082218]]]}},{"type":"Feature","properties":{"k":"bunker"},"geometry":{"type":"Polygon","coordinates":[[[-79.69808,44.082119],[-79.698102,44.082101],[-79.698133,44.082109],[-79.698177,44.082095],[-79.698177,44.082083],[-79.698111,44.082009],[-79.698075,44.082016],[-79.698071,44.082052],[-79.698011,44.082045],[-79.697988,44.082054],[-79.697982,44.082071],[-79.697996,44.082095],[-79.698047,44.082125],[-79.698063,44.082131],[-79.69808,44.082119]]]}},{"type":"Feature","properties":{"k":"bunker"},"geometry":{"type":"Polygon","coordinates":[[[-79.698216,44.082043],[-79.698233,44.082039],[-79.698224,44.082015],[-79.698233,44.081977],[-79.698216,44.081968],[-79.698166,44.081977],[-79.69815,44.082005],[-79.698185,44.082035],[-79.698216,44.082043]]]}},{"type":"Feature","properties":{"k":"bunker"},"geometry":{"type":"Polygon","coordinates":[[[-79.698149,44.082394],[-79.698165,44.082388],[-79.698166,44.082342],[-79.698145,44.082336],[-79.698086,44.082339],[-79.698036,44.08238],[-79.698011,44.082375],[-79.698001,44.082364],[-79.698024,44.082329],[-79.698025,44.08231],[-79.698007,44.082301],[-79.697988,44.082292],[-79.697954,44.082294],[-79.697918,44.082321],[-79.697918,44.082339],[-79.697944,44.082373],[-79.697915,44.082402],[-79.697934,44.082433],[-79.697992,44.082435],[-79.698028,44.082445],[-79.698046,44.082436],[-79.698052,44.082405],[-79.698072,44.082394],[-79.69813,44.082399],[-79.698149,44.082394]]]}},{"type":"Feature","properties":{"k":"fairway"},"geometry":{"type":"Polygon","coordinates":[[[-79.698089,44.082185],[-79.698052,44.082151],[-79.698012,44.082146],[-79.697982,44.082131],[-79.697966,44.082103],[-79.697931,44.082096],[-79.697781,44.082113],[-79.697643,44.08214],[-79.697419,44.082195],[-79.697172,44.082287],[-79.697025,44.08244],[-79.69695,44.082472],[-79.696859,44.082495],[-79.696756,44.082509],[-79.69667,44.082509],[-79.696625,44.08249],[-79.696527,44.082499],[-79.69646,44.08253],[-79.696413,44.082569],[-79.696341,44.082609],[-79.696268,44.082636],[-79.69592,44.08268],[-79.695768,44.082742],[-79.695705,44.08276],[-79.695621,44.082764],[-79.695563,44.082737],[-79.695493,44.082717],[-79.695427,44.082713],[-79.695346,44.082738],[-79.695266,44.082796],[-79.695238,44.082868],[-79.695224,44.082948],[-79.695231,44.083005],[-79.695287,44.083118],[-79.695336,44.083171],[-79.695392,44.083196],[-79.695528,44.083215],[-79.695617,44.083208],[-79.695691,44.083186],[-79.695738,44.083158],[-79.695871,44.083131],[-79.69595,44.083106],[-79.696084,44.083019],[-79.696149,44.082995],[-79.696233,44.082975],[-79.696506,44.082935],[-79.696588,44.082908],[-79.696812,44.082784],[-79.696962,44.082757],[-79.697067,44.082759],[-79.697188,44.082718],[-79.697286,44.082658],[-79.697347,44.082634],[-79.697501,44.082614],[-79.697559,44.082614],[-79.697632,44.082596],[-79.697692,44.082572],[-79.697742,44.082542],[-79.697868,44.082428],[-79.697877,44.082395],[-79.697842,44.082319],[-79.697868,44.082289],[-79.69791,44.082262],[-79.697961,44.08226],[-79.698022,44.082276],[-79.698071,44.082265],[-79.698089,44.082185]]]}},{"type":"Feature","properties":{"k":"bunker"},"geometry":{"type":"Polygon","coordinates":[[[-79.696798,44.082963],[-79.696822,44.08296],[-79.696834,44.082943],[-79.696831,44.08291],[-79.696874,44.082869],[-79.696896,44.082865],[-79.696917,44.08288],[-79.696951,44.082888],[-79.696968,44.08287],[-79.696968,44.082853],[-79.696954,44.08284],[-79.696883,44.082809],[-79.696837,44.082828],[-79.696766,44.082886],[-79.696759,44.082907],[-79.696768,44.082948],[-79.696778,44.082962],[-79.696798,44.082963]]]}},{"type":"Feature","properties":{"k":"bunker"},"geometry":{"type":"Polygon","coordinates":[[[-79.696427,44.082464],[-79.696433,44.082448],[-79.696406,44.082405],[-79.696381,44.082397],[-79.696358,44.082404],[-79.696338,44.082435],[-79.69635,44.082445],[-79.696399,44.08245],[-79.696406,44.082462],[-79.696427,44.082464]]]}},{"type":"Feature","properties":{"k":"bunker"},"geometry":{"type":"Polygon","coordinates":[[[-79.696304,44.082543],[-79.696327,44.082528],[-79.696327,44.082509],[-79.696313,44.082494],[-79.696265,44.082487],[-79.696244,44.082498],[-79.696233,44.082515],[-79.696244,44.082535],[-79.696304,44.082543]]]}},{"type":"Feature","properties":{"k":"water"},"geometry":{"type":"Polygon","coordinates":[[[-79.697181,44.081302],[-79.697273,44.081282],[-79.697358,44.081231],[-79.697408,44.081154],[-79.697401,44.080961],[-79.697316,44.080916],[-79.69721,44.080885],[-79.697082,44.080895],[-79.697004,44.080951],[-79.696934,44.081027],[-79.696799,44.081063],[-79.696551,44.081093],[-79.696325,44.081185],[-79.696219,44.081256],[-79.696127,44.081383],[-79.696098,44.081495],[-79.696035,44.081556],[-79.695921,44.081607],[-79.695631,44.081612],[-79.69544,44.081582],[-79.695256,44.081587],[-79.695107,44.081576],[-79.694782,44.081516],[-79.69464,44.081551],[-79.694421,44.081546],[-79.6943,44.081526],[-79.694159,44.081597],[-79.694095,44.081663],[-79.694017,44.081704],[-79.693904,44.081734],[-79.693777,44.081815],[-79.69372,44.081948],[-79.693706,44.082166],[-79.693741,44.082309],[-79.693812,44.082436],[-79.693897,44.082522],[-79.69401,44.082543],[-79.694173,44.082517],[-79.694272,44.082517],[-79.694385,44.082543],[-79.694449,44.082619],[-79.694506,44.082715],[-79.694598,44.082777],[-79.694697,44.082822],[-79.694817,44.082853],[-79.694937,44.082837],[-79.695022,44.082782],[-79.695107,44.08269],[-79.695171,44.082593],[-79.695341,44.082451],[-79.695504,44.082329],[-79.695652,44.082268],[-79.695787,44.082177],[-79.695879,44.082151],[-79.696035,44.082049],[-79.696127,44.082029],[-79.696254,44.081973],[-79.696346,44.081871],[-79.696367,44.081795],[-79.696636,44.081536],[-79.696799,44.081475],[-79.696919,44.081465],[-79.696962,44.081404],[-79.697047,44.081348],[-79.697118,44.081312],[-79.697181,44.081302]]]}},{"type":"Feature","properties":{"k":"bunker"},"geometry":{"type":"Polygon","coordinates":[[[-79.695663,44.082696],[-79.695703,44.082698],[-79.695728,44.082669],[-79.695685,44.082652],[-79.695638,44.082656],[-79.695617,44.08263],[-79.695765,44.082625],[-79.695768,44.082603],[-79.695728,44.082577],[-79.695669,44.082572],[-79.695632,44.082588],[-79.695586,44.082592],[-79.695561,44.082625],[-79.695571,44.082658],[-79.695598,44.082681],[-79.695663,44.082696]]]}},{"type":"Feature","properties":{"k":"green"},"geometry":{"type":"Polygon","coordinates":[[[-79.692073,44.082844],[-79.692115,44.082829],[-79.692141,44.082807],[-79.692166,44.08275],[-79.692145,44.082688],[-79.691846,44.082624],[-79.691799,44.08262],[-79.691759,44.082633],[-79.691731,44.082658],[-79.691718,44.082687],[-79.691725,44.08272],[-79.691804,44.082787],[-79.69197,44.082847],[-79.69201,44.082854],[-79.692073,44.082844]]]}},{"type":"Feature","properties":{"k":"bunker"},"geometry":{"type":"Polygon","coordinates":[[[-79.692273,44.082847],[-79.692248,44.082847],[-79.692213,44.082874],[-79.692215,44.082891],[-79.692281,44.082917],[-79.69232,44.082919],[-79.692384,44.082876],[-79.692384,44.08285],[-79.692365,44.082832],[-79.69236,44.08277],[-79.692315,44.08276],[-79.692286,44.082785],[-79.692254,44.082795],[-79.692258,44.082808],[-79.692279,44.082813],[-79.692291,44.082828],[-79.692273,44.082847]]]}},{"type":"Feature","properties":{"k":"bunker"},"geometry":{"type":"Polygon","coordinates":[[[-79.691911,44.082541],[-79.691893,44.082552],[-79.691899,44.082584],[-79.691937,44.082584],[-79.691992,44.082539],[-79.691999,44.082523],[-79.691956,44.082445],[-79.691925,44.082437],[-79.691877,44.082454],[-79.691865,44.082483],[-79.691878,44.082524],[-79.691907,44.082522],[-79.691918,44.082529],[-79.691911,44.082541]]]}},{"type":"Feature","properties":{"k":"bunker"},"geometry":{"type":"Polygon","coordinates":[[[-79.692071,44.082611],[-79.692107,44.082589],[-79.692081,44.082568],[-79.692058,44.082571],[-79.692036,44.082589],[-79.692045,44.082611],[-79.692071,44.082611]]]}},{"type":"Feature","properties":{"k":"bunker"},"geometry":{"type":"Polygon","coordinates":[[[-79.692122,44.082538],[-79.692144,44.082538],[-79.692159,44.082527],[-79.692158,44.082487],[-79.692142,44.082457],[-79.692114,44.082442],[-79.692076,44.082446],[-79.692036,44.082476],[-79.692037,44.082495],[-79.692072,44.082515],[-79.692111,44.082517],[-79.692122,44.082538]]]}},{"type":"Feature","properties":{"k":"bunker"},"geometry":{"type":"Polygon","coordinates":[[[-79.69225,44.08257],[-79.692291,44.082574],[-79.692326,44.082558],[-79.692324,44.082501],[-79.692365,44.082507],[-79.692391,44.082493],[-79.692386,44.08244],[-79.692326,44.082423],[-79.692282,44.082432],[-79.692261,44.082454],[-79.69226,44.082496],[-79.692274,44.082513],[-79.692269,44.082534],[-79.692251,44.082549],[-79.69225,44.08257]]]}},{"type":"Feature","properties":{"k":"fairway"},"geometry":{"type":"Polygon","coordinates":[[[-79.692177,44.082828],[-79.692236,44.082779],[-79.69231,44.082743],[-79.692352,44.082737],[-79.692503,44.082765],[-79.692787,44.082685],[-79.692855,44.082644],[-79.692908,44.082586],[-79.69292,44.082535],[-79.692902,44.0825],[-79.692843,44.082468],[-79.692785,44.082466],[-79.69273,44.08248],[-79.692672,44.082507],[-79.692464,44.082532],[-79.692416,44.08255],[-79.692316,44.082612],[-79.692271,44.082616],[-79.692227,44.082585],[-79.692206,44.08258],[-79.692159,44.082582],[-79.692085,44.082642],[-79.692032,44.08266],[-79.692005,44.082705],[-79.692047,44.082808],[-79.69213,44.082837],[-79.692177,44.082828]]]}},{"type":"Feature","properties":{"k":"water"},"geometry":{"type":"Polygon","coordinates":[[[-79.691324,44.082058],[-79.691233,44.082063],[-79.691149,44.082034],[-79.691113,44.081987],[-79.691088,44.081936],[-79.691178,44.081789],[-79.691269,44.081675],[-79.691357,44.081649],[-79.691452,44.081646],[-79.691515,44.081704],[-79.691536,44.081758],[-79.691534,44.081801],[-79.691487,44.081859],[-79.691434,44.081893],[-79.691389,44.081944],[-79.691412,44.081992],[-79.691412,44.082045],[-79.691369,44.082069],[-79.691324,44.082058]]]}},{"type":"Feature","properties":{"k":"bunker"},"geometry":{"type":"Polygon","coordinates":[[[-79.690367,44.08171],[-79.690397,44.081709],[-79.690444,44.081677],[-79.690456,44.081655],[-79.690446,44.081631],[-79.69041,44.08162],[-79.690302,44.08162],[-79.690275,44.081628],[-79.690275,44.081655],[-79.690322,44.08171],[-79.690346,44.081716],[-79.690367,44.08171]]]}},{"type":"Feature","properties":{"k":"bunker"},"geometry":{"type":"Polygon","coordinates":[[[-79.691058,44.081406],[-79.691099,44.081402],[-79.691117,44.081383],[-79.691176,44.081386],[-79.691198,44.081377],[-79.691216,44.081355],[-79.691206,44.08133],[-79.69117,44.081319],[-79.691135,44.081325],[-79.691145,44.081308],[-79.691133,44.081297],[-79.691111,44.081298],[-79.691105,44.081285],[-79.69107,44.081303],[-79.691044,44.081307],[-79.691012,44.081345],[-79.691033,44.081391],[-79.691058,44.081406]]]}},{"type":"Feature","properties":{"k":"bunker"},"geometry":{"type":"Polygon","coordinates":[[[-79.691194,44.081493],[-79.691208,44.081474],[-79.6912,44.081453],[-79.691174,44.081441],[-79.691135,44.081459],[-79.691139,44.08149],[-79.691155,44.0815],[-79.691178,44.081501],[-79.691194,44.081493]]]}},{"type":"Feature","properties":{"k":"green"},"geometry":{"type":"Polygon","coordinates":[[[-79.691545,44.0812],[-79.691507,44.081204],[-79.691457,44.081219],[-79.691296,44.081294],[-79.691277,44.08132],[-79.691262,44.081386],[-79.691233,44.081428],[-79.691239,44.081502],[-79.69126,44.081521],[-79.6913,44.081525],[-79.691377,44.081486],[-79.691464,44.081454],[-79.691554,44.081434],[-79.691632,44.081387],[-79.691664,44.081335],[-79.691658,44.081298],[-79.691595,44.081218],[-79.691545,44.0812]]]}},{"type":"Feature","properties":{"k":"fairway"},"geometry":{"type":"Polygon","coordinates":[[[-79.691686,44.08139],[-79.691769,44.081361],[-79.69179,44.081329],[-79.691804,44.08128],[-79.691804,44.081179],[-79.691779,44.081125],[-79.691716,44.081093],[-79.691653,44.081078],[-79.691568,44.081073],[-79.691495,44.081095],[-79.691344,44.081203],[-79.691325,44.08123],[-79.691251,44.081292],[-79.69124,44.08136],[-79.691216,44.081394],[-79.691182,44.081407],[-79.690954,44.08143],[-79.690901,44.081446],[-79.69065,44.081576],[-79.690499,44.081719],[-79.690458,44.081744],[-79.69039,44.081765],[-79.690222,44.081865],[-79.69008,44.081968],[-79.68994,44.082083],[-79.689821,44.082209],[-79.689675,44.082402],[-79.689666,44.082459],[-79.689589,44.082571],[-79.689556,44.0826],[-79.689533,44.082664],[-79.689518,44.08276],[-79.689463,44.082932],[-79.689464,44.083043],[-79.689484,44.083167],[-79.689513,44.083256],[-79.68956,44.083335],[-79.689543,44.083472],[-79.689547,44.083574],[-79.689578,44.083694],[-79.689596,44.083731],[-79.689641,44.083768],[-79.689697,44.083787],[-79.689755,44.083798],[-79.689848,44.083784],[-79.689948,44.083798],[-79.690006,44.083794],[-79.690114,44.083762],[-79.690154,44.083722],[-79.690162,44.083679],[-79.68994,44.083146],[-79.689929,44.082884],[-79.689945,44.082823],[-79.690026,44.082678],[-79.690091,44.082603],[-79.690174,44.082473],[-79.690316,44.08229],[-79.690559,44.08207],[-79.690646,44.081976],[-79.69081,44.08186],[-79.691028,44.081688],[-79.69116,44.081605],[-79.691262,44.081565],[-79.691308,44.081538],[-79.691422,44.081497],[-79.691456,44.081476],[-79.691576,44.08144],[-79.691686,44.08139]]]}},{"type":"Feature","properties":{"k":"bunker"},"geometry":{"type":"Polygon","coordinates":[[[-79.691717,44.08094],[-79.691703,44.080921],[-79.691715,44.080891],[-79.691747,44.080874],[-79.691774,44.08087],[-79.691817,44.080878],[-79.691855,44.080848],[-79.691847,44.080808],[-79.691881,44.080789],[-79.691979,44.080763],[-79.692012,44.080773],[-79.692026,44.080795],[-79.691999,44.080811],[-79.691934,44.080827],[-79.69192,44.080852],[-79.691922,44.080871],[-79.691904,44.080887],[-79.691879,44.08089],[-79.691867,44.080906],[-79.691875,44.080932],[-79.691855,44.080945],[-79.691717,44.08094]]]}},{"type":"Feature","properties":{"k":"bunker"},"geometry":{"type":"Polygon","coordinates":[[[-79.690001,44.081308],[-79.68996,44.081313],[-79.689908,44.081332],[-79.689894,44.081357],[-79.689906,44.081415],[-79.689887,44.081435],[-79.689845,44.081432],[-79.689819,44.081446],[-79.689824,44.081476],[-79.689847,44.081484],[-79.689896,44.081484],[-79.689941,44.081461],[-79.68996,44.081427],[-79.689962,44.081394],[-79.69002,44.08134],[-79.69002,44.081315],[-79.690001,44.081308]]]}},{"type":"Feature","properties":{"k":"bunker"},"geometry":{"type":"Polygon","coordinates":[[[-79.68925,44.081065],[-79.689296,44.08104],[-79.689327,44.080971],[-79.689355,44.080964],[-79.689383,44.080946],[-79.68938,44.080914],[-79.689352,44.0809],[-79.689317,44.080895],[-79.689285,44.080912],[-79.689259,44.081001],[-79.689236,44.081023],[-79.689194,44.081026],[-79.6891,44.081011],[-79.68907,44.08104],[-79.689075,44.081066],[-79.689098,44.081087],[-79.689088,44.081105],[-79.689049,44.081107],[-79.689032,44.081087],[-79.689004,44.08108],[-79.688976,44.081095],[-79.688995,44.081127],[-79.68904,44.081149],[-79.6891,44.081154],[-79.68914,44.081134],[-79.689161,44.081098],[-79.689166,44.08107],[-79.689184,44.081063],[-79.68925,44.081065]]]}},{"type":"Feature","properties":{"k":"bunker"},"geometry":{"type":"Polygon","coordinates":[[[-79.688734,44.081706],[-79.688773,44.081679],[-79.688773,44.081555],[-79.688764,44.081524],[-79.688715,44.081511],[-79.688668,44.081524],[-79.688643,44.081555],[-79.688643,44.081581],[-79.688666,44.081592],[-79.688701,44.081592],[-79.688724,44.081612],[-79.68872,44.081635],[-79.688677,44.081682],[-79.688687,44.081706],[-79.688734,44.081706]]]}},{"type":"Feature","properties":{"k":"bunker"},"geometry":{"type":"Polygon","coordinates":[[[-79.689504,44.081952],[-79.689471,44.081977],[-79.689455,44.082003],[-79.689411,44.082001],[-79.689378,44.081961],[-79.689345,44.081952],[-79.689343,44.08192],[-79.689401,44.081853],[-79.689443,44.081851],[-79.689476,44.081868],[-79.689469,44.08191],[-79.689504,44.081912],[-79.689523,44.081934],[-79.689504,44.081952]]]}},{"type":"Feature","properties":{"k":"bunker"},"geometry":{"type":"Polygon","coordinates":[[[-79.68864,44.08234],[-79.688677,44.082328],[-79.688687,44.082301],[-79.688664,44.082283],[-79.688626,44.082279],[-79.688593,44.082298],[-79.688589,44.082331],[-79.68864,44.08234]]]}},{"type":"Feature","properties":{"k":"bunker"},"geometry":{"type":"Polygon","coordinates":[[[-79.688463,44.082226],[-79.688533,44.082175],[-79.688547,44.082145],[-79.688547,44.082116],[-79.688523,44.082103],[-79.688453,44.0821],[-79.688423,44.082115],[-79.688404,44.082152],[-79.6884,44.082185],[-79.68843,44.082207],[-79.688418,44.082242],[-79.688449,44.082241],[-79.688463,44.082226]]]}},{"type":"Feature","properties":{"k":"bunker"},"geometry":{"type":"Polygon","coordinates":[[[-79.68884,44.082683],[-79.688791,44.082649],[-79.688809,44.082613],[-79.68878,44.082616],[-79.688764,44.082603],[-79.688766,44.082564],[-79.688789,44.082544],[-79.688864,44.082525],[-79.688902,44.082549],[-79.688909,44.082575],[-79.688925,44.082594],[-79.688919,44.082623],[-79.688884,44.08264],[-79.688862,44.082678],[-79.68884,44.082683]]]}},{"type":"Feature","properties":{"k":"green"},"geometry":{"type":"Polygon","coordinates":[[[-79.688705,44.082748],[-79.688747,44.082724],[-79.688753,44.082705],[-79.688718,44.082626],[-79.688716,44.082583],[-79.688735,44.082541],[-79.688726,44.082527],[-79.688695,44.082517],[-79.688621,44.082512],[-79.68855,44.082525],[-79.688504,44.082558],[-79.688485,44.082608],[-79.688486,44.082654],[-79.688507,44.082697],[-79.688549,44.082733],[-79.688585,44.082744],[-79.688639,44.082753],[-79.688705,44.082748]]]}},{"type":"Feature","properties":{"k":"fairway"},"geometry":{"type":"Polygon","coordinates":[[[-79.688759,44.08262],[-79.688826,44.082748],[-79.688819,44.08281],[-79.6888,44.082839],[-79.688723,44.082873],[-79.688568,44.082881],[-79.688528,44.08287],[-79.688479,44.082841],[-79.688369,44.082739],[-79.688338,44.08266],[-79.688351,44.082537],[-79.688391,44.082412],[-79.688365,44.082286],[-79.68838,44.082277],[-79.688469,44.082272],[-79.688517,44.082251],[-79.688578,44.082191],[-79.688588,44.082112],[-79.688557,44.082018],[-79.688556,44.081923],[-79.688579,44.081885],[-79.688621,44.08184],[-79.68877,44.081764],[-79.688798,44.081742],[-79.688859,44.081568],[-79.688959,44.081483],[-79.688989,44.081435],[-79.689015,44.081325],[-79.689049,44.081279],[-79.689131,44.081199],[-79.689176,44.081167],[-79.689336,44.081081],[-79.689385,44.081033],[-79.689488,44.080903],[-79.689676,44.080802],[-79.689907,44.080737],[-79.689982,44.080703],[-79.690078,44.080677],[-79.690159,44.080665],[-79.690237,44.080643],[-79.69031,44.080613],[-79.690647,44.08055],[-79.690787,44.08051],[-79.690863,44.080505],[-79.690932,44.080513],[-79.691037,44.080562],[-79.691153,44.080564],[-79.691214,44.080542],[-79.6913,44.080463],[-79.691385,44.080412],[-79.691505,44.080399],[-79.691608,44.080402],[-79.691788,44.080422],[-79.691912,44.080427],[-79.691997,44.080407],[-79.692093,44.080396],[-79.692156,44.080374],[-79.692213,44.080328],[-79.692252,44.080274],[-79.692312,44.080224],[-79.692376,44.080196],[-79.692443,44.080211],[-79.692499,44.080264],[-79.692521,44.080374],[-79.692524,44.080511],[-79.692464,44.080623],[-79.692376,44.080691],[-79.692188,44.080717],[-79.691986,44.080699],[-79.691848,44.080707],[-79.691732,44.080747],[-79.691618,44.080811],[-79.691505,44.080857],[-79.691381,44.080885],[-79.691208,44.08089],[-79.690942,44.080915],[-79.6905,44.080979],[-79.69044,44.081024],[-79.690415,44.081065],[-79.690344,44.081119],[-79.690238,44.081162],[-79.689937,44.081235],[-79.689831,44.081284],[-79.689474,44.081627],[-79.689293,44.08182],[-79.689265,44.081904],[-79.689261,44.082008],[-79.689197,44.082118],[-79.689038,44.082235],[-79.688964,44.082275],[-79.688878,44.082486],[-79.688824,44.082511],[-79.688766,44.082526],[-79.68875,44.082593],[-79.688759,44.08262]]]}},{"type":"Feature","properties":{"k":"bunker"},"geometry":{"type":"Polygon","coordinates":[[[-79.692164,44.080269],[-79.692187,44.080295],[-79.692166,44.080329],[-79.692114,44.080351],[-79.692042,44.080361],[-79.691965,44.080361],[-79.69193,44.080332],[-79.691911,44.08026],[-79.691921,44.080222],[-79.691967,44.080207],[-79.692044,44.08026],[-79.692164,44.080269]]]}},{"type":"Feature","properties":{"k":"bunker"},"geometry":{"type":"Polygon","coordinates":[[[-79.691818,44.080331],[-79.69186,44.080285],[-79.691818,44.08027],[-79.691813,44.080243],[-79.691778,44.080242],[-79.691738,44.080269],[-79.691745,44.08029],[-79.691788,44.080327],[-79.691818,44.080331]]]}},{"type":"Feature","properties":{"k":"bunker"},"geometry":{"type":"Polygon","coordinates":[[[-79.693833,44.080925],[-79.693863,44.080915],[-79.693876,44.08089],[-79.693876,44.080867],[-79.693895,44.080846],[-79.693949,44.080838],[-79.693981,44.080859],[-79.693981,44.080892],[-79.693954,44.080959],[-79.693919,44.080979],[-79.693881,44.080984],[-79.69386,44.081042],[-79.693831,44.081052],[-79.693696,44.081044],[-79.693675,44.081015],[-79.693699,44.080986],[-79.693758,44.080977],[-79.693787,44.080957],[-79.693804,44.080931],[-79.693833,44.080925]]]}},{"type":"Feature","properties":{"k":"green"},"geometry":{"type":"Polygon","coordinates":[[[-79.693609,44.081001],[-79.693642,44.080994],[-79.693729,44.080914],[-79.693827,44.080841],[-79.693847,44.08081],[-79.693849,44.080766],[-79.693827,44.080739],[-79.693772,44.080711],[-79.693719,44.080701],[-79.69367,44.080708],[-79.693624,44.080752],[-79.693605,44.080784],[-79.693573,44.080809],[-79.693524,44.080889],[-79.69352,44.080939],[-79.693546,44.080971],[-79.693609,44.081001]]]}},{"type":"Feature","properties":{"k":"bunker"},"geometry":{"type":"Polygon","coordinates":[[[-79.694268,44.08059],[-79.6943,44.080573],[-79.6943,44.080506],[-79.694245,44.080509],[-79.694207,44.080524],[-79.694189,44.080546],[-79.694197,44.080565],[-79.694268,44.08059]]]}},{"type":"Feature","properties":{"k":"bunker"},"geometry":{"type":"Polygon","coordinates":[[[-79.694628,44.080607],[-79.694652,44.080591],[-79.694664,44.080571],[-79.694719,44.080539],[-79.694715,44.080506],[-79.694685,44.080487],[-79.694638,44.08048],[-79.694593,44.080498],[-79.694567,44.080498],[-79.694544,44.080515],[-79.694544,44.080543],[-79.694565,44.080568],[-79.694544,44.080582],[-79.694559,44.080597],[-79.694591,44.08061],[-79.694628,44.080607]]]}},{"type":"Feature","properties":{"k":"fairway"},"geometry":{"type":"Polygon","coordinates":[[[-79.693978,44.080837],[-79.693956,44.08082],[-79.693913,44.080824],[-79.693867,44.080844],[-79.693777,44.080831],[-79.693644,44.080733],[-79.693636,44.080689],[-79.69367,44.080654],[-79.693734,44.080627],[-79.693824,44.080609],[-79.693935,44.080601],[-79.694067,44.080603],[-79.694271,44.080667],[-79.694486,44.080654],[-79.694575,44.08068],[-79.694656,44.080663],[-79.694893,44.080578],[-79.694976,44.080583],[-79.695047,44.080565],[-79.69526,44.080488],[-79.695349,44.080472],[-79.695546,44.080377],[-79.695592,44.080333],[-79.695688,44.080308],[-79.695802,44.080346],[-79.695854,44.080417],[-79.695863,44.080485],[-79.695839,44.080561],[-79.695675,44.080693],[-79.695592,44.080817],[-79.695306,44.080941],[-79.695179,44.080972],[-79.695053,44.08103],[-79.694927,44.081061],[-79.694797,44.081068],[-79.694693,44.081085],[-79.694613,44.081112],[-79.694449,44.081136],[-79.694341,44.081134],[-79.694193,44.081116],[-79.69411,44.08107],[-79.694046,44.081012],[-79.694024,44.08093],[-79.693978,44.080837]]]}},{"type":"Feature","properties":{"k":"bunker"},"geometry":{"type":"Polygon","coordinates":[[[-79.694967,44.08053],[-79.695021,44.080518],[-79.695056,44.080491],[-79.695058,44.080416],[-79.69504,44.080399],[-79.695015,44.080393],[-79.694989,44.080412],[-79.694951,44.080418],[-79.694927,44.080433],[-79.694954,44.080451],[-79.694903,44.080497],[-79.694924,44.080528],[-79.694967,44.08053]]]}},{"type":"Feature","properties":{"k":"bunker"},"geometry":{"type":"Polygon","coordinates":[[[-79.695144,44.080468],[-79.695193,44.080459],[-79.695203,44.080426],[-79.695198,44.080401],[-79.695241,44.080393],[-79.695316,44.080422],[-79.695345,44.080397],[-79.695335,44.080366],[-79.695289,44.080341],[-79.695203,44.080362],[-79.695099,44.080433],[-79.695107,44.080461],[-79.695144,44.080468]]]}},{"type":"Feature","properties":{"k":"bunker"},"geometry":{"type":"Polygon","coordinates":[[[-79.68962,44.085113],[-79.689592,44.085116],[-79.689565,44.085107],[-79.689545,44.085091],[-79.689543,44.085074],[-79.68952,44.085067],[-79.689531,44.085049],[-79.689504,44.085048],[-79.68948,44.085025],[-79.689471,44.084989],[-79.6895,44.084969],[-79.689563,44.084955],[-79.689577,44.084964],[-79.689601,44.085022],[-79.689634,44.085057],[-79.689634,44.085094],[-79.68962,44.085113]]]}},{"type":"Feature","properties":{"k":"bunker"},"geometry":{"type":"Polygon","coordinates":[[[-79.68793,44.08513],[-79.687965,44.085138],[-79.687995,44.085132],[-79.688014,44.085107],[-79.687998,44.085086],[-79.687957,44.085078],[-79.687898,44.085105],[-79.687877,44.08509],[-79.687904,44.08508],[-79.687922,44.085051],[-79.687871,44.085038],[-79.687864,44.085018],[-79.687874,44.084976],[-79.68785,44.084961],[-79.687799,44.084953],[-79.687724,44.084961],[-79.687681,44.084984],[-79.687635,44.085022],[-79.687633,44.085055],[-79.68766,44.08509],[-79.687703,44.085107],[-79.687761,44.085111],[-79.687788,44.085099],[-79.687783,44.08513],[-79.687796,44.085157],[-79.687831,44.085173],[-79.68788,44.085173],[-79.687896,44.085151],[-79.687925,44.085171],[-79.687949,44.085165],[-79.68793,44.08513]]]}},{"type":"Feature","properties":{"k":"bunker"},"geometry":{"type":"Polygon","coordinates":[[[-79.688255,44.0865],[-79.688217,44.086505],[-79.68818,44.086497],[-79.688152,44.086478],[-79.68815,44.08645],[-79.688173,44.08643],[-79.688192,44.086441],[-79.688245,44.086436],[-79.688266,44.086453],[-79.688255,44.0865]]]}},{"type":"Feature","properties":{"k":"green"},"geometry":{"type":"Polygon","coordinates":[[[-79.688291,44.086665],[-79.688229,44.086701],[-79.688162,44.086719],[-79.688109,44.086718],[-79.687971,44.086678],[-79.687849,44.086608],[-79.68784,44.086541],[-79.687852,44.086504],[-79.68796,44.086435],[-79.688012,44.086438],[-79.688153,44.086523],[-79.688194,44.086532],[-79.688302,44.086584],[-79.688314,44.086636],[-79.688291,44.086665]]]}},{"type":"Feature","properties":{"k":"fairway"},"geometry":{"type":"Polygon","coordinates":[[[-79.68758,44.085877],[-79.687568,44.08596],[-79.687601,44.086312],[-79.687697,44.086479],[-79.687707,44.086538],[-79.68776,44.086619],[-79.687768,44.086654],[-79.68798,44.086742],[-79.688038,44.086756],[-79.688146,44.086768],[-79.688249,44.086758],[-79.688311,44.086737],[-79.688353,44.08671],[-79.688412,44.08664],[-79.688424,44.086596],[-79.68841,44.08656],[-79.688369,44.086531],[-79.688318,44.086515],[-79.688229,44.086518],[-79.688171,44.086508],[-79.688125,44.08649],[-79.688104,44.08647],[-79.688088,44.086405],[-79.68784,44.086221],[-79.68783,44.086137],[-79.687858,44.086078],[-79.687932,44.085989],[-79.687989,44.085949],[-79.688081,44.085926],[-79.688194,44.085913],[-79.688251,44.085883],[-79.688283,44.085819],[-79.688279,44.085712],[-79.68829,44.085544],[-79.688322,44.085473],[-79.68846,44.085321],[-79.68846,44.085262],[-79.688336,44.085077],[-79.688254,44.084815],[-79.68835,44.084675],[-79.6884,44.084581],[-79.68841,44.084489],[-79.688382,44.084411],[-79.688329,44.084362],[-79.688212,44.084306],[-79.687925,44.084301],[-79.687805,44.084324],[-79.687741,44.084357],[-79.687706,44.084492],[-79.687709,44.084581],[-79.687752,44.084637],[-79.687759,44.08483],[-79.68778,44.084886],[-79.687904,44.084967],[-79.687975,44.085046],[-79.688028,44.085059],[-79.688056,44.0851],[-79.688049,44.08515],[-79.687996,44.085181],[-79.687908,44.085224],[-79.687741,44.08527],[-79.687694,44.085296],[-79.687681,44.085333],[-79.687681,44.085514],[-79.68758,44.085877]]]}},{"type":"Feature","properties":{"k":"green"},"geometry":{"type":"Polygon","coordinates":[[[-79.68954,44.085289],[-79.68947,44.0853],[-79.689435,44.08529],[-79.689386,44.085242],[-79.689307,44.085097],[-79.689317,44.085062],[-79.689369,44.085034],[-79.689406,44.085032],[-79.689447,44.08504],[-79.6896,44.085186],[-79.689613,44.085207],[-79.689602,44.085259],[-79.68954,44.085289]]]}},{"type":"Feature","properties":{"k":"fairway"},"geometry":{"type":"Polygon","coordinates":[[[-79.68945,44.08495],[-79.689454,44.085018],[-79.689548,44.085112],[-79.689578,44.085126],[-79.689622,44.085124],[-79.68965,44.085114],[-79.689787,44.085116],[-79.689861,44.08516],[-79.689878,44.08521],[-79.689863,44.085282],[-79.689818,44.085336],[-79.68972,44.085402],[-79.68963,44.085435],[-79.689496,44.085471],[-79.689393,44.085522],[-79.689315,44.08553],[-79.689258,44.08552],[-79.689212,44.085496],[-79.689183,44.085441],[-79.689179,44.085315],[-79.689167,44.085266],[-79.689092,44.08521],[-79.689072,44.085175],[-79.689031,44.084999],[-79.689044,44.08491],[-79.689086,44.084794],[-79.689091,44.084738],[-79.689067,44.084636],[-79.689068,44.084606],[-79.689083,44.084569],[-79.689124,44.084539],[-79.689187,44.084522],[-79.689262,44.084522],[-79.68932,44.084535],[-79.689414,44.084594],[-79.689441,44.084619],[-79.689469,44.084679],[-79.689474,44.084724],[-79.689449,44.084808],[-79.689465,44.084848],[-79.689468,44.084891],[-79.68945,44.08495]]]}},{"type":"Feature","properties":{"k":"bunker"},"geometry":{"type":"Polygon","coordinates":[[[-79.690081,44.083029],[-79.690056,44.083016],[-79.69003,44.08294],[-79.689983,44.082934],[-79.689962,44.082952],[-79.689967,44.083026],[-79.689986,44.083066],[-79.690023,44.0831],[-79.690009,44.083111],[-79.690006,44.08315],[-79.690047,44.083218],[-79.69006,44.083223],[-79.690074,44.083215],[-79.690112,44.083058],[-79.690081,44.083029]]]}},{"type":"Feature","properties":{"k":"bunker"},"geometry":{"type":"Polygon","coordinates":[[[-79.690123,44.083034],[-79.690149,44.083021],[-79.690161,44.083001],[-79.690161,44.082969],[-79.690128,44.082922],[-79.69013,44.082902],[-79.690091,44.082873],[-79.690051,44.082877],[-79.690039,44.082898],[-79.690065,44.082915],[-79.69006,44.08294],[-79.690086,44.082989],[-79.690091,44.083021],[-79.690101,44.083034],[-79.690123,44.083034]]]}},{"type":"Feature","properties":{"k":"bunker"},"geometry":{"type":"Polygon","coordinates":[[[-79.690204,44.083149],[-79.690215,44.083137],[-79.690179,44.083099],[-79.69019,44.083071],[-79.690206,44.08307],[-79.690254,44.083095],[-79.690267,44.083164],[-79.690218,44.083253],[-79.690225,44.083271],[-79.690216,44.08329],[-79.690167,44.083309],[-79.690138,44.083292],[-79.690078,44.083284],[-79.690067,44.083272],[-79.690067,44.083254],[-79.690098,44.083227],[-79.690164,44.083214],[-79.690151,44.083185],[-79.690171,44.083171],[-79.690168,44.083162],[-79.690191,44.083148],[-79.690204,44.083149]]]}},{"type":"Feature","properties":{"k":"bunker"},"geometry":{"type":"Polygon","coordinates":[[[-79.689417,44.083426],[-79.689494,44.083391],[-79.689511,44.083373],[-79.689462,44.083339],[-79.689457,44.083327],[-79.689388,44.083327],[-79.68936,44.083344],[-79.68934,44.083374],[-79.689336,44.083424],[-79.689345,44.083429],[-79.689417,44.083426]]]}},{"type":"Feature","properties":{"k":"bunker"},"geometry":{"type":"Polygon","coordinates":[[[-79.689332,44.082973],[-79.689366,44.082969],[-79.689397,44.08293],[-79.689393,44.082887],[-79.689354,44.082865],[-79.689294,44.082875],[-79.689273,44.082892],[-79.689267,44.082913],[-79.689332,44.082973]]]}},{"type":"Feature","properties":{"k":"bunker"},"geometry":{"type":"Polygon","coordinates":[[[-79.689414,44.082873],[-79.689443,44.082857],[-79.689442,44.08284],[-79.689476,44.082768],[-79.689397,44.082749],[-79.689369,44.082757],[-79.689361,44.082784],[-79.689327,44.082794],[-79.68931,44.082811],[-79.689312,44.082831],[-79.68935,44.082856],[-79.6894,44.082876],[-79.689414,44.082873]]]}},{"type":"Feature","properties":{"k":"bunker"},"geometry":{"type":"Polygon","coordinates":[[[-79.689557,44.082361],[-79.689593,44.08236],[-79.689625,44.082331],[-79.68964,44.082288],[-79.6896,44.082257],[-79.689562,44.082272],[-79.689522,44.082275],[-79.689488,44.082297],[-79.689496,44.082342],[-79.68953,44.082358],[-79.689557,44.082361]]]}},{"type":"Feature","properties":{"k":"green"},"geometry":{"type":"Polygon","coordinates":[[[-79.697465,44.079313],[-79.697339,44.079353],[-79.697305,44.079344],[-79.697258,44.079307],[-79.697248,44.079275],[-79.697274,44.079207],[-79.697319,44.079163],[-79.697368,44.079132],[-79.697486,44.079104],[-79.697587,44.079103],[-79.697632,44.079115],[-79.697673,44.079163],[-79.697656,44.079196],[-79.697573,44.079259],[-79.697529,44.079307],[-79.697498,44.079322],[-79.697465,44.079313]]]}},{"type":"Feature","properties":{"k":"bunker"},"geometry":{"type":"Polygon","coordinates":[[[-79.697661,44.079412],[-79.697701,44.079396],[-79.697701,44.079373],[-79.697744,44.079322],[-79.697736,44.079306],[-79.697679,44.079288],[-79.697671,44.079271],[-79.69765,44.079264],[-79.697585,44.079309],[-79.697612,44.079354],[-79.697604,44.07938],[-79.697614,44.079402],[-79.697628,44.079418],[-79.697661,44.079412]]]}},{"type":"Feature","properties":{"k":"bunker"},"geometry":{"type":"Polygon","coordinates":[[[-79.69751,44.079434],[-79.697541,44.079437],[-79.697565,44.07943],[-79.697587,44.079379],[-79.697539,44.079361],[-79.697522,44.079347],[-79.697427,44.07937],[-79.697411,44.079394],[-79.697411,44.079412],[-79.697431,44.079431],[-79.697476,44.079451],[-79.69751,44.079434]]]}},{"type":"Feature","properties":{"k":"bunker"},"geometry":{"type":"Polygon","coordinates":[[[-79.697171,44.079307],[-79.697203,44.079306],[-79.697224,44.079288],[-79.697217,44.079269],[-79.697226,44.079234],[-79.697167,44.079202],[-79.697122,44.079212],[-79.697096,44.079233],[-79.697102,44.079249],[-79.697144,44.079262],[-79.697157,44.079275],[-79.697144,44.079288],[-79.697171,44.079307]]]}},{"type":"Feature","properties":{"k":"fairway"},"geometry":{"type":"Polygon","coordinates":[[[-79.697569,44.079287],[-79.697612,44.079255],[-79.697728,44.079202],[-79.697758,44.07917],[-79.697752,44.079125],[-79.697722,44.079099],[-79.697675,44.079077],[-79.697596,44.079061],[-79.697522,44.079065],[-79.697419,44.079096],[-79.697335,44.079097],[-79.697244,44.079125],[-79.697226,44.07916],[-79.69724,44.079252],[-79.697221,44.079344],[-79.697121,44.079447],[-79.69708,44.079502],[-79.696968,44.079705],[-79.696946,44.079794],[-79.696952,44.079936],[-79.696944,44.08004],[-79.696914,44.080125],[-79.696863,44.080185],[-79.696828,44.080262],[-79.696826,44.08032],[-79.696831,44.08041],[-79.696895,44.080476],[-79.696987,44.08052],[-79.697102,44.080553],[-79.697236,44.080626],[-79.697373,44.080728],[-79.69748,44.08079],[-79.697553,44.080821],[-79.697679,44.080813],[-79.697802,44.080749],[-79.697853,44.080713],[-79.697874,44.080643],[-79.697858,44.080578],[-79.697816,44.080537],[-79.69762,44.080485],[-79.697389,44.080308],[-79.697327,44.080273],[-79.697247,44.080242],[-79.697191,44.080204],[-79.697196,44.080165],[-79.697247,44.080138],[-79.697309,44.080086],[-79.697335,44.080052],[-79.697327,44.080003],[-79.697338,44.079896],[-79.697478,44.079664],[-79.697485,44.079591],[-79.697467,44.079524],[-79.697365,44.079431],[-79.697354,44.079399],[-79.697389,44.079366],[-79.697437,44.079346],[-79.69755,44.079323],[-79.697569,44.079287]]]}},{"type":"Feature","properties":{"k":"bunker"},"geometry":{"type":"Polygon","coordinates":[[[-79.697365,44.080139],[-79.697376,44.080186],[-79.697397,44.080199],[-79.697427,44.080198],[-79.697471,44.08018],[-79.697494,44.080134],[-79.697446,44.080105],[-79.69742,44.080106],[-79.697416,44.080124],[-79.697397,44.080133],[-79.697363,44.080128],[-79.697365,44.080139]]]}},{"type":"Feature","properties":{"k":"bunker"},"geometry":{"type":"Polygon","coordinates":[[[-79.697298,44.08022],[-79.697335,44.0802],[-79.697344,44.080159],[-79.697328,44.080149],[-79.697305,44.080149],[-79.697292,44.080173],[-79.697253,44.080182],[-79.697259,44.080199],[-79.697298,44.08022]]]}},{"type":"Feature","properties":{"k":"bunker"},"geometry":{"type":"Polygon","coordinates":[[[-79.696751,44.080204],[-79.696779,44.080196],[-79.696871,44.080133],[-79.696841,44.08011],[-79.696846,44.080087],[-79.696838,44.080069],[-79.696808,44.080069],[-79.696777,44.080079],[-79.696774,44.0801],[-79.696785,44.080118],[-79.696769,44.080128],[-79.696707,44.080115],[-79.696703,44.08014],[-79.696723,44.080149],[-79.696714,44.080162],[-79.696634,44.080151],[-79.69662,44.080162],[-79.696618,44.080181],[-79.696661,44.080204],[-79.696712,44.080214],[-79.696751,44.080204]]]}},{"type":"Feature","properties":{"k":"tee"},"geometry":{"type":"Polygon","coordinates":[[[-79.701245,44.078386],[-79.701134,44.0784],[-79.701149,44.078467],[-79.701261,44.078453],[-79.701245,44.078386]]]}},{"type":"Feature","properties":{"k":"tee"},"geometry":{"type":"Polygon","coordinates":[[[-79.700897,44.078319],[-79.700752,44.078326],[-79.700761,44.078418],[-79.700905,44.078411],[-79.700897,44.078319]]]}},{"type":"Feature","properties":{"k":"tee"},"geometry":{"type":"Polygon","coordinates":[[[-79.700467,44.07834],[-79.700277,44.078347],[-79.700283,44.078425],[-79.700472,44.078418],[-79.700467,44.07834]]]}},{"type":"Feature","properties":{"k":"tee"},"geometry":{"type":"Polygon","coordinates":[[[-79.700018,44.078391],[-79.699891,44.078412],[-79.699913,44.078482],[-79.70004,44.078461],[-79.700018,44.078391]]]}},{"type":"Feature","properties":{"k":"tee"},"geometry":{"type":"Polygon","coordinates":[[[-79.699814,44.078431],[-79.699697,44.078454],[-79.699724,44.078527],[-79.699841,44.078504],[-79.699814,44.078431]]]}},{"type":"Feature","properties":{"k":"tee"},"geometry":{"type":"Polygon","coordinates":[[[-79.707159,44.078345],[-79.70726,44.078379],[-79.707321,44.078284],[-79.70722,44.078251],[-79.707159,44.078345]]]}},{"type":"Feature","properties":{"k":"rough"},"geometry":{"type":"Polygon","coordinates":[[[-79.69206,44.083075],[-79.692073,44.083133],[-79.692004,44.083157],[-79.691918,44.083139],[-79.691817,44.083183],[-79.691764,44.083215],[-79.691479,44.083212],[-79.691373,44.083177],[-79.691207,44.08304],[-79.691089,44.08287],[-79.691081,44.0828],[-79.691138,44.082666],[-79.691687,44.082184],[-79.691735,44.082096],[-79.69217,44.081834],[-79.692215,44.081708],[-79.692402,44.081547],[-79.69254,44.081466],[-79.692902,44.081393],[-79.693142,44.081442],[-79.693248,44.081503],[-79.693276,44.081571],[-79.693244,44.081626],[-79.69328,44.081764],[-79.693203,44.081927],[-79.693223,44.081991],[-79.693227,44.082067],[-79.693146,44.082181],[-79.693126,44.082263],[-79.693065,44.08233],[-79.692922,44.082336],[-79.692857,44.082371],[-79.692613,44.082435],[-79.692528,44.082447],[-79.692357,44.082377],[-79.692199,44.082356],[-79.69206,44.082368],[-79.69191,44.082359],[-79.691808,44.082391],[-79.691727,44.082473],[-79.691621,44.082526],[-79.69156,44.082607],[-79.691528,44.082683],[-79.69152,44.082756],[-79.691577,44.082824],[-79.691711,44.082908],[-79.691971,44.083002],[-79.69206,44.083075]]]}},{"type":"Feature","properties":{"k":"bunker"},"geometry":{"type":"Polygon","coordinates":[[[-79.691661,44.080327],[-79.691633,44.08036],[-79.691591,44.080353],[-79.691539,44.080333],[-79.691513,44.080313],[-79.691539,44.080286],[-79.691584,44.080264],[-79.691663,44.080291],[-79.691661,44.080327]]]}},{"type":"Feature","properties":{"k":"stream"},"geometry":{"type":"LineString","coordinates":[[-79.692479,44.081304],[-79.692184,44.08156],[-79.691721,44.081903]]}},{"type":"Feature","properties":{"k":"stream"},"geometry":{"type":"LineString","coordinates":[[-79.692535,44.081256],[-79.692479,44.081304]]}},{"type":"Feature","properties":{"k":"stream"},"geometry":{"type":"LineString","coordinates":[[-79.698215,44.080767],[-79.697404,44.081023]]}},{"type":"Feature","properties":{"k":"stream"},"geometry":{"type":"LineString","coordinates":[[-79.698301,44.080757],[-79.698215,44.080767]]}},{"type":"Feature","properties":{"k":"stream"},"geometry":{"type":"LineString","coordinates":[[-79.703603,44.077034],[-79.703367,44.077246],[-79.703357,44.077462],[-79.703292,44.077541],[-79.702999,44.077553],[-79.702655,44.077492],[-79.702448,44.07751],[-79.702347,44.077583],[-79.702309,44.077658],[-79.702297,44.078063],[-79.702256,44.078111],[-79.702076,44.078233],[-79.701754,44.078366],[-79.701668,44.078492],[-79.701619,44.078638],[-79.701541,44.078701]]}},{"type":"Feature","properties":{"k":"stream"},"geometry":{"type":"LineString","coordinates":[[-79.701541,44.078701],[-79.701482,44.078748]]}},{"type":"Feature","properties":{"k":"wood"},"geometry":{"type":"Polygon","coordinates":[[[-79.700676,44.078607],[-79.700613,44.078594],[-79.700556,44.078562],[-79.700495,44.078556],[-79.700331,44.078571],[-79.700259,44.078561],[-79.700194,44.078568],[-79.700076,44.078647],[-79.700046,44.078679],[-79.699979,44.078708],[-79.699987,44.078753],[-79.699973,44.078802],[-79.699995,44.078859],[-79.699985,44.078901],[-79.700001,44.078921],[-79.700066,44.078971],[-79.700095,44.079016],[-79.7002,44.079079],[-79.700312,44.079111],[-79.700355,44.07914],[-79.700302,44.079302],[-79.700194,44.079342],[-79.700152,44.079421],[-79.700076,44.079462],[-79.700007,44.079514],[-79.699938,44.079502],[-79.699898,44.079421],[-79.699765,44.078899],[-79.699676,44.078707],[-79.699739,44.07861],[-79.699895,44.078549],[-79.700052,44.078502],[-79.70019,44.078483],[-79.700519,44.07848],[-79.700654,44.078448],[-79.700763,44.078467],[-79.701034,44.078647],[-79.701085,44.078752],[-79.701158,44.078762],[-79.701318,44.078756],[-79.701392,44.078784],[-79.70139,44.078838],[-79.701249,44.078883],[-79.701202,44.078889],[-79.701133,44.078932],[-79.701064,44.078961],[-79.700971,44.078987],[-79.700625,44.078967],[-79.700552,44.078979],[-79.70051,44.079009],[-79.70046,44.079121],[-79.700413,44.079259],[-79.700401,44.079319],[-79.700418,44.079383],[-79.700276,44.079398],[-79.700426,44.07905],[-79.700483,44.078954],[-79.700519,44.078934],[-79.70059,44.078921],[-79.700851,44.078938],[-79.700963,44.078912],[-79.701021,44.078868],[-79.701027,44.078799],[-79.700987,44.078735],[-79.700849,44.078575],[-79.700676,44.078607]]]}}]}