{"type":"FeatureCollection","features":[{"type":"Feature","properties":{"k":"hole","ref":"1","par":4,"hcp":13},"geometry":{"type":"LineString","coordinates":[[-122.493137,37.726085],[-122.491263,37.724083],[-122.490777,37.723241]]}},{"type":"Feature","properties":{"k":"hole","ref":"1","par":4,"hcp":5},"geometry":{"type":"LineString","coordinates":[[-122.491094,37.725635],[-122.489237,37.725276],[-122.487016,37.725749]]}},{"type":"Feature","properties":{"k":"hole","ref":"2","par":4,"hcp":3},"geometry":{"type":"LineString","coordinates":[[-122.490823,37.723926],[-122.488797,37.721884],[-122.488056,37.720795]]}},{"type":"Feature","properties":{"k":"hole","ref":"2","par":3,"hcp":11},"geometry":{"type":"LineString","coordinates":[[-122.486609,37.725894],[-122.485783,37.725352],[-122.485539,37.725098]]}},{"type":"Feature","properties":{"k":"hole","ref":"3","par":3,"hcp":9},"geometry":{"type":"LineString","coordinates":[[-122.488599,37.720789],[-122.487945,37.719345]]}},{"type":"Feature","properties":{"k":"hole","ref":"3","par":3,"hcp":13},"geometry":{"type":"LineString","coordinates":[[-122.485594,37.724751],[-122.486539,37.723378]]}},{"type":"Feature","properties":{"k":"hole","ref":"4","par":5,"hcp":1},"geometry":{"type":"LineString","coordinates":[[-122.487767,37.7184],[-122.486393,37.720686],[-122.487045,37.723112]]}},{"type":"Feature","properties":{"k":"hole","ref":"4","par":3,"hcp":15},"geometry":{"type":"LineString","coordinates":[[-122.487173,37.723476],[-122.486441,37.724487]]}},{"type":"Feature","properties":{"k":"hole","ref":"5","par":4,"hcp":15},"geometry":{"type":"LineString","coordinates":[[-122.487279,37.723839],[-122.487543,37.722464],[-122.487252,37.72135],[-122.487056,37.720558]]}},{"type":"Feature","properties":{"k":"hole","ref":"5","par":3,"hcp":3},"geometry":{"type":"LineString","coordinates":[[-122.486368,37.72475],[-122.488386,37.723794]]}},{"type":"Feature","properties":{"k":"hole","ref":"6","par":4,"hcp":5},"geometry":{"type":"LineString","coordinates":[[-122.487211,37.719868],[-122.48822,37.722255],[-122.489485,37.723253]]}},{"type":"Feature","properties":{"k":"hole","ref":"6","par":3,"hcp":9},"geometry":{"type":"LineString","coordinates":[[-122.4884,37.723503],[-122.490524,37.723716]]}},{"type":"Feature","properties":{"k":"hole","ref":"7","par":4,"hcp":11},"geometry":{"type":"LineString","coordinates":[[-122.49083,37.722954],[-122.489088,37.720875],[-122.489012,37.720566]]}},{"type":"Feature","properties":{"k":"hole","ref":"7","par":4,"hcp":1},"geometry":{"type":"LineString","coordinates":[[-122.490402,37.723973],[-122.487946,37.724491],[-122.486296,37.725161]]}},{"type":"Feature","properties":{"k":"hole","ref":"8","par":3,"hcp":7},"geometry":{"type":"LineString","coordinates":[[-122.488765,37.719745],[-122.490499,37.721224]]}},{"type":"Feature","properties":{"k":"hole","ref":"8","par":4},"geometry":{"type":"LineString","coordinates":[[-122.486517,37.725492],[-122.489035,37.724713]]}},{"type":"Feature","properties":{"k":"hole","ref":"9","par":5,"hcp":17},"geometry":{"type":"LineString","coordinates":[[-122.489761,37.721299],[-122.491837,37.72338],[-122.492885,37.724886]]}},{"type":"Feature","properties":{"k":"hole","ref":"9","par":3,"hcp":7},"geometry":{"type":"LineString","coordinates":[[-122.489408,37.724635],[-122.49064,37.725269]]}},{"type":"Feature","properties":{"k":"hole","ref":"10","par":5,"hcp":4},"geometry":{"type":"LineString","coordinates":[[-122.492778,37.726122],[-122.489682,37.725985],[-122.488319,37.725915],[-122.48698,37.726242]]}},{"type":"Feature","properties":{"k":"hole","ref":"11","par":3,"hcp":12},"geometry":{"type":"LineString","coordinates":[[-122.4868,37.726389],[-122.485281,37.72557],[-122.485088,37.725433]]}},{"type":"Feature","properties":{"k":"hole","ref":"12","par":5,"hcp":16},"geometry":{"type":"LineString","coordinates":[[-122.485003,37.725144],[-122.485844,37.722712],[-122.485777,37.721151]]}},{"type":"Feature","properties":{"k":"hole","ref":"13","par":4,"hcp":14},"geometry":{"type":"LineString","coordinates":[[-122.485422,37.721036],[-122.486536,37.718754],[-122.487109,37.717762]]}},{"type":"Feature","properties":{"k":"hole","ref":"14","par":4,"hcp":6},"geometry":{"type":"LineString","coordinates":[[-122.487092,37.717309],[-122.489307,37.719203],[-122.490393,37.720248]]}},{"type":"Feature","properties":{"k":"hole","ref":"15","par":4,"hcp":10},"geometry":{"type":"LineString","coordinates":[[-122.490665,37.720437],[-122.492656,37.722329],[-122.493666,37.722581]]}},{"type":"Feature","properties":{"k":"hole","ref":"16","par":4,"hcp":8},"geometry":{"type":"LineString","coordinates":[[-122.493754,37.72221],[-122.496599,37.723231],[-122.496869,37.723416]]}},{"type":"Feature","properties":{"k":"hole","ref":"17","par":3,"hcp":18},"geometry":{"type":"LineString","coordinates":[[-122.497129,37.723531],[-122.498222,37.724649]]}},{"type":"Feature","properties":{"k":"path"},"geometry":{"type":"LineString","coordinates":[[-122.493438,37.72451],[-122.493413,37.724538],[-122.493421,37.724572],[-122.493457,37.724592],[-122.4935,37.724585],[-122.493524,37.724555],[-122.493513,37.724521],[-122.493478,37.724504],[-122.493438,37.72451]]}},{"type":"Feature","properties":{"k":"path"},"geometry":{"type":"LineString","coordinates":[[-122.493446,37.724892],[-122.493411,37.724775],[-122.49339,37.724659],[-122.4934,37.724595],[-122.493421,37.724572]]}},{"type":"Feature","properties":{"k":"path"},"geometry":{"type":"LineString","coordinates":[[-122.493507,37.724935],[-122.493487,37.724903],[-122.493446,37.724892],[-122.493406,37.724907],[-122.493391,37.72494],[-122.493411,37.724972],[-122.493452,37.724983],[-122.493492,37.724968],[-122.493507,37.724935]]}},{"type":"Feature","properties":{"k":"bunker"},"geometry":{"type":"Polygon","coordinates":[[[-122.487228,37.726137],[-122.487168,37.726129],[-122.487154,37.726103],[-122.487163,37.726086],[-122.487179,37.72607],[-122.487231,37.72606],[-122.487228,37.726029],[-122.487237,37.726018],[-122.487256,37.726014],[-122.487295,37.726021],[-122.487317,37.726033],[-122.487331,37.72607],[-122.4873,37.726104],[-122.487228,37.726137]]]}},{"type":"Feature","properties":{"k":"tee"},"geometry":{"type":"Polygon","coordinates":[[[-122.497446,37.723916],[-122.497456,37.723901],[-122.497454,37.723881],[-122.497427,37.723858],[-122.497391,37.723851],[-122.497373,37.723859],[-122.497365,37.723884],[-122.497379,37.723909],[-122.497406,37.723924],[-122.497427,37.723925],[-122.497446,37.723916]]]}},{"type":"Feature","properties":{"k":"tee"},"geometry":{"type":"Polygon","coordinates":[[[-122.497516,37.724066],[-122.497542,37.724066],[-122.497562,37.724054],[-122.497568,37.724035],[-122.497548,37.72401],[-122.497511,37.72401],[-122.497494,37.724024],[-122.497496,37.724054],[-122.497516,37.724066]]]}},{"type":"Feature","properties":{"k":"bunker"},"geometry":{"type":"Polygon","coordinates":[[[-122.496723,37.723155],[-122.496767,37.723123],[-122.496775,37.723108],[-122.496773,37.723088],[-122.496719,37.72305],[-122.496653,37.723038],[-122.496573,37.723051],[-122.496562,37.723061],[-122.496562,37.723076],[-122.496582,37.723106],[-122.496644,37.723134],[-122.496669,37.723161],[-122.496704,37.723162],[-122.496723,37.723155]]]}},{"type":"Feature","properties":{"k":"tee"},"geometry":{"type":"Polygon","coordinates":[[[-122.494565,37.72252],[-122.494594,37.722505],[-122.494599,37.722488],[-122.494588,37.722474],[-122.494548,37.722468],[-122.49453,37.722479],[-122.494525,37.722495],[-122.494532,37.722509],[-122.494565,37.72252]]]}},{"type":"Feature","properties":{"k":"bunker"},"geometry":{"type":"Polygon","coordinates":[[[-122.490016,37.725844],[-122.490022,37.725829],[-122.490014,37.725803],[-122.489988,37.725796],[-122.489983,37.725769],[-122.489951,37.725733],[-122.489905,37.725716],[-122.489872,37.725732],[-122.48986,37.725756],[-122.489856,37.725807],[-122.489866,37.725831],[-122.48988,37.725837],[-122.48993,37.725832],[-122.489947,37.72586],[-122.489961,37.725862],[-122.490007,37.725852],[-122.490016,37.725844]]]}},{"type":"Feature","properties":{"k":"bunker"},"geometry":{"type":"Polygon","coordinates":[[[-122.489812,37.725793],[-122.489803,37.725741],[-122.489783,37.725706],[-122.489738,37.725687],[-122.489709,37.725695],[-122.48969,37.72573],[-122.489714,37.725765],[-122.489682,37.725782],[-122.489675,37.725796],[-122.489686,37.72582],[-122.489719,37.725826],[-122.489765,37.725812],[-122.489789,37.725818],[-122.489813,37.725806],[-122.489812,37.725793]]]}},{"type":"Feature","properties":{"k":"bunker"},"geometry":{"type":"Polygon","coordinates":[[[-122.486918,37.726354],[-122.486932,37.726336],[-122.486922,37.726307],[-122.486909,37.726298],[-122.48687,37.7263],[-122.486854,37.72632],[-122.486863,37.726351],[-122.486895,37.726362],[-122.486918,37.726354]]]}},{"type":"Feature","properties":{"k":"bunker"},"geometry":{"type":"Polygon","coordinates":[[[-122.485992,37.721562],[-122.486012,37.721548],[-122.485998,37.721503],[-122.485967,37.721491],[-122.485945,37.721494],[-122.485931,37.721504],[-122.48593,37.721518],[-122.485944,37.721542],[-122.485963,37.721557],[-122.485992,37.721562]]]}},{"type":"Feature","properties":{"k":"bunker"},"geometry":{"type":"Polygon","coordinates":[[[-122.486001,37.721665],[-122.486025,37.721654],[-122.486051,37.721624],[-122.48605,37.721585],[-122.486025,37.721573],[-122.485958,37.721587],[-122.48595,37.721594],[-122.485947,37.721652],[-122.485975,37.72167],[-122.486001,37.721665]]]}},{"type":"Feature","properties":{"k":"tee"},"geometry":{"type":"Polygon","coordinates":[[[-122.485424,37.724312],[-122.485447,37.724334],[-122.485473,37.724335],[-122.485495,37.724322],[-122.485501,37.724302],[-122.485489,37.724283],[-122.485454,37.724275],[-122.485433,37.724285],[-122.485424,37.724312]]]}},{"type":"Feature","properties":{"k":"tee"},"geometry":{"type":"Polygon","coordinates":[[[-122.48537,37.724502],[-122.4854,37.724465],[-122.485394,37.724438],[-122.485383,37.724424],[-122.485342,37.724424],[-122.485314,37.724461],[-122.485315,37.724487],[-122.485335,37.724503],[-122.48537,37.724502]]]}},{"type":"Feature","properties":{"k":"tee"},"geometry":{"type":"Polygon","coordinates":[[[-122.485531,37.720285],[-122.485554,37.720263],[-122.485572,37.720203],[-122.48555,37.720177],[-122.485517,37.72017],[-122.485498,37.720174],[-122.485474,37.720197],[-122.485465,37.720256],[-122.485488,37.720279],[-122.485531,37.720285]]]}},{"type":"Feature","properties":{"k":"bunker"},"geometry":{"type":"Polygon","coordinates":[[[-122.486189,37.719487],[-122.486217,37.719461],[-122.486235,37.719424],[-122.486225,37.719403],[-122.4862,37.719392],[-122.486169,37.719397],[-122.486145,37.719413],[-122.486112,37.719395],[-122.486074,37.719405],[-122.486009,37.719493],[-122.486017,37.719518],[-122.486041,37.719526],[-122.48606,37.719525],[-122.486076,37.719504],[-122.486105,37.719488],[-122.486166,37.719495],[-122.486189,37.719487]]]}},{"type":"Feature","properties":{"k":"tee"},"geometry":{"type":"Polygon","coordinates":[[[-122.48728,37.717482],[-122.487347,37.717536],[-122.487382,37.717554],[-122.487401,37.717555],[-122.487426,37.717537],[-122.487423,37.717504],[-122.48731,37.717413],[-122.487276,37.717414],[-122.487258,37.717432],[-122.487259,37.717456],[-122.48728,37.717482]]]}},{"type":"Feature","properties":{"k":"tee"},"geometry":{"type":"Polygon","coordinates":[[[-122.487765,37.717971],[-122.48775,37.71799],[-122.487754,37.718012],[-122.487774,37.718028],[-122.487815,37.718025],[-122.487835,37.717997],[-122.487826,37.717977],[-122.48779,37.717963],[-122.487765,37.717971]]]}},{"type":"Feature","properties":{"k":"tee"},"geometry":{"type":"Polygon","coordinates":[[[-122.487841,37.718069],[-122.487835,37.718092],[-122.48786,37.718121],[-122.487904,37.71812],[-122.487924,37.718103],[-122.48792,37.718067],[-122.487896,37.718052],[-122.487865,37.718053],[-122.487841,37.718069]]]}},{"type":"Feature","properties":{"k":"bunker"},"geometry":{"type":"Polygon","coordinates":[[[-122.490433,37.720094],[-122.490444,37.720089],[-122.490451,37.720065],[-122.490401,37.720012],[-122.490401,37.720002],[-122.490428,37.719975],[-122.490425,37.719964],[-122.490394,37.719944],[-122.490354,37.719951],[-122.490333,37.719966],[-122.490337,37.719997],[-122.490319,37.72004],[-122.490322,37.720059],[-122.490369,37.720073],[-122.490396,37.720094],[-122.490433,37.720094]]]}},{"type":"Feature","properties":{"k":"tee"},"geometry":{"type":"Polygon","coordinates":[[[-122.491047,37.720883],[-122.491038,37.72084],[-122.491002,37.720809],[-122.49096,37.720804],[-122.490935,37.720812],[-122.490911,37.720831],[-122.490911,37.720862],[-122.490923,37.720881],[-122.490957,37.720903],[-122.491005,37.720911],[-122.49104,37.720895],[-122.491047,37.720883]]]}},{"type":"Feature","properties":{"k":"tee"},"geometry":{"type":"Polygon","coordinates":[[[-122.491122,37.721098],[-122.491159,37.721074],[-122.49117,37.721055],[-122.491165,37.721036],[-122.491153,37.721021],[-122.49112,37.721008],[-122.491101,37.721005],[-122.491059,37.721016],[-122.491034,37.721044],[-122.491041,37.721074],[-122.491084,37.721101],[-122.491122,37.721098]]]}},{"type":"Feature","properties":{"k":"bunker"},"geometry":{"type":"Polygon","coordinates":[[[-122.49245,37.722373],[-122.492451,37.722343],[-122.492424,37.722311],[-122.492377,37.722297],[-122.492377,37.72227],[-122.492317,37.722243],[-122.492283,37.722244],[-122.492271,37.722253],[-122.492255,37.722293],[-122.492269,37.722318],[-122.49233,37.722328],[-122.49234,37.72235],[-122.492373,37.722379],[-122.492424,37.722386],[-122.49245,37.722373]]]}},{"type":"Feature","properties":{"k":"bunker"},"geometry":{"type":"Polygon","coordinates":[[[-122.493587,37.722738],[-122.493616,37.722719],[-122.493616,37.722696],[-122.493602,37.722676],[-122.493559,37.722658],[-122.493547,37.722605],[-122.493522,37.722596],[-122.493499,37.722598],[-122.493479,37.72258],[-122.493431,37.722578],[-122.493408,37.722609],[-122.493417,37.722682],[-122.493464,37.722707],[-122.493483,37.722707],[-122.493494,37.722699],[-122.493513,37.722702],[-122.493549,37.722747],[-122.493575,37.722746],[-122.493587,37.722738]]]}},{"type":"Feature","properties":{"k":"tee"},"geometry":{"type":"Polygon","coordinates":[[[-122.487505,37.719008],[-122.487521,37.719014],[-122.487566,37.719008],[-122.487666,37.71892],[-122.487677,37.718883],[-122.487645,37.718851],[-122.487584,37.718841],[-122.487552,37.718863],[-122.487485,37.718947],[-122.48748,37.718981],[-122.487505,37.719008]]]}},{"type":"Feature","properties":{"k":"tee"},"geometry":{"type":"Polygon","coordinates":[[[-122.4869,37.719403],[-122.486915,37.7194],[-122.486951,37.719378],[-122.48697,37.719342],[-122.48697,37.719323],[-122.486958,37.719307],[-122.486927,37.719295],[-122.48689,37.719307],[-122.486865,37.719327],[-122.486849,37.719355],[-122.486853,37.719385],[-122.48688,37.7194],[-122.4869,37.719403]]]}},{"type":"Feature","properties":{"k":"tee"},"geometry":{"type":"Polygon","coordinates":[[[-122.487287,37.723916],[-122.487308,37.723892],[-122.487341,37.723812],[-122.48734,37.723772],[-122.487314,37.723754],[-122.487283,37.723756],[-122.487251,37.723775],[-122.487212,37.72387],[-122.487222,37.723905],[-122.487242,37.723919],[-122.487266,37.723922],[-122.487287,37.723916]]]}},{"type":"Feature","properties":{"k":"tee"},"geometry":{"type":"Polygon","coordinates":[[[-122.487482,37.723657],[-122.487511,37.723648],[-122.487521,37.723633],[-122.48755,37.723516],[-122.487545,37.723484],[-122.48752,37.723465],[-122.487504,37.723462],[-122.487487,37.723464],[-122.487461,37.723482],[-122.487428,37.723607],[-122.487447,37.723647],[-122.487482,37.723657]]]}},{"type":"Feature","properties":{"k":"tee"},"geometry":{"type":"Polygon","coordinates":[[[-122.488005,37.723389],[-122.488038,37.723373],[-122.488043,37.723356],[-122.488007,37.72325],[-122.487977,37.723199],[-122.487943,37.72319],[-122.487922,37.723194],[-122.487909,37.723205],[-122.487907,37.723235],[-122.487943,37.723338],[-122.487972,37.723383],[-122.488005,37.723389]]]}},{"type":"Feature","properties":{"k":"tee"},"geometry":{"type":"Polygon","coordinates":[[[-122.487886,37.723097],[-122.487922,37.723085],[-122.487938,37.723053],[-122.487935,37.723036],[-122.48791,37.722987],[-122.487877,37.722974],[-122.48785,37.722977],[-122.487823,37.723001],[-122.487824,37.723036],[-122.487851,37.723086],[-122.487886,37.723097]]]}},{"type":"Feature","properties":{"k":"tee"},"geometry":{"type":"Polygon","coordinates":[[[-122.487813,37.722878],[-122.487853,37.722873],[-122.487869,37.722839],[-122.487849,37.722804],[-122.487828,37.722795],[-122.487801,37.722798],[-122.487781,37.722809],[-122.487773,37.722828],[-122.487786,37.722861],[-122.487813,37.722878]]]}},{"type":"Feature","properties":{"k":"tee"},"geometry":{"type":"Polygon","coordinates":[[[-122.487456,37.720632],[-122.487474,37.720665],[-122.487507,37.720682],[-122.48755,37.720672],[-122.487561,37.720656],[-122.487562,37.720638],[-122.487497,37.720453],[-122.487467,37.720421],[-122.487444,37.72042],[-122.48741,37.72044],[-122.487399,37.720472],[-122.487456,37.720632]]]}},{"type":"Feature","properties":{"k":"tee"},"geometry":{"type":"Polygon","coordinates":[[[-122.487562,37.720914],[-122.487602,37.720975],[-122.48765,37.720979],[-122.487664,37.720968],[-122.487672,37.720948],[-122.487645,37.720886],[-122.487631,37.72086],[-122.487596,37.720837],[-122.487575,37.720839],[-122.487549,37.720861],[-122.487562,37.720914]]]}},{"type":"Feature","properties":{"k":"tee"},"geometry":{"type":"Polygon","coordinates":[[[-122.487687,37.721212],[-122.487703,37.721246],[-122.487718,37.721257],[-122.487763,37.721255],[-122.487781,37.721241],[-122.487785,37.721223],[-122.487771,37.72118],[-122.487743,37.721156],[-122.487723,37.721152],[-122.487689,37.72116],[-122.487679,37.721193],[-122.487687,37.721212]]]}},{"type":"Feature","properties":{"k":"bunker"},"geometry":{"type":"Polygon","coordinates":[[[-122.489262,37.722927],[-122.489294,37.722934],[-122.489327,37.722923],[-122.489346,37.722916],[-122.489352,37.722892],[-122.489327,37.722874],[-122.489273,37.722877],[-122.489254,37.722908],[-122.489262,37.722927]]]}},{"type":"Feature","properties":{"k":"bunker"},"geometry":{"type":"Polygon","coordinates":[[[-122.48948,37.723116],[-122.489497,37.723108],[-122.489507,37.723082],[-122.489538,37.723069],[-122.48954,37.723056],[-122.489524,37.723038],[-122.489473,37.723025],[-122.489454,37.723027],[-122.489437,37.723034],[-122.489421,37.723059],[-122.489443,37.723082],[-122.489454,37.723111],[-122.48948,37.723116]]]}},{"type":"Feature","properties":{"k":"bunker"},"geometry":{"type":"Polygon","coordinates":[[[-122.489375,37.723128],[-122.489403,37.723125],[-122.489416,37.723111],[-122.489381,37.723058],[-122.489289,37.723062],[-122.48928,37.723083],[-122.489293,37.723105],[-122.489339,37.723114],[-122.48935,37.723126],[-122.489375,37.723128]]]}},{"type":"Feature","properties":{"k":"tee"},"geometry":{"type":"Polygon","coordinates":[[[-122.490674,37.723659],[-122.490704,37.723655],[-122.490716,37.723634],[-122.490696,37.723601],[-122.490655,37.723593],[-122.490642,37.7236],[-122.490635,37.723623],[-122.49065,37.723644],[-122.490674,37.723659]]]}},{"type":"Feature","properties":{"k":"tee"},"geometry":{"type":"Polygon","coordinates":[[[-122.490366,37.723449],[-122.490396,37.723469],[-122.490418,37.72347],[-122.490435,37.723467],[-122.490454,37.723444],[-122.49043,37.723395],[-122.490398,37.723376],[-122.490357,37.723376],[-122.490344,37.723387],[-122.49034,37.723412],[-122.490366,37.723449]]]}},{"type":"Feature","properties":{"k":"tee"},"geometry":{"type":"Polygon","coordinates":[[[-122.4902,37.72323],[-122.49023,37.723235],[-122.490269,37.723221],[-122.490283,37.723206],[-122.490293,37.723166],[-122.490289,37.723098],[-122.490274,37.723044],[-122.490245,37.72301],[-122.4902,37.722997],[-122.490177,37.722999],[-122.490157,37.723012],[-122.490151,37.723027],[-122.490183,37.723106],[-122.490176,37.723199],[-122.490187,37.723222],[-122.4902,37.72323]]]}},{"type":"Feature","properties":{"k":"tee"},"geometry":{"type":"Polygon","coordinates":[[[-122.489958,37.722881],[-122.48999,37.722904],[-122.490036,37.722914],[-122.490059,37.722907],[-122.490082,37.722878],[-122.490081,37.722849],[-122.490058,37.722822],[-122.490018,37.722785],[-122.489983,37.722773],[-122.489948,37.722776],[-122.489931,37.722785],[-122.489914,37.722817],[-122.489925,37.72285],[-122.489958,37.722881]]]}},{"type":"Feature","properties":{"k":"bunker"},"geometry":{"type":"Polygon","coordinates":[[[-122.488752,37.722183],[-122.48878,37.722173],[-122.488795,37.722159],[-122.488783,37.722118],[-122.488798,37.722073],[-122.488792,37.722065],[-122.488761,37.722057],[-122.488744,37.722058],[-122.488725,37.722076],[-122.488702,37.722163],[-122.488719,37.722179],[-122.488752,37.722183]]]}},{"type":"Feature","properties":{"k":"bunker"},"geometry":{"type":"Polygon","coordinates":[[[-122.488578,37.721967],[-122.488592,37.721993],[-122.488627,37.722012],[-122.488637,37.722036],[-122.488673,37.722045],[-122.488701,37.722032],[-122.488709,37.72202],[-122.48871,37.721984],[-122.488689,37.721968],[-122.488662,37.721967],[-122.488652,37.721955],[-122.488651,37.721925],[-122.488632,37.721905],[-122.488614,37.721905],[-122.488576,37.721926],[-122.488569,37.721947],[-122.488578,37.721967]]]}},{"type":"Feature","properties":{"k":"bunker"},"geometry":{"type":"Polygon","coordinates":[[[-122.48828,37.720864],[-122.488313,37.720849],[-122.488331,37.720821],[-122.488331,37.720811],[-122.488308,37.720783],[-122.488308,37.720756],[-122.488268,37.720703],[-122.488229,37.720694],[-122.488207,37.720696],[-122.488186,37.72072],[-122.48819,37.720733],[-122.488223,37.720753],[-122.488235,37.720774],[-122.488199,37.720802],[-122.488205,37.720825],[-122.488238,37.720856],[-122.48828,37.720864]]]}},{"type":"Feature","properties":{"k":"green"},"geometry":{"type":"Polygon","coordinates":[[[-122.488097,37.720919],[-122.488145,37.720908],[-122.488171,37.720884],[-122.488187,37.720856],[-122.488139,37.720682],[-122.48809,37.720657],[-122.487965,37.720656],[-122.487928,37.720663],[-122.487909,37.720685],[-122.487898,37.720718],[-122.487908,37.720735],[-122.48796,37.720793],[-122.488031,37.720898],[-122.488067,37.720916],[-122.488097,37.720919]]]}},{"type":"Feature","properties":{"k":"bunker"},"geometry":{"type":"Polygon","coordinates":[[[-122.490247,37.72127],[-122.490301,37.721275],[-122.490317,37.721242],[-122.49031,37.72121],[-122.490329,37.721179],[-122.4903,37.72114],[-122.490275,37.721127],[-122.490206,37.721143],[-122.490186,37.721195],[-122.490191,37.721211],[-122.490235,37.721221],[-122.490225,37.721258],[-122.49023,37.721266],[-122.490247,37.72127]]]}},{"type":"Feature","properties":{"k":"tee"},"geometry":{"type":"Polygon","coordinates":[[[-122.48936,37.720204],[-122.489351,37.720166],[-122.489286,37.720115],[-122.489254,37.720106],[-122.489228,37.720111],[-122.489159,37.720161],[-122.489144,37.720192],[-122.489152,37.720209],[-122.489215,37.720262],[-122.489253,37.720277],[-122.489294,37.720264],[-122.48936,37.720204]]]}},{"type":"Feature","properties":{"k":"tee"},"geometry":{"type":"Polygon","coordinates":[[[-122.489443,37.720448],[-122.489473,37.720426],[-122.489479,37.720406],[-122.489471,37.720388],[-122.489456,37.72037],[-122.489432,37.720361],[-122.48941,37.720356],[-122.489388,37.72036],[-122.489371,37.720371],[-122.489367,37.720411],[-122.489395,37.720443],[-122.489418,37.720451],[-122.489443,37.720448]]]}},{"type":"Feature","properties":{"k":"tee"},"geometry":{"type":"Polygon","coordinates":[[[-122.49064,37.722932],[-122.490671,37.722964],[-122.490705,37.722977],[-122.490786,37.722977],[-122.490852,37.722998],[-122.490886,37.722984],[-122.490881,37.722951],[-122.490864,37.722929],[-122.490795,37.722849],[-122.490764,37.722833],[-122.490728,37.722832],[-122.490633,37.722873],[-122.49062,37.722902],[-122.49064,37.722932]]]}},{"type":"Feature","properties":{"k":"tee"},"geometry":{"type":"Polygon","coordinates":[[[-122.49057,37.722834],[-122.490612,37.722811],[-122.490624,37.722797],[-122.490627,37.722765],[-122.49058,37.722713],[-122.490528,37.722702],[-122.490477,37.722726],[-122.49046,37.722752],[-122.490462,37.722766],[-122.490523,37.722829],[-122.49057,37.722834]]]}},{"type":"Feature","properties":{"k":"tee"},"geometry":{"type":"Polygon","coordinates":[[[-122.490306,37.722625],[-122.49037,37.722684],[-122.490383,37.722687],[-122.490419,37.722683],[-122.490446,37.722657],[-122.490443,37.722637],[-122.490418,37.722599],[-122.490369,37.722566],[-122.490349,37.722564],[-122.490309,37.72258],[-122.490296,37.72261],[-122.490306,37.722625]]]}},{"type":"Feature","properties":{"k":"tee"},"geometry":{"type":"Polygon","coordinates":[[[-122.488597,37.720829],[-122.488634,37.720819],[-122.488652,37.72079],[-122.488649,37.720773],[-122.488628,37.720739],[-122.488606,37.72073],[-122.48858,37.720729],[-122.488551,37.720754],[-122.48855,37.720771],[-122.488565,37.720809],[-122.488597,37.720829]]]}},{"type":"Feature","properties":{"k":"tee"},"geometry":{"type":"Polygon","coordinates":[[[-122.48955,37.724126],[-122.489629,37.724105],[-122.489644,37.724076],[-122.489639,37.724026],[-122.489473,37.72372],[-122.489389,37.723718],[-122.489331,37.723743],[-122.489309,37.723771],[-122.489312,37.723798],[-122.489467,37.724107],[-122.4895,37.724126],[-122.48955,37.724126]]]}},{"type":"Feature","properties":{"k":"range"},"geometry":{"type":"Polygon","coordinates":[[[-122.491971,37.725814],[-122.491903,37.725764],[-122.491884,37.725778],[-122.491682,37.725752],[-122.491056,37.725464],[-122.490895,37.72504],[-122.489919,37.724271],[-122.489868,37.724196],[-122.490738,37.724105],[-122.491233,37.724816],[-122.491532,37.725103],[-122.491867,37.725389],[-122.4922,37.725632],[-122.491971,37.725814]]]}},{"type":"Feature","properties":{"k":"range"},"geometry":{"type":"Polygon","coordinates":[[[-122.494349,37.723711],[-122.49452,37.723767],[-122.494687,37.723488],[-122.49484,37.7232],[-122.494548,37.723183],[-122.493703,37.723096],[-122.493356,37.723029],[-122.493184,37.722975],[-122.492383,37.722806],[-122.492246,37.722949],[-122.492627,37.723333],[-122.494009,37.723626],[-122.494349,37.723711]]]}},{"type":"Feature","properties":{"k":"path"},"geometry":{"type":"LineString","coordinates":[[-122.493201,37.723526],[-122.493285,37.723631]]}},{"type":"Feature","properties":{"k":"path"},"geometry":{"type":"LineString","coordinates":[[-122.494813,37.723435],[-122.494731,37.723513],[-122.494677,37.723619],[-122.494604,37.723738],[-122.494542,37.723791],[-122.494507,37.723802],[-122.494435,37.723798],[-122.494105,37.723685],[-122.493835,37.723612],[-122.493403,37.723515],[-122.493316,37.723501],[-122.493201,37.723526],[-122.493073,37.723641],[-122.49297,37.72376],[-122.492933,37.723846],[-122.492942,37.72393],[-122.493014,37.724024],[-122.493038,37.724267],[-122.493065,37.724319],[-122.493122,37.724367],[-122.493392,37.724454]]}},{"type":"Feature","properties":{"k":"path"},"geometry":{"type":"LineString","coordinates":[[-122.493859,37.724336],[-122.493865,37.724364],[-122.493844,37.724388],[-122.493808,37.724392],[-122.493778,37.724376],[-122.493772,37.724347],[-122.493793,37.724323],[-122.493829,37.724319],[-122.493859,37.724336]]}},{"type":"Feature","properties":{"k":"path"},"geometry":{"type":"LineString","coordinates":[[-122.493513,37.724521],[-122.493778,37.724376]]}},{"type":"Feature","properties":{"k":"tee"},"geometry":{"type":"Polygon","coordinates":[[[-122.488968,37.719889],[-122.488973,37.719913],[-122.488946,37.719934],[-122.488923,37.71994],[-122.488896,37.71993],[-122.488745,37.719767],[-122.488733,37.71974],[-122.488748,37.719715],[-122.488779,37.719715],[-122.488968,37.719889]]]}},{"type":"Feature","properties":{"k":"tee"},"geometry":{"type":"Polygon","coordinates":[[[-122.489733,37.721282],[-122.489751,37.721274],[-122.48978,37.72128],[-122.48979,37.721303],[-122.48978,37.721318],[-122.489759,37.721325],[-122.489738,37.72132],[-122.489726,37.721305],[-122.489733,37.721282]]]}},{"type":"Feature","properties":{"k":"fairway"},"geometry":{"type":"Polygon","coordinates":[[[-122.492345,37.725185],[-122.492284,37.725208],[-122.492234,37.7252],[-122.492055,37.725141],[-122.491934,37.725084],[-122.491883,37.725054],[-122.491774,37.72495],[-122.491577,37.724742],[-122.491389,37.724517],[-122.491224,37.724297],[-122.491065,37.724047],[-122.490895,37.723658],[-122.490862,37.723556],[-122.490781,37.723379],[-122.490778,37.723356],[-122.490816,37.723375],[-122.490863,37.723366],[-122.49088,37.723352],[-122.490903,37.723361],[-122.490922,37.723379],[-122.491051,37.7234],[-122.491086,37.723416],[-122.491164,37.723528],[-122.491439,37.723875],[-122.491754,37.724315],[-122.492079,37.724714],[-122.492322,37.724995],[-122.492359,37.725061],[-122.492375,37.725123],[-122.492374,37.725152],[-122.492345,37.725185]]]}},{"type":"Feature","properties":{"k":"fairway"},"geometry":{"type":"Polygon","coordinates":[[[-122.489292,37.723235],[-122.489261,37.723187],[-122.489205,37.723142],[-122.489092,37.723083],[-122.488575,37.722743],[-122.488333,37.722561],[-122.488184,37.722439],[-122.488117,37.722369],[-122.488017,37.722191],[-122.48789,37.721911],[-122.48784,37.721779],[-122.487806,37.721673],[-122.487799,37.721581],[-122.487808,37.721502],[-122.487853,37.721479],[-122.487917,37.721479],[-122.487982,37.721513],[-122.488052,37.721572],[-122.488103,37.721636],[-122.48814,37.721706],[-122.488218,37.721888],[-122.488416,37.722204],[-122.48862,37.722412],[-122.488765,37.722516],[-122.488907,37.722642],[-122.489014,37.722724],[-122.48914,37.722845],[-122.489301,37.722971],[-122.489319,37.72301],[-122.489316,37.723029],[-122.48926,37.72307],[-122.489277,37.723108],[-122.489299,37.723122],[-122.489344,37.723134],[-122.489554,37.72318],[-122.489292,37.723235]]]}},{"type":"Feature","properties":{"k":"green"},"geometry":{"type":"Polygon","coordinates":[[[-122.49362,37.725981],[-122.493582,37.725969],[-122.493565,37.725955],[-122.493554,37.725919],[-122.493561,37.725895],[-122.493623,37.725802],[-122.493629,37.725692],[-122.493642,37.725657],[-122.493672,37.725631],[-122.493702,37.725624],[-122.493744,37.725639],[-122.493799,37.725704],[-122.493823,37.72575],[-122.493823,37.725793],[-122.4938,37.725846],[-122.493738,37.725879],[-122.493667,37.72597],[-122.493643,37.725981],[-122.49362,37.725981]]]}},{"type":"Feature","properties":{"k":"bunker"},"geometry":{"type":"Polygon","coordinates":[[[-122.493854,37.725825],[-122.493845,37.725805],[-122.493862,37.725755],[-122.493837,37.725709],[-122.493843,37.725688],[-122.49388,37.725685],[-122.493919,37.725717],[-122.493927,37.725784],[-122.493906,37.725822],[-122.493877,37.725833],[-122.493854,37.725825]]]}},{"type":"Feature","properties":{"k":"bunker"},"geometry":{"type":"Polygon","coordinates":[[[-122.493946,37.725703],[-122.493912,37.725675],[-122.493906,37.725661],[-122.493911,37.725647],[-122.493951,37.725636],[-122.493972,37.725639],[-122.493987,37.725659],[-122.493982,37.725675],[-122.493966,37.725698],[-122.493946,37.725703]]]}},{"type":"Feature","properties":{"k":"bunker"},"geometry":{"type":"Polygon","coordinates":[[[-122.494586,37.72477],[-122.494538,37.724756],[-122.494551,37.724697],[-122.494604,37.724674],[-122.494601,37.724663],[-122.494562,37.724662],[-122.494545,37.724652],[-122.494541,37.724634],[-122.494554,37.724617],[-122.494571,37.72461],[-122.494667,37.724627],[-122.494692,37.724638],[-122.4947,37.724654],[-122.494656,37.724733],[-122.494627,37.724767],[-122.494586,37.72477]]]}},{"type":"Feature","properties":{"k":"bunker"},"geometry":{"type":"Polygon","coordinates":[[[-122.494727,37.724603],[-122.494776,37.724619],[-122.494813,37.724582],[-122.494823,37.724558],[-122.494799,37.724522],[-122.49478,37.724511],[-122.494737,37.724515],[-122.494721,37.724537],[-122.494704,37.724543],[-122.494696,37.724579],[-122.494727,37.724603]]]}},{"type":"Feature","properties":{"k":"tee"},"geometry":{"type":"Polygon","coordinates":[[[-122.495611,37.723905],[-122.495587,37.723918],[-122.495575,37.723938],[-122.495587,37.723959],[-122.495608,37.723972],[-122.495638,37.723969],[-122.495688,37.72395],[-122.495699,37.72392],[-122.495667,37.723892],[-122.49563,37.723894],[-122.495611,37.723905]]]}},{"type":"Feature","properties":{"k":"tee"},"geometry":{"type":"Polygon","coordinates":[[[-122.497876,37.725],[-122.497853,37.725003],[-122.497838,37.725016],[-122.49783,37.72504],[-122.497837,37.725056],[-122.497856,37.725068],[-122.497912,37.725067],[-122.497933,37.725053],[-122.497936,37.725034],[-122.497927,37.725015],[-122.497909,37.725004],[-122.497876,37.725]]]}},{"type":"Feature","properties":{"k":"tee"},"geometry":{"type":"Polygon","coordinates":[[[-122.497694,37.725096],[-122.497569,37.725082],[-122.497546,37.725061],[-122.49756,37.725018],[-122.497577,37.725007],[-122.497629,37.725005],[-122.497711,37.725011],[-122.497737,37.725019],[-122.497751,37.725059],[-122.497738,37.725079],[-122.497694,37.725096]]]}},{"type":"Feature","properties":{"k":"tee"},"geometry":{"type":"Polygon","coordinates":[[[-122.497516,37.724727],[-122.497413,37.724733],[-122.497395,37.724727],[-122.497372,37.724703],[-122.497385,37.724652],[-122.497442,37.724641],[-122.497521,37.724656],[-122.49754,37.724676],[-122.497544,37.724698],[-122.497537,37.724717],[-122.497516,37.724727]]]}},{"type":"Feature","properties":{"k":"tee"},"geometry":{"type":"Polygon","coordinates":[[[-122.497033,37.724326],[-122.496901,37.724225],[-122.496899,37.724208],[-122.496917,37.724182],[-122.496937,37.724176],[-122.49698,37.724184],[-122.497092,37.724268],[-122.49711,37.724302],[-122.497103,37.724317],[-122.497073,37.724333],[-122.497033,37.724326]]]}},{"type":"Feature","properties":{"k":"tee"},"geometry":{"type":"Polygon","coordinates":[[[-122.497268,37.724551],[-122.497216,37.724508],[-122.497179,37.72446],[-122.497182,37.72442],[-122.497209,37.724397],[-122.49726,37.724399],[-122.497291,37.724416],[-122.497337,37.724451],[-122.497366,37.724491],[-122.497367,37.724515],[-122.497337,37.724548],[-122.497311,37.724555],[-122.497268,37.724551]]]}},{"type":"Feature","properties":{"k":"green"},"geometry":{"type":"Polygon","coordinates":[[[-122.493118,37.725183],[-122.49302,37.725218],[-122.492941,37.725234],[-122.492886,37.725257],[-122.492848,37.72529],[-122.492841,37.725317],[-122.492841,37.725342],[-122.492855,37.725365],[-122.492969,37.725436],[-122.493015,37.725485],[-122.49305,37.725503],[-122.4931,37.725504],[-122.493129,37.725489],[-122.493145,37.72547],[-122.493197,37.725324],[-122.493199,37.725282],[-122.493178,37.725221],[-122.493146,37.72519],[-122.493118,37.725183]]]}},{"type":"Feature","properties":{"k":"tee"},"geometry":{"type":"Polygon","coordinates":[[[-122.493103,37.726078],[-122.493117,37.726106],[-122.493139,37.726114],[-122.493166,37.726109],[-122.493179,37.726091],[-122.493173,37.726068],[-122.493142,37.726052],[-122.493118,37.726054],[-122.493103,37.726078]]]}},{"type":"Feature","properties":{"k":"tee"},"geometry":{"type":"Polygon","coordinates":[[[-122.492948,37.725982],[-122.4928,37.725839],[-122.492797,37.725815],[-122.492811,37.725795],[-122.492871,37.725758],[-122.49291,37.725758],[-122.492945,37.72578],[-122.49305,37.725946],[-122.493046,37.725974],[-122.493022,37.725993],[-122.492974,37.725995],[-122.492948,37.725982]]]}},{"type":"Feature","properties":{"k":"tee"},"geometry":{"type":"Polygon","coordinates":[[[-122.492647,37.725685],[-122.492613,37.725656],[-122.492593,37.725623],[-122.4926,37.725601],[-122.492638,37.725582],[-122.492679,37.725588],[-122.492718,37.725634],[-122.492724,37.725653],[-122.492723,37.72567],[-122.4927,37.725688],[-122.492667,37.725695],[-122.492647,37.725685]]]}},{"type":"Feature","properties":{"k":"tee"},"geometry":{"type":"Polygon","coordinates":[[[-122.49237,37.725429],[-122.49234,37.725391],[-122.492343,37.72536],[-122.492375,37.725343],[-122.492408,37.725344],[-122.492448,37.725381],[-122.492451,37.725418],[-122.492434,37.725436],[-122.492407,37.725442],[-122.49237,37.725429]]]}},{"type":"Feature","properties":{"k":"green"},"geometry":{"type":"Polygon","coordinates":[[[-122.49082,37.723118],[-122.490751,37.723124],[-122.490701,37.723141],[-122.490668,37.723179],[-122.490668,37.723212],[-122.490737,37.723329],[-122.490778,37.723356],[-122.490842,37.723365],[-122.49088,37.723352],[-122.4909,37.723292],[-122.490927,37.723264],[-122.490934,37.723228],[-122.490925,37.72321],[-122.490924,37.723166],[-122.490909,37.723136],[-122.490869,37.723119],[-122.49082,37.723118]]]}},{"type":"Feature","properties":{"k":"tee"},"geometry":{"type":"Polygon","coordinates":[[[-122.490787,37.723945],[-122.490694,37.723841],[-122.490689,37.723816],[-122.490713,37.723793],[-122.490739,37.72379],[-122.490767,37.723802],[-122.490856,37.723915],[-122.49086,37.72394],[-122.490843,37.723958],[-122.490813,37.72396],[-122.490787,37.723945]]]}},{"type":"Feature","properties":{"k":"bunker"},"geometry":{"type":"Polygon","coordinates":[[[-122.490962,37.723369],[-122.49094,37.723362],[-122.490914,37.723324],[-122.490912,37.723304],[-122.490928,37.723275],[-122.490945,37.723267],[-122.490978,37.723271],[-122.490991,37.723255],[-122.49099,37.723235],[-122.490946,37.723195],[-122.490952,37.723161],[-122.490982,37.723142],[-122.491012,37.723143],[-122.49104,37.723156],[-122.491049,37.723172],[-122.491065,37.72327],[-122.491008,37.723359],[-122.490962,37.723369]]]}},{"type":"Feature","properties":{"k":"tee"},"geometry":{"type":"Polygon","coordinates":[[[-122.488609,37.72063],[-122.488645,37.72061],[-122.488657,37.720591],[-122.488644,37.720527],[-122.488614,37.720471],[-122.488593,37.72046],[-122.488558,37.720456],[-122.488468,37.720471],[-122.488438,37.720484],[-122.488422,37.720507],[-122.488421,37.720525],[-122.48845,37.720611],[-122.488472,37.720637],[-122.488503,37.720649],[-122.488525,37.720649],[-122.488609,37.72063]]]}},{"type":"Feature","properties":{"k":"tee"},"geometry":{"type":"Polygon","coordinates":[[[-122.488527,37.720414],[-122.488552,37.720401],[-122.488567,37.720381],[-122.488549,37.720316],[-122.488523,37.720262],[-122.488506,37.72025],[-122.488469,37.720244],[-122.488387,37.720262],[-122.488372,37.720293],[-122.488419,37.720402],[-122.488457,37.720423],[-122.488527,37.720414]]]}},{"type":"Feature","properties":{"k":"fairway"},"geometry":{"type":"Polygon","coordinates":[[[-122.48832,37.719979],[-122.488342,37.719968],[-122.488373,37.719934],[-122.488396,37.719861],[-122.488391,37.719833],[-122.488323,37.719707],[-122.48825,37.719638],[-122.488112,37.719536],[-122.488089,37.719513],[-122.48807,37.719459],[-122.48806,37.719457],[-122.488047,37.719496],[-122.488023,37.719504],[-122.487971,37.719485],[-122.487988,37.719531],[-122.487954,37.719681],[-122.487962,37.719724],[-122.488119,37.719876],[-122.488238,37.719958],[-122.488292,37.719977],[-122.48832,37.719979]]]}},{"type":"Feature","properties":{"k":"green"},"geometry":{"type":"Polygon","coordinates":[[[-122.487897,37.719212],[-122.487782,37.719326],[-122.487772,37.719358],[-122.487776,37.719374],[-122.487803,37.719407],[-122.487871,37.719427],[-122.487948,37.719464],[-122.487996,37.719498],[-122.488023,37.719504],[-122.488047,37.719496],[-122.48806,37.719457],[-122.488091,37.719271],[-122.488074,37.719238],[-122.488023,37.719206],[-122.487963,37.719201],[-122.487897,37.719212]]]}},{"type":"Feature","properties":{"k":"bunker"},"geometry":{"type":"Polygon","coordinates":[[[-122.488188,37.719501],[-122.488131,37.719502],[-122.488094,37.719448],[-122.488089,37.71941],[-122.488112,37.719382],[-122.488117,37.71935],[-122.488133,37.719336],[-122.488163,37.719344],[-122.48818,37.719364],[-122.48818,37.719433],[-122.488186,37.71944],[-122.488202,37.719443],[-122.488239,37.719434],[-122.488261,37.719454],[-122.488254,37.719477],[-122.488232,37.719498],[-122.488188,37.719501]]]}},{"type":"Feature","properties":{"k":"bunker"},"geometry":{"type":"Polygon","coordinates":[[[-122.487866,37.719577],[-122.487836,37.719564],[-122.487831,37.719523],[-122.487814,37.719494],[-122.487819,37.719465],[-122.48784,37.719454],[-122.487888,37.71946],[-122.487919,37.71948],[-122.487954,37.719491],[-122.487966,37.719508],[-122.487958,37.719544],[-122.487931,37.719569],[-122.487866,37.719577]]]}},{"type":"Feature","properties":{"k":"tee"},"geometry":{"type":"Polygon","coordinates":[[[-122.487763,37.718455],[-122.487733,37.718446],[-122.487729,37.718413],[-122.487768,37.718381],[-122.487797,37.718381],[-122.487818,37.718397],[-122.487815,37.718422],[-122.487791,37.718444],[-122.487763,37.718455]]]}},{"type":"Feature","properties":{"k":"tee"},"geometry":{"type":"Polygon","coordinates":[[[-122.487635,37.718497],[-122.487613,37.718514],[-122.487554,37.7186],[-122.48756,37.718629],[-122.487588,37.718648],[-122.48761,37.718649],[-122.487636,37.718634],[-122.487697,37.718539],[-122.487698,37.718528],[-122.487683,37.718509],[-122.487653,37.718496],[-122.487635,37.718497]]]}},{"type":"Feature","properties":{"k":"tee"},"geometry":{"type":"Polygon","coordinates":[[[-122.487176,37.719203],[-122.4872,37.71923],[-122.487236,37.719245],[-122.487275,37.719233],[-122.487347,37.719144],[-122.487345,37.719118],[-122.487329,37.719095],[-122.487281,37.719082],[-122.487251,37.719094],[-122.487189,37.719156],[-122.487176,37.719203]]]}},{"type":"Feature","properties":{"k":"tee"},"geometry":{"type":"Polygon","coordinates":[[[-122.48704,37.723722],[-122.487011,37.72372],[-122.486987,37.723707],[-122.486969,37.723677],[-122.486979,37.723649],[-122.48702,37.723605],[-122.487069,37.7236],[-122.487104,37.723627],[-122.487104,37.723659],[-122.487067,37.723707],[-122.48704,37.723722]]]}},{"type":"Feature","properties":{"k":"tee"},"geometry":{"type":"Polygon","coordinates":[[[-122.487165,37.723557],[-122.487134,37.723558],[-122.487107,37.723546],[-122.48709,37.723526],[-122.48709,37.723514],[-122.487094,37.723498],[-122.487139,37.723439],[-122.48718,37.723424],[-122.487223,37.723437],[-122.487231,37.723467],[-122.48719,37.723537],[-122.487165,37.723557]]]}},{"type":"Feature","properties":{"k":"fairway"},"geometry":{"type":"Polygon","coordinates":[[[-122.486981,37.72399],[-122.48701,37.723896],[-122.487008,37.723858],[-122.486968,37.723815],[-122.486936,37.723806],[-122.486853,37.723819],[-122.486777,37.723864],[-122.486697,37.723944],[-122.486657,37.724019],[-122.486628,37.724052],[-122.486551,37.724209],[-122.48654,37.724262],[-122.486498,37.724362],[-122.486477,37.724374],[-122.486538,37.724392],[-122.486596,37.724345],[-122.486736,37.724289],[-122.486793,37.724231],[-122.486981,37.72399]]]}},{"type":"Feature","properties":{"k":"green"},"geometry":{"type":"Polygon","coordinates":[[[-122.48652,37.724553],[-122.486447,37.724568],[-122.486373,37.724567],[-122.48633,37.724534],[-122.486323,37.724505],[-122.486339,37.724457],[-122.4864,37.724403],[-122.486447,37.724385],[-122.486489,37.724384],[-122.486517,37.724394],[-122.486565,37.724474],[-122.48657,37.724498],[-122.486551,37.724533],[-122.48652,37.724553]]]}},{"type":"Feature","properties":{"k":"bunker"},"geometry":{"type":"Polygon","coordinates":[[[-122.486627,37.724421],[-122.486598,37.724424],[-122.486578,37.724412],[-122.486577,37.724387],[-122.486591,37.724371],[-122.486615,37.724363],[-122.486655,37.724375],[-122.486675,37.724399],[-122.486668,37.724421],[-122.486627,37.724421]]]}},{"type":"Feature","properties":{"k":"tee"},"geometry":{"type":"Polygon","coordinates":[[[-122.486248,37.724767],[-122.486242,37.724795],[-122.486263,37.724814],[-122.486329,37.72481],[-122.486463,37.724756],[-122.486494,37.724727],[-122.486498,37.724705],[-122.486482,37.724687],[-122.486426,37.724694],[-122.486287,37.724739],[-122.486248,37.724767]]]}},{"type":"Feature","properties":{"k":"tee"},"geometry":{"type":"Polygon","coordinates":[[[-122.486901,37.724539],[-122.486855,37.724563],[-122.486832,37.724565],[-122.486817,37.724556],[-122.486804,37.72453],[-122.486812,37.724514],[-122.486866,37.724471],[-122.48689,37.724468],[-122.486912,37.724471],[-122.486927,37.724489],[-122.48692,37.724524],[-122.486901,37.724539]]]}},{"type":"Feature","properties":{"k":"fairway"},"geometry":{"type":"Polygon","coordinates":[[[-122.48735,37.724379],[-122.487659,37.724251],[-122.487838,37.724167],[-122.488057,37.724045],[-122.488205,37.723928],[-122.488237,37.723908],[-122.488283,37.723894],[-122.488225,37.723838],[-122.48823,37.723797],[-122.488175,37.723829],[-122.488147,37.723828],[-122.488025,37.723764],[-122.487947,37.723748],[-122.487901,37.72376],[-122.487821,37.723797],[-122.48768,37.723871],[-122.487624,37.723931],[-122.487535,37.723998],[-122.487388,37.724099],[-122.487219,37.724193],[-122.487179,37.724223],[-122.487155,37.724259],[-122.487144,37.724309],[-122.487172,37.724353],[-122.487242,37.724381],[-122.487295,37.724389],[-122.48735,37.724379]]]}},{"type":"Feature","properties":{"k":"green"},"geometry":{"type":"Polygon","coordinates":[[[-122.488407,37.723877],[-122.488484,37.723838],[-122.488523,37.723809],[-122.488538,37.723782],[-122.488531,37.723747],[-122.488492,37.723724],[-122.488431,37.72371],[-122.488342,37.723711],[-122.488298,37.723721],[-122.488277,37.723735],[-122.488247,37.723777],[-122.488241,37.723818],[-122.488253,37.723856],[-122.488266,37.723868],[-122.488328,37.723886],[-122.488407,37.723877]]]}},{"type":"Feature","properties":{"k":"bunker"},"geometry":{"type":"Polygon","coordinates":[[[-122.488173,37.723814],[-122.488133,37.723806],[-122.488115,37.723773],[-122.488116,37.723749],[-122.48813,37.723725],[-122.48819,37.723704],[-122.488221,37.723717],[-122.48823,37.723745],[-122.488217,37.723761],[-122.488216,37.723783],[-122.488173,37.723814]]]}},{"type":"Feature","properties":{"k":"bunker"},"geometry":{"type":"Polygon","coordinates":[[[-122.48838,37.723684],[-122.488355,37.723667],[-122.488353,37.723649],[-122.488384,37.723617],[-122.488444,37.723609],[-122.488502,37.723635],[-122.488502,37.72367],[-122.488482,37.723688],[-122.488423,37.723676],[-122.48838,37.723684]]]}},{"type":"Feature","properties":{"k":"tee"},"geometry":{"type":"Polygon","coordinates":[[[-122.488471,37.72355],[-122.488319,37.723532],[-122.488291,37.723511],[-122.488291,37.723478],[-122.48831,37.723464],[-122.488346,37.723458],[-122.488485,37.723476],[-122.488511,37.723496],[-122.488514,37.723524],[-122.488493,37.723546],[-122.488471,37.72355]]]}},{"type":"Feature","properties":{"k":"tee"},"geometry":{"type":"Polygon","coordinates":[[[-122.488818,37.723568],[-122.488689,37.723544],[-122.488671,37.723527],[-122.488673,37.7235],[-122.488694,37.723489],[-122.48873,37.723487],[-122.488856,37.723519],[-122.488868,37.723549],[-122.488842,37.723567],[-122.488818,37.723568]]]}},{"type":"Feature","properties":{"k":"bunker"},"geometry":{"type":"Polygon","coordinates":[[[-122.498165,37.724471],[-122.498146,37.724462],[-122.498138,37.724426],[-122.49815,37.724399],[-122.498172,37.724389],[-122.498221,37.724406],[-122.498236,37.724432],[-122.498223,37.72446],[-122.498165,37.724471]]]}},{"type":"Feature","properties":{"k":"bunker"},"geometry":{"type":"Polygon","coordinates":[[[-122.498029,37.724651],[-122.498,37.724625],[-122.498002,37.724596],[-122.497986,37.724575],[-122.497982,37.724537],[-122.498022,37.724506],[-122.498051,37.724504],[-122.498081,37.724525],[-122.498071,37.724576],[-122.498085,37.724621],[-122.498072,37.724642],[-122.498046,37.724653],[-122.498029,37.724651]]]}},{"type":"Feature","properties":{"k":"green"},"geometry":{"type":"Polygon","coordinates":[[[-122.498224,37.724757],[-122.498183,37.724752],[-122.498148,37.724716],[-122.498113,37.724662],[-122.498099,37.724583],[-122.498099,37.724553],[-122.498124,37.724504],[-122.498149,37.724487],[-122.498209,37.724473],[-122.49826,37.724479],[-122.498294,37.724504],[-122.498335,37.724581],[-122.498352,37.724634],[-122.498335,37.72468],[-122.498224,37.724757]]]}},{"type":"Feature","properties":{"k":"tee"},"geometry":{"type":"Polygon","coordinates":[[[-122.497501,37.723866],[-122.497423,37.723785],[-122.497417,37.723764],[-122.497433,37.723743],[-122.497472,37.72374],[-122.497482,37.723747],[-122.497571,37.723836],[-122.497572,37.723855],[-122.497554,37.723871],[-122.497521,37.723875],[-122.497501,37.723866]]]}},{"type":"Feature","properties":{"k":"tee"},"geometry":{"type":"Polygon","coordinates":[[[-122.497255,37.723689],[-122.497228,37.723679],[-122.497148,37.723624],[-122.497082,37.723606],[-122.497057,37.723588],[-122.497043,37.723555],[-122.497046,37.723539],[-122.497084,37.723494],[-122.497124,37.723479],[-122.497169,37.723481],[-122.4973,37.723593],[-122.497322,37.723625],[-122.497317,37.72366],[-122.497279,37.72369],[-122.497255,37.723689]]]}},{"type":"Feature","properties":{"k":"green"},"geometry":{"type":"Polygon","coordinates":[[[-122.496849,37.723587],[-122.496809,37.723579],[-122.496774,37.723562],[-122.496747,37.723542],[-122.496735,37.723517],[-122.496735,37.723486],[-122.496756,37.723445],[-122.496758,37.723409],[-122.496739,37.723376],[-122.496704,37.723347],[-122.496693,37.723319],[-122.49672,37.723276],[-122.496756,37.723267],[-122.496813,37.723283],[-122.496876,37.723334],[-122.496925,37.72334],[-122.496973,37.72333],[-122.496997,37.723332],[-122.49702,37.72335],[-122.497029,37.723368],[-122.497023,37.723411],[-122.496963,37.723474],[-122.496933,37.723546],[-122.496901,37.723576],[-122.49688,37.723586],[-122.496849,37.723587]]]}},{"type":"Feature","properties":{"k":"bunker"},"geometry":{"type":"Polygon","coordinates":[[[-122.496705,37.723373],[-122.49673,37.723406],[-122.496734,37.723425],[-122.496717,37.723474],[-122.496702,37.723486],[-122.496682,37.72349],[-122.496645,37.723472],[-122.496621,37.723393],[-122.496629,37.723372],[-122.496667,37.723355],[-122.496699,37.723361],[-122.496705,37.723373]]]}},{"type":"Feature","properties":{"k":"bunker"},"geometry":{"type":"Polygon","coordinates":[[[-122.496883,37.723314],[-122.496834,37.723269],[-122.496847,37.723242],[-122.496893,37.723225],[-122.496915,37.723231],[-122.49693,37.723254],[-122.496965,37.723272],[-122.49697,37.723295],[-122.496935,37.72332],[-122.496904,37.723322],[-122.496883,37.723314]]]}},{"type":"Feature","properties":{"k":"bunker"},"geometry":{"type":"Polygon","coordinates":[[[-122.496506,37.722961],[-122.496494,37.72293],[-122.496465,37.722904],[-122.496459,37.722882],[-122.496463,37.722871],[-122.496484,37.722857],[-122.496525,37.722847],[-122.496578,37.722865],[-122.496593,37.722882],[-122.496603,37.722919],[-122.496667,37.722944],[-122.496679,37.722961],[-122.496666,37.722991],[-122.496577,37.723008],[-122.496541,37.723003],[-122.496506,37.722961]]]}},{"type":"Feature","properties":{"k":"tee"},"geometry":{"type":"Polygon","coordinates":[[[-122.493833,37.722278],[-122.493717,37.722239],[-122.493703,37.722215],[-122.493717,37.722191],[-122.493745,37.722176],[-122.493776,37.722171],[-122.493868,37.722195],[-122.493889,37.722219],[-122.493888,37.722252],[-122.493863,37.722277],[-122.493833,37.722278]]]}},{"type":"Feature","properties":{"k":"tee"},"geometry":{"type":"Polygon","coordinates":[[[-122.494008,37.722317],[-122.493954,37.722286],[-122.493951,37.722251],[-122.493972,37.722227],[-122.493996,37.722222],[-122.494061,37.722236],[-122.494104,37.722251],[-122.494126,37.722273],[-122.494127,37.722301],[-122.494102,37.722332],[-122.494073,37.722336],[-122.494008,37.722317]]]}},{"type":"Feature","properties":{"k":"tee"},"geometry":{"type":"Polygon","coordinates":[[[-122.494394,37.722373],[-122.494323,37.722347],[-122.494298,37.722346],[-122.494269,37.72236],[-122.494258,37.722385],[-122.494272,37.722409],[-122.494375,37.722451],[-122.494408,37.722438],[-122.494424,37.722408],[-122.494415,37.722388],[-122.494394,37.722373]]]}},{"type":"Feature","properties":{"k":"green"},"geometry":{"type":"Polygon","coordinates":[[[-122.493745,37.722712],[-122.493687,37.722727],[-122.49365,37.722719],[-122.493637,37.722686],[-122.493576,37.7226],[-122.493558,37.722589],[-122.493511,37.722577],[-122.493494,37.722563],[-122.493492,37.722532],[-122.493519,37.722498],[-122.493557,37.722478],[-122.493655,37.722454],[-122.493718,37.722462],[-122.493758,37.722482],[-122.493843,37.722603],[-122.493852,37.722658],[-122.493828,37.72269],[-122.493745,37.722712]]]}},{"type":"Feature","properties":{"k":"tee"},"geometry":{"type":"Polygon","coordinates":[[[-122.49074,37.72063],[-122.490753,37.720595],[-122.490804,37.72056],[-122.49085,37.720549],[-122.490886,37.720562],[-122.490896,37.720584],[-122.490886,37.720629],[-122.490867,37.720674],[-122.490836,37.720695],[-122.490808,37.720696],[-122.490771,37.720682],[-122.49075,37.72066],[-122.49074,37.72063]]]}},{"type":"Feature","properties":{"k":"tee"},"geometry":{"type":"Polygon","coordinates":[[[-122.490675,37.720521],[-122.490743,37.720483],[-122.490756,37.720466],[-122.49074,37.720417],[-122.490694,37.720383],[-122.490662,37.720386],[-122.490612,37.720406],[-122.490583,37.720432],[-122.490575,37.72045],[-122.490609,37.720495],[-122.490641,37.720515],[-122.490675,37.720521]]]}},{"type":"Feature","properties":{"k":"green"},"geometry":{"type":"Polygon","coordinates":[[[-122.490436,37.72034],[-122.490404,37.720336],[-122.490381,37.720325],[-122.490322,37.720274],[-122.490241,37.720237],[-122.490205,37.720211],[-122.490198,37.720163],[-122.490217,37.720104],[-122.490314,37.720086],[-122.490367,37.72012],[-122.490421,37.72013],[-122.490481,37.720155],[-122.490498,37.720175],[-122.490521,37.720284],[-122.490512,37.720308],[-122.490489,37.720328],[-122.490436,37.72034]]]}},{"type":"Feature","properties":{"k":"tee"},"geometry":{"type":"Polygon","coordinates":[[[-122.487518,37.717582],[-122.487499,37.717601],[-122.4875,37.717622],[-122.487528,37.717664],[-122.4876,37.717725],[-122.48765,37.717723],[-122.487672,37.717692],[-122.487659,37.717665],[-122.487573,37.717586],[-122.487546,37.717574],[-122.487518,37.717582]]]}},{"type":"Feature","properties":{"k":"tee"},"geometry":{"type":"Polygon","coordinates":[[[-122.487119,37.717363],[-122.487068,37.717325],[-122.487067,37.717306],[-122.487089,37.71729],[-122.487127,37.717295],[-122.487154,37.717311],[-122.487179,37.717338],[-122.48718,37.717356],[-122.487162,37.717376],[-122.487136,37.717375],[-122.487119,37.717363]]]}},{"type":"Feature","properties":{"k":"bunker"},"geometry":{"type":"Polygon","coordinates":[[[-122.48692,37.717828],[-122.48685,37.717787],[-122.486844,37.717763],[-122.48686,37.71774],[-122.486901,37.717732],[-122.486915,37.717687],[-122.486932,37.717679],[-122.486964,37.717679],[-122.486983,37.717694],[-122.487008,37.71774],[-122.487009,37.717766],[-122.48699,37.71778],[-122.486964,37.717821],[-122.48692,37.717828]]]}},{"type":"Feature","properties":{"k":"green"},"geometry":{"type":"Polygon","coordinates":[[[-122.486979,37.717887],[-122.486976,37.717856],[-122.487028,37.717792],[-122.487043,37.717737],[-122.487028,37.717713],[-122.486974,37.717664],[-122.486975,37.717636],[-122.486996,37.717611],[-122.487018,37.717605],[-122.487079,37.717608],[-122.487162,37.717667],[-122.487232,37.717706],[-122.48725,37.717727],[-122.487257,37.717791],[-122.487244,37.717837],[-122.4872,37.717899],[-122.487141,37.717924],[-122.487075,37.717928],[-122.487029,37.717923],[-122.486995,37.71791],[-122.486979,37.717887]]]}},{"type":"Feature","properties":{"k":"tee"},"geometry":{"type":"Polygon","coordinates":[[[-122.485449,37.72065],[-122.485417,37.720633],[-122.485411,37.720619],[-122.485407,37.720598],[-122.485423,37.720548],[-122.485462,37.720469],[-122.485484,37.720455],[-122.485524,37.720453],[-122.485566,37.720481],[-122.485567,37.720506],[-122.4855,37.72064],[-122.485469,37.720653],[-122.485449,37.72065]]]}},{"type":"Feature","properties":{"k":"tee"},"geometry":{"type":"Polygon","coordinates":[[[-122.485422,37.721088],[-122.485449,37.721079],[-122.485469,37.721058],[-122.485492,37.720957],[-122.485482,37.720873],[-122.485503,37.72077],[-122.485497,37.720759],[-122.485464,37.720742],[-122.485428,37.720757],[-122.485402,37.72079],[-122.485371,37.720914],[-122.485362,37.721068],[-122.485388,37.721086],[-122.485422,37.721088]]]}},{"type":"Feature","properties":{"k":"green"},"geometry":{"type":"Polygon","coordinates":[[[-122.485742,37.721192],[-122.485636,37.721158],[-122.485619,37.721142],[-122.485618,37.721114],[-122.485636,37.721089],[-122.485689,37.721069],[-122.485759,37.721014],[-122.485792,37.721009],[-122.485823,37.721015],[-122.485852,37.721037],[-122.485863,37.721057],[-122.485877,37.721128],[-122.485924,37.721205],[-122.48593,37.721259],[-122.485911,37.721296],[-122.485861,37.721321],[-122.485828,37.721317],[-122.485797,37.721301],[-122.485777,37.721266],[-122.485766,37.721216],[-122.485742,37.721192]]]}},{"type":"Feature","properties":{"k":"bunker"},"geometry":{"type":"Polygon","coordinates":[[[-122.485676,37.721309],[-122.485635,37.72128],[-122.485626,37.721257],[-122.485638,37.721219],[-122.485674,37.721213],[-122.485705,37.721224],[-122.485714,37.721266],[-122.485753,37.721291],[-122.485755,37.721327],[-122.485736,37.721346],[-122.485698,37.721352],[-122.485673,37.721337],[-122.485676,37.721309]]]}},{"type":"Feature","properties":{"k":"bunker"},"geometry":{"type":"Polygon","coordinates":[[[-122.485664,37.72159],[-122.485634,37.721546],[-122.485631,37.721519],[-122.48566,37.721507],[-122.485704,37.721512],[-122.485719,37.721521],[-122.485733,37.721547],[-122.485731,37.721585],[-122.485707,37.721608],[-122.485684,37.721606],[-122.485664,37.72159]]]}},{"type":"Feature","properties":{"k":"fairway"},"geometry":{"type":"Polygon","coordinates":[[[-122.485555,37.723828],[-122.485514,37.723816],[-122.485485,37.723791],[-122.485456,37.723745],[-122.485443,37.72366],[-122.485468,37.723537],[-122.485539,37.723287],[-122.485675,37.722835],[-122.485722,37.722635],[-122.485735,37.722547],[-122.485746,37.722262],[-122.485736,37.721964],[-122.485718,37.72176],[-122.485744,37.721663],[-122.48576,37.721554],[-122.485733,37.721451],[-122.485735,37.721423],[-122.485775,37.721322],[-122.485791,37.721315],[-122.48585,37.721333],[-122.485917,37.721316],[-122.485914,37.721359],[-122.485899,37.721403],[-122.485919,37.7216],[-122.485911,37.72164],[-122.485918,37.721663],[-122.485994,37.721728],[-122.486017,37.721768],[-122.485987,37.722605],[-122.485858,37.723104],[-122.485669,37.723723],[-122.485623,37.723804],[-122.485586,37.723828],[-122.485555,37.723828]]]}},{"type":"Feature","properties":{"k":"tee"},"geometry":{"type":"Polygon","coordinates":[[[-122.485065,37.724891],[-122.485043,37.724878],[-122.485035,37.724851],[-122.485066,37.724771],[-122.485098,37.724732],[-122.485137,37.72473],[-122.485159,37.724745],[-122.485164,37.724772],[-122.485131,37.724873],[-122.485112,37.724894],[-122.485065,37.724891]]]}},{"type":"Feature","properties":{"k":"tee"},"geometry":{"type":"Polygon","coordinates":[[[-122.485016,37.725046],[-122.48498,37.725026],[-122.484992,37.724967],[-122.485018,37.724922],[-122.485036,37.724913],[-122.485071,37.724914],[-122.485087,37.724925],[-122.485096,37.724943],[-122.485068,37.725023],[-122.48504,37.725048],[-122.485016,37.725046]]]}},{"type":"Feature","properties":{"k":"tee"},"geometry":{"type":"Polygon","coordinates":[[[-122.485019,37.725175],[-122.484958,37.725159],[-122.484938,37.725142],[-122.484944,37.725107],[-122.484961,37.725091],[-122.484996,37.725086],[-122.485027,37.725091],[-122.485071,37.725111],[-122.485074,37.72514],[-122.485064,37.725161],[-122.485047,37.725174],[-122.485019,37.725175]]]}},{"type":"Feature","properties":{"k":"green"},"geometry":{"type":"Polygon","coordinates":[[[-122.485085,37.725494],[-122.484991,37.725471],[-122.484969,37.725444],[-122.484958,37.7254],[-122.484965,37.725376],[-122.485039,37.725289],[-122.485072,37.725277],[-122.485109,37.725276],[-122.485183,37.725296],[-122.485221,37.725327],[-122.485225,37.725359],[-122.485203,37.725385],[-122.485195,37.725415],[-122.485204,37.725443],[-122.485249,37.725507],[-122.485247,37.725519],[-122.48523,37.725542],[-122.485176,37.725553],[-122.485144,37.725542],[-122.485085,37.725494]]]}},{"type":"Feature","properties":{"k":"bunker"},"geometry":{"type":"Polygon","coordinates":[[[-122.485314,37.7255],[-122.485267,37.725468],[-122.485271,37.725428],[-122.485245,37.725415],[-122.485237,37.725402],[-122.48525,37.725376],[-122.485275,37.725365],[-122.485306,37.725368],[-122.485333,37.725393],[-122.485375,37.725398],[-122.485385,37.725424],[-122.485387,37.725456],[-122.485368,37.725495],[-122.48535,37.725505],[-122.485314,37.7255]]]}},{"type":"Feature","properties":{"k":"bunker"},"geometry":{"type":"Polygon","coordinates":[[[-122.485049,37.725576],[-122.485019,37.725558],[-122.485016,37.725537],[-122.485028,37.725518],[-122.48506,37.725512],[-122.485094,37.72553],[-122.485099,37.725553],[-122.48508,37.725581],[-122.485049,37.725576]]]}},{"type":"Feature","properties":{"k":"fairway"},"geometry":{"type":"Polygon","coordinates":[[[-122.485606,37.72582],[-122.485534,37.725814],[-122.485434,37.725775],[-122.485177,37.725572],[-122.485234,37.725548],[-122.485279,37.725515],[-122.485452,37.725555],[-122.485529,37.725586],[-122.485645,37.725668],[-122.485668,37.72569],[-122.485693,37.725736],[-122.485695,37.72576],[-122.485681,37.725794],[-122.485632,37.725816],[-122.485606,37.72582]]]}},{"type":"Feature","properties":{"k":"tee"},"geometry":{"type":"Polygon","coordinates":[[[-122.485848,37.726047],[-122.48578,37.726011],[-122.485755,37.725989],[-122.485754,37.725954],[-122.485775,37.725925],[-122.485835,37.725928],[-122.485916,37.725981],[-122.485917,37.726012],[-122.485896,37.726038],[-122.48588,37.726048],[-122.485848,37.726047]]]}},{"type":"Feature","properties":{"k":"tee"},"geometry":{"type":"Polygon","coordinates":[[[-122.486077,37.726148],[-122.486033,37.726128],[-122.485999,37.726102],[-122.485997,37.726068],[-122.486024,37.726043],[-122.486042,37.726041],[-122.486089,37.726056],[-122.486118,37.726076],[-122.486138,37.726103],[-122.486138,37.726119],[-122.486119,37.726143],[-122.486091,37.726151],[-122.486077,37.726148]]]}},{"type":"Feature","properties":{"k":"tee"},"geometry":{"type":"Polygon","coordinates":[[[-122.486451,37.726282],[-122.486238,37.726174],[-122.486228,37.726137],[-122.486255,37.726103],[-122.486306,37.726092],[-122.486332,37.726099],[-122.486515,37.726197],[-122.486539,37.726224],[-122.486533,37.726254],[-122.486488,37.726287],[-122.486451,37.726282]]]}},{"type":"Feature","properties":{"k":"tee"},"geometry":{"type":"Polygon","coordinates":[[[-122.486788,37.726416],[-122.486602,37.726324],[-122.48659,37.726308],[-122.486599,37.726274],[-122.486633,37.726259],[-122.486656,37.72626],[-122.486831,37.726371],[-122.486845,37.726397],[-122.486837,37.726413],[-122.486813,37.726423],[-122.486788,37.726416]]]}},{"type":"Feature","properties":{"k":"bunker"},"geometry":{"type":"Polygon","coordinates":[[[-122.487145,37.726411],[-122.487093,37.726387],[-122.487084,37.726371],[-122.487088,37.726345],[-122.487135,37.726325],[-122.487177,37.726332],[-122.487178,37.726312],[-122.487195,37.726295],[-122.48723,37.726284],[-122.487244,37.726289],[-122.487275,37.726314],[-122.487279,37.726331],[-122.487258,37.726378],[-122.487219,37.726391],[-122.487187,37.726386],[-122.487163,37.726411],[-122.487145,37.726411]]]}},{"type":"Feature","properties":{"k":"green"},"geometry":{"type":"Polygon","coordinates":[[[-122.486997,37.726328],[-122.48696,37.72631],[-122.486905,37.726254],[-122.48689,37.726218],[-122.486893,37.726185],[-122.486922,37.726138],[-122.486957,37.726102],[-122.486996,37.726084],[-122.487069,37.726069],[-122.487099,37.72608],[-122.487149,37.726152],[-122.487209,37.726187],[-122.487226,37.72624],[-122.487156,37.726299],[-122.487034,37.726331],[-122.486997,37.726328]]]}},{"type":"Feature","properties":{"k":"tee"},"geometry":{"type":"Polygon","coordinates":[[[-122.491876,37.726247],[-122.491824,37.726239],[-122.49181,37.726224],[-122.491813,37.726196],[-122.491845,37.726177],[-122.491899,37.726176],[-122.491926,37.726198],[-122.491923,37.726233],[-122.491902,37.726245],[-122.491876,37.726247]]]}},{"type":"Feature","properties":{"k":"tee"},"geometry":{"type":"Polygon","coordinates":[[[-122.4922,37.726219],[-122.492063,37.72621],[-122.492038,37.726188],[-122.492038,37.726166],[-122.492069,37.726142],[-122.492216,37.726151],[-122.492228,37.726162],[-122.492236,37.726192],[-122.492216,37.726216],[-122.4922,37.726219]]]}},{"type":"Feature","properties":{"k":"tee"},"geometry":{"type":"Polygon","coordinates":[[[-122.492491,37.726179],[-122.492368,37.726182],[-122.492335,37.726174],[-122.492311,37.726157],[-122.492311,37.726128],[-122.492329,37.726107],[-122.492358,37.726095],[-122.492506,37.726103],[-122.492521,37.726116],[-122.49253,37.726151],[-122.492507,37.726177],[-122.492491,37.726179]]]}},{"type":"Feature","properties":{"k":"tee"},"geometry":{"type":"Polygon","coordinates":[[[-122.492777,37.726076],[-122.492632,37.726078],[-122.492599,37.726094],[-122.492594,37.726121],[-122.492621,37.726147],[-122.492795,37.726146],[-122.492812,37.726135],[-122.492813,37.726096],[-122.492806,37.726085],[-122.492777,37.726076]]]}},{"type":"Feature","properties":{"k":"fairway"},"geometry":{"type":"Polygon","coordinates":[[[-122.491478,37.725992],[-122.491514,37.726006],[-122.491535,37.726028],[-122.491551,37.72608],[-122.49154,37.726143],[-122.491501,37.726187],[-122.491441,37.726211],[-122.491404,37.726213],[-122.490808,37.72618],[-122.48995,37.726114],[-122.48907,37.72601],[-122.488441,37.725966],[-122.4883,37.72597],[-122.488221,37.725984],[-122.487607,37.72615],[-122.487216,37.726274],[-122.487239,37.726245],[-122.487231,37.726203],[-122.487197,37.72616],[-122.487246,37.726169],[-122.487277,37.726163],[-122.487337,37.726121],[-122.487441,37.726017],[-122.487537,37.725966],[-122.487811,37.725903],[-122.488069,37.725832],[-122.488263,37.725794],[-122.488976,37.725733],[-122.489126,37.725729],[-122.489357,37.725749],[-122.489512,37.725753],[-122.489579,37.725769],[-122.489671,37.725835],[-122.489699,37.725841],[-122.48977,37.725834],[-122.489855,37.725842],[-122.489898,37.725853],[-122.489927,37.725871],[-122.489968,37.725873],[-122.490013,37.725862],[-122.490068,37.72582],[-122.490098,37.725813],[-122.490405,37.725855],[-122.490483,37.725857],[-122.49094,37.725924],[-122.491478,37.725992]]]}},{"type":"Feature","properties":{"k":"bunker"},"geometry":{"type":"Polygon","coordinates":[[[-122.493049,37.724832],[-122.492998,37.724804],[-122.49299,37.724774],[-122.492953,37.724736],[-122.492947,37.724698],[-122.492956,37.724682],[-122.492983,37.72467],[-122.493008,37.724668],[-122.493037,37.724677],[-122.493064,37.72471],[-122.493089,37.724723],[-122.493108,37.724743],[-122.49311,37.724762],[-122.493091,37.72479],[-122.49309,37.724814],[-122.493074,37.72483],[-122.493049,37.724832]]]}},{"type":"Feature","properties":{"k":"bunker"},"geometry":{"type":"Polygon","coordinates":[[[-122.492611,37.724717],[-122.492576,37.724666],[-122.492593,37.724648],[-122.492632,37.72464],[-122.492677,37.72466],[-122.492684,37.724674],[-122.492662,37.724723],[-122.492623,37.724725],[-122.492611,37.724717]]]}},{"type":"Feature","properties":{"k":"bunker"},"geometry":{"type":"Polygon","coordinates":[[[-122.49242,37.724535],[-122.492413,37.724512],[-122.492401,37.724504],[-122.492368,37.72452],[-122.492324,37.724486],[-122.492332,37.724452],[-122.49237,37.724426],[-122.492389,37.724426],[-122.492413,37.72444],[-122.492463,37.724439],[-122.492493,37.724462],[-122.492495,37.72448],[-122.492481,37.72449],[-122.492504,37.724518],[-122.492502,37.724548],[-122.492475,37.724561],[-122.492443,37.724561],[-122.492424,37.724551],[-122.49242,37.724535]]]}},{"type":"Feature","properties":{"k":"bunker"},"geometry":{"type":"Polygon","coordinates":[[[-122.491664,37.723494],[-122.491635,37.723492],[-122.491611,37.72348],[-122.491618,37.723424],[-122.491606,37.723389],[-122.491629,37.723366],[-122.491666,37.723379],[-122.491683,37.723423],[-122.491709,37.723452],[-122.491699,37.723481],[-122.491664,37.723494]]]}},{"type":"Feature","properties":{"k":"bunker"},"geometry":{"type":"Polygon","coordinates":[[[-122.491537,37.723446],[-122.491509,37.723426],[-122.491496,37.723352],[-122.491533,37.723264],[-122.491572,37.723252],[-122.491594,37.723262],[-122.491634,37.723314],[-122.491629,37.723325],[-122.491597,37.723344],[-122.491558,37.723345],[-122.491558,37.723365],[-122.491589,37.723419],[-122.491577,37.723441],[-122.491548,37.72345],[-122.491537,37.723446]]]}},{"type":"Feature","properties":{"k":"bunker"},"geometry":{"type":"Polygon","coordinates":[[[-122.491263,37.723023],[-122.49125,37.723005],[-122.491212,37.723011],[-122.491189,37.723003],[-122.49117,37.722958],[-122.491174,37.722939],[-122.49124,37.722924],[-122.491257,37.722928],[-122.491282,37.72296],[-122.4913,37.722962],[-122.491341,37.722989],[-122.491343,37.723009],[-122.491323,37.723032],[-122.491284,37.723041],[-122.491263,37.723023]]]}},{"type":"Feature","properties":{"k":"tee"},"geometry":{"type":"Polygon","coordinates":[[[-122.490804,37.721864],[-122.490779,37.721833],[-122.490775,37.721809],[-122.490788,37.721795],[-122.490811,37.721789],[-122.490848,37.721804],[-122.490875,37.721844],[-122.490872,37.721856],[-122.490847,37.721873],[-122.490829,37.721875],[-122.490804,37.721864]]]}},{"type":"Feature","properties":{"k":"tee"},"geometry":{"type":"Polygon","coordinates":[[[-122.490523,37.721743],[-122.490478,37.721691],[-122.490476,37.721666],[-122.490488,37.721651],[-122.490514,37.721637],[-122.490556,37.721635],[-122.490606,37.721679],[-122.490621,37.7217],[-122.490621,37.721718],[-122.490607,37.721735],[-122.490559,37.721755],[-122.490523,37.721743]]]}},{"type":"Feature","properties":{"k":"tee"},"geometry":{"type":"Polygon","coordinates":[[[-122.490237,37.721637],[-122.490201,37.721612],[-122.490195,37.721574],[-122.490222,37.721543],[-122.490259,37.721537],[-122.490297,37.721554],[-122.490322,37.721588],[-122.490314,37.721608],[-122.490275,37.721634],[-122.490237,37.721637]]]}},{"type":"Feature","properties":{"k":"tee"},"geometry":{"type":"Polygon","coordinates":[[[-122.490139,37.721521],[-122.49011,37.721492],[-122.490096,37.721459],[-122.490119,37.721431],[-122.490149,37.721425],[-122.490182,37.721442],[-122.490213,37.721488],[-122.490205,37.721512],[-122.490184,37.721526],[-122.490153,37.721531],[-122.490139,37.721521]]]}},{"type":"Feature","properties":{"k":"green"},"geometry":{"type":"Polygon","coordinates":[[[-122.49064,37.721334],[-122.490567,37.721317],[-122.490457,37.721326],[-122.490392,37.721316],[-122.490365,37.721303],[-122.490353,37.721292],[-122.490347,37.721258],[-122.490361,37.721218],[-122.490367,37.721151],[-122.490375,37.721143],[-122.490411,37.721132],[-122.490496,37.721154],[-122.490617,37.721159],[-122.490687,37.721177],[-122.490714,37.721211],[-122.490722,37.721248],[-122.490714,37.721288],[-122.490688,37.721321],[-122.490665,37.721334],[-122.49064,37.721334]]]}},{"type":"Feature","properties":{"k":"fairway"},"geometry":{"type":"Polygon","coordinates":[[[-122.490364,37.721193],[-122.490322,37.721136],[-122.49029,37.72112],[-122.490257,37.721114],[-122.490171,37.721117],[-122.490086,37.7211],[-122.489957,37.721004],[-122.489846,37.720903],[-122.48981,37.720856],[-122.489792,37.720809],[-122.489805,37.720768],[-122.489822,37.720753],[-122.489873,37.720734],[-122.489979,37.720735],[-122.490118,37.720772],[-122.490249,37.720834],[-122.490275,37.720855],[-122.490337,37.720927],[-122.49042,37.721083],[-122.490508,37.721155],[-122.490447,37.721137],[-122.490397,37.721132],[-122.490367,37.721151],[-122.490364,37.721193]]]}},{"type":"Feature","properties":{"k":"tee"},"geometry":{"type":"Polygon","coordinates":[[[-122.489053,37.720152],[-122.489007,37.720119],[-122.488988,37.7201],[-122.488985,37.720085],[-122.488998,37.720059],[-122.489041,37.720025],[-122.489096,37.720007],[-122.489173,37.720064],[-122.489184,37.720087],[-122.489098,37.720156],[-122.489068,37.720159],[-122.489053,37.720152]]]}},{"type":"Feature","properties":{"k":"bunker"},"geometry":{"type":"Polygon","coordinates":[[[-122.489179,37.720801],[-122.489154,37.720782],[-122.489158,37.720737],[-122.489198,37.720718],[-122.489189,37.720679],[-122.489203,37.720656],[-122.489253,37.72065],[-122.489288,37.720671],[-122.489285,37.720712],[-122.48931,37.720731],[-122.489309,37.72075],[-122.48924,37.720801],[-122.489222,37.720805],[-122.489179,37.720801]]]}},{"type":"Feature","properties":{"k":"bunker"},"geometry":{"type":"Polygon","coordinates":[[[-122.488903,37.720641],[-122.488878,37.720629],[-122.488878,37.720602],[-122.488891,37.720588],[-122.488929,37.720585],[-122.488944,37.720595],[-122.488941,37.720616],[-122.488923,37.720639],[-122.488903,37.720641]]]}},{"type":"Feature","properties":{"k":"green"},"geometry":{"type":"Polygon","coordinates":[[[-122.489165,37.72067],[-122.489164,37.720588],[-122.489154,37.720546],[-122.489122,37.720499],[-122.489076,37.720462],[-122.489034,37.720438],[-122.488955,37.720418],[-122.488892,37.720424],[-122.488854,37.720443],[-122.488823,37.7205],[-122.488831,37.720537],[-122.488872,37.720557],[-122.488927,37.720563],[-122.488962,37.720583],[-122.489028,37.720699],[-122.489092,37.720724],[-122.489129,37.720723],[-122.489154,37.720705],[-122.489165,37.72067]]]}},{"type":"Feature","properties":{"k":"bunker"},"geometry":{"type":"Polygon","coordinates":[[[-122.488997,37.721117],[-122.488962,37.721104],[-122.488925,37.721072],[-122.488919,37.721054],[-122.488928,37.721039],[-122.488961,37.721033],[-122.488967,37.721025],[-122.48895,37.721003],[-122.488907,37.720976],[-122.488902,37.720959],[-122.488918,37.720935],[-122.488958,37.720901],[-122.488985,37.720889],[-122.489017,37.720906],[-122.48906,37.720955],[-122.489059,37.720972],[-122.489035,37.721],[-122.489039,37.721025],[-122.489056,37.721043],[-122.489098,37.721062],[-122.489126,37.721097],[-122.489121,37.721125],[-122.489092,37.721147],[-122.489064,37.721146],[-122.48903,37.721123],[-122.488997,37.721117]]]}},{"type":"Feature","properties":{"k":"green"},"geometry":{"type":"Polygon","coordinates":[[[-122.487036,37.723241],[-122.486997,37.72323],[-122.486971,37.72321],[-122.486935,37.723137],[-122.486923,37.723093],[-122.486921,37.723037],[-122.486942,37.722977],[-122.486976,37.722938],[-122.487006,37.722932],[-122.487092,37.722954],[-122.487148,37.722978],[-122.487188,37.723022],[-122.487198,37.723054],[-122.487189,37.723121],[-122.487171,37.723153],[-122.487073,37.723232],[-122.487036,37.723241]]]}},{"type":"Feature","properties":{"k":"path"},"geometry":{"type":"LineString","coordinates":[[-122.497772,37.724525],[-122.497662,37.724422],[-122.497508,37.724247],[-122.497349,37.724112],[-122.49731,37.724059],[-122.497278,37.72396],[-122.497243,37.723898],[-122.497214,37.723869],[-122.497154,37.723832],[-122.497056,37.723786],[-122.496784,37.723727],[-122.496533,37.723622],[-122.496285,37.723583],[-122.496212,37.723553],[-122.496162,37.723542],[-122.496107,37.72347],[-122.496038,37.723411],[-122.495886,37.723361],[-122.495766,37.723309],[-122.495512,37.723156],[-122.495395,37.723076],[-122.495076,37.72291],[-122.49483,37.722759],[-122.494704,37.722699],[-122.494551,37.722663],[-122.494396,37.722581],[-122.494302,37.722515],[-122.494202,37.722461],[-122.494135,37.722448],[-122.494095,37.722467],[-122.494048,37.722583],[-122.49395,37.722766],[-122.493924,37.722791],[-122.493858,37.722824],[-122.493777,37.722852],[-122.493659,37.72287],[-122.493567,37.722863],[-122.49352,37.722848],[-122.493445,37.722803],[-122.493348,37.72276],[-122.493112,37.722723],[-122.492798,37.722629],[-122.492694,37.722582],[-122.492546,37.722487],[-122.492478,37.722453],[-122.492265,37.722403],[-122.492154,37.722355],[-122.491992,37.722349],[-122.491911,37.722325],[-122.49184,37.722273],[-122.491781,37.722178],[-122.491701,37.722127],[-122.491541,37.721997],[-122.491297,37.721708]]}},{"type":"Feature","properties":{"k":"path"},"geometry":{"type":"LineString","coordinates":[[-122.491297,37.721708],[-122.491109,37.72149],[-122.491018,37.721339],[-122.49099,37.721266]]}},{"type":"Feature","properties":{"k":"path"},"geometry":{"type":"LineString","coordinates":[[-122.49099,37.721266],[-122.49098,37.721113],[-122.49097,37.72108],[-122.490904,37.72099],[-122.490821,37.720909],[-122.490665,37.720735],[-122.490645,37.720706],[-122.490632,37.720609],[-122.490607,37.720578],[-122.490414,37.720516],[-122.490053,37.720434]]}},{"type":"Feature","properties":{"k":"path"},"geometry":{"type":"LineString","coordinates":[[-122.490805,37.720892],[-122.490608,37.720781]]}},{"type":"Feature","properties":{"k":"path"},"geometry":{"type":"LineString","coordinates":[[-122.489636,37.72005],[-122.489585,37.719983],[-122.489062,37.719429],[-122.488918,37.719287],[-122.488759,37.719102],[-122.488677,37.719028]]}},{"type":"Feature","properties":{"k":"path"},"geometry":{"type":"LineString","coordinates":[[-122.488677,37.719028],[-122.4886,37.718974],[-122.488525,37.718939],[-122.48831,37.718883],[-122.488268,37.718878],[-122.488154,37.718792],[-122.488118,37.718787],[-122.488122,37.718687]]}},{"type":"Feature","properties":{"k":"path"},"geometry":{"type":"LineString","coordinates":[[-122.486503,37.719452],[-122.486448,37.719274],[-122.486499,37.719183],[-122.486629,37.719059],[-122.486868,37.718878],[-122.48705,37.718691],[-122.48742,37.718237],[-122.487473,37.718153],[-122.487534,37.717986]]}},{"type":"Feature","properties":{"k":"path"},"geometry":{"type":"LineString","coordinates":[[-122.487534,37.717986],[-122.487502,37.717878],[-122.487431,37.717706],[-122.487409,37.717666],[-122.487349,37.71759],[-122.487145,37.717433],[-122.487118,37.717424],[-122.48706,37.717418],[-122.486967,37.717424],[-122.486928,37.717434],[-122.486823,37.71748],[-122.486741,37.71753],[-122.486679,37.717585],[-122.486524,37.717756],[-122.486428,37.717842],[-122.486405,37.717879],[-122.486397,37.717911],[-122.486383,37.718052],[-122.486341,37.718093],[-122.486232,37.718144]]}},{"type":"Feature","properties":{"k":"path"},"geometry":{"type":"LineString","coordinates":[[-122.488118,37.718787],[-122.488068,37.718752],[-122.487968,37.718713],[-122.487884,37.718713],[-122.487727,37.718761],[-122.487603,37.71876],[-122.487527,37.718768],[-122.487046,37.718986],[-122.486898,37.719065],[-122.486796,37.719134],[-122.486698,37.719213],[-122.486637,37.719277],[-122.486581,37.719341],[-122.486453,37.719519],[-122.486256,37.719746],[-122.486167,37.719809],[-122.486125,37.719852],[-122.486074,37.719955],[-122.48599,37.720257]]}},{"type":"Feature","properties":{"k":"path"},"geometry":{"type":"LineString","coordinates":[[-122.48599,37.720257],[-122.486027,37.720513],[-122.486058,37.720635]]}},{"type":"Feature","properties":{"k":"path"},"geometry":{"type":"LineString","coordinates":[[-122.486058,37.720635],[-122.486125,37.720727],[-122.486173,37.720803],[-122.486181,37.72083],[-122.486186,37.720883],[-122.486176,37.721018],[-122.486203,37.721156],[-122.486196,37.721295],[-122.486206,37.721364],[-122.486266,37.72157],[-122.486362,37.721784],[-122.486365,37.721904],[-122.48641,37.722058],[-122.486413,37.722103],[-122.486368,37.722495]]}},{"type":"Feature","properties":{"k":"path"},"geometry":{"type":"LineString","coordinates":[[-122.492989,37.726194],[-122.492817,37.726243],[-122.492509,37.726278],[-122.492465,37.726289],[-122.492276,37.726371],[-122.492229,37.726383],[-122.491996,37.726354],[-122.491529,37.726401],[-122.491422,37.726393],[-122.491298,37.726364],[-122.49123,37.726358],[-122.490882,37.726386],[-122.490636,37.726421],[-122.49052,37.726424],[-122.490349,37.726396],[-122.490149,37.72638],[-122.489679,37.726359],[-122.489541,37.726345],[-122.489492,37.726343],[-122.489405,37.72636],[-122.489342,37.726362],[-122.488963,37.726193],[-122.488853,37.726156],[-122.488603,37.726115],[-122.488317,37.726093],[-122.488254,37.726107],[-122.487811,37.726299],[-122.48773,37.726341],[-122.487544,37.726457],[-122.487408,37.726491],[-122.487082,37.726544],[-122.487036,37.726544],[-122.486981,37.726542],[-122.486913,37.726526],[-122.486692,37.726416],[-122.486524,37.726375],[-122.486407,37.726338],[-122.486293,37.726298],[-122.486193,37.726248],[-122.48608,37.726228],[-122.485887,37.726144],[-122.485585,37.725991],[-122.485435,37.725896],[-122.485334,37.725793],[-122.485247,37.725739],[-122.485037,37.725637],[-122.484865,37.725516],[-122.484822,37.725475],[-122.484783,37.725411],[-122.484782,37.725334],[-122.485053,37.724705],[-122.485109,37.724659],[-122.485195,37.724622],[-122.48544,37.724588],[-122.485486,37.724569],[-122.485531,37.724535],[-122.485688,37.724234],[-122.485772,37.724101],[-122.485902,37.723907],[-122.485971,37.723831],[-122.486026,37.723753],[-122.486068,37.723585],[-122.486091,37.723417],[-122.486171,37.72327],[-122.486178,37.723056],[-122.486202,37.722998],[-122.486253,37.722913],[-122.486277,37.722674],[-122.486323,37.722555],[-122.486338,37.722527],[-122.486368,37.722495]]}},{"type":"Feature","properties":{"k":"path"},"geometry":{"type":"LineString","coordinates":[[-122.486312,37.721678],[-122.486254,37.721672],[-122.486213,37.721658],[-122.486161,37.721628],[-122.486148,37.721606],[-122.486141,37.721567],[-122.486141,37.721213],[-122.486114,37.721146],[-122.486054,37.720919],[-122.486022,37.720849],[-122.485977,37.720813],[-122.485935,37.720795],[-122.485767,37.720767],[-122.485742,37.720757],[-122.485725,37.720737],[-122.485712,37.720665],[-122.485715,37.720631],[-122.485725,37.720599],[-122.48578,37.720505]]}},{"type":"Feature","properties":{"k":"path"},"geometry":{"type":"LineString","coordinates":[[-122.48578,37.720505],[-122.48583,37.720456],[-122.485911,37.720334],[-122.48599,37.720257]]}},{"type":"Feature","properties":{"k":"path"},"geometry":{"type":"LineString","coordinates":[[-122.486058,37.720635],[-122.485917,37.720559],[-122.48578,37.720505]]}},{"type":"Feature","properties":{"k":"path"},"geometry":{"type":"LineString","coordinates":[[-122.48578,37.720505],[-122.485746,37.72049],[-122.48565,37.720419],[-122.485484,37.720354],[-122.485436,37.720319],[-122.485411,37.720278],[-122.485417,37.720065],[-122.485365,37.719844],[-122.48537,37.719764],[-122.485408,37.719546],[-122.485413,37.719435],[-122.485357,37.719163],[-122.485371,37.719126],[-122.485405,37.719086],[-122.485448,37.719072]]}},{"type":"Feature","properties":{"k":"path"},"geometry":{"type":"LineString","coordinates":[[-122.486368,37.722495],[-122.486426,37.722607],[-122.486446,37.722676],[-122.48642,37.722892],[-122.48644,37.723009],[-122.486464,37.723059],[-122.486498,37.723103],[-122.486547,37.723146],[-122.486604,37.72318],[-122.486764,37.723247],[-122.48695,37.723336],[-122.487015,37.723347],[-122.487061,37.723347],[-122.487288,37.723324],[-122.487411,37.723336],[-122.487517,37.723368],[-122.487633,37.723439],[-122.487699,37.723464],[-122.48803,37.723466],[-122.488073,37.723457],[-122.488108,37.723429]]}},{"type":"Feature","properties":{"k":"path"},"geometry":{"type":"LineString","coordinates":[[-122.488108,37.723429],[-122.488118,37.72339],[-122.48811,37.723339],[-122.48806,37.723194],[-122.487987,37.72303],[-122.487911,37.722792],[-122.487898,37.722732],[-122.487894,37.722514],[-122.487883,37.722475],[-122.487788,37.722261],[-122.487634,37.721835],[-122.487607,37.721792],[-122.487605,37.721745],[-122.487622,37.721669],[-122.487614,37.72161],[-122.487552,37.721455],[-122.487527,37.721271],[-122.487458,37.721086],[-122.487438,37.72098],[-122.487359,37.720822],[-122.487365,37.720786],[-122.487396,37.720764],[-122.487441,37.72077],[-122.487479,37.720803],[-122.487598,37.721097],[-122.487638,37.721242],[-122.487716,37.721388],[-122.487734,37.721455],[-122.487746,37.721635],[-122.487878,37.722047],[-122.487991,37.722348],[-122.488041,37.722418],[-122.488182,37.722576],[-122.488246,37.722635],[-122.488738,37.723021],[-122.488849,37.723098],[-122.488933,37.723171],[-122.488987,37.723237],[-122.489006,37.723304],[-122.489031,37.723342],[-122.489131,37.723393],[-122.489131,37.723454]]}},{"type":"Feature","properties":{"k":"path"},"geometry":{"type":"LineString","coordinates":[[-122.486063,37.724636],[-122.486131,37.724776],[-122.486178,37.724838],[-122.486214,37.724858],[-122.486278,37.724858],[-122.486463,37.724796],[-122.486529,37.724754],[-122.486551,37.72473],[-122.486734,37.724491],[-122.486933,37.724265],[-122.487133,37.724157],[-122.487227,37.724117],[-122.48727,37.724087],[-122.487319,37.724027],[-122.487473,37.72391],[-122.487646,37.723803],[-122.487928,37.72367],[-122.488003,37.72362],[-122.488185,37.723476]]}},{"type":"Feature","properties":{"k":"path"},"geometry":{"type":"LineString","coordinates":[[-122.488185,37.723476],[-122.488288,37.723433],[-122.488356,37.723422],[-122.488452,37.723427],[-122.488718,37.723462],[-122.488969,37.723505],[-122.489028,37.723501],[-122.489131,37.723454]]}},{"type":"Feature","properties":{"k":"path"},"geometry":{"type":"LineString","coordinates":[[-122.490358,37.723266],[-122.490387,37.723237],[-122.490497,37.723002],[-122.490488,37.72293],[-122.49044,37.72283],[-122.490358,37.722731],[-122.490245,37.722681],[-122.490197,37.722652],[-122.490007,37.722474],[-122.489893,37.722397],[-122.489795,37.722314],[-122.489737,37.722254],[-122.489641,37.72211],[-122.489358,37.72182],[-122.489176,37.721597],[-122.488885,37.721143],[-122.488839,37.721032],[-122.488788,37.720812],[-122.488718,37.720617]]}},{"type":"Feature","properties":{"k":"path"},"geometry":{"type":"LineString","coordinates":[[-122.488718,37.720617],[-122.488678,37.720492],[-122.488672,37.720388]]}},{"type":"Feature","properties":{"k":"path"},"geometry":{"type":"LineString","coordinates":[[-122.488118,37.718787],[-122.488113,37.71887],[-122.488091,37.718966],[-122.488098,37.719028],[-122.488155,37.719084],[-122.488249,37.719144],[-122.488287,37.71918],[-122.4884,37.71941],[-122.488471,37.719638],[-122.488617,37.719869],[-122.488646,37.719942],[-122.48865,37.720016],[-122.488632,37.720263],[-122.488639,37.72031],[-122.488672,37.720388]]}},{"type":"Feature","properties":{"k":"path"},"geometry":{"type":"LineString","coordinates":[[-122.488122,37.718687],[-122.488118,37.718602],[-122.48806,37.718472],[-122.487997,37.718374],[-122.487869,37.718231],[-122.487747,37.718124],[-122.487671,37.718067],[-122.487534,37.717986]]}},{"type":"Feature","properties":{"k":"path"},"geometry":{"type":"LineString","coordinates":[[-122.488268,37.718878],[-122.488298,37.718926],[-122.488332,37.71896],[-122.488746,37.719345],[-122.48884,37.719551],[-122.488873,37.719608],[-122.488953,37.719709],[-122.48908,37.719819],[-122.489237,37.719912]]}},{"type":"Feature","properties":{"k":"path"},"geometry":{"type":"LineString","coordinates":[[-122.493406,37.724907],[-122.493314,37.724884],[-122.49328,37.724853],[-122.4932,37.724704],[-122.493056,37.724504],[-122.492987,37.724337],[-122.492936,37.724259],[-122.492738,37.724052],[-122.492668,37.724004],[-122.492616,37.723948],[-122.492586,37.723908],[-122.492556,37.723808],[-122.492514,37.723743],[-122.49234,37.723553],[-122.492296,37.723495],[-122.492275,37.723458],[-122.492223,37.723289],[-122.492158,37.723116],[-122.491946,37.722806],[-122.491815,37.722682],[-122.491781,37.722639],[-122.491723,37.722541],[-122.491711,37.722442],[-122.491697,37.722402],[-122.491252,37.722028],[-122.491156,37.721877],[-122.491044,37.721752],[-122.490976,37.721706],[-122.490791,37.721609],[-122.490755,37.721578],[-122.490748,37.721552],[-122.490756,37.721533],[-122.490831,37.721496],[-122.490877,37.721461],[-122.490898,37.721405],[-122.490897,37.721381],[-122.490835,37.721219],[-122.490803,37.721091],[-122.49078,37.721059],[-122.490662,37.720954],[-122.490627,37.720907],[-122.490597,37.720829],[-122.490595,37.720794],[-122.490608,37.720781]]}},{"type":"Feature","properties":{"k":"path"},"geometry":{"type":"LineString","coordinates":[[-122.490602,37.720787],[-122.490576,37.720736],[-122.490535,37.720697],[-122.490417,37.72066],[-122.489957,37.720371],[-122.489844,37.720276],[-122.489739,37.720141],[-122.489636,37.72005]]}},{"type":"Feature","properties":{"k":"path"},"geometry":{"type":"LineString","coordinates":[[-122.489636,37.72005],[-122.489537,37.720009],[-122.489237,37.719912]]}},{"type":"Feature","properties":{"k":"path"},"geometry":{"type":"LineString","coordinates":[[-122.489277,37.719926],[-122.489161,37.719935],[-122.489051,37.719974],[-122.488979,37.720014],[-122.48894,37.720055],[-122.488844,37.720221],[-122.488672,37.720397]]}},{"type":"Feature","properties":{"k":"path"},"geometry":{"type":"LineString","coordinates":[[-122.488727,37.720641],[-122.488592,37.720661],[-122.488524,37.720682],[-122.488485,37.720706],[-122.488468,37.720749],[-122.488472,37.720788],[-122.488505,37.720869],[-122.488617,37.72103],[-122.488678,37.721224],[-122.488735,37.721335],[-122.48881,37.721427],[-122.488968,37.721591],[-122.489021,37.721684],[-122.489071,37.721814],[-122.489093,37.721844],[-122.489318,37.722075],[-122.489434,37.722225],[-122.489534,37.722309],[-122.489758,37.722454],[-122.489846,37.722528],[-122.489916,37.72259],[-122.490285,37.722963],[-122.490329,37.723037],[-122.490358,37.723266]]}},{"type":"Feature","properties":{"k":"path"},"geometry":{"type":"LineString","coordinates":[[-122.490367,37.723258],[-122.490499,37.723393],[-122.490703,37.723557],[-122.490815,37.72368],[-122.490924,37.723889],[-122.490964,37.724113],[-122.490995,37.724192],[-122.491092,37.724343],[-122.491247,37.724622],[-122.491349,37.724761],[-122.491566,37.724962],[-122.491697,37.725126],[-122.4918,37.725226],[-122.491942,37.725323],[-122.492086,37.725387],[-122.49215,37.725433],[-122.4923,37.725625],[-122.4924,37.725695],[-122.492451,37.725745],[-122.492471,37.725785],[-122.492479,37.725845]]}},{"type":"Feature","properties":{"k":"path"},"geometry":{"type":"LineString","coordinates":[[-122.497772,37.724525],[-122.497559,37.724573]]}},{"type":"Feature","properties":{"k":"path"},"geometry":{"type":"LineString","coordinates":[[-122.497692,37.724893],[-122.497674,37.724793],[-122.497645,37.724744],[-122.49759,37.724678],[-122.497559,37.724573]]}},{"type":"Feature","properties":{"k":"path"},"geometry":{"type":"LineString","coordinates":[[-122.497559,37.724573],[-122.497385,37.724402],[-122.497282,37.724334],[-122.497175,37.724277],[-122.497047,37.724155],[-122.496898,37.72408],[-122.496661,37.723996],[-122.496476,37.723946],[-122.496353,37.723936],[-122.496002,37.723937],[-122.495895,37.723909],[-122.495814,37.723871],[-122.495751,37.723852],[-122.4957,37.723848],[-122.495615,37.723855],[-122.495568,37.723864],[-122.49551,37.72389],[-122.495396,37.723964],[-122.495297,37.724059],[-122.495211,37.724159],[-122.495133,37.724221],[-122.494805,37.724409],[-122.494482,37.724579],[-122.494334,37.724668],[-122.493917,37.724863],[-122.493744,37.725003],[-122.493621,37.72509],[-122.493522,37.725195],[-122.49341,37.725253]]}},{"type":"Feature","properties":{"k":"fairway"},"geometry":{"type":"Polygon","coordinates":[[[-122.493754,37.725624],[-122.493676,37.725599],[-122.49365,37.72563],[-122.493702,37.725514],[-122.493738,37.725456],[-122.493825,37.725357],[-122.493959,37.725241],[-122.494321,37.724954],[-122.494496,37.724788],[-122.49451,37.724779],[-122.494606,37.72478],[-122.494637,37.724772],[-122.494713,37.724681],[-122.494836,37.724584],[-122.494855,37.724576],[-122.494969,37.724562],[-122.495055,37.724561],[-122.495595,37.724513],[-122.49578,37.724516],[-122.49584,37.724527],[-122.495869,37.724545],[-122.49588,37.724574],[-122.495868,37.724607],[-122.495792,37.724702],[-122.495723,37.724744],[-122.495439,37.724814],[-122.495307,37.724856],[-122.495093,37.724952],[-122.494964,37.724997],[-122.49452,37.725193],[-122.494083,37.725432],[-122.494036,37.725476],[-122.493982,37.725572],[-122.493952,37.725607],[-122.493838,37.725681],[-122.493824,37.725699],[-122.493821,37.725729],[-122.493754,37.725624]]]}},{"type":"Feature","properties":{"k":"fairway"},"geometry":{"type":"Polygon","coordinates":[[[-122.498091,37.724481],[-122.498096,37.724534],[-122.498071,37.7245],[-122.497935,37.724475],[-122.497865,37.72445],[-122.497779,37.724366],[-122.497664,37.724217],[-122.497657,37.724173],[-122.497674,37.724138],[-122.4977,37.724126],[-122.497747,37.724119],[-122.497791,37.724123],[-122.497849,37.72414],[-122.49796,37.724194],[-122.498099,37.724299],[-122.498109,37.724314],[-122.498118,37.72445],[-122.498147,37.724475],[-122.498091,37.724481]]]}},{"type":"Feature","properties":{"k":"fairway"},"geometry":{"type":"Polygon","coordinates":[[[-122.49672,37.723276],[-122.496767,37.723256],[-122.496634,37.723195],[-122.496587,37.723154],[-122.496522,37.723052],[-122.496451,37.722912],[-122.496431,37.722831],[-122.496417,37.722816],[-122.495658,37.72266],[-122.495522,37.722621],[-122.495111,37.722483],[-122.495021,37.722482],[-122.495,37.722491],[-122.494969,37.722526],[-122.494959,37.722571],[-122.494971,37.722609],[-122.495048,37.722661],[-122.495165,37.722721],[-122.495662,37.722867],[-122.496078,37.723003],[-122.496182,37.72305],[-122.496464,37.723236],[-122.496681,37.723334],[-122.49672,37.723276]]]}},{"type":"Feature","properties":{"k":"green"},"geometry":{"type":"Polygon","coordinates":[[[-122.495566,37.723592],[-122.495469,37.723598],[-122.495438,37.723588],[-122.495409,37.723567],[-122.495393,37.723547],[-122.495379,37.723505],[-122.495379,37.723471],[-122.495399,37.723432],[-122.495433,37.72342],[-122.495461,37.72342],[-122.495551,37.723458],[-122.495647,37.723469],[-122.495686,37.723483],[-122.495714,37.723504],[-122.495727,37.723523],[-122.49573,37.723551],[-122.495724,37.723566],[-122.4957,37.723586],[-122.495656,37.723598],[-122.495566,37.723592]]]}},{"type":"Feature","properties":{"k":"green"},"geometry":{"type":"Polygon","coordinates":[[[-122.495223,37.723592],[-122.495246,37.723557],[-122.495248,37.723517],[-122.495204,37.723393],[-122.495186,37.723371],[-122.495094,37.723319],[-122.495055,37.723312],[-122.494987,37.723322],[-122.494965,37.72334],[-122.494944,37.723383],[-122.494933,37.723496],[-122.494943,37.723541],[-122.494976,37.723566],[-122.495049,37.723572],[-122.49515,37.723607],[-122.495193,37.723606],[-122.495223,37.723592]]]}},{"type":"Feature","properties":{"k":"green"},"geometry":{"type":"Polygon","coordinates":[[[-122.494105,37.723408],[-122.494043,37.723392],[-122.494016,37.723378],[-122.493999,37.723348],[-122.494013,37.723325],[-122.494053,37.723315],[-122.494089,37.723318],[-122.494151,37.723339],[-122.494165,37.723363],[-122.494162,37.723388],[-122.494133,37.723408],[-122.494105,37.723408]]]}},{"type":"Feature","properties":{"k":"green"},"geometry":{"type":"Polygon","coordinates":[[[-122.493694,37.723498],[-122.493503,37.723458],[-122.493478,37.723445],[-122.493478,37.723426],[-122.493512,37.723408],[-122.493553,37.723405],[-122.493719,37.72344],[-122.493745,37.723459],[-122.493736,37.723487],[-122.493718,37.723499],[-122.493694,37.723498]]]}},{"type":"Feature","properties":{"k":"green"},"geometry":{"type":"Polygon","coordinates":[[[-122.493528,37.723164],[-122.493492,37.723159],[-122.493427,37.72313],[-122.493402,37.723127],[-122.493392,37.723099],[-122.493415,37.723072],[-122.493442,37.723064],[-122.493535,37.723083],[-122.493569,37.723096],[-122.493599,37.723125],[-122.4936,37.72314],[-122.493582,37.723161],[-122.493528,37.723164]]]}},{"type":"Feature","properties":{"k":"green"},"geometry":{"type":"Polygon","coordinates":[[[-122.493149,37.723364],[-122.493006,37.723339],[-122.492996,37.723329],[-122.492993,37.723303],[-122.493017,37.723271],[-122.49305,37.723265],[-122.493185,37.723294],[-122.493205,37.723317],[-122.493195,37.723347],[-122.493185,37.723359],[-122.493149,37.723364]]]}},{"type":"Feature","properties":{"k":"green"},"geometry":{"type":"Polygon","coordinates":[[[-122.493016,37.723076],[-122.492953,37.723056],[-122.492907,37.723024],[-122.492895,37.723004],[-122.492906,37.722983],[-122.492927,37.722971],[-122.492954,37.722974],[-122.493093,37.723018],[-122.493101,37.723036],[-122.493083,37.723066],[-122.493034,37.723079],[-122.493016,37.723076]]]}},{"type":"Feature","properties":{"k":"green"},"geometry":{"type":"Polygon","coordinates":[[[-122.492566,37.72309],[-122.492518,37.723078],[-122.492441,37.723039],[-122.49243,37.723016],[-122.492441,37.722977],[-122.492463,37.722965],[-122.492507,37.722966],[-122.492628,37.723004],[-122.492642,37.723015],[-122.49264,37.723044],[-122.492615,37.723077],[-122.492598,37.723088],[-122.492566,37.72309]]]}},{"type":"Feature","properties":{"k":"fairway"},"geometry":{"type":"Polygon","coordinates":[[[-122.490224,37.720227],[-122.490241,37.720237],[-122.490185,37.720224],[-122.490152,37.720202],[-122.490074,37.720069],[-122.489998,37.720011],[-122.489945,37.719957],[-122.489537,37.719609],[-122.489018,37.719107],[-122.488836,37.718958],[-122.488697,37.71887],[-122.488482,37.718711],[-122.488316,37.718574],[-122.488213,37.718461],[-122.488165,37.718367],[-122.488182,37.718314],[-122.488236,37.71827],[-122.488307,37.718236],[-122.488356,37.718227],[-122.488388,37.71823],[-122.488517,37.7183],[-122.488954,37.718668],[-122.489271,37.718886],[-122.489522,37.719087],[-122.489733,37.719271],[-122.490055,37.719574],[-122.4903,37.719847],[-122.490322,37.719895],[-122.490297,37.720018],[-122.490292,37.720092],[-122.490217,37.720104],[-122.490206,37.720132],[-122.490197,37.720191],[-122.490205,37.720211],[-122.490224,37.720227]]]}},{"type":"Feature","properties":{"k":"green"},"geometry":{"type":"Polygon","coordinates":[[[-122.490477,37.723781],[-122.49037,37.723762],[-122.490343,37.723745],[-122.49033,37.723715],[-122.49034,37.723677],[-122.490364,37.723657],[-122.490385,37.72365],[-122.490542,37.723637],[-122.490578,37.723644],[-122.490608,37.723665],[-122.490631,37.72371],[-122.490617,37.723757],[-122.490568,37.723791],[-122.490525,37.723795],[-122.490477,37.723781]]]}},{"type":"Feature","properties":{"k":"fairway"},"geometry":{"type":"Polygon","coordinates":[[[-122.490308,37.723736],[-122.49032,37.723782],[-122.490253,37.723798],[-122.489941,37.723801],[-122.489861,37.723793],[-122.489786,37.723771],[-122.489685,37.723705],[-122.48964,37.723651],[-122.489639,37.723613],[-122.489664,37.723574],[-122.489762,37.723533],[-122.489807,37.723532],[-122.490116,37.723581],[-122.490223,37.723617],[-122.490297,37.723653],[-122.490336,37.723656],[-122.490319,37.723677],[-122.490308,37.723736]]]}},{"type":"Feature","properties":{"k":"tee"},"geometry":{"type":"Polygon","coordinates":[[[-122.490377,37.72394],[-122.490325,37.723956],[-122.490312,37.723973],[-122.490329,37.724005],[-122.490348,37.724015],[-122.490397,37.724014],[-122.490467,37.724002],[-122.490478,37.723993],[-122.490479,37.723965],[-122.490466,37.723944],[-122.490414,37.723934],[-122.490377,37.72394]]]}},{"type":"Feature","properties":{"k":"tee"},"geometry":{"type":"Polygon","coordinates":[[[-122.49014,37.724026],[-122.490013,37.72406],[-122.48999,37.72406],[-122.489964,37.724027],[-122.489963,37.724006],[-122.489989,37.72398],[-122.4901,37.723953],[-122.490123,37.723954],[-122.490146,37.72396],[-122.490174,37.723999],[-122.490167,37.724018],[-122.49014,37.724026]]]}},{"type":"Feature","properties":{"k":"tee"},"geometry":{"type":"Polygon","coordinates":[[[-122.48966,37.724722],[-122.489538,37.724525],[-122.489509,37.724451],[-122.489522,37.724415],[-122.489536,37.724406],[-122.489601,37.72439],[-122.489664,37.724386],[-122.489696,37.724393],[-122.489714,37.724411],[-122.489867,37.724659],[-122.489866,37.72468],[-122.489843,37.724725],[-122.489819,37.724735],[-122.489719,37.724754],[-122.489689,37.724747],[-122.48966,37.724722]]]}},{"type":"Feature","properties":{"k":"path"},"geometry":{"type":"LineString","coordinates":[[-122.487833,37.724825],[-122.487596,37.724947],[-122.487397,37.724995],[-122.487334,37.725025],[-122.487257,37.725046],[-122.486991,37.725102],[-122.486694,37.725196],[-122.486559,37.725258],[-122.486551,37.72528],[-122.486565,37.72531],[-122.486593,37.725333],[-122.486634,37.725338],[-122.486691,37.72533],[-122.486847,37.725284],[-122.486901,37.72526],[-122.487061,37.725127],[-122.487169,37.725065]]}},{"type":"Feature","properties":{"k":"green"},"geometry":{"type":"Polygon","coordinates":[[[-122.486549,37.723477],[-122.486512,37.723481],[-122.486473,37.723471],[-122.486429,37.723418],[-122.486419,37.723376],[-122.486431,37.723339],[-122.486467,37.723296],[-122.4865,37.723282],[-122.486545,37.723275],[-122.486618,37.723303],[-122.486649,37.723324],[-122.48666,37.723348],[-122.486645,37.723408],[-122.486631,37.72343],[-122.486584,37.723469],[-122.486549,37.723477]]]}},{"type":"Feature","properties":{"k":"bunker"},"geometry":{"type":"Polygon","coordinates":[[[-122.486578,37.723546],[-122.486546,37.723537],[-122.486542,37.723526],[-122.486544,37.723501],[-122.48656,37.723489],[-122.486586,37.72349],[-122.486614,37.723505],[-122.486605,37.723541],[-122.486578,37.723546]]]}},{"type":"Feature","properties":{"k":"bunker"},"geometry":{"type":"Polygon","coordinates":[[[-122.486367,37.723516],[-122.48634,37.723504],[-122.486337,37.723459],[-122.486394,37.723448],[-122.486417,37.723461],[-122.486417,37.723475],[-122.486398,37.723509],[-122.486383,37.723517],[-122.486367,37.723516]]]}},{"type":"Feature","properties":{"k":"fairway"},"geometry":{"type":"Polygon","coordinates":[[[-122.486457,37.723457],[-122.48645,37.723497],[-122.486419,37.723531],[-122.486265,37.723585],[-122.486219,37.723612],[-122.486158,37.723683],[-122.485953,37.724106],[-122.485957,37.724161],[-122.486008,37.724239],[-122.486037,37.724259],[-122.486079,37.724264],[-122.486116,37.724256],[-122.486164,37.724238],[-122.486219,37.724203],[-122.486266,37.724161],[-122.486313,37.724103],[-122.486407,37.723953],[-122.486495,37.723768],[-122.486537,37.723627],[-122.48651,37.723557],[-122.486506,37.723522],[-122.486537,37.723479],[-122.486491,37.723478],[-122.486457,37.723457]]]}},{"type":"Feature","properties":{"k":"tee"},"geometry":{"type":"Polygon","coordinates":[[[-122.485823,37.724737],[-122.485786,37.724725],[-122.485765,37.724706],[-122.485755,37.724681],[-122.485757,37.724656],[-122.485829,37.724528],[-122.485863,37.724504],[-122.485893,37.724502],[-122.48594,37.724519],[-122.485969,37.724538],[-122.485975,37.724575],[-122.485889,37.724716],[-122.48586,37.724738],[-122.485823,37.724737]]]}},{"type":"Feature","properties":{"k":"tee"},"geometry":{"type":"Polygon","coordinates":[[[-122.485596,37.72479],[-122.485563,37.724777],[-122.485551,37.724756],[-122.485566,37.724724],[-122.485591,37.724718],[-122.485644,37.724738],[-122.485651,37.724753],[-122.485652,37.724768],[-122.485633,37.724786],[-122.485596,37.72479]]]}},{"type":"Feature","properties":{"k":"green"},"geometry":{"type":"Polygon","coordinates":[[[-122.485565,37.72518],[-122.485537,37.725181],[-122.485486,37.725168],[-122.48544,37.725108],[-122.485435,37.725082],[-122.485448,37.725046],[-122.485473,37.725025],[-122.485515,37.725006],[-122.485567,37.72501],[-122.485592,37.725022],[-122.485653,37.725073],[-122.485663,37.72509],[-122.485667,37.725126],[-122.485641,37.725164],[-122.485622,37.725174],[-122.485565,37.72518]]]}},{"type":"Feature","properties":{"k":"bunker"},"geometry":{"type":"Polygon","coordinates":[[[-122.485724,37.725143],[-122.485699,37.725158],[-122.485699,37.725168],[-122.485719,37.725185],[-122.485778,37.725195],[-122.48581,37.725171],[-122.485799,37.725132],[-122.485774,37.725117],[-122.485745,37.725116],[-122.485724,37.725143]]]}},{"type":"Feature","properties":{"k":"bunker"},"geometry":{"type":"Polygon","coordinates":[[[-122.485562,37.72524],[-122.48556,37.725265],[-122.485576,37.725293],[-122.485619,37.725297],[-122.485652,37.725279],[-122.485657,37.725259],[-122.485614,37.725217],[-122.485579,37.72522],[-122.485562,37.72524]]]}},{"type":"Feature","properties":{"k":"tee"},"geometry":{"type":"Polygon","coordinates":[[[-122.486195,37.725719],[-122.486158,37.725693],[-122.486135,37.725663],[-122.486136,37.725635],[-122.486164,37.725612],[-122.486215,37.725613],[-122.486256,37.72564],[-122.486272,37.725663],[-122.486274,37.725688],[-122.486255,37.725716],[-122.486235,37.725724],[-122.486195,37.725719]]]}},{"type":"Feature","properties":{"k":"tee"},"geometry":{"type":"Polygon","coordinates":[[[-122.486416,37.72585],[-122.486375,37.725829],[-122.486361,37.72581],[-122.486376,37.725781],[-122.486399,37.725769],[-122.486431,37.725774],[-122.486476,37.725799],[-122.486461,37.725844],[-122.486436,37.725856],[-122.486416,37.72585]]]}},{"type":"Feature","properties":{"k":"tee"},"geometry":{"type":"Polygon","coordinates":[[[-122.486524,37.72556],[-122.486491,37.725554],[-122.486477,37.725545],[-122.486451,37.725495],[-122.486453,37.725479],[-122.486486,37.725451],[-122.486537,37.725435],[-122.486576,37.725435],[-122.486614,37.725468],[-122.486623,37.725484],[-122.486621,37.725505],[-122.486598,37.725533],[-122.486549,37.725557],[-122.486524,37.72556]]]}},{"type":"Feature","properties":{"k":"tee"},"geometry":{"type":"Polygon","coordinates":[[[-122.486814,37.725348],[-122.486727,37.725372],[-122.486705,37.725388],[-122.486702,37.725427],[-122.486707,37.725442],[-122.486729,37.725458],[-122.48676,37.725463],[-122.486862,37.725436],[-122.486871,37.725427],[-122.48688,37.725401],[-122.486864,37.725359],[-122.486836,37.725345],[-122.486814,37.725348]]]}},{"type":"Feature","properties":{"k":"fairway"},"geometry":{"type":"Polygon","coordinates":[[[-122.488925,37.72474],[-122.488867,37.724762],[-122.488823,37.724799],[-122.48876,37.724956],[-122.488713,37.725016],[-122.48868,37.725037],[-122.488576,37.725074],[-122.48792,37.725253],[-122.487216,37.72542],[-122.487115,37.725435],[-122.487056,37.725433],[-122.486996,37.725414],[-122.486979,37.725395],[-122.486971,37.725372],[-122.486984,37.725333],[-122.487028,37.725266],[-122.487111,37.725175],[-122.487153,37.725145],[-122.487206,37.725123],[-122.487604,37.725047],[-122.487695,37.724995],[-122.487785,37.724916],[-122.48783,37.724887],[-122.487903,37.724882],[-122.48813,37.724888],[-122.488315,37.724855],[-122.488406,37.724832],[-122.488517,37.724734],[-122.4886,37.724686],[-122.488735,37.724678],[-122.488887,37.724647],[-122.488913,37.724644],[-122.488899,37.724701],[-122.488925,37.72474]]]}},{"type":"Feature","properties":{"k":"bunker"},"geometry":{"type":"Polygon","coordinates":[[[-122.488882,37.724875],[-122.488838,37.724856],[-122.488824,37.724838],[-122.488826,37.724827],[-122.488832,37.724819],[-122.488866,37.724809],[-122.488883,37.724779],[-122.48894,37.724781],[-122.488955,37.724814],[-122.488949,37.724829],[-122.488925,37.724843],[-122.488922,37.724876],[-122.488906,37.724884],[-122.488882,37.724875]]]}},{"type":"Feature","properties":{"k":"green"},"geometry":{"type":"Polygon","coordinates":[[[-122.489058,37.724815],[-122.489004,37.724806],[-122.488905,37.724719],[-122.488899,37.724701],[-122.488903,37.72466],[-122.488917,37.724637],[-122.488942,37.72462],[-122.489026,37.724613],[-122.489084,37.724619],[-122.489125,37.724639],[-122.48915,37.724664],[-122.48916,37.724722],[-122.489146,37.724766],[-122.489116,37.724798],[-122.489079,37.724814],[-122.489058,37.724815]]]}},{"type":"Feature","properties":{"k":"tee"},"geometry":{"type":"Polygon","coordinates":[[[-122.489416,37.724711],[-122.489366,37.724682],[-122.489329,37.724628],[-122.489334,37.724607],[-122.489348,37.724595],[-122.489395,37.72458],[-122.489445,37.724592],[-122.489505,37.724656],[-122.489505,37.724682],[-122.48948,37.724708],[-122.489442,37.724718],[-122.489416,37.724711]]]}},{"type":"Feature","properties":{"k":"green"},"geometry":{"type":"Polygon","coordinates":[[[-122.490717,37.72536],[-122.490663,37.725353],[-122.490617,37.72533],[-122.490547,37.725311],[-122.490527,37.725297],[-122.4905,37.725261],[-122.490497,37.725243],[-122.490499,37.725197],[-122.490521,37.72517],[-122.49057,37.725152],[-122.490629,37.725156],[-122.490767,37.725235],[-122.490797,37.725273],[-122.490795,37.725317],[-122.490767,37.725347],[-122.490717,37.72536]]]}},{"type":"Feature","properties":{"k":"bunker"},"geometry":{"type":"Polygon","coordinates":[[[-122.490424,37.725337],[-122.490381,37.725318],[-122.490368,37.725285],[-122.490387,37.725243],[-122.490381,37.725205],[-122.490396,37.72519],[-122.490424,37.725181],[-122.490442,37.725183],[-122.490469,37.7252],[-122.490475,37.725262],[-122.490502,37.72529],[-122.49049,37.725323],[-122.490448,37.725339],[-122.490424,37.725337]]]}},{"type":"Feature","properties":{"k":"bunker"},"geometry":{"type":"Polygon","coordinates":[[[-122.490793,37.72541],[-122.490784,37.725419],[-122.490758,37.725418],[-122.490739,37.725385],[-122.49081,37.725355],[-122.490831,37.725369],[-122.490833,37.725391],[-122.490793,37.72541]]]}},{"type":"Feature","properties":{"k":"green"},"geometry":{"type":"Polygon","coordinates":[[[-122.491488,37.725579],[-122.491465,37.72559],[-122.491439,37.725591],[-122.491413,37.725579],[-122.491411,37.725554],[-122.491428,37.725519],[-122.491448,37.725504],[-122.491475,37.725493],[-122.491511,37.725495],[-122.491556,37.725513],[-122.491581,37.725544],[-122.491578,37.725562],[-122.491552,37.725585],[-122.491533,37.725588],[-122.491504,37.725577],[-122.491488,37.725579]]]}},{"type":"Feature","properties":{"k":"green"},"geometry":{"type":"Polygon","coordinates":[[[-122.491268,37.725367],[-122.491229,37.725356],[-122.491211,37.725329],[-122.49116,37.72531],[-122.491139,37.725291],[-122.491143,37.72526],[-122.491164,37.725242],[-122.491193,37.725237],[-122.491214,37.725245],[-122.491291,37.725295],[-122.491313,37.725339],[-122.491294,37.725362],[-122.491268,37.725367]]]}},{"type":"Feature","properties":{"k":"green"},"geometry":{"type":"Polygon","coordinates":[[[-122.49161,37.725387],[-122.491552,37.725345],[-122.49156,37.725309],[-122.491582,37.725285],[-122.491619,37.725268],[-122.491662,37.72527],[-122.491687,37.72529],[-122.491693,37.725306],[-122.491679,37.725334],[-122.491679,37.725367],[-122.491672,37.725377],[-122.491633,37.725395],[-122.49161,37.725387]]]}},{"type":"Feature","properties":{"k":"green"},"geometry":{"type":"Polygon","coordinates":[[[-122.491283,37.725092],[-122.491261,37.725091],[-122.491237,37.725079],[-122.491209,37.725032],[-122.491206,37.725013],[-122.49124,37.724985],[-122.491296,37.724972],[-122.49133,37.724978],[-122.491354,37.724995],[-122.491362,37.725016],[-122.491325,37.725082],[-122.491305,37.725093],[-122.491283,37.725092]]]}},{"type":"Feature","properties":{"k":"green"},"geometry":{"type":"Polygon","coordinates":[[[-122.490965,37.724942],[-122.490888,37.724924],[-122.490871,37.724905],[-122.49087,37.724883],[-122.490896,37.724841],[-122.490932,37.724804],[-122.490965,37.724793],[-122.490995,37.724796],[-122.491013,37.724809],[-122.491032,37.724833],[-122.49104,37.724874],[-122.491018,37.724915],[-122.490997,37.724932],[-122.490965,37.724942]]]}},{"type":"Feature","properties":{"k":"green"},"geometry":{"type":"Polygon","coordinates":[[[-122.490905,37.724702],[-122.490872,37.724685],[-122.490838,37.724622],[-122.490845,37.724603],[-122.490891,37.724572],[-122.490911,37.724567],[-122.490955,37.724579],[-122.490974,37.724593],[-122.491007,37.724634],[-122.49101,37.724651],[-122.491006,37.724674],[-122.490986,37.724692],[-122.490938,37.724707],[-122.490905,37.724702]]]}},{"type":"Feature","properties":{"k":"green"},"geometry":{"type":"Polygon","coordinates":[[[-122.490589,37.72466],[-122.490509,37.724606],[-122.49051,37.724585],[-122.490528,37.724559],[-122.490583,37.724534],[-122.490623,37.724545],[-122.490646,37.724565],[-122.490651,37.724604],[-122.490633,37.724653],[-122.490615,37.724662],[-122.490589,37.72466]]]}},{"type":"Feature","properties":{"k":"green"},"geometry":{"type":"Polygon","coordinates":[[[-122.490499,37.724499],[-122.490468,37.724493],[-122.490426,37.724464],[-122.49042,37.724415],[-122.490438,37.724391],[-122.490494,37.724347],[-122.490536,37.724327],[-122.490554,37.724329],[-122.490602,37.724369],[-122.490599,37.724408],[-122.490578,37.724451],[-122.490558,37.724469],[-122.490519,37.724495],[-122.490499,37.724499]]]}},{"type":"Feature","properties":{"k":"fairway"},"geometry":{"type":"Polygon","coordinates":[[[-122.490499,37.725161],[-122.49049,37.725183],[-122.490445,37.725167],[-122.490341,37.725186],[-122.490284,37.725186],[-122.490243,37.725176],[-122.490171,37.725144],[-122.490134,37.725105],[-122.490125,37.725082],[-122.490134,37.725044],[-122.490166,37.725006],[-122.490217,37.724981],[-122.4903,37.724973],[-122.490386,37.724984],[-122.49047,37.725011],[-122.490601,37.725074],[-122.490658,37.725129],[-122.490683,37.725172],[-122.490608,37.72514],[-122.490542,37.725148],[-122.490499,37.725161]]]}},{"type":"Feature","properties":{"k":"tee"},"geometry":{"type":"Polygon","coordinates":[[[-122.490561,37.72558],[-122.490494,37.725556],[-122.490487,37.725526],[-122.490495,37.725513],[-122.490519,37.7255],[-122.490581,37.725503],[-122.490612,37.725516],[-122.490622,37.725548],[-122.49061,37.725577],[-122.490591,37.725586],[-122.490561,37.72558]]]}},{"type":"Feature","properties":{"k":"tee"},"geometry":{"type":"Polygon","coordinates":[[[-122.490805,37.725631],[-122.490695,37.7256],[-122.490683,37.725566],[-122.490703,37.725533],[-122.490754,37.725532],[-122.490842,37.725556],[-122.490846,37.725595],[-122.490827,37.725627],[-122.490805,37.725631]]]}},{"type":"Feature","properties":{"k":"tee"},"geometry":{"type":"Polygon","coordinates":[[[-122.491078,37.725664],[-122.490974,37.725636],[-122.49097,37.72562],[-122.490982,37.725586],[-122.490994,37.72558],[-122.491027,37.725581],[-122.491154,37.725614],[-122.49116,37.725631],[-122.49113,37.725677],[-122.491078,37.725664]]]}},{"type":"Feature","properties":{"k":"bunker"},"geometry":{"type":"Polygon","coordinates":[[[-122.487233,37.725807],[-122.487204,37.725818],[-122.487166,37.725801],[-122.487166,37.725761],[-122.487185,37.725738],[-122.487235,37.725737],[-122.48725,37.725746],[-122.487262,37.725776],[-122.487251,37.725802],[-122.487233,37.725807]]]}},{"type":"Feature","properties":{"k":"green"},"geometry":{"type":"Polygon","coordinates":[[[-122.487142,37.725746],[-122.487102,37.725812],[-122.487072,37.72583],[-122.487041,37.725834],[-122.48697,37.725821],[-122.486926,37.725802],[-122.486893,37.725774],[-122.486888,37.725748],[-122.486899,37.72571],[-122.48692,37.725688],[-122.487013,37.725657],[-122.487056,37.725658],[-122.4871,37.725673],[-122.487131,37.725697],[-122.487144,37.725724],[-122.487142,37.725746]]]}},{"type":"Feature","properties":{"k":"fairway"},"geometry":{"type":"Polygon","coordinates":[[[-122.487142,37.725746],[-122.487139,37.725711],[-122.487107,37.725678],[-122.487156,37.725675],[-122.487283,37.725605],[-122.487533,37.725548],[-122.487761,37.725463],[-122.488204,37.725333],[-122.488586,37.72521],[-122.488816,37.725156],[-122.489199,37.725081],[-122.489261,37.725076],[-122.489338,37.725081],[-122.489591,37.725135],[-122.489689,37.725165],[-122.489793,37.725211],[-122.489957,37.725303],[-122.490044,37.725364],[-122.490063,37.725394],[-122.490064,37.725425],[-122.490037,37.725462],[-122.489937,37.725539],[-122.489882,37.725568],[-122.489848,37.725566],[-122.489659,37.72551],[-122.489402,37.725462],[-122.489212,37.72544],[-122.488969,37.725428],[-122.488893,37.725433],[-122.488613,37.725481],[-122.488032,37.725608],[-122.487487,37.725736],[-122.487358,37.725749],[-122.487238,37.725715],[-122.487201,37.725713],[-122.487142,37.725746]]]}},{"type":"Feature","properties":{"k":"green"},"geometry":{"type":"Polygon","coordinates":[[[-122.48634,37.725244],[-122.486247,37.725253],[-122.486179,37.725232],[-122.486159,37.725214],[-122.486153,37.725195],[-122.486158,37.725148],[-122.486177,37.725128],[-122.48624,37.725099],[-122.486279,37.725096],[-122.486328,37.725079],[-122.48639,37.725082],[-122.486419,37.725102],[-122.486425,37.725132],[-122.486415,37.72519],[-122.486404,37.725212],[-122.486383,37.725231],[-122.48634,37.725244]]]}},{"type":"Feature","properties":{"k":"bunker"},"geometry":{"type":"Polygon","coordinates":[[[-122.48646,37.725182],[-122.486449,37.725154],[-122.486462,37.725121],[-122.4865,37.725107],[-122.486521,37.725114],[-122.486536,37.72513],[-122.486538,37.725154],[-122.48653,37.725213],[-122.486506,37.72523],[-122.486474,37.725222],[-122.486471,37.725191],[-122.48646,37.725182]]]}},{"type":"Feature","properties":{"k":"bunker"},"geometry":{"type":"Polygon","coordinates":[[[-122.486621,37.725009],[-122.486594,37.725002],[-122.486586,37.724973],[-122.486561,37.724947],[-122.486552,37.724915],[-122.486581,37.724889],[-122.486633,37.724884],[-122.486648,37.724891],[-122.486655,37.724906],[-122.486651,37.724993],[-122.486621,37.725009]]]}},{"type":"Feature","properties":{"k":"fairway"},"geometry":{"type":"Polygon","coordinates":[[[-122.486184,37.725124],[-122.486226,37.725043],[-122.486286,37.725018],[-122.486485,37.725018],[-122.486598,37.725049],[-122.486641,37.72505],[-122.486659,37.725043],[-122.486687,37.725008],[-122.486694,37.724901],[-122.486711,37.724866],[-122.486781,37.724827],[-122.486874,37.724781],[-122.486961,37.724748],[-122.487255,37.724605],[-122.487568,37.724475],[-122.48786,37.724325],[-122.488131,37.724227],[-122.488659,37.724012],[-122.488855,37.723958],[-122.488948,37.72394],[-122.489221,37.723975],[-122.489282,37.723992],[-122.489304,37.724011],[-122.48931,37.724058],[-122.489303,37.724078],[-122.489253,37.724164],[-122.489212,37.724193],[-122.48903,37.724183],[-122.488943,37.724203],[-122.488831,37.72425],[-122.488753,37.724292],[-122.488435,37.724488],[-122.488323,37.724541],[-122.487987,37.724679],[-122.487475,37.724871],[-122.487391,37.724911],[-122.487247,37.724957],[-122.487026,37.72506],[-122.486904,37.725098],[-122.486662,37.725146],[-122.486619,37.725146],[-122.486538,37.725094],[-122.486504,37.725085],[-122.486457,37.725096],[-122.486425,37.725136],[-122.486419,37.725102],[-122.48639,37.725082],[-122.486356,37.725079],[-122.486328,37.725079],[-122.486279,37.725096],[-122.48624,37.725099],[-122.486184,37.725124]]]}},{"type":"Feature","properties":{"k":"path"},"geometry":{"type":"LineString","coordinates":[[-122.493289,37.72625],[-122.493231,37.725989],[-122.493251,37.725905],[-122.493276,37.725849],[-122.493311,37.725812],[-122.493327,37.725764],[-122.493341,37.725635],[-122.493384,37.72549],[-122.493395,37.725332],[-122.49341,37.725253]]}},{"type":"Feature","properties":{"k":"path"},"geometry":{"type":"LineString","coordinates":[[-122.49341,37.725253],[-122.493459,37.725068],[-122.493452,37.724983]]}},{"type":"Feature","properties":{"k":"path"},"geometry":{"type":"LineString","coordinates":[[-122.493505,37.724943],[-122.493576,37.724935],[-122.493654,37.724893]]}},{"type":"Feature","properties":{"k":"path"},"geometry":{"type":"LineString","coordinates":[[-122.493386,37.725437],[-122.493341,37.725467],[-122.493273,37.725497],[-122.49323,37.72553],[-122.493189,37.725574],[-122.493166,37.725624],[-122.493166,37.725662],[-122.493186,37.725711],[-122.493257,37.725808],[-122.493276,37.725849]]}},{"type":"Feature","properties":{"k":"path"},"geometry":{"type":"LineString","coordinates":[[-122.493165,37.726225],[-122.493011,37.726227]]}},{"type":"Feature","properties":{"k":"path"},"geometry":{"type":"LineString","coordinates":[[-122.492974,37.72618],[-122.492918,37.726068],[-122.49285,37.725999],[-122.492735,37.725939],[-122.492551,37.725869],[-122.492297,37.725787],[-122.492166,37.725757],[-122.492092,37.725766],[-122.492072,37.725777],[-122.492027,37.725826],[-122.491995,37.725841],[-122.491947,37.725825]]}},{"type":"Feature","properties":{"k":"path"},"geometry":{"type":"LineString","coordinates":[[-122.491947,37.725825],[-122.491907,37.725803],[-122.491872,37.725792],[-122.491647,37.725775],[-122.491483,37.725746],[-122.491384,37.725698],[-122.491221,37.725574],[-122.491118,37.72553],[-122.490987,37.725499],[-122.490958,37.725484],[-122.490917,37.725276],[-122.490871,37.725149],[-122.490855,37.725124],[-122.490735,37.725018],[-122.490669,37.724943],[-122.490585,37.724886],[-122.490418,37.724804],[-122.490216,37.724784],[-122.490176,37.724777],[-122.490114,37.724752]]}},{"type":"Feature","properties":{"k":"path"},"geometry":{"type":"LineString","coordinates":[[-122.490114,37.724752],[-122.489986,37.724749],[-122.489883,37.72477],[-122.489691,37.724825],[-122.489589,37.724832],[-122.489519,37.724824],[-122.48942,37.72479],[-122.489325,37.724728],[-122.489291,37.724689],[-122.48924,37.72459],[-122.48918,37.72453],[-122.48909,37.724495],[-122.488974,37.724486],[-122.4889,37.724502],[-122.488828,37.724535],[-122.488687,37.724615],[-122.488545,37.724678],[-122.488349,37.724797],[-122.488308,37.724814],[-122.488261,37.724825],[-122.488163,37.724826],[-122.488049,37.72484],[-122.48791,37.72482],[-122.487833,37.724825]]}},{"type":"Feature","properties":{"k":"path"},"geometry":{"type":"LineString","coordinates":[[-122.487873,37.72482],[-122.488108,37.724706],[-122.488178,37.724699],[-122.488256,37.724702],[-122.488296,37.724694],[-122.488523,37.724593],[-122.488647,37.724503],[-122.488692,37.724481],[-122.488776,37.724465],[-122.488841,37.724425],[-122.488877,37.724412],[-122.488958,37.724416],[-122.489023,37.724399],[-122.489143,37.724322],[-122.489317,37.724255],[-122.489486,37.724222],[-122.489764,37.724205]]}},{"type":"Feature","properties":{"k":"path"},"geometry":{"type":"LineString","coordinates":[[-122.489764,37.724205],[-122.489781,37.724315],[-122.489831,37.72444],[-122.489947,37.724593],[-122.490114,37.724752]]}},{"type":"Feature","properties":{"k":"path"},"geometry":{"type":"LineString","coordinates":[[-122.489764,37.724205],[-122.489968,37.724116],[-122.49004,37.724106],[-122.490197,37.724048],[-122.490222,37.724025],[-122.490229,37.723997],[-122.490196,37.723886],[-122.490167,37.72385],[-122.490129,37.723832],[-122.489994,37.723841],[-122.489942,37.723839],[-122.489849,37.723827],[-122.489752,37.723794],[-122.489494,37.723571],[-122.48936,37.723473]]}},{"type":"Feature","properties":{"k":"path"},"geometry":{"type":"LineString","coordinates":[[-122.488108,37.723429],[-122.488185,37.723476]]}},{"type":"Feature","properties":{"k":"path"},"geometry":{"type":"LineString","coordinates":[[-122.490976,37.725493],[-122.490938,37.725544],[-122.49089,37.725647],[-122.490877,37.725662],[-122.490839,37.72568],[-122.490797,37.725681],[-122.490671,37.725647],[-122.490543,37.725629],[-122.490477,37.725606],[-122.490416,37.725574],[-122.490245,37.72541],[-122.489984,37.725262],[-122.489806,37.725135],[-122.489613,37.725064],[-122.489445,37.725014],[-122.489359,37.725004],[-122.489281,37.725006],[-122.488896,37.725055],[-122.488821,37.725075],[-122.488676,37.725142],[-122.488455,37.725179],[-122.488249,37.725258],[-122.488124,37.725268],[-122.488089,37.725278],[-122.487775,37.725421],[-122.48754,37.725447],[-122.487251,37.72551],[-122.486965,37.72556],[-122.486896,37.725585],[-122.486845,37.725618],[-122.486798,37.725662],[-122.486725,37.725757],[-122.486668,37.725808],[-122.486615,37.725809],[-122.486435,37.725724],[-122.486385,37.725689],[-122.486268,37.725571],[-122.486143,37.725498],[-122.486063,37.725436],[-122.48599,37.725328],[-122.485973,37.725292],[-122.48595,37.725144],[-122.485918,37.725025],[-122.485917,37.724901],[-122.485932,37.724832],[-122.485953,37.724786],[-122.486063,37.724636]]}},{"type":"Feature","properties":{"k":"path"},"geometry":{"type":"LineString","coordinates":[[-122.486063,37.724636],[-122.486114,37.72454]]}},{"type":"Feature","properties":{"k":"path"},"geometry":{"type":"LineString","coordinates":[[-122.486114,37.72454],[-122.486257,37.724354],[-122.486301,37.724285],[-122.486541,37.724004],[-122.486627,37.72368],[-122.486651,37.723614],[-122.486696,37.72354],[-122.486728,37.723517],[-122.486789,37.723496],[-122.486883,37.723488],[-122.486933,37.723501],[-122.486945,37.723518],[-122.486944,37.723542],[-122.486903,37.7236],[-122.486691,37.723783],[-122.486572,37.723898]]}},{"type":"Feature","properties":{"k":"path"},"geometry":{"type":"LineString","coordinates":[[-122.493165,37.726225],[-122.493289,37.72625],[-122.493318,37.72632],[-122.493328,37.726328],[-122.493375,37.726335],[-122.493385,37.726354],[-122.493352,37.726381],[-122.493308,37.726403],[-122.493166,37.726447],[-122.493106,37.726476],[-122.493101,37.726528]]}},{"type":"Feature","properties":{"k":"path"},"geometry":{"type":"LineString","coordinates":[[-122.493217,37.726432],[-122.493231,37.726461]]}},{"type":"Feature","properties":{"k":"wood"},"geometry":{"type":"Polygon","coordinates":[[[-122.48881,37.718357],[-122.488799,37.718328],[-122.488824,37.718303],[-122.488812,37.718263],[-122.48883,37.718213],[-122.488929,37.718199],[-122.488936,37.718192],[-122.48893,37.718145],[-122.488894,37.718122],[-122.488873,37.718097],[-122.488823,37.718073],[-122.488808,37.718019],[-122.488834,37.717971],[-122.488876,37.717958],[-122.488993,37.718008],[-122.489017,37.718038],[-122.489053,37.718062],[-122.489093,37.718059],[-122.489113,37.718043],[-122.489184,37.718032],[-122.48925,37.718049],[-122.489278,37.718073],[-122.489285,37.718094],[-122.489272,37.718141],[-122.489344,37.718156],[-122.489431,37.718274],[-122.489429,37.7183],[-122.489397,37.718325],[-122.48936,37.718339],[-122.489263,37.71832],[-122.48922,37.718334],[-122.489188,37.71836],[-122.489211,37.718421],[-122.489197,37.718446],[-122.489147,37.718446],[-122.489091,37.718417],[-122.489031,37.718399],[-122.488978,37.718412],[-122.48896,37.718456],[-122.488922,37.718483],[-122.48888,37.718476],[-122.48886,37.718446],[-122.48881,37.718442],[-122.488778,37.71843],[-122.488765,37.718392],[-122.48881,37.718357]]]}},{"type":"Feature","properties":{"k":"green"},"geometry":{"type":"Polygon","coordinates":[[[-122.489576,37.723108],[-122.489501,37.723132],[-122.489405,37.723148],[-122.489554,37.72318],[-122.489292,37.723235],[-122.489279,37.723216],[-122.489291,37.723257],[-122.489308,37.723278],[-122.489393,37.723328],[-122.489474,37.723356],[-122.489526,37.72336],[-122.489585,37.723344],[-122.489617,37.72331],[-122.489678,37.723218],[-122.489682,37.72318],[-122.48965,37.723135],[-122.489612,37.723116],[-122.489576,37.723108]]]}},{"type":"Feature","properties":{"k":"green"},"geometry":{"type":"Polygon","coordinates":[[[-122.48714,37.720762],[-122.487034,37.720712],[-122.487017,37.7207],[-122.486999,37.720672],[-122.487002,37.720596],[-122.486987,37.72051],[-122.48699,37.720472],[-122.487005,37.720445],[-122.487042,37.720428],[-122.487091,37.720431],[-122.487131,37.720458],[-122.487161,37.720519],[-122.487162,37.720602],[-122.487185,37.720633],[-122.487237,37.720677],[-122.487249,37.720698],[-122.487239,37.72073],[-122.487217,37.72075],[-122.487176,37.720766],[-122.48714,37.720762]]]}},{"type":"Feature","properties":{"k":"tee"},"geometry":{"type":"Polygon","coordinates":[[[-122.487254,37.719905],[-122.487188,37.719915],[-122.487167,37.719911],[-122.487149,37.719894],[-122.487155,37.719857],[-122.48721,37.719836],[-122.487258,37.719836],[-122.487279,37.719877],[-122.487273,37.719897],[-122.487254,37.719905]]]}},{"type":"Feature","properties":{"k":"tee"},"geometry":{"type":"Polygon","coordinates":[[[-122.487293,37.720039],[-122.487252,37.720045],[-122.487222,37.720035],[-122.487217,37.720015],[-122.487226,37.719997],[-122.487277,37.719985],[-122.487308,37.719991],[-122.487317,37.719999],[-122.487318,37.720026],[-122.487293,37.720039]]]}},{"type":"Feature","properties":{"k":"tee"},"geometry":{"type":"Polygon","coordinates":[[[-122.48732,37.7202],[-122.4873,37.720131],[-122.487307,37.720113],[-122.487341,37.720104],[-122.487358,37.720108],[-122.487375,37.720124],[-122.487393,37.720197],[-122.487376,37.720213],[-122.487351,37.720219],[-122.487326,37.720212],[-122.48732,37.7202]]]}},{"type":"Feature","properties":{"k":"bunker"},"geometry":{"type":"Polygon","coordinates":[[[-122.486852,37.723056],[-122.486802,37.723039],[-122.486783,37.723013],[-122.486784,37.722993],[-122.486809,37.722952],[-122.486788,37.722927],[-122.486787,37.722909],[-122.486803,37.722891],[-122.486828,37.722885],[-122.486907,37.722892],[-122.486934,37.722928],[-122.486928,37.722947],[-122.486895,37.722967],[-122.486884,37.722983],[-122.486893,37.723045],[-122.486872,37.723059],[-122.486852,37.723056]]]}},{"type":"Feature","properties":{"k":"bunker"},"geometry":{"type":"Polygon","coordinates":[[[-122.487083,37.722924],[-122.487056,37.722915],[-122.487043,37.722876],[-122.487049,37.722847],[-122.487066,37.722837],[-122.487098,37.722834],[-122.487126,37.722859],[-122.487178,37.722867],[-122.487198,37.722883],[-122.487196,37.722906],[-122.487169,37.722939],[-122.487128,37.722934],[-122.487123,37.7229],[-122.487112,37.722896],[-122.487099,37.722922],[-122.487083,37.722924]]]}},{"type":"Feature","properties":{"k":"path"},"geometry":{"type":"LineString","coordinates":[[-122.490358,37.723266],[-122.490284,37.723298],[-122.490173,37.723379],[-122.490018,37.723437],[-122.489817,37.723467],[-122.489721,37.723466],[-122.489561,37.723453],[-122.48936,37.723473]]}},{"type":"Feature","properties":{"k":"path"},"geometry":{"type":"LineString","coordinates":[[-122.48936,37.723473],[-122.489131,37.723454]]}},{"type":"Feature","properties":{"k":"tee"},"geometry":{"type":"Polygon","coordinates":[[[-122.489973,37.721357],[-122.490017,37.72139],[-122.490046,37.721387],[-122.490061,37.721365],[-122.490042,37.721331],[-122.490007,37.721298],[-122.489964,37.721287],[-122.489945,37.721302],[-122.489943,37.721315],[-122.489973,37.721357]]]}},{"type":"Feature","properties":{"k":"tee"},"geometry":{"type":"Polygon","coordinates":[[[-122.486599,37.725858],[-122.486671,37.725899],[-122.486663,37.725928],[-122.486633,37.725939],[-122.486597,37.725931],[-122.486564,37.725912],[-122.486551,37.725897],[-122.486555,37.72587],[-122.486572,37.725859],[-122.486599,37.725858]]]}}]}