{"type":"FeatureCollection","features":[{"type":"Feature","properties":{"k":"hole","ref":"1","par":5},"geometry":{"type":"LineString","coordinates":[[-80.044408,43.848641],[-80.046475,43.850961],[-80.04844,43.85173]]}},{"type":"Feature","properties":{"k":"hole","ref":"2","par":4},"geometry":{"type":"LineString","coordinates":[[-80.048634,43.852842],[-80.051355,43.854862],[-80.05271,43.855322]]}},{"type":"Feature","properties":{"k":"hole","ref":"3","par":4},"geometry":{"type":"LineString","coordinates":[[-80.053823,43.855625],[-80.056445,43.857039],[-80.057773,43.85729]]}},{"type":"Feature","properties":{"k":"hole","ref":"4","par":3},"geometry":{"type":"LineString","coordinates":[[-80.05819,43.856628],[-80.059137,43.85771]]}},{"type":"Feature","properties":{"k":"hole","ref":"5","par":4},"geometry":{"type":"LineString","coordinates":[[-80.059781,43.857075],[-80.057329,43.85523],[-80.056175,43.854543]]}},{"type":"Feature","properties":{"k":"hole","ref":"6","par":4},"geometry":{"type":"LineString","coordinates":[[-80.054732,43.854498],[-80.056913,43.856067],[-80.05743,43.856564]]}},{"type":"Feature","properties":{"k":"hole","ref":"7","par":3},"geometry":{"type":"LineString","coordinates":[[-80.056257,43.856394],[-80.054353,43.855025]]}},{"type":"Feature","properties":{"k":"hole","ref":"8","par":5},"geometry":{"type":"LineString","coordinates":[[-80.053458,43.854867],[-80.048814,43.852139]]}},{"type":"Feature","properties":{"k":"hole","ref":"9","par":4},"geometry":{"type":"LineString","coordinates":[[-80.048125,43.852371],[-80.045137,43.851146],[-80.044223,43.850313]]}},{"type":"Feature","properties":{"k":"hole","ref":"10","par":4},"geometry":{"type":"LineString","coordinates":[[-80.044813,43.848311],[-80.04699,43.850065],[-80.048202,43.850711]]}},{"type":"Feature","properties":{"k":"hole","ref":"11","par":3},"geometry":{"type":"LineString","coordinates":[[-80.048733,43.851437],[-80.050528,43.851994]]}},{"type":"Feature","properties":{"k":"hole","ref":"12","par":4},"geometry":{"type":"LineString","coordinates":[[-80.051065,43.852113],[-80.053042,43.853854],[-80.053917,43.854115]]}},{"type":"Feature","properties":{"k":"hole","ref":"13","par":5},"geometry":{"type":"LineString","coordinates":[[-80.055731,43.853553],[-80.059703,43.855341],[-80.060829,43.85618]]}},{"type":"Feature","properties":{"k":"hole","ref":"14","par":3},"geometry":{"type":"LineString","coordinates":[[-80.061449,43.856073],[-80.0606,43.857397]]}},{"type":"Feature","properties":{"k":"hole","ref":"15","par":4},"geometry":{"type":"LineString","coordinates":[[-80.060385,43.857955],[-80.057813,43.858942],[-80.056582,43.858319]]}},{"type":"Feature","properties":{"k":"hole","ref":"16","par":4},"geometry":{"type":"LineString","coordinates":[[-80.056501,43.858951],[-80.05485,43.857397],[-80.054023,43.856902],[-80.053296,43.855914]]}},{"type":"Feature","properties":{"k":"hole","ref":"17","par":4},"geometry":{"type":"LineString","coordinates":[[-80.051299,43.855651],[-80.048819,43.854027],[-80.047972,43.853118]]}},{"type":"Feature","properties":{"k":"hole","ref":"18","par":5},"geometry":{"type":"LineString","coordinates":[[-80.048236,43.85277],[-80.044889,43.851873],[-80.042676,43.851002]]}},{"type":"Feature","properties":{"k":"stream"},"geometry":{"type":"LineString","coordinates":[[-80.030361,43.844015],[-80.030263,43.844029],[-80.030168,43.844025],[-80.030098,43.843986],[-80.02988,43.843936],[-80.029829,43.84393]]}},{"type":"Feature","properties":{"k":"water"},"geometry":{"type":"Polygon","coordinates":[[[-80.029866,43.844449],[-80.029841,43.844484],[-80.029806,43.844512],[-80.029689,43.844564],[-80.029167,43.844712],[-80.029021,43.844751],[-80.028902,43.844772],[-80.028829,43.844763],[-80.028681,43.844716],[-80.028679,43.844685],[-80.028707,43.844628],[-80.028705,43.844602],[-80.028665,43.844576],[-80.028609,43.844554],[-80.028531,43.844542],[-80.028459,43.844567],[-80.028301,43.844639],[-80.0282,43.844726],[-80.028072,43.844789],[-80.027998,43.844848],[-80.027953,43.844926],[-80.027947,43.844964],[-80.027652,43.845005],[-80.027515,43.844982],[-80.027482,43.844957],[-80.027474,43.844938],[-80.027475,43.844919],[-80.027533,43.844844],[-80.02767,43.844753],[-80.02776,43.844678],[-80.027884,43.844551],[-80.028256,43.844336],[-80.028447,43.844203],[-80.028516,43.844178],[-80.028558,43.84418],[-80.028591,43.844193],[-80.028631,43.84426],[-80.028637,43.844346],[-80.028661,43.84435],[-80.028698,43.844339],[-80.028797,43.844262],[-80.029078,43.84409],[-80.029507,43.843843],[-80.02969,43.843854],[-80.029756,43.843872],[-80.029821,43.843901],[-80.029841,43.844046],[-80.029859,43.844065],[-80.029863,43.844083],[-80.029791,43.844151],[-80.02977,43.844159],[-80.029759,43.844182],[-80.029766,43.844218],[-80.029786,43.84424],[-80.029828,43.844262],[-80.029862,43.844305],[-80.029866,43.844449]]]}},{"type":"Feature","properties":{"k":"water"},"geometry":{"type":"Polygon","coordinates":[[[-80.032953,43.843588],[-80.032851,43.843712],[-80.032787,43.843774],[-80.032751,43.84401],[-80.03265,43.844187],[-80.032656,43.844217],[-80.032725,43.844279],[-80.032851,43.84452],[-80.032881,43.844607],[-80.032883,43.844647],[-80.032751,43.8447],[-80.032723,43.844729],[-80.032713,43.844775],[-80.032784,43.844813],[-80.032821,43.844848],[-80.032774,43.844894],[-80.032701,43.844929],[-80.032589,43.84492],[-80.032484,43.844876],[-80.032403,43.844809],[-80.03211,43.844768],[-80.03204,43.844738],[-80.031892,43.844636],[-80.031777,43.844544],[-80.031689,43.844448],[-80.031627,43.844405],[-80.031547,43.844374],[-80.03108,43.844362],[-80.030802,43.844363],[-80.030666,43.844313],[-80.030502,43.844235],[-80.030391,43.844163],[-80.030362,43.844077],[-80.030361,43.844015],[-80.030378,43.8439],[-80.030427,43.84382],[-80.030551,43.843725],[-80.030721,43.843719],[-80.030841,43.843755],[-80.030927,43.843774],[-80.030974,43.843777],[-80.031047,43.843742],[-80.031089,43.843699],[-80.031142,43.843666],[-80.03134,43.84362],[-80.031501,43.843596],[-80.031661,43.8436],[-80.031691,43.843677],[-80.031718,43.843712],[-80.031769,43.843746],[-80.031849,43.843833],[-80.031886,43.843848],[-80.032204,43.84388],[-80.032286,43.843881],[-80.032413,43.843901],[-80.032438,43.843882],[-80.032474,43.843824],[-80.032647,43.843619],[-80.032726,43.843483],[-80.032787,43.843461],[-80.032953,43.843588]]]}},{"type":"Feature","properties":{"k":"water"},"geometry":{"type":"Polygon","coordinates":[[[-80.043126,43.851261],[-80.043096,43.851289],[-80.04305,43.851315],[-80.043029,43.851353],[-80.043004,43.85148],[-80.04292,43.851576],[-80.042855,43.851675],[-80.04284,43.851715],[-80.042774,43.851761],[-80.042705,43.851828],[-80.042696,43.851863],[-80.04254,43.852049],[-80.042462,43.852088],[-80.04237,43.852112],[-80.042252,43.852193],[-80.042046,43.852294],[-80.041786,43.85258],[-80.041784,43.852633],[-80.041765,43.852685],[-80.041743,43.852725],[-80.041646,43.852835],[-80.041562,43.852886],[-80.041326,43.853074],[-80.041105,43.853222],[-80.041046,43.853292],[-80.040993,43.853412],[-80.040978,43.85351],[-80.040945,43.853547],[-80.040902,43.853578],[-80.040815,43.853607],[-80.040699,43.853586],[-80.040503,43.85344],[-80.040188,43.853129],[-80.039527,43.852504],[-80.039437,43.852429],[-80.038943,43.852133],[-80.038829,43.852076],[-80.03878,43.85206],[-80.038762,43.852041],[-80.038757,43.851924],[-80.038725,43.8519],[-80.038683,43.851875],[-80.038627,43.851858],[-80.038474,43.851862],[-80.038418,43.85185],[-80.038397,43.851801],[-80.038371,43.851778],[-80.038234,43.851746],[-80.038141,43.851686],[-80.038094,43.851644],[-80.038091,43.851612],[-80.038113,43.851581],[-80.038143,43.851558],[-80.038187,43.851542],[-80.03825,43.851528],[-80.038461,43.851524],[-80.038627,43.851511],[-80.038702,43.85149],[-80.038743,43.851468],[-80.038779,43.851433],[-80.038871,43.851326],[-80.039028,43.851171],[-80.039084,43.851156],[-80.039166,43.851148],[-80.039303,43.85116],[-80.039349,43.851178],[-80.039382,43.851201],[-80.039439,43.851278],[-80.039457,43.851329],[-80.03947,43.851426],[-80.039514,43.851526],[-80.039473,43.851725],[-80.039481,43.851761],[-80.039509,43.851781],[-80.039602,43.851787],[-80.039654,43.851802],[-80.039713,43.851838],[-80.039765,43.851909],[-80.039777,43.851961],[-80.039917,43.852018],[-80.039968,43.852065],[-80.039997,43.852112],[-80.040074,43.852154],[-80.040175,43.852283],[-80.040259,43.852342],[-80.040496,43.85234],[-80.0406,43.85233],[-80.040862,43.852467],[-80.041012,43.852556],[-80.041282,43.852668],[-80.041331,43.85268],[-80.041395,43.852671],[-80.041455,43.852643],[-80.041521,43.8526],[-80.041627,43.852482],[-80.041717,43.852429],[-80.041804,43.85241],[-80.041927,43.852355],[-80.042108,43.852203],[-80.042221,43.852137],[-80.042312,43.852036],[-80.042175,43.851925],[-80.042106,43.851855],[-80.041709,43.851745],[-80.041547,43.851739],[-80.041432,43.851714],[-80.041314,43.851555],[-80.041208,43.85152],[-80.041052,43.851484],[-80.040924,43.851436],[-80.040759,43.85132],[-80.040703,43.851252],[-80.040696,43.851198],[-80.040734,43.851118],[-80.040863,43.851063],[-80.040965,43.850993],[-80.041069,43.85098],[-80.0414,43.851033],[-80.041528,43.851068],[-80.041676,43.851087],[-80.042016,43.851193],[-80.042228,43.851271],[-80.042396,43.851302],[-80.042572,43.851303],[-80.042722,43.851275],[-80.042772,43.851248],[-80.042809,43.851211],[-80.042902,43.851191],[-80.043017,43.851109],[-80.043099,43.851057],[-80.043122,43.851051],[-80.043167,43.85106],[-80.043185,43.851071],[-80.04322,43.85112],[-80.043225,43.851148],[-80.043201,43.8512],[-80.043126,43.851261]]]}},{"type":"Feature","properties":{"k":"water"},"geometry":{"type":"Polygon","coordinates":[[[-80.041584,43.850132],[-80.041577,43.850212],[-80.041512,43.850326],[-80.041456,43.850377],[-80.041306,43.850453],[-80.041096,43.850422],[-80.04098,43.850372],[-80.04061,43.850054],[-80.040436,43.849862],[-80.040409,43.849705],[-80.040477,43.849538],[-80.040516,43.849531],[-80.040681,43.849603],[-80.040748,43.849623],[-80.040838,43.84963],[-80.04089,43.849622],[-80.041011,43.849653],[-80.041035,43.84968],[-80.041138,43.849725],[-80.041252,43.849755],[-80.041498,43.84987],[-80.041594,43.849988],[-80.041584,43.850132]]]}},{"type":"Feature","properties":{"k":"wood"},"geometry":{"type":"Polygon","coordinates":[[[-80.041314,43.851555],[-80.041432,43.851714],[-80.041547,43.851739],[-80.041709,43.851745],[-80.042106,43.851855],[-80.042175,43.851925],[-80.042312,43.852036],[-80.042221,43.852137],[-80.042108,43.852203],[-80.041927,43.852355],[-80.041804,43.85241],[-80.041717,43.852429],[-80.041627,43.852482],[-80.041521,43.8526],[-80.041455,43.852643],[-80.041395,43.852671],[-80.041331,43.85268],[-80.041282,43.852668],[-80.041012,43.852556],[-80.040862,43.852467],[-80.0406,43.85233],[-80.040496,43.85234],[-80.040259,43.852342],[-80.040175,43.852283],[-80.040074,43.852154],[-80.039997,43.852112],[-80.039968,43.852065],[-80.039917,43.852018],[-80.039777,43.851961],[-80.039765,43.851909],[-80.039713,43.851838],[-80.040262,43.851749],[-80.040698,43.851788],[-80.041314,43.851555]]]}},{"type":"Feature","properties":{"k":"water"},"geometry":{"type":"Polygon","coordinates":[[[-80.050112,43.852376],[-80.050017,43.852282],[-80.049932,43.852233],[-80.04956,43.852082],[-80.04931,43.851968],[-80.0493,43.851919],[-80.049309,43.851885],[-80.049366,43.851813],[-80.049424,43.851709],[-80.049448,43.851583],[-80.049465,43.851551],[-80.049501,43.851524],[-80.049604,43.851503],[-80.04963,43.851507],[-80.049666,43.851526],[-80.04981,43.85164],[-80.049943,43.851768],[-80.050021,43.851827],[-80.050214,43.851938],[-80.050367,43.852149],[-80.050506,43.85223],[-80.050529,43.852253],[-80.050528,43.852279],[-80.050379,43.8524],[-80.050268,43.852409],[-80.050168,43.852396],[-80.050112,43.852376]]]}},{"type":"Feature","properties":{"k":"water"},"geometry":{"type":"Polygon","coordinates":[[[-80.04777,43.850893],[-80.047632,43.850823],[-80.047522,43.850755],[-80.047425,43.850666],[-80.047331,43.850562],[-80.047218,43.850426],[-80.047209,43.850394],[-80.047218,43.850355],[-80.047235,43.850329],[-80.047276,43.850305],[-80.04732,43.850288],[-80.047399,43.850279],[-80.047448,43.850286],[-80.047501,43.850305],[-80.047801,43.850453],[-80.047903,43.850516],[-80.04793,43.850546],[-80.047966,43.850822],[-80.047962,43.850847],[-80.047918,43.85089],[-80.047878,43.850903],[-80.047829,43.850903],[-80.04777,43.850893]]]}},{"type":"Feature","properties":{"k":"water"},"geometry":{"type":"Polygon","coordinates":[[[-80.047264,43.848692],[-80.047231,43.848715],[-80.047192,43.848728],[-80.047034,43.848742],[-80.046958,43.848718],[-80.046894,43.848669],[-80.046852,43.848651],[-80.046783,43.848639],[-80.046668,43.848602],[-80.046617,43.848574],[-80.046402,43.848386],[-80.046161,43.848203],[-80.046113,43.848112],[-80.045946,43.847943],[-80.04588,43.847833],[-80.045799,43.84774],[-80.04567,43.847659],[-80.045579,43.847647],[-80.045317,43.847632],[-80.045271,43.847625],[-80.045241,43.847606],[-80.045223,43.847568],[-80.045201,43.847448],[-80.045114,43.847287],[-80.045112,43.847225],[-80.045121,43.847167],[-80.045134,43.847146],[-80.045169,43.847136],[-80.045348,43.847156],[-80.045401,43.847143],[-80.04563,43.847006],[-80.04572,43.846965],[-80.045799,43.846954],[-80.045843,43.846959],[-80.045941,43.846997],[-80.046039,43.847083],[-80.04612,43.8472],[-80.046169,43.84724],[-80.046352,43.847359],[-80.046382,43.847395],[-80.046385,43.847429],[-80.046344,43.847508],[-80.046298,43.847544],[-80.046116,43.847633],[-80.04608,43.847659],[-80.04604,43.847715],[-80.046015,43.84778],[-80.046014,43.847856],[-80.046048,43.847895],[-80.046076,43.84791],[-80.046155,43.847918],[-80.046275,43.847917],[-80.046344,43.84793],[-80.046691,43.848067],[-80.046739,43.848099],[-80.046882,43.848221],[-80.046989,43.8484],[-80.047063,43.848433],[-80.047243,43.848557],[-80.047277,43.848618],[-80.04728,43.848646],[-80.047264,43.848692]]]}},{"type":"Feature","properties":{"k":"water"},"geometry":{"type":"Polygon","coordinates":[[[-80.054284,43.855339],[-80.05429,43.855372],[-80.054308,43.855396],[-80.054345,43.855412],[-80.054518,43.855429],[-80.054821,43.855439],[-80.054871,43.855454],[-80.054989,43.855509],[-80.055035,43.855515],[-80.055121,43.855503],[-80.055166,43.855506],[-80.055222,43.855531],[-80.055325,43.855611],[-80.055413,43.85565],[-80.055583,43.85578],[-80.055613,43.855782],[-80.055669,43.855757],[-80.055756,43.855743],[-80.055877,43.855762],[-80.055938,43.855752],[-80.055971,43.855731],[-80.055988,43.855709],[-80.055995,43.855652],[-80.055946,43.855378],[-80.055854,43.855282],[-80.055799,43.85527],[-80.055653,43.855273],[-80.055546,43.855239],[-80.055487,43.855229],[-80.055277,43.855229],[-80.055087,43.85528],[-80.05497,43.855286],[-80.05489,43.855277],[-80.054775,43.855294],[-80.054555,43.855271],[-80.054449,43.855269],[-80.054326,43.855301],[-80.054298,43.855317],[-80.054284,43.855339]]]}},{"type":"Feature","properties":{"k":"water"},"geometry":{"type":"Polygon","coordinates":[[[-80.042256,43.845133],[-80.042154,43.845149],[-80.042049,43.845149],[-80.041919,43.845131],[-80.041893,43.845115],[-80.041877,43.845059],[-80.041755,43.844787],[-80.041714,43.844743],[-80.041638,43.844688],[-80.04158,43.844665],[-80.041457,43.844651],[-80.041344,43.844696],[-80.041274,43.844709],[-80.041199,43.844688],[-80.041142,43.844654],[-80.041142,43.84458],[-80.041164,43.84456],[-80.04125,43.844515],[-80.041326,43.844456],[-80.041374,43.844394],[-80.041406,43.844321],[-80.0415,43.844187],[-80.041541,43.844156],[-80.041588,43.844139],[-80.041643,43.844138],[-80.041725,43.844172],[-80.041782,43.844218],[-80.041782,43.844243],[-80.041763,43.844264],[-80.041657,43.844268],[-80.041623,43.844277],[-80.041599,43.844301],[-80.041576,43.844358],[-80.04156,43.844435],[-80.041574,43.844469],[-80.041737,43.84457],[-80.041841,43.844654],[-80.041924,43.844753],[-80.042008,43.844893],[-80.042119,43.845015],[-80.042258,43.845097],[-80.042256,43.845133]]]}},{"type":"Feature","properties":{"k":"water"},"geometry":{"type":"Polygon","coordinates":[[[-80.038064,43.846898],[-80.038042,43.846845],[-80.037938,43.846747],[-80.037879,43.846678],[-80.037864,43.846625],[-80.037882,43.846494],[-80.038014,43.846257],[-80.038038,43.84618],[-80.038042,43.846133],[-80.037996,43.845967],[-80.037951,43.845729],[-80.037948,43.845576],[-80.037928,43.845516],[-80.037921,43.845452],[-80.037941,43.845385],[-80.038029,43.845254],[-80.03809,43.845106],[-80.038204,43.844927],[-80.038331,43.844823],[-80.038451,43.844772],[-80.038523,43.844778],[-80.038572,43.844797],[-80.038674,43.844817],[-80.038858,43.844826],[-80.038932,43.844853],[-80.038979,43.844904],[-80.038997,43.844936],[-80.038998,43.844999],[-80.038966,43.845047],[-80.038854,43.845066],[-80.038799,43.845102],[-80.038781,43.845132],[-80.038763,43.845209],[-80.038745,43.845229],[-80.038686,43.845242],[-80.038624,43.845228],[-80.03858,43.8452],[-80.038539,43.845207],[-80.038505,43.845226],[-80.038458,43.845233],[-80.038337,43.845283],[-80.03828,43.845394],[-80.038294,43.845475],[-80.038388,43.845573],[-80.038535,43.845604],[-80.038775,43.845726],[-80.038927,43.84579],[-80.03923,43.845938],[-80.039367,43.846022],[-80.039493,43.846184],[-80.039491,43.846334],[-80.039389,43.846509],[-80.039293,43.84659],[-80.039189,43.846652],[-80.039132,43.846703],[-80.039067,43.846746],[-80.039001,43.846772],[-80.038778,43.846899],[-80.038684,43.846996],[-80.038613,43.847207],[-80.038567,43.847281],[-80.038528,43.847313],[-80.03836,43.847338],[-80.038281,43.847344],[-80.038216,43.84734],[-80.038137,43.84733],[-80.037976,43.847257],[-80.037955,43.84717],[-80.038038,43.84699],[-80.038064,43.846898]]]}},{"type":"Feature","properties":{"k":"water"},"geometry":{"type":"Polygon","coordinates":[[[-80.038153,43.848689],[-80.038184,43.84882],[-80.038233,43.848881],[-80.038324,43.848954],[-80.038508,43.849045],[-80.038642,43.849069],[-80.03883,43.849084],[-80.038981,43.849068],[-80.039215,43.849059],[-80.039682,43.849157],[-80.039751,43.849162],[-80.039862,43.849132],[-80.039935,43.849098],[-80.039962,43.849047],[-80.039965,43.849004],[-80.039933,43.84896],[-80.039883,43.848925],[-80.039819,43.848899],[-80.039596,43.848877],[-80.039397,43.848814],[-80.039333,43.848781],[-80.039263,43.848706],[-80.03911,43.848614],[-80.03905,43.848557],[-80.038916,43.848545],[-80.038758,43.848582],[-80.038615,43.84858],[-80.038498,43.848564],[-80.038442,43.848527],[-80.038365,43.848497],[-80.038304,43.848509],[-80.038255,43.848534],[-80.038179,43.848592],[-80.038162,43.84863],[-80.038153,43.848689]]]}},{"type":"Feature","properties":{"k":"water"},"geometry":{"type":"Polygon","coordinates":[[[-80.038505,43.848008],[-80.038508,43.848256],[-80.038459,43.848345],[-80.038397,43.848509],[-80.038442,43.848527],[-80.038514,43.848371],[-80.038578,43.848316],[-80.038656,43.848289],[-80.038765,43.848277],[-80.038869,43.848283],[-80.038929,43.848326],[-80.038951,43.848379],[-80.038952,43.84847],[-80.038916,43.848545],[-80.039017,43.848541],[-80.03905,43.848557],[-80.039056,43.848475],[-80.039011,43.848362],[-80.038929,43.848257],[-80.038861,43.848235],[-80.038758,43.848158],[-80.03865,43.847997],[-80.038598,43.847968],[-80.038535,43.847973],[-80.038505,43.848008]]]}},{"type":"Feature","properties":{"k":"water"},"geometry":{"type":"Polygon","coordinates":[[[-80.034869,43.849504],[-80.034832,43.849484],[-80.03435,43.849439],[-80.034267,43.849443],[-80.034121,43.849495],[-80.034066,43.849506],[-80.034016,43.849511],[-80.033966,43.849504],[-80.033923,43.849494],[-80.033687,43.849376],[-80.033509,43.849344],[-80.033311,43.849298],[-80.033276,43.849274],[-80.033256,43.849244],[-80.033257,43.849225],[-80.033266,43.849203],[-80.033406,43.849118],[-80.033723,43.849061],[-80.033769,43.849046],[-80.033886,43.848989],[-80.033946,43.848983],[-80.03398,43.848987],[-80.034007,43.849005],[-80.034069,43.849094],[-80.034152,43.849136],[-80.034209,43.849151],[-80.034264,43.849147],[-80.034396,43.849119],[-80.034461,43.849113],[-80.03452,43.849116],[-80.03459,43.849128],[-80.034806,43.849193],[-80.034882,43.849228],[-80.034923,43.849263],[-80.034955,43.849312],[-80.034993,43.849399],[-80.034979,43.849556],[-80.034948,43.849563],[-80.034869,43.849504]]]}},{"type":"Feature","properties":{"k":"wood"},"geometry":{"type":"Polygon","coordinates":[[[-80.036537,43.845668],[-80.036314,43.845477],[-80.035959,43.845307],[-80.035718,43.84509],[-80.035369,43.844645],[-80.036406,43.844423],[-80.036947,43.844231],[-80.037718,43.844868],[-80.037665,43.845006],[-80.037298,43.845308],[-80.037204,43.845237],[-80.037114,43.845335],[-80.036537,43.845668]]]}},{"type":"Feature","properties":{"k":"tee"},"geometry":{"type":"Polygon","coordinates":[[[-80.043556,43.847408],[-80.043603,43.847428],[-80.043654,43.847427],[-80.043672,43.847407],[-80.043668,43.847378],[-80.043608,43.847346],[-80.043576,43.847345],[-80.04354,43.84737],[-80.043536,43.847383],[-80.043556,43.847408]]]}},{"type":"Feature","properties":{"k":"tee"},"geometry":{"type":"Polygon","coordinates":[[[-80.043303,43.847344],[-80.043367,43.847363],[-80.043412,43.847367],[-80.043446,43.847349],[-80.043459,43.847311],[-80.043432,43.847288],[-80.043387,43.847269],[-80.043339,43.84726],[-80.043296,43.847263],[-80.043271,43.847277],[-80.04326,43.847308],[-80.04327,43.847327],[-80.043303,43.847344]]]}},{"type":"Feature","properties":{"k":"tee"},"geometry":{"type":"Polygon","coordinates":[[[-80.043009,43.847314],[-80.043063,43.847332],[-80.043113,43.847322],[-80.043141,43.847293],[-80.043133,43.847264],[-80.0431,43.847241],[-80.043066,43.84723],[-80.043023,43.847224],[-80.042988,43.847233],[-80.042969,43.84725],[-80.042966,43.847275],[-80.042979,43.847297],[-80.043009,43.847314]]]}},{"type":"Feature","properties":{"k":"tee"},"geometry":{"type":"Polygon","coordinates":[[[-80.042699,43.847261],[-80.04276,43.847288],[-80.042794,43.847291],[-80.042819,43.847282],[-80.042836,43.847251],[-80.042822,43.847232],[-80.042768,43.847202],[-80.042732,43.847189],[-80.042698,43.847189],[-80.042679,43.847198],[-80.042671,43.84722],[-80.042677,43.847242],[-80.042699,43.847261]]]}},{"type":"Feature","properties":{"k":"tee"},"geometry":{"type":"Polygon","coordinates":[[[-80.042179,43.847124],[-80.042205,43.847147],[-80.042252,43.847154],[-80.042276,43.847144],[-80.042288,43.847121],[-80.042264,43.847091],[-80.042211,43.847081],[-80.042186,43.847094],[-80.042179,43.847124]]]}},{"type":"Feature","properties":{"k":"fairway"},"geometry":{"type":"Polygon","coordinates":[[[-80.041918,43.846818],[-80.041972,43.846764],[-80.041993,43.846725],[-80.041989,43.846681],[-80.041973,43.846656],[-80.041944,43.846631],[-80.041874,43.846595],[-80.041765,43.846583],[-80.041701,43.846556],[-80.04165,43.846497],[-80.04156,43.846341],[-80.04135,43.846103],[-80.041246,43.846039],[-80.041142,43.846007],[-80.041068,43.84595],[-80.04088,43.84578],[-80.040778,43.84571],[-80.040235,43.845371],[-80.040007,43.845252],[-80.039852,43.845147],[-80.039796,43.845126],[-80.039699,43.845121],[-80.03966,43.845111],[-80.039536,43.845052],[-80.039463,43.844977],[-80.039375,43.844805],[-80.039329,43.844769],[-80.039255,43.844735],[-80.039184,43.844687],[-80.039106,43.844592],[-80.039044,43.844543],[-80.038989,43.844519],[-80.038944,43.844512],[-80.038885,43.844528],[-80.038824,43.844558],[-80.038956,43.844744],[-80.038998,43.844767],[-80.039029,43.844802],[-80.039053,43.844856],[-80.039072,43.845032],[-80.039114,43.845106],[-80.039383,43.84532],[-80.039446,43.845341],[-80.039529,43.845356],[-80.039713,43.845368],[-80.03977,43.845389],[-80.039834,43.845461],[-80.039866,43.84552],[-80.039959,43.84564],[-80.039997,43.845674],[-80.040087,43.845713],[-80.040131,43.845757],[-80.04014,43.845886],[-80.040199,43.845959],[-80.040265,43.845998],[-80.040376,43.846043],[-80.040551,43.846093],[-80.040605,43.846132],[-80.040619,43.846158],[-80.040639,43.84625],[-80.040728,43.846323],[-80.040764,43.846367],[-80.040768,43.84639],[-80.040753,43.846484],[-80.040775,43.846541],[-80.040987,43.84673],[-80.041182,43.846815],[-80.041568,43.846918],[-80.041639,43.846918],[-80.04172,43.846899],[-80.041847,43.846857],[-80.041918,43.846818]]]}},{"type":"Feature","properties":{"k":"green"},"geometry":{"type":"Polygon","coordinates":[[[-80.038712,43.844584],[-80.038682,43.844602],[-80.038661,43.84464],[-80.038664,43.84466],[-80.038688,43.844696],[-80.038728,43.844721],[-80.038759,43.84473],[-80.038956,43.844744],[-80.039022,43.844719],[-80.039048,43.844689],[-80.03905,43.844639],[-80.039021,43.844605],[-80.038967,43.844578],[-80.0389,43.844562],[-80.038824,43.844558],[-80.038764,43.844564],[-80.038712,43.844584]]]}},{"type":"Feature","properties":{"k":"tee"},"geometry":{"type":"Polygon","coordinates":[[[-80.037578,43.843623],[-80.037608,43.843649],[-80.037633,43.843655],[-80.037669,43.843642],[-80.037679,43.843623],[-80.037669,43.843602],[-80.037621,43.843582],[-80.037586,43.84359],[-80.037578,43.843623]]]}},{"type":"Feature","properties":{"k":"tee"},"geometry":{"type":"Polygon","coordinates":[[[-80.037284,43.843489],[-80.037296,43.843521],[-80.037389,43.843563],[-80.03745,43.843564],[-80.037483,43.843536],[-80.037486,43.843516],[-80.03747,43.843496],[-80.037362,43.843451],[-80.037336,43.843447],[-80.037305,43.843455],[-80.037284,43.843489]]]}},{"type":"Feature","properties":{"k":"tee"},"geometry":{"type":"Polygon","coordinates":[[[-80.037006,43.843366],[-80.037014,43.84339],[-80.037034,43.843406],[-80.037144,43.843452],[-80.037182,43.843447],[-80.037206,43.843422],[-80.037197,43.843382],[-80.037081,43.843332],[-80.037061,43.843328],[-80.037028,43.843334],[-80.037006,43.843366]]]}},{"type":"Feature","properties":{"k":"tee"},"geometry":{"type":"Polygon","coordinates":[[[-80.036753,43.843257],[-80.036823,43.843298],[-80.036872,43.843313],[-80.036915,43.843303],[-80.03693,43.843286],[-80.036933,43.843268],[-80.036909,43.843243],[-80.036814,43.843202],[-80.036779,43.843201],[-80.036754,43.84321],[-80.03674,43.843237],[-80.036753,43.843257]]]}},{"type":"Feature","properties":{"k":"tee"},"geometry":{"type":"Polygon","coordinates":[[[-80.03641,43.84302],[-80.03642,43.843042],[-80.036458,43.843066],[-80.036497,43.843065],[-80.036516,43.843044],[-80.036507,43.843016],[-80.036454,43.842992],[-80.036426,43.842996],[-80.03641,43.84302]]]}},{"type":"Feature","properties":{"k":"green"},"geometry":{"type":"Polygon","coordinates":[[[-80.033671,43.841891],[-80.033697,43.841931],[-80.033766,43.841981],[-80.033804,43.841994],[-80.033871,43.841988],[-80.033921,43.841953],[-80.033943,43.841911],[-80.033937,43.841858],[-80.033913,43.841795],[-80.03385,43.841749],[-80.033793,43.841746],[-80.033769,43.841752],[-80.033715,43.841782],[-80.03368,43.841823],[-80.033668,43.841869],[-80.033671,43.841891]]]}},{"type":"Feature","properties":{"k":"fairway"},"geometry":{"type":"Polygon","coordinates":[[[-80.036079,43.842896],[-80.036101,43.842867],[-80.036112,43.842822],[-80.036102,43.842776],[-80.036062,43.842698],[-80.036011,43.842662],[-80.035883,43.84261],[-80.035791,43.842559],[-80.035698,43.842489],[-80.035585,43.84238],[-80.035496,43.84231],[-80.035401,43.842258],[-80.035263,43.842209],[-80.035036,43.842177],[-80.034902,43.842182],[-80.034636,43.842221],[-80.034568,43.842224],[-80.034507,43.842218],[-80.034473,43.842182],[-80.034454,43.842105],[-80.034427,43.842084],[-80.034338,43.842053],[-80.034238,43.842032],[-80.034094,43.841951],[-80.033943,43.841882],[-80.033804,43.841881],[-80.033697,43.841931],[-80.03373,43.842043],[-80.033754,43.842069],[-80.034179,43.842243],[-80.034292,43.842301],[-80.034486,43.842418],[-80.034545,43.84244],[-80.0346,43.842451],[-80.03465,43.842447],[-80.034725,43.842426],[-80.034779,43.842423],[-80.034803,43.842426],[-80.034865,43.842455],[-80.035077,43.842605],[-80.035142,43.842687],[-80.035269,43.842804],[-80.0354,43.842892],[-80.035479,43.842934],[-80.035538,43.842955],[-80.035605,43.842968],[-80.035865,43.842983],[-80.035969,43.842958],[-80.036031,43.84293],[-80.036079,43.842896]]]}},{"type":"Feature","properties":{"k":"tee"},"geometry":{"type":"Polygon","coordinates":[[[-80.034158,43.841576],[-80.034186,43.841601],[-80.034229,43.841612],[-80.034259,43.841603],[-80.034269,43.841589],[-80.034251,43.841561],[-80.0342,43.841544],[-80.03416,43.841557],[-80.034158,43.841576]]]}},{"type":"Feature","properties":{"k":"tee"},"geometry":{"type":"Polygon","coordinates":[[[-80.033937,43.841519],[-80.033966,43.84154],[-80.034022,43.841554],[-80.034054,43.84154],[-80.03406,43.84152],[-80.03405,43.841504],[-80.034027,43.841491],[-80.033981,43.841483],[-80.033946,43.841495],[-80.033937,43.841519]]]}},{"type":"Feature","properties":{"k":"tee"},"geometry":{"type":"Polygon","coordinates":[[[-80.033574,43.841454],[-80.033603,43.841472],[-80.033697,43.84148],[-80.033734,43.841469],[-80.033746,43.841443],[-80.033723,43.841411],[-80.033666,43.841398],[-80.033618,43.841397],[-80.033579,43.841413],[-80.033569,43.841436],[-80.033574,43.841454]]]}},{"type":"Feature","properties":{"k":"tee"},"geometry":{"type":"Polygon","coordinates":[[[-80.033238,43.841398],[-80.033244,43.84143],[-80.033281,43.841449],[-80.033382,43.841461],[-80.033409,43.841454],[-80.033424,43.841439],[-80.033427,43.84142],[-80.03341,43.841403],[-80.033348,43.841382],[-80.033277,43.841375],[-80.033248,43.841386],[-80.033238,43.841398]]]}},{"type":"Feature","properties":{"k":"tee"},"geometry":{"type":"Polygon","coordinates":[[[-80.033023,43.84135],[-80.033017,43.841376],[-80.033045,43.841395],[-80.033102,43.841403],[-80.033122,43.841397],[-80.033134,43.841384],[-80.03313,43.841355],[-80.033104,43.841342],[-80.033067,43.841338],[-80.033023,43.84135]]]}},{"type":"Feature","properties":{"k":"tee"},"geometry":{"type":"Polygon","coordinates":[[[-80.032669,43.841381],[-80.032672,43.84142],[-80.032699,43.841435],[-80.032762,43.841437],[-80.03279,43.841428],[-80.032806,43.841408],[-80.032804,43.841383],[-80.03276,43.84136],[-80.032713,43.841358],[-80.032669,43.841381]]]}},{"type":"Feature","properties":{"k":"green"},"geometry":{"type":"Polygon","coordinates":[[[-80.029327,43.840406],[-80.029352,43.840439],[-80.029391,43.840462],[-80.029448,43.840472],[-80.029534,43.840465],[-80.029619,43.840451],[-80.029651,43.840437],[-80.02969,43.840405],[-80.029702,43.840363],[-80.029682,43.840326],[-80.029627,43.840288],[-80.029598,43.840281],[-80.029541,43.840283],[-80.029445,43.840307],[-80.029367,43.840338],[-80.029331,43.840367],[-80.029323,43.840383],[-80.029327,43.840406]]]}},{"type":"Feature","properties":{"k":"fairway"},"geometry":{"type":"Polygon","coordinates":[[[-80.029712,43.840425],[-80.029855,43.840443],[-80.030097,43.840515],[-80.030195,43.840537],[-80.030262,43.840583],[-80.03038,43.840702],[-80.030437,43.840735],[-80.030544,43.840753],[-80.030708,43.84076],[-80.030848,43.840812],[-80.030977,43.840846],[-80.031155,43.840939],[-80.031373,43.841037],[-80.031649,43.841185],[-80.031735,43.84122],[-80.032157,43.841348],[-80.032254,43.841371],[-80.032435,43.841386],[-80.032466,43.84138],[-80.032511,43.841355],[-80.032526,43.841314],[-80.032518,43.841298],[-80.032467,43.84127],[-80.032402,43.84126],[-80.032235,43.841266],[-80.032167,43.84124],[-80.032117,43.841196],[-80.03207,43.84108],[-80.031933,43.840998],[-80.031859,43.840899],[-80.031752,43.84081],[-80.031651,43.840761],[-80.031335,43.840664],[-80.030976,43.840526],[-80.030717,43.840441],[-80.030621,43.840422],[-80.030508,43.840425],[-80.030339,43.840443],[-80.030269,43.840431],[-80.030221,43.840404],[-80.030133,43.840327],[-80.030043,43.840273],[-80.029924,43.840218],[-80.02974,43.840161],[-80.029681,43.840149],[-80.029595,43.840148],[-80.02955,43.840157],[-80.029437,43.840207],[-80.029376,43.840263],[-80.029323,43.840383],[-80.029651,43.840437],[-80.029712,43.840425]]]}},{"type":"Feature","properties":{"k":"tee"},"geometry":{"type":"Polygon","coordinates":[[[-80.029483,43.840734],[-80.0295,43.840757],[-80.029538,43.840775],[-80.029576,43.840777],[-80.029595,43.840759],[-80.029582,43.840736],[-80.029537,43.840718],[-80.029497,43.840717],[-80.029483,43.840734]]]}},{"type":"Feature","properties":{"k":"tee"},"geometry":{"type":"Polygon","coordinates":[[[-80.029189,43.840866],[-80.029165,43.840903],[-80.029169,43.840926],[-80.029214,43.840954],[-80.029264,43.840967],[-80.0293,43.840963],[-80.029313,43.840955],[-80.029362,43.840886],[-80.029362,43.84087],[-80.029342,43.840847],[-80.029252,43.840821],[-80.029219,43.840829],[-80.029189,43.840866]]]}},{"type":"Feature","properties":{"k":"tee"},"geometry":{"type":"Polygon","coordinates":[[[-80.028962,43.840804],[-80.028958,43.840818],[-80.02897,43.840847],[-80.029006,43.840867],[-80.029034,43.840871],[-80.029109,43.840852],[-80.029137,43.84081],[-80.029128,43.840777],[-80.029092,43.840753],[-80.029065,43.840747],[-80.02901,43.840756],[-80.028991,43.840767],[-80.028962,43.840804]]]}},{"type":"Feature","properties":{"k":"tee"},"geometry":{"type":"Polygon","coordinates":[[[-80.028736,43.840708],[-80.02873,43.840739],[-80.028743,43.840766],[-80.028779,43.840784],[-80.028822,43.840787],[-80.028874,43.840766],[-80.028901,43.840739],[-80.028916,43.840702],[-80.028914,43.840685],[-80.028886,43.840654],[-80.028863,43.840643],[-80.028807,43.840639],[-80.028774,43.840655],[-80.028736,43.840708]]]}},{"type":"Feature","properties":{"k":"tee"},"geometry":{"type":"Polygon","coordinates":[[[-80.028407,43.840611],[-80.028366,43.84066],[-80.028367,43.840689],[-80.02842,43.840712],[-80.028467,43.840706],[-80.028489,43.840694],[-80.028521,43.840659],[-80.028536,43.840625],[-80.028532,43.840611],[-80.028507,43.840588],[-80.028463,43.840581],[-80.028443,43.840586],[-80.028407,43.840611]]]}},{"type":"Feature","properties":{"k":"tee"},"geometry":{"type":"Polygon","coordinates":[[[-80.028209,43.840531],[-80.02816,43.840591],[-80.028154,43.840621],[-80.028185,43.840653],[-80.028219,43.840664],[-80.028244,43.840663],[-80.028283,43.840647],[-80.0283,43.84063],[-80.02833,43.840592],[-80.028344,43.840555],[-80.028323,43.840527],[-80.028277,43.840513],[-80.028228,43.840519],[-80.028209,43.840531]]]}},{"type":"Feature","properties":{"k":"green"},"geometry":{"type":"Polygon","coordinates":[[[-80.027086,43.839975],[-80.027078,43.840003],[-80.027104,43.840044],[-80.027159,43.840071],[-80.027202,43.840079],[-80.027283,43.840073],[-80.027373,43.840056],[-80.027414,43.840032],[-80.027427,43.840002],[-80.027415,43.839954],[-80.027392,43.839928],[-80.02735,43.839908],[-80.0273,43.839896],[-80.027235,43.839898],[-80.027167,43.83992],[-80.027117,43.839946],[-80.027086,43.839975]]]}},{"type":"Feature","properties":{"k":"fairway"},"geometry":{"type":"Polygon","coordinates":[[[-80.027337,43.840064],[-80.027398,43.840066],[-80.027563,43.84011],[-80.027621,43.840137],[-80.027702,43.840201],[-80.027736,43.840212],[-80.027794,43.840196],[-80.027831,43.840156],[-80.027824,43.840114],[-80.027678,43.839965],[-80.027581,43.839924],[-80.027507,43.839903],[-80.02729,43.839889],[-80.027235,43.839898],[-80.027337,43.840064]]]}},{"type":"Feature","properties":{"k":"tee"},"geometry":{"type":"Polygon","coordinates":[[[-80.027316,43.840724],[-80.02749,43.840827],[-80.02755,43.840832],[-80.027586,43.840806],[-80.027591,43.840779],[-80.027578,43.840747],[-80.027504,43.840676],[-80.027245,43.840521],[-80.027184,43.840498],[-80.027137,43.840495],[-80.027092,43.840529],[-80.027092,43.840556],[-80.027103,43.840572],[-80.027316,43.840724]]]}},{"type":"Feature","properties":{"k":"tee"},"geometry":{"type":"Polygon","coordinates":[[[-80.027855,43.841217],[-80.027864,43.841245],[-80.027919,43.841303],[-80.027943,43.841314],[-80.02797,43.841307],[-80.027968,43.841266],[-80.027929,43.841191],[-80.027914,43.841184],[-80.027876,43.841184],[-80.027864,43.84119],[-80.027855,43.841217]]]}},{"type":"Feature","properties":{"k":"green"},"geometry":{"type":"Polygon","coordinates":[[[-80.027312,43.84386],[-80.027319,43.843899],[-80.027364,43.84395],[-80.027401,43.843973],[-80.027473,43.843984],[-80.027531,43.843973],[-80.027604,43.843934],[-80.027638,43.843889],[-80.027645,43.843843],[-80.027631,43.843809],[-80.027604,43.843783],[-80.027547,43.843753],[-80.027494,43.843745],[-80.027423,43.843756],[-80.027349,43.843781],[-80.027322,43.843807],[-80.027312,43.84386]]]}},{"type":"Feature","properties":{"k":"fairway"},"geometry":{"type":"Polygon","coordinates":[[[-80.027438,43.843916],[-80.027451,43.843983],[-80.027487,43.843988],[-80.027651,43.844001],[-80.0277,43.84399],[-80.027762,43.843953],[-80.02779,43.843919],[-80.027834,43.843811],[-80.027902,43.843741],[-80.028022,43.843518],[-80.028055,43.843428],[-80.028047,43.843306],[-80.028053,43.843272],[-80.028068,43.843251],[-80.028152,43.843209],[-80.028346,43.843158],[-80.028433,43.843106],[-80.028545,43.842947],[-80.028682,43.842854],[-80.028715,43.842761],[-80.028785,43.842693],[-80.028816,43.842637],[-80.028831,43.842341],[-80.02881,43.84227],[-80.028756,43.842159],[-80.028676,43.842041],[-80.028374,43.841752],[-80.02831,43.841707],[-80.028249,43.841688],[-80.028215,43.841691],[-80.028181,43.841708],[-80.02811,43.841766],[-80.028087,43.841797],[-80.028068,43.841852],[-80.028086,43.841903],[-80.028243,43.842136],[-80.028295,43.842239],[-80.028286,43.84231],[-80.028158,43.842665],[-80.028091,43.842816],[-80.027893,43.843028],[-80.027803,43.843166],[-80.027738,43.843239],[-80.027702,43.843318],[-80.02768,43.843426],[-80.027601,43.843459],[-80.027582,43.84348],[-80.027582,43.843506],[-80.027627,43.843578],[-80.027633,43.843626],[-80.02762,43.843648],[-80.027543,43.843691],[-80.02749,43.843744],[-80.027438,43.843916]]]}},{"type":"Feature","properties":{"k":"tee"},"geometry":{"type":"Polygon","coordinates":[[[-80.027252,43.844591],[-80.027348,43.844681],[-80.027376,43.844692],[-80.027404,43.844689],[-80.027437,43.844672],[-80.027468,43.844631],[-80.027477,43.844598],[-80.027469,43.844558],[-80.027439,43.844522],[-80.027378,43.844489],[-80.027341,43.844481],[-80.027309,43.844487],[-80.027244,43.844534],[-80.027239,43.844565],[-80.027252,43.844591]]]}},{"type":"Feature","properties":{"k":"tee"},"geometry":{"type":"Polygon","coordinates":[[[-80.027518,43.84441],[-80.027474,43.844438],[-80.02747,43.844463],[-80.027496,43.844498],[-80.02754,43.844507],[-80.027595,43.844489],[-80.027668,43.844448],[-80.027696,43.844414],[-80.027699,43.844392],[-80.027687,43.844372],[-80.027639,43.844362],[-80.027599,43.844371],[-80.027518,43.84441]]]}},{"type":"Feature","properties":{"k":"tee"},"geometry":{"type":"Polygon","coordinates":[[[-80.027862,43.844186],[-80.027833,43.8442],[-80.027724,43.844298],[-80.027733,43.844338],[-80.027766,43.844358],[-80.027798,43.844361],[-80.027854,43.844349],[-80.027926,43.844313],[-80.027963,43.844273],[-80.027972,43.844222],[-80.027956,43.844202],[-80.027924,43.844188],[-80.027862,43.844186]]]}},{"type":"Feature","properties":{"k":"tee"},"geometry":{"type":"Polygon","coordinates":[[[-80.027968,43.844011],[-80.027923,43.844046],[-80.027912,43.844072],[-80.027915,43.844096],[-80.02793,43.844121],[-80.027959,43.844137],[-80.028019,43.84414],[-80.028064,43.844121],[-80.028087,43.8441],[-80.028101,43.844074],[-80.028098,43.844045],[-80.02808,43.844021],[-80.028053,43.844006],[-80.028011,43.843999],[-80.027968,43.844011]]]}},{"type":"Feature","properties":{"k":"tee"},"geometry":{"type":"Polygon","coordinates":[[[-80.02809,43.843837],[-80.028061,43.843855],[-80.028057,43.843878],[-80.028068,43.843896],[-80.028094,43.843902],[-80.028167,43.843873],[-80.028207,43.843833],[-80.028183,43.84382],[-80.028157,43.843819],[-80.02809,43.843837]]]}},{"type":"Feature","properties":{"k":"green"},"geometry":{"type":"Polygon","coordinates":[[[-80.031867,43.843577],[-80.031921,43.843642],[-80.031963,43.843676],[-80.032083,43.843728],[-80.032135,43.843737],[-80.032202,43.843733],[-80.032232,43.843721],[-80.032258,43.843688],[-80.032286,43.843608],[-80.032266,43.843562],[-80.032225,43.843535],[-80.032134,43.843504],[-80.032033,43.843449],[-80.031963,43.843437],[-80.03192,43.843443],[-80.031865,43.843477],[-80.031849,43.843539],[-80.031867,43.843577]]]}},{"type":"Feature","properties":{"k":"fairway"},"geometry":{"type":"Polygon","coordinates":[[[-80.03188,43.843595],[-80.031821,43.843553],[-80.031745,43.84353],[-80.031678,43.843525],[-80.031513,43.843537],[-80.03118,43.843604],[-80.031137,43.843622],[-80.031016,43.843697],[-80.03096,43.843715],[-80.030897,43.843723],[-80.030842,43.843718],[-80.030753,43.843691],[-80.030501,43.843667],[-80.030271,43.843591],[-80.030129,43.843559],[-80.029729,43.843515],[-80.029562,43.843432],[-80.02949,43.843428],[-80.029209,43.843475],[-80.029151,43.843491],[-80.02897,43.843563],[-80.028911,43.843604],[-80.028802,43.84372],[-80.028753,43.84375],[-80.028708,43.843766],[-80.028612,43.843763],[-80.028528,43.843741],[-80.028477,43.843713],[-80.028426,43.843655],[-80.028441,43.843599],[-80.028468,43.843559],[-80.028635,43.843392],[-80.02882,43.843238],[-80.029092,43.843037],[-80.029139,43.843004],[-80.029224,43.842961],[-80.029501,43.842887],[-80.029588,43.842888],[-80.029675,43.842903],[-80.02982,43.842945],[-80.030075,43.843003],[-80.030421,43.843167],[-80.030717,43.843283],[-80.030877,43.843328],[-80.030961,43.843326],[-80.031134,43.843262],[-80.031365,43.843207],[-80.03145,43.843211],[-80.0317,43.84328],[-80.031762,43.843312],[-80.031866,43.843419],[-80.03191,43.843432],[-80.031988,43.843439],[-80.03188,43.843595]]]}},{"type":"Feature","properties":{"k":"tee"},"geometry":{"type":"Polygon","coordinates":[[[-80.032556,43.843095],[-80.032547,43.84312],[-80.032554,43.843145],[-80.032583,43.843165],[-80.0326,43.843168],[-80.032639,43.843164],[-80.032679,43.843147],[-80.032712,43.843116],[-80.032698,43.843079],[-80.032643,43.84306],[-80.0326,43.843061],[-80.032556,43.843095]]]}},{"type":"Feature","properties":{"k":"tee"},"geometry":{"type":"Polygon","coordinates":[[[-80.032314,43.843056],[-80.032305,43.843069],[-80.032303,43.843101],[-80.032334,43.843121],[-80.03241,43.843122],[-80.032453,43.843089],[-80.032451,43.843063],[-80.032417,43.843037],[-80.032357,43.843031],[-80.032314,43.843056]]]}},{"type":"Feature","properties":{"k":"tee"},"geometry":{"type":"Polygon","coordinates":[[[-80.032019,43.842969],[-80.031982,43.843037],[-80.031984,43.843061],[-80.032007,43.843082],[-80.032047,43.843099],[-80.032092,43.843104],[-80.032127,43.843097],[-80.03216,43.843081],[-80.032184,43.843055],[-80.032207,43.843013],[-80.032211,43.842988],[-80.032197,43.842967],[-80.032137,43.842939],[-80.032089,43.84293],[-80.032044,43.842943],[-80.032019,43.842969]]]}},{"type":"Feature","properties":{"k":"tee"},"geometry":{"type":"Polygon","coordinates":[[[-80.031761,43.842883],[-80.031731,43.84292],[-80.031728,43.842951],[-80.031743,43.842983],[-80.031802,43.843013],[-80.031838,43.843016],[-80.031869,43.843007],[-80.031903,43.842979],[-80.031927,43.842939],[-80.031915,43.842894],[-80.031885,43.842876],[-80.031832,43.842864],[-80.031791,43.842868],[-80.031761,43.842883]]]}},{"type":"Feature","properties":{"k":"tee"},"geometry":{"type":"Polygon","coordinates":[[[-80.031376,43.842781],[-80.031362,43.842804],[-80.031362,43.84283],[-80.031395,43.842868],[-80.031452,43.842882],[-80.031502,43.842864],[-80.031521,43.842841],[-80.031529,43.842802],[-80.031498,43.842768],[-80.03144,43.842756],[-80.031404,43.842763],[-80.031376,43.842781]]]}},{"type":"Feature","properties":{"k":"green"},"geometry":{"type":"Polygon","coordinates":[[[-80.028517,43.841058],[-80.02846,43.841085],[-80.028433,43.841114],[-80.028429,43.841144],[-80.028453,43.841175],[-80.028523,43.841195],[-80.028719,43.841227],[-80.028788,43.841222],[-80.028839,43.841203],[-80.028851,43.841164],[-80.028843,43.841141],[-80.028712,43.841012],[-80.028661,43.840998],[-80.028618,43.841003],[-80.028517,43.841058]]]}},{"type":"Feature","properties":{"k":"fairway"},"geometry":{"type":"Polygon","coordinates":[[[-80.028738,43.841234],[-80.028781,43.841255],[-80.028873,43.84128],[-80.028934,43.841314],[-80.029072,43.841419],[-80.029114,43.841462],[-80.029136,43.841514],[-80.029099,43.841605],[-80.029087,43.841676],[-80.029115,43.841761],[-80.029143,43.8418],[-80.029213,43.841868],[-80.029369,43.841951],[-80.029468,43.842021],[-80.029509,43.842066],[-80.029607,43.842219],[-80.02964,43.842253],[-80.02981,43.842309],[-80.029944,43.842389],[-80.030051,43.842441],[-80.030164,43.842464],[-80.030376,43.842486],[-80.03048,43.842517],[-80.030547,43.842549],[-80.03063,43.842559],[-80.030705,43.842579],[-80.030825,43.842621],[-80.030965,43.842711],[-80.031017,43.842719],[-80.031074,43.842714],[-80.031121,43.842703],[-80.031148,43.842688],[-80.03117,43.842645],[-80.031161,43.842612],[-80.031041,43.84254],[-80.030877,43.842408],[-80.030777,43.842381],[-80.030718,43.842356],[-80.030694,43.842321],[-80.030671,43.842235],[-80.030646,43.8422],[-80.030425,43.842034],[-80.030014,43.841853],[-80.029828,43.841748],[-80.029578,43.841694],[-80.029509,43.84166],[-80.029481,43.841636],[-80.029469,43.841605],[-80.029492,43.841493],[-80.029487,43.841456],[-80.02944,43.841382],[-80.029409,43.841358],[-80.02936,43.841341],[-80.029083,43.841291],[-80.029022,43.841273],[-80.028985,43.841252],[-80.028924,43.841193],[-80.028861,43.841158],[-80.028833,43.841132],[-80.028694,43.841223],[-80.028738,43.841234]]]}},{"type":"Feature","properties":{"k":"tee"},"geometry":{"type":"Polygon","coordinates":[[[-80.029443,43.840978],[-80.029424,43.841012],[-80.029433,43.841051],[-80.02946,43.841066],[-80.029504,43.841063],[-80.029539,43.841026],[-80.029565,43.840974],[-80.029564,43.840953],[-80.029535,43.840933],[-80.0295,43.840927],[-80.02947,43.840942],[-80.029443,43.840978]]]}},{"type":"Feature","properties":{"k":"tee"},"geometry":{"type":"Polygon","coordinates":[[[-80.029625,43.840993],[-80.029602,43.841111],[-80.029635,43.841129],[-80.029704,43.841125],[-80.029726,43.841105],[-80.029748,43.841059],[-80.029774,43.840976],[-80.02977,43.840951],[-80.029759,43.84094],[-80.02972,43.84093],[-80.029667,43.840935],[-80.029641,43.840953],[-80.029625,43.840993]]]}},{"type":"Feature","properties":{"k":"tee"},"geometry":{"type":"Polygon","coordinates":[[[-80.029798,43.841084],[-80.029782,43.841122],[-80.029796,43.841138],[-80.029849,43.841141],[-80.029882,43.84113],[-80.029902,43.841113],[-80.029903,43.84109],[-80.02988,43.841076],[-80.029836,43.841074],[-80.029798,43.841084]]]}},{"type":"Feature","properties":{"k":"tee"},"geometry":{"type":"Polygon","coordinates":[[[-80.029829,43.840957],[-80.029833,43.84101],[-80.029854,43.84103],[-80.029885,43.84104],[-80.029936,43.841028],[-80.029984,43.840985],[-80.030003,43.840948],[-80.029993,43.840927],[-80.029963,43.840911],[-80.029892,43.840899],[-80.029855,43.840906],[-80.029844,43.840916],[-80.029829,43.840957]]]}},{"type":"Feature","properties":{"k":"tee"},"geometry":{"type":"Polygon","coordinates":[[[-80.030081,43.840958],[-80.030065,43.840977],[-80.030072,43.840999],[-80.030113,43.841017],[-80.030154,43.84101],[-80.030164,43.840988],[-80.030157,43.840967],[-80.030108,43.840951],[-80.030081,43.840958]]]}},{"type":"Feature","properties":{"k":"green"},"geometry":{"type":"Polygon","coordinates":[[[-80.031148,43.841461],[-80.031224,43.84154],[-80.031286,43.841571],[-80.031323,43.841573],[-80.031358,43.841559],[-80.031401,43.841528],[-80.031416,43.841501],[-80.031408,43.841452],[-80.031386,43.841407],[-80.031291,43.841338],[-80.031225,43.841309],[-80.031158,43.841311],[-80.031122,43.841331],[-80.031102,43.841359],[-80.0311,43.841417],[-80.031148,43.841461]]]}},{"type":"Feature","properties":{"k":"fairway"},"geometry":{"type":"Polygon","coordinates":[[[-80.031401,43.841528],[-80.031472,43.841445],[-80.031485,43.841397],[-80.031473,43.841354],[-80.031417,43.841292],[-80.031363,43.84127],[-80.031124,43.841257],[-80.031022,43.841234],[-80.030981,43.841245],[-80.030974,43.841278],[-80.031056,43.841346],[-80.031089,43.841413],[-80.031114,43.841437],[-80.031401,43.841528]]]}},{"type":"Feature","properties":{"k":"tee"},"geometry":{"type":"Polygon","coordinates":[[[-80.031651,43.84168],[-80.031683,43.8417],[-80.031711,43.841698],[-80.031731,43.841677],[-80.031733,43.841659],[-80.031721,43.841642],[-80.031697,43.841628],[-80.031666,43.841631],[-80.031644,43.841655],[-80.031651,43.84168]]]}},{"type":"Feature","properties":{"k":"tee"},"geometry":{"type":"Polygon","coordinates":[[[-80.031839,43.841752],[-80.031859,43.841775],[-80.031941,43.841809],[-80.031992,43.841812],[-80.032017,43.841787],[-80.032016,43.841771],[-80.031998,43.841751],[-80.031899,43.841716],[-80.031873,43.841718],[-80.031847,43.841729],[-80.031839,43.841752]]]}},{"type":"Feature","properties":{"k":"tee"},"geometry":{"type":"Polygon","coordinates":[[[-80.032102,43.841852],[-80.032127,43.841878],[-80.032248,43.841927],[-80.032288,43.841923],[-80.032315,43.841898],[-80.032316,43.841873],[-80.0323,43.841858],[-80.032173,43.841808],[-80.032125,43.841812],[-80.032103,43.841834],[-80.032102,43.841852]]]}},{"type":"Feature","properties":{"k":"tee"},"geometry":{"type":"Polygon","coordinates":[[[-80.032373,43.841961],[-80.032412,43.841988],[-80.03253,43.84204],[-80.03257,43.842036],[-80.032602,43.841999],[-80.032598,43.841984],[-80.032569,43.841965],[-80.032435,43.841911],[-80.032396,43.841914],[-80.032375,43.841926],[-80.032373,43.841961]]]}},{"type":"Feature","properties":{"k":"tee"},"geometry":{"type":"Polygon","coordinates":[[[-80.032809,43.842095],[-80.032826,43.842118],[-80.032899,43.842162],[-80.032942,43.842159],[-80.032964,43.842134],[-80.032958,43.842096],[-80.032885,43.842054],[-80.032833,43.842057],[-80.032812,43.842074],[-80.032809,43.842095]]]}},{"type":"Feature","properties":{"k":"green"},"geometry":{"type":"Polygon","coordinates":[[[-80.035582,43.843692],[-80.035606,43.843721],[-80.035654,43.843748],[-80.035708,43.843756],[-80.035791,43.843749],[-80.035859,43.843728],[-80.035891,43.843706],[-80.035917,43.843663],[-80.035911,43.843621],[-80.035872,43.843572],[-80.035819,43.843552],[-80.035702,43.843541],[-80.035627,43.84355],[-80.035584,43.843569],[-80.035549,43.843619],[-80.035554,43.84365],[-80.035582,43.843692]]]}},{"type":"Feature","properties":{"k":"fairway"},"geometry":{"type":"Polygon","coordinates":[[[-80.03557,43.843677],[-80.035527,43.843645],[-80.035334,43.843572],[-80.035264,43.843561],[-80.035024,43.843555],[-80.034847,43.843494],[-80.0346,43.843372],[-80.034479,43.843327],[-80.034269,43.843218],[-80.033866,43.842975],[-80.033648,43.842893],[-80.033593,43.842853],[-80.033506,43.84276],[-80.033381,43.842666],[-80.033315,43.842596],[-80.033263,43.842525],[-80.033219,43.842377],[-80.033225,43.842347],[-80.033257,43.842301],[-80.033304,43.842275],[-80.033334,43.84227],[-80.033366,43.842267],[-80.033402,43.842275],[-80.033479,43.842313],[-80.033617,43.842406],[-80.033747,43.842472],[-80.033859,43.842511],[-80.034018,43.842543],[-80.034097,43.842574],[-80.034397,43.842791],[-80.034823,43.843049],[-80.034978,43.843131],[-80.035065,43.843192],[-80.035091,43.84322],[-80.035155,43.843348],[-80.035203,43.84339],[-80.035292,43.843421],[-80.035395,43.843443],[-80.035585,43.843455],[-80.035631,43.843463],[-80.035688,43.843485],[-80.035762,43.843531],[-80.035819,43.843552],[-80.03557,43.843677]]]}},{"type":"Feature","properties":{"k":"tee"},"geometry":{"type":"Polygon","coordinates":[[[-80.037506,43.844077],[-80.037524,43.844113],[-80.037549,43.844123],[-80.037585,43.844122],[-80.037613,43.844112],[-80.037638,43.844092],[-80.037643,43.84406],[-80.037625,43.844036],[-80.037606,43.844028],[-80.037549,43.844023],[-80.03752,43.844036],[-80.037506,43.844077]]]}},{"type":"Feature","properties":{"k":"tee"},"geometry":{"type":"Polygon","coordinates":[[[-80.037283,43.844079],[-80.037308,43.844122],[-80.037358,43.844139],[-80.037431,43.844131],[-80.037456,43.844103],[-80.037441,43.844049],[-80.037397,43.844024],[-80.037352,43.844024],[-80.037315,43.844034],[-80.03729,43.844053],[-80.037283,43.844079]]]}},{"type":"Feature","properties":{"k":"tee"},"geometry":{"type":"Polygon","coordinates":[[[-80.037131,43.844141],[-80.037165,43.844117],[-80.037167,43.844088],[-80.037155,43.844062],[-80.037094,43.84403],[-80.037038,43.844036],[-80.037015,43.844052],[-80.037011,43.844076],[-80.037039,43.844123],[-80.037079,43.844141],[-80.037131,43.844141]]]}},{"type":"Feature","properties":{"k":"tee"},"geometry":{"type":"Polygon","coordinates":[[[-80.036752,43.844045],[-80.036749,43.844072],[-80.03676,43.844102],[-80.03681,43.844141],[-80.036863,43.844145],[-80.03689,43.844136],[-80.036913,43.844118],[-80.036923,43.844093],[-80.036916,43.844072],[-80.036899,43.844048],[-80.03687,43.844028],[-80.03683,43.844015],[-80.036789,43.844015],[-80.036772,43.844022],[-80.036752,43.844045]]]}},{"type":"Feature","properties":{"k":"tee"},"geometry":{"type":"Polygon","coordinates":[[[-80.036339,43.844009],[-80.03637,43.844035],[-80.036389,43.844039],[-80.036433,43.844032],[-80.036488,43.844006],[-80.036497,43.843972],[-80.036482,43.843956],[-80.036467,43.843952],[-80.036396,43.843959],[-80.036351,43.843978],[-80.036339,43.844009]]]}},{"type":"Feature","properties":{"k":"green"},"geometry":{"type":"Polygon","coordinates":[[[-80.035034,43.844381],[-80.035019,43.844413],[-80.035027,43.844459],[-80.035072,43.84448],[-80.035136,43.844482],[-80.035224,43.844437],[-80.035338,43.844355],[-80.035361,43.844315],[-80.035355,43.844281],[-80.035339,43.844264],[-80.035283,43.844256],[-80.035169,43.844275],[-80.03509,43.844322],[-80.035034,43.844381]]]}},{"type":"Feature","properties":{"k":"fairway"},"geometry":{"type":"Polygon","coordinates":[[[-80.035338,43.844355],[-80.035409,43.844311],[-80.035468,43.844288],[-80.035734,43.844277],[-80.035849,43.844238],[-80.036039,43.844207],[-80.036137,43.844147],[-80.036168,43.844121],[-80.036173,43.844101],[-80.036156,43.844082],[-80.036128,43.844074],[-80.036031,43.844081],[-80.035939,43.844103],[-80.035898,43.844106],[-80.035775,43.844085],[-80.035682,43.844086],[-80.035429,43.844171],[-80.035246,43.844183],[-80.035173,43.844196],[-80.035077,43.844248],[-80.035049,43.84428],[-80.035034,43.844381],[-80.0352,43.844394],[-80.035338,43.844355]]]}},{"type":"Feature","properties":{"k":"tee"},"geometry":{"type":"Polygon","coordinates":[[[-80.037141,43.84569],[-80.037106,43.845714],[-80.037093,43.845742],[-80.037097,43.845763],[-80.037114,43.845779],[-80.03714,43.845786],[-80.037179,43.845783],[-80.037231,43.845763],[-80.037271,43.845731],[-80.037276,43.845697],[-80.037245,43.845671],[-80.037184,43.845671],[-80.037141,43.84569]]]}},{"type":"Feature","properties":{"k":"tee"},"geometry":{"type":"Polygon","coordinates":[[[-80.036825,43.845761],[-80.036793,43.845796],[-80.036796,43.845827],[-80.036817,43.845844],[-80.036857,43.845853],[-80.036901,43.845843],[-80.036949,43.845817],[-80.036983,43.845771],[-80.036977,43.845738],[-80.036947,43.84572],[-80.036924,43.845715],[-80.036879,43.845729],[-80.036825,43.845761]]]}},{"type":"Feature","properties":{"k":"tee"},"geometry":{"type":"Polygon","coordinates":[[[-80.03628,43.846213],[-80.036264,43.846252],[-80.036259,43.846297],[-80.036278,43.84635],[-80.036331,43.846373],[-80.036393,43.846369],[-80.036432,43.846333],[-80.03645,43.846267],[-80.036507,43.846156],[-80.036509,43.846125],[-80.036492,43.846095],[-80.036464,43.846077],[-80.036424,43.846071],[-80.036387,43.846082],[-80.03628,43.846213]]]}},{"type":"Feature","properties":{"k":"tee"},"geometry":{"type":"Polygon","coordinates":[[[-80.036295,43.846673],[-80.036207,43.846701],[-80.036193,43.846721],[-80.036204,43.846744],[-80.036254,43.846753],[-80.036335,43.846723],[-80.036345,43.84671],[-80.036342,43.84669],[-80.036333,43.84668],[-80.036295,43.846673]]]}},{"type":"Feature","properties":{"k":"green"},"geometry":{"type":"Polygon","coordinates":[[[-80.032659,43.848748],[-80.032697,43.84878],[-80.032754,43.848791],[-80.032795,43.848782],[-80.032881,43.848737],[-80.032933,43.848698],[-80.032963,43.848654],[-80.032983,43.848593],[-80.032965,43.848557],[-80.032901,43.84853],[-80.032857,43.848528],[-80.032803,43.84854],[-80.032775,43.84856],[-80.032724,43.848638],[-80.032663,43.848697],[-80.032659,43.848748]]]}},{"type":"Feature","properties":{"k":"fairway"},"geometry":{"type":"Polygon","coordinates":[[[-80.032979,43.848616],[-80.032997,43.848575],[-80.033063,43.848545],[-80.033106,43.848538],[-80.03321,43.848548],[-80.033246,43.848537],[-80.033384,43.848426],[-80.03342,43.84841],[-80.033521,43.84839],[-80.033617,43.848332],[-80.033756,43.8482],[-80.033833,43.84815],[-80.034031,43.848044],[-80.034328,43.847812],[-80.034384,43.847746],[-80.034427,43.847652],[-80.03447,43.847606],[-80.034522,43.847576],[-80.034586,43.84756],[-80.034735,43.847552],[-80.034788,43.847542],[-80.034937,43.847474],[-80.035052,43.847374],[-80.035151,43.84732],[-80.035256,43.847289],[-80.035416,43.84729],[-80.035481,43.847283],[-80.035794,43.847139],[-80.03588,43.847092],[-80.035941,43.847051],[-80.035994,43.846999],[-80.036031,43.84691],[-80.036047,43.846767],[-80.036039,43.846744],[-80.035979,43.846666],[-80.035957,43.846652],[-80.035904,43.846642],[-80.035819,43.846652],[-80.035712,43.846684],[-80.035564,43.846763],[-80.03546,43.8468],[-80.035193,43.846833],[-80.035064,43.84688],[-80.034736,43.84696],[-80.034548,43.847037],[-80.034338,43.847166],[-80.034302,43.847197],[-80.034254,43.847279],[-80.034175,43.847387],[-80.034084,43.847549],[-80.034038,43.847667],[-80.034012,43.847698],[-80.03381,43.847862],[-80.03371,43.847931],[-80.033459,43.848005],[-80.033223,43.84812],[-80.032925,43.848468],[-80.032881,43.848501],[-80.032803,43.84854],[-80.032979,43.848616]]]}},{"type":"Feature","properties":{"k":"tee"},"geometry":{"type":"Polygon","coordinates":[[[-80.03224,43.849069],[-80.03228,43.849077],[-80.032334,43.849061],[-80.03235,43.849038],[-80.03234,43.849002],[-80.032286,43.848988],[-80.032254,43.84899],[-80.03222,43.849006],[-80.032208,43.84904],[-80.032224,43.849062],[-80.03224,43.849069]]]}},{"type":"Feature","properties":{"k":"tee"},"geometry":{"type":"Polygon","coordinates":[[[-80.032389,43.849028],[-80.032402,43.849067],[-80.032428,43.849092],[-80.032473,43.849099],[-80.032513,43.849081],[-80.032519,43.849059],[-80.032509,43.849013],[-80.032487,43.84899],[-80.032448,43.848982],[-80.032409,43.848993],[-80.032389,43.849028]]]}},{"type":"Feature","properties":{"k":"tee"},"geometry":{"type":"Polygon","coordinates":[[[-80.032719,43.849163],[-80.032726,43.849193],[-80.032746,43.849212],[-80.032785,43.849223],[-80.032856,43.849222],[-80.032899,43.849215],[-80.032935,43.849194],[-80.032951,43.849143],[-80.032918,43.849112],[-80.032878,43.849104],[-80.032751,43.849129],[-80.032719,43.849163]]]}},{"type":"Feature","properties":{"k":"tee"},"geometry":{"type":"Polygon","coordinates":[[[-80.033066,43.849026],[-80.033073,43.849057],[-80.033126,43.849067],[-80.033207,43.849059],[-80.033234,43.849043],[-80.033239,43.849019],[-80.03322,43.848999],[-80.033163,43.848987],[-80.033081,43.849008],[-80.033066,43.849026]]]}},{"type":"Feature","properties":{"k":"tee"},"geometry":{"type":"Polygon","coordinates":[[[-80.033353,43.848945],[-80.033399,43.848959],[-80.033468,43.848955],[-80.033499,43.848935],[-80.033499,43.848914],[-80.033461,43.848898],[-80.033383,43.8489],[-80.03335,43.848922],[-80.033353,43.848945]]]}},{"type":"Feature","properties":{"k":"green"},"geometry":{"type":"Polygon","coordinates":[[[-80.03585,43.849809],[-80.035908,43.849846],[-80.035936,43.849854],[-80.036036,43.849857],[-80.036153,43.849836],[-80.036177,43.849823],[-80.036192,43.84979],[-80.036171,43.849758],[-80.036102,43.84971],[-80.036012,43.849688],[-80.035932,43.849688],[-80.035868,43.849705],[-80.03582,43.849743],[-80.035825,43.849783],[-80.03585,43.849809]]]}},{"type":"Feature","properties":{"k":"fairway"},"geometry":{"type":"Polygon","coordinates":[[[-80.035837,43.849796],[-80.035777,43.84977],[-80.0357,43.849762],[-80.035653,43.849735],[-80.035531,43.849688],[-80.03534,43.849649],[-80.03524,43.849608],[-80.035167,43.849543],[-80.035129,43.849498],[-80.035064,43.849344],[-80.034999,43.849241],[-80.034969,43.849209],[-80.034889,43.849157],[-80.034737,43.849106],[-80.034578,43.849067],[-80.034465,43.849059],[-80.034235,43.849075],[-80.034204,43.849073],[-80.034156,43.849052],[-80.03411,43.849018],[-80.034077,43.848961],[-80.034088,43.848915],[-80.034156,43.848819],[-80.034238,43.848756],[-80.03433,43.848707],[-80.034441,43.848678],[-80.034586,43.84866],[-80.034796,43.848656],[-80.034931,43.848673],[-80.035106,43.848711],[-80.035174,43.848743],[-80.035239,43.848798],[-80.035309,43.848894],[-80.035317,43.848979],[-80.03533,43.849018],[-80.035471,43.849112],[-80.035522,43.849162],[-80.035532,43.849183],[-80.035539,43.849229],[-80.035512,43.849273],[-80.035447,43.849335],[-80.035421,43.849372],[-80.035412,43.849417],[-80.03542,43.849444],[-80.035451,43.849477],[-80.035507,43.849494],[-80.035534,43.849492],[-80.03565,43.849451],[-80.035678,43.849449],[-80.03574,43.849455],[-80.035785,43.84947],[-80.035805,43.849501],[-80.035812,43.849593],[-80.035863,43.849653],[-80.035932,43.849688],[-80.035837,43.849796]]]}},{"type":"Feature","properties":{"k":"tee"},"geometry":{"type":"Polygon","coordinates":[[[-80.034572,43.849755],[-80.034599,43.84978],[-80.03463,43.849786],[-80.034671,43.849774],[-80.034689,43.849749],[-80.03467,43.849724],[-80.034627,43.84971],[-80.034577,43.849724],[-80.034572,43.849755]]]}},{"type":"Feature","properties":{"k":"tee"},"geometry":{"type":"Polygon","coordinates":[[[-80.034728,43.849829],[-80.03484,43.84989],[-80.034881,43.849894],[-80.034897,43.849885],[-80.0349,43.849859],[-80.034885,43.84984],[-80.034802,43.849795],[-80.034764,43.849788],[-80.034735,43.849795],[-80.034723,43.849809],[-80.034728,43.849829]]]}},{"type":"Feature","properties":{"k":"tee"},"geometry":{"type":"Polygon","coordinates":[[[-80.03495,43.849951],[-80.035044,43.850017],[-80.03507,43.850023],[-80.035103,43.850008],[-80.035111,43.84999],[-80.035105,43.849971],[-80.035,43.849913],[-80.034966,43.849907],[-80.034952,43.849911],[-80.034941,43.849931],[-80.03495,43.849951]]]}},{"type":"Feature","properties":{"k":"tee"},"geometry":{"type":"Polygon","coordinates":[[[-80.035121,43.850075],[-80.035146,43.850108],[-80.035222,43.850146],[-80.035256,43.850145],[-80.035288,43.850119],[-80.035286,43.850098],[-80.035266,43.850076],[-80.035193,43.850039],[-80.035164,43.850037],[-80.035137,43.850047],[-80.035125,43.850055],[-80.035121,43.850075]]]}},{"type":"Feature","properties":{"k":"tee"},"geometry":{"type":"Polygon","coordinates":[[[-80.03553,43.85038],[-80.035554,43.8504],[-80.035612,43.850426],[-80.035658,43.850426],[-80.03567,43.85041],[-80.035653,43.850382],[-80.035581,43.850347],[-80.035535,43.850352],[-80.035527,43.850359],[-80.03553,43.85038]]]}},{"type":"Feature","properties":{"k":"green"},"geometry":{"type":"Polygon","coordinates":[[[-80.039614,43.851514],[-80.039618,43.85162],[-80.039642,43.851664],[-80.039701,43.851689],[-80.039746,43.851689],[-80.039788,43.851676],[-80.039818,43.851653],[-80.039842,43.851619],[-80.039847,43.851553],[-80.039815,43.851489],[-80.03978,43.851452],[-80.039742,43.851419],[-80.039707,43.851405],[-80.039682,43.851403],[-80.039635,43.851413],[-80.039613,43.851438],[-80.039614,43.851514]]]}},{"type":"Feature","properties":{"k":"fairway"},"geometry":{"type":"Polygon","coordinates":[[[-80.039771,43.851444],[-80.039753,43.851403],[-80.03977,43.85134],[-80.039764,43.851253],[-80.039695,43.851117],[-80.039645,43.850957],[-80.039625,43.850921],[-80.039542,43.850852],[-80.039396,43.8508],[-80.039284,43.850779],[-80.039184,43.850783],[-80.039129,43.850796],[-80.038841,43.850899],[-80.038541,43.850945],[-80.038437,43.850948],[-80.038134,43.850921],[-80.037757,43.850851],[-80.037403,43.850758],[-80.037163,43.850681],[-80.036979,43.850651],[-80.036708,43.850586],[-80.036574,43.85058],[-80.03643,43.850596],[-80.03638,43.850595],[-80.036179,43.850539],[-80.036146,43.850544],[-80.036117,43.850559],[-80.03608,43.8506],[-80.036067,43.850657],[-80.036086,43.850703],[-80.0365,43.85099],[-80.036571,43.851019],[-80.036751,43.851075],[-80.037163,43.851259],[-80.037504,43.851391],[-80.037898,43.851439],[-80.038032,43.851445],[-80.038375,43.851432],[-80.038515,43.851415],[-80.038677,43.851375],[-80.038723,43.851353],[-80.038818,43.851282],[-80.038931,43.85117],[-80.03901,43.851118],[-80.039067,43.851103],[-80.039194,43.8511],[-80.039325,43.851114],[-80.039375,43.85113],[-80.039421,43.851163],[-80.039459,43.851197],[-80.039494,43.851244],[-80.03956,43.851347],[-80.039612,43.851451],[-80.039771,43.851444]]]}},{"type":"Feature","properties":{"k":"tee"},"geometry":{"type":"Polygon","coordinates":[[[-80.039571,43.85056],[-80.039594,43.850581],[-80.039646,43.850588],[-80.039669,43.850577],[-80.039678,43.850555],[-80.039673,43.850538],[-80.039653,43.85052],[-80.039621,43.850512],[-80.039581,43.850527],[-80.039571,43.85056]]]}},{"type":"Feature","properties":{"k":"tee"},"geometry":{"type":"Polygon","coordinates":[[[-80.039227,43.850475],[-80.039228,43.850495],[-80.039246,43.850513],[-80.039306,43.850535],[-80.039379,43.850548],[-80.039409,43.85053],[-80.039412,43.85051],[-80.039401,43.850488],[-80.039306,43.850445],[-80.039261,43.850446],[-80.039227,43.850475]]]}},{"type":"Feature","properties":{"k":"tee"},"geometry":{"type":"Polygon","coordinates":[[[-80.038906,43.850417],[-80.038905,43.850429],[-80.038922,43.850449],[-80.03899,43.850489],[-80.039038,43.850489],[-80.039073,43.850464],[-80.039074,43.850438],[-80.039061,43.850417],[-80.038981,43.850384],[-80.03893,43.850387],[-80.038906,43.850417]]]}},{"type":"Feature","properties":{"k":"tee"},"geometry":{"type":"Polygon","coordinates":[[[-80.038739,43.850343],[-80.038785,43.850371],[-80.038839,43.850386],[-80.038865,43.850377],[-80.038877,43.850361],[-80.038872,43.85034],[-80.03886,43.85033],[-80.03878,43.850301],[-80.038741,43.850313],[-80.038739,43.850343]]]}},{"type":"Feature","properties":{"k":"tee"},"geometry":{"type":"Polygon","coordinates":[[[-80.038138,43.850287],[-80.038209,43.850324],[-80.038243,43.850319],[-80.038254,43.850303],[-80.038247,43.850283],[-80.038171,43.850248],[-80.038136,43.850262],[-80.038138,43.850287]]]}},{"type":"Feature","properties":{"k":"green"},"geometry":{"type":"Polygon","coordinates":[[[-80.035768,43.848405],[-80.035808,43.848481],[-80.035842,43.848506],[-80.035887,43.848524],[-80.035937,43.848524],[-80.035989,43.848504],[-80.036027,43.848474],[-80.036046,43.848434],[-80.036044,43.848393],[-80.036012,43.848325],[-80.03596,43.848284],[-80.035883,43.848263],[-80.035838,43.848266],[-80.035786,43.848293],[-80.035764,43.84833],[-80.035768,43.848405]]]}},{"type":"Feature","properties":{"k":"fairway"},"geometry":{"type":"Polygon","coordinates":[[[-80.035798,43.84847],[-80.035861,43.848635],[-80.035944,43.848746],[-80.036032,43.84894],[-80.036123,43.849051],[-80.036213,43.849123],[-80.036314,43.849185],[-80.036358,43.849205],[-80.036481,43.849242],[-80.036568,43.849305],[-80.036664,43.849486],[-80.036719,43.849558],[-80.036933,43.849755],[-80.037194,43.850028],[-80.03723,43.850055],[-80.037309,43.850093],[-80.037431,43.850123],[-80.037748,43.850148],[-80.037811,43.850139],[-80.037853,43.850118],[-80.037886,43.850089],[-80.037891,43.850068],[-80.037888,43.850019],[-80.037869,43.84997],[-80.037787,43.849902],[-80.037599,43.849817],[-80.037545,43.84977],[-80.037467,43.849685],[-80.037373,43.849615],[-80.037352,43.849587],[-80.037254,43.849334],[-80.037194,43.849259],[-80.037143,43.849212],[-80.037073,43.84917],[-80.036911,43.849106],[-80.036803,43.849084],[-80.036699,43.849076],[-80.036631,43.849052],[-80.036562,43.849014],[-80.03652,43.848974],[-80.036511,43.84895],[-80.036511,43.848835],[-80.036469,43.848747],[-80.036393,43.84869],[-80.036323,43.848672],[-80.036233,43.84866],[-80.036163,43.848635],[-80.036054,43.84856],[-80.036018,43.848524],[-80.036016,43.84851],[-80.036039,43.848456],[-80.035798,43.84847]]]}},{"type":"Feature","properties":{"k":"tee"},"geometry":{"type":"Polygon","coordinates":[[[-80.0353,43.84832],[-80.035272,43.848352],[-80.035277,43.848369],[-80.035298,43.84838],[-80.035373,43.848377],[-80.035406,43.848353],[-80.035405,43.848335],[-80.035368,43.848312],[-80.035332,43.848309],[-80.0353,43.84832]]]}},{"type":"Feature","properties":{"k":"tee"},"geometry":{"type":"Polygon","coordinates":[[[-80.034795,43.848152],[-80.034821,43.848191],[-80.03489,43.848234],[-80.034935,43.848231],[-80.034965,43.848202],[-80.034968,43.848179],[-80.034952,43.848156],[-80.034886,43.848118],[-80.034853,43.848115],[-80.034819,43.848124],[-80.034795,43.848152]]]}},{"type":"Feature","properties":{"k":"tee"},"geometry":{"type":"Polygon","coordinates":[[[-80.034708,43.848026],[-80.03472,43.848062],[-80.034748,43.848083],[-80.034778,43.848083],[-80.034808,43.848073],[-80.034844,43.848045],[-80.034843,43.848025],[-80.034829,43.848004],[-80.034798,43.847989],[-80.03475,43.847991],[-80.03472,43.848005],[-80.034708,43.848026]]]}},{"type":"Feature","properties":{"k":"tee"},"geometry":{"type":"Polygon","coordinates":[[[-80.034937,43.848412],[-80.035102,43.848475],[-80.035141,43.848473],[-80.035153,43.848458],[-80.035153,43.848447],[-80.035135,43.848433],[-80.034989,43.848378],[-80.034944,43.848381],[-80.034932,43.848396],[-80.034937,43.848412]]]}},{"type":"Feature","properties":{"k":"tee"},"geometry":{"type":"Polygon","coordinates":[[[-80.035606,43.848078],[-80.035575,43.848094],[-80.035555,43.848117],[-80.035558,43.848151],[-80.035586,43.848165],[-80.035642,43.848142],[-80.035662,43.848123],[-80.035669,43.848102],[-80.035655,43.848083],[-80.035606,43.848078]]]}},{"type":"Feature","properties":{"k":"green"},"geometry":{"type":"Polygon","coordinates":[[[-80.036079,43.847707],[-80.036056,43.847777],[-80.036061,43.847844],[-80.036104,43.847888],[-80.036135,43.847897],[-80.036176,43.847896],[-80.036215,43.847866],[-80.036218,43.847841],[-80.036205,43.847793],[-80.036212,43.847762],[-80.036329,43.847659],[-80.03636,43.847611],[-80.036365,43.847556],[-80.036351,43.847507],[-80.036325,43.847475],[-80.036294,43.847458],[-80.036235,43.847455],[-80.036199,43.847472],[-80.036163,43.847504],[-80.0361,43.847609],[-80.036079,43.847707]]]}},{"type":"Feature","properties":{"k":"tee"},"geometry":{"type":"Polygon","coordinates":[[[-80.037298,43.848513],[-80.037351,43.848557],[-80.037406,43.848559],[-80.037454,43.848534],[-80.037484,43.848494],[-80.03749,43.848471],[-80.037474,43.848448],[-80.037444,43.848427],[-80.037382,43.848423],[-80.037345,43.848435],[-80.037312,43.848458],[-80.037294,43.848485],[-80.037298,43.848513]]]}},{"type":"Feature","properties":{"k":"tee"},"geometry":{"type":"Polygon","coordinates":[[[-80.037052,43.84781],[-80.037036,43.847873],[-80.037053,43.847892],[-80.037083,43.847907],[-80.03713,43.847912],[-80.037174,43.847897],[-80.037193,43.847869],[-80.037195,43.84783],[-80.037172,43.847779],[-80.037135,43.847763],[-80.037087,43.847769],[-80.03706,43.847791],[-80.037052,43.84781]]]}},{"type":"Feature","properties":{"k":"tee"},"geometry":{"type":"Polygon","coordinates":[[[-80.037081,43.847585],[-80.037064,43.847637],[-80.03707,43.847688],[-80.037092,43.847702],[-80.037149,43.847701],[-80.037176,43.847688],[-80.037194,43.847664],[-80.037194,43.847587],[-80.037173,43.847568],[-80.037139,43.84756],[-80.037106,43.847568],[-80.037081,43.847585]]]}},{"type":"Feature","properties":{"k":"tee"},"geometry":{"type":"Polygon","coordinates":[[[-80.03712,43.84737],[-80.037118,43.847443],[-80.037139,43.847457],[-80.037169,43.847459],[-80.037194,43.847443],[-80.037199,43.84743],[-80.037209,43.84737],[-80.037202,43.847341],[-80.037179,43.847325],[-80.037148,43.847328],[-80.03712,43.84737]]]}},{"type":"Feature","properties":{"k":"tee"},"geometry":{"type":"Polygon","coordinates":[[[-80.037128,43.847138],[-80.037107,43.847215],[-80.037117,43.847235],[-80.037158,43.847245],[-80.037196,43.847226],[-80.037232,43.847127],[-80.037214,43.847107],[-80.03718,43.847101],[-80.03715,43.847113],[-80.037128,43.847138]]]}},{"type":"Feature","properties":{"k":"green"},"geometry":{"type":"Polygon","coordinates":[[[-80.038168,43.844552],[-80.038207,43.844571],[-80.038235,43.844608],[-80.03824,43.844634],[-80.038217,43.844679],[-80.038132,43.844738],[-80.038088,43.844756],[-80.038016,43.844761],[-80.037977,43.844751],[-80.037965,43.844727],[-80.037964,43.844643],[-80.037986,43.84458],[-80.038023,43.844557],[-80.038092,43.844538],[-80.038168,43.844552]]]}},{"type":"Feature","properties":{"k":"fairway"},"geometry":{"type":"Polygon","coordinates":[[[-80.038223,43.844693],[-80.03828,43.844651],[-80.03829,43.844622],[-80.038241,43.844539],[-80.038212,43.844512],[-80.038168,43.844505],[-80.038082,43.844517],[-80.037949,43.844543],[-80.037899,43.844569],[-80.037879,43.844618],[-80.037919,43.84469],[-80.037914,43.844724],[-80.037843,43.844823],[-80.03783,43.844878],[-80.037789,43.844916],[-80.037746,43.844986],[-80.037563,43.845227],[-80.037476,43.845393],[-80.037384,43.845598],[-80.037335,43.845818],[-80.037341,43.845842],[-80.037401,43.845922],[-80.037436,43.845993],[-80.037452,43.846058],[-80.037446,43.846098],[-80.037418,43.846134],[-80.037355,43.846188],[-80.037336,43.846284],[-80.037324,43.846306],[-80.037259,43.846373],[-80.037203,43.846406],[-80.037167,43.84644],[-80.037136,43.846524],[-80.03713,43.846591],[-80.037151,43.846763],[-80.037241,43.846971],[-80.037298,43.847024],[-80.037389,43.847065],[-80.037421,43.847066],[-80.0375,43.847047],[-80.037641,43.846967],[-80.037744,43.846884],[-80.037799,43.846805],[-80.037804,43.846757],[-80.037779,43.846677],[-80.037776,43.846589],[-80.037853,43.846423],[-80.037936,43.846298],[-80.037969,43.846179],[-80.037952,43.846026],[-80.037894,43.845746],[-80.037898,43.845664],[-80.037859,43.845521],[-80.03786,43.845422],[-80.037883,43.845352],[-80.037982,43.845173],[-80.038001,43.845119],[-80.038003,43.845047],[-80.037985,43.844932],[-80.038007,43.844902],[-80.038041,43.844878],[-80.03809,43.844788],[-80.038223,43.844693]]]}},{"type":"Feature","properties":{"k":"tee"},"geometry":{"type":"Polygon","coordinates":[[[-80.038945,43.845554],[-80.038982,43.845609],[-80.038999,43.845669],[-80.039026,43.845701],[-80.039117,43.845734],[-80.039175,43.845725],[-80.039189,43.845697],[-80.039181,43.845684],[-80.039104,43.845623],[-80.039046,43.845522],[-80.039023,43.845514],[-80.038972,43.845517],[-80.03895,43.845528],[-80.038945,43.845554]]]}},{"type":"Feature","properties":{"k":"tee"},"geometry":{"type":"Polygon","coordinates":[[[-80.039283,43.845766],[-80.039309,43.845802],[-80.03938,43.845841],[-80.03942,43.845842],[-80.039451,43.845831],[-80.039459,43.84582],[-80.039447,43.845784],[-80.039345,43.845739],[-80.0393,43.84574],[-80.039283,43.845766]]]}},{"type":"Feature","properties":{"k":"tee"},"geometry":{"type":"Polygon","coordinates":[[[-80.039543,43.845908],[-80.039529,43.845942],[-80.039557,43.845997],[-80.039614,43.846028],[-80.039651,43.846026],[-80.039663,43.846007],[-80.039632,43.845969],[-80.039575,43.845918],[-80.039543,43.845908]]]}},{"type":"Feature","properties":{"k":"tee"},"geometry":{"type":"Polygon","coordinates":[[[-80.039582,43.846687],[-80.039554,43.84671],[-80.039552,43.846721],[-80.039565,43.846747],[-80.039583,43.846752],[-80.03962,43.846748],[-80.039643,43.846735],[-80.039678,43.846697],[-80.039677,43.846688],[-80.039647,43.846672],[-80.039603,43.846676],[-80.039582,43.846687]]]}},{"type":"Feature","properties":{"k":"green"},"geometry":{"type":"Polygon","coordinates":[[[-80.038154,43.848183],[-80.038115,43.848254],[-80.03811,43.848287],[-80.038131,43.848314],[-80.038151,43.848323],[-80.038235,43.848328],[-80.038302,43.848293],[-80.038386,43.848228],[-80.038404,43.84819],[-80.038404,43.84815],[-80.038382,43.848109],[-80.038345,43.848074],[-80.038297,43.848049],[-80.038269,43.848045],[-80.038212,43.84806],[-80.038176,43.84809],[-80.038154,43.848183]]]}},{"type":"Feature","properties":{"k":"fairway"},"geometry":{"type":"Polygon","coordinates":[[[-80.038398,43.848139],[-80.038376,43.848074],[-80.038386,43.848038],[-80.038428,43.847964],[-80.038435,43.847908],[-80.038408,43.847827],[-80.038397,43.847722],[-80.038335,43.84752],[-80.038316,43.847488],[-80.038282,43.847457],[-80.038193,43.847428],[-80.03806,43.847404],[-80.038026,43.847404],[-80.037995,43.847418],[-80.037981,43.847436],[-80.03797,43.847482],[-80.037973,43.847508],[-80.038,43.847543],[-80.038007,43.847567],[-80.037995,43.847626],[-80.037997,43.847674],[-80.038029,43.847793],[-80.038086,43.847894],[-80.038123,43.847999],[-80.03817,43.848058],[-80.038168,43.848113],[-80.038398,43.848139]]]}},{"type":"Feature","properties":{"k":"fairway"},"geometry":{"type":"Polygon","coordinates":[[[-80.038637,43.847678],[-80.038669,43.847854],[-80.038686,43.847889],[-80.038722,43.847931],[-80.038748,43.84795],[-80.03881,43.847956],[-80.038855,43.847951],[-80.038946,43.847921],[-80.039007,43.84786],[-80.039053,43.847788],[-80.039113,43.847629],[-80.039175,43.847508],[-80.039209,43.847464],[-80.039314,43.847364],[-80.039387,43.847245],[-80.039429,43.847194],[-80.039481,43.847155],[-80.039576,43.847107],[-80.039825,43.847024],[-80.039889,43.846972],[-80.0399,43.84695],[-80.039897,43.846905],[-80.039878,43.846882],[-80.039808,43.846843],[-80.039718,43.846814],[-80.039411,43.846787],[-80.039358,43.846789],[-80.039311,43.846797],[-80.039061,43.846931],[-80.038962,43.847],[-80.038865,43.84705],[-80.038807,43.847112],[-80.038741,43.847253],[-80.038705,43.84731],[-80.038673,43.84735],[-80.038612,43.847399],[-80.038598,43.847422],[-80.038602,43.847469],[-80.038616,43.847494],[-80.03863,43.847571],[-80.038637,43.847678]]]}},{"type":"Feature","properties":{"k":"tee"},"geometry":{"type":"Polygon","coordinates":[[[-80.037057,43.848072],[-80.037061,43.848106],[-80.037097,43.848128],[-80.03715,43.848127],[-80.037184,43.84811],[-80.037185,43.848057],[-80.037158,43.84804],[-80.037096,43.848042],[-80.037063,43.84806],[-80.037057,43.848072]]]}},{"type":"Feature","properties":{"k":"tee"},"geometry":{"type":"Polygon","coordinates":[[[-80.037119,43.848276],[-80.037181,43.848373],[-80.03721,43.8484],[-80.037241,43.848416],[-80.037258,43.848422],[-80.0373,43.848415],[-80.037364,43.848368],[-80.037363,43.848336],[-80.037293,43.848272],[-80.03726,43.848213],[-80.037235,43.848189],[-80.037194,43.848177],[-80.037134,43.848192],[-80.037113,43.848216],[-80.037119,43.848276]]]}},{"type":"Feature","properties":{"k":"tee"},"geometry":{"type":"Polygon","coordinates":[[[-80.037539,43.8487],[-80.037603,43.848743],[-80.037696,43.848784],[-80.037739,43.848772],[-80.037767,43.848738],[-80.037766,43.848714],[-80.037752,43.848695],[-80.037661,43.848643],[-80.037615,43.84863],[-80.037575,43.848634],[-80.037549,43.848653],[-80.037534,43.848676],[-80.037539,43.8487]]]}},{"type":"Feature","properties":{"k":"tee"},"geometry":{"type":"Polygon","coordinates":[[[-80.037826,43.848868],[-80.037894,43.848903],[-80.037935,43.848911],[-80.03797,43.848892],[-80.037991,43.848868],[-80.037991,43.848835],[-80.037955,43.84881],[-80.037862,43.848789],[-80.037835,43.848799],[-80.037817,43.848819],[-80.037813,43.848847],[-80.037826,43.848868]]]}},{"type":"Feature","properties":{"k":"tee"},"geometry":{"type":"Polygon","coordinates":[[[-80.038229,43.849153],[-80.038251,43.849173],[-80.038306,43.849194],[-80.03835,43.849187],[-80.038365,43.849168],[-80.038362,43.849157],[-80.038335,43.849137],[-80.038283,43.849119],[-80.038234,43.849125],[-80.038229,43.849153]]]}},{"type":"Feature","properties":{"k":"green"},"geometry":{"type":"Polygon","coordinates":[[[-80.041536,43.849762],[-80.041641,43.849851],[-80.041692,43.849873],[-80.04173,43.849872],[-80.041759,43.84986],[-80.041784,43.849842],[-80.041801,43.849814],[-80.041803,43.849788],[-80.041792,43.849756],[-80.041659,43.849618],[-80.04161,43.849597],[-80.041544,43.849601],[-80.041512,43.84962],[-80.041492,43.849647],[-80.041483,43.849683],[-80.041489,43.849714],[-80.041536,43.849762]]]}},{"type":"Feature","properties":{"k":"fairway"},"geometry":{"type":"Polygon","coordinates":[[[-80.041549,43.849773],[-80.041501,43.849738],[-80.041284,43.849688],[-80.041126,43.84963],[-80.040986,43.849587],[-80.040855,43.849557],[-80.040624,43.84945],[-80.040533,43.849431],[-80.040444,43.849442],[-80.040351,43.849469],[-80.040112,43.849582],[-80.040024,43.849603],[-80.039881,43.849614],[-80.039657,43.849585],[-80.039543,43.849582],[-80.039506,43.849586],[-80.039378,43.849632],[-80.039268,43.849656],[-80.039194,43.849656],[-80.039106,43.849645],[-80.039007,43.849624],[-80.038876,43.849573],[-80.038731,43.849483],[-80.038555,43.849393],[-80.038509,43.849353],[-80.0385,43.849316],[-80.038508,43.849285],[-80.038536,43.849244],[-80.038585,43.849222],[-80.03879,43.849215],[-80.038953,43.849195],[-80.039043,43.849193],[-80.039237,43.849212],[-80.039562,43.849196],[-80.039766,43.849218],[-80.039878,43.84921],[-80.040368,43.849028],[-80.040461,43.84901],[-80.040536,43.849015],[-80.040662,43.84905],[-80.040799,43.8491],[-80.041083,43.849229],[-80.041217,43.849316],[-80.041449,43.849506],[-80.041659,43.849618],[-80.041549,43.849773]]]}},{"type":"Feature","properties":{"k":"bunker"},"geometry":{"type":"Polygon","coordinates":[[[-80.042494,43.847097],[-80.042508,43.847112],[-80.042498,43.847143],[-80.042529,43.847158],[-80.042554,43.847154],[-80.042571,43.847133],[-80.042587,43.847087],[-80.042562,43.847045],[-80.042542,43.847063],[-80.04254,43.847084],[-80.042522,43.847092],[-80.042506,43.847062],[-80.042485,43.847054],[-80.042483,43.847034],[-80.042417,43.847014],[-80.04242,43.847086],[-80.042494,43.847097]]]}},{"type":"Feature","properties":{"k":"bunker"},"geometry":{"type":"Polygon","coordinates":[[[-80.042587,43.847087],[-80.042619,43.847051],[-80.042676,43.847065],[-80.042706,43.847091],[-80.042784,43.84709],[-80.042807,43.847074],[-80.04282,43.847023],[-80.042852,43.847023],[-80.042849,43.847014],[-80.042836,43.847007],[-80.042787,43.847011],[-80.042756,43.846997],[-80.042724,43.847002],[-80.042612,43.846978],[-80.042602,43.846993],[-80.042566,43.846989],[-80.042561,43.847007],[-80.042574,43.847025],[-80.042562,43.847045],[-80.042587,43.847087]]]}},{"type":"Feature","properties":{"k":"bunker"},"geometry":{"type":"Polygon","coordinates":[[[-80.042561,43.847007],[-80.042566,43.846989],[-80.042558,43.846978],[-80.042518,43.846953],[-80.042524,43.846934],[-80.042437,43.846928],[-80.042437,43.846956],[-80.04241,43.84699],[-80.042417,43.847014],[-80.042483,43.847034],[-80.04252,43.847013],[-80.042561,43.847007]]]}},{"type":"Feature","properties":{"k":"bunker"},"geometry":{"type":"Polygon","coordinates":[[[-80.042437,43.846928],[-80.04254,43.846934],[-80.042612,43.846978],[-80.042712,43.846997],[-80.042706,43.84699],[-80.042721,43.846978],[-80.042782,43.846981],[-80.042804,43.846972],[-80.04276,43.846915],[-80.042715,43.846884],[-80.0427,43.846881],[-80.042693,43.84689],[-80.042722,43.846903],[-80.042717,43.846916],[-80.042701,43.846916],[-80.042657,43.846897],[-80.042656,43.846881],[-80.042676,43.846874],[-80.04266,43.846871],[-80.042635,43.846876],[-80.042585,43.846867],[-80.042567,43.846892],[-80.04254,43.846891],[-80.042496,43.846843],[-80.042518,43.846762],[-80.042495,43.846742],[-80.042465,43.846731],[-80.042432,43.84675],[-80.042449,43.846787],[-80.04243,43.846791],[-80.04241,43.846781],[-80.042414,43.84683],[-80.042376,43.846847],[-80.042364,43.846875],[-80.042365,43.84689],[-80.042382,43.846904],[-80.042428,43.846917],[-80.042437,43.846928]]]}},{"type":"Feature","properties":{"k":"bunker"},"geometry":{"type":"Polygon","coordinates":[[[-80.042181,43.8467],[-80.04219,43.846729],[-80.042217,43.846758],[-80.042254,43.846761],[-80.042282,43.846748],[-80.042292,43.846674],[-80.042268,43.846652],[-80.042239,43.846647],[-80.042225,43.846658],[-80.042196,43.846651],[-80.042178,43.846675],[-80.042181,43.8467]]]}},{"type":"Feature","properties":{"k":"bunker"},"geometry":{"type":"Polygon","coordinates":[[[-80.042002,43.846568],[-80.042038,43.846597],[-80.042079,43.846592],[-80.042104,43.846575],[-80.042107,43.846564],[-80.042072,43.846519],[-80.042064,43.84647],[-80.042054,43.846464],[-80.042026,43.846462],[-80.042012,43.84647],[-80.041977,43.846532],[-80.04196,43.846542],[-80.041971,43.846556],[-80.042002,43.846568]]]}},{"type":"Feature","properties":{"k":"bunker"},"geometry":{"type":"Polygon","coordinates":[[[-80.04176,43.846495],[-80.041754,43.846521],[-80.041781,43.846552],[-80.041808,43.84655],[-80.041849,43.846508],[-80.041849,43.846484],[-80.041826,43.846468],[-80.041785,43.846472],[-80.04176,43.846495]]]}},{"type":"Feature","properties":{"k":"bunker"},"geometry":{"type":"Polygon","coordinates":[[[-80.041591,43.846251],[-80.041589,43.846274],[-80.041618,43.846319],[-80.041679,43.84633],[-80.041709,43.846284],[-80.041665,43.846261],[-80.041652,43.846236],[-80.041653,43.846212],[-80.041607,43.84619],[-80.041583,43.846192],[-80.041549,43.846221],[-80.041547,43.846231],[-80.041562,43.846246],[-80.041591,43.846251]]]}},{"type":"Feature","properties":{"k":"bunker"},"geometry":{"type":"Polygon","coordinates":[[[-80.03959,43.845021],[-80.039611,43.845057],[-80.039684,43.845091],[-80.039745,43.845088],[-80.039778,43.845071],[-80.039777,43.845039],[-80.039735,43.845036],[-80.039724,43.845025],[-80.039736,43.84502],[-80.039724,43.845009],[-80.039687,43.844993],[-80.039663,43.845026],[-80.039626,43.845017],[-80.039638,43.84495],[-80.039621,43.844899],[-80.039606,43.844899],[-80.039606,43.844915],[-80.039569,43.844913],[-80.039573,43.844886],[-80.039531,43.84489],[-80.039553,43.84491],[-80.039552,43.844919],[-80.039537,43.844926],[-80.039515,43.844922],[-80.039515,43.844935],[-80.039531,43.844939],[-80.039592,43.845005],[-80.03959,43.845021]]]}},{"type":"Feature","properties":{"k":"bunker"},"geometry":{"type":"Polygon","coordinates":[[[-80.039857,43.845822],[-80.039856,43.845849],[-80.039838,43.845877],[-80.039851,43.84589],[-80.039918,43.845904],[-80.039983,43.845901],[-80.040036,43.84588],[-80.040051,43.845863],[-80.040063,43.845843],[-80.040071,43.845784],[-80.040061,43.845766],[-80.03998,43.84573],[-80.039925,43.845723],[-80.039889,43.845693],[-80.039857,43.845651],[-80.039851,43.845612],[-80.039804,43.845587],[-80.039768,43.845553],[-80.03975,43.845513],[-80.039743,43.845459],[-80.039719,43.845425],[-80.039697,43.845416],[-80.039676,43.84542],[-80.039661,43.845427],[-80.039647,43.84545],[-80.039617,43.845461],[-80.039531,43.845427],[-80.03944,43.845419],[-80.039433,43.845431],[-80.039451,43.845455],[-80.039484,43.845469],[-80.039517,43.845461],[-80.03953,43.845468],[-80.039532,43.845481],[-80.039502,43.845499],[-80.039456,43.845512],[-80.039443,43.845524],[-80.039425,43.845565],[-80.039423,43.845582],[-80.039433,43.845595],[-80.039481,43.845613],[-80.039536,43.845605],[-80.039551,43.845595],[-80.039546,43.845571],[-80.039575,43.845555],[-80.039626,43.845595],[-80.039626,43.845622],[-80.039644,43.845677],[-80.039637,43.845721],[-80.039654,43.84574],[-80.039757,43.845794],[-80.03981,43.845784],[-80.03982,43.845773],[-80.039806,43.845767],[-80.039816,43.845757],[-80.039838,43.845753],[-80.039855,43.845761],[-80.039857,43.845822]]]}},{"type":"Feature","properties":{"k":"bunker"},"geometry":{"type":"Polygon","coordinates":[[[-80.04055,43.8465],[-80.040582,43.846528],[-80.040635,43.846526],[-80.040653,43.846513],[-80.040656,43.846475],[-80.040625,43.846449],[-80.040568,43.846453],[-80.040553,43.846464],[-80.04055,43.8465]]]}},{"type":"Feature","properties":{"k":"bunker"},"geometry":{"type":"Polygon","coordinates":[[[-80.040552,43.84641],[-80.04071,43.846417],[-80.040723,43.846372],[-80.040695,43.846354],[-80.040661,43.846347],[-80.040636,43.846372],[-80.040573,43.846369],[-80.040552,43.846381],[-80.040536,43.846403],[-80.040552,43.84641]]]}},{"type":"Feature","properties":{"k":"bunker"},"geometry":{"type":"Polygon","coordinates":[[[-80.040487,43.846306],[-80.040487,43.846328],[-80.040503,43.846336],[-80.040542,43.84634],[-80.040588,43.846333],[-80.040609,43.846326],[-80.040618,43.846309],[-80.040618,43.846269],[-80.040583,43.846249],[-80.040532,43.846255],[-80.040514,43.84629],[-80.040487,43.846306]]]}},{"type":"Feature","properties":{"k":"bunker"},"geometry":{"type":"Polygon","coordinates":[[[-80.040383,43.846261],[-80.040407,43.84628],[-80.040431,43.846279],[-80.040468,43.846269],[-80.040487,43.846243],[-80.040463,43.846218],[-80.040413,43.846215],[-80.040385,43.846229],[-80.040383,43.846261]]]}},{"type":"Feature","properties":{"k":"bunker"},"geometry":{"type":"Polygon","coordinates":[[[-80.040465,43.846177],[-80.040509,43.846204],[-80.04053,43.846207],[-80.040578,43.84619],[-80.040581,43.846166],[-80.040562,43.846147],[-80.040484,43.84615],[-80.040465,43.846124],[-80.040447,43.846118],[-80.040419,43.846123],[-80.040402,43.84615],[-80.040412,43.846174],[-80.040428,43.846181],[-80.040465,43.846177]]]}},{"type":"Feature","properties":{"k":"bunker"},"geometry":{"type":"Polygon","coordinates":[[[-80.041723,43.847009],[-80.041725,43.847051],[-80.041742,43.847053],[-80.04187,43.847017],[-80.041896,43.847023],[-80.041953,43.84701],[-80.04195,43.846981],[-80.041969,43.846984],[-80.041985,43.846997],[-80.041986,43.847013],[-80.041957,43.847054],[-80.042013,43.847055],[-80.042008,43.847067],[-80.041988,43.847072],[-80.041981,43.847086],[-80.041994,43.847097],[-80.042052,43.847104],[-80.042079,43.84708],[-80.042112,43.847076],[-80.042175,43.847038],[-80.042217,43.846985],[-80.042216,43.846971],[-80.042193,43.846962],[-80.042159,43.846961],[-80.042143,43.846945],[-80.042124,43.846949],[-80.042108,43.846977],[-80.042081,43.846975],[-80.04204,43.846952],[-80.041935,43.846942],[-80.041892,43.846921],[-80.041863,43.846915],[-80.041831,43.846969],[-80.041809,43.846974],[-80.041744,43.846951],[-80.04173,43.846974],[-80.04175,43.846981],[-80.041757,43.846995],[-80.041746,43.847008],[-80.041723,43.847009]]]}},{"type":"Feature","properties":{"k":"bunker"},"geometry":{"type":"Polygon","coordinates":[[[-80.041725,43.847051],[-80.041622,43.847039],[-80.041608,43.847028],[-80.041605,43.847015],[-80.041659,43.847033],[-80.041679,43.847025],[-80.041671,43.847003],[-80.041644,43.846997],[-80.041624,43.846984],[-80.041662,43.846986],[-80.04168,43.846949],[-80.041744,43.846951],[-80.04173,43.846974],[-80.041709,43.846975],[-80.041698,43.846986],[-80.041707,43.847009],[-80.041723,43.847009],[-80.041725,43.847051]]]}},{"type":"Feature","properties":{"k":"bunker"},"geometry":{"type":"Polygon","coordinates":[[[-80.036102,43.84333],[-80.036077,43.843349],[-80.036077,43.843368],[-80.03611,43.843401],[-80.036129,43.843405],[-80.036179,43.84338],[-80.036214,43.843336],[-80.036238,43.843328],[-80.036301,43.843324],[-80.036354,43.843304],[-80.036364,43.843288],[-80.036312,43.84324],[-80.036308,43.843222],[-80.036338,43.843214],[-80.036452,43.843231],[-80.036472,43.843225],[-80.036496,43.843201],[-80.036495,43.843182],[-80.03648,43.843164],[-80.03645,43.843157],[-80.036413,43.843156],[-80.036362,43.843171],[-80.036336,43.843164],[-80.036335,43.843088],[-80.036321,43.843068],[-80.036303,43.84306],[-80.036284,43.843073],[-80.036279,43.843092],[-80.036295,43.843135],[-80.036292,43.843155],[-80.036268,43.843164],[-80.036217,43.843164],[-80.036154,43.843139],[-80.036112,43.843113],[-80.036106,43.843098],[-80.036157,43.843074],[-80.03617,43.843059],[-80.036175,43.843025],[-80.036157,43.842999],[-80.036128,43.842987],[-80.036108,43.842963],[-80.036072,43.842971],[-80.03601,43.843004],[-80.035879,43.843042],[-80.035888,43.843079],[-80.035926,43.843076],[-80.035937,43.843084],[-80.035935,43.843097],[-80.035922,43.843105],[-80.035955,43.84314],[-80.036006,43.843132],[-80.036083,43.843134],[-80.036099,43.843151],[-80.036112,43.843192],[-80.036093,43.843222],[-80.036048,43.843217],[-80.035961,43.843182],[-80.035958,43.843197],[-80.036067,43.843243],[-80.036012,43.843247],[-80.036002,43.843256],[-80.036026,43.843272],[-80.036068,43.843272],[-80.036108,43.843288],[-80.036112,43.84331],[-80.036102,43.84333]]]}},{"type":"Feature","properties":{"k":"bunker"},"geometry":{"type":"Polygon","coordinates":[[[-80.035958,43.843197],[-80.035961,43.843182],[-80.035931,43.843166],[-80.035933,43.843155],[-80.035955,43.84314],[-80.035922,43.843105],[-80.035894,43.843117],[-80.035858,43.843117],[-80.035844,43.843109],[-80.035852,43.843096],[-80.035888,43.843079],[-80.035879,43.843042],[-80.035808,43.843044],[-80.03573,43.843021],[-80.035707,43.843024],[-80.035692,43.843035],[-80.035692,43.843047],[-80.035731,43.843069],[-80.035729,43.843085],[-80.035694,43.843106],[-80.035687,43.84312],[-80.035698,43.84313],[-80.035772,43.843158],[-80.035902,43.843178],[-80.035958,43.843197]]]}},{"type":"Feature","properties":{"k":"bunker"},"geometry":{"type":"Polygon","coordinates":[[[-80.034508,43.842129],[-80.034514,43.842158],[-80.034528,43.842166],[-80.034572,43.842172],[-80.034643,43.842155],[-80.034702,43.842118],[-80.03473,43.842111],[-80.034783,43.842111],[-80.034826,43.842119],[-80.03489,43.842134],[-80.034904,43.842145],[-80.034944,43.842131],[-80.034966,43.842136],[-80.034984,43.84216],[-80.035001,43.84216],[-80.035014,43.842144],[-80.03501,43.84213],[-80.03496,43.8421],[-80.034877,43.84207],[-80.034743,43.842039],[-80.034654,43.841973],[-80.034629,43.841968],[-80.034552,43.841972],[-80.034511,43.841961],[-80.034507,43.841906],[-80.034495,43.841897],[-80.034446,43.841898],[-80.034368,43.841936],[-80.034347,43.841936],[-80.034329,43.841928],[-80.034306,43.841863],[-80.034284,43.841848],[-80.034255,43.841837],[-80.034149,43.841819],[-80.034079,43.841791],[-80.034003,43.841782],[-80.033992,43.84179],[-80.034025,43.841823],[-80.034027,43.841837],[-80.034013,43.841854],[-80.034057,43.841888],[-80.034128,43.84191],[-80.034183,43.841909],[-80.03419,43.841951],[-80.03422,43.841955],[-80.034248,43.841943],[-80.034272,43.841952],[-80.034313,43.841975],[-80.034316,43.841994],[-80.034411,43.842009],[-80.034449,43.842052],[-80.034519,43.842073],[-80.034589,43.842074],[-80.034602,43.842081],[-80.034599,43.842123],[-80.03458,43.842132],[-80.034508,43.842129]]]}},{"type":"Feature","properties":{"k":"bunker"},"geometry":{"type":"Polygon","coordinates":[[[-80.03479,43.842567],[-80.034827,43.842535],[-80.03486,43.842519],[-80.034869,43.842492],[-80.034862,43.84248],[-80.034824,43.842478],[-80.03478,43.842462],[-80.034757,43.842463],[-80.034765,43.842494],[-80.034754,43.842503],[-80.034736,43.842502],[-80.034689,43.842464],[-80.034665,43.842515],[-80.034692,43.842519],[-80.034703,43.842534],[-80.034704,43.842543],[-80.034681,43.84254],[-80.034681,43.842551],[-80.03472,43.84256],[-80.034722,43.842569],[-80.034705,43.842577],[-80.034717,43.842584],[-80.034737,43.842583],[-80.034753,43.842567],[-80.03479,43.842567]]]}},{"type":"Feature","properties":{"k":"bunker"},"geometry":{"type":"Polygon","coordinates":[[[-80.034972,43.84266],[-80.034989,43.84268],[-80.035044,43.842671],[-80.035066,43.84265],[-80.035065,43.842626],[-80.034998,43.842603],[-80.034971,43.842574],[-80.034948,43.842565],[-80.034913,43.84257],[-80.03492,43.842593],[-80.034913,43.842603],[-80.034895,43.842608],[-80.03485,43.842603],[-80.03485,43.842608],[-80.034879,43.842614],[-80.034881,43.84263],[-80.034848,43.84263],[-80.034839,43.842636],[-80.034879,43.842641],[-80.034884,43.842666],[-80.034902,43.842677],[-80.034929,43.842684],[-80.034944,43.842677],[-80.034907,43.842659],[-80.0349,43.842638],[-80.034933,43.84264],[-80.034972,43.84266]]]}},{"type":"Feature","properties":{"k":"bunker"},"geometry":{"type":"Polygon","coordinates":[[[-80.032923,43.841305],[-80.032967,43.841265],[-80.033068,43.841252],[-80.033197,43.841295],[-80.033248,43.841295],[-80.03345,43.841356],[-80.033478,43.841357],[-80.033485,43.841346],[-80.033474,43.841328],[-80.033458,43.84132],[-80.033317,43.841273],[-80.033139,43.841235],[-80.033075,43.8412],[-80.033021,43.841201],[-80.032953,43.841179],[-80.03289,43.841174],[-80.03288,43.841156],[-80.032892,43.841137],[-80.032891,43.841121],[-80.032864,43.841098],[-80.032703,43.841043],[-80.032548,43.841012],[-80.03255,43.841133],[-80.032585,43.841136],[-80.032606,43.841161],[-80.0326,43.841177],[-80.032573,43.841198],[-80.032553,43.841206],[-80.032515,43.841206],[-80.032506,43.841221],[-80.032694,43.84129],[-80.032719,43.841294],[-80.032797,43.841287],[-80.032817,43.841292],[-80.032853,43.841318],[-80.032878,43.841361],[-80.032903,43.841358],[-80.032903,43.841334],[-80.032923,43.841305]]]}},{"type":"Feature","properties":{"k":"bunker"},"geometry":{"type":"Polygon","coordinates":[[[-80.032506,43.841221],[-80.03242,43.841207],[-80.032318,43.841215],[-80.032216,43.841198],[-80.032218,43.841182],[-80.032241,43.84117],[-80.032219,43.841138],[-80.032243,43.841132],[-80.032279,43.841069],[-80.032277,43.841056],[-80.032255,43.841044],[-80.032286,43.840936],[-80.032411,43.840982],[-80.032548,43.841012],[-80.03255,43.841133],[-80.032514,43.841134],[-80.032504,43.841107],[-80.03248,43.841099],[-80.032466,43.841107],[-80.032458,43.841125],[-80.032473,43.841189],[-80.032515,43.841206],[-80.032506,43.841221]]]}},{"type":"Feature","properties":{"k":"bunker"},"geometry":{"type":"Polygon","coordinates":[[[-80.032286,43.840936],[-80.032119,43.840881],[-80.032078,43.840944],[-80.032167,43.840998],[-80.032168,43.841016],[-80.032145,43.841023],[-80.03203,43.84098],[-80.032022,43.840948],[-80.031999,43.84094],[-80.03199,43.840954],[-80.032014,43.840991],[-80.03215,43.841051],[-80.032169,43.841075],[-80.032178,43.841181],[-80.032216,43.841198],[-80.032218,43.841182],[-80.032194,43.841165],[-80.032207,43.841152],[-80.032223,43.841151],[-80.032219,43.841138],[-80.032191,43.841124],[-80.032189,43.841101],[-80.032224,43.841048],[-80.032255,43.841044],[-80.032286,43.840936]]]}},{"type":"Feature","properties":{"k":"bunker"},"geometry":{"type":"Polygon","coordinates":[[[-80.030217,43.840629],[-80.03021,43.840684],[-80.030179,43.840696],[-80.030088,43.840682],[-80.030052,43.840696],[-80.030043,43.840689],[-80.030051,43.840666],[-80.030043,43.840653],[-80.030026,43.840659],[-80.030024,43.840675],[-80.029997,43.840679],[-80.029992,43.840659],[-80.029979,43.840658],[-80.029897,43.840671],[-80.029898,43.840621],[-80.029942,43.84062],[-80.029944,43.840604],[-80.02991,43.84059],[-80.02987,43.840593],[-80.029832,43.840558],[-80.029847,43.840539],[-80.029832,43.840513],[-80.029834,43.840498],[-80.029868,43.840489],[-80.030013,43.840563],[-80.030153,43.840599],[-80.030216,43.840603],[-80.030217,43.840629]]]}},{"type":"Feature","properties":{"k":"bunker"},"geometry":{"type":"Polygon","coordinates":[[[-80.029897,43.840671],[-80.029833,43.840677],[-80.02978,43.840699],[-80.029738,43.840689],[-80.02971,43.840702],[-80.029677,43.84069],[-80.029662,43.840702],[-80.029652,43.8407],[-80.02964,43.840679],[-80.029594,43.840687],[-80.029583,43.840682],[-80.02959,43.840671],[-80.029569,43.840659],[-80.029555,43.840665],[-80.029519,43.840662],[-80.02949,43.840649],[-80.029464,43.840624],[-80.029458,43.840583],[-80.029469,43.840565],[-80.029528,43.840534],[-80.029642,43.840543],[-80.029655,43.840539],[-80.029678,43.840501],[-80.029707,43.840491],[-80.029725,43.840493],[-80.029747,43.840504],[-80.029768,43.84056],[-80.029803,43.840567],[-80.029832,43.840558],[-80.02987,43.840593],[-80.029828,43.840609],[-80.029822,43.840634],[-80.029847,43.840636],[-80.029898,43.840621],[-80.029897,43.840671]]]}},{"type":"Feature","properties":{"k":"bunker"},"geometry":{"type":"Polygon","coordinates":[[[-80.028015,43.840652],[-80.02803,43.840659],[-80.028038,43.840703],[-80.028054,43.840714],[-80.028089,43.840705],[-80.028085,43.84068],[-80.028046,43.840646],[-80.028029,43.840606],[-80.028065,43.840566],[-80.02806,43.840529],[-80.027926,43.840461],[-80.027886,43.840385],[-80.027891,43.840344],[-80.027879,43.840311],[-80.027827,43.840298],[-80.027809,43.840284],[-80.027785,43.840306],[-80.02775,43.840295],[-80.02765,43.840376],[-80.027668,43.840388],[-80.02767,43.840409],[-80.027658,43.840418],[-80.02764,43.840417],[-80.027662,43.840464],[-80.02769,43.840473],[-80.027692,43.840483],[-80.027673,43.840503],[-80.02767,43.840546],[-80.027703,43.840547],[-80.027712,43.84061],[-80.027745,43.840626],[-80.027772,43.84062],[-80.027795,43.840595],[-80.02782,43.840536],[-80.02784,43.84053],[-80.027877,43.840543],[-80.027894,43.840594],[-80.027888,43.840624],[-80.027847,43.840657],[-80.027852,43.840682],[-80.027883,43.840693],[-80.027903,43.840687],[-80.027928,43.840663],[-80.028015,43.840652]]]}},{"type":"Feature","properties":{"k":"bunker"},"geometry":{"type":"Polygon","coordinates":[[[-80.02775,43.840295],[-80.027727,43.840281],[-80.02768,43.840294],[-80.027661,43.840261],[-80.027608,43.840207],[-80.027555,43.840178],[-80.027529,43.840192],[-80.027548,43.84021],[-80.027538,43.840228],[-80.027505,43.840225],[-80.027383,43.84026],[-80.027383,43.840275],[-80.027361,43.840289],[-80.0273,43.840291],[-80.027336,43.840312],[-80.027358,43.840315],[-80.027419,43.840308],[-80.027485,43.840291],[-80.027507,43.840291],[-80.027532,43.840303],[-80.027544,43.84032],[-80.027542,43.840344],[-80.02758,43.840349],[-80.027551,43.840363],[-80.027487,43.840353],[-80.027471,43.84036],[-80.027459,43.840385],[-80.027467,43.840412],[-80.027476,43.840428],[-80.027503,43.840445],[-80.027587,43.840463],[-80.027597,43.840472],[-80.027574,43.84049],[-80.027601,43.840514],[-80.027614,43.840539],[-80.027645,43.840546],[-80.02767,43.840546],[-80.027673,43.840503],[-80.027644,43.840496],[-80.027632,43.840479],[-80.027638,43.840468],[-80.027662,43.840464],[-80.02764,43.840417],[-80.027614,43.840414],[-80.027599,43.840392],[-80.027627,43.840372],[-80.02765,43.840376],[-80.02775,43.840295]]]}},{"type":"Feature","properties":{"k":"bunker"},"geometry":{"type":"Polygon","coordinates":[[[-80.027529,43.840192],[-80.027555,43.840178],[-80.027499,43.840153],[-80.027473,43.840157],[-80.027477,43.840206],[-80.02746,43.840228],[-80.027431,43.840211],[-80.027385,43.840139],[-80.027373,43.84013],[-80.027351,43.840127],[-80.027315,43.840145],[-80.02729,43.840173],[-80.027307,43.840192],[-80.027289,43.840208],[-80.027294,43.840222],[-80.027281,43.840243],[-80.027289,43.840281],[-80.0273,43.840291],[-80.027329,43.840286],[-80.027306,43.840257],[-80.027316,43.840236],[-80.027356,43.840243],[-80.027383,43.84026],[-80.027505,43.840225],[-80.027496,43.840205],[-80.027503,43.840195],[-80.027529,43.840192]]]}},{"type":"Feature","properties":{"k":"bunker"},"geometry":{"type":"Polygon","coordinates":[[[-80.028726,43.84285],[-80.028734,43.84287],[-80.028777,43.8429],[-80.028791,43.842908],[-80.028819,43.842907],[-80.028824,43.842876],[-80.028817,43.842841],[-80.028829,43.842832],[-80.028857,43.842843],[-80.028865,43.842839],[-80.028858,43.842823],[-80.028871,43.842814],[-80.028857,43.842793],[-80.028838,43.842787],[-80.028818,43.842787],[-80.028789,43.842802],[-80.028767,43.842789],[-80.028836,43.842768],[-80.02881,43.842763],[-80.028733,43.842793],[-80.02872,43.842827],[-80.028726,43.84285]]]}},{"type":"Feature","properties":{"k":"bunker"},"geometry":{"type":"Polygon","coordinates":[[[-80.028559,43.843053],[-80.028574,43.843071],[-80.028575,43.843089],[-80.028614,43.843088],[-80.028615,43.843071],[-80.028633,43.84307],[-80.028622,43.843014],[-80.028632,43.843005],[-80.028671,43.843012],[-80.028692,43.843031],[-80.02872,43.843018],[-80.028723,43.842999],[-80.028677,43.842978],[-80.028682,43.842946],[-80.028668,43.842931],[-80.028655,43.842927],[-80.028623,43.842939],[-80.028582,43.842943],[-80.028579,43.842968],[-80.028554,43.842993],[-80.02855,43.84301],[-80.028545,43.843048],[-80.028559,43.843053]]]}},{"type":"Feature","properties":{"k":"bunker"},"geometry":{"type":"Polygon","coordinates":[[[-80.028253,43.843389],[-80.028274,43.843403],[-80.028286,43.843403],[-80.028288,43.843385],[-80.028332,43.843378],[-80.028326,43.843363],[-80.028303,43.843347],[-80.028302,43.843334],[-80.028319,43.843317],[-80.028358,43.843316],[-80.0284,43.843342],[-80.028414,43.843332],[-80.028378,43.843308],[-80.02838,43.8433],[-80.028398,43.843305],[-80.028414,43.843291],[-80.028338,43.843257],[-80.028331,43.843233],[-80.028323,43.84323],[-80.028304,43.843246],[-80.02828,43.84324],[-80.028285,43.843216],[-80.028242,43.84322],[-80.028206,43.843243],[-80.028183,43.843241],[-80.02814,43.843248],[-80.028123,43.843256],[-80.028121,43.843267],[-80.028133,43.8433],[-80.028122,43.843307],[-80.02808,43.84331],[-80.028081,43.843355],[-80.028073,43.843362],[-80.028088,43.843382],[-80.028209,43.843383],[-80.028239,43.843367],[-80.028257,43.843379],[-80.028253,43.843389]]]}},{"type":"Feature","properties":{"k":"bunker"},"geometry":{"type":"Polygon","coordinates":[[[-80.028274,43.843403],[-80.028261,43.843409],[-80.028273,43.843433],[-80.028203,43.84343],[-80.028199,43.843438],[-80.028244,43.84347],[-80.028248,43.843499],[-80.028265,43.843507],[-80.028263,43.843522],[-80.028248,43.843511],[-80.028228,43.843514],[-80.028176,43.843487],[-80.028164,43.843461],[-80.028126,43.843458],[-80.028104,43.843471],[-80.028074,43.843457],[-80.028088,43.843382],[-80.028209,43.843383],[-80.02822,43.843401],[-80.028233,43.843404],[-80.028253,43.843389],[-80.028274,43.843403]]]}},{"type":"Feature","properties":{"k":"bunker"},"geometry":{"type":"Polygon","coordinates":[[[-80.028228,43.843514],[-80.02819,43.843518],[-80.028175,43.843508],[-80.028152,43.843514],[-80.028148,43.843525],[-80.028161,43.843531],[-80.028156,43.843539],[-80.028126,43.843537],[-80.028133,43.843574],[-80.028118,43.843573],[-80.028107,43.843547],[-80.028084,43.843564],[-80.028071,43.84356],[-80.028109,43.843538],[-80.02811,43.843529],[-80.028077,43.843482],[-80.028074,43.843457],[-80.028104,43.843471],[-80.028105,43.843493],[-80.028116,43.843501],[-80.028137,43.843504],[-80.028167,43.843496],[-80.028176,43.843487],[-80.028228,43.843514]]]}},{"type":"Feature","properties":{"k":"bunker"},"geometry":{"type":"Polygon","coordinates":[[[-80.027236,43.844123],[-80.027247,43.844135],[-80.027289,43.844142],[-80.027323,43.844097],[-80.027279,43.844074],[-80.027251,43.844005],[-80.027224,43.843968],[-80.0272,43.843832],[-80.027204,43.843815],[-80.027213,43.843802],[-80.027242,43.843803],[-80.02729,43.843766],[-80.027323,43.843758],[-80.027344,43.843734],[-80.027375,43.843726],[-80.027379,43.843697],[-80.027402,43.843678],[-80.027429,43.843684],[-80.027437,43.843712],[-80.02746,43.843719],[-80.027484,43.843702],[-80.02749,43.843689],[-80.02748,43.843642],[-80.027497,43.843639],[-80.027521,43.84365],[-80.027541,43.843641],[-80.027538,43.843609],[-80.027565,43.843602],[-80.027572,43.843577],[-80.027551,43.843555],[-80.027534,43.843569],[-80.027518,43.843573],[-80.027505,43.843567],[-80.027519,43.843487],[-80.027545,43.843471],[-80.027581,43.843422],[-80.027627,43.843412],[-80.027659,43.843346],[-80.027677,43.843332],[-80.027674,43.843321],[-80.027664,43.843321],[-80.027665,43.843282],[-80.027641,43.843268],[-80.027614,43.843278],[-80.027599,43.843334],[-80.027512,43.843405],[-80.027487,43.843444],[-80.027438,43.843468],[-80.027374,43.843521],[-80.027361,43.843537],[-80.027378,43.843566],[-80.02737,43.843573],[-80.027333,43.843574],[-80.027307,43.843592],[-80.027306,43.84362],[-80.027326,43.843638],[-80.027316,43.843665],[-80.027304,43.843671],[-80.02725,43.843665],[-80.027238,43.843674],[-80.027242,43.843717],[-80.027233,43.843728],[-80.027182,43.843747],[-80.027138,43.843747],[-80.027136,43.843763],[-80.027077,43.843808],[-80.027095,43.843832],[-80.02714,43.843839],[-80.027151,43.84386],[-80.027146,43.84387],[-80.027131,43.843874],[-80.027063,43.843863],[-80.02704,43.843868],[-80.027016,43.843891],[-80.02703,43.843925],[-80.027126,43.843962],[-80.027181,43.843998],[-80.027236,43.844123]]]}},{"type":"Feature","properties":{"k":"bunker"},"geometry":{"type":"Polygon","coordinates":[[[-80.027987,43.84434],[-80.027974,43.844369],[-80.027997,43.844377],[-80.028026,43.844359],[-80.028049,43.844319],[-80.028102,43.8443],[-80.028156,43.844291],[-80.028197,43.844263],[-80.028179,43.844216],[-80.028181,43.844207],[-80.028203,43.844197],[-80.028193,43.844182],[-80.028184,43.844185],[-80.028167,43.844175],[-80.02817,43.844164],[-80.028195,43.844158],[-80.028197,43.844125],[-80.028172,43.844119],[-80.028168,43.844097],[-80.02818,43.844077],[-80.028162,43.844065],[-80.028148,43.844137],[-80.028082,43.844208],[-80.028079,43.844283],[-80.027987,43.84434]]]}},{"type":"Feature","properties":{"k":"bunker"},"geometry":{"type":"Polygon","coordinates":[[[-80.028162,43.844065],[-80.028169,43.844011],[-80.028183,43.843982],[-80.028216,43.843971],[-80.028259,43.843981],[-80.028278,43.843975],[-80.02828,43.843967],[-80.028232,43.843943],[-80.028231,43.843933],[-80.028236,43.843923],[-80.028274,43.8439],[-80.028287,43.843852],[-80.028313,43.843848],[-80.02832,43.843855],[-80.028322,43.843865],[-80.028296,43.843893],[-80.028296,43.843902],[-80.028316,43.843911],[-80.028345,43.8439],[-80.028353,43.843877],[-80.028373,43.84386],[-80.028399,43.843867],[-80.028402,43.843898],[-80.028415,43.843902],[-80.028448,43.843888],[-80.028482,43.84385],[-80.028503,43.843842],[-80.028596,43.843852],[-80.028654,43.843847],[-80.028736,43.843811],[-80.028801,43.843794],[-80.028844,43.843768],[-80.028964,43.843672],[-80.029003,43.843615],[-80.02905,43.843583],[-80.029214,43.843528],[-80.029244,43.843523],[-80.029299,43.843539],[-80.029344,43.843533],[-80.029414,43.843489],[-80.029487,43.843509],[-80.029491,43.843526],[-80.029359,43.843548],[-80.029299,43.843586],[-80.029196,43.84361],[-80.029163,43.843632],[-80.029156,43.843657],[-80.029122,43.843674],[-80.029078,43.843711],[-80.029041,43.843715],[-80.028988,43.843704],[-80.028973,43.843707],[-80.028949,43.843759],[-80.028922,43.843773],[-80.028875,43.843819],[-80.028775,43.843838],[-80.028755,43.84387],[-80.02865,43.843895],[-80.02864,43.843902],[-80.028648,43.843923],[-80.028638,43.84393],[-80.028592,43.843934],[-80.028549,43.843971],[-80.028485,43.843997],[-80.02848,43.844033],[-80.028466,43.844056],[-80.028405,43.84404],[-80.028391,43.844047],[-80.028384,43.844056],[-80.028388,43.844074],[-80.028419,43.844088],[-80.028388,43.844123],[-80.028351,43.844127],[-80.02831,43.844116],[-80.028265,43.844147],[-80.028234,43.844181],[-80.028203,43.844197],[-80.028193,43.844182],[-80.02821,43.844168],[-80.028195,43.844158],[-80.028197,43.844125],[-80.028221,43.844118],[-80.028227,43.844082],[-80.028205,43.844063],[-80.02818,43.844077],[-80.028162,43.844065]]]}},{"type":"Feature","properties":{"k":"bunker"},"geometry":{"type":"Polygon","coordinates":[[[-80.030843,43.843272],[-80.030915,43.843283],[-80.030953,43.843276],[-80.030964,43.843266],[-80.030969,43.843231],[-80.030996,43.843219],[-80.030995,43.843206],[-80.030983,43.843202],[-80.030991,43.843187],[-80.031053,43.843151],[-80.031106,43.843153],[-80.031138,43.843173],[-80.031166,43.843179],[-80.031186,43.843173],[-80.031217,43.843126],[-80.031204,43.843095],[-80.031144,43.843079],[-80.031012,43.843086],[-80.030886,43.8431],[-80.030801,43.843129],[-80.030826,43.843195],[-80.030842,43.843197],[-80.030856,43.843219],[-80.030842,43.843252],[-80.030843,43.843272]]]}},{"type":"Feature","properties":{"k":"bunker"},"geometry":{"type":"Polygon","coordinates":[[[-80.032074,43.843403],[-80.032096,43.843439],[-80.032136,43.843464],[-80.032157,43.843471],[-80.032173,43.843468],[-80.032182,43.84344],[-80.032162,43.843413],[-80.032102,43.843352],[-80.032041,43.843331],[-80.032043,43.843317],[-80.032022,43.843314],[-80.032014,43.84332],[-80.031993,43.8433],[-80.031973,43.843301],[-80.031948,43.843309],[-80.03195,43.843321],[-80.031938,43.84333],[-80.031882,43.843336],[-80.031852,43.84335],[-80.031871,43.843377],[-80.03189,43.843389],[-80.03193,43.843396],[-80.031997,43.843395],[-80.03204,43.843374],[-80.032059,43.843377],[-80.032074,43.843403]]]}},{"type":"Feature","properties":{"k":"bunker"},"geometry":{"type":"Polygon","coordinates":[[[-80.03063,43.842911],[-80.030651,43.842927],[-80.030678,43.842932],[-80.030732,43.842926],[-80.030804,43.842887],[-80.030877,43.842874],[-80.030954,43.842883],[-80.031063,43.842909],[-80.031097,43.84291],[-80.031198,43.842863],[-80.0312,43.842816],[-80.031182,43.842798],[-80.031129,43.842778],[-80.031063,43.842791],[-80.030976,43.842773],[-80.03083,43.842708],[-80.030796,43.842703],[-80.030639,43.842643],[-80.030448,43.842585],[-80.030152,43.842516],[-80.030066,43.842481],[-80.030051,43.842498],[-80.030099,43.842522],[-80.030066,43.842541],[-80.030022,43.842537],[-80.030006,43.842564],[-80.030169,43.842542],[-80.030252,43.84256],[-80.030297,43.84258],[-80.030346,43.842621],[-80.03037,43.842654],[-80.03039,43.842757],[-80.030417,43.842796],[-80.030587,43.842849],[-80.030609,43.842865],[-80.03063,43.842911]]]}},{"type":"Feature","properties":{"k":"bunker"},"geometry":{"type":"Polygon","coordinates":[[[-80.030066,43.842481],[-80.030018,43.842462],[-80.029927,43.842441],[-80.029902,43.84241],[-80.029887,43.84241],[-80.029889,43.842433],[-80.029853,43.842442],[-80.029858,43.842457],[-80.029901,43.842461],[-80.029912,43.842467],[-80.029915,43.842488],[-80.029886,43.842511],[-80.029854,43.842507],[-80.029848,43.842523],[-80.029929,43.842533],[-80.029972,43.842525],[-80.029981,43.842543],[-80.029955,43.842545],[-80.029969,43.84256],[-80.030006,43.842564],[-80.030022,43.842537],[-80.029994,43.842519],[-80.029983,43.842494],[-80.030011,43.842488],[-80.030051,43.842498],[-80.030066,43.842481]]]}},{"type":"Feature","properties":{"k":"bunker"},"geometry":{"type":"Polygon","coordinates":[[[-80.029853,43.842442],[-80.02982,43.84243],[-80.029793,43.842367],[-80.029761,43.842338],[-80.029734,43.842335],[-80.029738,43.842353],[-80.029731,43.842358],[-80.029708,43.842352],[-80.029701,43.842341],[-80.029682,43.842341],[-80.029669,43.842349],[-80.029663,43.842373],[-80.029625,43.842383],[-80.029626,43.842399],[-80.029645,43.842406],[-80.029675,43.842384],[-80.029689,43.842386],[-80.02971,43.842415],[-80.029701,43.842438],[-80.029627,43.842441],[-80.029637,43.842468],[-80.029684,43.842465],[-80.029703,43.842452],[-80.029732,43.842455],[-80.029745,43.842506],[-80.029756,43.84251],[-80.029804,43.842506],[-80.029807,43.842518],[-80.029848,43.842523],[-80.029854,43.842507],[-80.029825,43.842499],[-80.029814,43.842483],[-80.029835,43.842458],[-80.029858,43.842457],[-80.029853,43.842442]]]}},{"type":"Feature","properties":{"k":"bunker"},"geometry":{"type":"Polygon","coordinates":[[[-80.030973,43.841508],[-80.030997,43.841538],[-80.031042,43.841565],[-80.03106,43.841559],[-80.031074,43.841571],[-80.031103,43.841573],[-80.031128,43.841567],[-80.031142,43.841554],[-80.031104,43.841512],[-80.031036,43.841476],[-80.031001,43.841481],[-80.030973,43.841508]]]}},{"type":"Feature","properties":{"k":"bunker"},"geometry":{"type":"Polygon","coordinates":[[[-80.030888,43.84141],[-80.030932,43.84146],[-80.030968,43.84147],[-80.030975,43.841438],[-80.030995,43.841425],[-80.030987,43.84142],[-80.030991,43.841405],[-80.031028,43.841417],[-80.031029,43.841411],[-80.030995,43.841388],[-80.031,43.84138],[-80.030987,43.841366],[-80.03096,43.841356],[-80.030912,43.841323],[-80.030896,43.841322],[-80.030877,43.841327],[-80.03087,43.841369],[-80.030888,43.84141]]]}},{"type":"Feature","properties":{"k":"bunker"},"geometry":{"type":"Polygon","coordinates":[[[-80.032368,43.842241],[-80.032451,43.842196],[-80.032439,43.842165],[-80.032452,43.842148],[-80.032485,43.842136],[-80.032514,43.842146],[-80.032551,43.842116],[-80.032495,43.842112],[-80.032465,43.842092],[-80.032368,43.842053],[-80.032333,43.842022],[-80.032268,43.842002],[-80.032233,43.842017],[-80.032194,43.842061],[-80.032161,43.842061],[-80.032147,43.842053],[-80.032122,43.842007],[-80.032123,43.84198],[-80.03211,43.841953],[-80.031958,43.841904],[-80.031837,43.841848],[-80.031814,43.841857],[-80.031822,43.841881],[-80.031907,43.841942],[-80.031915,43.841958],[-80.031946,43.841967],[-80.032029,43.841966],[-80.032072,43.841986],[-80.032113,43.842069],[-80.032205,43.842139],[-80.032368,43.842241]]]}},{"type":"Feature","properties":{"k":"bunker"},"geometry":{"type":"Polygon","coordinates":[[[-80.032551,43.842116],[-80.03264,43.842146],[-80.032707,43.842146],[-80.032728,43.842153],[-80.032745,43.842172],[-80.032738,43.842194],[-80.032725,43.842201],[-80.032683,43.842211],[-80.032616,43.842243],[-80.032532,43.842237],[-80.032488,43.842242],[-80.032502,43.842267],[-80.032573,43.842308],[-80.032542,43.842325],[-80.032368,43.842241],[-80.032451,43.842196],[-80.032551,43.842116]]]}},{"type":"Feature","properties":{"k":"bunker"},"geometry":{"type":"Polygon","coordinates":[[[-80.0329,43.842365],[-80.032955,43.842338],[-80.0329,43.842298],[-80.032781,43.842267],[-80.032682,43.842283],[-80.032669,43.84231],[-80.032653,43.84232],[-80.03259,43.842316],[-80.032573,43.842308],[-80.032542,43.842325],[-80.032627,43.842403],[-80.032674,43.842416],[-80.03273,43.842445],[-80.032789,43.842459],[-80.032819,43.842419],[-80.032768,43.842406],[-80.032753,43.842395],[-80.032749,43.842382],[-80.032758,43.842371],[-80.032827,43.842358],[-80.0329,43.842365]]]}},{"type":"Feature","properties":{"k":"bunker"},"geometry":{"type":"Polygon","coordinates":[[[-80.033164,43.842681],[-80.033238,43.842642],[-80.033162,43.842553],[-80.033081,43.842432],[-80.033017,43.842402],[-80.032955,43.842338],[-80.0329,43.842365],[-80.032945,43.842402],[-80.032933,43.842442],[-80.032896,43.842443],[-80.032819,43.842419],[-80.032789,43.842459],[-80.032902,43.842507],[-80.032931,43.842529],[-80.032956,43.842609],[-80.033069,43.842716],[-80.0331,43.842706],[-80.033086,43.842685],[-80.033107,43.842667],[-80.033151,43.842672],[-80.033164,43.842681]]]}},{"type":"Feature","properties":{"k":"bunker"},"geometry":{"type":"Polygon","coordinates":[[[-80.033265,43.842748],[-80.03333,43.842717],[-80.033288,43.842691],[-80.033238,43.842642],[-80.033164,43.842681],[-80.03318,43.842713],[-80.033168,43.842728],[-80.0331,43.842706],[-80.033069,43.842716],[-80.033182,43.842747],[-80.033203,43.842772],[-80.033224,43.842764],[-80.033211,43.842752],[-80.033215,43.84273],[-80.033237,43.842729],[-80.033265,43.842748]]]}},{"type":"Feature","properties":{"k":"bunker"},"geometry":{"type":"Polygon","coordinates":[[[-80.03333,43.842717],[-80.033401,43.842783],[-80.033463,43.842816],[-80.033482,43.842846],[-80.033387,43.842894],[-80.033351,43.842891],[-80.033316,43.842879],[-80.033282,43.842843],[-80.033272,43.842814],[-80.033219,43.842789],[-80.033203,43.842772],[-80.033224,43.842764],[-80.033248,43.842783],[-80.033277,43.842783],[-80.033265,43.842748],[-80.03333,43.842717]]]}},{"type":"Feature","properties":{"k":"bunker"},"geometry":{"type":"Polygon","coordinates":[[[-80.035228,43.843346],[-80.035267,43.84335],[-80.035309,43.843373],[-80.035329,43.843371],[-80.035337,43.843356],[-80.035312,43.843318],[-80.035335,43.843314],[-80.035344,43.843325],[-80.035362,43.843323],[-80.035358,43.843301],[-80.035327,43.843293],[-80.035271,43.843294],[-80.035229,43.843272],[-80.035197,43.843275],[-80.035197,43.843317],[-80.035228,43.843346]]]}},{"type":"Feature","properties":{"k":"bunker"},"geometry":{"type":"Polygon","coordinates":[[[-80.035425,43.843725],[-80.035435,43.843776],[-80.035465,43.843804],[-80.035511,43.843813],[-80.035553,43.843803],[-80.035565,43.843778],[-80.035558,43.843765],[-80.035489,43.843739],[-80.035477,43.84371],[-80.035493,43.843677],[-80.035458,43.843662],[-80.035436,43.843634],[-80.035406,43.843623],[-80.035379,43.843627],[-80.035297,43.843612],[-80.035259,43.843625],[-80.035209,43.843615],[-80.035192,43.843622],[-80.035171,43.843652],[-80.035179,43.843671],[-80.035196,43.843675],[-80.035262,43.843655],[-80.035303,43.843655],[-80.035394,43.843684],[-80.035414,43.843699],[-80.035425,43.843725]]]}},{"type":"Feature","properties":{"k":"bunker"},"geometry":{"type":"Polygon","coordinates":[[[-80.036306,43.844228],[-80.036207,43.844228],[-80.036202,43.844219],[-80.036219,43.84421],[-80.036197,43.844197],[-80.036047,43.844273],[-80.036053,43.844338],[-80.036096,43.844329],[-80.036106,43.844335],[-80.036111,43.844361],[-80.036126,43.844379],[-80.036149,43.844387],[-80.036177,43.844378],[-80.036187,43.844369],[-80.036199,43.844296],[-80.036211,43.844273],[-80.03624,43.844274],[-80.036244,43.844282],[-80.036271,43.844278],[-80.036274,43.844263],[-80.036294,43.844263],[-80.036306,43.844228]]]}},{"type":"Feature","properties":{"k":"bunker"},"geometry":{"type":"Polygon","coordinates":[[[-80.036244,43.844282],[-80.036275,43.844357],[-80.0363,43.844319],[-80.036322,43.844328],[-80.036376,43.844314],[-80.036363,43.844272],[-80.036374,43.844271],[-80.036398,43.844298],[-80.036418,43.844304],[-80.036443,43.844299],[-80.036449,43.844286],[-80.036433,43.844275],[-80.036406,43.844274],[-80.036399,43.844268],[-80.036417,43.844255],[-80.036358,43.844228],[-80.036306,43.844228],[-80.036294,43.844263],[-80.036308,43.844277],[-80.036303,43.844291],[-80.036292,43.844291],[-80.036271,43.844278],[-80.036244,43.844282]]]}},{"type":"Feature","properties":{"k":"bunker"},"geometry":{"type":"Polygon","coordinates":[[[-80.036047,43.844273],[-80.03588,43.844294],[-80.035833,43.844337],[-80.035847,43.844356],[-80.035873,43.844346],[-80.035884,43.84435],[-80.035882,43.844364],[-80.03587,43.844369],[-80.035926,43.844389],[-80.035934,43.844382],[-80.035943,43.844384],[-80.03594,43.844397],[-80.035962,43.844412],[-80.035974,43.844389],[-80.035976,43.844339],[-80.03601,43.84433],[-80.036053,43.844338],[-80.036047,43.844273]]]}},{"type":"Feature","properties":{"k":"bunker"},"geometry":{"type":"Polygon","coordinates":[[[-80.035833,43.844337],[-80.035744,43.844357],[-80.035707,43.844344],[-80.035662,43.844314],[-80.035646,43.844314],[-80.035589,43.844343],[-80.035505,43.844335],[-80.035472,43.844344],[-80.035486,43.844359],[-80.035526,43.844356],[-80.035545,43.844373],[-80.035539,43.844395],[-80.035521,43.844413],[-80.035532,43.844456],[-80.035593,43.844439],[-80.035676,43.844429],[-80.035699,43.84441],[-80.035766,43.844401],[-80.035778,43.844404],[-80.035753,43.844433],[-80.035756,43.844442],[-80.035778,43.844448],[-80.035822,43.844438],[-80.035841,43.844459],[-80.035864,43.84446],[-80.035878,43.844449],[-80.035887,43.844423],[-80.035932,43.844424],[-80.035962,43.844412],[-80.03594,43.844397],[-80.035921,43.844405],[-80.035915,43.8444],[-80.035926,43.844389],[-80.03587,43.844369],[-80.035839,43.844377],[-80.035815,43.844374],[-80.035847,43.844356],[-80.035833,43.844337]]]}},{"type":"Feature","properties":{"k":"bunker"},"geometry":{"type":"Polygon","coordinates":[[[-80.035532,43.844456],[-80.035452,43.844499],[-80.035326,43.844625],[-80.035315,43.844608],[-80.035349,43.844566],[-80.035316,43.84455],[-80.035301,43.844534],[-80.035299,43.844475],[-80.035318,43.844454],[-80.035376,43.844455],[-80.035407,43.844443],[-80.035419,43.84442],[-80.035416,43.844375],[-80.035472,43.844344],[-80.035486,43.844359],[-80.03546,43.844379],[-80.035453,43.844418],[-80.035474,43.844433],[-80.035521,43.844413],[-80.035532,43.844456]]]}},{"type":"Feature","properties":{"k":"bunker"},"geometry":{"type":"Polygon","coordinates":[[[-80.036314,43.845993],[-80.036199,43.846145],[-80.036167,43.846311],[-80.036156,43.84633],[-80.03608,43.846366],[-80.036018,43.846378],[-80.03597,43.846374],[-80.035951,43.846403],[-80.035826,43.846445],[-80.035811,43.846463],[-80.035802,43.84651],[-80.035782,43.846533],[-80.035748,43.846554],[-80.035626,43.846589],[-80.035591,43.846575],[-80.035602,43.84654],[-80.035569,43.846478],[-80.035519,43.846438],[-80.035495,43.846431],[-80.035403,43.846469],[-80.035379,43.846505],[-80.035267,43.846514],[-80.035245,43.846464],[-80.035228,43.84645],[-80.035204,43.846444],[-80.035152,43.846454],[-80.035138,43.846443],[-80.035207,43.846402],[-80.035459,43.846223],[-80.035493,43.846222],[-80.0356,43.846259],[-80.035604,43.846277],[-80.035584,43.846309],[-80.035571,43.846367],[-80.035575,43.846387],[-80.035609,43.846396],[-80.035646,43.84639],[-80.035718,43.846356],[-80.035782,43.846288],[-80.035844,43.846258],[-80.035854,43.846239],[-80.035849,43.84622],[-80.036001,43.846246],[-80.036028,43.84626],[-80.03609,43.846255],[-80.036118,43.846244],[-80.036146,43.846196],[-80.036147,43.846135],[-80.036134,43.846117],[-80.036105,43.846109],[-80.036108,43.846046],[-80.036155,43.845979],[-80.036195,43.845955],[-80.036261,43.845954],[-80.036316,43.845976],[-80.036314,43.845993]]]}},{"type":"Feature","properties":{"k":"bunker"},"geometry":{"type":"Polygon","coordinates":[[[-80.035626,43.846589],[-80.035484,43.846668],[-80.03543,43.84671],[-80.035366,43.846712],[-80.035302,43.846697],[-80.035227,43.846735],[-80.035199,43.846741],[-80.035157,43.846733],[-80.035122,43.846736],[-80.035045,43.846772],[-80.034985,43.846816],[-80.034943,43.846816],[-80.034909,43.846802],[-80.034873,43.84681],[-80.034856,43.846823],[-80.034798,43.846818],[-80.034766,43.846831],[-80.034638,43.84685],[-80.034605,43.846853],[-80.034575,43.846843],[-80.034589,43.846818],[-80.034824,43.846666],[-80.035138,43.846443],[-80.035152,43.846454],[-80.035126,43.846479],[-80.035131,43.846515],[-80.035145,43.846531],[-80.035189,43.846537],[-80.035207,43.846558],[-80.035251,43.84658],[-80.035266,43.846576],[-80.035281,43.846547],[-80.035267,43.846514],[-80.035379,43.846505],[-80.035393,43.846548],[-80.035447,43.846572],[-80.03547,43.846566],[-80.035527,43.84658],[-80.035568,43.846582],[-80.035591,43.846575],[-80.035626,43.846589]]]}},{"type":"Feature","properties":{"k":"bunker"},"geometry":{"type":"Polygon","coordinates":[[[-80.035326,43.847383],[-80.035304,43.847373],[-80.035299,43.847352],[-80.035286,43.84734],[-80.035241,43.847319],[-80.035159,43.847348],[-80.035092,43.847383],[-80.035076,43.847396],[-80.035041,43.847459],[-80.035067,43.847477],[-80.035105,43.84748],[-80.035121,43.847446],[-80.035138,43.847441],[-80.035187,43.847449],[-80.035187,43.847423],[-80.035227,43.847396],[-80.035239,43.847376],[-80.035263,43.84738],[-80.035254,43.847403],[-80.035261,43.847409],[-80.03527,43.847396],[-80.035285,43.84739],[-80.035312,43.847397],[-80.035326,43.847392],[-80.035326,43.847383]]]}},{"type":"Feature","properties":{"k":"bunker"},"geometry":{"type":"Polygon","coordinates":[[[-80.034597,43.84762],[-80.034579,43.847606],[-80.03461,43.847598],[-80.034678,43.847601],[-80.034713,43.84761],[-80.034785,43.847593],[-80.034838,43.847571],[-80.034853,43.847542],[-80.034867,43.847536],[-80.034914,43.847544],[-80.034932,43.847573],[-80.034967,43.847576],[-80.03497,43.847587],[-80.03496,43.847615],[-80.034931,43.847629],[-80.034886,43.847638],[-80.034885,43.847625],[-80.034917,43.847615],[-80.034898,43.847605],[-80.034875,43.847609],[-80.034841,43.84765],[-80.034841,43.847671],[-80.034811,43.847682],[-80.034798,43.847652],[-80.034758,43.847649],[-80.034723,43.847702],[-80.034689,43.847712],[-80.034668,43.847711],[-80.034639,43.847693],[-80.034638,43.847682],[-80.034667,43.847676],[-80.034675,43.847666],[-80.034669,43.847643],[-80.034597,43.84762]]]}},{"type":"Feature","properties":{"k":"bunker"},"geometry":{"type":"Polygon","coordinates":[[[-80.034639,43.847693],[-80.034608,43.847703],[-80.034603,43.847719],[-80.034572,43.847721],[-80.03456,43.847748],[-80.034521,43.847712],[-80.034528,43.847683],[-80.034502,43.847658],[-80.034579,43.847606],[-80.034597,43.84762],[-80.03457,43.847634],[-80.034568,43.847667],[-80.03459,43.847684],[-80.034638,43.847682],[-80.034639,43.847693]]]}},{"type":"Feature","properties":{"k":"bunker"},"geometry":{"type":"Polygon","coordinates":[[[-80.033518,43.847898],[-80.033606,43.847896],[-80.033654,43.847886],[-80.033711,43.84783],[-80.033769,43.847807],[-80.03381,43.847755],[-80.033942,43.847677],[-80.033959,43.847648],[-80.033975,43.84764],[-80.033969,43.847626],[-80.033901,43.847623],[-80.033848,43.847648],[-80.033789,43.847661],[-80.033758,43.847677],[-80.033708,43.847726],[-80.033665,43.847749],[-80.033586,43.847761],[-80.033552,43.847833],[-80.033528,43.847842],[-80.033465,43.847843],[-80.033402,43.847857],[-80.033341,43.847907],[-80.033258,43.847956],[-80.033259,43.847971],[-80.033285,43.847993],[-80.033315,43.847997],[-80.033353,43.84799],[-80.033412,43.84795],[-80.033434,43.84795],[-80.033446,43.847924],[-80.033487,43.847898],[-80.033518,43.847898]]]}},{"type":"Feature","properties":{"k":"bunker"},"geometry":{"type":"Polygon","coordinates":[[[-80.03293,43.848851],[-80.032977,43.848876],[-80.033011,43.84887],[-80.033052,43.84881],[-80.033093,43.848788],[-80.033136,43.848779],[-80.03313,43.84872],[-80.033137,43.84871],[-80.033162,43.848703],[-80.033168,43.848674],[-80.033179,43.848666],[-80.033255,43.848659],[-80.033277,43.848668],[-80.033276,43.84868],[-80.033339,43.84864],[-80.033353,43.848602],[-80.033362,43.848602],[-80.033365,43.848622],[-80.033387,43.848608],[-80.033377,43.848586],[-80.033386,43.848575],[-80.033491,43.848533],[-80.033476,43.848457],[-80.033458,43.84845],[-80.033402,43.848481],[-80.033379,43.848509],[-80.033308,43.84854],[-80.03325,43.848604],[-80.033212,43.848613],[-80.033151,43.848584],[-80.033119,43.848587],[-80.033123,43.848629],[-80.033107,43.84866],[-80.033075,43.84863],[-80.033043,43.84863],[-80.033037,43.848695],[-80.033014,43.848742],[-80.032997,43.848753],[-80.032928,43.848766],[-80.032924,43.848778],[-80.032951,43.848799],[-80.032918,43.848842],[-80.03293,43.848851]]]}},{"type":"Feature","properties":{"k":"bunker"},"geometry":{"type":"Polygon","coordinates":[[[-80.035498,43.848809],[-80.035578,43.848776],[-80.035583,43.848763],[-80.035566,43.848749],[-80.035531,43.848741],[-80.035513,43.848716],[-80.035458,43.848699],[-80.035448,43.848686],[-80.035465,43.84864],[-80.035408,43.848645],[-80.035386,43.848662],[-80.035348,43.848659],[-80.035325,43.848664],[-80.03527,43.848691],[-80.035253,43.848708],[-80.035246,43.848727],[-80.035253,43.848754],[-80.035275,43.848797],[-80.035329,43.848829],[-80.035377,43.848831],[-80.035388,43.848811],[-80.035377,43.848796],[-80.035312,43.848769],[-80.035312,43.848753],[-80.03532,43.848742],[-80.035329,43.848755],[-80.035355,43.848765],[-80.035347,43.848728],[-80.035396,43.848714],[-80.035421,43.84873],[-80.03545,43.848774],[-80.035498,43.848809]]]}},{"type":"Feature","properties":{"k":"bunker"},"geometry":{"type":"Polygon","coordinates":[[[-80.035548,43.849058],[-80.03556,43.849074],[-80.035596,43.849096],[-80.035657,43.849081],[-80.035663,43.849064],[-80.035677,43.849054],[-80.035668,43.849021],[-80.035624,43.849028],[-80.035603,43.849001],[-80.035604,43.848985],[-80.035621,43.848977],[-80.035683,43.849],[-80.035687,43.848982],[-80.035667,43.848976],[-80.035661,43.848966],[-80.035673,43.848956],[-80.03569,43.848961],[-80.035695,43.848956],[-80.035683,43.848939],[-80.035708,43.848939],[-80.035701,43.848923],[-80.035661,43.848926],[-80.035678,43.848906],[-80.035658,43.848901],[-80.035644,43.848914],[-80.035622,43.848917],[-80.035614,43.848878],[-80.035597,43.848877],[-80.035553,43.848894],[-80.035464,43.848902],[-80.035433,43.848914],[-80.035378,43.848968],[-80.035378,43.848983],[-80.035396,43.849004],[-80.035432,43.849012],[-80.035477,43.848966],[-80.035503,43.848961],[-80.035524,43.848969],[-80.035548,43.849058]]]}},{"type":"Feature","properties":{"k":"bunker"},"geometry":{"type":"Polygon","coordinates":[[[-80.035514,43.849386],[-80.035515,43.849427],[-80.035552,43.849442],[-80.035611,43.849407],[-80.035662,43.8494],[-80.035705,43.849381],[-80.03574,43.849394],[-80.035764,43.849392],[-80.035773,43.849378],[-80.035775,43.849342],[-80.035791,43.84933],[-80.035838,43.849343],[-80.03587,43.849356],[-80.035864,43.849394],[-80.035843,43.849403],[-80.035835,43.849421],[-80.035836,43.849439],[-80.035854,43.849458],[-80.036009,43.8495],[-80.036001,43.849513],[-80.035877,43.849525],[-80.035872,43.849559],[-80.035923,43.849579],[-80.035936,43.849593],[-80.035935,43.849604],[-80.035912,43.849613],[-80.03592,43.849623],[-80.035944,43.849618],[-80.035983,43.849636],[-80.036004,43.849633],[-80.036006,43.849577],[-80.036022,43.84954],[-80.036038,43.849536],[-80.036056,43.849541],[-80.036076,43.849548],[-80.036085,43.84956],[-80.036103,43.849559],[-80.036113,43.849547],[-80.036124,43.849547],[-80.036166,43.849612],[-80.036153,43.849635],[-80.036161,43.849657],[-80.036179,43.849668],[-80.036228,43.84968],[-80.036269,43.849749],[-80.03629,43.849735],[-80.036278,43.849724],[-80.036273,43.849698],[-80.036299,43.849679],[-80.036317,43.849683],[-80.036339,43.849721],[-80.036365,43.84972],[-80.036361,43.849702],[-80.036389,43.849672],[-80.036384,43.849658],[-80.036331,43.849626],[-80.03632,43.849589],[-80.036307,43.84958],[-80.036286,43.84958],[-80.036255,43.849599],[-80.036233,43.849594],[-80.036193,43.849552],[-80.036187,43.849536],[-80.036195,43.849519],[-80.036237,43.849509],[-80.036253,43.849488],[-80.036244,43.84948],[-80.036207,43.84947],[-80.036159,43.849472],[-80.036159,43.849441],[-80.03615,43.849432],[-80.036131,43.849431],[-80.03612,43.849462],[-80.03608,43.849463],[-80.036001,43.849423],[-80.035988,43.849407],[-80.036005,43.849375],[-80.03605,43.849348],[-80.036064,43.849324],[-80.036058,43.849311],[-80.035998,43.849308],[-80.035995,43.849291],[-80.035973,43.849287],[-80.035972,43.849309],[-80.035956,43.849318],[-80.035919,43.849321],[-80.035862,43.849314],[-80.03582,43.849295],[-80.035791,43.849266],[-80.035768,43.849281],[-80.035703,43.849296],[-80.035685,43.849311],[-80.035683,43.849331],[-80.035668,43.849348],[-80.035614,43.849362],[-80.035524,43.849365],[-80.035514,43.849386]]]}},{"type":"Feature","properties":{"k":"bunker"},"geometry":{"type":"Polygon","coordinates":[[[-80.036365,43.84972],[-80.036364,43.849784],[-80.036355,43.849802],[-80.036344,43.849814],[-80.036305,43.849817],[-80.036287,43.849803],[-80.036269,43.849749],[-80.03629,43.849735],[-80.0363,43.849745],[-80.036316,43.849744],[-80.036333,43.849736],[-80.036339,43.849721],[-80.036365,43.84972]]]}},{"type":"Feature","properties":{"k":"bunker"},"geometry":{"type":"Polygon","coordinates":[[[-80.03513,43.849682],[-80.035128,43.849749],[-80.035169,43.849807],[-80.035188,43.84982],[-80.035247,43.849828],[-80.035279,43.849844],[-80.035301,43.849867],[-80.035379,43.849906],[-80.035427,43.849915],[-80.03549,43.849899],[-80.035515,43.849903],[-80.035533,43.849914],[-80.035549,43.849945],[-80.035569,43.849947],[-80.035573,43.849928],[-80.035598,43.849918],[-80.035722,43.849906],[-80.035755,43.849893],[-80.035775,43.8499],[-80.035805,43.849927],[-80.035822,43.84993],[-80.035844,43.849913],[-80.035788,43.84985],[-80.035757,43.84985],[-80.035654,43.849801],[-80.035647,43.849769],[-80.035619,43.84976],[-80.035568,43.849777],[-80.035548,43.849775],[-80.035557,43.84974],[-80.035542,43.849732],[-80.035516,43.849736],[-80.0355,43.849747],[-80.035485,43.849774],[-80.035448,43.849779],[-80.035365,43.849781],[-80.035292,43.849768],[-80.035264,43.849752],[-80.035215,43.849702],[-80.035197,43.849595],[-80.035174,43.84959],[-80.035166,43.849642],[-80.03513,43.849682]]]}},{"type":"Feature","properties":{"k":"bunker"},"geometry":{"type":"Polygon","coordinates":[[[-80.036277,43.850472],[-80.036435,43.850485],[-80.036469,43.850468],[-80.036473,43.850435],[-80.036462,43.850418],[-80.03643,43.850401],[-80.036405,43.850401],[-80.03634,43.850426],[-80.036292,43.850425],[-80.036235,43.850402],[-80.03618,43.85037],[-80.036163,43.85035],[-80.036118,43.850357],[-80.036142,43.850317],[-80.036138,43.850306],[-80.036108,43.850292],[-80.036081,43.850293],[-80.036013,43.85024],[-80.035961,43.850219],[-80.035911,43.850205],[-80.035889,43.850208],[-80.035837,43.850235],[-80.035817,43.850237],[-80.035798,43.85023],[-80.035779,43.850215],[-80.035711,43.850087],[-80.035699,43.850078],[-80.035681,43.850077],[-80.035656,43.850101],[-80.035638,43.850098],[-80.035624,43.850064],[-80.035596,43.850054],[-80.035556,43.850059],[-80.035538,43.850087],[-80.035492,43.850082],[-80.035474,43.850105],[-80.035464,43.850155],[-80.03544,43.850198],[-80.035434,43.850221],[-80.035447,43.850247],[-80.035586,43.850263],[-80.035641,43.850287],[-80.035654,43.850283],[-80.035666,43.850265],[-80.035659,43.850233],[-80.035594,43.850161],[-80.035604,43.850137],[-80.035637,43.850136],[-80.035692,43.850173],[-80.035783,43.850265],[-80.035761,43.850317],[-80.035794,43.850368],[-80.035814,43.850376],[-80.03584,43.850373],[-80.035984,43.850427],[-80.036081,43.850413],[-80.036141,43.850425],[-80.036186,43.850449],[-80.036277,43.850472]]]}},{"type":"Feature","properties":{"k":"bunker"},"geometry":{"type":"Polygon","coordinates":[[[-80.039778,43.851131],[-80.039789,43.851157],[-80.039808,43.851171],[-80.039861,43.851166],[-80.039861,43.851147],[-80.039837,43.851131],[-80.039851,43.851099],[-80.039866,43.851095],[-80.039854,43.85107],[-80.039791,43.851065],[-80.039769,43.851072],[-80.039767,43.851109],[-80.039778,43.851131]]]}},{"type":"Feature","properties":{"k":"bunker"},"geometry":{"type":"Polygon","coordinates":[[[-80.039716,43.850963],[-80.03972,43.850989],[-80.039754,43.851007],[-80.039794,43.851014],[-80.039832,43.851005],[-80.039832,43.850986],[-80.039802,43.850974],[-80.039814,43.850956],[-80.039804,43.850953],[-80.039785,43.85097],[-80.039766,43.850965],[-80.039802,43.850933],[-80.039799,43.850918],[-80.039759,43.85092],[-80.039739,43.85093],[-80.039716,43.850963]]]}},{"type":"Feature","properties":{"k":"bunker"},"geometry":{"type":"Polygon","coordinates":[[[-80.038042,43.849803],[-80.038061,43.849796],[-80.038115,43.849832],[-80.038152,43.849842],[-80.038212,43.849876],[-80.038286,43.849883],[-80.038303,43.849869],[-80.038341,43.849867],[-80.038374,43.849876],[-80.038399,43.849901],[-80.0384,43.849925],[-80.038423,43.849938],[-80.038451,43.849938],[-80.038466,43.849924],[-80.03846,43.849907],[-80.038515,43.84991],[-80.038562,43.84993],[-80.038628,43.849972],[-80.038696,43.850038],[-80.038747,43.850058],[-80.038762,43.850077],[-80.038824,43.850115],[-80.038819,43.850134],[-80.038782,43.850154],[-80.038779,43.850189],[-80.038734,43.850195],[-80.038674,43.850163],[-80.038637,43.850163],[-80.038604,43.850186],[-80.03861,43.85021],[-80.038568,43.850232],[-80.038505,43.850237],[-80.038471,43.850228],[-80.038332,43.850134],[-80.038333,43.85003],[-80.038318,43.850007],[-80.038269,43.84997],[-80.038244,43.849923],[-80.038213,43.849917],[-80.03816,43.84994],[-80.038169,43.849974],[-80.038231,43.850014],[-80.038236,43.850026],[-80.038223,43.850042],[-80.038166,43.850071],[-80.038074,43.850057],[-80.038053,43.850045],[-80.038046,43.850015],[-80.038054,43.849995],[-80.03809,43.849963],[-80.038084,43.849933],[-80.037923,43.849877],[-80.037886,43.849854],[-80.037898,43.84984],[-80.037908,43.849855],[-80.037941,43.849864],[-80.037956,43.849855],[-80.037955,43.849833],[-80.037982,43.849822],[-80.037995,43.849835],[-80.038034,43.849834],[-80.038046,43.849823],[-80.038042,43.849803]]]}},{"type":"Feature","properties":{"k":"bunker"},"geometry":{"type":"Polygon","coordinates":[[[-80.037931,43.849735],[-80.038031,43.849706],[-80.038032,43.849644],[-80.038016,43.849633],[-80.037898,43.849621],[-80.037874,43.84961],[-80.037833,43.849563],[-80.037819,43.84956],[-80.03779,43.84958],[-80.037765,43.849579],[-80.037738,43.849606],[-80.03776,43.849617],[-80.037787,43.849649],[-80.037781,43.849666],[-80.037759,43.849683],[-80.037702,43.849689],[-80.037655,43.849663],[-80.037634,43.849677],[-80.037639,43.849705],[-80.037677,43.84975],[-80.037763,43.849779],[-80.037786,43.849778],[-80.037799,43.849767],[-80.037822,43.849759],[-80.037841,43.849764],[-80.037875,43.84975],[-80.037873,43.849738],[-80.037892,43.849727],[-80.037931,43.849735]]]}},{"type":"Feature","properties":{"k":"bunker"},"geometry":{"type":"Polygon","coordinates":[[[-80.037765,43.849579],[-80.037723,43.849559],[-80.037695,43.8495],[-80.037645,43.849437],[-80.037623,43.849419],[-80.037581,43.849408],[-80.037574,43.849437],[-80.037628,43.849481],[-80.037631,43.849504],[-80.037601,43.849531],[-80.037507,43.849543],[-80.037477,43.849564],[-80.037471,43.849581],[-80.037507,43.849604],[-80.037589,43.849622],[-80.037634,43.849677],[-80.037655,43.849663],[-80.037641,43.849636],[-80.037644,43.849619],[-80.037663,43.849605],[-80.037689,43.849598],[-80.037738,43.849606],[-80.037765,43.849579]]]}},{"type":"Feature","properties":{"k":"bunker"},"geometry":{"type":"Polygon","coordinates":[[[-80.036798,43.848997],[-80.036891,43.848969],[-80.036923,43.848946],[-80.036931,43.848915],[-80.03691,43.848892],[-80.036919,43.848877],[-80.036884,43.848872],[-80.036834,43.848932],[-80.036817,43.848941],[-80.036797,43.848937],[-80.036792,43.848921],[-80.036793,43.848858],[-80.036719,43.848859],[-80.036718,43.848897],[-80.036693,43.84892],[-80.036633,43.848913],[-80.036614,43.848922],[-80.036608,43.848936],[-80.036618,43.84895],[-80.036633,43.848962],[-80.036699,43.848981],[-80.03673,43.849014],[-80.036751,43.849018],[-80.03678,43.849013],[-80.036798,43.848997]]]}},{"type":"Feature","properties":{"k":"bunker"},"geometry":{"type":"Polygon","coordinates":[[[-80.036316,43.848587],[-80.036345,43.84851],[-80.036311,43.848458],[-80.036333,43.848429],[-80.036331,43.848411],[-80.036197,43.84839],[-80.036173,43.848394],[-80.036114,43.848442],[-80.036094,43.848517],[-80.036118,43.84853],[-80.036132,43.848525],[-80.036151,43.848487],[-80.036166,43.848476],[-80.036183,43.848486],[-80.036208,43.848478],[-80.036225,43.848486],[-80.036227,43.848504],[-80.036196,43.84855],[-80.036192,43.848568],[-80.036204,43.848585],[-80.036216,43.848596],[-80.036254,43.848607],[-80.036273,43.848604],[-80.036281,43.848593],[-80.036316,43.848587]]]}},{"type":"Feature","properties":{"k":"bunker"},"geometry":{"type":"Polygon","coordinates":[[[-80.036051,43.848278],[-80.036073,43.848304],[-80.036137,43.848301],[-80.036154,43.848296],[-80.036161,43.848266],[-80.036153,43.848249],[-80.036087,43.848219],[-80.035974,43.848226],[-80.036051,43.848278]]]}},{"type":"Feature","properties":{"k":"bunker"},"geometry":{"type":"Polygon","coordinates":[[[-80.035242,43.848064],[-80.035243,43.84808],[-80.035205,43.848082],[-80.035171,43.848144],[-80.035125,43.848145],[-80.035102,43.848137],[-80.034976,43.848039],[-80.034952,43.847992],[-80.03495,43.847944],[-80.034977,43.847915],[-80.035022,43.847897],[-80.035045,43.8479],[-80.035064,43.847931],[-80.035127,43.847932],[-80.035145,43.847908],[-80.035114,43.847872],[-80.035114,43.847857],[-80.035127,43.847851],[-80.035168,43.847866],[-80.03518,43.847863],[-80.035171,43.847837],[-80.035185,43.847826],[-80.035201,43.847825],[-80.035217,43.847834],[-80.035231,43.847861],[-80.035253,43.847857],[-80.035254,43.847833],[-80.035227,43.847808],[-80.035229,43.847795],[-80.035296,43.847734],[-80.03533,43.847754],[-80.035311,43.847764],[-80.035303,43.847788],[-80.03535,43.847836],[-80.035262,43.848026],[-80.035227,43.848026],[-80.035205,43.848041],[-80.035224,43.848062],[-80.035242,43.848064]]]}},{"type":"Feature","properties":{"k":"bunker"},"geometry":{"type":"Polygon","coordinates":[[[-80.035243,43.84808],[-80.035283,43.848089],[-80.035289,43.848097],[-80.035287,43.848135],[-80.035307,43.848177],[-80.035347,43.848204],[-80.035434,43.84824],[-80.035488,43.848277],[-80.035539,43.848263],[-80.035551,43.84825],[-80.035545,43.848237],[-80.035507,43.848217],[-80.035449,43.848165],[-80.035444,43.848132],[-80.035456,43.848097],[-80.035527,43.848021],[-80.03553,43.848008],[-80.035602,43.847996],[-80.035672,43.848002],[-80.035728,43.84802],[-80.035789,43.848081],[-80.035913,43.848031],[-80.035893,43.847906],[-80.035856,43.847901],[-80.035848,43.847894],[-80.035853,43.847881],[-80.035882,43.847862],[-80.035881,43.847835],[-80.035867,43.84783],[-80.03586,43.847817],[-80.035851,43.847778],[-80.03585,43.847762],[-80.035879,43.847747],[-80.03587,43.847702],[-80.035842,43.847695],[-80.035838,43.847675],[-80.0358,43.847687],[-80.035748,43.847681],[-80.035737,43.847671],[-80.035746,43.847631],[-80.035681,43.847627],[-80.035661,43.847646],[-80.035586,43.847656],[-80.035569,43.847651],[-80.03556,43.847638],[-80.035573,43.847611],[-80.035499,43.847606],[-80.035411,43.847625],[-80.035361,43.847648],[-80.035296,43.847734],[-80.03533,43.847754],[-80.035359,43.84774],[-80.035448,43.847749],[-80.035474,43.847757],[-80.035501,43.847781],[-80.035491,43.847797],[-80.035454,43.84781],[-80.035392,43.847795],[-80.035363,43.847811],[-80.035382,43.847818],[-80.035388,43.847829],[-80.035383,43.847836],[-80.03535,43.847836],[-80.035262,43.848026],[-80.035284,43.848033],[-80.035295,43.848053],[-80.035276,43.848066],[-80.035242,43.848064],[-80.035243,43.84808]]]}},{"type":"Feature","properties":{"k":"bunker"},"geometry":{"type":"Polygon","coordinates":[[[-80.035913,43.848031],[-80.035962,43.848018],[-80.036048,43.848018],[-80.036043,43.84799],[-80.036029,43.847985],[-80.036028,43.847964],[-80.036059,43.847963],[-80.036074,43.847952],[-80.036061,43.847949],[-80.036057,43.847938],[-80.036083,43.847905],[-80.036074,43.847899],[-80.036018,43.84791],[-80.035987,43.847903],[-80.03594,43.847915],[-80.035893,43.847906],[-80.035913,43.848031]]]}},{"type":"Feature","properties":{"k":"bunker"},"geometry":{"type":"Polygon","coordinates":[[[-80.035987,43.847903],[-80.035956,43.847861],[-80.035952,43.847835],[-80.035965,43.847823],[-80.035945,43.847809],[-80.03595,43.847784],[-80.035922,43.84774],[-80.035987,43.847708],[-80.03599,43.847694],[-80.035961,43.847667],[-80.035925,43.847706],[-80.03587,43.847702],[-80.035879,43.847747],[-80.03589,43.847746],[-80.0359,43.847758],[-80.035921,43.847801],[-80.035908,43.847825],[-80.035881,43.847835],[-80.035882,43.847862],[-80.035906,43.847859],[-80.035924,43.847866],[-80.035972,43.84791],[-80.035987,43.847903]]]}},{"type":"Feature","properties":{"k":"bunker"},"geometry":{"type":"Polygon","coordinates":[[[-80.035746,43.847631],[-80.035768,43.847604],[-80.035853,43.847565],[-80.035874,43.847561],[-80.035913,43.847589],[-80.035934,43.847594],[-80.035937,43.847578],[-80.035896,43.847549],[-80.035622,43.847519],[-80.035604,43.847498],[-80.035603,43.847467],[-80.035614,43.847459],[-80.0356,43.847434],[-80.035582,43.847447],[-80.035565,43.847521],[-80.03551,43.847546],[-80.035479,43.847543],[-80.035463,43.84755],[-80.035494,43.847585],[-80.035499,43.847606],[-80.035573,43.847611],[-80.035603,43.847592],[-80.035638,43.847589],[-80.035672,43.8476],[-80.035681,43.847627],[-80.035746,43.847631]]]}},{"type":"Feature","properties":{"k":"bunker"},"geometry":{"type":"Polygon","coordinates":[[[-80.0356,43.847434],[-80.035691,43.84742],[-80.035732,43.847406],[-80.035743,43.84742],[-80.035696,43.84745],[-80.035709,43.847513],[-80.035769,43.847516],[-80.035823,43.8475],[-80.035896,43.847549],[-80.035674,43.847522],[-80.035683,43.847505],[-80.035676,43.847473],[-80.035658,43.847455],[-80.035614,43.847459],[-80.0356,43.847434]]]}},{"type":"Feature","properties":{"k":"bunker"},"geometry":{"type":"Polygon","coordinates":[[[-80.035896,43.847549],[-80.035969,43.847519],[-80.036001,43.847491],[-80.035987,43.847477],[-80.035944,43.847494],[-80.035905,43.84749],[-80.035897,43.847482],[-80.035908,43.847454],[-80.035961,43.847434],[-80.035942,43.847392],[-80.03592,43.847397],[-80.035788,43.84737],[-80.035771,43.847374],[-80.035732,43.847406],[-80.035743,43.84742],[-80.03578,43.847408],[-80.035817,43.847418],[-80.035832,43.847473],[-80.035823,43.8475],[-80.035896,43.847549]]]}},{"type":"Feature","properties":{"k":"bunker"},"geometry":{"type":"Polygon","coordinates":[[[-80.036001,43.847491],[-80.036029,43.847472],[-80.036055,43.847425],[-80.036135,43.847383],[-80.036229,43.847383],[-80.036246,43.847374],[-80.036258,43.84735],[-80.036252,43.847341],[-80.036208,43.847323],[-80.036185,43.847321],[-80.036054,43.847347],[-80.035954,43.84733],[-80.035965,43.84736],[-80.035961,43.847378],[-80.035942,43.847392],[-80.035961,43.847434],[-80.035997,43.847422],[-80.036028,43.847429],[-80.036017,43.847457],[-80.035987,43.847477],[-80.036001,43.847491]]]}},{"type":"Feature","properties":{"k":"bunker"},"geometry":{"type":"Polygon","coordinates":[[[-80.036251,43.847783],[-80.036271,43.847819],[-80.036333,43.84782],[-80.036356,43.847806],[-80.036346,43.8478],[-80.036345,43.847779],[-80.036376,43.847757],[-80.036332,43.847735],[-80.036278,43.847758],[-80.036251,43.847783]]]}},{"type":"Feature","properties":{"k":"bunker"},"geometry":{"type":"Polygon","coordinates":[[[-80.03638,43.847695],[-80.036401,43.847717],[-80.036422,43.847723],[-80.036453,43.847721],[-80.036492,43.847688],[-80.036493,43.847671],[-80.036419,43.847656],[-80.036389,43.847671],[-80.03638,43.847695]]]}},{"type":"Feature","properties":{"k":"bunker"},"geometry":{"type":"Polygon","coordinates":[[[-80.036417,43.847504],[-80.036431,43.847581],[-80.036456,43.847592],[-80.03649,43.847586],[-80.036512,43.847565],[-80.036511,43.847555],[-80.036484,43.847543],[-80.036484,43.847523],[-80.036499,43.847504],[-80.036492,43.847477],[-80.036447,43.847461],[-80.036432,43.847463],[-80.036422,43.847472],[-80.036417,43.847504]]]}},{"type":"Feature","properties":{"k":"bunker"},"geometry":{"type":"Polygon","coordinates":[[[-80.037142,43.846269],[-80.037128,43.84628],[-80.03713,43.846292],[-80.037159,43.846309],[-80.037237,43.846301],[-80.037273,43.846289],[-80.03725,43.846264],[-80.03725,43.846247],[-80.037264,43.84624],[-80.037262,43.846216],[-80.037302,43.846142],[-80.037317,43.846131],[-80.037309,43.846102],[-80.03727,43.846109],[-80.037257,43.846091],[-80.037239,43.846093],[-80.037232,43.846127],[-80.037254,43.846133],[-80.037242,43.846171],[-80.037225,43.846182],[-80.037201,43.846178],[-80.037171,43.846156],[-80.037155,43.846196],[-80.037162,43.846235],[-80.037114,43.846242],[-80.037103,43.846262],[-80.037142,43.846269]]]}},{"type":"Feature","properties":{"k":"bunker"},"geometry":{"type":"Polygon","coordinates":[[[-80.037317,43.846131],[-80.037385,43.846101],[-80.037394,43.84607],[-80.037346,43.84608],[-80.037277,43.846044],[-80.037237,43.84604],[-80.037247,43.846061],[-80.037239,43.846093],[-80.037257,43.846091],[-80.037286,43.846074],[-80.037319,43.846082],[-80.037322,43.846093],[-80.037309,43.846102],[-80.037317,43.846131]]]}},{"type":"Feature","properties":{"k":"bunker"},"geometry":{"type":"Polygon","coordinates":[[[-80.038404,43.844673],[-80.038413,43.844675],[-80.038419,43.84469],[-80.038404,43.844721],[-80.038327,43.844754],[-80.03824,43.844807],[-80.038168,43.844887],[-80.038116,43.844929],[-80.038078,43.845002],[-80.038046,43.845096],[-80.038028,43.845089],[-80.038027,43.845077],[-80.038049,43.845062],[-80.038051,43.845042],[-80.038032,43.844992],[-80.038026,43.844932],[-80.038068,43.844909],[-80.038104,43.844819],[-80.038173,43.844812],[-80.038174,43.844801],[-80.038154,43.844785],[-80.038162,43.844763],[-80.038177,43.844755],[-80.038241,43.844759],[-80.038253,43.84474],[-80.038242,43.844725],[-80.038264,43.844704],[-80.038279,43.844696],[-80.038343,43.844693],[-80.038404,43.844673]]]}},{"type":"Feature","properties":{"k":"bunker"},"geometry":{"type":"Polygon","coordinates":[[[-80.037883,43.844324],[-80.037924,43.844331],[-80.037928,43.844367],[-80.037898,43.844386],[-80.037833,43.8444],[-80.037796,43.844433],[-80.037786,43.844462],[-80.037795,43.844474],[-80.037844,43.844468],[-80.037891,43.844452],[-80.03795,43.84442],[-80.03796,43.844403],[-80.037994,43.844405],[-80.038008,43.844409],[-80.03801,43.844421],[-80.038025,43.844423],[-80.038043,43.8444],[-80.038069,43.844396],[-80.038191,43.844442],[-80.038153,43.844465],[-80.038162,43.844476],[-80.038187,43.844478],[-80.038172,43.844485],[-80.038124,43.84448],[-80.03808,43.844451],[-80.038069,43.844459],[-80.038078,43.844486],[-80.038061,43.844484],[-80.038032,43.844499],[-80.038007,43.844483],[-80.037977,43.844491],[-80.037976,43.844509],[-80.037944,43.844508],[-80.037916,43.84449],[-80.037896,43.844493],[-80.037891,43.844533],[-80.037875,43.844555],[-80.037859,43.844549],[-80.037844,43.844553],[-80.037841,43.844566],[-80.037805,43.844543],[-80.037806,43.844528],[-80.037794,43.844515],[-80.03776,43.844496],[-80.037731,43.844501],[-80.037707,43.844541],[-80.037685,43.844525],[-80.0377,43.844498],[-80.037826,43.844369],[-80.037883,43.844324]]]}},{"type":"Feature","properties":{"k":"bunker"},"geometry":{"type":"Polygon","coordinates":[[[-80.037707,43.844541],[-80.037701,43.844604],[-80.03771,43.844619],[-80.037725,43.844622],[-80.037755,43.844563],[-80.037772,43.844553],[-80.037793,43.844552],[-80.037805,43.844543],[-80.037841,43.844566],[-80.037795,43.84458],[-80.037778,43.844578],[-80.037768,43.844589],[-80.037792,43.844622],[-80.037772,43.844635],[-80.037768,43.844648],[-80.037794,43.844666],[-80.037838,43.844659],[-80.037857,43.844667],[-80.03788,43.844693],[-80.037873,43.844718],[-80.037859,43.844724],[-80.037796,43.844706],[-80.037793,43.84473],[-80.03777,43.844727],[-80.037765,43.844698],[-80.03773,43.84469],[-80.037737,43.844724],[-80.037707,43.844735],[-80.037683,43.844666],[-80.037672,43.844587],[-80.037685,43.844525],[-80.037707,43.844541]]]}},{"type":"Feature","properties":{"k":"bunker"},"geometry":{"type":"Polygon","coordinates":[[[-80.037707,43.844735],[-80.037733,43.844816],[-80.03776,43.84483],[-80.037779,43.844829],[-80.037807,43.844812],[-80.037818,43.844793],[-80.037793,43.84473],[-80.03777,43.844727],[-80.037767,43.844745],[-80.03774,43.84474],[-80.037737,43.844724],[-80.037707,43.844735]]]}},{"type":"Feature","properties":{"k":"bunker"},"geometry":{"type":"Polygon","coordinates":[[[-80.038796,43.84697],[-80.038855,43.846999],[-80.038866,43.846988],[-80.038895,43.846984],[-80.038911,43.846976],[-80.038927,43.846947],[-80.038934,43.8469],[-80.03896,43.846893],[-80.038977,43.8469],[-80.039075,43.846865],[-80.039122,43.846838],[-80.03917,43.84683],[-80.039201,43.846775],[-80.039322,43.846727],[-80.039389,43.846674],[-80.039422,43.846661],[-80.039479,43.846668],[-80.039501,43.846655],[-80.039659,43.846614],[-80.039755,43.846528],[-80.03977,43.8465],[-80.039776,43.846446],[-80.039735,43.846267],[-80.039733,43.846236],[-80.039758,43.846173],[-80.039706,43.846082],[-80.039637,43.846085],[-80.039571,43.846072],[-80.039519,43.846036],[-80.03944,43.845958],[-80.039435,43.845939],[-80.039451,43.845921],[-80.039448,43.845909],[-80.039285,43.845867],[-80.039242,43.845831],[-80.039067,43.845774],[-80.038859,43.84569],[-80.03884,43.845698],[-80.038828,43.845716],[-80.039216,43.845893],[-80.039345,43.845968],[-80.039453,43.846045],[-80.039536,43.846135],[-80.039563,43.846187],[-80.039584,43.84626],[-80.039583,43.846308],[-80.039573,43.846349],[-80.039437,43.846538],[-80.039369,43.846591],[-80.039182,43.846686],[-80.039123,43.846751],[-80.038822,43.846917],[-80.038769,43.846955],[-80.038796,43.84697]]]}},{"type":"Feature","properties":{"k":"bunker"},"geometry":{"type":"Polygon","coordinates":[[[-80.039445,43.847294],[-80.039458,43.847329],[-80.039478,43.847335],[-80.039496,43.847332],[-80.039508,43.847325],[-80.039507,43.847273],[-80.039524,43.847264],[-80.03955,43.847273],[-80.039582,43.847259],[-80.039601,43.847262],[-80.039614,43.847301],[-80.039614,43.847346],[-80.039636,43.847347],[-80.039649,43.847338],[-80.039703,43.847348],[-80.039717,43.84734],[-80.039712,43.847312],[-80.039675,43.847295],[-80.039666,43.847276],[-80.039671,43.847261],[-80.039692,43.847253],[-80.039695,43.847227],[-80.039714,43.847196],[-80.039688,43.847192],[-80.039635,43.847164],[-80.0396,43.847158],[-80.039568,43.847163],[-80.039554,43.847187],[-80.039468,43.847225],[-80.039443,43.847279],[-80.039445,43.847294]]]}},{"type":"Feature","properties":{"k":"bunker"},"geometry":{"type":"Polygon","coordinates":[[[-80.039268,43.84756],[-80.039262,43.847602],[-80.039278,43.84761],[-80.039282,43.847629],[-80.03935,43.847601],[-80.039361,43.847606],[-80.039325,43.847633],[-80.039348,43.847634],[-80.039376,43.847625],[-80.039412,43.847576],[-80.039432,43.847565],[-80.039474,43.847566],[-80.039486,43.847561],[-80.039489,43.847546],[-80.039531,43.847542],[-80.039553,43.847513],[-80.03958,43.847508],[-80.039578,43.847485],[-80.03956,43.847471],[-80.039538,43.847474],[-80.039505,43.847456],[-80.039509,43.847443],[-80.039551,43.847423],[-80.039552,43.847407],[-80.039502,43.847399],[-80.039408,43.847414],[-80.039377,43.847383],[-80.039356,43.84739],[-80.039354,43.847467],[-80.03931,43.847478],[-80.039299,43.84749],[-80.039293,43.847527],[-80.039268,43.84756]]]}},{"type":"Feature","properties":{"k":"bunker"},"geometry":{"type":"Polygon","coordinates":[[[-80.037876,43.848058],[-80.03787,43.848081],[-80.037895,43.848099],[-80.037938,43.848087],[-80.037954,43.84806],[-80.037953,43.848034],[-80.037913,43.847991],[-80.037884,43.84798],[-80.037864,43.847994],[-80.03786,43.848013],[-80.037881,43.848045],[-80.037876,43.848058]]]}},{"type":"Feature","properties":{"k":"bunker"},"geometry":{"type":"Polygon","coordinates":[[[-80.037942,43.847911],[-80.037939,43.847898],[-80.037967,43.847897],[-80.037975,43.847904],[-80.038013,43.847898],[-80.037975,43.847836],[-80.037947,43.847831],[-80.037908,43.847839],[-80.037887,43.84786],[-80.037912,43.847878],[-80.037892,43.847906],[-80.037916,43.847916],[-80.037942,43.847911]]]}},{"type":"Feature","properties":{"k":"bunker"},"geometry":{"type":"Polygon","coordinates":[[[-80.038091,43.84815],[-80.038112,43.848071],[-80.038109,43.84806],[-80.038098,43.848058],[-80.038043,43.848071],[-80.03803,43.848109],[-80.037985,43.848128],[-80.037974,43.848172],[-80.038013,43.848192],[-80.038025,43.848193],[-80.038036,43.848179],[-80.038046,43.848183],[-80.03805,43.848206],[-80.038059,43.84821],[-80.038081,43.848197],[-80.038091,43.84815]]]}},{"type":"Feature","properties":{"k":"bunker"},"geometry":{"type":"Polygon","coordinates":[[[-80.037894,43.847633],[-80.03792,43.847567],[-80.037938,43.847548],[-80.037907,43.847544],[-80.037893,43.8475],[-80.037853,43.84751],[-80.037841,43.84748],[-80.037823,43.847481],[-80.037831,43.847518],[-80.037804,43.84752],[-80.03779,43.847506],[-80.037775,43.847504],[-80.0378,43.847553],[-80.037795,43.84757],[-80.037766,43.847591],[-80.037763,43.847631],[-80.037806,43.847616],[-80.03781,43.84758],[-80.037836,43.847573],[-80.037848,43.847579],[-80.037837,43.847605],[-80.037803,43.847645],[-80.037864,43.847651],[-80.037894,43.847633]]]}},{"type":"Feature","properties":{"k":"bunker"},"geometry":{"type":"Polygon","coordinates":[[[-80.037274,43.847666],[-80.037267,43.847716],[-80.037275,43.847792],[-80.037323,43.847815],[-80.037341,43.847813],[-80.037437,43.847759],[-80.037522,43.847697],[-80.037544,43.847634],[-80.037518,43.847624],[-80.037497,43.847592],[-80.037456,43.847582],[-80.037413,43.847599],[-80.037305,43.847596],[-80.037288,43.847619],[-80.037274,43.847666]]]}},{"type":"Feature","properties":{"k":"bunker"},"geometry":{"type":"Polygon","coordinates":[[[-80.037265,43.84742],[-80.037262,43.847461],[-80.037275,43.847494],[-80.037311,43.84751],[-80.037355,43.847511],[-80.037417,43.847498],[-80.037472,43.8475],[-80.037521,43.847478],[-80.037529,43.847463],[-80.037531,43.847444],[-80.037518,43.847418],[-80.037482,43.847404],[-80.037404,43.847407],[-80.037311,43.847389],[-80.037275,43.847403],[-80.037265,43.84742]]]}},{"type":"Feature","properties":{"k":"bunker"},"geometry":{"type":"Polygon","coordinates":[[[-80.037893,43.847225],[-80.037934,43.847057],[-80.037923,43.847045],[-80.037807,43.847005],[-80.037788,43.846992],[-80.037741,43.846984],[-80.037721,43.84699],[-80.037699,43.846979],[-80.037689,43.846987],[-80.037692,43.847035],[-80.037651,43.847103],[-80.037634,43.847182],[-80.037617,43.847198],[-80.037566,43.847206],[-80.037543,43.847195],[-80.037531,43.847162],[-80.037548,43.84713],[-80.037542,43.847114],[-80.03752,43.847107],[-80.037491,43.847108],[-80.037436,43.847136],[-80.037377,43.847128],[-80.037355,43.847156],[-80.037298,43.847176],[-80.03728,43.847269],[-80.037284,43.847282],[-80.03738,43.847286],[-80.037463,43.847306],[-80.037535,43.84727],[-80.037597,43.847268],[-80.037659,43.847309],[-80.037668,43.847372],[-80.037684,43.84738],[-80.037707,43.84738],[-80.037722,43.847375],[-80.037734,43.847342],[-80.037813,43.847295],[-80.03784,43.847242],[-80.037885,43.847245],[-80.037893,43.847225]]]}},{"type":"Feature","properties":{"k":"bunker"},"geometry":{"type":"Polygon","coordinates":[[[-80.038086,43.848646],[-80.038057,43.848703],[-80.038093,43.84874],[-80.038154,43.848852],[-80.038191,43.848899],[-80.038238,43.848948],[-80.03831,43.849004],[-80.038438,43.849052],[-80.03861,43.849102],[-80.038875,43.849102],[-80.03893,43.849086],[-80.038992,43.849082],[-80.039171,43.849085],[-80.039446,43.849132],[-80.039285,43.849122],[-80.039213,43.849141],[-80.039029,43.849112],[-80.038944,43.849127],[-80.038946,43.84916],[-80.038922,43.849159],[-80.038912,43.849137],[-80.038768,43.849164],[-80.038711,43.849143],[-80.038659,43.849141],[-80.038602,43.849167],[-80.038595,43.849177],[-80.038574,43.84918],[-80.038565,43.84916],[-80.038544,43.849147],[-80.038513,43.849141],[-80.038497,43.849157],[-80.038455,43.849159],[-80.038364,43.849091],[-80.03828,43.849066],[-80.03822,43.849029],[-80.038178,43.849031],[-80.038162,43.84902],[-80.038167,43.849004],[-80.038134,43.848965],[-80.038056,43.848919],[-80.038046,43.848901],[-80.038084,43.848813],[-80.038074,43.848785],[-80.038046,43.84876],[-80.037964,43.84875],[-80.037932,43.848765],[-80.037918,43.848757],[-80.037921,43.848745],[-80.03787,43.848735],[-80.037852,43.848722],[-80.037847,43.848682],[-80.037872,43.84865],[-80.037894,43.848643],[-80.037942,43.848656],[-80.037954,43.848635],[-80.037999,43.848636],[-80.038048,43.848647],[-80.038069,43.848637],[-80.038086,43.848646]]]}},{"type":"Feature","properties":{"k":"bunker"},"geometry":{"type":"Polygon","coordinates":[[[-80.039536,43.849722],[-80.039517,43.849641],[-80.039612,43.849654],[-80.039596,43.849676],[-80.039604,43.849685],[-80.039722,43.849719],[-80.039758,43.849744],[-80.039752,43.849761],[-80.039706,43.849772],[-80.039628,43.849741],[-80.039603,43.849741],[-80.039583,43.849772],[-80.039583,43.849787],[-80.039593,43.849796],[-80.039565,43.849815],[-80.039557,43.849834],[-80.039533,43.849833],[-80.039531,43.84981],[-80.03952,43.849804],[-80.039533,43.849765],[-80.039563,43.849766],[-80.039576,43.849738],[-80.039559,43.849721],[-80.039536,43.849722]]]}},{"type":"Feature","properties":{"k":"bunker"},"geometry":{"type":"Polygon","coordinates":[[[-80.039517,43.849641],[-80.039493,43.849649],[-80.039491,43.849667],[-80.039481,43.849674],[-80.039465,43.849671],[-80.039417,43.849689],[-80.039418,43.84973],[-80.039404,43.849773],[-80.039439,43.849807],[-80.039456,43.849807],[-80.039462,43.849775],[-80.039484,43.849788],[-80.039489,43.849811],[-80.03952,43.849804],[-80.039533,43.849765],[-80.039521,43.849747],[-80.039506,43.849743],[-80.039506,43.849733],[-80.039536,43.849722],[-80.039517,43.849641]]]}},{"type":"Feature","properties":{"k":"bunker"},"geometry":{"type":"Polygon","coordinates":[[[-80.039216,43.849762],[-80.039197,43.849727],[-80.039211,43.849723],[-80.039216,43.84971],[-80.039281,43.849702],[-80.0393,43.849705],[-80.039294,43.849712],[-80.039302,43.849723],[-80.039341,43.849719],[-80.039293,43.849756],[-80.039279,43.849801],[-80.039204,43.849796],[-80.039212,43.849784],[-80.039239,43.849784],[-80.039247,43.849776],[-80.039244,43.849758],[-80.039216,43.849762]]]}},{"type":"Feature","properties":{"k":"bunker"},"geometry":{"type":"Polygon","coordinates":[[[-80.039204,43.849796],[-80.039111,43.84978],[-80.03909,43.849736],[-80.039111,43.849739],[-80.039119,43.849725],[-80.039167,43.849714],[-80.03918,43.849729],[-80.039197,43.849727],[-80.039216,43.849762],[-80.039184,43.849767],[-80.039186,43.849775],[-80.039212,43.849784],[-80.039204,43.849796]]]}},{"type":"Feature","properties":{"k":"bunker"},"geometry":{"type":"Polygon","coordinates":[[[-80.041708,43.849564],[-80.041739,43.849603],[-80.041747,43.849646],[-80.041771,43.849652],[-80.041782,43.849675],[-80.041809,43.849685],[-80.041826,43.849682],[-80.041841,43.849663],[-80.041836,43.849637],[-80.04181,43.849624],[-80.04177,43.849565],[-80.041792,43.849559],[-80.041751,43.849518],[-80.041688,43.849477],[-80.041655,43.84948],[-80.041621,43.849468],[-80.041623,43.849456],[-80.041648,43.849448],[-80.04165,43.849436],[-80.041635,43.849436],[-80.041624,43.849421],[-80.041596,43.849415],[-80.041568,43.849453],[-80.041554,43.84945],[-80.041551,43.849418],[-80.04154,43.849413],[-80.041481,43.849426],[-80.041489,43.849475],[-80.041473,43.84948],[-80.041496,43.8495],[-80.041552,43.84952],[-80.041684,43.849545],[-80.041708,43.849564]]]}},{"type":"Feature","properties":{"k":"water"},"geometry":{"type":"Polygon","coordinates":[[[-80.030738,43.842142],[-80.030876,43.842216],[-80.030937,43.842277],[-80.030958,43.842314],[-80.030987,43.842424],[-80.031017,43.84246],[-80.031101,43.842533],[-80.031259,43.842619],[-80.031375,43.842642],[-80.031409,43.842631],[-80.031438,43.842608],[-80.031457,43.842578],[-80.031454,43.842501],[-80.031434,43.842465],[-80.031227,43.842333],[-80.031049,43.842155],[-80.030867,43.841997],[-80.030779,43.84191],[-80.030681,43.84184],[-80.030596,43.841801],[-80.030462,43.841725],[-80.030422,43.84169],[-80.030358,43.841566],[-80.030316,43.84155],[-80.03026,43.841543],[-80.030022,43.841602],[-80.029995,43.841617],[-80.02997,43.841637],[-80.029944,43.841681],[-80.029944,43.841707],[-80.029995,43.841766],[-80.030262,43.841903],[-80.030432,43.841973],[-80.030613,43.842087],[-80.030738,43.842142]]]}},{"type":"Feature","properties":{"k":"path"},"geometry":{"type":"LineString","coordinates":[[-80.043908,43.847782],[-80.04376,43.847594],[-80.043723,43.847561],[-80.043627,43.847495],[-80.043527,43.847453],[-80.043364,43.847419],[-80.042747,43.847338],[-80.042651,43.847309],[-80.042519,43.847244],[-80.042375,43.84713],[-80.04234,43.847072],[-80.042316,43.846999],[-80.042281,43.84695],[-80.042167,43.846863],[-80.042085,43.846784],[-80.042058,43.846723],[-80.042053,43.846677]]}},{"type":"Feature","properties":{"k":"path"},"geometry":{"type":"LineString","coordinates":[[-80.043908,43.847782],[-80.043836,43.84769],[-80.043799,43.847621],[-80.043789,43.847463],[-80.043769,43.847405],[-80.043733,43.84736],[-80.043696,43.847331],[-80.043436,43.847181],[-80.043182,43.847023],[-80.042775,43.846751],[-80.042509,43.846591],[-80.041839,43.846165],[-80.041555,43.845968],[-80.04128,43.845836],[-80.040809,43.845547],[-80.040531,43.845445],[-80.040473,43.845381],[-80.040199,43.845237],[-80.040167,43.845214],[-80.040106,43.845148],[-80.039899,43.845015],[-80.039864,43.844995],[-80.039726,43.84494],[-80.039607,43.84486],[-80.03947,43.844803],[-80.039262,43.844679],[-80.039213,43.844633],[-80.039187,43.844505],[-80.039154,43.844466],[-80.038885,43.844309],[-80.038849,43.844298],[-80.038687,43.844279],[-80.038637,43.844259],[-80.038584,43.84413],[-80.038565,43.844106],[-80.038471,43.844043],[-80.03835,43.843988],[-80.038258,43.843968],[-80.037811,43.843916],[-80.03775,43.843896],[-80.037711,43.843854]]}},{"type":"Feature","properties":{"k":"path"},"geometry":{"type":"LineString","coordinates":[[-80.03409,43.841374],[-80.034038,43.841373],[-80.034018,43.84138],[-80.033905,43.841429],[-80.033871,43.841454],[-80.033834,43.84149],[-80.033764,43.841592],[-80.03371,43.84165],[-80.033466,43.841868],[-80.033251,43.842089],[-80.033191,43.842108],[-80.033143,43.842111]]}},{"type":"Feature","properties":{"k":"path"},"geometry":{"type":"LineString","coordinates":[[-80.029449,43.840618],[-80.029393,43.840639],[-80.029362,43.840665],[-80.029294,43.840746],[-80.029249,43.840738],[-80.029139,43.840699],[-80.028851,43.840515],[-80.028769,43.840495],[-80.02865,43.840496],[-80.02858,43.840486],[-80.028241,43.840386],[-80.028174,43.840338],[-80.028064,43.84024],[-80.027789,43.839948],[-80.027585,43.839805],[-80.027499,43.839765],[-80.027474,43.839759],[-80.027415,43.839764],[-80.027182,43.83983],[-80.026963,43.839862],[-80.026903,43.839888],[-80.026875,43.839911],[-80.026862,43.83995],[-80.026877,43.839994],[-80.027,43.840122],[-80.027045,43.8402],[-80.027058,43.840257],[-80.027065,43.840374],[-80.027083,43.840405],[-80.027137,43.840438],[-80.02732,43.840508],[-80.027485,43.840596],[-80.027581,43.840664],[-80.027818,43.840802],[-80.027849,43.840838],[-80.027859,43.840893],[-80.027854,43.840911],[-80.02782,43.840945],[-80.027644,43.841008],[-80.027596,43.841049],[-80.027585,43.841115],[-80.02761,43.841197],[-80.027697,43.841314],[-80.027759,43.841385],[-80.027852,43.841454],[-80.028194,43.841552],[-80.028275,43.841595],[-80.02837,43.841671]]}},{"type":"Feature","properties":{"k":"path"},"geometry":{"type":"LineString","coordinates":[[-80.027289,43.844142],[-80.027394,43.844328],[-80.027417,43.844349],[-80.027441,43.844361],[-80.027488,43.844368],[-80.027555,43.844352],[-80.027688,43.844265],[-80.027768,43.84419],[-80.027786,43.844168],[-80.027869,43.843986],[-80.027949,43.843888],[-80.028009,43.843842],[-80.028165,43.843779],[-80.028286,43.84372],[-80.028394,43.843609]]}},{"type":"Feature","properties":{"k":"path"},"geometry":{"type":"LineString","coordinates":[[-80.03149,43.843147],[-80.0316,43.843155],[-80.031726,43.843215],[-80.03181,43.843241],[-80.031855,43.843245],[-80.031938,43.843246],[-80.031988,43.843232],[-80.032021,43.843195],[-80.032024,43.84317],[-80.032012,43.843149],[-80.031899,43.843099],[-80.031689,43.843034],[-80.031486,43.842953],[-80.031198,43.842863]]}},{"type":"Feature","properties":{"k":"path"},"geometry":{"type":"LineString","coordinates":[[-80.02782,43.840945],[-80.027874,43.84096],[-80.027929,43.841003],[-80.02796,43.8411],[-80.027995,43.841141],[-80.028101,43.8412],[-80.028157,43.841202],[-80.028215,43.84118],[-80.028263,43.841151],[-80.028308,43.841104],[-80.028479,43.840876],[-80.028523,43.840845],[-80.028569,43.84083],[-80.028623,43.840826],[-80.028717,43.840844],[-80.028969,43.840945],[-80.029264,43.84103],[-80.02931,43.841029],[-80.02936,43.841015],[-80.029404,43.840966],[-80.029471,43.840872],[-80.029473,43.840858],[-80.029434,43.840809],[-80.029412,43.840795],[-80.029294,43.840746]]}},{"type":"Feature","properties":{"k":"path"},"geometry":{"type":"LineString","coordinates":[[-80.029471,43.840872],[-80.029662,43.840881],[-80.029881,43.840865],[-80.029966,43.840875],[-80.03023,43.840935],[-80.030366,43.840947],[-80.030665,43.841],[-80.031063,43.841094],[-80.031334,43.841173],[-80.031451,43.841217],[-80.031549,43.84129],[-80.031634,43.84141],[-80.031737,43.841593],[-80.031773,43.84162],[-80.032226,43.84179],[-80.032481,43.841872],[-80.032657,43.841942],[-80.032778,43.841979],[-80.032871,43.841998],[-80.033192,43.842136]]}},{"type":"Feature","properties":{"k":"path"},"geometry":{"type":"LineString","coordinates":[[-80.035007,43.84361],[-80.035103,43.843707],[-80.035213,43.843778],[-80.035405,43.843883],[-80.035458,43.843891],[-80.035504,43.843887],[-80.035654,43.843846],[-80.035915,43.843818],[-80.036352,43.843699],[-80.036639,43.843651],[-80.036762,43.843652],[-80.036854,43.843665],[-80.036911,43.84369],[-80.036958,43.843723],[-80.037146,43.843745],[-80.037259,43.84381]]}},{"type":"Feature","properties":{"k":"path"},"geometry":{"type":"LineString","coordinates":[[-80.036676,43.846162],[-80.036582,43.846224],[-80.036467,43.846423],[-80.036417,43.846555],[-80.036417,43.846678],[-80.036406,43.846714],[-80.036374,43.846751],[-80.036346,43.84677],[-80.036235,43.846818],[-80.036188,43.846855],[-80.036132,43.846992],[-80.036085,43.847034]]}},{"type":"Feature","properties":{"k":"path"},"geometry":{"type":"LineString","coordinates":[[-80.033288,43.848059],[-80.033075,43.848076],[-80.033001,43.848089],[-80.032949,43.84811],[-80.032917,43.848136],[-80.032745,43.848356],[-80.032708,43.848414],[-80.032691,43.848481],[-80.03267,43.848513],[-80.032649,43.848534],[-80.032536,43.848577],[-80.032487,43.848613],[-80.032453,43.848706],[-80.032461,43.848795],[-80.032454,43.848811],[-80.032355,43.848883],[-80.032342,43.848911],[-80.032352,43.848924],[-80.032364,43.848934],[-80.0324,43.848945],[-80.032521,43.848935],[-80.032577,43.848945],[-80.032608,43.848957],[-80.032738,43.849047],[-80.032781,43.849062],[-80.032833,43.849063],[-80.032885,43.849052],[-80.032985,43.848998],[-80.033057,43.848968],[-80.03336,43.848868],[-80.033766,43.848811],[-80.033987,43.848766]]}},{"type":"Feature","properties":{"k":"path"},"geometry":{"type":"LineString","coordinates":[[-80.035331,43.849882],[-80.035211,43.849943],[-80.035246,43.849988],[-80.035319,43.850041],[-80.035346,43.850075],[-80.035352,43.8501],[-80.035327,43.850173],[-80.035321,43.850229],[-80.035349,43.850286],[-80.03545,43.850387],[-80.035575,43.850468],[-80.03562,43.850491],[-80.035841,43.850566],[-80.035927,43.850608]]}},{"type":"Feature","properties":{"k":"path"},"geometry":{"type":"LineString","coordinates":[[-80.035211,43.849943],[-80.035068,43.849882],[-80.034963,43.849819],[-80.034666,43.849666],[-80.034629,43.849654],[-80.034543,43.849645],[-80.034499,43.849646],[-80.03447,43.849668],[-80.03449,43.849688],[-80.034572,43.84965]]}},{"type":"Feature","properties":{"k":"path"},"geometry":{"type":"LineString","coordinates":[[-80.039546,43.850815],[-80.03978,43.850853],[-80.039936,43.85085],[-80.039974,43.850966],[-80.039974,43.851131],[-80.040001,43.851275],[-80.039949,43.851371],[-80.03995,43.851394],[-80.039983,43.851419],[-80.040009,43.851422],[-80.040051,43.851404],[-80.040062,43.851365],[-80.04004,43.851322],[-80.040001,43.851275]]}},{"type":"Feature","properties":{"k":"path"},"geometry":{"type":"LineString","coordinates":[[-80.039936,43.85085],[-80.039916,43.850748],[-80.039863,43.85065],[-80.039817,43.850589],[-80.039792,43.850557],[-80.039729,43.850504],[-80.03964,43.850458],[-80.039449,43.850437],[-80.039307,43.850385],[-80.039248,43.850381],[-80.039199,43.850401],[-80.039102,43.850515],[-80.039049,43.850538],[-80.038987,43.850541],[-80.038954,43.850532],[-80.03873,43.850395],[-80.03866,43.850364],[-80.038582,43.850353],[-80.038535,43.850354],[-80.038217,43.850378],[-80.038107,43.850346],[-80.037934,43.850257],[-80.037896,43.850244],[-80.0378,43.850225],[-80.037744,43.850222],[-80.037615,43.850234]]}},{"type":"Feature","properties":{"k":"path"},"geometry":{"type":"LineString","coordinates":[[-80.036243,43.848031],[-80.036163,43.848039],[-80.036008,43.848034],[-80.035927,43.848044],[-80.035858,43.848066],[-80.035719,43.848136],[-80.035627,43.848193],[-80.035589,43.84823],[-80.035523,43.848351],[-80.035466,43.848407],[-80.035408,43.848412],[-80.035232,43.848408],[-80.035163,43.84839],[-80.034875,43.848276],[-80.034799,43.848231],[-80.034729,43.848169],[-80.03465,43.84802],[-80.034658,43.847993],[-80.034685,43.847971],[-80.034817,43.84794],[-80.034931,43.847935]]}},{"type":"Feature","properties":{"k":"path"},"geometry":{"type":"LineString","coordinates":[[-80.035466,43.848407],[-80.03553,43.848463],[-80.035576,43.848519],[-80.035682,43.84879],[-80.03575,43.84884],[-80.035886,43.848903]]}},{"type":"Feature","properties":{"k":"path"},"geometry":{"type":"LineString","coordinates":[[-80.036768,43.847711],[-80.036831,43.847704],[-80.036971,43.847713],[-80.037027,43.847366],[-80.037028,43.84716],[-80.037137,43.847005],[-80.037154,43.846951],[-80.037151,43.846911]]}},{"type":"Feature","properties":{"k":"path"},"geometry":{"type":"LineString","coordinates":[[-80.036971,43.847713],[-80.036971,43.847879],[-80.036979,43.8479],[-80.037018,43.847932],[-80.037045,43.847941],[-80.037174,43.847949],[-80.037249,43.847962],[-80.037269,43.847957],[-80.037275,43.847928],[-80.037264,43.847919],[-80.037235,43.847924],[-80.037174,43.847949]]}},{"type":"Feature","properties":{"k":"path"},"geometry":{"type":"LineString","coordinates":[[-80.037907,43.844321],[-80.037989,43.844279],[-80.038099,43.844254],[-80.038205,43.844258],[-80.038274,43.844276],[-80.038305,43.844294],[-80.038377,43.844367],[-80.03843,43.844465],[-80.038443,43.844518],[-80.038437,43.844644],[-80.038458,43.844707]]}},{"type":"Feature","properties":{"k":"path"},"geometry":{"type":"LineString","coordinates":[[-80.038726,43.845273],[-80.038811,43.84545],[-80.038842,43.845473],[-80.038874,43.845478],[-80.039014,43.845454],[-80.039084,43.845476],[-80.039102,43.84549],[-80.039156,43.845597],[-80.03922,43.845656],[-80.039316,43.845699],[-80.039427,43.845731],[-80.039466,43.845749],[-80.039503,43.845777],[-80.039743,43.84603],[-80.039884,43.846201],[-80.039939,43.846316],[-80.039957,43.846411],[-80.039951,43.846476],[-80.039897,43.846577],[-80.039728,43.846734]]}},{"type":"Feature","properties":{"k":"path"},"geometry":{"type":"LineString","coordinates":[[-80.038878,43.847986],[-80.038873,43.848024],[-80.038887,43.848059],[-80.039108,43.848294],[-80.039124,43.848344],[-80.039113,43.848397],[-80.039083,43.84841],[-80.038929,43.848431],[-80.038817,43.848425],[-80.038549,43.848453],[-80.038364,43.84845],[-80.038251,43.848456],[-80.038061,43.848504],[-80.038009,43.848507],[-80.037839,43.848439],[-80.037793,43.848428],[-80.037709,43.848427],[-80.037669,43.848435],[-80.037634,43.848455],[-80.037476,43.848613],[-80.037453,43.848646],[-80.037443,43.848675],[-80.03745,43.8487],[-80.037462,43.848725],[-80.03749,43.848749],[-80.037873,43.848949],[-80.037984,43.849039],[-80.038134,43.84919],[-80.038168,43.849212],[-80.038312,43.84927],[-80.038408,43.849325]]}},{"type":"Feature","properties":{"k":"path"},"geometry":{"type":"LineString","coordinates":[[-80.041191,43.849139],[-80.041317,43.849184],[-80.041419,43.849211],[-80.041521,43.849261],[-80.04173,43.849321],[-80.041776,43.849341],[-80.041814,43.849371],[-80.041852,43.84942],[-80.041892,43.849563],[-80.041924,43.849614],[-80.041927,43.849773],[-80.04195,43.849875],[-80.041968,43.849899],[-80.042006,43.849917],[-80.042085,43.849926],[-80.042268,43.849881]]}},{"type":"Feature","properties":{"k":"bunker"},"geometry":{"type":"Polygon","coordinates":[[[-80.036516,43.849594],[-80.036494,43.849596],[-80.036488,43.849629],[-80.036519,43.849649],[-80.036524,43.849664],[-80.03655,43.849668],[-80.036566,43.849684],[-80.036567,43.849727],[-80.036577,43.849738],[-80.036622,43.849745],[-80.036666,43.849729],[-80.036679,43.849718],[-80.036663,43.849652],[-80.036673,43.849629],[-80.036662,43.849609],[-80.03665,43.8496],[-80.036629,43.849603],[-80.036593,43.849626],[-80.03657,43.849623],[-80.036541,43.849599],[-80.036516,43.849594]]]}},{"type":"Feature","properties":{"k":"bunker"},"geometry":{"type":"Polygon","coordinates":[[[-80.036433,43.849433],[-80.036456,43.849455],[-80.036516,43.849466],[-80.036535,43.849462],[-80.036547,43.84945],[-80.036556,43.849407],[-80.036548,43.849391],[-80.036494,43.849356],[-80.03649,43.849326],[-80.036479,43.849312],[-80.036453,43.849313],[-80.036387,43.849343],[-80.036361,43.849381],[-80.03637,43.849404],[-80.036403,43.849411],[-80.036433,43.849433]]]}},{"type":"Feature","properties":{"k":"green"},"geometry":{"type":"Polygon","coordinates":[[[-80.042706,43.850895],[-80.042567,43.850938],[-80.042533,43.850953],[-80.042503,43.850977],[-80.042483,43.851006],[-80.042477,43.851051],[-80.042494,43.851081],[-80.042523,43.851103],[-80.04259,43.851116],[-80.042676,43.851097],[-80.042867,43.851039],[-80.042908,43.851019],[-80.042939,43.850992],[-80.042945,43.850946],[-80.042936,43.850927],[-80.042902,43.850902],[-80.042875,43.850891],[-80.042787,43.850881],[-80.042706,43.850895]]]}},{"type":"Feature","properties":{"k":"green"},"geometry":{"type":"Polygon","coordinates":[[[-80.041121,43.848128],[-80.041192,43.848161],[-80.041229,43.848199],[-80.041186,43.848388],[-80.041263,43.848528],[-80.041303,43.848557],[-80.041349,43.848568],[-80.041423,43.848561],[-80.041494,43.84853],[-80.041546,43.848475],[-80.041577,43.84841],[-80.041596,43.848335],[-80.041651,43.848284],[-80.041885,43.848121],[-80.041919,43.848048],[-80.041895,43.847992],[-80.041842,43.847966],[-80.041787,43.847963],[-80.041719,43.847972],[-80.041654,43.847997],[-80.041568,43.848126],[-80.041531,43.848166],[-80.041466,43.848186],[-80.041389,43.848186],[-80.041328,43.848166],[-80.041303,43.848128],[-80.041288,43.848077],[-80.041254,43.848028],[-80.041177,43.847948],[-80.041131,43.847926],[-80.041017,43.847904],[-80.040952,43.847868],[-80.040906,43.847752],[-80.040912,43.847675],[-80.040899,43.847603],[-80.040847,43.847544],[-80.040508,43.847315],[-80.040474,43.847277],[-80.04044,43.847179],[-80.0404,43.84717],[-80.040342,43.84719],[-80.040305,43.847228],[-80.040299,43.847295],[-80.040339,43.84737],[-80.040382,43.847441],[-80.040453,43.847515],[-80.040533,43.847575],[-80.0406,43.847604],[-80.040681,43.847619],[-80.040728,43.847649],[-80.040765,43.847693],[-80.040772,43.847735],[-80.040747,43.847867],[-80.040758,43.847899],[-80.040794,43.847949],[-80.040926,43.848001],[-80.040945,43.848045],[-80.040938,43.848067],[-80.040894,43.848094],[-80.040842,43.848099],[-80.040801,43.848091],[-80.040726,43.848121],[-80.040674,43.848133],[-80.040544,43.848096],[-80.040441,43.848084],[-80.040277,43.848084],[-80.040053,43.848121],[-80.039976,43.848114],[-80.039857,43.848121],[-80.039542,43.848213],[-80.039509,43.848245],[-80.039509,43.848274],[-80.039518,43.848304],[-80.039556,43.848333],[-80.03961,43.84835],[-80.039684,43.848357],[-80.040128,43.848325],[-80.04027,43.848298],[-80.040583,43.848266],[-80.040878,43.848223],[-80.041121,43.848128]]]}},{"type":"Feature","properties":{"k":"green"},"geometry":{"type":"Polygon","coordinates":[[[-80.05418,43.855028],[-80.054179,43.855069],[-80.054196,43.855108],[-80.054251,43.855124],[-80.05433,43.85512],[-80.054533,43.855081],[-80.054574,43.855065],[-80.05459,43.855037],[-80.054581,43.855005],[-80.054544,43.854969],[-80.054457,43.854937],[-80.054386,43.854931],[-80.054315,43.854936],[-80.054265,43.854953],[-80.054198,43.854996],[-80.05418,43.855028]]]}},{"type":"Feature","properties":{"k":"green"},"geometry":{"type":"Polygon","coordinates":[[[-80.053717,43.85405],[-80.05372,43.854119],[-80.053745,43.854192],[-80.053791,43.854237],[-80.053831,43.854256],[-80.053898,43.854267],[-80.053959,43.854256],[-80.054024,43.854216],[-80.054078,43.854161],[-80.054096,43.854108],[-80.054093,43.854084],[-80.054071,43.854046],[-80.053905,43.85396],[-80.053844,43.853953],[-80.053777,43.853974],[-80.053744,43.853999],[-80.053717,43.85405]]]}},{"type":"Feature","properties":{"k":"bunker"},"geometry":{"type":"Polygon","coordinates":[[[-80.053459,43.854129],[-80.053482,43.854191],[-80.053526,43.854247],[-80.053575,43.854261],[-80.053604,43.854252],[-80.053618,43.854255],[-80.053636,43.854261],[-80.053641,43.854283],[-80.053657,43.85429],[-80.053716,43.854256],[-80.053715,43.854228],[-80.053672,43.854205],[-80.053647,43.854177],[-80.053656,43.854153],[-80.053703,43.854122],[-80.053706,43.854098],[-80.053692,43.854079],[-80.053592,43.854044],[-80.053485,43.854045],[-80.053457,43.854053],[-80.053449,43.854064],[-80.053459,43.854129]]]}},{"type":"Feature","properties":{"k":"fairway"},"geometry":{"type":"Polygon","coordinates":[[[-80.054803,43.853188],[-80.054687,43.85324],[-80.054638,43.853218],[-80.054611,43.853217],[-80.054579,43.85324],[-80.054575,43.853259],[-80.054589,43.853293],[-80.054522,43.853338],[-80.05444,43.853273],[-80.054314,43.853248],[-80.054281,43.853237],[-80.054262,43.853221],[-80.054218,43.853156],[-80.054198,43.853091],[-80.054196,43.853057],[-80.054215,43.853009],[-80.054231,43.852993],[-80.054283,43.852968],[-80.054315,43.852964],[-80.054359,43.852969],[-80.054436,43.85301],[-80.054525,43.853086],[-80.054588,43.853125],[-80.054733,43.853135],[-80.054803,43.853188]]]}},{"type":"Feature","properties":{"k":"green"},"geometry":{"type":"Polygon","coordinates":[[[-80.051951,43.849898],[-80.051955,43.84994],[-80.052001,43.850057],[-80.05205,43.850101],[-80.052098,43.850112],[-80.052149,43.85008],[-80.052192,43.850033],[-80.052206,43.849994],[-80.052202,43.849958],[-80.052183,43.849923],[-80.052121,43.849858],[-80.052055,43.849829],[-80.052022,43.849828],[-80.051988,43.849837],[-80.051955,43.849868],[-80.051951,43.849898]]]}},{"type":"Feature","properties":{"k":"fairway"},"geometry":{"type":"Polygon","coordinates":[[[-80.052482,43.852433],[-80.052509,43.852456],[-80.05257,43.852472],[-80.052719,43.852435],[-80.052773,43.852416],[-80.05281,43.852392],[-80.052841,43.852358],[-80.052853,43.852319],[-80.052804,43.85216],[-80.052791,43.85208],[-80.052767,43.852049],[-80.052722,43.852012],[-80.052674,43.85199],[-80.052483,43.851954],[-80.052451,43.851937],[-80.052378,43.851858],[-80.052368,43.851833],[-80.052405,43.851713],[-80.052385,43.851594],[-80.052249,43.851478],[-80.052229,43.851443],[-80.052204,43.851276],[-80.052215,43.851237],[-80.052275,43.851134],[-80.052261,43.851066],[-80.052218,43.850996],[-80.05224,43.850924],[-80.052209,43.850851],[-80.052204,43.850809],[-80.052226,43.850716],[-80.052281,43.8506],[-80.052281,43.850565],[-80.052235,43.850465],[-80.052246,43.850432],[-80.052315,43.850374],[-80.052351,43.850319],[-80.052328,43.850202],[-80.05238,43.850107],[-80.052381,43.85008],[-80.052369,43.850042],[-80.052329,43.84999],[-80.052317,43.849936],[-80.052294,43.84991],[-80.052232,43.849913],[-80.052072,43.849825],[-80.052043,43.849815],[-80.052013,43.849817],[-80.051975,43.849833],[-80.051938,43.849881],[-80.05185,43.849957],[-80.051805,43.850081],[-80.051802,43.850116],[-80.051825,43.850145],[-80.051895,43.8502],[-80.051923,43.850262],[-80.051893,43.850427],[-80.051898,43.85047],[-80.051947,43.850575],[-80.051952,43.850613],[-80.051929,43.850699],[-80.051956,43.850777],[-80.051959,43.850814],[-80.05193,43.850863],[-80.051855,43.850923],[-80.051852,43.850947],[-80.051899,43.851019],[-80.051925,43.85109],[-80.051925,43.851115],[-80.051884,43.851183],[-80.051876,43.851212],[-80.051878,43.851354],[-80.051825,43.851575],[-80.051815,43.851714],[-80.051827,43.851767],[-80.051868,43.851825],[-80.05197,43.851907],[-80.052012,43.851959],[-80.05213,43.852059],[-80.052171,43.852087],[-80.052261,43.852131],[-80.052486,43.852198],[-80.052525,43.852225],[-80.052531,43.852252],[-80.05252,43.852284],[-80.052463,43.852366],[-80.052457,43.852398],[-80.052482,43.852433]]]}},{"type":"Feature","properties":{"k":"green"},"geometry":{"type":"Polygon","coordinates":[[[-80.046106,43.846157],[-80.046076,43.846217],[-80.046053,43.846351],[-80.046082,43.846386],[-80.046126,43.846411],[-80.046189,43.846417],[-80.046248,43.846413],[-80.046314,43.846383],[-80.046344,43.846343],[-80.046313,43.846206],[-80.046281,43.846157],[-80.046236,43.846137],[-80.046161,43.846132],[-80.04613,43.84614],[-80.046106,43.846157]]]}},{"type":"Feature","properties":{"k":"green"},"geometry":{"type":"Polygon","coordinates":[[[-80.044859,43.847509],[-80.044958,43.847606],[-80.045013,43.847622],[-80.045064,43.847622],[-80.0451,43.847607],[-80.045125,43.847576],[-80.04514,43.847499],[-80.045127,43.84744],[-80.045111,43.847423],[-80.045067,43.847402],[-80.04503,43.847401],[-80.044947,43.847418],[-80.044885,43.847443],[-80.044865,43.847462],[-80.044856,43.847483],[-80.044859,43.847509]]]}},{"type":"Feature","properties":{"k":"green"},"geometry":{"type":"Polygon","coordinates":[[[-80.046251,43.847006],[-80.046257,43.847044],[-80.046304,43.8471],[-80.046337,43.847178],[-80.046367,43.847208],[-80.04641,43.847227],[-80.046472,43.847233],[-80.046526,43.847225],[-80.046572,43.847202],[-80.046599,43.847167],[-80.046588,43.847138],[-80.046497,43.847096],[-80.046418,43.846976],[-80.046373,43.846958],[-80.046314,43.846955],[-80.046273,43.846971],[-80.046251,43.847006]]]}},{"type":"Feature","properties":{"k":"green"},"geometry":{"type":"Polygon","coordinates":[[[-80.050416,43.850825],[-80.050368,43.850909],[-80.05037,43.850963],[-80.050382,43.850981],[-80.050402,43.850997],[-80.050506,43.851038],[-80.050542,43.851042],[-80.050569,43.851037],[-80.050631,43.850991],[-80.05065,43.850952],[-80.050617,43.850827],[-80.050589,43.850795],[-80.050518,43.850776],[-80.05048,43.850781],[-80.05045,43.850795],[-80.050416,43.850825]]]}},{"type":"Feature","properties":{"k":"tee"},"geometry":{"type":"Polygon","coordinates":[[[-80.051183,43.85169],[-80.051225,43.851726],[-80.051293,43.85173],[-80.051337,43.851695],[-80.051343,43.851661],[-80.051334,43.851641],[-80.051298,43.851619],[-80.05124,43.851617],[-80.051193,43.851641],[-80.05118,43.851671],[-80.051183,43.85169]]]}},{"type":"Feature","properties":{"k":"fairway"},"geometry":{"type":"Polygon","coordinates":[[[-80.050232,43.850804],[-80.050173,43.850832],[-80.050183,43.850854],[-80.050178,43.850891],[-80.050192,43.850932],[-80.050253,43.850989],[-80.0504,43.851029],[-80.050466,43.851059],[-80.050508,43.851064],[-80.050549,43.851063],[-80.050589,43.851052],[-80.05062,43.851038],[-80.050668,43.85099],[-80.05068,43.85096],[-80.050679,43.85091],[-80.050637,43.850798],[-80.050582,43.850721],[-80.050531,43.850674],[-80.050495,43.850654],[-80.050324,43.850744],[-80.050372,43.850791],[-80.050377,43.850811],[-80.050361,43.850844],[-80.05034,43.850854],[-80.050286,43.850845],[-80.050232,43.850804]]]}},{"type":"Feature","properties":{"k":"bunker"},"geometry":{"type":"Polygon","coordinates":[[[-80.05024,43.850778],[-80.050301,43.850825],[-80.050329,43.850834],[-80.05035,43.850827],[-80.050356,43.850818],[-80.050346,43.850788],[-80.050298,43.850756],[-80.050242,43.850752],[-80.050232,43.850767],[-80.05024,43.850778]]]}},{"type":"Feature","properties":{"k":"fairway"},"geometry":{"type":"Polygon","coordinates":[[[-80.047399,43.848759],[-80.047358,43.848872],[-80.047347,43.848932],[-80.047348,43.849006],[-80.047372,43.849024],[-80.047413,43.849034],[-80.047578,43.84904],[-80.04767,43.849059],[-80.047691,43.849077],[-80.04771,43.849112],[-80.047741,43.849212],[-80.047769,43.849268],[-80.047843,43.849355],[-80.047907,43.84938],[-80.048029,43.849399],[-80.048073,43.849415],[-80.048128,43.84945],[-80.048293,43.849618],[-80.048484,43.849787],[-80.048505,43.849849],[-80.048535,43.849886],[-80.048721,43.849924],[-80.048784,43.849948],[-80.048862,43.84999],[-80.049,43.850083],[-80.049075,43.850145],[-80.049149,43.850215],[-80.049234,43.850313],[-80.049273,43.850344],[-80.049317,43.850367],[-80.049496,43.85042],[-80.04953,43.850437],[-80.049698,43.850552],[-80.049754,43.850629],[-80.04978,43.850649],[-80.049816,43.850666],[-80.049984,43.850714],[-80.050037,43.850736],[-80.050138,43.850796],[-80.050173,43.850832],[-80.050232,43.850804],[-80.050212,43.850768],[-80.050209,43.850752],[-80.05022,43.850738],[-80.050238,43.850728],[-80.05027,43.850727],[-80.050324,43.850744],[-80.050495,43.850654],[-80.050413,43.850615],[-80.050239,43.85057],[-80.050204,43.850555],[-80.050182,43.850527],[-80.050144,43.850411],[-80.050119,43.850385],[-80.050055,43.850347],[-80.05,43.850324],[-80.049896,43.850296],[-80.049716,43.850292],[-80.049671,43.850278],[-80.049609,43.850233],[-80.049591,43.850197],[-80.04958,43.850158],[-80.049586,43.850101],[-80.049572,43.850048],[-80.049537,43.85],[-80.04947,43.849951],[-80.049271,43.849847],[-80.049225,43.849815],[-80.049083,43.849639],[-80.049042,43.849601],[-80.048994,43.849576],[-80.048792,43.849497],[-80.048738,43.849464],[-80.048636,43.849368],[-80.048595,43.849342],[-80.04852,43.849316],[-80.048396,43.849286],[-80.048345,43.849265],[-80.048083,43.849087],[-80.047975,43.848988],[-80.047558,43.848725],[-80.047488,43.848706],[-80.047452,43.848712],[-80.047424,43.848726],[-80.047399,43.848759]]]}},{"type":"Feature","properties":{"k":"tee"},"geometry":{"type":"Polygon","coordinates":[[[-80.050941,43.851469],[-80.051032,43.851543],[-80.051121,43.851603],[-80.051148,43.851608],[-80.051221,43.851593],[-80.051242,43.851582],[-80.051267,43.851548],[-80.05126,43.851516],[-80.051218,43.851492],[-80.0511,43.851484],[-80.051079,43.851471],[-80.051066,43.851453],[-80.051058,43.851388],[-80.051042,43.85137],[-80.051017,43.851358],[-80.05097,43.851357],[-80.050938,43.851368],[-80.050925,43.85138],[-80.050919,43.851432],[-80.050941,43.851469]]]}},{"type":"Feature","properties":{"k":"tee"},"geometry":{"type":"Polygon","coordinates":[[[-80.050848,43.851195],[-80.050832,43.851241],[-80.050848,43.85127],[-80.050887,43.851283],[-80.050922,43.851276],[-80.050958,43.851235],[-80.050965,43.851209],[-80.050953,43.851174],[-80.050921,43.851158],[-80.0509,43.851161],[-80.050848,43.851195]]]}},{"type":"Feature","properties":{"k":"bunker"},"geometry":{"type":"Polygon","coordinates":[[[-80.053812,43.850679],[-80.053816,43.850709],[-80.053847,43.85071],[-80.053866,43.850724],[-80.053878,43.850762],[-80.053727,43.85088],[-80.053728,43.850898],[-80.053742,43.850915],[-80.05377,43.850926],[-80.053836,43.850923],[-80.053886,43.85087],[-80.053949,43.850863],[-80.053955,43.850832],[-80.053944,43.850812],[-80.053961,43.8508],[-80.053996,43.850799],[-80.054015,43.850791],[-80.054018,43.850752],[-80.054033,43.850728],[-80.054005,43.850716],[-80.053942,43.850725],[-80.053914,43.850718],[-80.053906,43.850702],[-80.053908,43.850686],[-80.053949,43.850663],[-80.053973,43.850656],[-80.054038,43.850664],[-80.054056,43.850656],[-80.054061,43.850646],[-80.054033,43.850623],[-80.054079,43.850583],[-80.054068,43.850571],[-80.054034,43.850567],[-80.054028,43.850559],[-80.054034,43.850529],[-80.054017,43.850505],[-80.053973,43.850508],[-80.053951,43.850518],[-80.053923,43.850584],[-80.053947,43.850596],[-80.053947,43.850614],[-80.05393,43.850629],[-80.053812,43.850679]]]}},{"type":"Feature","properties":{"k":"green"},"geometry":{"type":"Polygon","coordinates":[[[-80.054378,43.851941],[-80.054352,43.851993],[-80.054341,43.852113],[-80.054357,43.852184],[-80.054402,43.852242],[-80.054438,43.852264],[-80.054481,43.852267],[-80.054528,43.85226],[-80.054605,43.852228],[-80.054627,43.852195],[-80.05463,43.852169],[-80.054553,43.852039],[-80.054537,43.851961],[-80.054502,43.851931],[-80.054467,43.851918],[-80.054428,43.851918],[-80.054378,43.851941]]]}},{"type":"Feature","properties":{"k":"bunker"},"geometry":{"type":"Polygon","coordinates":[[[-80.05467,43.851877],[-80.054627,43.851928],[-80.054622,43.851959],[-80.054633,43.851982],[-80.054656,43.851997],[-80.054684,43.852002],[-80.054741,43.851974],[-80.054772,43.851904],[-80.054772,43.851868],[-80.054758,43.851852],[-80.054732,43.851851],[-80.0547,43.851857],[-80.05467,43.851877]]]}},{"type":"Feature","properties":{"k":"bunker"},"geometry":{"type":"Polygon","coordinates":[[[-80.053951,43.850518],[-80.053933,43.850529],[-80.053904,43.85053],[-80.053895,43.850522],[-80.053895,43.850485],[-80.053872,43.850468],[-80.053851,43.850471],[-80.053791,43.8505],[-80.053768,43.850495],[-80.053723,43.850423],[-80.053705,43.850414],[-80.053654,43.850407],[-80.053622,43.850432],[-80.05359,43.850542],[-80.053545,43.850567],[-80.05353,43.850614],[-80.053535,43.85064],[-80.053547,43.850656],[-80.053616,43.850689],[-80.053624,43.850701],[-80.053687,43.850712],[-80.053696,43.850735],[-80.053685,43.85076],[-80.053692,43.850773],[-80.053719,43.850791],[-80.053746,43.85079],[-80.053766,43.850773],[-80.053777,43.850731],[-80.053816,43.850709],[-80.053812,43.850679],[-80.05377,43.850683],[-80.053742,43.850675],[-80.053678,43.850677],[-80.053626,43.850653],[-80.053615,43.850631],[-80.053626,43.850625],[-80.053667,43.850629],[-80.053673,43.850604],[-80.053703,43.850596],[-80.053716,43.850544],[-80.053728,43.850544],[-80.053743,43.85056],[-80.053746,43.850578],[-80.053726,43.850615],[-80.053726,43.850638],[-80.053747,43.850647],[-80.053775,43.850641],[-80.053789,43.850572],[-80.053862,43.85057],[-80.053923,43.850584],[-80.053951,43.850518]]]}},{"type":"Feature","properties":{"k":"bunker"},"geometry":{"type":"Polygon","coordinates":[[[-80.054549,43.851778],[-80.0545,43.851822],[-80.054496,43.851847],[-80.05451,43.85187],[-80.054539,43.85188],[-80.054574,43.85187],[-80.054625,43.851832],[-80.054648,43.851804],[-80.054627,43.851764],[-80.054576,43.851763],[-80.054549,43.851778]]]}},{"type":"Feature","properties":{"k":"bunker"},"geometry":{"type":"Polygon","coordinates":[[[-80.054607,43.853274],[-80.054627,43.853288],[-80.054655,43.853286],[-80.054671,43.853274],[-80.054673,43.853259],[-80.054647,43.85324],[-80.054612,43.85324],[-80.054599,43.853254],[-80.054607,43.853274]]]}},{"type":"Feature","properties":{"k":"bunker"},"geometry":{"type":"Polygon","coordinates":[[[-80.05434,43.853335],[-80.054351,43.853353],[-80.0544,43.853376],[-80.05448,43.85343],[-80.054513,43.853437],[-80.05453,43.853431],[-80.054537,43.853419],[-80.054533,43.853398],[-80.054473,43.853369],[-80.054408,43.853316],[-80.054383,43.853305],[-80.054363,43.853306],[-80.054345,43.853314],[-80.05434,43.853335]]]}},{"type":"Feature","properties":{"k":"bunker"},"geometry":{"type":"Polygon","coordinates":[[[-80.054402,43.853471],[-80.054464,43.8535],[-80.054496,43.853497],[-80.054504,43.853487],[-80.054479,43.853455],[-80.054411,43.853415],[-80.05436,43.853392],[-80.054337,43.85339],[-80.05432,43.853403],[-80.054319,43.853437],[-80.054329,43.853449],[-80.054402,43.853471]]]}},{"type":"Feature","properties":{"k":"fairway"},"geometry":{"type":"Polygon","coordinates":[[[-80.054333,43.852204],[-80.05443,43.852239],[-80.054493,43.851959],[-80.054452,43.851892],[-80.054446,43.851854],[-80.054456,43.851825],[-80.054548,43.851723],[-80.054617,43.851668],[-80.054655,43.851616],[-80.054664,43.851588],[-80.054646,43.851527],[-80.054595,43.851441],[-80.054567,43.851325],[-80.054519,43.851219],[-80.05452,43.851169],[-80.054567,43.850943],[-80.054575,43.850844],[-80.054558,43.850643],[-80.054516,43.850513],[-80.054477,43.850454],[-80.054451,43.850429],[-80.054369,43.850379],[-80.054195,43.850303],[-80.054125,43.850259],[-80.054092,43.850218],[-80.054091,43.850124],[-80.054072,43.850068],[-80.054027,43.850037],[-80.053983,43.850023],[-80.053941,43.850019],[-80.053875,43.850037],[-80.053787,43.85012],[-80.053765,43.85015],[-80.053755,43.850215],[-80.053798,43.850322],[-80.053826,43.850358],[-80.05392,43.85041],[-80.054029,43.85045],[-80.054079,43.850476],[-80.054129,43.850533],[-80.054146,43.850566],[-80.054151,43.850606],[-80.054153,43.850668],[-80.054141,43.850737],[-80.05412,43.850781],[-80.054039,43.85087],[-80.054017,43.850919],[-80.054017,43.850981],[-80.054037,43.851024],[-80.054212,43.851234],[-80.054373,43.851361],[-80.0544,43.851418],[-80.054402,43.851452],[-80.054377,43.851512],[-80.054342,43.851545],[-80.054248,43.851603],[-80.054233,43.851624],[-80.054279,43.851724],[-80.054294,43.851833],[-80.054279,43.851872],[-80.054255,43.851891],[-80.054101,43.851943],[-80.054077,43.851963],[-80.054068,43.851999],[-80.054073,43.852027],[-80.054103,43.852084],[-80.054155,43.852134],[-80.054194,43.852154],[-80.054333,43.852204]]]}},{"type":"Feature","properties":{"k":"green"},"geometry":{"type":"Polygon","coordinates":[[[-80.050995,43.850289],[-80.050987,43.850361],[-80.050998,43.850382],[-80.051009,43.850396],[-80.051061,43.850411],[-80.051087,43.850407],[-80.051202,43.850342],[-80.051305,43.850313],[-80.051347,43.850281],[-80.051353,43.850263],[-80.051333,43.850223],[-80.051311,43.850205],[-80.051241,43.850181],[-80.051194,43.850183],[-80.05115,43.850191],[-80.051078,43.850219],[-80.051012,43.850265],[-80.050995,43.850289]]]}},{"type":"Feature","properties":{"k":"bunker"},"geometry":{"type":"Polygon","coordinates":[[[-80.051237,43.850363],[-80.051207,43.850403],[-80.051211,43.850419],[-80.051226,43.850424],[-80.051254,43.850411],[-80.051281,43.850373],[-80.051274,43.850356],[-80.051255,43.850353],[-80.051237,43.850363]]]}},{"type":"Feature","properties":{"k":"bunker"},"geometry":{"type":"Polygon","coordinates":[[[-80.044843,43.847379],[-80.044869,43.847392],[-80.044905,43.847395],[-80.044968,43.847384],[-80.044982,43.847375],[-80.044981,43.847365],[-80.04495,43.847344],[-80.044862,43.847342],[-80.044839,43.847358],[-80.044843,43.847379]]]}},{"type":"Feature","properties":{"k":"bunker"},"geometry":{"type":"Polygon","coordinates":[[[-80.044738,43.847466],[-80.044785,43.847482],[-80.044801,43.847479],[-80.04482,43.847454],[-80.044799,43.847435],[-80.044763,43.847432],[-80.04474,43.847445],[-80.044738,43.847466]]]}},{"type":"Feature","properties":{"k":"bunker"},"geometry":{"type":"Polygon","coordinates":[[[-80.044718,43.847546],[-80.044704,43.847556],[-80.044707,43.847582],[-80.044743,43.847583],[-80.04477,43.847568],[-80.044772,43.847555],[-80.044752,43.847541],[-80.044718,43.847546]]]}},{"type":"Feature","properties":{"k":"bunker"},"geometry":{"type":"Polygon","coordinates":[[[-80.044873,43.847616],[-80.044859,43.847626],[-80.044866,43.847652],[-80.044886,43.847656],[-80.044918,43.847646],[-80.044927,43.84763],[-80.04492,43.847618],[-80.044906,43.84761],[-80.044873,43.847616]]]}},{"type":"Feature","properties":{"k":"tee"},"geometry":{"type":"Polygon","coordinates":[[[-80.053513,43.849672],[-80.053535,43.849723],[-80.053586,43.849759],[-80.053618,43.849764],[-80.053658,43.84975],[-80.053681,43.849701],[-80.053658,43.849662],[-80.053637,43.849645],[-80.053614,43.849632],[-80.053561,43.84963],[-80.053524,43.84965],[-80.053513,43.849672]]]}},{"type":"Feature","properties":{"k":"bunker"},"geometry":{"type":"Polygon","coordinates":[[[-80.052294,43.852205],[-80.052345,43.85225],[-80.052363,43.852251],[-80.052381,43.85224],[-80.052378,43.852203],[-80.052347,43.852179],[-80.052318,43.852176],[-80.052296,43.852187],[-80.052294,43.852205]]]}},{"type":"Feature","properties":{"k":"bunker"},"geometry":{"type":"Polygon","coordinates":[[[-80.052453,43.852257],[-80.052481,43.852283],[-80.052496,43.852284],[-80.05251,43.852271],[-80.052508,43.852248],[-80.052496,43.852232],[-80.052477,43.852224],[-80.052452,43.852231],[-80.052441,43.852243],[-80.052453,43.852257]]]}},{"type":"Feature","properties":{"k":"fairway"},"geometry":{"type":"Polygon","coordinates":[[[-80.050975,43.850487],[-80.051003,43.850533],[-80.051015,43.850636],[-80.051056,43.850703],[-80.051101,43.850737],[-80.051132,43.850748],[-80.05117,43.850748],[-80.051234,43.850731],[-80.05127,43.850691],[-80.051249,43.850581],[-80.05125,43.850538],[-80.05127,43.850465],[-80.051366,43.850372],[-80.051295,43.850394],[-80.051282,43.850415],[-80.051243,43.85044],[-80.051216,43.850443],[-80.051193,43.850438],[-80.051177,43.850403],[-80.050975,43.850487]]]}},{"type":"Feature","properties":{"k":"fairway"},"geometry":{"type":"Polygon","coordinates":[[[-80.051366,43.850372],[-80.051391,43.850304],[-80.051382,43.850212],[-80.051367,43.850186],[-80.051341,43.85017],[-80.051264,43.850159],[-80.051155,43.850176],[-80.051101,43.850193],[-80.051009,43.850239],[-80.050894,43.850331],[-80.05088,43.85036],[-80.050878,43.850406],[-80.050908,43.850443],[-80.050975,43.850487],[-80.051177,43.850403],[-80.051208,43.850357],[-80.051227,43.850344],[-80.051277,43.850338],[-80.051301,43.850351],[-80.051306,43.850372],[-80.051295,43.850394],[-80.051366,43.850372]]]}},{"type":"Feature","properties":{"k":"bunker"},"geometry":{"type":"Polygon","coordinates":[[[-80.052518,43.85188],[-80.052531,43.8519],[-80.052557,43.851914],[-80.052589,43.851915],[-80.05264,43.851905],[-80.052644,43.851875],[-80.052632,43.85185],[-80.052591,43.851833],[-80.052557,43.851833],[-80.052531,43.851843],[-80.052513,43.851818],[-80.05249,43.851813],[-80.05246,43.851818],[-80.052448,43.851852],[-80.052506,43.851861],[-80.052518,43.85188]]]}},{"type":"Feature","properties":{"k":"bunker"},"geometry":{"type":"Polygon","coordinates":[[[-80.052122,43.849826],[-80.052142,43.849841],[-80.052155,43.849842],[-80.052183,43.84983],[-80.052186,43.849818],[-80.05217,43.849799],[-80.052146,43.849794],[-80.05212,43.849804],[-80.052122,43.849826]]]}},{"type":"Feature","properties":{"k":"bunker"},"geometry":{"type":"Polygon","coordinates":[[[-80.0522,43.849872],[-80.052223,43.849889],[-80.052241,43.849889],[-80.052259,43.849872],[-80.052257,43.849857],[-80.052238,43.849846],[-80.052214,43.849848],[-80.052202,43.849857],[-80.0522,43.849872]]]}},{"type":"Feature","properties":{"k":"green"},"geometry":{"type":"Polygon","coordinates":[[[-80.052382,43.849488],[-80.052393,43.849565],[-80.052406,43.849599],[-80.05244,43.849639],[-80.052496,43.849664],[-80.052531,43.849667],[-80.052598,43.849648],[-80.052632,43.849612],[-80.052631,43.849558],[-80.052622,43.849525],[-80.052598,43.849492],[-80.052544,43.849439],[-80.052498,43.849415],[-80.052436,43.849418],[-80.052393,43.849445],[-80.052382,43.849488]]]}},{"type":"Feature","properties":{"k":"fairway"},"geometry":{"type":"Polygon","coordinates":[[[-80.05237,43.849414],[-80.052382,43.849488],[-80.052473,43.849635],[-80.052634,43.849591],[-80.052644,43.849567],[-80.052711,43.849511],[-80.052721,43.849455],[-80.052713,43.849413],[-80.052697,43.849386],[-80.05267,43.849364],[-80.052583,43.84934],[-80.052484,43.84933],[-80.052469,43.849312],[-80.052456,43.849285],[-80.052468,43.849156],[-80.052418,43.849081],[-80.052312,43.849001],[-80.052292,43.848973],[-80.052244,43.848831],[-80.052189,43.848714],[-80.052129,43.848688],[-80.052093,43.848693],[-80.052048,43.848711],[-80.051988,43.848762],[-80.051965,43.84881],[-80.051972,43.848846],[-80.052032,43.848949],[-80.052053,43.849053],[-80.052111,43.849165],[-80.052102,43.849181],[-80.052072,43.849193],[-80.052042,43.849189],[-80.051986,43.849155],[-80.051926,43.849115],[-80.051894,43.849078],[-80.051885,43.849057],[-80.051885,43.849013],[-80.051906,43.848918],[-80.0519,43.848868],[-80.051884,43.84885],[-80.051834,43.848825],[-80.051572,43.848884],[-80.051594,43.848926],[-80.051616,43.848947],[-80.051695,43.848999],[-80.05171,43.849026],[-80.051718,43.849086],[-80.051737,43.849135],[-80.051772,43.84918],[-80.051847,43.849247],[-80.051941,43.84936],[-80.052001,43.849379],[-80.052272,43.84939],[-80.05232,43.849396],[-80.05237,43.849414]]]}},{"type":"Feature","properties":{"k":"fairway"},"geometry":{"type":"Polygon","coordinates":[[[-80.051834,43.848825],[-80.051804,43.848817],[-80.051795,43.848784],[-80.051899,43.848657],[-80.051926,43.848612],[-80.05192,43.848586],[-80.051882,43.848534],[-80.051748,43.848455],[-80.051702,43.848438],[-80.051662,43.84843],[-80.051507,43.848425],[-80.05146,43.848413],[-80.051349,43.848338],[-80.05125,43.848241],[-80.05121,43.848125],[-80.051185,43.848087],[-80.051111,43.848032],[-80.050945,43.847954],[-80.050873,43.847896],[-80.050812,43.847824],[-80.050779,43.847742],[-80.050758,43.847646],[-80.05074,43.847622],[-80.050652,43.847568],[-80.050611,43.847523],[-80.05052,43.847452],[-80.050504,43.847425],[-80.050498,43.847373],[-80.050479,43.847354],[-80.050452,43.847342],[-80.050351,43.847333],[-80.050267,43.847308],[-80.050198,43.847267],[-80.050152,43.847208],[-80.050044,43.847154],[-80.049913,43.847052],[-80.049869,43.847031],[-80.049805,43.847026],[-80.049752,43.847046],[-80.049736,43.84706],[-80.049718,43.847105],[-80.049728,43.847152],[-80.049763,43.847206],[-80.049879,43.847293],[-80.050154,43.847603],[-80.05033,43.847723],[-80.050398,43.847795],[-80.050422,43.84788],[-80.050455,43.847921],[-80.050609,43.847996],[-80.050639,43.848018],[-80.050705,43.848105],[-80.050827,43.848177],[-80.050854,43.8482],[-80.050868,43.84822],[-80.050889,43.848326],[-80.050916,43.848359],[-80.050963,43.848382],[-80.051022,43.848393],[-80.051058,43.848438],[-80.051135,43.848506],[-80.051174,43.848532],[-80.051288,43.848562],[-80.051349,43.848601],[-80.051456,43.8487],[-80.051529,43.848733],[-80.051553,43.848779],[-80.051572,43.848884],[-80.051834,43.848825]]]}},{"type":"Feature","properties":{"k":"green"},"geometry":{"type":"Polygon","coordinates":[[[-80.058956,43.857738],[-80.059032,43.857788],[-80.059094,43.857815],[-80.059162,43.857824],[-80.059234,43.857819],[-80.059263,43.85781],[-80.059306,43.85778],[-80.059329,43.857742],[-80.059337,43.857684],[-80.059312,43.857647],[-80.059289,43.857631],[-80.059238,43.857613],[-80.058969,43.857609],[-80.058926,43.857624],[-80.058906,43.857652],[-80.058917,43.857705],[-80.058956,43.857738]]]}},{"type":"Feature","properties":{"k":"fairway"},"geometry":{"type":"Polygon","coordinates":[[[-80.058808,43.85775],[-80.05896,43.85783],[-80.059233,43.857832],[-80.059294,43.857811],[-80.059326,43.85778],[-80.059348,43.857733],[-80.059352,43.857689],[-80.05934,43.857653],[-80.059323,43.857638],[-80.059283,43.857614],[-80.059243,43.857602],[-80.059043,43.857594],[-80.058936,43.857601],[-80.058915,43.857595],[-80.058859,43.857543],[-80.058838,43.857511],[-80.058821,43.857394],[-80.058786,43.85736],[-80.058735,43.857348],[-80.05868,43.857364],[-80.058641,43.857391],[-80.058626,43.857412],[-80.058613,43.857467],[-80.058616,43.857514],[-80.058637,43.857566],[-80.058667,43.857603],[-80.058735,43.857668],[-80.058769,43.857725],[-80.058808,43.85775]]]}},{"type":"Feature","properties":{"k":"green"},"geometry":{"type":"Polygon","coordinates":[[[-80.053205,43.856002],[-80.053259,43.856018],[-80.053322,43.856025],[-80.053442,43.856007],[-80.053475,43.855978],[-80.053489,43.855937],[-80.053478,43.855899],[-80.053449,43.855861],[-80.053398,43.855834],[-80.053328,43.855816],[-80.05326,43.855818],[-80.053199,43.855837],[-80.053146,43.855884],[-80.05314,43.855913],[-80.053151,43.855955],[-80.053205,43.856002]]]}},{"type":"Feature","properties":{"k":"tee"},"geometry":{"type":"Polygon","coordinates":[[[-80.055335,43.855761],[-80.055463,43.855861],[-80.055514,43.855915],[-80.055507,43.855942],[-80.055446,43.855978],[-80.055405,43.855979],[-80.055355,43.855951],[-80.055217,43.855852],[-80.055188,43.85582],[-80.055185,43.855781],[-80.055196,43.855764],[-80.055241,43.855733],[-80.055284,43.855733],[-80.055335,43.855761]]]}},{"type":"Feature","properties":{"k":"green"},"geometry":{"type":"Polygon","coordinates":[[[-80.054679,43.85333],[-80.054615,43.853352],[-80.054597,43.853374],[-80.054608,43.853438],[-80.054569,43.85353],[-80.054571,43.853549],[-80.05458,43.85356],[-80.054623,43.853572],[-80.054727,43.853558],[-80.054779,43.853535],[-80.054835,43.853471],[-80.054856,43.853421],[-80.054848,43.853372],[-80.054805,43.853335],[-80.05475,43.853325],[-80.054679,43.85333]]]}},{"type":"Feature","properties":{"k":"fairway"},"geometry":{"type":"Polygon","coordinates":[[[-80.054522,43.853338],[-80.05456,43.853373],[-80.054583,43.853408],[-80.054576,43.853452],[-80.054527,43.853551],[-80.054536,43.853576],[-80.054581,43.8536],[-80.054724,43.853577],[-80.054788,43.853556],[-80.054843,43.853502],[-80.054915,43.853384],[-80.054923,43.853357],[-80.054922,43.853334],[-80.054892,43.853284],[-80.054803,43.853188],[-80.054687,43.85324],[-80.054708,43.853267],[-80.054708,43.853289],[-80.054682,43.853315],[-80.05464,43.853321],[-80.054604,43.853309],[-80.054589,43.853293],[-80.054522,43.853338]]]}},{"type":"Feature","properties":{"k":"tee"},"geometry":{"type":"Polygon","coordinates":[[[-80.053829,43.852751],[-80.053884,43.852801],[-80.053917,43.852805],[-80.053966,43.85278],[-80.053966,43.852755],[-80.053923,43.852711],[-80.053901,43.852701],[-80.053868,43.8527],[-80.053848,43.852707],[-80.053829,43.85272],[-80.053829,43.852751]]]}},{"type":"Feature","properties":{"k":"tee"},"geometry":{"type":"Polygon","coordinates":[[[-80.053702,43.852438],[-80.053696,43.852461],[-80.053705,43.852493],[-80.053744,43.852537],[-80.053784,43.852549],[-80.053814,43.852544],[-80.053875,43.85251],[-80.053884,43.852484],[-80.053871,43.852452],[-80.05383,43.852409],[-80.053765,43.852409],[-80.053702,43.852438]]]}},{"type":"Feature","properties":{"k":"tee"},"geometry":{"type":"Polygon","coordinates":[[[-80.053472,43.852161],[-80.053496,43.85219],[-80.053535,43.852218],[-80.053577,43.852218],[-80.053645,43.852188],[-80.053657,43.85217],[-80.05363,43.852105],[-80.053592,43.852074],[-80.053562,43.852061],[-80.053533,43.852061],[-80.05347,43.852082],[-80.053456,43.852103],[-80.053457,43.852132],[-80.053472,43.852161]]]}},{"type":"Feature","properties":{"k":"tee"},"geometry":{"type":"Polygon","coordinates":[[[-80.053587,43.852268],[-80.053579,43.852315],[-80.053607,43.852358],[-80.053661,43.852369],[-80.053693,43.852365],[-80.053728,43.852351],[-80.053755,43.852331],[-80.053764,43.852306],[-80.05375,43.852274],[-80.053693,43.852241],[-80.053622,43.852248],[-80.053587,43.852268]]]}},{"type":"Feature","properties":{"k":"green"},"geometry":{"type":"Polygon","coordinates":[[[-80.056273,43.854428],[-80.056208,43.854411],[-80.056179,43.854411],[-80.056126,43.854422],[-80.056082,43.854448],[-80.056031,43.854503],[-80.056001,43.85456],[-80.056012,43.854592],[-80.056043,43.854623],[-80.056127,43.854646],[-80.056242,43.854647],[-80.056338,43.854628],[-80.056377,43.854604],[-80.056399,43.854562],[-80.056379,43.854503],[-80.056342,43.854464],[-80.056273,43.854428]]]}},{"type":"Feature","properties":{"k":"green"},"geometry":{"type":"Polygon","coordinates":[[[-80.060647,43.856185],[-80.060721,43.856248],[-80.060774,43.85628],[-80.060854,43.856296],[-80.060901,43.856291],[-80.060946,43.856268],[-80.060978,43.856235],[-80.060993,43.856191],[-80.060982,43.856146],[-80.06093,43.856099],[-80.060897,43.856087],[-80.060798,43.856081],[-80.060707,43.85609],[-80.060665,43.856105],[-80.060635,43.856152],[-80.060647,43.856185]]]}},{"type":"Feature","properties":{"k":"green"},"geometry":{"type":"Polygon","coordinates":[[[-80.06063,43.857267],[-80.060504,43.85734],[-80.060477,43.857365],[-80.060467,43.857389],[-80.060465,43.857429],[-80.060476,43.857465],[-80.060502,43.857491],[-80.060551,43.857509],[-80.060602,43.857508],[-80.060643,43.857487],[-80.060704,43.857402],[-80.060766,43.857335],[-80.060778,43.857307],[-80.060768,43.857276],[-80.060721,43.857254],[-80.060666,43.857256],[-80.06063,43.857267]]]}},{"type":"Feature","properties":{"k":"green"},"geometry":{"type":"Polygon","coordinates":[[[-80.057555,43.857266],[-80.057778,43.857429],[-80.057806,43.857436],[-80.057856,43.857433],[-80.057893,43.857422],[-80.057924,43.857397],[-80.057935,43.857355],[-80.057929,43.857329],[-80.057897,43.857278],[-80.057844,43.857222],[-80.05776,43.857171],[-80.057683,43.857156],[-80.057616,43.857166],[-80.057562,43.857216],[-80.057555,43.857266]]]}},{"type":"Feature","properties":{"k":"tee"},"geometry":{"type":"Polygon","coordinates":[[[-80.058286,43.857371],[-80.058269,43.857394],[-80.058281,43.857417],[-80.058314,43.857433],[-80.058336,43.857431],[-80.058351,43.857421],[-80.058352,43.857396],[-80.058328,43.857377],[-80.058286,43.857371]]]}},{"type":"Feature","properties":{"k":"tee"},"geometry":{"type":"Polygon","coordinates":[[[-80.0513,43.849727],[-80.051295,43.84975],[-80.051305,43.84977],[-80.051351,43.849814],[-80.051377,43.849827],[-80.051405,43.849834],[-80.051437,43.849832],[-80.051484,43.849805],[-80.051496,43.849781],[-80.051494,43.849754],[-80.051483,43.849735],[-80.051435,43.849701],[-80.051409,43.84969],[-80.051348,43.849693],[-80.051317,43.849707],[-80.0513,43.849727]]]}},{"type":"Feature","properties":{"k":"tee"},"geometry":{"type":"Polygon","coordinates":[[[-80.05308,43.849322],[-80.053057,43.849358],[-80.053067,43.8494],[-80.053085,43.84942],[-80.053128,43.849442],[-80.053177,43.849435],[-80.053207,43.8494],[-80.053208,43.84938],[-80.05319,43.849341],[-80.053156,43.849312],[-80.053134,43.849305],[-80.053105,43.849308],[-80.05308,43.849322]]]}},{"type":"Feature","properties":{"k":"tee"},"geometry":{"type":"Polygon","coordinates":[[[-80.052911,43.84919],[-80.052905,43.849229],[-80.052917,43.849256],[-80.052952,43.849283],[-80.053011,43.849292],[-80.053068,43.84927],[-80.053087,43.849251],[-80.053087,43.849218],[-80.053054,43.849181],[-80.053027,43.849165],[-80.052976,43.849157],[-80.052951,43.849162],[-80.052911,43.84919]]]}},{"type":"Feature","properties":{"k":"bunker"},"geometry":{"type":"Polygon","coordinates":[[[-80.051914,43.848676],[-80.05184,43.848771],[-80.051842,43.848788],[-80.051857,43.848801],[-80.0519,43.848818],[-80.051928,43.848808],[-80.051931,43.848795],[-80.051902,43.848778],[-80.051905,43.848758],[-80.051919,43.848746],[-80.051959,43.84874],[-80.051985,43.848713],[-80.051975,43.848687],[-80.051939,43.848674],[-80.051914,43.848676]]]}},{"type":"Feature","properties":{"k":"tee"},"geometry":{"type":"Polygon","coordinates":[[[-80.042555,43.848435],[-80.041841,43.848798],[-80.04181,43.848832],[-80.041801,43.848861],[-80.041826,43.848923],[-80.041887,43.848994],[-80.041953,43.849021],[-80.041989,43.849026],[-80.042106,43.849014],[-80.042248,43.848977],[-80.042398,43.848906],[-80.042545,43.848822],[-80.04279,43.848661],[-80.042836,43.848617],[-80.042845,43.848594],[-80.042843,43.84857],[-80.042809,43.848499],[-80.042773,43.848467],[-80.042702,43.848428],[-80.042635,43.848417],[-80.042555,43.848435]]]}},{"type":"Feature","properties":{"k":"fairway"},"geometry":{"type":"Polygon","coordinates":[[[-80.053659,43.854049],[-80.053716,43.854085],[-80.053731,43.854018],[-80.053759,43.853985],[-80.053844,43.853953],[-80.053905,43.85396],[-80.053825,43.85393],[-80.053671,43.853904],[-80.053501,43.853859],[-80.05332,43.853784],[-80.053165,43.853675],[-80.052922,43.853447],[-80.052856,43.853411],[-80.052734,43.853366],[-80.05259,43.853286],[-80.052456,43.853253],[-80.052362,43.853208],[-80.052205,43.853063],[-80.052144,43.853039],[-80.05211,43.853034],[-80.052041,43.853041],[-80.051998,43.853065],[-80.051963,43.853118],[-80.051946,43.853192],[-80.051958,43.85333],[-80.052066,43.853543],[-80.052132,43.853622],[-80.05222,43.85369],[-80.052322,43.853738],[-80.052563,43.853767],[-80.052613,43.853787],[-80.052735,43.85387],[-80.052844,43.854014],[-80.052922,43.854053],[-80.053002,43.854069],[-80.053086,43.854071],[-80.053205,43.854061],[-80.053443,43.854019],[-80.053522,43.854015],[-80.053557,43.854017],[-80.053659,43.854049]]]}},{"type":"Feature","properties":{"k":"tee"},"geometry":{"type":"Polygon","coordinates":[[[-80.042598,43.84762],[-80.042618,43.848171],[-80.042624,43.848217],[-80.042642,43.848241],[-80.042706,43.84827],[-80.042757,43.848274],[-80.043057,43.84827],[-80.043117,43.848258],[-80.043177,43.848221],[-80.0432,43.848196],[-80.043213,43.848168],[-80.043218,43.848124],[-80.04322,43.847689],[-80.043171,43.847591],[-80.043135,43.847559],[-80.043085,43.847533],[-80.042967,43.847507],[-80.042893,43.847505],[-80.042755,43.847521],[-80.042692,43.847538],[-80.04265,43.847557],[-80.042616,43.847584],[-80.042598,43.84762]]]}},{"type":"Feature","properties":{"k":"green"},"geometry":{"type":"Polygon","coordinates":[[[-80.043377,43.847966],[-80.043449,43.848058],[-80.04352,43.848085],[-80.043564,43.848093],[-80.043612,43.848092],[-80.043682,43.848074],[-80.043729,43.848042],[-80.04373,43.848015],[-80.04371,43.847942],[-80.04364,43.847797],[-80.043582,43.847752],[-80.043545,43.847744],[-80.043497,43.847736],[-80.043456,43.847741],[-80.043395,43.847767],[-80.043374,43.847788],[-80.04336,43.847822],[-80.043358,43.847893],[-80.04336,43.847929],[-80.043377,43.847966]]]}},{"type":"Feature","properties":{"k":"green"},"geometry":{"type":"Polygon","coordinates":[[[-80.041466,43.848761],[-80.041432,43.848782],[-80.041408,43.848823],[-80.041415,43.848855],[-80.041446,43.848883],[-80.041531,43.848897],[-80.041595,43.848887],[-80.041623,43.84887],[-80.041645,43.848823],[-80.041634,43.848786],[-80.041553,43.848747],[-80.041498,43.848748],[-80.041466,43.848761]]]}},{"type":"Feature","properties":{"k":"green"},"geometry":{"type":"Polygon","coordinates":[[[-80.040663,43.848507],[-80.040687,43.848545],[-80.040753,43.848582],[-80.040877,43.848604],[-80.040932,43.8486],[-80.040965,43.848577],[-80.040985,43.848546],[-80.040978,43.848519],[-80.040942,43.84849],[-80.04076,43.848393],[-80.040703,43.848392],[-80.04067,43.848413],[-80.040663,43.848507]]]}},{"type":"Feature","properties":{"k":"green"},"geometry":{"type":"Polygon","coordinates":[[[-80.041401,43.8477],[-80.041412,43.847732],[-80.041478,43.84777],[-80.041543,43.847781],[-80.041572,43.847774],[-80.041592,43.847759],[-80.041603,43.847733],[-80.041598,43.847703],[-80.04157,43.847676],[-80.041526,43.847659],[-80.041495,43.847652],[-80.041434,43.847657],[-80.041405,43.847677],[-80.041401,43.8477]]]}},{"type":"Feature","properties":{"k":"bunker"},"geometry":{"type":"Polygon","coordinates":[[[-80.049903,43.850222],[-80.049999,43.850247],[-80.050054,43.850271],[-80.050078,43.850272],[-80.050102,43.850253],[-80.050078,43.850228],[-80.050009,43.850217],[-80.049931,43.850174],[-80.049897,43.850172],[-80.049874,43.85018],[-80.049862,43.850193],[-80.04987,43.850212],[-80.049903,43.850222]]]}},{"type":"Feature","properties":{"k":"bunker"},"geometry":{"type":"Polygon","coordinates":[[[-80.049682,43.850213],[-80.049689,43.850227],[-80.049717,43.850239],[-80.049742,43.850236],[-80.049764,43.850218],[-80.049767,43.850193],[-80.049725,43.850149],[-80.049667,43.850128],[-80.04964,43.85013],[-80.049624,43.85014],[-80.049624,43.850156],[-80.049681,43.850181],[-80.049682,43.850213]]]}},{"type":"Feature","properties":{"k":"green"},"geometry":{"type":"Polygon","coordinates":[[[-80.044173,43.850412],[-80.044314,43.850446],[-80.044363,43.850443],[-80.044405,43.850424],[-80.044435,43.850388],[-80.044445,43.85035],[-80.044429,43.850288],[-80.044399,43.850252],[-80.044349,43.850229],[-80.044288,43.850213],[-80.044219,43.850208],[-80.044116,43.85023],[-80.044049,43.850266],[-80.044018,43.850312],[-80.044024,43.850354],[-80.044067,43.850394],[-80.044173,43.850412]]]}},{"type":"Feature","properties":{"k":"fairway"},"geometry":{"type":"Polygon","coordinates":[[[-80.045863,43.851847],[-80.045965,43.851898],[-80.046121,43.851953],[-80.046216,43.851963],[-80.04635,43.851952],[-80.046438,43.851922],[-80.046515,43.851872],[-80.04656,43.851817],[-80.046572,43.851754],[-80.046547,43.8517],[-80.046465,43.851634],[-80.046326,43.851582],[-80.046244,43.85154],[-80.046178,43.851491],[-80.046055,43.851426],[-80.045544,43.85109],[-80.045263,43.850975],[-80.045079,43.850864],[-80.044968,43.850762],[-80.04467,43.850527],[-80.044645,43.850482],[-80.044666,43.850388],[-80.044659,43.850343],[-80.044511,43.85018],[-80.044476,43.850165],[-80.044414,43.850157],[-80.044282,43.850191],[-80.044164,43.850202],[-80.044094,43.850225],[-80.044033,43.850282],[-80.044069,43.850253],[-80.044116,43.85023],[-80.044219,43.850208],[-80.044288,43.850213],[-80.044349,43.850229],[-80.044379,43.85024],[-80.044416,43.850268],[-80.044445,43.85035],[-80.044444,43.850369],[-80.044421,43.850409],[-80.044386,43.850436],[-80.044363,43.850443],[-80.044337,43.850447],[-80.044286,43.85044],[-80.044377,43.850473],[-80.04449,43.850543],[-80.044659,43.85069],[-80.044681,43.850754],[-80.044675,43.850909],[-80.044686,43.850938],[-80.044789,43.851062],[-80.044847,43.851172],[-80.045041,43.851392],[-80.045106,43.851445],[-80.045164,43.851478],[-80.045376,43.851537],[-80.045428,43.851558],[-80.045505,43.851612],[-80.04564,43.851728],[-80.045863,43.851847]]]}},{"type":"Feature","properties":{"k":"green"},"geometry":{"type":"Polygon","coordinates":[[[-80.048265,43.851626],[-80.048242,43.851667],[-80.048249,43.851712],[-80.048279,43.851752],[-80.048335,43.851794],[-80.048426,43.851845],[-80.048487,43.851863],[-80.048543,43.851859],[-80.048589,43.851838],[-80.04862,43.851801],[-80.048621,43.851746],[-80.048598,43.851715],[-80.048513,43.851653],[-80.048444,43.851622],[-80.048362,43.851605],[-80.048309,43.851608],[-80.048265,43.851626]]]}},{"type":"Feature","properties":{"k":"fairway"},"geometry":{"type":"Polygon","coordinates":[[[-80.048164,43.851642],[-80.048223,43.851668],[-80.048249,43.851712],[-80.048247,43.85165],[-80.048277,43.851619],[-80.048343,43.851604],[-80.048444,43.851622],[-80.04835,43.851587],[-80.048262,43.851506],[-80.048222,43.851481],[-80.048022,43.851401],[-80.047896,43.851366],[-80.047747,43.851313],[-80.047251,43.851105],[-80.047072,43.850992],[-80.046701,43.850776],[-80.046391,43.850551],[-80.04604,43.850275],[-80.045951,43.850234],[-80.045824,43.850213],[-80.045647,43.850147],[-80.045605,43.850124],[-80.045455,43.849998],[-80.045443,43.84998],[-80.045435,43.849936],[-80.045463,43.849801],[-80.045462,43.849743],[-80.045436,43.849682],[-80.045381,43.84963],[-80.045332,43.849607],[-80.045236,43.849596],[-80.045143,43.84961],[-80.045073,43.849644],[-80.044956,43.849753],[-80.044912,43.849805],[-80.044883,43.849857],[-80.044875,43.849901],[-80.044889,43.849992],[-80.044932,43.850118],[-80.044964,43.850166],[-80.045169,43.850346],[-80.045238,43.850426],[-80.045375,43.850507],[-80.045533,43.850625],[-80.045775,43.850739],[-80.046073,43.850926],[-80.04633,43.851069],[-80.046656,43.851238],[-80.04702,43.85141],[-80.047076,43.851443],[-80.047253,43.851577],[-80.047389,43.851641],[-80.047634,43.85169],[-80.047688,43.851695],[-80.047837,43.851677],[-80.047927,43.851644],[-80.048018,43.851625],[-80.04808,43.851623],[-80.048164,43.851642]]]}},{"type":"Feature","properties":{"k":"bunker"},"geometry":{"type":"Polygon","coordinates":[[[-80.041374,43.847969],[-80.041383,43.848005],[-80.041365,43.848033],[-80.041348,43.848099],[-80.041365,43.848132],[-80.04139,43.848154],[-80.041456,43.848156],[-80.041507,43.848144],[-80.041619,43.847994],[-80.041664,43.847959],[-80.041715,43.847935],[-80.041848,43.847904],[-80.041867,43.847883],[-80.041864,43.847853],[-80.041801,43.847797],[-80.041759,43.847779],[-80.041699,43.847769],[-80.041654,43.847774],[-80.041617,43.847789],[-80.041587,43.847824],[-80.041533,43.847836],[-80.041426,43.847796],[-80.041376,43.847757],[-80.041274,43.847754],[-80.041208,43.84774],[-80.041176,43.847723],[-80.041124,43.84771],[-80.041078,43.847707],[-80.041017,43.847727],[-80.040975,43.847754],[-80.040961,43.847777],[-80.040965,43.847801],[-80.041031,43.847865],[-80.041064,43.847875],[-80.041122,43.847875],[-80.041171,43.847885],[-80.041218,43.847912],[-80.041353,43.847951],[-80.041374,43.847969]]]}},{"type":"Feature","properties":{"k":"bunker"},"geometry":{"type":"Polygon","coordinates":[[[-80.041476,43.84895],[-80.041501,43.848983],[-80.041503,43.849002],[-80.041544,43.848999],[-80.041566,43.84901],[-80.04157,43.849027],[-80.041556,43.849036],[-80.0415,43.849044],[-80.041469,43.849071],[-80.041544,43.849079],[-80.041572,43.849072],[-80.041619,43.849046],[-80.041745,43.849004],[-80.041745,43.84899],[-80.041719,43.84897],[-80.041731,43.848929],[-80.04169,43.848903],[-80.04165,43.848929],[-80.041487,43.848939],[-80.041476,43.84895]]]}},{"type":"Feature","properties":{"k":"green"},"geometry":{"type":"Polygon","coordinates":[[[-80.040249,43.847961],[-80.040269,43.847993],[-80.040292,43.848009],[-80.040369,43.848035],[-80.040418,43.848038],[-80.04045,43.848027],[-80.040478,43.847998],[-80.040469,43.847904],[-80.040435,43.847877],[-80.040384,43.847866],[-80.040301,43.847866],[-80.040267,43.847883],[-80.040247,43.847904],[-80.040239,43.847936],[-80.040249,43.847961]]]}},{"type":"Feature","properties":{"k":"green"},"geometry":{"type":"Polygon","coordinates":[[[-80.039673,43.84773],[-80.039669,43.847768],[-80.039714,43.847836],[-80.039791,43.847885],[-80.039823,43.84789],[-80.039868,43.847872],[-80.039905,43.847831],[-80.039921,43.847786],[-80.039925,43.847739],[-80.039913,43.847705],[-80.039884,43.847668],[-80.039856,43.847648],[-80.039807,43.847642],[-80.039716,43.847654],[-80.039681,43.84769],[-80.039673,43.84773]]]}},{"type":"Feature","properties":{"k":"bunker"},"geometry":{"type":"Polygon","coordinates":[[[-80.040506,43.847855],[-80.040566,43.847864],[-80.040574,43.847881],[-80.040519,43.84791],[-80.040512,43.847931],[-80.040523,43.848031],[-80.040571,43.848055],[-80.040606,43.84806],[-80.040646,43.848055],[-80.040702,43.848021],[-80.040732,43.847968],[-80.040729,43.847938],[-80.040687,43.847873],[-80.040699,43.847842],[-80.040729,43.847808],[-80.040741,43.847769],[-80.040741,43.847721],[-80.0407,43.847665],[-80.040668,43.847656],[-80.040597,43.847672],[-80.040528,43.847744],[-80.040504,43.847751],[-80.04047,43.847737],[-80.040403,43.847769],[-80.040391,43.847801],[-80.040405,43.847833],[-80.040462,43.847851],[-80.040506,43.847855]]]}},{"type":"Feature","properties":{"k":"tee"},"geometry":{"type":"Polygon","coordinates":[[[-80.044679,43.849281],[-80.044653,43.849304],[-80.044657,43.84933],[-80.044674,43.849354],[-80.044715,43.849379],[-80.044755,43.849378],[-80.044776,43.849355],[-80.044767,43.849317],[-80.044721,43.849282],[-80.044679,43.849281]]]}},{"type":"Feature","properties":{"k":"fairway"},"geometry":{"type":"Polygon","coordinates":[[[-80.045053,43.847623],[-80.045102,43.847634],[-80.045197,43.847696],[-80.045394,43.847771],[-80.045458,43.847808],[-80.045494,43.847818],[-80.045655,43.847839],[-80.045686,43.847836],[-80.045737,43.847813],[-80.045765,43.847789],[-80.045758,43.847756],[-80.045736,43.847738],[-80.045644,43.847693],[-80.045547,43.847673],[-80.045298,43.847655],[-80.045231,43.847638],[-80.045156,43.847563],[-80.04514,43.847499],[-80.044967,43.847597],[-80.045053,43.847623]]]}},{"type":"Feature","properties":{"k":"tee"},"geometry":{"type":"Polygon","coordinates":[[[-80.046579,43.847499],[-80.046542,43.847493],[-80.046498,43.847513],[-80.04646,43.847556],[-80.046446,43.847588],[-80.04647,43.847621],[-80.046506,43.84762],[-80.046541,43.847591],[-80.04659,43.847523],[-80.046579,43.847499]]]}},{"type":"Feature","properties":{"k":"tee"},"geometry":{"type":"Polygon","coordinates":[[[-80.046671,43.847578],[-80.046637,43.847625],[-80.046628,43.847664],[-80.046634,43.84768],[-80.046656,43.847691],[-80.046682,43.847693],[-80.046739,43.847673],[-80.046776,43.847635],[-80.046802,43.847583],[-80.046796,43.847561],[-80.046776,43.847546],[-80.046747,43.847542],[-80.046715,43.847547],[-80.046671,43.847578]]]}},{"type":"Feature","properties":{"k":"bunker"},"geometry":{"type":"Polygon","coordinates":[[[-80.046187,43.847095],[-80.046184,43.847107],[-80.046208,43.84713],[-80.046248,43.847134],[-80.046263,43.847127],[-80.046264,43.847101],[-80.04624,43.847082],[-80.046206,43.847082],[-80.046187,43.847095]]]}},{"type":"Feature","properties":{"k":"tee"},"geometry":{"type":"Polygon","coordinates":[[[-80.046197,43.847772],[-80.046216,43.847798],[-80.046257,43.847809],[-80.046327,43.847797],[-80.046342,43.847768],[-80.046337,43.84775],[-80.046322,43.847738],[-80.046268,43.847727],[-80.046242,43.847728],[-80.046206,43.847743],[-80.046197,43.847772]]]}},{"type":"Feature","properties":{"k":"tee"},"geometry":{"type":"Polygon","coordinates":[[[-80.04643,43.847708],[-80.04643,43.847761],[-80.046464,43.847786],[-80.04653,43.847802],[-80.046556,43.847801],[-80.046588,43.84778],[-80.046602,43.847752],[-80.046597,43.847733],[-80.046562,43.847705],[-80.046514,43.847685],[-80.046477,43.847685],[-80.04643,43.847708]]]}},{"type":"Feature","properties":{"k":"fairway"},"geometry":{"type":"Polygon","coordinates":[[[-80.046112,43.847025],[-80.046217,43.847029],[-80.046257,43.847044],[-80.046295,43.84704],[-80.046333,43.846954],[-80.046268,43.846947],[-80.046224,43.84693],[-80.046152,43.846884],[-80.046128,43.846852],[-80.046094,43.846763],[-80.046033,43.846717],[-80.046008,43.846681],[-80.045942,43.846644],[-80.045872,43.846627],[-80.045794,43.846633],[-80.045677,43.846683],[-80.045551,43.846756],[-80.045522,43.846761],[-80.045381,43.846752],[-80.045292,43.846763],[-80.045248,43.846761],[-80.04514,43.846739],[-80.045058,43.846703],[-80.045004,43.846652],[-80.044946,43.846564],[-80.044889,43.846537],[-80.044674,43.846486],[-80.044496,43.846421],[-80.044461,43.846415],[-80.044322,43.84642],[-80.04426,43.846404],[-80.044202,43.846354],[-80.04419,43.846316],[-80.044163,43.846275],[-80.044003,43.846193],[-80.043844,43.846057],[-80.043778,43.846022],[-80.043747,43.846015],[-80.043615,43.846014],[-80.043581,43.846007],[-80.04355,43.845989],[-80.04351,43.845946],[-80.043443,43.845801],[-80.043415,43.845773],[-80.04331,43.845708],[-80.043264,43.845696],[-80.043228,43.845695],[-80.043112,43.845709],[-80.043005,43.845691],[-80.042791,43.845621],[-80.042612,43.845539],[-80.042558,43.845543],[-80.042522,43.845558],[-80.042481,43.845594],[-80.042471,43.845632],[-80.042481,43.845654],[-80.042554,43.845726],[-80.042611,43.845754],[-80.042831,43.845832],[-80.042902,43.845867],[-80.042939,43.845898],[-80.042966,43.84593],[-80.043048,43.846077],[-80.043138,43.846166],[-80.043226,43.846232],[-80.04348,43.846353],[-80.043618,43.846459],[-80.043727,43.846529],[-80.043999,43.846574],[-80.04403,43.846589],[-80.044143,43.846676],[-80.044211,43.846714],[-80.044272,43.846742],[-80.044405,43.846786],[-80.044538,43.846852],[-80.044626,43.846867],[-80.044794,43.846857],[-80.044924,43.846888],[-80.045002,43.846929],[-80.045107,43.847021],[-80.045178,43.84707],[-80.045253,43.847099],[-80.04532,43.8471],[-80.045439,43.847074],[-80.04561,43.846978],[-80.045742,43.846927],[-80.045848,43.846924],[-80.045934,43.846951],[-80.046026,43.847009],[-80.046112,43.847025]]]}},{"type":"Feature","properties":{"k":"bunker"},"geometry":{"type":"Polygon","coordinates":[[[-80.04615,43.84685],[-80.046229,43.846906],[-80.046268,43.846923],[-80.046359,43.846913],[-80.046372,43.846893],[-80.046357,43.846875],[-80.046339,43.846872],[-80.04629,43.846881],[-80.046248,43.846878],[-80.046224,43.84683],[-80.046209,43.846823],[-80.046157,43.846824],[-80.046146,43.846835],[-80.04615,43.84685]]]}},{"type":"Feature","properties":{"k":"bunker"},"geometry":{"type":"Polygon","coordinates":[[[-80.046119,43.846747],[-80.046123,43.846768],[-80.046182,43.846774],[-80.046216,43.84676],[-80.046222,43.846736],[-80.046182,43.846721],[-80.046147,43.84673],[-80.046119,43.846747]]]}},{"type":"Feature","properties":{"k":"tee"},"geometry":{"type":"Polygon","coordinates":[[[-80.044582,43.8491],[-80.04456,43.84912],[-80.044558,43.849134],[-80.044602,43.849212],[-80.044638,43.849229],[-80.044684,43.849226],[-80.044715,43.849203],[-80.04472,43.849191],[-80.04471,43.849157],[-80.044673,43.849105],[-80.044645,43.849087],[-80.044625,43.849085],[-80.044582,43.8491]]]}},{"type":"Feature","properties":{"k":"tee"},"geometry":{"type":"Polygon","coordinates":[[[-80.044636,43.849022],[-80.044588,43.848948],[-80.044563,43.848924],[-80.044527,43.848919],[-80.044484,43.848926],[-80.044456,43.848946],[-80.044456,43.848977],[-80.044511,43.84906],[-80.044561,43.849072],[-80.044605,43.849064],[-80.044636,43.849047],[-80.044636,43.849022]]]}},{"type":"Feature","properties":{"k":"tee"},"geometry":{"type":"Polygon","coordinates":[[[-80.044436,43.84877],[-80.044403,43.848783],[-80.044395,43.848793],[-80.044411,43.848844],[-80.044432,43.848873],[-80.044465,43.848884],[-80.044523,43.848873],[-80.044546,43.848854],[-80.044515,43.848781],[-80.044475,43.848763],[-80.044436,43.84877]]]}},{"type":"Feature","properties":{"k":"tee"},"geometry":{"type":"Polygon","coordinates":[[[-80.044358,43.848658],[-80.044405,43.848722],[-80.044457,43.848722],[-80.044484,43.848703],[-80.044473,43.848656],[-80.044434,43.84861],[-80.044395,43.848607],[-80.04438,43.848613],[-80.044358,43.848634],[-80.044358,43.848658]]]}},{"type":"Feature","properties":{"k":"bunker"},"geometry":{"type":"Polygon","coordinates":[[[-80.04749,43.84914],[-80.047489,43.849152],[-80.047531,43.849189],[-80.04757,43.849187],[-80.047576,43.849177],[-80.04754,43.849141],[-80.047525,43.849136],[-80.04749,43.84914]]]}},{"type":"Feature","properties":{"k":"tee"},"geometry":{"type":"Polygon","coordinates":[[[-80.049744,43.849518],[-80.049776,43.849561],[-80.049823,43.849589],[-80.049846,43.849592],[-80.04988,43.849584],[-80.049898,43.849568],[-80.049901,43.849539],[-80.049881,43.849514],[-80.049817,43.849478],[-80.049763,43.849481],[-80.049747,43.849493],[-80.049744,43.849518]]]}},{"type":"Feature","properties":{"k":"fairway"},"geometry":{"type":"Polygon","coordinates":[[[-80.046684,43.845492],[-80.046575,43.845579],[-80.046659,43.845671],[-80.04669,43.845729],[-80.046731,43.845853],[-80.0468,43.845907],[-80.046841,43.845925],[-80.046942,43.845943],[-80.046999,43.845941],[-80.047052,43.845928],[-80.04712,43.84587],[-80.047141,43.845788],[-80.04713,43.845694],[-80.04705,43.845305],[-80.046802,43.845428],[-80.046827,43.845452],[-80.046836,43.845491],[-80.04683,43.845509],[-80.046794,43.845532],[-80.046743,43.84553],[-80.046684,43.845492]]]}},{"type":"Feature","properties":{"k":"fairway"},"geometry":{"type":"Polygon","coordinates":[[[-80.047012,43.845193],[-80.046655,43.845369],[-80.046671,43.845387],[-80.046669,43.845408],[-80.046655,43.845436],[-80.046634,43.845451],[-80.046609,43.845463],[-80.046584,43.845462],[-80.046544,43.845441],[-80.046456,43.845471],[-80.046508,43.845528],[-80.046575,43.845579],[-80.046684,43.845492],[-80.046668,43.845476],[-80.046662,43.845451],[-80.046669,43.845431],[-80.046689,43.845415],[-80.046742,43.845407],[-80.046802,43.845428],[-80.04705,43.845305],[-80.047012,43.845193]]]}},{"type":"Feature","properties":{"k":"green"},"geometry":{"type":"Polygon","coordinates":[[[-80.048082,43.850554],[-80.048049,43.850589],[-80.048076,43.850751],[-80.048106,43.850788],[-80.04815,43.850817],[-80.048186,43.850829],[-80.048227,43.850829],[-80.048272,43.850809],[-80.048341,43.850745],[-80.048348,43.850716],[-80.048332,43.85066],[-80.048277,43.850598],[-80.048223,43.850566],[-80.048145,43.850544],[-80.048102,43.850546],[-80.048082,43.850554]]]}},{"type":"Feature","properties":{"k":"fairway"},"geometry":{"type":"Polygon","coordinates":[[[-80.047943,43.850482],[-80.048015,43.850546],[-80.048027,43.850568],[-80.048049,43.850651],[-80.048061,43.850744],[-80.048076,43.850771],[-80.048117,43.850809],[-80.048154,43.850829],[-80.048203,43.85084],[-80.048244,43.850833],[-80.048376,43.850741],[-80.0484,43.850698],[-80.048398,43.850624],[-80.048378,43.850594],[-80.048238,43.8505],[-80.048084,43.850351],[-80.048033,43.850314],[-80.047745,43.850163],[-80.047516,43.850064],[-80.04735,43.84997],[-80.047235,43.849899],[-80.046997,43.849703],[-80.046517,43.849424],[-80.046255,43.849212],[-80.046159,43.84917],[-80.046113,43.849159],[-80.046025,43.849169],[-80.04595,43.849199],[-80.045922,43.84922],[-80.045902,43.849275],[-80.045912,43.849298],[-80.046007,43.849398],[-80.046159,43.849633],[-80.046223,43.849715],[-80.046335,43.849823],[-80.046717,43.850097],[-80.046749,43.850115],[-80.046935,43.850171],[-80.047157,43.850255],[-80.04726,43.850262],[-80.047402,43.85025],[-80.047444,43.850252],[-80.047561,43.85028],[-80.047849,43.850413],[-80.047943,43.850482]]]}},{"type":"Feature","properties":{"k":"green"},"geometry":{"type":"Polygon","coordinates":[[[-80.05036,43.85189],[-80.050354,43.851928],[-80.050385,43.851991],[-80.050473,43.852074],[-80.050551,43.852098],[-80.050611,43.852095],[-80.050643,43.852081],[-80.050663,43.852059],[-80.050673,43.852023],[-80.050662,43.851982],[-80.050633,43.851948],[-80.050538,43.851897],[-80.050455,43.851867],[-80.050394,43.851866],[-80.05036,43.85189]]]}},{"type":"Feature","properties":{"k":"tee"},"geometry":{"type":"Polygon","coordinates":[[[-80.058142,43.856956],[-80.058148,43.856997],[-80.058169,43.857018],[-80.058269,43.857081],[-80.058321,43.857079],[-80.058361,43.857049],[-80.058369,43.857028],[-80.058364,43.85701],[-80.058248,43.856928],[-80.05822,43.856916],[-80.058197,43.856911],[-80.058174,43.856918],[-80.058142,43.856956]]]}},{"type":"Feature","properties":{"k":"tee"},"geometry":{"type":"Polygon","coordinates":[[[-80.058125,43.856813],[-80.058154,43.85685],[-80.058198,43.856875],[-80.058262,43.856872],[-80.058292,43.856846],[-80.058291,43.856808],[-80.058226,43.856758],[-80.058196,43.856747],[-80.058148,43.856749],[-80.058132,43.85676],[-80.058121,43.856778],[-80.058125,43.856813]]]}},{"type":"Feature","properties":{"k":"tee"},"geometry":{"type":"Polygon","coordinates":[[[-80.058127,43.856637],[-80.058144,43.856679],[-80.058185,43.856707],[-80.058253,43.856715],[-80.058272,43.856708],[-80.058297,43.856679],[-80.058298,43.85665],[-80.058283,43.856637],[-80.058222,43.856597],[-80.058198,43.85659],[-80.058159,43.856592],[-80.058143,43.856603],[-80.058129,43.856619],[-80.058127,43.856637]]]}},{"type":"Feature","properties":{"k":"green"},"geometry":{"type":"Polygon","coordinates":[[[-80.057231,43.856474],[-80.057217,43.856511],[-80.057247,43.856569],[-80.057287,43.856607],[-80.057387,43.856661],[-80.057461,43.856677],[-80.057513,43.856674],[-80.057565,43.856652],[-80.057604,43.856616],[-80.057617,43.856577],[-80.057609,43.856547],[-80.057578,43.856521],[-80.057547,43.856508],[-80.057475,43.856482],[-80.057318,43.856447],[-80.057262,43.856452],[-80.057231,43.856474]]]}},{"type":"Feature","properties":{"k":"fairway"},"geometry":{"type":"Polygon","coordinates":[[[-80.057243,43.856377],[-80.057234,43.856359],[-80.057236,43.85632],[-80.057273,43.856255],[-80.057282,43.856204],[-80.057204,43.85605],[-80.057197,43.855955],[-80.05722,43.855876],[-80.057194,43.855833],[-80.057047,43.855761],[-80.056952,43.855683],[-80.05688,43.855642],[-80.056619,43.855553],[-80.056456,43.855438],[-80.056386,43.855399],[-80.056309,43.855381],[-80.056233,43.855381],[-80.056176,43.855393],[-80.05614,43.85542],[-80.056119,43.855473],[-80.056128,43.855666],[-80.05614,43.855711],[-80.056161,43.855742],[-80.056201,43.855768],[-80.05623,43.855776],[-80.056371,43.8558],[-80.056465,43.855824],[-80.056561,43.855873],[-80.056616,43.855933],[-80.056633,43.856094],[-80.056648,43.856137],[-80.056693,43.856191],[-80.056768,43.856249],[-80.056884,43.856299],[-80.056923,43.856325],[-80.056946,43.856347],[-80.057037,43.856488],[-80.057118,43.856557],[-80.057178,43.856577],[-80.057287,43.856599],[-80.057247,43.856569],[-80.057217,43.856511],[-80.05722,43.85649],[-80.057245,43.856461],[-80.05729,43.856446],[-80.057318,43.856447],[-80.057475,43.856482],[-80.057308,43.85642],[-80.057243,43.856377]]]}},{"type":"Feature","properties":{"k":"green"},"geometry":{"type":"Polygon","coordinates":[[[-80.056462,43.858369],[-80.056552,43.858417],[-80.056667,43.858428],[-80.056743,43.858415],[-80.056778,43.858384],[-80.056786,43.85835],[-80.056779,43.858331],[-80.05672,43.85829],[-80.056559,43.858227],[-80.056489,43.858215],[-80.056441,43.858238],[-80.056422,43.858279],[-80.056431,43.858332],[-80.056462,43.858369]]]}},{"type":"Feature","properties":{"k":"fairway"},"geometry":{"type":"Polygon","coordinates":[[[-80.057383,43.859043],[-80.057425,43.859066],[-80.057518,43.8591],[-80.057624,43.859125],[-80.057715,43.859135],[-80.057881,43.859122],[-80.058213,43.859048],[-80.058297,43.859014],[-80.058553,43.858803],[-80.058645,43.85876],[-80.058848,43.858693],[-80.058881,43.858675],[-80.058919,43.858624],[-80.058928,43.858596],[-80.058924,43.858543],[-80.058875,43.858481],[-80.05884,43.858453],[-80.058761,43.858411],[-80.058671,43.858396],[-80.058569,43.858398],[-80.058521,43.858407],[-80.058418,43.858438],[-80.058347,43.858479],[-80.058302,43.858535],[-80.058232,43.858693],[-80.058211,43.858711],[-80.058153,43.858725],[-80.058021,43.858692],[-80.05792,43.858653],[-80.057815,43.858582],[-80.057716,43.858528],[-80.057583,43.858474],[-80.057187,43.858356],[-80.057091,43.858355],[-80.056957,43.858401],[-80.056908,43.85841],[-80.056837,43.858399],[-80.056799,43.858373],[-80.056786,43.85835],[-80.056778,43.858384],[-80.056743,43.858415],[-80.056667,43.858428],[-80.056552,43.858417],[-80.056492,43.85839],[-80.056431,43.858332],[-80.056422,43.858279],[-80.056441,43.858238],[-80.056405,43.858291],[-80.056403,43.858321],[-80.056414,43.858371],[-80.05647,43.858457],[-80.056602,43.858526],[-80.056673,43.858588],[-80.056737,43.858614],[-80.056816,43.85862],[-80.056932,43.858607],[-80.056975,43.85861],[-80.05704,43.858633],[-80.057063,43.85868],[-80.057071,43.858765],[-80.057096,43.85883],[-80.057128,43.858867],[-80.057214,43.858933],[-80.057383,43.859043]]]}},{"type":"Feature","properties":{"k":"tee"},"geometry":{"type":"Polygon","coordinates":[[[-80.055757,43.855032],[-80.055722,43.855006],[-80.055664,43.854982],[-80.055632,43.854995],[-80.055616,43.85502],[-80.055627,43.855045],[-80.055659,43.855072],[-80.055702,43.855096],[-80.05572,43.855098],[-80.055757,43.85509],[-80.055781,43.85507],[-80.055757,43.855032]]]}},{"type":"Feature","properties":{"k":"tee"},"geometry":{"type":"Polygon","coordinates":[[[-80.055259,43.85479],[-80.055296,43.854844],[-80.055358,43.854881],[-80.055414,43.854872],[-80.055464,43.854837],[-80.055452,43.854801],[-80.055437,43.854786],[-80.055365,43.854737],[-80.055314,43.854732],[-80.05527,43.854758],[-80.055259,43.85479]]]}},{"type":"Feature","properties":{"k":"bunker"},"geometry":{"type":"Polygon","coordinates":[[[-80.057237,43.854403],[-80.057254,43.854475],[-80.057303,43.854544],[-80.057338,43.854571],[-80.057414,43.854593],[-80.057484,43.854577],[-80.0575,43.854558],[-80.057503,43.854535],[-80.057477,43.854493],[-80.057451,43.854483],[-80.057381,43.854493],[-80.057366,43.854475],[-80.057371,43.854458],[-80.057416,43.854412],[-80.057402,43.854376],[-80.057341,43.85436],[-80.05727,43.854364],[-80.057237,43.854403]]]}},{"type":"Feature","properties":{"k":"bunker"},"geometry":{"type":"Polygon","coordinates":[[[-80.046335,43.845336],[-80.046359,43.845353],[-80.046401,43.845362],[-80.046439,43.845355],[-80.046451,43.845332],[-80.046435,43.845309],[-80.046368,43.845293],[-80.046333,43.845309],[-80.046335,43.845336]]]}},{"type":"Feature","properties":{"k":"fairway"},"geometry":{"type":"Polygon","coordinates":[[[-80.045869,43.846223],[-80.045896,43.846239],[-80.045912,43.84626],[-80.04592,43.846362],[-80.045951,43.846406],[-80.046031,43.846453],[-80.046101,43.846467],[-80.046152,43.846464],[-80.046251,43.846432],[-80.046335,43.846424],[-80.046383,43.846408],[-80.046423,43.846369],[-80.04646,43.846291],[-80.046441,43.846148],[-80.046408,43.846077],[-80.046359,43.846059],[-80.046285,43.846061],[-80.046228,43.84605],[-80.046205,43.846034],[-80.046175,43.84598],[-80.046155,43.845965],[-80.045953,43.845849],[-80.045845,43.845713],[-80.045739,43.845625],[-80.045686,43.845544],[-80.045614,43.845461],[-80.045582,43.845401],[-80.045512,43.845338],[-80.045439,43.845231],[-80.045329,43.845161],[-80.045309,43.845139],[-80.045284,43.845079],[-80.04526,43.84505],[-80.045201,43.84501],[-80.045118,43.844973],[-80.04509,43.844946],[-80.045072,43.844886],[-80.045075,43.844847],[-80.045099,43.844787],[-80.045094,43.844767],[-80.044948,43.844651],[-80.044939,43.844623],[-80.044958,43.844531],[-80.044951,43.844515],[-80.044915,43.844493],[-80.044845,43.84447],[-80.044817,43.84445],[-80.044799,43.844406],[-80.044798,43.84434],[-80.044768,43.84429],[-80.044715,43.844246],[-80.044636,43.844216],[-80.044592,43.844214],[-80.044511,43.844232],[-80.044456,43.844261],[-80.044302,43.84449],[-80.044286,43.844557],[-80.044339,43.844629],[-80.044483,43.844739],[-80.044525,43.844791],[-80.044523,43.844921],[-80.044557,43.844962],[-80.044589,43.84498],[-80.044791,43.845043],[-80.044828,43.845086],[-80.044869,43.845199],[-80.044887,43.845215],[-80.045048,43.845298],[-80.045073,43.845361],[-80.045156,43.845447],[-80.04519,43.845504],[-80.045291,43.845596],[-80.045331,43.845646],[-80.045396,43.845676],[-80.045446,43.845723],[-80.045494,43.845858],[-80.045513,43.845881],[-80.045647,43.84599],[-80.045754,43.846046],[-80.045788,43.846087],[-80.045803,43.846171],[-80.045814,43.846191],[-80.045869,43.846223]]]}},{"type":"Feature","properties":{"k":"green"},"geometry":{"type":"Polygon","coordinates":[[[-80.046678,43.846643],[-80.046794,43.846869],[-80.046815,43.846886],[-80.046851,43.846894],[-80.04689,43.846889],[-80.046939,43.846849],[-80.046958,43.846819],[-80.046967,43.846775],[-80.046953,43.846692],[-80.046914,43.84663],[-80.046808,43.846559],[-80.04672,43.846544],[-80.046687,43.846561],[-80.046668,43.846585],[-80.046664,43.846613],[-80.046678,43.846643]]]}},{"type":"Feature","properties":{"k":"tee"},"geometry":{"type":"Polygon","coordinates":[[[-80.051227,43.849544],[-80.051217,43.849566],[-80.051223,43.849586],[-80.05127,43.849652],[-80.051311,43.849669],[-80.051366,43.849658],[-80.051389,43.849643],[-80.051397,43.849585],[-80.051366,43.849542],[-80.051342,43.849528],[-80.051284,43.84952],[-80.051227,43.849544]]]}},{"type":"Feature","properties":{"k":"tee"},"geometry":{"type":"Polygon","coordinates":[[[-80.051134,43.849402],[-80.051147,43.849454],[-80.051181,43.849486],[-80.051203,43.849493],[-80.051225,43.849491],[-80.051276,43.849468],[-80.051287,43.84945],[-80.051285,43.84943],[-80.051269,43.849402],[-80.051226,43.849367],[-80.051175,43.849361],[-80.051137,43.849384],[-80.051134,43.849402]]]}},{"type":"Feature","properties":{"k":"tee"},"geometry":{"type":"Polygon","coordinates":[[[-80.050925,43.849025],[-80.050926,43.849059],[-80.050957,43.849083],[-80.051004,43.849081],[-80.051033,43.84906],[-80.051026,43.849027],[-80.050991,43.849004],[-80.050958,43.849004],[-80.050925,43.849025]]]}},{"type":"Feature","properties":{"k":"tee"},"geometry":{"type":"Polygon","coordinates":[[[-80.049374,43.846835],[-80.049315,43.84683],[-80.049278,43.846847],[-80.049271,43.846864],[-80.049285,43.846903],[-80.049326,43.846929],[-80.049381,43.846928],[-80.049404,43.846919],[-80.049418,43.846901],[-80.049412,43.846864],[-80.049374,43.846835]]]}},{"type":"Feature","properties":{"k":"bunker"},"geometry":{"type":"Polygon","coordinates":[[[-80.049056,43.848793],[-80.049048,43.848819],[-80.049066,43.848835],[-80.049117,43.848858],[-80.049163,43.848851],[-80.049166,43.848827],[-80.049135,43.848804],[-80.049092,43.848788],[-80.049056,43.848793]]]}},{"type":"Feature","properties":{"k":"bunker"},"geometry":{"type":"Polygon","coordinates":[[[-80.048962,43.848853],[-80.048967,43.848878],[-80.048978,43.848886],[-80.049012,43.848895],[-80.049035,43.848887],[-80.049035,43.848871],[-80.049002,43.848839],[-80.048988,43.848836],[-80.048962,43.848853]]]}},{"type":"Feature","properties":{"k":"bunker"},"geometry":{"type":"Polygon","coordinates":[[[-80.04896,43.848912],[-80.048932,43.848915],[-80.048927,43.848926],[-80.048949,43.848941],[-80.048967,43.848943],[-80.048985,43.848929],[-80.04896,43.848912]]]}},{"type":"Feature","properties":{"k":"bunker"},"geometry":{"type":"Polygon","coordinates":[[[-80.048132,43.849054],[-80.048293,43.849092],[-80.048311,43.849089],[-80.048331,43.849068],[-80.048328,43.849054],[-80.048313,43.84905],[-80.048227,43.849049],[-80.048203,43.849019],[-80.048173,43.849006],[-80.048139,43.849013],[-80.048116,43.849032],[-80.048117,43.849045],[-80.048132,43.849054]]]}},{"type":"Feature","properties":{"k":"bunker"},"geometry":{"type":"Polygon","coordinates":[[[-80.047802,43.848827],[-80.047825,43.848846],[-80.047884,43.848867],[-80.047944,43.848867],[-80.047965,43.848854],[-80.047966,43.848843],[-80.047952,43.848835],[-80.047825,43.848809],[-80.047812,43.848809],[-80.047802,43.848827]]]}},{"type":"Feature","properties":{"k":"bunker"},"geometry":{"type":"Polygon","coordinates":[[[-80.051932,43.848907],[-80.051923,43.848945],[-80.051944,43.848962],[-80.05197,43.848965],[-80.051984,43.848939],[-80.051974,43.848914],[-80.051949,43.848902],[-80.051932,43.848907]]]}},{"type":"Feature","properties":{"k":"bunker"},"geometry":{"type":"Polygon","coordinates":[[[-80.051954,43.849058],[-80.051998,43.849075],[-80.052023,43.849063],[-80.052022,43.849048],[-80.052004,43.849026],[-80.051968,43.84902],[-80.051947,43.849032],[-80.051954,43.849058]]]}},{"type":"Feature","properties":{"k":"bunker"},"geometry":{"type":"Polygon","coordinates":[[[-80.052272,43.849577],[-80.052317,43.849606],[-80.05235,43.849605],[-80.052357,43.849595],[-80.052356,43.849575],[-80.052327,43.849528],[-80.052307,43.849525],[-80.052266,43.849537],[-80.052259,43.849563],[-80.052272,43.849577]]]}},{"type":"Feature","properties":{"k":"bunker"},"geometry":{"type":"Polygon","coordinates":[[[-80.052251,43.849459],[-80.052263,43.849479],[-80.052302,43.849494],[-80.052322,43.849491],[-80.052339,43.849472],[-80.052339,43.849456],[-80.052319,43.849429],[-80.052282,43.849417],[-80.052252,43.849429],[-80.052251,43.849459]]]}},{"type":"Feature","properties":{"k":"bunker"},"geometry":{"type":"Polygon","coordinates":[[[-80.05249,43.849279],[-80.0525,43.849302],[-80.052514,43.849313],[-80.05254,43.849318],[-80.052567,43.849315],[-80.052589,43.849302],[-80.052596,43.84927],[-80.052588,43.849252],[-80.052551,43.849237],[-80.0525,43.849247],[-80.05249,43.849279]]]}},{"type":"Feature","properties":{"k":"tee"},"geometry":{"type":"Polygon","coordinates":[[[-80.052759,43.84906],[-80.052798,43.849118],[-80.052832,43.849144],[-80.052883,43.849142],[-80.052945,43.849107],[-80.052945,43.849078],[-80.052918,43.849039],[-80.052869,43.849008],[-80.052844,43.849001],[-80.052812,43.849004],[-80.052769,43.849026],[-80.052759,43.84906]]]}},{"type":"Feature","properties":{"k":"bunker"},"geometry":{"type":"Polygon","coordinates":[[[-80.052418,43.849024],[-80.052407,43.849034],[-80.052414,43.849047],[-80.052449,43.849066],[-80.052461,43.8491],[-80.052472,43.849107],[-80.052494,43.849105],[-80.05251,43.849094],[-80.052507,43.849067],[-80.05247,43.849051],[-80.052442,43.849019],[-80.052418,43.849024]]]}},{"type":"Feature","properties":{"k":"bunker"},"geometry":{"type":"Polygon","coordinates":[[[-80.052355,43.848919],[-80.052342,43.848908],[-80.052321,43.848906],[-80.052305,43.848926],[-80.052321,43.848973],[-80.052354,43.848984],[-80.052382,43.84897],[-80.052387,43.848959],[-80.052386,43.848943],[-80.052355,43.848919]]]}},{"type":"Feature","properties":{"k":"green"},"geometry":{"type":"Polygon","coordinates":[[[-80.048196,43.847051],[-80.048304,43.847117],[-80.048367,43.847134],[-80.048436,43.847124],[-80.048463,43.84711],[-80.048492,43.847072],[-80.048486,43.847015],[-80.048446,43.846958],[-80.048417,43.846932],[-80.048351,43.846897],[-80.048257,43.846871],[-80.048178,43.846882],[-80.04813,43.846914],[-80.04812,43.846936],[-80.048119,43.846959],[-80.048133,43.84699],[-80.048196,43.847051]]]}},{"type":"Feature","properties":{"k":"tee"},"geometry":{"type":"Polygon","coordinates":[[[-80.049164,43.846419],[-80.049131,43.84644],[-80.049125,43.846461],[-80.049136,43.846499],[-80.049158,43.846533],[-80.049177,43.846546],[-80.049202,43.846554],[-80.049224,43.846551],[-80.04928,43.846521],[-80.049288,43.846505],[-80.049284,43.846482],[-80.049246,43.846424],[-80.049195,43.846411],[-80.049164,43.846419]]]}},{"type":"Feature","properties":{"k":"tee"},"geometry":{"type":"Polygon","coordinates":[[[-80.049006,43.846289],[-80.04903,43.846331],[-80.049081,43.846368],[-80.049122,43.846369],[-80.04916,43.84635],[-80.04917,43.846337],[-80.049171,43.846316],[-80.04916,43.846299],[-80.049121,43.846255],[-80.049098,43.846245],[-80.04907,43.846241],[-80.049044,43.846247],[-80.049023,43.846259],[-80.049006,43.846289]]]}},{"type":"Feature","properties":{"k":"tee"},"geometry":{"type":"Polygon","coordinates":[[[-80.048884,43.846205],[-80.048933,43.846231],[-80.048959,43.846235],[-80.048983,43.84623],[-80.049011,43.846204],[-80.049017,43.846187],[-80.048999,43.846141],[-80.048953,43.846104],[-80.048926,43.846094],[-80.048898,43.846091],[-80.048878,43.846097],[-80.048853,43.846126],[-80.04885,43.84616],[-80.048884,43.846205]]]}},{"type":"Feature","properties":{"k":"bunker"},"geometry":{"type":"Polygon","coordinates":[[[-80.050153,43.847711],[-80.050166,43.847729],[-80.050194,43.847733],[-80.050215,43.847725],[-80.050221,43.847699],[-80.050213,43.847688],[-80.050177,43.847684],[-80.050154,43.847697],[-80.050153,43.847711]]]}},{"type":"Feature","properties":{"k":"bunker"},"geometry":{"type":"Polygon","coordinates":[[[-80.050345,43.84817],[-80.050348,43.848207],[-80.050376,43.848222],[-80.050393,43.848197],[-80.050396,43.848166],[-80.05038,43.848158],[-80.050356,43.848159],[-80.050345,43.84817]]]}},{"type":"Feature","properties":{"k":"bunker"},"geometry":{"type":"Polygon","coordinates":[[[-80.050008,43.848523],[-80.050004,43.848541],[-80.050021,43.848575],[-80.050043,43.848592],[-80.050091,43.848611],[-80.050125,43.848597],[-80.050132,43.848578],[-80.050065,43.84852],[-80.050045,43.848515],[-80.050008,43.848523]]]}},{"type":"Feature","properties":{"k":"bunker"},"geometry":{"type":"Polygon","coordinates":[[[-80.050176,43.8486],[-80.050176,43.848615],[-80.050204,43.848632],[-80.050235,43.848635],[-80.050246,43.848622],[-80.050243,43.848605],[-80.050209,43.848585],[-80.050188,43.848587],[-80.050176,43.8486]]]}},{"type":"Feature","properties":{"k":"bunker"},"geometry":{"type":"Polygon","coordinates":[[[-80.05007,43.848011],[-80.050134,43.848057],[-80.050173,43.848057],[-80.050193,43.848039],[-80.050184,43.848021],[-80.050139,43.848022],[-80.050137,43.847988],[-80.050116,43.847969],[-80.050047,43.84798],[-80.050047,43.848],[-80.05007,43.848011]]]}},{"type":"Feature","properties":{"k":"bunker"},"geometry":{"type":"Polygon","coordinates":[[[-80.049841,43.847846],[-80.049864,43.847875],[-80.049886,43.84788],[-80.050005,43.847848],[-80.050017,43.847817],[-80.050009,43.847803],[-80.049987,43.847792],[-80.049971,43.847792],[-80.049938,43.847828],[-80.049921,43.847833],[-80.049887,43.847815],[-80.049863,43.847814],[-80.049845,43.847824],[-80.049841,43.847846]]]}},{"type":"Feature","properties":{"k":"bunker"},"geometry":{"type":"Polygon","coordinates":[[[-80.048571,43.847069],[-80.048626,43.847078],[-80.048666,43.8471],[-80.048691,43.847103],[-80.048704,43.847097],[-80.048703,43.847068],[-80.04864,43.847054],[-80.048577,43.847013],[-80.048562,43.847018],[-80.048545,43.847044],[-80.04855,43.847057],[-80.048571,43.847069]]]}},{"type":"Feature","properties":{"k":"fairway"},"geometry":{"type":"Polygon","coordinates":[[[-80.050291,43.848659],[-80.050306,43.848748],[-80.050329,43.848781],[-80.050395,43.84884],[-80.050435,43.848862],[-80.050524,43.848891],[-80.050648,43.8489],[-80.050723,43.848879],[-80.050746,43.848859],[-80.050765,43.848805],[-80.05074,43.848724],[-80.050705,43.84865],[-80.050635,43.848565],[-80.050558,43.848403],[-80.050528,43.848375],[-80.050416,43.848317],[-80.050282,43.848232],[-80.050164,43.848126],[-80.050073,43.848061],[-80.049984,43.847968],[-80.049955,43.847948],[-80.04978,43.8479],[-80.049708,43.847862],[-80.049672,43.847794],[-80.049535,43.847649],[-80.049373,43.847569],[-80.049205,43.847377],[-80.049164,43.847354],[-80.048979,43.847294],[-80.04893,43.847266],[-80.048891,43.847215],[-80.048856,43.84719],[-80.04853,43.847071],[-80.048518,43.847057],[-80.048514,43.846975],[-80.048502,43.846948],[-80.048449,43.846907],[-80.048351,43.846897],[-80.048169,43.846992],[-80.04815,43.847044],[-80.048173,43.84711],[-80.048305,43.847216],[-80.048376,43.847251],[-80.048466,43.847309],[-80.04849,43.84733],[-80.048516,43.847399],[-80.048542,43.847432],[-80.048681,43.8475],[-80.048759,43.847552],[-80.048821,43.847628],[-80.048893,43.847695],[-80.049048,43.847772],[-80.04916,43.847801],[-80.049188,43.847816],[-80.049399,43.848003],[-80.049511,43.848073],[-80.049611,43.848122],[-80.049784,43.848243],[-80.049912,43.848388],[-80.049989,43.848453],[-80.050041,43.848483],[-80.050269,43.848579],[-80.050289,43.848626],[-80.050291,43.848659]]]}},{"type":"Feature","properties":{"k":"bunker"},"geometry":{"type":"Polygon","coordinates":[[[-80.050017,43.847566],[-80.050008,43.847579],[-80.050011,43.847599],[-80.05002,43.847607],[-80.050049,43.847604],[-80.050066,43.847584],[-80.050065,43.847557],[-80.050042,43.84755],[-80.050017,43.847566]]]}},{"type":"Feature","properties":{"k":"green"},"geometry":{"type":"Polygon","coordinates":[[[-80.046976,43.847784],[-80.046961,43.847803],[-80.046954,43.847842],[-80.04698,43.847885],[-80.047024,43.847909],[-80.047174,43.847931],[-80.047263,43.847931],[-80.047344,43.847909],[-80.047374,43.847876],[-80.047361,43.84784],[-80.04732,43.847795],[-80.047244,43.847753],[-80.047204,43.847745],[-80.047052,43.847745],[-80.047018,43.847757],[-80.046976,43.847784]]]}},{"type":"Feature","properties":{"k":"fairway"},"geometry":{"type":"Polygon","coordinates":[[[-80.049135,43.849188],[-80.049181,43.849208],[-80.04926,43.849274],[-80.049291,43.849284],[-80.049379,43.849293],[-80.049484,43.849277],[-80.049554,43.849252],[-80.049592,43.849209],[-80.0496,43.849161],[-80.049485,43.848998],[-80.049295,43.848908],[-80.049247,43.848891],[-80.049193,43.848878],[-80.049103,43.848882],[-80.049045,43.84891],[-80.048982,43.84896],[-80.048943,43.848963],[-80.048923,43.848955],[-80.048907,43.848926],[-80.048972,43.848779],[-80.048967,43.848761],[-80.048911,43.848706],[-80.048804,43.848639],[-80.048616,43.84855],[-80.048218,43.848276],[-80.048022,43.848127],[-80.047786,43.847978],[-80.047563,43.847887],[-80.04745,43.847798],[-80.047412,43.847743],[-80.047369,43.847709],[-80.047283,43.847689],[-80.047212,43.847708],[-80.04714,43.847743],[-80.04703,43.847822],[-80.047077,43.8479],[-80.047323,43.847937],[-80.047379,43.847963],[-80.047524,43.8481],[-80.047729,43.848336],[-80.047793,43.848387],[-80.047954,43.848488],[-80.047988,43.848541],[-80.048013,43.848625],[-80.048034,43.848645],[-80.048062,43.848666],[-80.048169,43.848717],[-80.048226,43.848759],[-80.048244,43.848779],[-80.048263,43.848861],[-80.048286,43.848897],[-80.048337,43.848919],[-80.04845,43.848939],[-80.04848,43.848956],[-80.048549,43.849021],[-80.048607,43.849049],[-80.048683,43.849072],[-80.048819,43.849082],[-80.049135,43.849188]]]}},{"type":"Feature","properties":{"k":"tee"},"geometry":{"type":"Polygon","coordinates":[[[-80.050288,43.849751],[-80.050314,43.849772],[-80.050392,43.849806],[-80.050413,43.849801],[-80.05044,43.849777],[-80.050457,43.849751],[-80.050457,43.849728],[-80.050408,43.849692],[-80.050341,43.849673],[-80.050292,43.849689],[-80.050282,43.849707],[-80.050288,43.849751]]]}},{"type":"Feature","properties":{"k":"tee"},"geometry":{"type":"Polygon","coordinates":[[[-80.050507,43.849793],[-80.050524,43.849844],[-80.050569,43.849867],[-80.050651,43.84987],[-80.050687,43.849841],[-80.050694,43.84982],[-80.050681,43.849789],[-80.0506,43.84975],[-80.050567,43.84975],[-80.050518,43.849765],[-80.050507,43.849793]]]}},{"type":"Feature","properties":{"k":"tee"},"geometry":{"type":"Polygon","coordinates":[[[-80.050767,43.849855],[-80.050779,43.849881],[-80.050832,43.849914],[-80.050879,43.849931],[-80.050935,43.849924],[-80.050956,43.849913],[-80.05097,43.849893],[-80.050973,43.84987],[-80.050952,43.849843],[-80.050861,43.849803],[-80.050796,43.849812],[-80.050772,43.84983],[-80.050767,43.849855]]]}},{"type":"Feature","properties":{"k":"bunker"},"geometry":{"type":"Polygon","coordinates":[[[-80.047232,43.848081],[-80.047307,43.848122],[-80.047328,43.848123],[-80.047344,43.848115],[-80.047349,43.848097],[-80.047341,43.848084],[-80.047297,43.848063],[-80.047249,43.848054],[-80.047231,43.848067],[-80.047232,43.848081]]]}},{"type":"Feature","properties":{"k":"bunker"},"geometry":{"type":"Polygon","coordinates":[[[-80.04726,43.847979],[-80.04726,43.848008],[-80.047279,43.848024],[-80.047319,43.848029],[-80.047337,43.848025],[-80.047351,43.848011],[-80.047349,43.847994],[-80.047336,43.847983],[-80.047293,43.847969],[-80.04726,43.847979]]]}},{"type":"Feature","properties":{"k":"bunker"},"geometry":{"type":"Polygon","coordinates":[[[-80.047104,43.847984],[-80.047134,43.848003],[-80.047181,43.84801],[-80.047217,43.848001],[-80.047222,43.847988],[-80.047207,43.847966],[-80.047166,43.847954],[-80.047119,43.847963],[-80.047104,43.847984]]]}},{"type":"Feature","properties":{"k":"tee"},"geometry":{"type":"Polygon","coordinates":[[[-80.053616,43.853204],[-80.053634,43.853248],[-80.053667,43.853272],[-80.053701,43.853286],[-80.053735,43.853285],[-80.053765,43.85327],[-80.053772,43.853249],[-80.053765,43.853215],[-80.053726,43.853174],[-80.053674,43.853162],[-80.053648,43.853166],[-80.053623,43.853179],[-80.053616,43.853204]]]}},{"type":"Feature","properties":{"k":"tee"},"geometry":{"type":"Polygon","coordinates":[[[-80.053451,43.853064],[-80.053446,43.85309],[-80.053483,43.853132],[-80.053542,43.853143],[-80.053595,43.853115],[-80.053605,43.853091],[-80.053596,43.853067],[-80.053579,43.853046],[-80.053549,43.85303],[-80.053489,43.853032],[-80.053464,43.853046],[-80.053451,43.853064]]]}},{"type":"Feature","properties":{"k":"tee"},"geometry":{"type":"Polygon","coordinates":[[[-80.053297,43.852901],[-80.05329,43.852929],[-80.05332,43.852985],[-80.053358,43.852998],[-80.053404,43.852995],[-80.053442,43.852978],[-80.053454,43.852943],[-80.053447,43.852907],[-80.053411,43.852879],[-80.053339,43.852872],[-80.053309,43.85288],[-80.053297,43.852901]]]}},{"type":"Feature","properties":{"k":"tee"},"geometry":{"type":"Polygon","coordinates":[[[-80.052905,43.852602],[-80.052891,43.852618],[-80.052886,43.852649],[-80.0529,43.852675],[-80.05294,43.852703],[-80.052988,43.852696],[-80.053013,43.852676],[-80.053017,43.852648],[-80.053002,43.852622],[-80.052956,43.852594],[-80.052931,43.852591],[-80.052905,43.852602]]]}},{"type":"Feature","properties":{"k":"tee"},"geometry":{"type":"Polygon","coordinates":[[[-80.047237,43.846976],[-80.047241,43.847026],[-80.047263,43.847071],[-80.047286,43.847084],[-80.047318,43.847086],[-80.047366,43.847073],[-80.04738,43.847054],[-80.047375,43.846998],[-80.047343,43.846952],[-80.047278,43.846948],[-80.04725,43.84696],[-80.047237,43.846976]]]}},{"type":"Feature","properties":{"k":"tee"},"geometry":{"type":"Polygon","coordinates":[[[-80.059756,43.856932],[-80.059737,43.8569],[-80.05969,43.856861],[-80.059644,43.856855],[-80.059607,43.856871],[-80.059603,43.856923],[-80.059616,43.856944],[-80.059651,43.856971],[-80.059696,43.85698],[-80.059734,43.85697],[-80.059747,43.85696],[-80.059756,43.856932]]]}},{"type":"Feature","properties":{"k":"bunker"},"geometry":{"type":"Polygon","coordinates":[[[-80.049085,43.852786],[-80.049074,43.852808],[-80.049093,43.852831],[-80.049187,43.852871],[-80.049265,43.852873],[-80.049313,43.852854],[-80.049352,43.852848],[-80.049454,43.852849],[-80.049485,43.852839],[-80.049534,43.8528],[-80.049538,43.852778],[-80.049535,43.852757],[-80.04949,43.852719],[-80.04943,43.85271],[-80.049377,43.852725],[-80.049363,43.852741],[-80.049377,43.852758],[-80.049368,43.852799],[-80.04934,43.852795],[-80.049338,43.852772],[-80.049318,43.852753],[-80.049299,43.852748],[-80.049232,43.85277],[-80.049217,43.852786],[-80.049201,43.852772],[-80.04917,43.85277],[-80.049109,43.85277],[-80.049085,43.852786]]]}},{"type":"Feature","properties":{"k":"tee"},"geometry":{"type":"Polygon","coordinates":[[[-80.051507,43.852672],[-80.051574,43.852731],[-80.051624,43.852704],[-80.051553,43.852629],[-80.051494,43.852657],[-80.051507,43.852672]]]}},{"type":"Feature","properties":{"k":"tee"},"geometry":{"type":"Polygon","coordinates":[[[-80.051476,43.852507],[-80.051411,43.852456],[-80.051375,43.852453],[-80.051343,43.852472],[-80.051338,43.852485],[-80.051349,43.852516],[-80.051401,43.852571],[-80.051436,43.852584],[-80.051469,43.852581],[-80.05149,43.852564],[-80.051492,43.852539],[-80.051476,43.852507]]]}},{"type":"Feature","properties":{"k":"tee"},"geometry":{"type":"Polygon","coordinates":[[[-80.051152,43.852301],[-80.051182,43.852357],[-80.051244,43.852414],[-80.051282,43.852425],[-80.051303,43.852423],[-80.051336,43.852406],[-80.051345,43.85239],[-80.051332,43.852361],[-80.051228,43.852263],[-80.051197,43.852259],[-80.051182,43.852264],[-80.051164,43.852277],[-80.051152,43.852301]]]}},{"type":"Feature","properties":{"k":"tee"},"geometry":{"type":"Polygon","coordinates":[[[-80.061365,43.856656],[-80.061335,43.856693],[-80.061343,43.856725],[-80.061381,43.856733],[-80.06144,43.856715],[-80.061457,43.85668],[-80.061434,43.85665],[-80.061407,43.856643],[-80.061365,43.856656]]]}},{"type":"Feature","properties":{"k":"fairway"},"geometry":{"type":"Polygon","coordinates":[[[-80.060402,43.856249],[-80.060459,43.856273],[-80.060488,43.856297],[-80.060538,43.85637],[-80.060576,43.856403],[-80.060599,43.856415],[-80.060651,43.856419],[-80.060693,43.856403],[-80.060744,43.856337],[-80.060777,43.856312],[-80.060813,43.856304],[-80.060888,43.856302],[-80.060942,43.856284],[-80.060977,43.856254],[-80.060995,43.856227],[-80.061005,43.856192],[-80.061,43.856153],[-80.060963,43.856107],[-80.060917,43.856083],[-80.060792,43.856075],[-80.060663,43.856085],[-80.06061,43.856066],[-80.060563,43.856034],[-80.060419,43.855815],[-80.060328,43.855603],[-80.060281,43.855528],[-80.06019,43.855435],[-80.060069,43.85534],[-80.059915,43.85525],[-80.059861,43.855227],[-80.059643,43.855171],[-80.059418,43.8551],[-80.0589,43.854849],[-80.058289,43.854476],[-80.058169,43.854392],[-80.058008,43.854258],[-80.057667,43.854063],[-80.057417,43.853972],[-80.05725,43.853939],[-80.057178,43.853935],[-80.057133,43.853941],[-80.05708,43.853955],[-80.057035,43.853985],[-80.057004,43.854014],[-80.056987,43.854057],[-80.056986,43.854146],[-80.057008,43.854191],[-80.057088,43.854252],[-80.05713,43.854272],[-80.057191,43.854292],[-80.057359,43.854311],[-80.057443,43.854348],[-80.057555,43.854508],[-80.057669,43.854718],[-80.057711,43.854766],[-80.057837,43.854866],[-80.058046,43.854958],[-80.058648,43.855144],[-80.058933,43.855246],[-80.059359,43.855333],[-80.059494,43.85537],[-80.059546,43.855392],[-80.059818,43.855556],[-80.060003,43.855686],[-80.060035,43.855735],[-80.060028,43.855787],[-80.059987,43.855896],[-80.059997,43.855942],[-80.06004,43.855988],[-80.060262,43.856188],[-80.060322,43.856223],[-80.060402,43.856249]]]}},{"type":"Feature","properties":{"k":"tee"},"geometry":{"type":"Polygon","coordinates":[[[-80.056746,43.853769],[-80.056726,43.853802],[-80.056734,43.853823],[-80.056778,43.853847],[-80.056829,43.85385],[-80.056849,43.853822],[-80.056833,43.853788],[-80.056792,43.853769],[-80.056746,43.853769]]]}},{"type":"Feature","properties":{"k":"tee"},"geometry":{"type":"Polygon","coordinates":[[[-80.059701,43.857071],[-80.059762,43.85712],[-80.059801,43.857122],[-80.059838,43.857094],[-80.05983,43.857054],[-80.059796,43.857024],[-80.059774,43.857017],[-80.059749,43.857015],[-80.059708,43.857028],[-80.059698,43.857041],[-80.059701,43.857071]]]}},{"type":"Feature","properties":{"k":"tee"},"geometry":{"type":"Polygon","coordinates":[[[-80.060399,43.857939],[-80.060341,43.857947],[-80.060311,43.857967],[-80.060297,43.857993],[-80.060314,43.858017],[-80.060342,43.858021],[-80.060371,43.858001],[-80.06042,43.85795],[-80.060399,43.857939]]]}},{"type":"Feature","properties":{"k":"tee"},"geometry":{"type":"Polygon","coordinates":[[[-80.06025,43.858064],[-80.06021,43.858049],[-80.060169,43.858058],[-80.060131,43.858079],[-80.060115,43.85811],[-80.060135,43.858148],[-80.060167,43.858161],[-80.060188,43.85816],[-80.060232,43.858141],[-80.060266,43.858091],[-80.06025,43.858064]]]}},{"type":"Feature","properties":{"k":"bunker"},"geometry":{"type":"Polygon","coordinates":[[[-80.046491,43.847026],[-80.046496,43.847034],[-80.046523,43.847043],[-80.046553,43.847035],[-80.046564,43.847018],[-80.046547,43.847004],[-80.046508,43.847003],[-80.046491,43.847026]]]}},{"type":"Feature","properties":{"k":"bunker"},"geometry":{"type":"Polygon","coordinates":[[[-80.046584,43.846981],[-80.04662,43.846993],[-80.046634,43.846989],[-80.046646,43.846969],[-80.046626,43.846953],[-80.046595,43.846952],[-80.046581,43.846971],[-80.046584,43.846981]]]}},{"type":"Feature","properties":{"k":"tee"},"geometry":{"type":"Polygon","coordinates":[[[-80.04736,43.846852],[-80.047349,43.846784],[-80.047333,43.846767],[-80.047301,43.846755],[-80.047241,43.846767],[-80.047229,43.846782],[-80.047232,43.84685],[-80.047259,43.846887],[-80.047303,43.846899],[-80.047328,43.846895],[-80.047358,43.84687],[-80.04736,43.846852]]]}},{"type":"Feature","properties":{"k":"tee"},"geometry":{"type":"Polygon","coordinates":[[[-80.047207,43.846638],[-80.047222,43.846682],[-80.047255,43.846708],[-80.047286,43.846715],[-80.047333,43.846699],[-80.047338,43.84665],[-80.047313,43.846591],[-80.047294,43.84658],[-80.047269,43.846573],[-80.04722,43.846589],[-80.047206,43.84661],[-80.047207,43.846638]]]}},{"type":"Feature","properties":{"k":"tee"},"geometry":{"type":"Polygon","coordinates":[[[-80.047082,43.846229],[-80.047125,43.846288],[-80.047175,43.846294],[-80.047209,43.846271],[-80.047199,43.846222],[-80.047171,43.846191],[-80.047143,43.846184],[-80.047094,43.846191],[-80.047082,43.846208],[-80.047082,43.846229]]]}},{"type":"Feature","properties":{"k":"bunker"},"geometry":{"type":"Polygon","coordinates":[[[-80.04689,43.844863],[-80.046857,43.844872],[-80.046836,43.8449],[-80.046835,43.844914],[-80.046856,43.844938],[-80.046873,43.84494],[-80.046917,43.844905],[-80.046916,43.84488],[-80.04689,43.844863]]]}},{"type":"Feature","properties":{"k":"bunker"},"geometry":{"type":"Polygon","coordinates":[[[-80.046964,43.844957],[-80.046954,43.844982],[-80.046963,43.844994],[-80.046975,43.845004],[-80.047008,43.845003],[-80.047028,43.844978],[-80.047014,43.844954],[-80.046998,43.844949],[-80.046964,43.844957]]]}},{"type":"Feature","properties":{"k":"fairway"},"geometry":{"type":"Polygon","coordinates":[[[-80.058185,43.855818],[-80.058234,43.855932],[-80.058277,43.856003],[-80.058316,43.856039],[-80.058393,43.85607],[-80.058562,43.856102],[-80.058696,43.856101],[-80.058778,43.856087],[-80.058836,43.856068],[-80.058873,43.856049],[-80.058911,43.856011],[-80.058926,43.855931],[-80.05892,43.855907],[-80.058881,43.855858],[-80.058712,43.855724],[-80.058584,43.855581],[-80.058459,43.855472],[-80.058285,43.855355],[-80.05817,43.855298],[-80.058009,43.855238],[-80.057925,43.855224],[-80.057788,43.855224],[-80.057705,43.855214],[-80.057497,43.855129],[-80.057365,43.855061],[-80.05731,43.855022],[-80.057247,43.854891],[-80.057177,43.85482],[-80.057148,43.854799],[-80.056895,43.854696],[-80.056732,43.854585],[-80.056573,43.85445],[-80.056501,43.854404],[-80.05643,43.854382],[-80.056354,43.854374],[-80.05623,43.85439],[-80.056126,43.854422],[-80.056179,43.854411],[-80.056241,43.854417],[-80.056309,43.854445],[-80.056363,43.854481],[-80.056394,43.854543],[-80.056393,43.854585],[-80.056377,43.854604],[-80.056338,43.854628],[-80.056242,43.854647],[-80.056321,43.854644],[-80.056381,43.854652],[-80.056413,43.854662],[-80.056435,43.85468],[-80.056448,43.854717],[-80.056451,43.854803],[-80.056474,43.854889],[-80.056517,43.854946],[-80.056585,43.855009],[-80.056686,43.855082],[-80.056999,43.855266],[-80.057205,43.855398],[-80.0574,43.855559],[-80.057515,43.855639],[-80.05758,43.855675],[-80.057678,43.855698],[-80.057895,43.855702],[-80.057936,43.855708],[-80.058107,43.855766],[-80.058144,43.855784],[-80.058185,43.855818]]]}},{"type":"Feature","properties":{"k":"tee"},"geometry":{"type":"Polygon","coordinates":[[[-80.059561,43.856665],[-80.059526,43.856692],[-80.059519,43.85671],[-80.059534,43.856747],[-80.059599,43.856785],[-80.059617,43.856787],[-80.059659,43.856775],[-80.059684,43.856756],[-80.059686,43.856738],[-80.059665,43.856704],[-80.05961,43.856665],[-80.059561,43.856665]]]}},{"type":"Feature","properties":{"k":"tee"},"geometry":{"type":"Polygon","coordinates":[[[-80.059427,43.85654],[-80.059431,43.856578],[-80.059474,43.856619],[-80.059518,43.856623],[-80.059578,43.856601],[-80.059583,43.856567],[-80.059558,43.856533],[-80.059535,43.856518],[-80.059505,43.856512],[-80.059454,43.856516],[-80.059436,43.856524],[-80.059427,43.85654]]]}},{"type":"Feature","properties":{"k":"tee"},"geometry":{"type":"Polygon","coordinates":[[[-80.059335,43.856423],[-80.059332,43.856441],[-80.059345,43.856471],[-80.059378,43.856493],[-80.05942,43.856499],[-80.059454,43.856488],[-80.059466,43.856477],[-80.059467,43.856444],[-80.05943,43.856415],[-80.059375,43.856404],[-80.059335,43.856423]]]}},{"type":"Feature","properties":{"k":"fairway"},"geometry":{"type":"Polygon","coordinates":[[[-80.057564,43.85729],[-80.057663,43.857354],[-80.057761,43.857432],[-80.057837,43.857442],[-80.057894,43.857433],[-80.057937,43.857409],[-80.05797,43.857368],[-80.057995,43.857289],[-80.057981,43.857251],[-80.057952,43.857208],[-80.057758,43.857059],[-80.057218,43.856963],[-80.05715,43.856944],[-80.056975,43.856876],[-80.056525,43.856804],[-80.056193,43.856735],[-80.056057,43.856685],[-80.055997,43.856655],[-80.055956,43.85663],[-80.055828,43.856519],[-80.055775,43.856488],[-80.05548,43.856391],[-80.055396,43.856345],[-80.055304,43.85628],[-80.055157,43.856205],[-80.055065,43.856189],[-80.055001,43.856196],[-80.054926,43.856231],[-80.054892,43.856266],[-80.054879,43.856345],[-80.054889,43.856448],[-80.054922,43.856552],[-80.054973,43.856609],[-80.055083,43.856696],[-80.055233,43.856784],[-80.055601,43.856944],[-80.055802,43.857055],[-80.056078,43.857132],[-80.056271,43.857211],[-80.056394,43.857234],[-80.056521,43.85723],[-80.056752,43.857168],[-80.056849,43.857155],[-80.057046,43.857203],[-80.057233,43.857218],[-80.057395,43.857253],[-80.057495,43.857264],[-80.057542,43.857275],[-80.057564,43.85729]]]}},{"type":"Feature","properties":{"k":"tee"},"geometry":{"type":"Polygon","coordinates":[[[-80.05636,43.853693],[-80.056363,43.853729],[-80.056402,43.853762],[-80.056483,43.853776],[-80.056517,43.853768],[-80.056528,43.853758],[-80.056533,43.85372],[-80.056484,43.853688],[-80.056434,43.853675],[-80.05639,43.853673],[-80.05636,43.853693]]]}},{"type":"Feature","properties":{"k":"tee"},"geometry":{"type":"Polygon","coordinates":[[[-80.056165,43.853592],[-80.056142,43.85361],[-80.056136,43.853627],[-80.056135,43.853653],[-80.056151,43.853678],[-80.056229,43.853704],[-80.056274,43.853705],[-80.056292,43.853698],[-80.056321,43.853662],[-80.056314,43.853636],[-80.056258,43.853607],[-80.056206,43.853593],[-80.056165,43.853592]]]}},{"type":"Feature","properties":{"k":"tee"},"geometry":{"type":"Polygon","coordinates":[[[-80.055894,43.853563],[-80.055883,43.853587],[-80.055885,43.853612],[-80.055926,43.853641],[-80.056003,43.853655],[-80.056033,43.85365],[-80.056054,43.853633],[-80.056065,43.853599],[-80.056022,43.85357],[-80.055944,43.853551],[-80.055907,43.853554],[-80.055894,43.853563]]]}},{"type":"Feature","properties":{"k":"tee"},"geometry":{"type":"Polygon","coordinates":[[[-80.055782,43.853591],[-80.055803,43.853579],[-80.055814,43.853558],[-80.05581,43.853534],[-80.055789,43.853519],[-80.055724,43.853519],[-80.055692,43.853529],[-80.055673,43.853544],[-80.055673,43.853568],[-80.055697,43.853586],[-80.055744,43.853595],[-80.055782,43.853591]]]}},{"type":"Feature","properties":{"k":"tee"},"geometry":{"type":"Polygon","coordinates":[[[-80.056196,43.85637],[-80.056234,43.856421],[-80.056274,43.856426],[-80.056289,43.856419],[-80.056301,43.856394],[-80.056297,43.856381],[-80.056268,43.85635],[-80.056248,43.856341],[-80.056212,43.856343],[-80.056196,43.856356],[-80.056196,43.85637]]]}},{"type":"Feature","properties":{"k":"tee"},"geometry":{"type":"Polygon","coordinates":[[[-80.055991,43.856249],[-80.056033,43.856286],[-80.056072,43.856299],[-80.056128,43.856302],[-80.056156,43.856284],[-80.056155,43.856269],[-80.056128,43.856245],[-80.056046,43.856214],[-80.055998,43.856218],[-80.055987,43.856225],[-80.055991,43.856249]]]}},{"type":"Feature","properties":{"k":"tee"},"geometry":{"type":"Polygon","coordinates":[[[-80.055895,43.856077],[-80.055852,43.856054],[-80.055806,43.856054],[-80.055773,43.856076],[-80.055767,43.856103],[-80.055819,43.85614],[-80.055868,43.856144],[-80.055899,43.856123],[-80.055895,43.856077]]]}},{"type":"Feature","properties":{"k":"tee"},"geometry":{"type":"Polygon","coordinates":[[[-80.055583,43.856006],[-80.055588,43.856044],[-80.055638,43.856071],[-80.055685,43.856073],[-80.055703,43.856067],[-80.055732,43.856034],[-80.055724,43.856004],[-80.055654,43.855974],[-80.055611,43.855982],[-80.055583,43.856006]]]}},{"type":"Feature","properties":{"k":"tee"},"geometry":{"type":"Polygon","coordinates":[[[-80.05502,43.855659],[-80.055038,43.855689],[-80.055097,43.855739],[-80.055153,43.855734],[-80.0552,43.855707],[-80.055203,43.855694],[-80.055191,43.855674],[-80.05515,43.855631],[-80.05511,43.855611],[-80.055046,43.855624],[-80.055028,43.855635],[-80.05502,43.855659]]]}},{"type":"Feature","properties":{"k":"fairway"},"geometry":{"type":"Polygon","coordinates":[[[-80.055018,43.857664],[-80.055032,43.857829],[-80.055057,43.857894],[-80.055107,43.85797],[-80.055145,43.857999],[-80.055203,43.858015],[-80.055282,43.858012],[-80.055348,43.857989],[-80.055397,43.857955],[-80.055418,43.857929],[-80.05543,43.857909],[-80.055428,43.857858],[-80.055401,43.857792],[-80.055308,43.857687],[-80.055212,43.857515],[-80.055167,43.85746],[-80.055068,43.857371],[-80.054962,43.857292],[-80.054808,43.857129],[-80.054748,43.857078],[-80.054634,43.857005],[-80.054478,43.856934],[-80.054401,43.856884],[-80.054316,43.856785],[-80.05415,43.856522],[-80.054,43.856331],[-80.053795,43.856097],[-80.053638,43.855957],[-80.053574,43.855917],[-80.053449,43.855861],[-80.053485,43.855919],[-80.053489,43.855937],[-80.053475,43.855978],[-80.053442,43.856007],[-80.053356,43.856023],[-80.053449,43.856034],[-80.053493,43.856072],[-80.053518,43.856167],[-80.053481,43.856313],[-80.053493,43.856396],[-80.053533,43.85647],[-80.053649,43.856619],[-80.053718,43.856862],[-80.053746,43.856922],[-80.053826,43.857029],[-80.054136,43.857326],[-80.054264,43.857412],[-80.054339,43.857448],[-80.054417,43.857475],[-80.054673,43.857523],[-80.054927,43.857582],[-80.054982,43.857605],[-80.055002,43.857622],[-80.055018,43.857664]]]}},{"type":"Feature","properties":{"k":"tee"},"geometry":{"type":"Polygon","coordinates":[[[-80.054603,43.855931],[-80.054575,43.855944],[-80.054543,43.855982],[-80.054652,43.856048],[-80.054724,43.855992],[-80.054624,43.855922],[-80.054603,43.855931]]]}},{"type":"Feature","properties":{"k":"tee"},"geometry":{"type":"Polygon","coordinates":[[[-80.054317,43.855824],[-80.054285,43.855854],[-80.054292,43.855874],[-80.054433,43.855956],[-80.05452,43.85589],[-80.054376,43.855799],[-80.054317,43.855824]]]}},{"type":"Feature","properties":{"k":"tee"},"geometry":{"type":"Polygon","coordinates":[[[-80.054285,43.855759],[-80.054214,43.855716],[-80.054147,43.855693],[-80.054097,43.855709],[-80.054084,43.855728],[-80.054088,43.855764],[-80.054123,43.855789],[-80.05421,43.855827],[-80.054255,43.855818],[-80.054288,43.855795],[-80.054296,43.855776],[-80.054285,43.855759]]]}},{"type":"Feature","properties":{"k":"tee"},"geometry":{"type":"Polygon","coordinates":[[[-80.053766,43.855622],[-80.053764,43.855634],[-80.053778,43.855645],[-80.05387,43.855687],[-80.053924,43.855637],[-80.053809,43.855582],[-80.053766,43.855622]]]}},{"type":"Feature","properties":{"k":"tee"},"geometry":{"type":"Polygon","coordinates":[[[-80.055035,43.854641],[-80.055043,43.854675],[-80.055142,43.854739],[-80.055186,43.854739],[-80.05523,43.854716],[-80.055243,43.854699],[-80.055248,43.854672],[-80.055238,43.854655],[-80.055152,43.8546],[-80.055128,43.854595],[-80.055079,43.854599],[-80.055035,43.854641]]]}},{"type":"Feature","properties":{"k":"tee"},"geometry":{"type":"Polygon","coordinates":[[[-80.054789,43.854478],[-80.054755,43.854464],[-80.054734,43.854464],[-80.054704,43.854476],[-80.05468,43.854508],[-80.05468,43.854532],[-80.05469,43.854542],[-80.054721,43.854551],[-80.054755,43.854542],[-80.054796,43.854502],[-80.054789,43.854478]]]}},{"type":"Feature","properties":{"k":"tee"},"geometry":{"type":"Polygon","coordinates":[[[-80.054864,43.854544],[-80.054838,43.85459],[-80.054874,43.854618],[-80.054937,43.854646],[-80.054998,43.854613],[-80.055024,43.854583],[-80.055021,43.854567],[-80.055003,43.854551],[-80.054945,43.854524],[-80.0549,43.854526],[-80.054864,43.854544]]]}},{"type":"Feature","properties":{"k":"tee"},"geometry":{"type":"Polygon","coordinates":[[[-80.046376,43.848503],[-80.046363,43.848528],[-80.046386,43.848561],[-80.046439,43.848593],[-80.046474,43.848598],[-80.046488,43.848591],[-80.046493,43.848566],[-80.046462,43.848529],[-80.046411,43.8485],[-80.046376,43.848503]]]}},{"type":"Feature","properties":{"k":"tee"},"geometry":{"type":"Polygon","coordinates":[[[-80.045924,43.848284],[-80.045919,43.848318],[-80.046006,43.848372],[-80.046048,43.848376],[-80.046097,43.848352],[-80.046102,43.848321],[-80.046033,43.848268],[-80.046008,43.84826],[-80.045954,43.848263],[-80.045924,43.848284]]]}},{"type":"Feature","properties":{"k":"tee"},"geometry":{"type":"Polygon","coordinates":[[[-80.04574,43.848202],[-80.045775,43.848243],[-80.045822,43.848263],[-80.045868,43.848268],[-80.045902,43.84825],[-80.045908,43.848232],[-80.045895,43.848201],[-80.045815,43.848152],[-80.045789,43.848149],[-80.045759,43.848159],[-80.045736,43.848187],[-80.04574,43.848202]]]}},{"type":"Feature","properties":{"k":"tee"},"geometry":{"type":"Polygon","coordinates":[[[-80.045536,43.848092],[-80.045589,43.848135],[-80.045642,43.84816],[-80.045669,43.84816],[-80.045701,43.848143],[-80.04571,43.848108],[-80.045694,43.848077],[-80.045617,43.84803],[-80.045566,43.848033],[-80.045547,43.848047],[-80.045534,43.848061],[-80.045536,43.848092]]]}},{"type":"Feature","properties":{"k":"green"},"geometry":{"type":"Polygon","coordinates":[[[-80.041444,43.844819],[-80.041505,43.844878],[-80.041566,43.844956],[-80.041617,43.844976],[-80.041672,43.844969],[-80.041691,43.844954],[-80.041707,43.844909],[-80.0417,43.844864],[-80.041661,43.8448],[-80.041602,43.844746],[-80.041536,43.844721],[-80.041472,43.84473],[-80.041428,43.844755],[-80.04142,43.844774],[-80.041425,43.844799],[-80.041444,43.844819]]]}},{"type":"Feature","properties":{"k":"tee"},"geometry":{"type":"Polygon","coordinates":[[[-80.043979,43.843908],[-80.043965,43.843893],[-80.043919,43.843878],[-80.043894,43.843882],[-80.043865,43.843907],[-80.04387,43.843936],[-80.043885,43.843953],[-80.043944,43.843989],[-80.043981,43.843986],[-80.044002,43.843966],[-80.044006,43.843952],[-80.043979,43.843908]]]}},{"type":"Feature","properties":{"k":"fairway"},"geometry":{"type":"Polygon","coordinates":[[[-80.039222,43.843467],[-80.039262,43.843476],[-80.039316,43.843471],[-80.039425,43.843405],[-80.03954,43.843316],[-80.039642,43.843194],[-80.039769,43.843001],[-80.039871,43.842913],[-80.039885,43.842883],[-80.039886,43.842725],[-80.03993,43.842557],[-80.039962,43.842489],[-80.040084,43.842351],[-80.04016,43.842228],[-80.040159,43.842193],[-80.040143,43.842168],[-80.040116,43.842149],[-80.040063,43.842141],[-80.040007,43.842145],[-80.039888,43.842177],[-80.039488,43.842584],[-80.039367,43.842679],[-80.039292,43.842723],[-80.03919,43.842816],[-80.039174,43.842848],[-80.039181,43.842965],[-80.039147,43.843055],[-80.03915,43.84309],[-80.039215,43.843201],[-80.039152,43.843348],[-80.039147,43.843385],[-80.039154,43.843416],[-80.03918,43.843444],[-80.039222,43.843467]]]}},{"type":"Feature","properties":{"k":"green"},"geometry":{"type":"Polygon","coordinates":[[[-80.043052,43.843534],[-80.043008,43.843557],[-80.042996,43.843577],[-80.042989,43.843626],[-80.043,43.84374],[-80.043025,43.843784],[-80.04306,43.84381],[-80.043117,43.843822],[-80.043161,43.84382],[-80.043193,43.843806],[-80.043213,43.843766],[-80.04322,43.843715],[-80.043204,43.843611],[-80.043174,43.843562],[-80.043153,43.843544],[-80.043087,43.843531],[-80.043052,43.843534]]]}},{"type":"Feature","properties":{"k":"green"},"geometry":{"type":"Polygon","coordinates":[[[-80.040914,43.84201],[-80.04089,43.842049],[-80.040903,43.842083],[-80.040925,43.842103],[-80.041099,43.842202],[-80.041148,43.842197],[-80.041168,43.842185],[-80.041203,43.842136],[-80.041202,43.842101],[-80.041107,43.842006],[-80.041061,43.84198],[-80.040998,43.841969],[-80.040914,43.84201]]]}},{"type":"Feature","properties":{"k":"fairway"},"geometry":{"type":"Polygon","coordinates":[[[-80.042926,43.843535],[-80.042952,43.843547],[-80.042981,43.843579],[-80.043047,43.843756],[-80.043183,43.84378],[-80.043262,43.843748],[-80.043323,43.843697],[-80.043332,43.843676],[-80.043326,43.843628],[-80.043287,43.843574],[-80.043255,43.843486],[-80.043222,43.84346],[-80.043194,43.843453],[-80.043137,43.843454],[-80.04303,43.843483],[-80.042967,43.843474],[-80.042911,43.843449],[-80.042866,43.843408],[-80.042828,43.843359],[-80.042786,43.843274],[-80.042762,43.843261],[-80.042654,43.843253],[-80.042616,43.843242],[-80.042503,43.843187],[-80.042441,43.843182],[-80.042415,43.843193],[-80.042377,43.843241],[-80.042387,43.843283],[-80.042424,43.84332],[-80.042576,43.843418],[-80.042603,43.843446],[-80.04265,43.843544],[-80.042684,43.843558],[-80.042721,43.843563],[-80.042886,43.843531],[-80.042926,43.843535]]]}},{"type":"Feature","properties":{"k":"green"},"geometry":{"type":"Polygon","coordinates":[[[-80.044525,43.843376],[-80.044487,43.843435],[-80.044469,43.843493],[-80.044473,43.843535],[-80.044491,43.843562],[-80.044558,43.843582],[-80.044638,43.84358],[-80.044713,43.843551],[-80.044766,43.843519],[-80.0448,43.843456],[-80.0448,43.843415],[-80.044777,43.843383],[-80.044686,43.843344],[-80.04463,43.843336],[-80.044579,43.843344],[-80.044525,43.843376]]]}},{"type":"Feature","properties":{"k":"fairway"},"geometry":{"type":"Polygon","coordinates":[[[-80.044527,43.843704],[-80.044594,43.843685],[-80.044583,43.843659],[-80.044597,43.843629],[-80.044644,43.843622],[-80.044684,43.843641],[-80.044696,43.843635],[-80.044674,43.843609],[-80.04469,43.843578],[-80.044734,43.843566],[-80.044767,43.843584],[-80.044905,43.843518],[-80.044763,43.843405],[-80.044561,43.84348],[-80.044502,43.843547],[-80.044474,43.843609],[-80.04447,43.843653],[-80.044491,43.843681],[-80.044527,43.843704]]]}},{"type":"Feature","properties":{"k":"bunker"},"geometry":{"type":"Polygon","coordinates":[[[-80.043561,43.845915],[-80.043564,43.845933],[-80.043603,43.845949],[-80.043651,43.845935],[-80.043667,43.845919],[-80.043666,43.845905],[-80.043647,43.845888],[-80.043618,43.845884],[-80.043594,43.84589],[-80.043561,43.845915]]]}},{"type":"Feature","properties":{"k":"bunker"},"geometry":{"type":"Polygon","coordinates":[[[-80.043511,43.845837],[-80.043531,43.845858],[-80.043553,43.845865],[-80.043576,43.845865],[-80.043594,43.845842],[-80.043587,43.845825],[-80.043569,43.845818],[-80.043525,43.845822],[-80.043511,43.845837]]]}},{"type":"Feature","properties":{"k":"bunker"},"geometry":{"type":"Polygon","coordinates":[[[-80.045045,43.84652],[-80.045016,43.846534],[-80.045025,43.846601],[-80.04507,43.846665],[-80.045116,43.84667],[-80.045148,43.846646],[-80.045147,43.846629],[-80.045096,43.846607],[-80.045107,43.846567],[-80.045045,43.84652]]]}},{"type":"Feature","properties":{"k":"bunker"},"geometry":{"type":"Polygon","coordinates":[[[-80.045174,43.846589],[-80.045185,43.846603],[-80.045226,43.846618],[-80.045264,43.846613],[-80.04526,43.846585],[-80.045221,43.846564],[-80.045193,43.846563],[-80.045174,43.846575],[-80.045174,43.846589]]]}},{"type":"Feature","properties":{"k":"bunker"},"geometry":{"type":"Polygon","coordinates":[[[-80.041932,43.843754],[-80.041939,43.843791],[-80.041994,43.843858],[-80.042014,43.843868],[-80.042106,43.84389],[-80.042139,43.843904],[-80.042198,43.843952],[-80.042233,43.843955],[-80.042243,43.843941],[-80.042233,43.843904],[-80.042267,43.843881],[-80.04226,43.84385],[-80.04224,43.843839],[-80.042185,43.843831],[-80.042123,43.843853],[-80.042085,43.843834],[-80.042077,43.84382],[-80.042089,43.843781],[-80.042071,43.843772],[-80.041992,43.843765],[-80.041978,43.843743],[-80.041964,43.843738],[-80.041944,43.843741],[-80.041932,43.843754]]]}},{"type":"Feature","properties":{"k":"fairway"},"geometry":{"type":"Polygon","coordinates":[[[-80.042474,43.842081],[-80.042129,43.842166],[-80.042187,43.84227],[-80.042277,43.84233],[-80.042357,43.842347],[-80.042469,43.842339],[-80.042507,43.842343],[-80.042634,43.842386],[-80.042856,43.842438],[-80.042991,43.842462],[-80.043034,43.842462],[-80.043118,43.842439],[-80.043153,43.842423],[-80.043196,43.842383],[-80.043203,43.842357],[-80.043124,43.84225],[-80.0431,43.842176],[-80.04308,43.842157],[-80.043045,43.842144],[-80.042909,43.842124],[-80.04288,43.842115],[-80.04287,43.842095],[-80.042826,43.842086],[-80.042764,43.842115],[-80.042674,43.842117],[-80.042629,43.842112],[-80.042606,43.842096],[-80.042591,43.842071],[-80.042578,43.842073],[-80.042581,43.842107],[-80.04257,43.842118],[-80.042527,43.842125],[-80.042489,43.842109],[-80.042474,43.842081]]]}},{"type":"Feature","properties":{"k":"green"},"geometry":{"type":"Polygon","coordinates":[[[-80.041166,43.840874],[-80.04117,43.840912],[-80.041185,43.840934],[-80.041282,43.840987],[-80.041386,43.841011],[-80.041442,43.841003],[-80.041468,43.840979],[-80.041478,43.840961],[-80.041474,43.840924],[-80.041398,43.840867],[-80.041324,43.840835],[-80.041251,43.840825],[-80.041197,43.840833],[-80.04118,43.840844],[-80.041166,43.840874]]]}},{"type":"Feature","properties":{"k":"green"},"geometry":{"type":"Polygon","coordinates":[[[-80.03978,43.844324],[-80.039834,43.844385],[-80.039876,43.844399],[-80.039926,43.844394],[-80.039963,43.844367],[-80.039974,43.844349],[-80.039972,43.844308],[-80.039949,43.844266],[-80.039882,43.844194],[-80.039833,43.844156],[-80.039804,43.844142],[-80.039749,43.844131],[-80.039687,43.844135],[-80.03965,43.844154],[-80.039629,43.84418],[-80.039628,43.844234],[-80.039672,43.844276],[-80.03978,43.844324]]]}},{"type":"Feature","properties":{"k":"fairway"},"geometry":{"type":"Polygon","coordinates":[[[-80.039791,43.844028],[-80.039783,43.844006],[-80.039751,43.843976],[-80.039696,43.843948],[-80.039667,43.843942],[-80.039576,43.843931],[-80.039473,43.843929],[-80.039445,43.843934],[-80.03941,43.843958],[-80.039408,43.843973],[-80.039421,43.843985],[-80.039495,43.844008],[-80.039545,43.844049],[-80.039553,43.84407],[-80.039546,43.844133],[-80.039559,43.844173],[-80.039616,43.844219],[-80.039653,43.844262],[-80.039825,43.844152],[-80.039787,43.844113],[-80.039791,43.844028]]]}},{"type":"Feature","properties":{"k":"green"},"geometry":{"type":"Polygon","coordinates":[[[-80.041943,43.843691],[-80.042068,43.843741],[-80.042129,43.84375],[-80.04216,43.843748],[-80.042182,43.843736],[-80.042199,43.843705],[-80.042194,43.843662],[-80.042163,43.843615],[-80.042014,43.843513],[-80.041939,43.843497],[-80.041881,43.843516],[-80.04186,43.843534],[-80.04184,43.843578],[-80.04184,43.843604],[-80.041881,43.84366],[-80.041943,43.843691]]]}},{"type":"Feature","properties":{"k":"fairway"},"geometry":{"type":"Polygon","coordinates":[[[-80.043445,43.845188],[-80.043636,43.845357],[-80.043699,43.845374],[-80.043801,43.845386],[-80.043852,43.845382],[-80.043951,43.845349],[-80.044075,43.845259],[-80.0441,43.845206],[-80.044081,43.845163],[-80.043936,43.845081],[-80.043857,43.845012],[-80.043827,43.845],[-80.043785,43.844988],[-80.043633,43.844971],[-80.043593,43.844972],[-80.043516,43.845003],[-80.043483,43.845001],[-80.043429,43.84497],[-80.043388,43.844847],[-80.04332,43.844758],[-80.043294,43.844693],[-80.043246,43.844615],[-80.043073,43.844389],[-80.042921,43.844173],[-80.042747,43.844024],[-80.042717,43.843989],[-80.042659,43.843853],[-80.042602,43.843814],[-80.042537,43.843787],[-80.042324,43.843723],[-80.042288,43.843659],[-80.042237,43.843596],[-80.042124,43.843544],[-80.042044,43.843529],[-80.041921,43.843649],[-80.042068,43.843741],[-80.042263,43.843799],[-80.042316,43.843838],[-80.042329,43.8439],[-80.042326,43.843936],[-80.042289,43.844034],[-80.04232,43.844116],[-80.04239,43.844213],[-80.042485,43.844293],[-80.042598,43.844366],[-80.042668,43.84443],[-80.042729,43.844544],[-80.042792,43.844601],[-80.042844,43.844682],[-80.0429,43.844805],[-80.043006,43.844869],[-80.043055,43.844942],[-80.043141,43.844968],[-80.043168,43.844986],[-80.043219,43.845063],[-80.043314,43.845107],[-80.043445,43.845188]]]}},{"type":"Feature","properties":{"k":"fairway"},"geometry":{"type":"Polygon","coordinates":[[[-80.047012,43.845193],[-80.046997,43.845111],[-80.046971,43.845075],[-80.046817,43.844989],[-80.046784,43.844963],[-80.046714,43.844876],[-80.04669,43.844859],[-80.046505,43.844773],[-80.046362,43.844686],[-80.046316,43.844631],[-80.046284,43.844566],[-80.046158,43.844449],[-80.046008,43.844346],[-80.045789,43.844256],[-80.045756,43.844203],[-80.04573,43.844112],[-80.045709,43.844089],[-80.045644,43.844052],[-80.045519,43.844001],[-80.045465,43.843965],[-80.045201,43.843723],[-80.04515,43.843708],[-80.045006,43.84369],[-80.044955,43.843662],[-80.044923,43.843609],[-80.044918,43.84355],[-80.044905,43.843518],[-80.044767,43.843584],[-80.044777,43.843598],[-80.044771,43.843632],[-80.04476,43.843644],[-80.044722,43.84365],[-80.044696,43.843635],[-80.044684,43.843641],[-80.044691,43.843669],[-80.04468,43.843693],[-80.044649,43.843702],[-80.044594,43.843685],[-80.044527,43.843704],[-80.04459,43.843754],[-80.044666,43.843858],[-80.044695,43.84388],[-80.044866,43.843913],[-80.045,43.843955],[-80.045152,43.844036],[-80.045185,43.844061],[-80.045233,43.844141],[-80.045284,43.844193],[-80.045423,43.844276],[-80.045509,43.844349],[-80.045593,43.844384],[-80.045641,43.844413],[-80.045664,43.844454],[-80.045664,43.844535],[-80.045677,43.844565],[-80.045698,43.844588],[-80.045795,43.844652],[-80.045959,43.844813],[-80.046077,43.844881],[-80.046311,43.84498],[-80.04638,43.845021],[-80.046414,43.845064],[-80.04644,43.845216],[-80.046486,43.845328],[-80.046482,43.84535],[-80.046456,43.845388],[-80.046449,43.845426],[-80.046456,43.845471],[-80.046544,43.845441],[-80.04653,43.845394],[-80.046538,43.845371],[-80.046558,43.845358],[-80.046617,43.845352],[-80.046655,43.845369],[-80.047012,43.845193]]]}},{"type":"Feature","properties":{"k":"fairway"},"geometry":{"type":"Polygon","coordinates":[[[-80.042129,43.842166],[-80.042066,43.842036],[-80.042036,43.841995],[-80.041865,43.841894],[-80.041843,43.841846],[-80.041833,43.841784],[-80.041745,43.841659],[-80.04161,43.841501],[-80.041579,43.841403],[-80.04144,43.841282],[-80.041426,43.8412],[-80.041487,43.841075],[-80.041489,43.841036],[-80.041474,43.841019],[-80.04131,43.84098],[-80.041202,43.840847],[-80.0412,43.840802],[-80.04122,43.840769],[-80.04127,43.840755],[-80.041343,43.840762],[-80.041469,43.840826],[-80.041571,43.840904],[-80.041612,43.841002],[-80.041693,43.841054],[-80.041754,43.841121],[-80.041869,43.841225],[-80.041873,43.841324],[-80.041898,43.841376],[-80.042007,43.841453],[-80.042073,43.841566],[-80.042199,43.841654],[-80.042227,43.841702],[-80.042237,43.841804],[-80.042279,43.841856],[-80.042333,43.84187],[-80.042368,43.841867],[-80.042483,43.841828],[-80.042569,43.841818],[-80.042593,43.841822],[-80.042639,43.841871],[-80.04271,43.841901],[-80.042814,43.841918],[-80.042857,43.841955],[-80.042869,43.841979],[-80.042861,43.84206],[-80.04287,43.842095],[-80.042826,43.842086],[-80.042821,43.84203],[-80.042799,43.842007],[-80.042767,43.841992],[-80.042678,43.841988],[-80.042607,43.842011],[-80.042176,43.841989],[-80.042129,43.842166]]]}},{"type":"Feature","properties":{"k":"fairway"},"geometry":{"type":"Polygon","coordinates":[[[-80.042129,43.842166],[-80.042474,43.842081],[-80.042476,43.842062],[-80.042508,43.842039],[-80.042536,43.842034],[-80.042559,43.84204],[-80.042578,43.842073],[-80.042591,43.842071],[-80.042592,43.842033],[-80.042607,43.842011],[-80.042176,43.841989],[-80.042129,43.842166]]]}},{"type":"Feature","properties":{"k":"bunker"},"geometry":{"type":"Polygon","coordinates":[[[-80.042688,43.842038],[-80.042646,43.842038],[-80.042623,43.842061],[-80.042629,43.842073],[-80.042681,43.842092],[-80.042758,43.842092],[-80.042768,43.842081],[-80.042766,43.842067],[-80.042739,43.84205],[-80.042688,43.842038]]]}},{"type":"Feature","properties":{"k":"bunker"},"geometry":{"type":"Polygon","coordinates":[[[-80.042501,43.842064],[-80.042501,43.842091],[-80.042518,43.842101],[-80.042535,43.842104],[-80.042565,43.842091],[-80.042562,43.842062],[-80.042544,43.842052],[-80.042525,43.842051],[-80.042501,43.842064]]]}},{"type":"Feature","properties":{"k":"bunker"},"geometry":{"type":"Polygon","coordinates":[[[-80.041951,43.842067],[-80.041886,43.84213],[-80.041891,43.842156],[-80.041919,43.842168],[-80.041994,43.842146],[-80.042033,43.842122],[-80.042035,43.842106],[-80.042013,43.842077],[-80.041995,43.842067],[-80.041951,43.842067]]]}},{"type":"Feature","properties":{"k":"bunker"},"geometry":{"type":"Polygon","coordinates":[[[-80.042014,43.84227],[-80.042051,43.842291],[-80.042108,43.84231],[-80.042143,43.842309],[-80.042156,43.842298],[-80.042152,43.842285],[-80.042119,43.842263],[-80.042102,43.842234],[-80.042081,43.842226],[-80.042058,43.842224],[-80.042039,43.842231],[-80.042014,43.842256],[-80.042014,43.84227]]]}},{"type":"Feature","properties":{"k":"bunker"},"geometry":{"type":"Polygon","coordinates":[[[-80.042917,43.842083],[-80.042928,43.842109],[-80.042947,43.842115],[-80.042983,43.84211],[-80.042998,43.842098],[-80.042991,43.842069],[-80.042957,43.842056],[-80.042936,43.84206],[-80.042917,43.842083]]]}},{"type":"Feature","properties":{"k":"bunker"},"geometry":{"type":"Polygon","coordinates":[[[-80.042382,43.841756],[-80.042338,43.841768],[-80.042325,43.841783],[-80.042345,43.841809],[-80.042396,43.841812],[-80.042434,43.841794],[-80.042439,43.841778],[-80.042429,43.841766],[-80.042408,43.841755],[-80.042382,43.841756]]]}},{"type":"Feature","properties":{"k":"bunker"},"geometry":{"type":"Polygon","coordinates":[[[-80.041342,43.841049],[-80.041339,43.841072],[-80.041314,43.841069],[-80.041302,43.84109],[-80.041338,43.841132],[-80.041384,43.841141],[-80.041417,43.841123],[-80.041425,43.84111],[-80.041423,43.84107],[-80.041386,43.841048],[-80.041361,43.841043],[-80.041342,43.841049]]]}},{"type":"Feature","properties":{"k":"bunker"},"geometry":{"type":"Polygon","coordinates":[[[-80.041103,43.840978],[-80.041115,43.841006],[-80.041143,43.841024],[-80.041196,43.841035],[-80.041221,43.841034],[-80.04125,43.841018],[-80.041237,43.840997],[-80.041141,43.840961],[-80.041126,43.840957],[-80.041103,43.840978]]]}},{"type":"Feature","properties":{"k":"bunker"},"geometry":{"type":"Polygon","coordinates":[[[-80.041482,43.844957],[-80.041476,43.844975],[-80.041493,43.845006],[-80.041527,43.845018],[-80.041554,43.84501],[-80.041555,43.844983],[-80.041538,43.844967],[-80.041517,43.844953],[-80.041497,43.84495],[-80.041482,43.844957]]]}},{"type":"Feature","properties":{"k":"bunker"},"geometry":{"type":"Polygon","coordinates":[[[-80.04125,43.84482],[-80.041232,43.84483],[-80.041232,43.844845],[-80.041263,43.844859],[-80.041281,43.844853],[-80.041289,43.844833],[-80.041275,43.844819],[-80.04125,43.84482]]]}},{"type":"Feature","properties":{"k":"bunker"},"geometry":{"type":"Polygon","coordinates":[[[-80.04142,43.844898],[-80.041438,43.844907],[-80.041471,43.844896],[-80.041455,43.84487],[-80.041412,43.844849],[-80.04137,43.844855],[-80.041333,43.844874],[-80.041346,43.844902],[-80.041364,43.844903],[-80.041399,43.844881],[-80.041415,43.844884],[-80.04142,43.844898]]]}},{"type":"Feature","properties":{"k":"tee"},"geometry":{"type":"Polygon","coordinates":[[[-80.042217,43.845298],[-80.042177,43.845272],[-80.042153,43.845269],[-80.042133,43.845275],[-80.042117,43.845302],[-80.042135,43.845335],[-80.04218,43.845359],[-80.0422,43.845361],[-80.042231,43.845351],[-80.042238,43.845336],[-80.042232,43.84531],[-80.042217,43.845298]]]}},{"type":"Feature","properties":{"k":"tee"},"geometry":{"type":"Polygon","coordinates":[[[-80.041276,43.845264],[-80.041267,43.845285],[-80.041273,43.845307],[-80.041306,43.845336],[-80.041356,43.845354],[-80.041384,43.845357],[-80.041425,43.845342],[-80.041431,43.845299],[-80.041394,43.845264],[-80.041336,43.845246],[-80.041311,43.845247],[-80.041276,43.845264]]]}},{"type":"Feature","properties":{"k":"tee"},"geometry":{"type":"Polygon","coordinates":[[[-80.043715,43.843482],[-80.043722,43.843531],[-80.043741,43.84356],[-80.043775,43.843589],[-80.043797,43.843598],[-80.043838,43.843597],[-80.04388,43.843573],[-80.043889,43.843545],[-80.043883,43.843528],[-80.043857,43.843483],[-80.043827,43.843453],[-80.043802,43.843444],[-80.043753,43.843447],[-80.043721,43.843466],[-80.043715,43.843482]]]}},{"type":"Feature","properties":{"k":"tee"},"geometry":{"type":"Polygon","coordinates":[[[-80.043655,43.843371],[-80.043668,43.84339],[-80.0437,43.843409],[-80.043755,43.843409],[-80.043785,43.843391],[-80.043796,43.843363],[-80.043781,43.84332],[-80.043752,43.843284],[-80.043734,43.843274],[-80.043692,43.843266],[-80.043656,43.843281],[-80.043638,43.843317],[-80.043655,43.843371]]]}},{"type":"Feature","properties":{"k":"tee"},"geometry":{"type":"Polygon","coordinates":[[[-80.043599,43.843096],[-80.043591,43.843128],[-80.043598,43.843147],[-80.043646,43.843192],[-80.043701,43.843205],[-80.043753,43.843181],[-80.043763,43.843154],[-80.043757,43.843134],[-80.043713,43.843081],[-80.043675,43.843066],[-80.043651,43.843066],[-80.043613,43.843081],[-80.043599,43.843096]]]}},{"type":"Feature","properties":{"k":"fairway"},"geometry":{"type":"Polygon","coordinates":[[[-80.040477,43.843425],[-80.040605,43.843471],[-80.040635,43.843474],[-80.040689,43.843459],[-80.040716,43.843425],[-80.040719,43.843371],[-80.040743,43.843315],[-80.040892,43.843147],[-80.040961,43.843086],[-80.041043,43.843036],[-80.041076,43.843001],[-80.041085,43.842847],[-80.041094,43.842823],[-80.041179,43.842732],[-80.041191,43.842659],[-80.041169,43.842609],[-80.041127,43.842552],[-80.041103,43.842484],[-80.041098,43.842447],[-80.041106,43.842418],[-80.041117,43.842394],[-80.041213,43.842306],[-80.041254,43.842244],[-80.041273,43.842197],[-80.041327,43.842139],[-80.041316,43.842105],[-80.041263,43.842046],[-80.041231,43.841982],[-80.041187,43.841957],[-80.041125,43.841949],[-80.041055,43.841954],[-80.041014,43.841947],[-80.040933,43.841917],[-80.040908,43.841917],[-80.040886,43.841922],[-80.04082,43.841971],[-80.040773,43.841986],[-80.040748,43.84201],[-80.040757,43.84204],[-80.040885,43.842077],[-80.041011,43.842152],[-80.041028,43.842178],[-80.041027,43.842196],[-80.041006,43.842214],[-80.040898,43.842249],[-80.040872,43.842267],[-80.040851,43.842315],[-80.040858,43.842412],[-80.0408,43.842585],[-80.040761,43.842638],[-80.040651,43.842716],[-80.040616,43.842757],[-80.040611,43.842803],[-80.040645,43.842854],[-80.040651,43.842894],[-80.040622,43.842931],[-80.040571,43.842975],[-80.040535,43.843061],[-80.040456,43.843096],[-80.040427,43.843117],[-80.040397,43.843146],[-80.040364,43.8432],[-80.040352,43.843229],[-80.040351,43.843283],[-80.040367,43.843344],[-80.040408,43.843388],[-80.040477,43.843425]]]}},{"type":"Feature","properties":{"k":"tee"},"geometry":{"type":"Polygon","coordinates":[[[-80.041264,43.844238],[-80.041241,43.844207],[-80.041204,43.844193],[-80.041179,43.844197],[-80.041157,43.844223],[-80.041172,43.844279],[-80.041209,43.844298],[-80.041237,43.844297],[-80.041257,43.844288],[-80.041266,43.844274],[-80.041264,43.844238]]]}},{"type":"Feature","properties":{"k":"tee"},"geometry":{"type":"Polygon","coordinates":[[[-80.041291,43.843992],[-80.041288,43.844011],[-80.041311,43.844039],[-80.041338,43.844052],[-80.041409,43.844058],[-80.041443,43.844054],[-80.041511,43.844028],[-80.041543,43.844],[-80.041544,43.84398],[-80.041522,43.843945],[-80.041498,43.843936],[-80.041422,43.843932],[-80.041351,43.843946],[-80.041304,43.843972],[-80.041291,43.843992]]]}},{"type":"Feature","properties":{"k":"tee"},"geometry":{"type":"Polygon","coordinates":[[[-80.041295,43.843873],[-80.041339,43.843888],[-80.04146,43.843874],[-80.041508,43.843836],[-80.041512,43.843818],[-80.041503,43.843801],[-80.041471,43.843773],[-80.041447,43.843764],[-80.041417,43.843762],[-80.04133,43.843779],[-80.041291,43.843801],[-80.041283,43.843817],[-80.04128,43.843838],[-80.041295,43.843873]]]}},{"type":"Feature","properties":{"k":"tee"},"geometry":{"type":"Polygon","coordinates":[[[-80.041232,43.843602],[-80.041216,43.84362],[-80.041213,43.843642],[-80.041236,43.843709],[-80.041272,43.843731],[-80.041302,43.843732],[-80.041344,43.843719],[-80.041361,43.843705],[-80.04137,43.843665],[-80.041368,43.843622],[-80.041353,43.843606],[-80.041335,43.843594],[-80.041286,43.843587],[-80.041232,43.843602]]]}},{"type":"Feature","properties":{"k":"bunker"},"geometry":{"type":"Polygon","coordinates":[[[-80.040954,43.843222],[-80.041009,43.843251],[-80.041036,43.84325],[-80.041075,43.843234],[-80.041103,43.8432],[-80.041101,43.843183],[-80.041075,43.843158],[-80.041052,43.84315],[-80.041028,43.843154],[-80.041003,43.843173],[-80.040963,43.843179],[-80.040946,43.843205],[-80.040954,43.843222]]]}},{"type":"Feature","properties":{"k":"bunker"},"geometry":{"type":"Polygon","coordinates":[[[-80.040372,43.842889],[-80.040357,43.842912],[-80.040366,43.842935],[-80.040394,43.842944],[-80.040438,43.842928],[-80.040444,43.842914],[-80.040436,43.84289],[-80.040402,43.842883],[-80.040372,43.842889]]]}},{"type":"Feature","properties":{"k":"bunker"},"geometry":{"type":"Polygon","coordinates":[[[-80.040375,43.843016],[-80.040393,43.843035],[-80.040453,43.843051],[-80.040504,43.843039],[-80.040518,43.843017],[-80.040511,43.842994],[-80.040499,43.842987],[-80.040481,43.842986],[-80.040455,43.843],[-80.040414,43.842984],[-80.040385,43.842992],[-80.040375,43.843016]]]}},{"type":"Feature","properties":{"k":"tee"},"geometry":{"type":"Polygon","coordinates":[[[-80.040578,43.844177],[-80.040534,43.844198],[-80.04052,43.844257],[-80.040525,43.844274],[-80.040552,43.844296],[-80.040594,43.844301],[-80.040639,43.84428],[-80.040663,43.844244],[-80.040663,43.844225],[-80.040641,43.844192],[-80.040612,43.84418],[-80.040578,43.844177]]]}},{"type":"Feature","properties":{"k":"bunker"},"geometry":{"type":"Polygon","coordinates":[[[-80.040904,43.842182],[-80.040914,43.842199],[-80.040937,43.842209],[-80.040965,43.842199],[-80.04096,43.842176],[-80.040941,43.842163],[-80.040917,43.842165],[-80.040904,43.842182]]]}},{"type":"Feature","properties":{"k":"bunker"},"geometry":{"type":"Polygon","coordinates":[[[-80.040815,43.842128],[-80.04082,43.842148],[-80.040838,43.842158],[-80.040872,43.842145],[-80.040879,43.842129],[-80.040862,43.842105],[-80.040848,43.842103],[-80.040824,43.842111],[-80.040815,43.842128]]]}},{"type":"Feature","properties":{"k":"bunker"},"geometry":{"type":"Polygon","coordinates":[[[-80.040492,43.842908],[-80.040516,43.842926],[-80.040533,43.842927],[-80.040565,43.842915],[-80.040576,43.842895],[-80.040558,43.84288],[-80.040499,43.842878],[-80.040492,43.842908]]]}},{"type":"Feature","properties":{"k":"bunker"},"geometry":{"type":"Polygon","coordinates":[[[-80.040789,43.843345],[-80.040758,43.843348],[-80.040744,43.843358],[-80.040743,43.84338],[-80.040762,43.843397],[-80.0408,43.843389],[-80.040807,43.843377],[-80.040809,43.843364],[-80.040789,43.843345]]]}},{"type":"Feature","properties":{"k":"bunker"},"geometry":{"type":"Polygon","coordinates":[[[-80.040859,43.843301],[-80.040899,43.843328],[-80.040933,43.843321],[-80.040936,43.843294],[-80.040909,43.843266],[-80.040889,43.843265],[-80.040861,43.84328],[-80.040859,43.843301]]]}},{"type":"Feature","properties":{"k":"tee"},"geometry":{"type":"Polygon","coordinates":[[[-80.041957,43.842942],[-80.041957,43.84297],[-80.041998,43.843003],[-80.042043,43.843007],[-80.042085,43.842992],[-80.042088,43.842965],[-80.042052,43.842929],[-80.042032,43.842922],[-80.041982,43.842923],[-80.041957,43.842942]]]}},{"type":"Feature","properties":{"k":"tee"},"geometry":{"type":"Polygon","coordinates":[[[-80.04071,43.841158],[-80.040667,43.84118],[-80.040624,43.841244],[-80.040626,43.841258],[-80.040649,43.841278],[-80.040695,43.84129],[-80.040722,43.841288],[-80.04075,43.841271],[-80.040781,43.841226],[-80.04079,43.841196],[-80.040778,43.841173],[-80.040763,43.841165],[-80.04071,43.841158]]]}},{"type":"Feature","properties":{"k":"bunker"},"geometry":{"type":"Polygon","coordinates":[[[-80.039038,43.843183],[-80.039027,43.843201],[-80.039027,43.843229],[-80.039038,43.843242],[-80.039057,43.843246],[-80.039106,43.843232],[-80.039124,43.843214],[-80.039135,43.843176],[-80.039124,43.843166],[-80.039089,43.843159],[-80.039057,43.843166],[-80.039038,43.843183]]]}},{"type":"Feature","properties":{"k":"bunker"},"geometry":{"type":"Polygon","coordinates":[[[-80.039031,43.84299],[-80.039019,43.843004],[-80.039014,43.843034],[-80.039047,43.843044],[-80.039079,43.843027],[-80.039091,43.843005],[-80.039097,43.842922],[-80.039095,43.842903],[-80.039079,43.842891],[-80.039058,43.842889],[-80.039038,43.842901],[-80.039025,43.842927],[-80.039051,43.84297],[-80.039031,43.84299]]]}},{"type":"Feature","properties":{"k":"tee"},"geometry":{"type":"Polygon","coordinates":[[[-80.040492,43.841368],[-80.040484,43.841409],[-80.04049,43.841421],[-80.040501,43.841434],[-80.040543,43.841451],[-80.040568,43.841452],[-80.040604,43.84144],[-80.040635,43.841419],[-80.040649,43.841392],[-80.040637,43.841353],[-80.040604,43.841331],[-80.04058,43.841325],[-80.040533,43.841331],[-80.040492,43.841368]]]}},{"type":"Feature","properties":{"k":"tee"},"geometry":{"type":"Polygon","coordinates":[[[-80.040436,43.841477],[-80.040398,43.841467],[-80.040362,43.841475],[-80.040315,43.841526],[-80.040307,43.841541],[-80.040317,43.841573],[-80.040362,43.841602],[-80.040386,43.841608],[-80.040426,43.8416],[-80.040472,43.841555],[-80.040474,43.84151],[-80.040436,43.841477]]]}},{"type":"Feature","properties":{"k":"tee"},"geometry":{"type":"Polygon","coordinates":[[[-80.040123,43.841856],[-80.040084,43.841845],[-80.040046,43.841853],[-80.040011,43.841901],[-80.040019,43.841927],[-80.040051,43.841942],[-80.04009,43.841942],[-80.040108,43.841933],[-80.040135,43.841895],[-80.040123,43.841856]]]}},{"type":"Feature","properties":{"k":"tee"},"geometry":{"type":"Polygon","coordinates":[[[-80.041842,43.842795],[-80.041899,43.842855],[-80.041937,43.842869],[-80.041978,43.842865],[-80.042013,43.842843],[-80.042022,43.842827],[-80.042011,43.842779],[-80.041972,43.842748],[-80.041924,43.842733],[-80.041901,43.842735],[-80.041864,43.842753],[-80.04184,43.842782],[-80.041842,43.842795]]]}},{"type":"Feature","properties":{"k":"tee"},"geometry":{"type":"Polygon","coordinates":[[[-80.041717,43.842648],[-80.041769,43.842694],[-80.041822,43.842712],[-80.041849,43.842711],[-80.041904,43.842672],[-80.041911,43.842632],[-80.041887,43.842601],[-80.04184,43.842567],[-80.041814,43.842558],[-80.041757,43.842554],[-80.041732,43.842565],[-80.041697,43.842596],[-80.041696,43.842613],[-80.041717,43.842648]]]}},{"type":"Feature","properties":{"k":"tee"},"geometry":{"type":"Polygon","coordinates":[[[-80.041517,43.842453],[-80.041536,43.8425],[-80.041582,43.842537],[-80.041628,43.842558],[-80.04167,43.842556],[-80.04172,43.842515],[-80.041713,43.842467],[-80.041626,43.842406],[-80.041579,43.842403],[-80.041543,43.842424],[-80.041517,43.842453]]]}},{"type":"Feature","properties":{"k":"bunker"},"geometry":{"type":"Polygon","coordinates":[[[-80.042879,43.843764],[-80.042908,43.843801],[-80.042949,43.843808],[-80.042976,43.843794],[-80.042981,43.843783],[-80.042968,43.843755],[-80.042927,43.843719],[-80.042893,43.843721],[-80.04288,43.843731],[-80.042879,43.843764]]]}},{"type":"Feature","properties":{"k":"bunker"},"geometry":{"type":"Polygon","coordinates":[[[-80.042854,43.843616],[-80.042877,43.84367],[-80.042908,43.843672],[-80.042942,43.843659],[-80.042949,43.843632],[-80.042934,43.843595],[-80.042911,43.843575],[-80.042858,43.843586],[-80.042854,43.843616]]]}},{"type":"Feature","properties":{"k":"bunker"},"geometry":{"type":"Polygon","coordinates":[[[-80.042849,43.843315],[-80.04289,43.843364],[-80.04293,43.843369],[-80.042962,43.84336],[-80.042967,43.84335],[-80.042958,43.843337],[-80.042904,43.84331],[-80.042902,43.843299],[-80.042922,43.843268],[-80.042898,43.843249],[-80.042872,43.843245],[-80.042839,43.84326],[-80.042834,43.843277],[-80.042849,43.843315]]]}},{"type":"Feature","properties":{"k":"bunker"},"geometry":{"type":"Polygon","coordinates":[[[-80.039973,43.844211],[-80.039999,43.844245],[-80.040017,43.844251],[-80.04006,43.844244],[-80.040066,43.844236],[-80.040061,43.84421],[-80.040023,43.844182],[-80.039991,43.844179],[-80.039974,43.844186],[-80.039967,43.844196],[-80.039973,43.844211]]]}},{"type":"Feature","properties":{"k":"bunker"},"geometry":{"type":"Polygon","coordinates":[[[-80.039828,43.844109],[-80.039909,43.844148],[-80.039928,43.844144],[-80.039945,43.844124],[-80.039937,43.844101],[-80.039911,43.844093],[-80.039867,43.844055],[-80.039853,43.844051],[-80.039823,43.844061],[-80.039828,43.844109]]]}},{"type":"Feature","properties":{"k":"bunker"},"geometry":{"type":"Polygon","coordinates":[[[-80.039678,43.844368],[-80.039721,43.844373],[-80.039735,43.844367],[-80.039743,43.844347],[-80.039711,43.844325],[-80.039676,43.844328],[-80.039663,43.844349],[-80.039678,43.844368]]]}},{"type":"Feature","properties":{"k":"bunker"},"geometry":{"type":"Polygon","coordinates":[[[-80.039435,43.844032],[-80.03943,43.844054],[-80.039445,43.844073],[-80.039474,43.844073],[-80.039487,43.844067],[-80.039494,43.844048],[-80.039487,43.84403],[-80.039453,43.844025],[-80.039435,43.844032]]]}},{"type":"Feature","properties":{"k":"bunker"},"geometry":{"type":"Polygon","coordinates":[[[-80.043365,43.844637],[-80.043393,43.844677],[-80.04341,43.844679],[-80.043434,43.844663],[-80.043436,43.844646],[-80.04341,43.844607],[-80.043373,43.844609],[-80.043365,43.844637]]]}},{"type":"Feature","properties":{"k":"bunker"},"geometry":{"type":"Polygon","coordinates":[[[-80.043412,43.844723],[-80.043428,43.844754],[-80.043442,43.844763],[-80.043473,43.844757],[-80.043476,43.844727],[-80.043454,43.8447],[-80.04342,43.844696],[-80.043412,43.844723]]]}},{"type":"Feature","properties":{"k":"bunker"},"geometry":{"type":"Polygon","coordinates":[[[-80.043446,43.844796],[-80.043456,43.844845],[-80.043467,43.844858],[-80.043487,43.844866],[-80.043518,43.844861],[-80.043528,43.844821],[-80.043513,43.844793],[-80.043477,43.844779],[-80.043456,43.844781],[-80.043446,43.844796]]]}},{"type":"Feature","properties":{"k":"bunker"},"geometry":{"type":"Polygon","coordinates":[[[-80.043469,43.84492],[-80.043476,43.844963],[-80.043503,43.844965],[-80.043529,43.844955],[-80.043528,43.844907],[-80.043493,43.8449],[-80.043478,43.844904],[-80.043469,43.84492]]]}},{"type":"Feature","properties":{"k":"tee"},"geometry":{"type":"Polygon","coordinates":[[[-80.045139,43.846103],[-80.045118,43.846134],[-80.045119,43.846153],[-80.045144,43.846184],[-80.045211,43.846231],[-80.045264,43.84623],[-80.04529,43.846204],[-80.045299,43.846171],[-80.045246,43.846106],[-80.045204,43.846085],[-80.045178,43.846086],[-80.045139,43.846103]]]}},{"type":"Feature","properties":{"k":"tee"},"geometry":{"type":"Polygon","coordinates":[[[-80.044979,43.846016],[-80.045038,43.846067],[-80.045078,43.846075],[-80.045115,43.846069],[-80.045136,43.846057],[-80.045153,43.846029],[-80.045143,43.845992],[-80.045124,43.845971],[-80.045079,43.845935],[-80.045054,43.845928],[-80.045001,43.845937],[-80.044968,43.845963],[-80.044965,43.845999],[-80.044979,43.846016]]]}},{"type":"Feature","properties":{"k":"tee"},"geometry":{"type":"Polygon","coordinates":[[[-80.044152,43.845649],[-80.044139,43.845678],[-80.044175,43.845717],[-80.044196,43.845732],[-80.044235,43.845743],[-80.044267,43.845731],[-80.044278,43.845703],[-80.044262,43.845682],[-80.044189,43.845643],[-80.044152,43.845649]]]}},{"type":"Feature","properties":{"k":"tee"},"geometry":{"type":"Polygon","coordinates":[[[-80.044792,43.84581],[-80.044784,43.845839],[-80.044792,43.845861],[-80.044824,43.845892],[-80.044903,43.845922],[-80.044928,43.845922],[-80.044946,43.845912],[-80.044974,43.845883],[-80.044973,43.845852],[-80.044892,43.845791],[-80.044847,43.845778],[-80.044825,43.845783],[-80.044792,43.84581]]]}},{"type":"Feature","properties":{"k":"bunker"},"geometry":{"type":"Polygon","coordinates":[[[-80.044317,43.846372],[-80.044382,43.846387],[-80.044408,43.846385],[-80.044428,43.846373],[-80.044433,43.846354],[-80.044405,43.846327],[-80.044375,43.846326],[-80.04433,43.846338],[-80.044291,43.846328],[-80.044269,43.846337],[-80.044259,43.846351],[-80.044269,43.846362],[-80.044317,43.846372]]]}},{"type":"Feature","properties":{"k":"bunker"},"geometry":{"type":"Polygon","coordinates":[[[-80.044465,43.846353],[-80.044463,43.84637],[-80.044475,43.846383],[-80.044503,43.846387],[-80.044521,43.846378],[-80.044522,43.84635],[-80.044505,43.846343],[-80.044488,43.846341],[-80.044465,43.846353]]]}},{"type":"Feature","properties":{"k":"bunker"},"geometry":{"type":"Polygon","coordinates":[[[-80.044562,43.846359],[-80.044562,43.846391],[-80.044583,43.846396],[-80.044631,43.846382],[-80.044638,43.846368],[-80.044631,43.846354],[-80.04461,43.846346],[-80.044583,43.846347],[-80.044562,43.846359]]]}},{"type":"Feature","properties":{"k":"tee"},"geometry":{"type":"Polygon","coordinates":[[[-80.044382,43.842957],[-80.044385,43.843007],[-80.044432,43.843041],[-80.044492,43.843054],[-80.044525,43.843041],[-80.044544,43.843015],[-80.044541,43.843002],[-80.044479,43.842946],[-80.04443,43.842931],[-80.04441,43.842934],[-80.044382,43.842957]]]}},{"type":"Feature","properties":{"k":"tee"},"geometry":{"type":"Polygon","coordinates":[[[-80.04417,43.842844],[-80.044177,43.842871],[-80.044198,43.842897],[-80.044236,43.842919],[-80.04428,43.842929],[-80.044303,43.842925],[-80.044334,43.842908],[-80.044335,43.84288],[-80.044318,43.842864],[-80.044232,43.84281],[-80.04419,43.842819],[-80.04417,43.842844]]]}},{"type":"Feature","properties":{"k":"tee"},"geometry":{"type":"Polygon","coordinates":[[[-80.043973,43.842748],[-80.043993,43.842777],[-80.044048,43.8428],[-80.044111,43.842793],[-80.044127,43.842763],[-80.044109,43.842732],[-80.044078,43.84271],[-80.04402,43.842695],[-80.043986,43.842715],[-80.043973,43.842748]]]}},{"type":"Feature","properties":{"k":"tee"},"geometry":{"type":"Polygon","coordinates":[[[-80.043814,43.842501],[-80.043759,43.842497],[-80.043741,43.842507],[-80.043731,43.842522],[-80.043742,43.842549],[-80.043782,43.842562],[-80.043819,43.842554],[-80.043834,43.842517],[-80.043814,43.842501]]]}},{"type":"Feature","properties":{"k":"green"},"geometry":{"type":"Polygon","coordinates":[[[-80.048659,43.852128],[-80.048678,43.85217],[-80.048708,43.852206],[-80.048744,43.85223],[-80.048824,43.852257],[-80.048882,43.852255],[-80.048953,43.852232],[-80.048985,43.852211],[-80.048999,43.852182],[-80.048991,43.852144],[-80.048954,43.852094],[-80.048874,43.852044],[-80.048811,43.852026],[-80.048753,43.852024],[-80.048683,43.852053],[-80.048657,43.85209],[-80.048659,43.852128]]]}},{"type":"Feature","properties":{"k":"tee"},"geometry":{"type":"Polygon","coordinates":[[[-80.045654,43.848825],[-80.04565,43.848796],[-80.04557,43.848739],[-80.045531,43.848743],[-80.045503,43.848767],[-80.045498,43.848779],[-80.045507,43.848804],[-80.045565,43.848854],[-80.045583,43.84886],[-80.045621,43.848857],[-80.045654,43.848825]]]}},{"type":"Feature","properties":{"k":"tee"},"geometry":{"type":"Polygon","coordinates":[[[-80.045466,43.848638],[-80.045448,43.848633],[-80.045413,43.848637],[-80.045348,43.848684],[-80.045338,43.84871],[-80.045369,43.848745],[-80.045424,43.848748],[-80.045496,43.848699],[-80.045503,43.848672],[-80.045466,43.848638]]]}},{"type":"Feature","properties":{"k":"tee"},"geometry":{"type":"Polygon","coordinates":[[[-80.04538,43.84856],[-80.045312,43.848509],[-80.045276,43.848499],[-80.045233,43.848512],[-80.045189,43.848539],[-80.04516,43.84857],[-80.045158,43.848585],[-80.04517,43.848612],[-80.045198,43.848635],[-80.045238,43.848653],[-80.045282,43.848656],[-80.045301,43.84865],[-80.045389,43.848583],[-80.04538,43.84856]]]}},{"type":"Feature","properties":{"k":"tee"},"geometry":{"type":"Polygon","coordinates":[[[-80.045058,43.848359],[-80.045024,43.848341],[-80.044989,43.84834],[-80.044949,43.848358],[-80.044921,43.848398],[-80.044934,43.848432],[-80.045018,43.848488],[-80.045072,43.848484],[-80.045122,43.848449],[-80.045124,43.848421],[-80.045115,43.848408],[-80.045058,43.848359]]]}},{"type":"Feature","properties":{"k":"tee"},"geometry":{"type":"Polygon","coordinates":[[[-80.044899,43.848316],[-80.044831,43.848267],[-80.044799,43.848255],[-80.044764,43.848269],[-80.044744,43.848296],[-80.044758,43.848332],[-80.044816,43.848373],[-80.044833,43.848376],[-80.044865,43.848373],[-80.044909,43.848344],[-80.044913,43.848333],[-80.044899,43.848316]]]}},{"type":"Feature","properties":{"k":"bunker"},"geometry":{"type":"Polygon","coordinates":[[[-80.052507,43.853939],[-80.05255,43.85397],[-80.052567,43.853996],[-80.052591,43.854003],[-80.052674,43.854014],[-80.052699,43.85401],[-80.052727,43.853985],[-80.052722,43.853952],[-80.052702,43.853941],[-80.052638,43.853935],[-80.052605,43.853925],[-80.052605,43.853905],[-80.052643,43.853899],[-80.052662,43.85388],[-80.052627,43.853832],[-80.052556,43.853798],[-80.052524,43.853789],[-80.052471,43.853787],[-80.052435,43.853802],[-80.052424,43.853816],[-80.052409,43.853875],[-80.052424,43.853903],[-80.052442,43.853907],[-80.052469,43.853897],[-80.052486,43.853872],[-80.052521,43.853877],[-80.052522,43.853906],[-80.052507,43.853939]]]}},{"type":"Feature","properties":{"k":"green"},"geometry":{"type":"Polygon","coordinates":[[[-80.047938,43.853233],[-80.048001,43.853269],[-80.048062,43.853266],[-80.048115,43.853237],[-80.048138,43.853206],[-80.048141,43.853187],[-80.048129,43.853152],[-80.048017,43.853024],[-80.047975,43.852995],[-80.047928,43.852984],[-80.0479,43.852985],[-80.047847,43.853009],[-80.04783,43.853038],[-80.04783,43.853078],[-80.04785,43.853127],[-80.047938,43.853233]]]}},{"type":"Feature","properties":{"k":"tee"},"geometry":{"type":"Polygon","coordinates":[[[-80.053279,43.854759],[-80.053253,43.854755],[-80.053236,43.854762],[-80.053183,43.854822],[-80.053179,43.854843],[-80.053187,43.854856],[-80.053221,43.854876],[-80.053247,43.854879],[-80.053269,43.854869],[-80.05332,43.854811],[-80.05332,43.854781],[-80.053279,43.854759]]]}},{"type":"Feature","properties":{"k":"tee"},"geometry":{"type":"Polygon","coordinates":[[[-80.053408,43.854833],[-80.05338,43.854871],[-80.053395,43.854899],[-80.053465,43.854918],[-80.053506,43.854904],[-80.053534,43.854863],[-80.053517,43.854834],[-80.053475,43.854814],[-80.053449,43.854809],[-80.053426,43.854813],[-80.053408,43.854833]]]}},{"type":"Feature","properties":{"k":"tee"},"geometry":{"type":"Polygon","coordinates":[[[-80.053029,43.854704],[-80.052977,43.854773],[-80.05304,43.854816],[-80.053089,43.854825],[-80.053172,43.854729],[-80.053092,43.854697],[-80.053043,43.854686],[-80.053029,43.854704]]]}},{"type":"Feature","properties":{"k":"tee"},"geometry":{"type":"Polygon","coordinates":[[[-80.052897,43.854647],[-80.052871,43.854654],[-80.05282,43.854712],[-80.052819,43.85473],[-80.05283,43.854744],[-80.052851,43.854751],[-80.05288,43.854753],[-80.052904,43.854745],[-80.052945,43.854707],[-80.052955,43.854686],[-80.052954,43.854668],[-80.052941,43.854655],[-80.052897,43.854647]]]}},{"type":"Feature","properties":{"k":"tee"},"geometry":{"type":"Polygon","coordinates":[[[-80.052279,43.854574],[-80.052314,43.8546],[-80.052357,43.854611],[-80.052409,43.854599],[-80.052417,43.854583],[-80.052411,43.854567],[-80.05239,43.85455],[-80.052338,43.854526],[-80.052305,43.854526],[-80.052283,43.854538],[-80.052274,43.854559],[-80.052279,43.854574]]]}},{"type":"Feature","properties":{"k":"tee"},"geometry":{"type":"Polygon","coordinates":[[[-80.040985,43.84527],[-80.041026,43.845314],[-80.041074,43.84533],[-80.04112,43.845318],[-80.041139,43.845286],[-80.041126,43.845251],[-80.041084,43.84523],[-80.041058,43.845226],[-80.041009,43.845229],[-80.040991,43.845237],[-80.040982,43.845252],[-80.040985,43.84527]]]}},{"type":"Feature","properties":{"k":"tee"},"geometry":{"type":"Polygon","coordinates":[[[-80.040724,43.845011],[-80.040897,43.84513],[-80.040898,43.845148],[-80.040877,43.845169],[-80.040835,43.845169],[-80.040771,43.845137],[-80.04064,43.845048],[-80.040626,43.84503],[-80.040621,43.845001],[-80.040629,43.844989],[-80.04067,43.84498],[-80.040724,43.845011]]]}},{"type":"Feature","properties":{"k":"tee"},"geometry":{"type":"Polygon","coordinates":[[[-80.040434,43.844827],[-80.040415,43.844838],[-80.04041,43.844857],[-80.040421,43.844888],[-80.040459,43.844916],[-80.040521,43.844923],[-80.040546,43.844899],[-80.040532,43.844864],[-80.040486,43.84483],[-80.040434,43.844827]]]}},{"type":"Feature","properties":{"k":"tee"},"geometry":{"type":"Polygon","coordinates":[[[-80.040194,43.844725],[-80.040206,43.844744],[-80.040251,43.844772],[-80.040278,43.844776],[-80.040301,43.844767],[-80.040309,43.844734],[-80.040285,43.844702],[-80.040261,43.844688],[-80.040228,43.844685],[-80.040208,43.844691],[-80.040194,43.844725]]]}},{"type":"Feature","properties":{"k":"fairway"},"geometry":{"type":"Polygon","coordinates":[[[-80.051375,43.854062],[-80.051577,43.854215],[-80.051668,43.854305],[-80.0518,43.854366],[-80.051885,43.854392],[-80.052013,43.854399],[-80.052096,43.854378],[-80.052193,43.854311],[-80.052223,43.854265],[-80.052226,43.854214],[-80.052204,43.854158],[-80.052136,43.854107],[-80.052106,43.854096],[-80.052043,43.854091],[-80.051933,43.854108],[-80.051889,43.854107],[-80.051801,43.854085],[-80.051736,43.854051],[-80.051697,43.854003],[-80.051691,43.853808],[-80.051655,43.853754],[-80.051539,43.85366],[-80.051365,43.853551],[-80.051195,43.853412],[-80.051012,43.85329],[-80.050863,43.853164],[-80.050739,43.853106],[-80.050671,43.853064],[-80.050516,43.852915],[-80.050355,43.85279],[-80.050226,43.852724],[-80.050109,43.852685],[-80.050045,43.852654],[-80.049636,43.852414],[-80.049477,43.852337],[-80.04938,43.852304],[-80.049159,43.852289],[-80.049081,43.852274],[-80.049056,43.852262],[-80.049022,43.852219],[-80.048971,43.852112],[-80.04893,43.852075],[-80.048874,43.852044],[-80.048781,43.852023],[-80.048726,43.85203],[-80.048584,43.852109],[-80.048556,43.852136],[-80.048555,43.852153],[-80.048574,43.85223],[-80.048614,43.85227],[-80.048693,43.85232],[-80.04874,43.852376],[-80.048798,43.852425],[-80.048894,43.852469],[-80.049117,43.85261],[-80.049235,43.852642],[-80.049452,43.852666],[-80.04952,43.852695],[-80.049565,43.852741],[-80.049605,43.852858],[-80.049622,43.852883],[-80.049728,43.852972],[-80.049817,43.853065],[-80.049862,43.853094],[-80.050081,43.85318],[-80.050184,43.853196],[-80.050339,43.853203],[-80.050425,43.853237],[-80.050477,43.85328],[-80.050501,43.853341],[-80.050525,43.853468],[-80.050552,43.853506],[-80.050706,43.853602],[-80.050813,43.853689],[-80.050926,43.853747],[-80.051125,43.853874],[-80.051375,43.854062]]]}},{"type":"Feature","properties":{"k":"fairway"},"geometry":{"type":"Polygon","coordinates":[[[-80.052424,43.855212],[-80.05252,43.855251],[-80.052541,43.855292],[-80.052575,43.855232],[-80.052603,43.855212],[-80.052666,43.855193],[-80.052738,43.855201],[-80.052798,43.855228],[-80.052838,43.855268],[-80.052849,43.85529],[-80.052854,43.855346],[-80.052857,43.855254],[-80.052831,43.855202],[-80.052803,43.855179],[-80.052782,43.855162],[-80.052706,43.855129],[-80.052583,43.855096],[-80.052416,43.854969],[-80.05237,43.854945],[-80.052179,43.854868],[-80.051796,43.854771],[-80.051665,43.854724],[-80.051552,43.854657],[-80.051342,43.854489],[-80.051241,43.85443],[-80.051016,43.854364],[-80.050878,43.85429],[-80.050836,43.854278],[-80.050725,43.854278],[-80.050665,43.854253],[-80.050607,43.854192],[-80.050437,43.853971],[-80.050371,43.853928],[-80.050323,43.853911],[-80.050199,43.853884],[-80.050074,43.853873],[-80.049955,43.853882],[-80.049909,43.853896],[-80.049841,43.853937],[-80.049818,43.853967],[-80.049812,43.854034],[-80.049829,43.854101],[-80.049873,43.854155],[-80.050018,43.854271],[-80.050181,43.854356],[-80.050346,43.854506],[-80.050558,43.854623],[-80.050699,43.854749],[-80.050909,43.854882],[-80.051392,43.85511],[-80.051716,43.855199],[-80.051847,43.855261],[-80.051954,43.8553],[-80.052007,43.855309],[-80.052082,43.855309],[-80.052195,43.855281],[-80.052334,43.855218],[-80.052389,43.855209],[-80.052424,43.855212]]]}},{"type":"Feature","properties":{"k":"fairway"},"geometry":{"type":"Polygon","coordinates":[[[-80.048001,43.853269],[-80.048096,43.853301],[-80.048161,43.85335],[-80.048188,43.853409],[-80.048193,43.853515],[-80.048207,43.853586],[-80.048233,43.853653],[-80.048325,43.853781],[-80.048488,43.85394],[-80.048593,43.854166],[-80.04879,43.854393],[-80.049083,43.854621],[-80.049354,43.854811],[-80.049456,43.854872],[-80.049567,43.854916],[-80.0497,43.854951],[-80.049793,43.854957],[-80.049824,43.854954],[-80.049866,43.854935],[-80.04989,43.854913],[-80.049913,43.854861],[-80.049895,43.854807],[-80.049874,43.854787],[-80.04982,43.854761],[-80.049716,43.854754],[-80.049649,43.85473],[-80.049623,43.854709],[-80.049595,43.854661],[-80.049593,43.854639],[-80.049628,43.85454],[-80.049621,43.854487],[-80.049605,43.854456],[-80.049552,43.854401],[-80.049384,43.854289],[-80.049328,43.854234],[-80.0493,43.854173],[-80.049296,43.854066],[-80.049264,43.854],[-80.049236,43.85397],[-80.049146,43.853898],[-80.049009,43.853812],[-80.048911,43.853736],[-80.04883,43.853659],[-80.04872,43.853524],[-80.048687,43.853508],[-80.048469,43.853462],[-80.048422,43.853443],[-80.048388,43.853419],[-80.048352,43.853364],[-80.048328,43.853295],[-80.048269,43.853231],[-80.048177,43.853203],[-80.048137,43.853168],[-80.048138,43.853206],[-80.048099,43.85325],[-80.048062,43.853266],[-80.048001,43.853269]]]}},{"type":"Feature","properties":{"k":"tee"},"geometry":{"type":"Polygon","coordinates":[[[-80.04963,43.853631],[-80.049595,43.8536],[-80.04954,43.853568],[-80.049518,43.853568],[-80.04948,43.853592],[-80.049493,43.853625],[-80.049566,43.853677],[-80.049586,43.853681],[-80.049623,43.853663],[-80.049636,43.853649],[-80.04963,43.853631]]]}},{"type":"Feature","properties":{"k":"tee"},"geometry":{"type":"Polygon","coordinates":[[[-80.04905,43.853263],[-80.049051,43.853281],[-80.049084,43.853319],[-80.049156,43.853352],[-80.049193,43.853351],[-80.049221,43.853339],[-80.049256,43.853305],[-80.049249,43.853274],[-80.049232,43.85326],[-80.049136,43.853214],[-80.049115,43.853215],[-80.04905,43.853263]]]}},{"type":"Feature","properties":{"k":"tee"},"geometry":{"type":"Polygon","coordinates":[[[-80.051135,43.855627],[-80.051316,43.8557],[-80.051352,43.855708],[-80.05137,43.855706],[-80.051386,43.855695],[-80.051388,43.855669],[-80.051373,43.855649],[-80.051307,43.855601],[-80.05115,43.855504],[-80.051121,43.855495],[-80.051092,43.855497],[-80.051058,43.855523],[-80.051049,43.855564],[-80.051081,43.8556],[-80.051135,43.855627]]]}},{"type":"Feature","properties":{"k":"bunker"},"geometry":{"type":"Polygon","coordinates":[[[-80.050135,43.85342],[-80.050118,43.853431],[-80.050108,43.853453],[-80.050125,43.853475],[-80.050157,43.853495],[-80.050199,43.853499],[-80.050259,43.853478],[-80.050305,43.853444],[-80.05036,43.853383],[-80.050371,43.853356],[-80.05037,43.853325],[-80.050356,43.853303],[-80.050282,43.853265],[-80.050246,43.853257],[-80.050214,43.853265],[-80.050197,43.853282],[-80.050196,43.853305],[-80.050206,43.853322],[-80.050274,43.853345],[-80.05029,43.853358],[-80.05029,43.853378],[-80.050254,43.853382],[-80.050197,43.853363],[-80.050185,43.85337],[-80.050185,43.853406],[-80.050165,43.853418],[-80.050135,43.85342]]]}},{"type":"Feature","properties":{"k":"bunker"},"geometry":{"type":"Polygon","coordinates":[[[-80.048091,43.85302],[-80.048083,43.853036],[-80.048088,43.853049],[-80.048154,43.853128],[-80.048161,43.853152],[-80.048196,43.853185],[-80.048219,43.853193],[-80.048247,43.853189],[-80.048297,43.85316],[-80.048315,43.853138],[-80.04832,43.853114],[-80.048318,43.853091],[-80.048301,43.853061],[-80.048251,43.853075],[-80.04824,43.853066],[-80.048209,43.85308],[-80.048195,43.853074],[-80.048184,43.853045],[-80.048149,43.85303],[-80.048141,43.853014],[-80.048123,43.853007],[-80.048091,43.85302]]]}},{"type":"Feature","properties":{"k":"tee"},"geometry":{"type":"Polygon","coordinates":[[[-80.048834,43.853123],[-80.048839,43.853153],[-80.048934,43.853226],[-80.048986,43.853226],[-80.049068,43.853172],[-80.049076,43.853157],[-80.049069,43.853141],[-80.048982,43.853071],[-80.048957,43.853061],[-80.048897,43.853081],[-80.048834,43.853123]]]}},{"type":"Feature","properties":{"k":"tee"},"geometry":{"type":"Polygon","coordinates":[[[-80.048671,43.852968],[-80.048667,43.853001],[-80.048744,43.853077],[-80.048786,43.853093],[-80.048813,43.853087],[-80.048903,43.853033],[-80.04891,43.85302],[-80.048901,43.852997],[-80.048797,43.852919],[-80.048754,43.852919],[-80.048671,43.852968]]]}},{"type":"Feature","properties":{"k":"tee"},"geometry":{"type":"Polygon","coordinates":[[[-80.049144,43.851573],[-80.049118,43.851624],[-80.049126,43.851653],[-80.049173,43.851673],[-80.04923,43.851683],[-80.049267,43.851675],[-80.049308,43.851614],[-80.049304,43.851579],[-80.049267,43.851559],[-80.049207,43.85155],[-80.049156,43.851556],[-80.049144,43.851573]]]}},{"type":"Feature","properties":{"k":"tee"},"geometry":{"type":"Polygon","coordinates":[[[-80.048654,43.851417],[-80.048665,43.851447],[-80.048683,43.851462],[-80.048747,43.851488],[-80.048797,43.851484],[-80.04883,43.851457],[-80.048822,43.85143],[-80.048809,43.851419],[-80.04874,43.851392],[-80.048712,43.851387],[-80.048674,43.851394],[-80.048654,43.851417]]]}},{"type":"Feature","properties":{"k":"tee"},"geometry":{"type":"Polygon","coordinates":[[[-80.04889,43.851504],[-80.048879,43.851518],[-80.048879,43.851544],[-80.048927,43.851568],[-80.049014,43.851596],[-80.049047,43.851601],[-80.049064,43.851596],[-80.049099,43.85156],[-80.049104,43.851533],[-80.049085,43.851513],[-80.048986,43.851478],[-80.048938,43.851471],[-80.048921,43.851476],[-80.04889,43.851504]]]}},{"type":"Feature","properties":{"k":"bunker"},"geometry":{"type":"Polygon","coordinates":[[[-80.048442,43.853281],[-80.048384,43.853328],[-80.048385,43.853348],[-80.04845,43.853416],[-80.048507,43.853438],[-80.048623,43.853467],[-80.048656,43.853467],[-80.048703,43.853447],[-80.048716,43.85341],[-80.048693,43.853382],[-80.048653,43.853363],[-80.048605,43.853381],[-80.048588,43.853377],[-80.048573,43.85335],[-80.048558,43.853342],[-80.048492,43.853366],[-80.048474,43.853356],[-80.048493,43.853309],[-80.048488,43.853295],[-80.048442,43.853281]]]}},{"type":"Feature","properties":{"k":"tee"},"geometry":{"type":"Polygon","coordinates":[[[-80.048738,43.852848],[-80.048677,43.852799],[-80.048637,43.852779],[-80.048608,43.852783],[-80.048554,43.852816],[-80.04854,43.852834],[-80.048538,43.852851],[-80.048547,43.85287],[-80.048599,43.852914],[-80.048636,43.852925],[-80.048655,43.852923],[-80.048727,43.852887],[-80.048744,43.852862],[-80.048738,43.852848]]]}},{"type":"Feature","properties":{"k":"bunker"},"geometry":{"type":"Polygon","coordinates":[[[-80.044183,43.850558],[-80.044286,43.850611],[-80.044364,43.850638],[-80.04441,43.850644],[-80.044458,43.850634],[-80.044481,43.8506],[-80.04448,43.850583],[-80.044445,43.850548],[-80.044426,43.850544],[-80.044379,43.850554],[-80.044363,43.850547],[-80.044312,43.850476],[-80.044295,43.850471],[-80.044264,43.850485],[-80.044248,43.850495],[-80.044248,43.850507],[-80.044232,43.850513],[-80.044216,43.850518],[-80.044199,43.850511],[-80.04419,43.850498],[-80.044199,43.850468],[-80.044194,43.850453],[-80.044165,43.850434],[-80.044139,43.850435],[-80.044106,43.850449],[-80.044103,43.850485],[-80.044125,43.850518],[-80.044183,43.850558]]]}},{"type":"Feature","properties":{"k":"bunker"},"geometry":{"type":"Polygon","coordinates":[[[-80.045541,43.852002],[-80.045543,43.852016],[-80.045567,43.852031],[-80.045639,43.852049],[-80.045664,43.852047],[-80.045683,43.852044],[-80.045736,43.852009],[-80.045743,43.851989],[-80.045729,43.851965],[-80.045554,43.851851],[-80.045485,43.85184],[-80.045474,43.851854],[-80.04543,43.851865],[-80.04542,43.851915],[-80.045447,43.851934],[-80.045483,43.851939],[-80.045501,43.851939],[-80.04554,43.851912],[-80.045567,43.851917],[-80.045572,43.851934],[-80.04555,43.85194],[-80.045553,43.851968],[-80.045541,43.852002]]]}},{"type":"Feature","properties":{"k":"bunker"},"geometry":{"type":"Polygon","coordinates":[[[-80.045427,43.851625],[-80.045392,43.85159],[-80.045357,43.851581],[-80.045343,43.851596],[-80.045329,43.851597],[-80.045328,43.851617],[-80.045289,43.851627],[-80.045282,43.851651],[-80.045288,43.851662],[-80.045319,43.851672],[-80.045383,43.851654],[-80.045401,43.851656],[-80.045405,43.851684],[-80.045381,43.851694],[-80.045377,43.851704],[-80.045377,43.851712],[-80.045397,43.851721],[-80.045495,43.851708],[-80.04551,43.851694],[-80.045505,43.851661],[-80.045477,43.851643],[-80.045427,43.851625]]]}},{"type":"Feature","properties":{"k":"bunker"},"geometry":{"type":"Polygon","coordinates":[[[-80.045822,43.852178],[-80.045815,43.852201],[-80.045829,43.852224],[-80.045885,43.85225],[-80.045925,43.852252],[-80.045956,43.852235],[-80.045976,43.852178],[-80.045996,43.852166],[-80.046085,43.852158],[-80.046106,43.85215],[-80.046116,43.852117],[-80.046089,43.852089],[-80.046042,43.852064],[-80.046,43.852061],[-80.045944,43.852043],[-80.0459,43.852046],[-80.04588,43.852027],[-80.045849,43.852035],[-80.045813,43.85202],[-80.045783,43.852017],[-80.045762,43.852063],[-80.04577,43.852085],[-80.045803,43.852097],[-80.045867,43.852097],[-80.045888,43.852108],[-80.045876,43.852121],[-80.045844,43.852121],[-80.045834,43.852128],[-80.045847,43.852157],[-80.045822,43.852178]]]}},{"type":"Feature","properties":{"k":"bunker"},"geometry":{"type":"Polygon","coordinates":[[[-80.04638,43.852365],[-80.046403,43.852387],[-80.04644,43.852391],[-80.046485,43.852377],[-80.046509,43.852341],[-80.046501,43.852299],[-80.046489,43.852282],[-80.046417,43.852246],[-80.046223,43.852208],[-80.046136,43.852178],[-80.046076,43.852183],[-80.046072,43.852212],[-80.046018,43.852215],[-80.046008,43.852226],[-80.046009,43.852252],[-80.045987,43.852293],[-80.046037,43.852339],[-80.046059,43.852342],[-80.046078,43.852336],[-80.046109,43.852296],[-80.046185,43.852272],[-80.046187,43.852293],[-80.046165,43.852312],[-80.046168,43.852333],[-80.04614,43.852354],[-80.046158,43.852379],[-80.046305,43.852396],[-80.046349,43.852371],[-80.046353,43.852342],[-80.046368,43.852337],[-80.046381,43.852339],[-80.04638,43.852365]]]}},{"type":"Feature","properties":{"k":"bunker"},"geometry":{"type":"Polygon","coordinates":[[[-80.047999,43.853464],[-80.048017,43.853475],[-80.048083,43.853484],[-80.04813,43.853467],[-80.048144,43.85345],[-80.048146,43.853427],[-80.048125,43.853371],[-80.048102,43.853345],[-80.048049,43.853312],[-80.048023,43.853314],[-80.048008,43.853325],[-80.047952,43.853324],[-80.047898,43.853247],[-80.047878,43.853233],[-80.04786,43.853234],[-80.047854,43.853254],[-80.047924,43.853352],[-80.047942,43.853362],[-80.048014,43.853378],[-80.048023,43.853389],[-80.047986,43.853428],[-80.047999,43.853464]]]}},{"type":"Feature","properties":{"k":"tee"},"geometry":{"type":"Polygon","coordinates":[[[-80.048083,43.852309],[-80.048044,43.852349],[-80.048035,43.852379],[-80.048068,43.852411],[-80.048145,43.852428],[-80.048186,43.852401],[-80.048206,43.852374],[-80.048206,43.852353],[-80.048198,43.852343],[-80.048134,43.852315],[-80.048109,43.852307],[-80.048083,43.852309]]]}},{"type":"Feature","properties":{"k":"tee"},"geometry":{"type":"Polygon","coordinates":[[[-80.047842,43.852243],[-80.047803,43.852306],[-80.047808,43.852345],[-80.047901,43.852378],[-80.047937,43.852375],[-80.047993,43.8523],[-80.047997,43.852278],[-80.04799,43.852267],[-80.047886,43.852227],[-80.047856,43.852233],[-80.047842,43.852243]]]}},{"type":"Feature","properties":{"k":"tee"},"geometry":{"type":"Polygon","coordinates":[[[-80.047623,43.852169],[-80.047574,43.852234],[-80.047562,43.852268],[-80.047593,43.852291],[-80.047685,43.852317],[-80.047707,43.852305],[-80.047736,43.852268],[-80.047764,43.852222],[-80.047761,43.852202],[-80.047735,43.852181],[-80.04768,43.852164],[-80.04764,43.85216],[-80.047623,43.852169]]]}},{"type":"Feature","properties":{"k":"bunker"},"geometry":{"type":"Polygon","coordinates":[[[-80.041141,43.848608],[-80.04113,43.848633],[-80.041086,43.848668],[-80.041092,43.848715],[-80.041171,43.848705],[-80.041222,43.848671],[-80.041232,43.848649],[-80.041226,43.84863],[-80.041183,43.848605],[-80.041141,43.848608]]]}},{"type":"Feature","properties":{"k":"bunker"},"geometry":{"type":"Polygon","coordinates":[[[-80.041076,43.84825],[-80.04109,43.84817],[-80.041117,43.848154],[-80.041175,43.848174],[-80.041194,43.848199],[-80.041194,43.848253],[-80.041157,43.84829],[-80.041154,43.848345],[-80.041126,43.848408],[-80.041092,43.84843],[-80.041035,43.848445],[-80.040926,43.848443],[-80.040898,43.848432],[-80.040862,43.848396],[-80.040936,43.848307],[-80.040959,43.848289],[-80.041058,43.848268],[-80.041076,43.84825]]]}},{"type":"Feature","properties":{"k":"bunker"},"geometry":{"type":"Polygon","coordinates":[[[-80.041644,43.847572],[-80.041618,43.847575],[-80.041577,43.847615],[-80.041591,43.847641],[-80.041625,43.847668],[-80.041669,43.847744],[-80.041706,43.847751],[-80.041743,43.847735],[-80.041766,43.84771],[-80.041765,43.847683],[-80.041681,43.847583],[-80.041644,43.847572]]]}},{"type":"Feature","properties":{"k":"bunker"},"geometry":{"type":"Polygon","coordinates":[[[-80.040561,43.847259],[-80.040534,43.847283],[-80.040537,43.847301],[-80.040576,43.84731],[-80.040603,43.847302],[-80.040642,43.84724],[-80.040644,43.847208],[-80.040606,43.847167],[-80.040551,43.847135],[-80.040528,43.847133],[-80.040492,43.847156],[-80.040486,43.847178],[-80.040512,43.847204],[-80.040594,43.847217],[-80.040604,43.847226],[-80.040604,43.847236],[-80.040561,43.847259]]]}},{"type":"Feature","properties":{"k":"bunker"},"geometry":{"type":"Polygon","coordinates":[[[-80.040013,43.848073],[-80.040065,43.848087],[-80.04009,43.848084],[-80.040119,43.848069],[-80.040124,43.848048],[-80.040095,43.848023],[-80.040053,43.848035],[-80.039982,43.848014],[-80.039942,43.848022],[-80.039929,43.848036],[-80.039936,43.848063],[-80.039956,43.848071],[-80.040013,43.848073]]]}},{"type":"Feature","properties":{"k":"bunker"},"geometry":{"type":"Polygon","coordinates":[[[-80.040405,43.848442],[-80.040484,43.848482],[-80.040524,43.848489],[-80.040587,43.848476],[-80.040595,43.848451],[-80.040575,43.848424],[-80.040488,43.848385],[-80.040405,43.848394],[-80.040395,43.848425],[-80.040405,43.848442]]]}},{"type":"Feature","properties":{"k":"tee"},"geometry":{"type":"Polygon","coordinates":[[[-80.047532,43.852133],[-80.047454,43.852103],[-80.047415,43.852108],[-80.04737,43.852165],[-80.047366,43.852195],[-80.047392,43.852214],[-80.047433,43.852229],[-80.047455,43.852236],[-80.047486,43.852233],[-80.047544,43.852157],[-80.047532,43.852133]]]}},{"type":"Feature","properties":{"k":"tee"},"geometry":{"type":"Polygon","coordinates":[[[-80.047238,43.852025],[-80.047205,43.852029],[-80.047189,43.852039],[-80.047138,43.852111],[-80.047166,43.852139],[-80.047245,43.852168],[-80.047271,43.852169],[-80.047297,43.852155],[-80.047347,43.852084],[-80.047324,43.852056],[-80.047238,43.852025]]]}},{"type":"Feature","properties":{"k":"bunker"},"geometry":{"type":"Polygon","coordinates":[[[-80.04279,43.850786],[-80.042802,43.850803],[-80.04282,43.850808],[-80.042857,43.85081],[-80.042898,43.850801],[-80.042935,43.850763],[-80.042922,43.850714],[-80.042864,43.850693],[-80.042853,43.850694],[-80.042851,43.850706],[-80.042807,43.850707],[-80.04279,43.850721],[-80.042791,43.850733],[-80.042826,43.850747],[-80.042826,43.850754],[-80.042793,43.850759],[-80.04279,43.850786]]]}},{"type":"Feature","properties":{"k":"bunker"},"geometry":{"type":"Polygon","coordinates":[[[-80.042743,43.851153],[-80.042775,43.851161],[-80.042812,43.851157],[-80.042865,43.851129],[-80.042916,43.851117],[-80.042939,43.851095],[-80.042932,43.851068],[-80.042903,43.851053],[-80.042881,43.851054],[-80.042851,43.85107],[-80.042853,43.851099],[-80.042834,43.851101],[-80.042825,43.85109],[-80.042766,43.851102],[-80.042747,43.85112],[-80.042737,43.851143],[-80.042743,43.851153]]]}},{"type":"Feature","properties":{"k":"bunker"},"geometry":{"type":"Polygon","coordinates":[[[-80.04251,43.850872],[-80.042462,43.850885],[-80.042456,43.850936],[-80.042647,43.850893],[-80.042671,43.850873],[-80.04268,43.850844],[-80.042663,43.85082],[-80.04263,43.850805],[-80.042612,43.850802],[-80.042581,43.850813],[-80.042527,43.850796],[-80.042499,43.850807],[-80.042491,43.85082],[-80.042501,43.850846],[-80.042522,43.850858],[-80.04251,43.850872]]]}},{"type":"Feature","properties":{"k":"bunker"},"geometry":{"type":"Polygon","coordinates":[[[-80.042615,43.850716],[-80.042621,43.850721],[-80.042614,43.850729],[-80.042562,43.850724],[-80.042533,43.850739],[-80.042526,43.850749],[-80.042532,43.85077],[-80.042612,43.850781],[-80.042653,43.850777],[-80.042682,43.850764],[-80.042696,43.850741],[-80.042675,43.850707],[-80.042638,43.850693],[-80.042615,43.850702],[-80.042615,43.850716]]]}},{"type":"Feature","properties":{"k":"fairway"},"geometry":{"type":"Polygon","coordinates":[[[-80.045263,43.85246],[-80.045326,43.852512],[-80.04541,43.852548],[-80.045813,43.852658],[-80.046182,43.852744],[-80.046312,43.852746],[-80.046611,43.852717],[-80.046704,43.852686],[-80.04673,43.852669],[-80.04675,43.852633],[-80.046752,43.85261],[-80.04672,43.852542],[-80.046631,43.852465],[-80.046568,43.852434],[-80.046498,43.852427],[-80.046229,43.852449],[-80.046133,43.852443],[-80.046015,43.852403],[-80.045872,43.852331],[-80.045765,43.852261],[-80.045704,43.852181],[-80.045506,43.852048],[-80.045082,43.851707],[-80.044902,43.851644],[-80.044564,43.851556],[-80.04444,43.851466],[-80.044172,43.851385],[-80.043968,43.851279],[-80.043809,43.85115],[-80.043678,43.851005],[-80.043526,43.850866],[-80.043436,43.850814],[-80.043325,43.850769],[-80.043239,43.85075],[-80.0431,43.850751],[-80.042979,43.85078],[-80.042757,43.850884],[-80.042817,43.850883],[-80.042875,43.850891],[-80.042936,43.850927],[-80.042948,43.850962],[-80.042939,43.850992],[-80.042908,43.851019],[-80.042867,43.851039],[-80.042964,43.850995],[-80.043034,43.850977],[-80.043149,43.850965],[-80.043185,43.850968],[-80.043248,43.850991],[-80.043291,43.851033],[-80.043335,43.851145],[-80.043322,43.851306],[-80.043337,43.85136],[-80.043402,43.851444],[-80.043474,43.851508],[-80.043531,43.851546],[-80.043616,43.851584],[-80.044091,43.851702],[-80.044208,43.851746],[-80.044469,43.851869],[-80.044646,43.851918],[-80.044717,43.851947],[-80.044763,43.85199],[-80.044811,43.852071],[-80.044861,43.852129],[-80.045263,43.85246]]]}},{"type":"Feature","properties":{"k":"tee"},"geometry":{"type":"Polygon","coordinates":[[[-80.048259,43.852716],[-80.0482,43.852705],[-80.048155,43.852714],[-80.04814,43.852726],[-80.048126,43.852769],[-80.048125,43.852784],[-80.04814,43.852806],[-80.048161,43.852815],[-80.048236,43.852823],[-80.048273,43.852814],[-80.048294,43.852792],[-80.048302,43.852757],[-80.04829,43.85273],[-80.048259,43.852716]]]}},{"type":"Feature","properties":{"k":"tee"},"geometry":{"type":"Polygon","coordinates":[[[-80.047902,43.852709],[-80.047889,43.852767],[-80.047898,43.852793],[-80.047931,43.852808],[-80.047978,43.852814],[-80.04803,43.852803],[-80.048042,43.852793],[-80.048061,43.852738],[-80.048043,43.852706],[-80.047951,43.85269],[-80.047914,43.852697],[-80.047902,43.852709]]]}},{"type":"Feature","properties":{"k":"tee"},"geometry":{"type":"Polygon","coordinates":[[[-80.04776,43.852695],[-80.04768,43.852681],[-80.047654,43.852681],[-80.047617,43.852695],[-80.047594,43.852736],[-80.047597,43.852772],[-80.047611,43.852797],[-80.047669,43.852814],[-80.047743,43.852814],[-80.04777,43.852805],[-80.047781,43.852793],[-80.04779,43.852731],[-80.047776,43.852703],[-80.04776,43.852695]]]}},{"type":"Feature","properties":{"k":"tee"},"geometry":{"type":"Polygon","coordinates":[[[-80.047391,43.852814],[-80.047446,43.852818],[-80.047481,43.852806],[-80.047496,43.852747],[-80.047466,43.852714],[-80.047377,43.852706],[-80.047342,43.852722],[-80.047327,43.852753],[-80.047331,43.852785],[-80.047352,43.852804],[-80.047391,43.852814]]]}},{"type":"Feature","properties":{"k":"tee"},"geometry":{"type":"Polygon","coordinates":[[[-80.047234,43.852724],[-80.047188,43.852716],[-80.047148,43.852722],[-80.047135,43.852733],[-80.047124,43.852765],[-80.047138,43.852787],[-80.047203,43.852803],[-80.04724,43.852797],[-80.047256,43.852776],[-80.047258,43.852743],[-80.047234,43.852724]]]}},{"type":"Feature","properties":{"k":"path"},"geometry":{"type":"LineString","coordinates":[[-80.045006,43.84806],[-80.044952,43.8481],[-80.044892,43.848121],[-80.044716,43.848125],[-80.044661,43.848136],[-80.04461,43.848159],[-80.044545,43.848205],[-80.044391,43.848378],[-80.044117,43.848554],[-80.044012,43.848647],[-80.044023,43.848712],[-80.044085,43.848836],[-80.044199,43.849123],[-80.044233,43.849256],[-80.044274,43.849517],[-80.044356,43.84973],[-80.044357,43.849757],[-80.044324,43.849817],[-80.044286,43.849845],[-80.044159,43.8499],[-80.044063,43.84993],[-80.043913,43.850057],[-80.043799,43.850207],[-80.043774,43.850246],[-80.043769,43.850272],[-80.043776,43.850302],[-80.043879,43.850412],[-80.043886,43.850453],[-80.043871,43.850481],[-80.043839,43.850506],[-80.043775,43.850525],[-80.04367,43.850531],[-80.043629,43.850541],[-80.043582,43.850575],[-80.043571,43.850595],[-80.043568,43.850623],[-80.043584,43.850678]]}},{"type":"Feature","properties":{"k":"path"},"geometry":{"type":"LineString","coordinates":[[-80.046075,43.847865],[-80.045864,43.847915]]}},{"type":"Feature","properties":{"k":"path"},"geometry":{"type":"LineString","coordinates":[[-80.047337,43.847235],[-80.047174,43.847083],[-80.047126,43.847017],[-80.047134,43.846917],[-80.04716,43.846804],[-80.04713,43.8466],[-80.047142,43.846534],[-80.047248,43.846376],[-80.047272,43.84629],[-80.047255,43.846208],[-80.047229,43.846153]]}},{"type":"Feature","properties":{"k":"path"},"geometry":{"type":"LineString","coordinates":[[-80.044985,43.843544],[-80.044938,43.843466],[-80.044867,43.843398],[-80.044824,43.8433],[-80.044782,43.843268],[-80.044394,43.84307],[-80.043899,43.842766],[-80.043596,43.84252],[-80.043544,43.842457],[-80.043535,43.842403]]}},{"type":"Feature","properties":{"k":"path"},"geometry":{"type":"LineString","coordinates":[[-80.041359,43.841232],[-80.041257,43.841166],[-80.041181,43.841133],[-80.041047,43.841109],[-80.040915,43.841059],[-80.04068,43.840998]]}},{"type":"Feature","properties":{"k":"path"},"geometry":{"type":"LineString","coordinates":[[-80.040915,43.841059],[-80.040885,43.841073],[-80.040869,43.84109],[-80.040874,43.841197],[-80.040844,43.841277],[-80.040799,43.841342],[-80.040688,43.841446],[-80.040635,43.841509],[-80.040554,43.841571],[-80.040441,43.841678],[-80.040294,43.841698],[-80.040266,43.841707],[-80.040227,43.84174],[-80.040221,43.841798],[-80.040231,43.841888],[-80.040212,43.841946]]}},{"type":"Feature","properties":{"k":"path"},"geometry":{"type":"LineString","coordinates":[[-80.03911,43.843713],[-80.039098,43.843788],[-80.039051,43.843828],[-80.03899,43.843853],[-80.038857,43.843866],[-80.038752,43.843854],[-80.038707,43.843839],[-80.038648,43.843806],[-80.038374,43.843553],[-80.03825,43.843481]]}},{"type":"Feature","properties":{"k":"path"},"geometry":{"type":"LineString","coordinates":[[-80.03899,43.843853],[-80.039089,43.843872],[-80.039125,43.843907],[-80.039202,43.844062],[-80.039314,43.844136],[-80.039374,43.844189],[-80.039413,43.844258],[-80.039423,43.844312],[-80.039441,43.844337],[-80.039545,43.844419],[-80.039703,43.84452],[-80.039751,43.844538],[-80.039969,43.844567],[-80.04007,43.844568],[-80.040164,43.844579],[-80.04021,43.84458],[-80.040254,43.844571],[-80.040375,43.844509],[-80.04043,43.844468],[-80.040444,43.844436],[-80.040444,43.844394],[-80.040419,43.844268],[-80.040423,43.844193],[-80.040453,43.844123],[-80.04054,43.843985],[-80.040545,43.843948],[-80.040506,43.843792],[-80.040508,43.843635],[-80.040473,43.843516]]}},{"type":"Feature","properties":{"k":"path"},"geometry":{"type":"LineString","coordinates":[[-80.040375,43.844509],[-80.040454,43.844488],[-80.040554,43.844502],[-80.040635,43.844541],[-80.040743,43.844616],[-80.040821,43.844653],[-80.041003,43.844696],[-80.041059,43.844737],[-80.041072,43.844896],[-80.041089,43.844924],[-80.041133,43.844967],[-80.041224,43.845019],[-80.041365,43.845071],[-80.041754,43.845157],[-80.041877,43.845196],[-80.041909,43.845215],[-80.042041,43.84537],[-80.042099,43.84541],[-80.042196,43.845459]]}},{"type":"Feature","properties":{"k":"path"},"geometry":{"type":"LineString","coordinates":[[-80.041059,43.844737],[-80.041026,43.844633],[-80.041021,43.844586],[-80.04104,43.844516],[-80.041089,43.844471],[-80.041236,43.844405],[-80.041279,43.844372],[-80.041319,43.84433],[-80.041355,43.844245],[-80.041352,43.844221],[-80.041325,43.844169],[-80.041242,43.844054],[-80.041209,43.843802],[-80.041149,43.843703],[-80.041131,43.843656],[-80.041147,43.843594],[-80.041162,43.843573],[-80.04121,43.843538],[-80.041332,43.843495],[-80.041415,43.843496],[-80.041472,43.843514],[-80.041536,43.843581],[-80.041673,43.843685],[-80.041913,43.843904],[-80.041996,43.843949],[-80.042231,43.844039]]}},{"type":"Feature","properties":{"k":"path"},"geometry":{"type":"LineString","coordinates":[[-80.041021,43.844586],[-80.04099,43.844631],[-80.040962,43.844655],[-80.040913,43.844673]]}},{"type":"Feature","properties":{"k":"path"},"geometry":{"type":"LineString","coordinates":[[-80.046112,43.846687],[-80.046221,43.846667],[-80.046295,43.846664],[-80.046369,43.846663],[-80.046442,43.84668],[-80.046508,43.846712],[-80.046557,43.846756],[-80.046628,43.846845],[-80.046725,43.846937],[-80.046782,43.846962],[-80.046854,43.846975],[-80.047021,43.846989],[-80.047126,43.847017]]}},{"type":"Feature","properties":{"k":"path"},"geometry":{"type":"LineString","coordinates":[[-80.047134,43.846917],[-80.047093,43.846956],[-80.047021,43.846989]]}},{"type":"Feature","properties":{"k":"path"},"geometry":{"type":"LineString","coordinates":[[-80.045414,43.848055],[-80.045626,43.848194],[-80.04594,43.848382],[-80.046046,43.848418],[-80.046197,43.848439],[-80.046232,43.848455],[-80.046359,43.848566],[-80.046479,43.848649],[-80.046506,43.848661],[-80.046764,43.848718],[-80.047055,43.848821],[-80.047243,43.848862]]}},{"type":"Feature","properties":{"k":"path"},"geometry":{"type":"LineString","coordinates":[[-80.050114,43.850887],[-80.050019,43.851012],[-80.050024,43.851034],[-80.050047,43.851061],[-80.050464,43.851328],[-80.051206,43.851782],[-80.051307,43.851829],[-80.051343,43.851824],[-80.051395,43.851791],[-80.051419,43.851745],[-80.051403,43.851627],[-80.051295,43.851479],[-80.051204,43.851407],[-80.05117,43.851357],[-80.051047,43.851242],[-80.050956,43.851104],[-80.050947,43.851077],[-80.050974,43.850903],[-80.050954,43.850835],[-80.050912,43.850764],[-80.050904,43.850733],[-80.05091,43.850676],[-80.050957,43.850588],[-80.050955,43.850548],[-80.050942,43.850517],[-80.050868,43.850472],[-80.050811,43.850456],[-80.050626,43.850436],[-80.050541,43.850407],[-80.050522,43.850385],[-80.050515,43.85032],[-80.050527,43.850296],[-80.05056,43.850272],[-80.050735,43.850169],[-80.05091,43.850021],[-80.051055,43.849977],[-80.051462,43.849898],[-80.051512,43.849874],[-80.051599,43.849768],[-80.051699,43.849679],[-80.051781,43.849631],[-80.051881,43.849597],[-80.052097,43.849588],[-80.05213,43.849581],[-80.052162,43.849562],[-80.052182,43.849536],[-80.052187,43.849483]]}},{"type":"Feature","properties":{"k":"path"},"geometry":{"type":"LineString","coordinates":[[-80.05091,43.850021],[-80.050697,43.849975],[-80.050496,43.849922],[-80.050376,43.849879],[-80.050239,43.849814],[-80.050151,43.849759],[-80.050103,43.849719],[-80.050058,43.849697],[-80.050014,43.849682],[-80.04988,43.849663],[-80.049735,43.849619],[-80.04965,43.849559],[-80.049608,43.849481]]}},{"type":"Feature","properties":{"k":"path"},"geometry":{"type":"LineString","coordinates":[[-80.051838,43.850233],[-80.051664,43.850079],[-80.051614,43.849986],[-80.051577,43.849952],[-80.051465,43.849889]]}},{"type":"Feature","properties":{"k":"path"},"geometry":{"type":"LineString","coordinates":[[-80.05157,43.849803],[-80.051569,43.849729],[-80.05154,43.849666],[-80.051355,43.849418],[-80.05119,43.849267],[-80.051151,43.849222],[-80.051117,43.84914],[-80.051106,43.849034],[-80.051087,43.848999],[-80.050995,43.848924]]}},{"type":"Feature","properties":{"k":"path"},"geometry":{"type":"LineString","coordinates":[[-80.052463,43.850834],[-80.052562,43.85089],[-80.052624,43.850956],[-80.052672,43.851031],[-80.052795,43.851179],[-80.053021,43.851378],[-80.053093,43.851432],[-80.053263,43.851533],[-80.053446,43.8517],[-80.053507,43.851743],[-80.053638,43.851798],[-80.053716,43.851856],[-80.053757,43.851904]]}},{"type":"Feature","properties":{"k":"path"},"geometry":{"type":"LineString","coordinates":[[-80.053757,43.851904],[-80.053652,43.851938],[-80.053442,43.851983],[-80.053391,43.852006],[-80.053326,43.852072],[-80.053322,43.852109],[-80.053332,43.852142],[-80.053437,43.852293],[-80.053632,43.85252],[-80.053659,43.852575],[-80.053709,43.852751],[-80.053749,43.852796],[-80.054055,43.85304],[-80.054159,43.853138],[-80.054205,43.853218],[-80.054227,43.853296],[-80.054245,43.853426],[-80.05428,43.853508],[-80.054371,43.853605],[-80.054374,43.853633],[-80.054361,43.853656],[-80.054333,43.853673],[-80.054286,43.853677],[-80.054246,43.85366],[-80.054217,43.853639],[-80.054141,43.85354],[-80.054042,43.853468],[-80.053667,43.853311],[-80.053511,43.853218],[-80.05335,43.853091],[-80.053216,43.85297],[-80.053151,43.852895],[-80.053095,43.852846],[-80.052926,43.852742],[-80.052856,43.85269],[-80.052693,43.852533]]}},{"type":"Feature","properties":{"k":"path"},"geometry":{"type":"LineString","coordinates":[[-80.053757,43.851904],[-80.053984,43.851827],[-80.05403,43.851834],[-80.05412,43.851862],[-80.054226,43.851849]]}},{"type":"Feature","properties":{"k":"path"},"geometry":{"type":"LineString","coordinates":[[-80.05357,43.849874],[-80.053355,43.849663],[-80.053286,43.849615],[-80.053095,43.849533],[-80.053001,43.849485],[-80.052958,43.849453],[-80.052814,43.849281],[-80.052733,43.849206],[-80.052698,43.849197],[-80.052509,43.849188]]}},{"type":"Feature","properties":{"k":"path"},"geometry":{"type":"LineString","coordinates":[[-80.049475,43.846994],[-80.049338,43.846986],[-80.049288,43.846969],[-80.049216,43.846918],[-80.049195,43.84688],[-80.049194,43.846837],[-80.049214,43.846759],[-80.049208,43.846721],[-80.049185,43.84669],[-80.049117,43.846638],[-80.049035,43.846558],[-80.048918,43.846377],[-80.048844,43.846305],[-80.048802,43.846288],[-80.048761,43.84628],[-80.048684,43.846306],[-80.048645,43.846337],[-80.04847,43.846532],[-80.048449,43.846571],[-80.048447,43.846598],[-80.048471,43.846647],[-80.048546,43.846708],[-80.048992,43.846965],[-80.049066,43.847023],[-80.04908,43.847084],[-80.049068,43.847113],[-80.04902,43.847167],[-80.048978,43.847252]]}},{"type":"Feature","properties":{"k":"path"},"geometry":{"type":"LineString","coordinates":[[-80.042496,43.843],[-80.042567,43.843157],[-80.042598,43.843182],[-80.042632,43.843197],[-80.042717,43.843204],[-80.042755,43.843196],[-80.042908,43.843134],[-80.04295,43.843134],[-80.043025,43.843156],[-80.043081,43.843216],[-80.043168,43.843381],[-80.043197,43.843408],[-80.043295,43.843446],[-80.043395,43.843456],[-80.043434,43.843441],[-80.043457,43.843421],[-80.043463,43.843394],[-80.043416,43.843296],[-80.043431,43.843262],[-80.043459,43.843244],[-80.043497,43.84324],[-80.043526,43.843253],[-80.043539,43.843272],[-80.043613,43.843554],[-80.043683,43.843661],[-80.043769,43.84372],[-80.04406,43.843836],[-80.044105,43.843869],[-80.044231,43.843998]]}},{"type":"Feature","properties":{"k":"path"},"geometry":{"type":"LineString","coordinates":[[-80.045709,43.846134],[-80.045655,43.846173],[-80.045597,43.846196],[-80.045542,43.846209],[-80.045494,43.846211],[-80.045449,43.846197],[-80.04541,43.846178],[-80.045034,43.845822],[-80.044983,43.845779],[-80.044927,43.845746],[-80.044863,43.845722],[-80.044808,43.845715],[-80.044615,43.845738],[-80.044537,43.845738],[-80.044484,43.845728],[-80.044424,43.845696],[-80.044206,43.845547]]}},{"type":"Feature","properties":{"k":"clubhouse"},"geometry":{"type":"Polygon","coordinates":[[[-80.043594,43.848475],[-80.043262,43.848765],[-80.042994,43.848605],[-80.043321,43.848325],[-80.043594,43.848475]]]}},{"type":"Feature","properties":{"k":"stream"},"geometry":{"type":"LineString","coordinates":[[-80.044719,43.846942],[-80.044577,43.846958],[-80.044533,43.846955],[-80.044463,43.846933],[-80.044343,43.846879],[-80.044292,43.846875],[-80.044178,43.846893],[-80.044106,43.846891],[-80.044072,43.846868],[-80.044046,43.846832],[-80.044018,43.846748],[-80.044001,43.846716],[-80.043969,43.846685],[-80.043921,43.846661],[-80.043842,43.846639],[-80.043729,43.846626],[-80.043616,43.846602],[-80.043553,43.84657],[-80.04347,43.846503],[-80.04325,43.846405],[-80.043088,43.846312],[-80.043023,43.846248],[-80.042969,43.846175],[-80.042939,43.846109],[-80.042862,43.845989],[-80.042815,43.845938],[-80.042678,43.84588],[-80.042589,43.845855],[-80.042521,43.845822],[-80.042071,43.845569],[-80.041879,43.8454],[-80.041617,43.84522],[-80.041438,43.845153],[-80.041216,43.845093],[-80.041027,43.844997],[-80.040534,43.844687],[-80.040364,43.844568]]}},{"type":"Feature","properties":{"k":"stream"},"geometry":{"type":"LineString","coordinates":[[-80.040289,43.844495],[-80.040247,43.844421],[-80.040237,43.844352],[-80.040196,43.844223],[-80.040155,43.844162],[-80.040118,43.844125],[-80.039902,43.843984],[-80.039875,43.843954],[-80.039793,43.843907]]}},{"type":"Feature","properties":{"k":"stream"},"geometry":{"type":"LineString","coordinates":[[-80.040364,43.844568],[-80.040289,43.844495]]}},{"type":"Feature","properties":{"k":"path"},"geometry":{"type":"LineString","coordinates":[[-80.039733,43.843919],[-80.03979,43.843849]]}},{"type":"Feature","properties":{"k":"path"},"geometry":{"type":"LineString","coordinates":[[-80.037649,43.843869],[-80.037653,43.843904],[-80.037635,43.843939],[-80.037595,43.843963],[-80.037537,43.843973],[-80.037069,43.84397],[-80.03676,43.84395],[-80.036689,43.843975],[-80.0366,43.844061],[-80.036536,43.844102]]}},{"type":"Feature","properties":{"k":"stream"},"geometry":{"type":"LineString","coordinates":[[-80.039722,43.84387],[-80.039663,43.843858],[-80.039585,43.843854],[-80.039368,43.843858],[-80.039166,43.843886]]}},{"type":"Feature","properties":{"k":"stream"},"geometry":{"type":"LineString","coordinates":[[-80.039793,43.843907],[-80.039722,43.84387]]}},{"type":"Feature","properties":{"k":"stream"},"geometry":{"type":"LineString","coordinates":[[-80.043774,43.842388],[-80.043496,43.842362],[-80.043419,43.84238],[-80.043236,43.842495],[-80.043058,43.842636],[-80.042962,43.842689],[-80.042873,43.842753],[-80.042684,43.842835],[-80.042396,43.843017],[-80.042297,43.843106],[-80.042185,43.843183],[-80.042144,43.8432],[-80.042042,43.843224],[-80.042017,43.843246],[-80.041964,43.843261],[-80.041893,43.843267],[-80.041684,43.843321],[-80.041597,43.843364],[-80.041562,43.843368],[-80.041272,43.843455],[-80.041081,43.843531],[-80.041028,43.843544],[-80.040959,43.843557],[-80.040884,43.843558],[-80.040773,43.843543],[-80.040537,43.843572]]}},{"type":"Feature","properties":{"k":"stream"},"geometry":{"type":"LineString","coordinates":[[-80.040428,43.843586],[-80.040362,43.843586],[-80.040307,43.843572],[-80.040208,43.843521],[-80.04018,43.843494],[-80.04015,43.843461],[-80.04012,43.843406],[-80.040113,43.843322],[-80.040083,43.843237],[-80.040031,43.8432],[-80.03998,43.843164],[-80.039906,43.84315],[-80.039837,43.843165],[-80.039773,43.843198],[-80.039747,43.843238],[-80.039693,43.843289],[-80.039623,43.843395],[-80.039515,43.843496],[-80.039433,43.843544],[-80.039386,43.843589],[-80.039279,43.843659],[-80.039212,43.843737],[-80.039193,43.843775],[-80.039166,43.843886]]}},{"type":"Feature","properties":{"k":"stream"},"geometry":{"type":"LineString","coordinates":[[-80.040537,43.843572],[-80.040428,43.843586]]}},{"type":"Feature","properties":{"k":"wood"},"geometry":{"type":"Polygon","coordinates":[[[-80.04526,43.844756],[-80.045575,43.844458],[-80.045602,43.844478],[-80.045282,43.844764],[-80.04526,43.844756]]]}},{"type":"Feature","properties":{"k":"wood"},"geometry":{"type":"Polygon","coordinates":[[[-80.045836,43.844218],[-80.046018,43.844047],[-80.046052,43.844065],[-80.045864,43.844229],[-80.045836,43.844218]]]}},{"type":"Feature","properties":{"k":"bunker"},"geometry":{"type":"Polygon","coordinates":[[[-80.046785,43.845459],[-80.046715,43.845427],[-80.046698,43.845429],[-80.046687,43.845454],[-80.046699,43.84548],[-80.046753,43.845511],[-80.046788,43.845506],[-80.046798,43.845496],[-80.046804,43.845483],[-80.046785,43.845459]]]}},{"type":"Feature","properties":{"k":"bunker"},"geometry":{"type":"Polygon","coordinates":[[[-80.046627,43.845432],[-80.04665,43.845404],[-80.046648,43.845386],[-80.046634,43.845377],[-80.046588,43.845374],[-80.046561,43.8454],[-80.046565,43.845432],[-80.046587,43.845448],[-80.046606,43.845446],[-80.046627,43.845432]]]}},{"type":"Feature","properties":{"k":"bunker"},"geometry":{"type":"Polygon","coordinates":[[[-80.045228,43.84364],[-80.045196,43.843658],[-80.045141,43.843666],[-80.045097,43.843653],[-80.045091,43.843629],[-80.045106,43.843616],[-80.04513,43.843622],[-80.045149,43.843638],[-80.045181,43.843635],[-80.045221,43.843607],[-80.04524,43.843612],[-80.045243,43.843621],[-80.045228,43.84364]]]}},{"type":"Feature","properties":{"k":"bunker"},"geometry":{"type":"Polygon","coordinates":[[[-80.044756,43.843608],[-80.044742,43.84359],[-80.044719,43.843583],[-80.044695,43.843591],[-80.044689,43.843602],[-80.044699,43.843623],[-80.044724,43.843636],[-80.044748,43.843632],[-80.044756,43.843608]]]}},{"type":"Feature","properties":{"k":"bunker"},"geometry":{"type":"Polygon","coordinates":[[[-80.044671,43.843669],[-80.044646,43.843638],[-80.044622,43.843634],[-80.044606,43.84364],[-80.044599,43.843662],[-80.044624,43.843687],[-80.04467,43.843687],[-80.044671,43.843669]]]}},{"type":"Feature","properties":{"k":"bunker"},"geometry":{"type":"Polygon","coordinates":[[[-80.044547,43.843758],[-80.04453,43.843744],[-80.044491,43.843745],[-80.044477,43.843764],[-80.044491,43.843794],[-80.044518,43.843801],[-80.044541,43.843793],[-80.044555,43.843774],[-80.044547,43.843758]]]}},{"type":"Feature","properties":{"k":"rough"},"geometry":{"type":"Polygon","coordinates":[[[-80.047512,43.847019],[-80.047464,43.846771],[-80.047399,43.846509],[-80.047342,43.846114],[-80.047348,43.845963],[-80.04724,43.845888],[-80.047214,43.845852],[-80.047203,43.845743],[-80.04723,43.845617],[-80.04723,43.84557],[-80.047181,43.845403],[-80.047145,43.845323],[-80.047076,43.845047],[-80.047025,43.84501],[-80.046944,43.844986],[-80.04692,43.844959],[-80.046883,43.844945],[-80.046825,43.844903],[-80.046794,43.844855],[-80.04677,43.844837],[-80.046604,43.844759],[-80.046441,43.844653],[-80.046372,43.844546],[-80.046318,43.844487],[-80.04626,43.844432],[-80.046133,43.844338],[-80.04602,43.844266],[-80.045967,43.844242],[-80.045838,43.844234],[-80.045823,43.844206],[-80.045838,43.844136],[-80.045831,43.844102],[-80.045782,43.844033],[-80.045677,43.843988],[-80.045642,43.843981],[-80.045589,43.843951],[-80.045413,43.843814],[-80.045327,43.843724],[-80.045283,43.843694],[-80.045246,43.843674],[-80.04508,43.843637],[-80.045007,43.843474],[-80.044917,43.843347],[-80.044902,43.843288],[-80.044864,43.843256],[-80.044675,43.843158],[-80.044825,43.842985],[-80.04634,43.844099],[-80.047157,43.844711],[-80.047611,43.845021],[-80.047653,43.845203],[-80.047676,43.84522],[-80.047773,43.845225],[-80.047872,43.845247],[-80.047753,43.845409],[-80.047716,43.845532],[-80.04767,43.845769],[-80.047596,43.846729],[-80.047605,43.846837],[-80.047659,43.847045],[-80.047633,43.847077],[-80.047517,43.84714],[-80.047491,43.847133],[-80.047474,43.847116],[-80.047471,43.847087],[-80.047512,43.847019]]]}},{"type":"Feature","properties":{"k":"rough"},"geometry":{"type":"Polygon","coordinates":[[[-80.046706,43.846429],[-80.046676,43.846133],[-80.046725,43.846131],[-80.046783,43.846138],[-80.046823,43.846152],[-80.046847,43.846176],[-80.046984,43.846442],[-80.047031,43.846497],[-80.047078,43.846596],[-80.047118,43.846714],[-80.047124,43.846817],[-80.047115,43.846863],[-80.04708,43.846941],[-80.047055,43.846961],[-80.047031,43.846969],[-80.046981,43.846963],[-80.046941,43.846952],[-80.046921,43.84693],[-80.046994,43.84681],[-80.047007,43.846748],[-80.046998,43.846714],[-80.046981,43.846677],[-80.046941,43.846624],[-80.046804,43.846503],[-80.046706,43.846429]]]}},{"type":"Feature","properties":{"k":"rough"},"geometry":{"type":"Polygon","coordinates":[[[-80.046499,43.845917],[-80.046408,43.845888],[-80.046345,43.845886],[-80.046228,43.845901],[-80.046182,43.845918],[-80.046219,43.845976],[-80.046279,43.846021],[-80.046317,43.846027],[-80.046411,43.846023],[-80.046442,43.846036],[-80.046488,43.846041],[-80.046516,43.846032],[-80.046547,43.84601],[-80.046547,43.845979],[-80.046499,43.845917]]]}},{"type":"Feature","properties":{"k":"rough"},"geometry":{"type":"Polygon","coordinates":[[[-80.046179,43.845804],[-80.04623,43.845787],[-80.046293,43.845778],[-80.046478,43.845773],[-80.046533,43.845723],[-80.046541,43.845683],[-80.046528,43.845641],[-80.046433,43.845548],[-80.046366,43.845499],[-80.046335,43.845452],[-80.046335,43.845401],[-80.04635,43.845379],[-80.046384,43.845371],[-80.046421,43.845293],[-80.046403,43.84528],[-80.046386,43.845251],[-80.046352,43.845101],[-80.046321,43.845076],[-80.046278,43.845059],[-80.046119,43.84502],[-80.045993,43.844967],[-80.04585,43.844846],[-80.045703,43.844772],[-80.045665,43.844735],[-80.045609,43.844645],[-80.045575,43.844535],[-80.045534,43.844461],[-80.045441,43.844434],[-80.045398,43.844403],[-80.045338,43.84432],[-80.045304,43.84429],[-80.045193,43.844237],[-80.045118,43.844133],[-80.045078,43.844101],[-80.044931,43.844026],[-80.04487,43.844011],[-80.044779,43.84403],[-80.044748,43.844048],[-80.044737,43.844107],[-80.044794,43.844191],[-80.044848,43.844298],[-80.044864,43.844418],[-80.044887,43.844443],[-80.044987,43.844505],[-80.045013,43.844563],[-80.045012,43.844611],[-80.04503,43.844651],[-80.04515,43.844729],[-80.04519,43.844775],[-80.045276,43.844969],[-80.04536,43.845093],[-80.045478,43.845199],[-80.045586,43.845354],[-80.045642,43.845409],[-80.045668,43.845461],[-80.045717,43.845511],[-80.045788,43.845618],[-80.04582,43.845651],[-80.045868,43.845675],[-80.045903,43.845708],[-80.045979,43.845812],[-80.046042,43.84585],[-80.046076,43.845851],[-80.046179,43.845804]]]}},{"type":"Feature","properties":{"k":"rough"},"geometry":{"type":"Polygon","coordinates":[[[-80.04442,43.843488],[-80.044454,43.843437],[-80.044454,43.8434],[-80.044434,43.843383],[-80.044398,43.843383],[-80.044258,43.843464],[-80.044227,43.843498],[-80.0442,43.84355],[-80.044169,43.843663],[-80.044173,43.843716],[-80.044212,43.84379],[-80.044286,43.843858],[-80.044341,43.843877],[-80.044394,43.843882],[-80.044468,43.84388],[-80.044529,43.843868],[-80.044576,43.843848],[-80.044577,43.843826],[-80.044563,43.84379],[-80.044499,43.843728],[-80.044432,43.843683],[-80.044405,43.843547],[-80.044405,43.843517],[-80.04442,43.843488]]]}},{"type":"Feature","properties":{"k":"path"},"geometry":{"type":"LineString","coordinates":[[-80.043541,43.84235],[-80.043536,43.842311],[-80.043505,43.842278],[-80.043414,43.842254],[-80.043346,43.842258]]}},{"type":"Feature","properties":{"k":"path"},"geometry":{"type":"LineString","coordinates":[[-80.043535,43.842403],[-80.043541,43.84235]]}},{"type":"Feature","properties":{"k":"rough"},"geometry":{"type":"Polygon","coordinates":[[[-80.040957,43.84074],[-80.040713,43.840972],[-80.040725,43.840988],[-80.040803,43.841006],[-80.040869,43.841012],[-80.040945,43.841008],[-80.040992,43.84098],[-80.041012,43.84093],[-80.041036,43.840904],[-80.041132,43.840844],[-80.041195,43.840744],[-80.041275,43.840729],[-80.041327,43.840735],[-80.041382,43.840756],[-80.041535,43.840838],[-80.041586,43.840874],[-80.041655,43.840974],[-80.041759,43.841084],[-80.041806,43.841129],[-80.041931,43.841221],[-80.041989,43.841342],[-80.042048,43.841395],[-80.042066,43.841424],[-80.042072,43.841515],[-80.042089,43.841541],[-80.042109,43.841561],[-80.042245,43.841633],[-80.042301,43.841681],[-80.04231,43.841719],[-80.042304,43.841787],[-80.042327,43.841816],[-80.042547,43.841779],[-80.042596,43.841784],[-80.042627,43.841797],[-80.042711,43.841876],[-80.042749,43.841891],[-80.042848,43.841898],[-80.042895,43.841927],[-80.043025,43.842027],[-80.043098,43.842104],[-80.043157,43.84215],[-80.043221,43.842198],[-80.043267,43.842218],[-80.043465,43.842247],[-80.043567,43.842276],[-80.043613,43.842257],[-80.04365,43.842227],[-80.043681,43.842165],[-80.043639,43.84211],[-80.042654,43.841404],[-80.042168,43.841042],[-80.041763,43.840756],[-80.041527,43.840604],[-80.041459,43.840568],[-80.041394,43.840547],[-80.041314,43.840544],[-80.041224,43.840578],[-80.040957,43.84074]]]}},{"type":"Feature","properties":{"k":"rough"},"geometry":{"type":"Polygon","coordinates":[[[-80.040769,43.842392],[-80.040778,43.84235],[-80.040764,43.842318],[-80.040729,43.8423],[-80.040633,43.842283],[-80.040509,43.842268],[-80.040395,43.842269],[-80.040302,43.84229],[-80.040211,43.842323],[-80.040171,43.84236],[-80.040103,43.842461],[-80.040059,43.842492],[-80.040017,43.842566],[-80.039989,43.84277],[-80.04001,43.842839],[-80.040045,43.842891],[-80.040089,43.842935],[-80.040176,43.842972],[-80.04036,43.842812],[-80.040505,43.842748],[-80.040631,43.842667],[-80.040717,43.842588],[-80.040745,43.842537],[-80.040769,43.842392]]]}},{"type":"Feature","properties":{"k":"rough"},"geometry":{"type":"Polygon","coordinates":[[[-80.041368,43.842146],[-80.041484,43.842196],[-80.041512,43.842133],[-80.041504,43.842056],[-80.041315,43.841756],[-80.041275,43.841672],[-80.041263,43.841592],[-80.041291,43.841451],[-80.041321,43.841385],[-80.041334,43.841284],[-80.041311,43.84124],[-80.041269,43.841205],[-80.041185,43.841167],[-80.041041,43.841139],[-80.040941,43.841098],[-80.040903,43.841111],[-80.040903,43.841227],[-80.040868,43.841296],[-80.040803,43.841373],[-80.040508,43.841661],[-80.040455,43.841794],[-80.040437,43.84192],[-80.040508,43.842027],[-80.040618,43.842112],[-80.040649,43.842124],[-80.040691,43.84212],[-80.04071,43.842103],[-80.040714,43.842035],[-80.040733,43.841983],[-80.040757,43.841963],[-80.040821,43.841946],[-80.040861,43.841912],[-80.0409,43.841898],[-80.040977,43.841901],[-80.041053,43.841926],[-80.041205,43.84193],[-80.04126,43.841953],[-80.041316,43.842057],[-80.041347,43.84209],[-80.041368,43.842146]]]}},{"type":"Feature","properties":{"k":"rough"},"geometry":{"type":"Polygon","coordinates":[[[-80.04081,43.841049],[-80.040703,43.841031],[-80.040655,43.841037],[-80.040541,43.84113],[-80.04024,43.841416],[-80.039307,43.842326],[-80.038665,43.84309],[-80.038528,43.84324],[-80.038359,43.843404],[-80.038325,43.843453],[-80.038594,43.843726],[-80.03871,43.843812],[-80.038824,43.843836],[-80.038962,43.843834],[-80.039044,43.843804],[-80.039063,43.843789],[-80.039038,43.843673],[-80.038977,43.843615],[-80.038968,43.843592],[-80.038958,43.843447],[-80.038988,43.843358],[-80.039009,43.843325],[-80.039104,43.843249],[-80.039106,43.843145],[-80.039089,43.843097],[-80.039094,43.843043],[-80.039084,43.842873],[-80.039089,43.842836],[-80.039142,43.842756],[-80.039225,43.842694],[-80.039566,43.842399],[-80.039716,43.842204],[-80.039818,43.842123],[-80.0399,43.842073],[-80.039921,43.842028],[-80.039939,43.841893],[-80.040077,43.841762],[-80.04008,43.841638],[-80.040143,43.841564],[-80.040599,43.841134],[-80.040647,43.841099],[-80.040698,43.841077],[-80.04081,43.841049]]]}},{"type":"Feature","properties":{"k":"path"},"geometry":{"type":"LineString","coordinates":[[-80.039595,43.843341],[-80.03969,43.843384]]}},{"type":"Feature","properties":{"k":"path"},"geometry":{"type":"LineString","coordinates":[[-80.03969,43.843384],[-80.039697,43.843387]]}},{"type":"Feature","properties":{"k":"rough"},"geometry":{"type":"Polygon","coordinates":[[[-80.04016,43.843571],[-80.040238,43.84361],[-80.040258,43.843631],[-80.040259,43.843676],[-80.040219,43.843881],[-80.040223,43.843935],[-80.040214,43.843978],[-80.040188,43.844011],[-80.040159,43.844027],[-80.040069,43.84399],[-80.04003,43.843958],[-80.040018,43.843932],[-80.040018,43.843899],[-80.040041,43.843778],[-80.040027,43.843717],[-80.039912,43.843598],[-80.039778,43.84343],[-80.039772,43.843395],[-80.039781,43.843355],[-80.039798,43.843315],[-80.039833,43.843288],[-80.03987,43.84328],[-80.039924,43.843282],[-80.039974,43.843299],[-80.04001,43.843328],[-80.040027,43.843373],[-80.040039,43.84346],[-80.040055,43.843488],[-80.040113,43.843547],[-80.04016,43.843571]]]}},{"type":"Feature","properties":{"k":"path"},"geometry":{"type":"LineString","coordinates":[[-80.039125,43.843907],[-80.039097,43.843837],[-80.039098,43.843788]]}},{"type":"Feature","properties":{"k":"path"},"geometry":{"type":"LineString","coordinates":[[-80.041153,43.842432],[-80.041262,43.842422],[-80.041369,43.842351],[-80.041406,43.842337],[-80.04151,43.842323],[-80.041595,43.842343],[-80.041748,43.842437],[-80.041973,43.842613],[-80.042231,43.842835],[-80.042418,43.842938]]}},{"type":"Feature","properties":{"k":"path"},"geometry":{"type":"LineString","coordinates":[[-80.042418,43.842938],[-80.042496,43.843]]}},{"type":"Feature","properties":{"k":"rough"},"geometry":{"type":"Polygon","coordinates":[[[-80.041588,43.841592],[-80.041539,43.841523],[-80.041509,43.841413],[-80.041431,43.841315],[-80.041376,43.841271],[-80.041376,43.841363],[-80.041321,43.8415],[-80.041309,43.841567],[-80.041312,43.841644],[-80.041401,43.841822],[-80.041521,43.842004],[-80.041597,43.842158],[-80.041666,43.842249],[-80.041868,43.842427],[-80.041963,43.842474],[-80.0421,43.842521],[-80.042236,43.842558],[-80.042415,43.842589],[-80.042684,43.842623],[-80.042723,43.842626],[-80.042784,43.842614],[-80.042799,43.842599],[-80.0428,43.842551],[-80.042782,43.842518],[-80.04276,43.842502],[-80.042642,43.84247],[-80.042558,43.842426],[-80.042512,43.842414],[-80.04235,43.842415],[-80.042286,43.842403],[-80.042245,43.842391],[-80.042195,43.842348],[-80.042088,43.842213],[-80.042046,43.842134],[-80.041966,43.842018],[-80.041932,43.841987],[-80.04185,43.841953],[-80.041813,43.841929],[-80.041779,43.841849],[-80.041772,43.841802],[-80.041745,43.841756],[-80.041719,43.841719],[-80.041641,43.841663],[-80.041588,43.841592]]]}},{"type":"Feature","properties":{"k":"rough"},"geometry":{"type":"Polygon","coordinates":[[[-80.041337,43.842188],[-80.041256,43.84231],[-80.041197,43.842363],[-80.041195,43.842395],[-80.041234,43.842404],[-80.041263,43.842398],[-80.041307,43.842366],[-80.04133,43.842338],[-80.041385,43.842311],[-80.041445,43.842303],[-80.041445,43.842275],[-80.041429,43.842241],[-80.041392,43.8422],[-80.041337,43.842188]]]}},{"type":"Feature","properties":{"k":"path"},"geometry":{"type":"LineString","coordinates":[[-80.041144,43.845106],[-80.041206,43.845039]]}},{"type":"Feature","properties":{"k":"path"},"geometry":{"type":"LineString","coordinates":[[-80.041206,43.845039],[-80.041224,43.845019]]}},{"type":"Feature","properties":{"k":"path"},"geometry":{"type":"LineString","coordinates":[[-80.041129,43.845123],[-80.041144,43.845106]]}},{"type":"Feature","properties":{"k":"rough"},"geometry":{"type":"Polygon","coordinates":[[[-80.041121,43.844202],[-80.041144,43.844164],[-80.04123,43.844088],[-80.041186,43.8438],[-80.041124,43.843706],[-80.04109,43.843683],[-80.041047,43.843666],[-80.040998,43.843661],[-80.04097,43.843675],[-80.040933,43.84371],[-80.040932,43.844003],[-80.040912,43.844192],[-80.040885,43.844253],[-80.040811,43.844352],[-80.040754,43.844394],[-80.040688,43.844431],[-80.04056,43.844479],[-80.040742,43.844596],[-80.040845,43.844643],[-80.040893,43.844654],[-80.040953,43.84464],[-80.040982,43.844617],[-80.040995,43.844593],[-80.041012,43.844515],[-80.041067,43.844457],[-80.041153,43.844398],[-80.041156,43.844336],[-80.041112,43.844261],[-80.041121,43.844202]]]}},{"type":"Feature","properties":{"k":"rough"},"geometry":{"type":"Polygon","coordinates":[[[-80.042436,43.843362],[-80.042547,43.843436],[-80.04257,43.843461],[-80.042618,43.84355],[-80.042715,43.84362],[-80.042724,43.843645],[-80.04272,43.843681],[-80.042675,43.84374],[-80.042633,43.843755],[-80.042553,43.843753],[-80.042395,43.843699],[-80.042358,43.843668],[-80.042279,43.843574],[-80.04221,43.843519],[-80.042076,43.843458],[-80.042005,43.843442],[-80.041912,43.843438],[-80.041822,43.843446],[-80.041768,43.843467],[-80.041728,43.843502],[-80.041728,43.843604],[-80.041746,43.843642],[-80.041729,43.843666],[-80.041689,43.84366],[-80.041646,43.843636],[-80.041572,43.843537],[-80.0415,43.843476],[-80.041386,43.84345],[-80.041312,43.843406],[-80.041302,43.843384],[-80.041306,43.843294],[-80.041295,43.843251],[-80.041161,43.843061],[-80.041128,43.842982],[-80.041162,43.842852],[-80.041185,43.84281],[-80.041218,43.842775],[-80.041248,43.842698],[-80.041235,43.842504],[-80.041281,43.842441],[-80.041376,43.84237],[-80.041407,43.842367],[-80.041433,43.842381],[-80.04145,43.842402],[-80.041444,43.842456],[-80.041464,43.842487],[-80.041569,43.842579],[-80.041698,43.842721],[-80.041757,43.842818],[-80.041877,43.842965],[-80.041959,43.843047],[-80.042015,43.84314],[-80.042103,43.843171],[-80.042232,43.843179],[-80.042287,43.843206],[-80.042303,43.843254],[-80.04233,43.843284],[-80.042436,43.843362]]]}},{"type":"Feature","properties":{"k":"stream"},"geometry":{"type":"LineString","coordinates":[[-80.044338,43.843135],[-80.044239,43.843122],[-80.044165,43.843085],[-80.043841,43.842839],[-80.043765,43.842804],[-80.043733,43.842766],[-80.043712,43.842722],[-80.043667,43.842676],[-80.043591,43.842626],[-80.043547,43.842548],[-80.043481,43.842521],[-80.043382,43.842493],[-80.04331,43.842488],[-80.043236,43.842495]]}},{"type":"Feature","properties":{"k":"rough"},"geometry":{"type":"Polygon","coordinates":[[[-80.043434,43.843127],[-80.043471,43.843038],[-80.04351,43.843001],[-80.043559,43.842978],[-80.04362,43.842964],[-80.043673,43.84297],[-80.043736,43.843001],[-80.043993,43.843166],[-80.044168,43.843307],[-80.044242,43.84335],[-80.044283,43.843353],[-80.044333,43.843333],[-80.044453,43.843164],[-80.044418,43.843134],[-80.04437,43.843112],[-80.044296,43.843098],[-80.044232,43.843074],[-80.044117,43.843007],[-80.043913,43.842861],[-80.043818,43.84281],[-80.043683,43.842718],[-80.043591,43.842649],[-80.043487,43.842542],[-80.043303,43.842511],[-80.043046,43.842506],[-80.042926,43.842566],[-80.042836,43.842627],[-80.042499,43.842863],[-80.042455,43.842908],[-80.042519,43.842997],[-80.042577,43.843144],[-80.042616,43.84317],[-80.042652,43.843186],[-80.042696,43.84319],[-80.042751,43.843178],[-80.04285,43.843129],[-80.042903,43.843117],[-80.042974,43.843117],[-80.043029,43.843131],[-80.043082,43.843159],[-80.043114,43.843205],[-80.043172,43.843344],[-80.043195,43.843375],[-80.043237,43.843402],[-80.043347,43.843432],[-80.043386,43.843436],[-80.043416,43.843425],[-80.043432,43.843404],[-80.043397,43.843335],[-80.043388,43.843275],[-80.04342,43.843205],[-80.043434,43.843127]]]}},{"type":"Feature","properties":{"k":"rough"},"geometry":{"type":"Polygon","coordinates":[[[-80.044452,43.845385],[-80.044102,43.845123],[-80.044027,43.845046],[-80.044015,43.844987],[-80.044017,43.844934],[-80.044035,43.844886],[-80.044072,43.844835],[-80.044169,43.844773],[-80.044241,43.844764],[-80.044371,43.844764],[-80.044434,43.844769],[-80.04446,43.84478],[-80.044478,43.844811],[-80.044455,43.844954],[-80.044475,43.844985],[-80.044511,43.845021],[-80.044654,43.845126],[-80.044731,43.845228],[-80.044759,43.845242],[-80.04495,43.845301],[-80.044985,43.845332],[-80.045064,43.845438],[-80.045223,43.845607],[-80.04526,43.845662],[-80.045366,43.845742],[-80.045477,43.845937],[-80.045597,43.846046],[-80.045614,43.846079],[-80.045605,43.846148],[-80.045578,43.846181],[-80.045521,43.846192],[-80.045455,43.846174],[-80.045002,43.845765],[-80.04489,43.845701],[-80.044665,43.845619],[-80.044619,43.845585],[-80.044571,43.845515],[-80.044452,43.845385]]]}},{"type":"Feature","properties":{"k":"rough"},"geometry":{"type":"Polygon","coordinates":[[[-80.043799,43.844159],[-80.043424,43.844418],[-80.043765,43.844763],[-80.043777,43.844794],[-80.043744,43.844861],[-80.04372,43.844876],[-80.043683,43.84488],[-80.043643,43.844875],[-80.043597,43.844854],[-80.043562,43.844811],[-80.043506,43.844698],[-80.04333,43.844595],[-80.043249,43.844528],[-80.042973,43.844142],[-80.042772,43.843981],[-80.042747,43.84394],[-80.042751,43.843905],[-80.042768,43.843873],[-80.042826,43.843826],[-80.042934,43.843834],[-80.043153,43.843876],[-80.043207,43.843864],[-80.043253,43.843837],[-80.043289,43.843805],[-80.043354,43.843709],[-80.043365,43.843669],[-80.043361,43.84363],[-80.0433,43.843507],[-80.043316,43.843494],[-80.043369,43.843491],[-80.043491,43.8435],[-80.043517,43.843519],[-80.043532,43.843547],[-80.043558,43.843733],[-80.043759,43.844064],[-80.043799,43.844159]]]}},{"type":"Feature","properties":{"k":"rough"},"geometry":{"type":"Polygon","coordinates":[[[-80.041693,43.84512],[-80.041665,43.845054],[-80.041619,43.845012],[-80.041473,43.844946],[-80.041468,43.844907],[-80.041358,43.844841],[-80.041327,43.844831],[-80.041261,43.844829],[-80.041235,43.844806],[-80.041153,43.844781],[-80.041118,43.844792],[-80.041092,43.844818],[-80.0411,43.844911],[-80.04119,43.844983],[-80.041341,43.845047],[-80.041496,43.845088],[-80.041693,43.84512]]]}},{"type":"Feature","properties":{"k":"rough"},"geometry":{"type":"Polygon","coordinates":[[[-80.045116,43.846224],[-80.045194,43.84626],[-80.045256,43.846266],[-80.045293,43.846255],[-80.045394,43.8462],[-80.045445,43.846222],[-80.045518,43.846233],[-80.045727,43.846215],[-80.045787,43.846218],[-80.045828,43.846235],[-80.045875,43.846269],[-80.045893,43.846372],[-80.045907,43.846403],[-80.045953,43.846444],[-80.04613,43.846517],[-80.046185,43.846547],[-80.046219,43.846554],[-80.046275,43.846509],[-80.046381,43.846453],[-80.046431,43.846436],[-80.046466,43.846406],[-80.046505,43.846321],[-80.046512,43.846286],[-80.046489,43.846144],[-80.046627,43.846134],[-80.046665,43.846411],[-80.046645,43.846438],[-80.046535,43.846499],[-80.046493,43.846537],[-80.046472,43.846579],[-80.046433,43.846612],[-80.04638,43.846637],[-80.046178,43.846649],[-80.046114,43.846647],[-80.046065,43.846639],[-80.0459,43.846569],[-80.045847,43.846565],[-80.045764,43.846577],[-80.045569,43.846676],[-80.045511,43.846698],[-80.04544,43.846714],[-80.04529,43.846721],[-80.045214,43.846712],[-80.045116,43.846679],[-80.044999,43.846536],[-80.044969,43.846523],[-80.044602,43.846409],[-80.044528,43.846395],[-80.04442,43.846392],[-80.04425,43.846333],[-80.044227,43.846284],[-80.044201,43.846254],[-80.044031,43.846172],[-80.043875,43.846035],[-80.043822,43.845999],[-80.043771,43.845983],[-80.04362,43.845958],[-80.04356,43.845886],[-80.043486,43.845776],[-80.043442,43.845738],[-80.043277,43.84564],[-80.043181,43.845607],[-80.043015,43.845566],[-80.042856,43.845512],[-80.042734,43.845464],[-80.042424,43.845317],[-80.042364,43.845307],[-80.042297,43.845309],[-80.042258,43.845293],[-80.042222,43.845264],[-80.042155,43.845237],[-80.042058,43.845219],[-80.041913,43.845166],[-80.04215,43.845187],[-80.042246,43.845179],[-80.042299,43.845156],[-80.042306,43.845115],[-80.042261,43.845076],[-80.042192,43.845035],[-80.042116,43.844952],[-80.041892,43.844647],[-80.04183,43.844593],[-80.041658,43.844479],[-80.041621,43.844438],[-80.04161,43.844399],[-80.041621,43.844357],[-80.041653,43.844323],[-80.041814,43.844296],[-80.04189,43.844306],[-80.041978,43.844348],[-80.04218,43.844508],[-80.04243,43.844741],[-80.042491,43.84477],[-80.042552,43.844767],[-80.042702,43.844725],[-80.042794,43.844683],[-80.042821,43.844721],[-80.042838,43.844779],[-80.042865,43.844821],[-80.042965,43.844882],[-80.04301,43.844947],[-80.043039,43.844973],[-80.043134,43.845023],[-80.04316,43.845066],[-80.043193,43.845096],[-80.043299,43.845153],[-80.043387,43.845213],[-80.043422,43.84525],[-80.043443,43.845281],[-80.043449,43.845309],[-80.043437,43.845398],[-80.043461,43.845424],[-80.043549,43.845445],[-80.043851,43.845414],[-80.043937,43.845432],[-80.043956,43.845451],[-80.043968,43.845485],[-80.043981,43.845601],[-80.044008,43.84564],[-80.044051,43.845678],[-80.044208,43.845776],[-80.044448,43.845906],[-80.044538,43.845927],[-80.044696,43.845911],[-80.044731,43.845912],[-80.044761,43.845925],[-80.044932,43.846046],[-80.045116,43.846224]]]}},{"type":"Feature","properties":{"k":"rough"},"geometry":{"type":"Polygon","coordinates":[[[-80.04653,43.846941],[-80.046359,43.846941],[-80.046283,43.846929],[-80.046142,43.846825],[-80.046127,43.846779],[-80.046125,43.846731],[-80.046137,43.846714],[-80.046162,43.846698],[-80.046216,43.846684],[-80.046271,43.84668],[-80.046369,43.846691],[-80.046455,43.846722],[-80.046498,43.84675],[-80.04661,43.846867],[-80.046603,43.846903],[-80.04656,43.846932],[-80.04653,43.846941]]]}},{"type":"Feature","properties":{"k":"path"},"geometry":{"type":"LineString","coordinates":[[-80.045864,43.847915],[-80.045811,43.847916],[-80.045674,43.847901],[-80.045545,43.847928],[-80.045488,43.847962],[-80.045414,43.848055],[-80.045366,43.848073],[-80.0453,43.84806],[-80.045184,43.848021],[-80.045119,43.848008],[-80.04508,43.848013]]}},{"type":"Feature","properties":{"k":"rough"},"geometry":{"type":"Polygon","coordinates":[[[-80.046617,43.847235],[-80.046633,43.847154],[-80.046622,43.847127],[-80.046559,43.8471],[-80.046513,43.847064],[-80.046498,43.846989],[-80.046514,43.846971],[-80.046605,43.846934],[-80.046642,43.846934],[-80.046677,43.846958],[-80.046716,43.84697],[-80.04673,43.846993],[-80.046735,43.847101],[-80.046714,43.847174],[-80.046686,43.847203],[-80.046617,43.847235]]]}},{"type":"Feature","properties":{"k":"rough"},"geometry":{"type":"Polygon","coordinates":[[[-80.045422,43.847949],[-80.045417,43.847986],[-80.045382,43.848011],[-80.045299,43.848034],[-80.045213,43.847989],[-80.045162,43.847949],[-80.045103,43.847935],[-80.045033,43.84796],[-80.044527,43.847647],[-80.043515,43.846999],[-80.042277,43.846231],[-80.041153,43.84551],[-80.041083,43.845438],[-80.041121,43.845388],[-80.041233,43.845366],[-80.041281,43.845366],[-80.041382,43.845386],[-80.041421,43.845384],[-80.041456,43.845355],[-80.041469,43.845326],[-80.041469,43.845298],[-80.041452,43.845264],[-80.04141,43.845238],[-80.041367,43.845224],[-80.041304,43.845224],[-80.041273,43.845212],[-80.04119,43.845148],[-80.040309,43.844579],[-80.04039,43.844532],[-80.040649,43.844714],[-80.041157,43.845022],[-80.041284,43.84507],[-80.041453,43.845121],[-80.041644,43.845156],[-80.041724,43.845204],[-80.042182,43.84558],[-80.042334,43.845674],[-80.042461,43.845742],[-80.042807,43.845875],[-80.042871,43.845906],[-80.042903,43.845931],[-80.043028,43.846151],[-80.043065,43.846199],[-80.043228,43.846313],[-80.043394,43.846392],[-80.04349,43.846446],[-80.043602,43.846525],[-80.04371,43.846579],[-80.043937,43.846608],[-80.044,43.84663],[-80.044048,43.846657],[-80.044086,43.846703],[-80.044094,43.846788],[-80.044112,43.846826],[-80.044151,43.846847],[-80.044291,43.846812],[-80.044346,43.846818],[-80.044405,43.846838],[-80.044447,43.846874],[-80.044491,43.846897],[-80.044557,43.846911],[-80.044701,43.846894],[-80.044775,43.846899],[-80.044821,43.846919],[-80.044856,43.846958],[-80.044873,43.846991],[-80.044935,43.847024],[-80.044983,43.84709],[-80.045017,43.847223],[-80.045023,43.847341],[-80.045003,43.847366],[-80.04487,43.847406],[-80.04483,43.847431],[-80.044802,43.847493],[-80.044812,43.847529],[-80.044875,43.847593],[-80.044955,43.847647],[-80.045146,43.847732],[-80.045183,43.847759],[-80.045217,43.8478],[-80.045422,43.847949]]]}},{"type":"Feature","properties":{"k":"path"},"geometry":{"type":"LineString","coordinates":[[-80.045473,43.848091],[-80.04546,43.848054],[-80.04546,43.848]]}},{"type":"Feature","properties":{"k":"path"},"geometry":{"type":"LineString","coordinates":[[-80.045366,43.848073],[-80.045473,43.848091]]}},{"type":"Feature","properties":{"k":"path"},"geometry":{"type":"LineString","coordinates":[[-80.051761,43.849642],[-80.051663,43.849665],[-80.051618,43.849665],[-80.051522,43.849641]]}},{"type":"Feature","properties":{"k":"rough"},"geometry":{"type":"Polygon","coordinates":[[[-80.049972,43.851003],[-80.048989,43.850366],[-80.048489,43.850071],[-80.04711,43.849186],[-80.046185,43.848617],[-80.045839,43.848417],[-80.045416,43.848139],[-80.045463,43.84812],[-80.045943,43.848406],[-80.046065,43.848442],[-80.04613,43.848448],[-80.046213,43.84847],[-80.046256,43.848497],[-80.046394,43.848631],[-80.046443,43.848662],[-80.046504,43.848684],[-80.046748,43.848734],[-80.046902,43.848788],[-80.04699,43.848829],[-80.047201,43.848955],[-80.047248,43.848991],[-80.04726,43.849048],[-80.047289,43.849093],[-80.047328,43.849114],[-80.047421,43.849146],[-80.047494,43.84923],[-80.047566,43.849288],[-80.047637,43.849336],[-80.047709,43.84937],[-80.047889,43.849432],[-80.047999,43.84951],[-80.048107,43.849566],[-80.048152,43.849631],[-80.048177,43.849643],[-80.04822,43.849651],[-80.048258,43.849671],[-80.048295,43.849706],[-80.048389,43.849756],[-80.048436,43.849812],[-80.048463,43.849878],[-80.048502,43.84992],[-80.048545,43.849944],[-80.04873,43.850001],[-80.048849,43.850065],[-80.049097,43.85025],[-80.049209,43.850367],[-80.049297,43.850413],[-80.049435,43.850452],[-80.049557,43.850511],[-80.049607,43.850547],[-80.049726,43.850669],[-80.04978,43.850707],[-80.04991,43.850758],[-80.050006,43.850824],[-80.050031,43.8509],[-80.050008,43.850956],[-80.049972,43.851003]]]}},{"type":"Feature","properties":{"k":"rough"},"geometry":{"type":"Polygon","coordinates":[[[-80.051401,43.851725],[-80.051345,43.851755],[-80.051307,43.851765],[-80.051274,43.851765],[-80.051202,43.851749],[-80.051162,43.851721],[-80.051144,43.851686],[-80.051137,43.851633],[-80.05102,43.851552],[-80.050925,43.85147],[-80.050899,43.851419],[-80.050902,43.851393],[-80.050884,43.851342],[-80.050864,43.851326],[-80.050786,43.851295],[-80.050776,43.851275],[-80.050805,43.851195],[-80.050844,43.851137],[-80.050723,43.851082],[-80.050698,43.851059],[-80.050675,43.851079],[-80.050599,43.851117],[-80.050545,43.851129],[-80.050493,43.851131],[-80.050425,43.851115],[-80.050274,43.851034],[-80.050113,43.850929],[-80.05005,43.851003],[-80.050045,43.851039],[-80.050066,43.851066],[-80.050474,43.851324],[-80.051119,43.851721],[-80.051283,43.851813],[-80.051343,43.851811],[-80.051374,43.851796],[-80.051401,43.851754],[-80.051401,43.851725]]]}},{"type":"Feature","properties":{"k":"rough"},"geometry":{"type":"Polygon","coordinates":[[[-80.050874,43.851104],[-80.050939,43.851004],[-80.050951,43.850921],[-80.050928,43.85084],[-80.050901,43.850791],[-80.050831,43.850708],[-80.050727,43.850673],[-80.050672,43.850667],[-80.050624,43.85067],[-80.050601,43.850687],[-80.050614,43.850713],[-80.050741,43.85085],[-80.050757,43.850892],[-80.050757,43.85093],[-80.050739,43.850977],[-80.050699,43.851038],[-80.050722,43.851062],[-80.050759,43.851083],[-80.05081,43.851098],[-80.050874,43.851104]]]}},{"type":"Feature","properties":{"k":"rough"},"geometry":{"type":"Polygon","coordinates":[[[-80.04836,43.847376],[-80.048365,43.847349],[-80.048384,43.847324],[-80.048361,43.847308],[-80.048262,43.847282],[-80.048187,43.847223],[-80.04816,43.847225],[-80.048093,43.847261],[-80.048058,43.847268],[-80.048007,43.847263],[-80.047957,43.847247],[-80.047921,43.847225],[-80.047896,43.847196],[-80.047904,43.847124],[-80.047924,43.847098],[-80.047966,43.847081],[-80.047959,43.847058],[-80.047966,43.846987],[-80.048136,43.846848],[-80.048246,43.846843],[-80.048475,43.84689],[-80.048526,43.846921],[-80.048548,43.84697],[-80.048552,43.847016],[-80.048757,43.847118],[-80.048874,43.847165],[-80.048937,43.847166],[-80.048984,43.84715],[-80.049004,43.847134],[-80.049033,43.847053],[-80.049021,43.847023],[-80.048891,43.846931],[-80.048517,43.846719],[-80.048429,43.846632],[-80.048427,43.846569],[-80.048395,43.846572],[-80.048362,43.846567],[-80.048208,43.846519],[-80.048167,43.846523],[-80.048097,43.846552],[-80.048045,43.846602],[-80.048025,43.846636],[-80.047965,43.846825],[-80.047939,43.846877],[-80.047877,43.846955],[-80.047762,43.847068],[-80.047746,43.847094],[-80.04775,43.847132],[-80.047853,43.847362],[-80.048007,43.847377],[-80.04836,43.847376]]]}},{"type":"Feature","properties":{"k":"rough"},"geometry":{"type":"Polygon","coordinates":[[[-80.047741,43.847037],[-80.047828,43.846956],[-80.047901,43.846865],[-80.047948,43.846761],[-80.047986,43.846632],[-80.047919,43.846666],[-80.047888,43.846675],[-80.047844,43.846677],[-80.047706,43.84663],[-80.047669,43.846597],[-80.047663,43.846711],[-80.047682,43.846846],[-80.047715,43.846978],[-80.047741,43.847037]]]}},{"type":"Feature","properties":{"k":"rough"},"geometry":{"type":"Polygon","coordinates":[[[-80.051918,43.849406],[-80.052117,43.849457],[-80.052138,43.849481],[-80.052148,43.849517],[-80.052142,43.849544],[-80.052123,43.849561],[-80.051969,43.84957],[-80.051815,43.849592],[-80.051685,43.849641],[-80.051615,43.849641],[-80.051557,43.849631],[-80.051528,43.849613],[-80.051407,43.84944],[-80.051356,43.849383],[-80.05123,43.849272],[-80.05118,43.849214],[-80.051148,43.849156],[-80.051122,43.848976],[-80.051052,43.848831],[-80.050894,43.848706],[-80.050796,43.848649],[-80.050758,43.848615],[-80.050719,43.84856],[-80.050636,43.848375],[-80.050589,43.848325],[-80.050327,43.848192],[-80.050193,43.848101],[-80.049943,43.847908],[-80.049772,43.847844],[-80.04974,43.847818],[-80.04971,43.847735],[-80.049671,43.847695],[-80.049578,43.847624],[-80.049456,43.847564],[-80.049399,43.847526],[-80.049356,43.847479],[-80.049286,43.847359],[-80.049243,43.847329],[-80.049092,43.847292],[-80.04901,43.847264],[-80.049021,43.847222],[-80.049108,43.847096],[-80.049116,43.847044],[-80.049089,43.846999],[-80.049025,43.846944],[-80.048741,43.846793],[-80.048573,43.846688],[-80.048494,43.846621],[-80.048477,43.846591],[-80.048483,43.846556],[-80.048696,43.846327],[-80.048734,43.846309],[-80.048771,43.846308],[-80.048821,43.846322],[-80.048863,43.846353],[-80.048908,43.846409],[-80.049013,43.846577],[-80.049051,43.846618],[-80.049168,43.846707],[-80.049186,43.846739],[-80.049189,43.846768],[-80.049173,43.846868],[-80.04918,43.846906],[-80.049204,43.846944],[-80.049263,43.847001],[-80.049394,43.847041],[-80.049477,43.847091],[-80.049635,43.847156],[-80.049724,43.847231],[-80.049857,43.847382],[-80.050082,43.847604],[-80.050238,43.84771],[-80.050334,43.847843],[-80.050397,43.847954],[-80.050427,43.847984],[-80.050588,43.848052],[-80.050664,43.848153],[-80.050697,43.848184],[-80.050772,43.848232],[-80.050808,43.848273],[-80.050842,43.848362],[-80.050883,43.848406],[-80.051116,43.848584],[-80.051219,43.848621],[-80.051371,43.848725],[-80.051428,43.848778],[-80.051512,43.848953],[-80.051573,43.849011],[-80.051825,43.849332],[-80.051872,43.84938],[-80.051918,43.849406]]]}},{"type":"Feature","properties":{"k":"rough"},"geometry":{"type":"Polygon","coordinates":[[[-80.052524,43.849163],[-80.052499,43.849157],[-80.052488,43.849134],[-80.052527,43.84909],[-80.052536,43.849063],[-80.052521,43.849039],[-80.052499,43.84902],[-80.052463,43.849008],[-80.052393,43.849017],[-80.052367,43.848999],[-80.052395,43.848981],[-80.052402,43.848955],[-80.052387,43.848912],[-80.05233,43.848885],[-80.052309,43.848859],[-80.052237,43.848716],[-80.052131,43.848656],[-80.052057,43.848585],[-80.051857,43.848465],[-80.051707,43.848399],[-80.0516,43.848393],[-80.051502,43.848378],[-80.051449,43.848362],[-80.05136,43.848299],[-80.05129,43.848213],[-80.051218,43.84807],[-80.051163,43.84802],[-80.050987,43.84793],[-80.050922,43.847878],[-80.050876,43.847828],[-80.050826,43.847724],[-80.050803,43.847636],[-80.050722,43.847557],[-80.050679,43.847532],[-80.050674,43.847507],[-80.050638,43.847475],[-80.050585,43.847448],[-80.050539,43.847352],[-80.050512,43.847324],[-80.050463,43.847302],[-80.050387,43.847302],[-80.050273,43.847267],[-80.05018,43.847175],[-80.050071,43.847124],[-80.050022,43.847092],[-80.04991,43.846983],[-80.049813,43.846901],[-80.049707,43.846826],[-80.049444,43.846591],[-80.049362,43.846482],[-80.049293,43.846421],[-80.049227,43.846313],[-80.049146,43.846234],[-80.049094,43.846167],[-80.048972,43.84607],[-80.048921,43.846047],[-80.049037,43.846054],[-80.049642,43.846473],[-80.05154,43.84786],[-80.052279,43.848444],[-80.052879,43.848881],[-80.05279,43.848941],[-80.05266,43.848998],[-80.052644,43.849051],[-80.052689,43.84916],[-80.052524,43.849163]]]}},{"type":"Feature","properties":{"k":"rough"},"geometry":{"type":"Polygon","coordinates":[[[-80.051309,43.849854],[-80.051022,43.84953],[-80.050861,43.849398],[-80.050714,43.849237],[-80.050559,43.849125],[-80.050279,43.848866],[-80.050234,43.848845],[-80.050107,43.848819],[-80.050029,43.848816],[-80.049964,43.848796],[-80.049921,43.848758],[-80.049921,43.848615],[-80.04985,43.848512],[-80.049488,43.848212],[-80.049394,43.848101],[-80.049248,43.848013],[-80.048943,43.847878],[-80.0488,43.847733],[-80.048673,43.847648],[-80.048474,43.847464],[-80.04837,43.84739],[-80.04843,43.847917],[-80.048488,43.848024],[-80.048593,43.84816],[-80.04876,43.848317],[-80.048857,43.848438],[-80.049164,43.848741],[-80.049487,43.8489],[-80.049626,43.849019],[-80.049687,43.84917],[-80.049744,43.849229],[-80.049902,43.849295],[-80.050023,43.849367],[-80.050194,43.849444],[-80.050324,43.849517],[-80.050725,43.849649],[-80.051213,43.849865],[-80.051309,43.849854]]]}},{"type":"Feature","properties":{"k":"path"},"geometry":{"type":"LineString","coordinates":[[-80.053757,43.851904],[-80.05379,43.851937],[-80.053816,43.851982],[-80.053831,43.852022],[-80.053843,43.852118],[-80.053896,43.852202],[-80.053979,43.852291],[-80.054015,43.852319],[-80.05416,43.852391],[-80.054284,43.852481],[-80.054466,43.85258],[-80.054914,43.852845]]}},{"type":"Feature","properties":{"k":"rough"},"geometry":{"type":"Polygon","coordinates":[[[-80.050771,43.850615],[-80.050334,43.850538],[-80.050233,43.850496],[-80.050204,43.850455],[-80.050199,43.85042],[-80.050175,43.850369],[-80.050112,43.850324],[-80.049998,43.850268],[-80.049834,43.850147],[-80.049668,43.850009],[-80.049301,43.849793],[-80.049083,43.849581],[-80.04881,43.849457],[-80.048684,43.849347],[-80.048617,43.849305],[-80.048397,43.849239],[-80.048337,43.849202],[-80.048189,43.849084],[-80.047743,43.848786],[-80.047559,43.848688],[-80.047508,43.848676],[-80.047496,43.848648],[-80.047521,43.84861],[-80.047581,43.848561],[-80.047656,43.848526],[-80.047728,43.848549],[-80.047868,43.848647],[-80.048126,43.84873],[-80.048175,43.848756],[-80.048201,43.848798],[-80.048211,43.848882],[-80.048228,43.848913],[-80.048271,43.848937],[-80.048315,43.848956],[-80.048452,43.848988],[-80.048511,43.849047],[-80.04858,43.849082],[-80.048865,43.849155],[-80.049025,43.849218],[-80.049153,43.849284],[-80.049307,43.849392],[-80.049411,43.849489],[-80.049616,43.849604],[-80.049744,43.84966],[-80.04988,43.849707],[-80.049988,43.849726],[-80.050111,43.849784],[-80.050256,43.849874],[-80.050372,43.849925],[-80.050821,43.850046],[-80.050647,43.850183],[-80.05049,43.850281],[-80.050459,43.850326],[-80.050454,43.850371],[-80.050486,43.850415],[-80.050548,43.850453],[-80.050628,43.850474],[-80.050795,43.85049],[-80.05085,43.850505],[-80.050889,43.850532],[-80.050899,43.850561],[-80.050845,43.850598],[-80.050771,43.850615]]]}},{"type":"Feature","properties":{"k":"rough"},"geometry":{"type":"Polygon","coordinates":[[[-80.047554,43.84768],[-80.047585,43.847739],[-80.047587,43.847778],[-80.047558,43.847823],[-80.047511,43.847811],[-80.047404,43.8477],[-80.047338,43.847667],[-80.047327,43.847643],[-80.047335,43.847614],[-80.047359,43.847605],[-80.047395,43.847603],[-80.047428,43.847611],[-80.047483,43.847631],[-80.047554,43.84768]]]}},{"type":"Feature","properties":{"k":"rough"},"geometry":{"type":"Polygon","coordinates":[[[-80.047342,43.848662],[-80.047353,43.848612],[-80.047386,43.848577],[-80.047571,43.848484],[-80.04754,43.848416],[-80.047357,43.848197],[-80.047183,43.8481],[-80.046938,43.847902],[-80.04691,43.847856],[-80.04691,43.847816],[-80.046934,43.847774],[-80.046971,43.847739],[-80.04706,43.847704],[-80.047119,43.847704],[-80.047139,43.847664],[-80.047207,43.847663],[-80.047252,43.84765],[-80.047331,43.847571],[-80.047269,43.847592],[-80.047112,43.847608],[-80.047024,43.847629],[-80.046938,43.847668],[-80.046877,43.847716],[-80.046813,43.847772],[-80.046777,43.84782],[-80.046769,43.848028],[-80.046801,43.848089],[-80.046875,43.84816],[-80.046994,43.848311],[-80.047018,43.848366],[-80.047247,43.848492],[-80.047305,43.84857],[-80.047342,43.848662]]]}},{"type":"Feature","properties":{"k":"path"},"geometry":{"type":"LineString","coordinates":[[-80.0415,43.849185],[-80.041601,43.849196],[-80.041658,43.849193],[-80.041766,43.849153],[-80.04182,43.849116]]}},{"type":"Feature","properties":{"k":"path"},"geometry":{"type":"LineString","coordinates":[[-80.035317,43.844635],[-80.035473,43.844795],[-80.035553,43.844895],[-80.035697,43.845106],[-80.035805,43.845219],[-80.035901,43.8453],[-80.036322,43.845516],[-80.036462,43.845655]]}},{"type":"Feature","properties":{"k":"path"},"geometry":{"type":"LineString","coordinates":[[-80.042243,43.849059],[-80.042079,43.849093],[-80.041739,43.849124],[-80.041573,43.84916],[-80.041419,43.849211]]}},{"type":"Feature","properties":{"k":"path"},"geometry":{"type":"LineString","coordinates":[[-80.042243,43.849059],[-80.042346,43.84902],[-80.042444,43.848971],[-80.04268,43.848835],[-80.042874,43.848691],[-80.042907,43.848651],[-80.042978,43.848474],[-80.043015,43.848429],[-80.043252,43.848256],[-80.043277,43.848219],[-80.043289,43.848166],[-80.043303,43.847658],[-80.043551,43.847679],[-80.043765,43.847712],[-80.043826,43.847731],[-80.043908,43.847782],[-80.044139,43.848087],[-80.044216,43.848178],[-80.044291,43.848246],[-80.044305,43.848307],[-80.0443,43.848371],[-80.044251,43.848467]]}},{"type":"Feature","properties":{"k":"path"},"geometry":{"type":"LineString","coordinates":[[-80.044464,43.848302],[-80.044382,43.848298],[-80.044336,43.848278],[-80.044265,43.848219]]}},{"type":"Feature","properties":{"k":"path"},"geometry":{"type":"LineString","coordinates":[[-80.043281,43.848201],[-80.04342,43.848236],[-80.043546,43.848311]]}},{"type":"Feature","properties":{"k":"path"},"geometry":{"type":"LineString","coordinates":[[-80.043359,43.848216],[-80.043495,43.848383],[-80.043577,43.848438],[-80.043596,43.848466],[-80.043601,43.848496]]}},{"type":"Feature","properties":{"k":"path"},"geometry":{"type":"LineString","coordinates":[[-80.043798,43.847641],[-80.043799,43.84767],[-80.04379,43.847684],[-80.043719,43.847703]]}},{"type":"Feature","properties":{"k":"path"},"geometry":{"type":"LineString","coordinates":[[-80.043299,43.847798],[-80.043351,43.847714],[-80.043404,43.847691],[-80.043501,43.847675]]}},{"type":"Feature","properties":{"k":"path"},"geometry":{"type":"LineString","coordinates":[[-80.037647,43.843765],[-80.037588,43.843708],[-80.037505,43.843666],[-80.037189,43.84354],[-80.036739,43.843327],[-80.036682,43.843287],[-80.036658,43.843263],[-80.036629,43.843206],[-80.036603,43.843067],[-80.036528,43.842942],[-80.036504,43.842825],[-80.036489,43.842802],[-80.03607,43.842552],[-80.035901,43.842405],[-80.035833,43.842366],[-80.035664,43.842289],[-80.035272,43.842072],[-80.035117,43.841948],[-80.034885,43.841858],[-80.034756,43.841786],[-80.034509,43.841563],[-80.034397,43.841514],[-80.034277,43.841482],[-80.034196,43.841439],[-80.03412,43.841385],[-80.03409,43.841374]]}},{"type":"Feature","properties":{"k":"path"},"geometry":{"type":"LineString","coordinates":[[-80.038356,43.844342],[-80.038388,43.844306],[-80.038419,43.844295],[-80.038524,43.844281],[-80.038687,43.844279]]}},{"type":"Feature","properties":{"k":"path"},"geometry":{"type":"LineString","coordinates":[[-80.038624,43.844242],[-80.038579,43.844267],[-80.038533,43.844281]]}},{"type":"Feature","properties":{"k":"path"},"geometry":{"type":"LineString","coordinates":[[-80.038274,43.844276],[-80.038384,43.844293],[-80.038437,43.844291]]}},{"type":"Feature","properties":{"k":"path"},"geometry":{"type":"LineString","coordinates":[[-80.038726,43.845273],[-80.038458,43.844707]]}},{"type":"Feature","properties":{"k":"bunker"},"geometry":{"type":"Polygon","coordinates":[[[-80.038861,43.844472],[-80.03885,43.84442],[-80.038811,43.844399],[-80.038772,43.844397],[-80.038753,43.844421],[-80.038761,43.844454],[-80.038745,43.844513],[-80.038801,43.844533],[-80.038842,43.844528],[-80.038862,43.844508],[-80.038861,43.844472]]]}},{"type":"Feature","properties":{"k":"bunker"},"geometry":{"type":"Polygon","coordinates":[[[-80.034757,43.842463],[-80.034763,43.842482],[-80.034736,43.842479],[-80.03473,43.842494],[-80.034689,43.842464],[-80.034757,43.842463]]]}},{"type":"Feature","properties":{"k":"path"},"geometry":{"type":"LineString","coordinates":[[-80.035369,43.842124],[-80.035041,43.842064],[-80.03488,43.842065]]}},{"type":"Feature","properties":{"k":"path"},"geometry":{"type":"LineString","coordinates":[[-80.034057,43.84178],[-80.034025,43.841761],[-80.033985,43.841715],[-80.03395,43.8416],[-80.033934,43.841578],[-80.033861,43.841539],[-80.033711,43.841519],[-80.03345,43.84151],[-80.033278,43.841491],[-80.033149,43.841465],[-80.032951,43.84141],[-80.03291,43.841382]]}},{"type":"Feature","properties":{"k":"bunker"},"geometry":{"type":"Polygon","coordinates":[[[-80.032119,43.840881],[-80.032048,43.840855],[-80.032072,43.840885],[-80.032061,43.840908],[-80.031999,43.84094],[-80.032022,43.840948],[-80.032046,43.840937],[-80.032078,43.840944],[-80.032119,43.840881]]]}},{"type":"Feature","properties":{"k":"path"},"geometry":{"type":"LineString","coordinates":[[-80.027912,43.840984],[-80.027859,43.840893]]}},{"type":"Feature","properties":{"k":"path"},"geometry":{"type":"LineString","coordinates":[[-80.027949,43.841067],[-80.027907,43.841099],[-80.02792,43.841124],[-80.027965,43.841108]]}},{"type":"Feature","properties":{"k":"bunker"},"geometry":{"type":"Polygon","coordinates":[[[-80.027879,43.840311],[-80.027845,43.8403],[-80.027852,43.840292],[-80.027846,43.840285],[-80.027836,43.840283],[-80.027821,43.840293],[-80.027809,43.840284],[-80.027838,43.84026],[-80.027867,43.840274],[-80.027879,43.840311]]]}},{"type":"Feature","properties":{"k":"path"},"geometry":{"type":"LineString","coordinates":[[-80.028137,43.841204],[-80.028152,43.841322],[-80.02817,43.841354],[-80.028192,43.841374],[-80.028229,43.84139],[-80.028418,43.841431],[-80.028808,43.841489],[-80.028924,43.841542],[-80.028985,43.841597],[-80.029006,43.841634],[-80.029065,43.841814],[-80.02914,43.84189]]}},{"type":"Feature","properties":{"k":"bunker"},"geometry":{"type":"Polygon","coordinates":[[[-80.028244,43.84347],[-80.028247,43.843452],[-80.028259,43.84345],[-80.028274,43.843479],[-80.028299,43.84347],[-80.028273,43.843433],[-80.028226,43.843433],[-80.02823,43.843441],[-80.028218,43.84345],[-80.028244,43.84347]]]}},{"type":"Feature","properties":{"k":"bunker"},"geometry":{"type":"Polygon","coordinates":[[[-80.028436,43.843272],[-80.028376,43.843229],[-80.02838,43.843259],[-80.028366,43.843268],[-80.028375,43.843273],[-80.028401,43.843268],[-80.02843,43.843282],[-80.028436,43.843272]]]}},{"type":"Feature","properties":{"k":"bunker"},"geometry":{"type":"Polygon","coordinates":[[[-80.030801,43.843129],[-80.030758,43.84316],[-80.030763,43.84322],[-80.030801,43.84326],[-80.030843,43.843272],[-80.030842,43.843252],[-80.030819,43.843247],[-80.030786,43.843213],[-80.030788,43.843203],[-80.030826,43.843195],[-80.030801,43.843129]]]}},{"type":"Feature","properties":{"k":"bunker"},"geometry":{"type":"Polygon","coordinates":[[[-80.031852,43.84335],[-80.031841,43.84333],[-80.031859,43.84329],[-80.031967,43.843269],[-80.031973,43.843301],[-80.031948,43.843309],[-80.031932,43.843301],[-80.031902,43.843306],[-80.031881,43.843321],[-80.031882,43.843336],[-80.031852,43.84335]]]}},{"type":"Feature","properties":{"k":"path"},"geometry":{"type":"LineString","coordinates":[[-80.032009,43.843215],[-80.032034,43.843204],[-80.032101,43.843209],[-80.032142,43.84322],[-80.032271,43.843277],[-80.032326,43.843284],[-80.032385,43.843278],[-80.032409,43.843269],[-80.032434,43.84323],[-80.032431,43.843214],[-80.032393,43.84318],[-80.032318,43.843163],[-80.032012,43.843149]]}},{"type":"Feature","properties":{"k":"bunker"},"geometry":{"type":"Polygon","coordinates":[[[-80.029779,43.841645],[-80.029789,43.841608],[-80.029843,43.841556],[-80.029794,43.841529],[-80.029759,43.84153],[-80.029731,43.841561],[-80.029755,43.841575],[-80.029742,43.841585],[-80.029663,43.841591],[-80.029637,43.841586],[-80.029615,43.841555],[-80.029532,43.841526],[-80.029522,43.841542],[-80.029527,43.841553],[-80.029572,43.841563],[-80.029573,43.841572],[-80.029537,43.841594],[-80.02954,43.841624],[-80.029615,43.841636],[-80.029634,43.841646],[-80.029779,43.841645]]]}},{"type":"Feature","properties":{"k":"bunker"},"geometry":{"type":"Polygon","coordinates":[[[-80.029532,43.841526],[-80.029615,43.841555],[-80.029611,43.841535],[-80.029677,43.841535],[-80.029731,43.841561],[-80.029759,43.84153],[-80.029716,43.841479],[-80.029682,43.841479],[-80.029703,43.841497],[-80.029694,43.841508],[-80.029657,43.841496],[-80.029625,43.841501],[-80.029606,43.841497],[-80.029597,43.841473],[-80.029547,43.84148],[-80.029532,43.841526]]]}},{"type":"Feature","properties":{"k":"bunker"},"geometry":{"type":"Polygon","coordinates":[[[-80.029556,43.841474],[-80.029538,43.841435],[-80.029547,43.841426],[-80.029569,43.841426],[-80.029578,43.841392],[-80.029619,43.841374],[-80.029668,43.841371],[-80.029679,43.841378],[-80.029654,43.841411],[-80.02963,43.841402],[-80.029623,43.841408],[-80.029647,43.841429],[-80.029643,43.841459],[-80.029611,43.841445],[-80.029603,43.841448],[-80.029597,43.841473],[-80.029556,43.841474]]]}},{"type":"Feature","properties":{"k":"bunker"},"geometry":{"type":"Polygon","coordinates":[[[-80.029716,43.841479],[-80.029709,43.841418],[-80.029679,43.841378],[-80.029654,43.841411],[-80.029677,43.841421],[-80.029684,43.84144],[-80.029676,43.841445],[-80.029647,43.841429],[-80.029643,43.841459],[-80.029682,43.841479],[-80.029716,43.841479]]]}},{"type":"Feature","properties":{"k":"bunker"},"geometry":{"type":"Polygon","coordinates":[[[-80.036275,43.844357],[-80.036292,43.844337],[-80.036314,43.844342],[-80.036322,43.844328],[-80.036376,43.844314],[-80.036377,43.844349],[-80.036362,43.844368],[-80.036314,43.844378],[-80.036275,43.844357]]]}},{"type":"Feature","properties":{"k":"bunker"},"geometry":{"type":"Polygon","coordinates":[[[-80.036197,43.844197],[-80.036274,43.844156],[-80.036283,43.844145],[-80.036275,43.844109],[-80.036283,43.844095],[-80.036316,43.844095],[-80.036378,43.844139],[-80.036515,43.844101],[-80.036531,43.844115],[-80.036514,43.844128],[-80.036523,43.844168],[-80.036507,43.844211],[-80.03648,43.844235],[-80.036417,43.844255],[-80.036358,43.844228],[-80.036383,43.844223],[-80.036397,43.844208],[-80.03638,43.844192],[-80.036352,43.844182],[-80.036297,43.844179],[-80.036219,43.84421],[-80.036197,43.844197]]]}},{"type":"Feature","properties":{"k":"path"},"geometry":{"type":"LineString","coordinates":[[-80.036462,43.845655],[-80.036513,43.845701],[-80.036572,43.845713],[-80.036644,43.845705],[-80.036863,43.845619],[-80.03689,43.845616],[-80.036954,43.845625],[-80.036999,43.845655],[-80.037024,43.845699],[-80.037065,43.845885],[-80.037048,43.845943],[-80.036982,43.846002],[-80.036865,43.846084],[-80.036791,43.846126]]}},{"type":"Feature","properties":{"k":"path"},"geometry":{"type":"LineString","coordinates":[[-80.036243,43.848031],[-80.036325,43.848004],[-80.036374,43.847927],[-80.036503,43.847808],[-80.036593,43.847758],[-80.036659,43.847738]]}},{"type":"Feature","properties":{"k":"bunker"},"geometry":{"type":"Polygon","coordinates":[[[-80.035849,43.84622],[-80.035868,43.846175],[-80.035909,43.84613],[-80.035959,43.846105],[-80.036067,43.846076],[-80.036108,43.846046],[-80.036105,43.846109],[-80.036026,43.846119],[-80.035994,43.846152],[-80.035985,43.846215],[-80.036001,43.846246],[-80.035849,43.84622]]]}},{"type":"Feature","properties":{"k":"bunker"},"geometry":{"type":"Polygon","coordinates":[[[-80.033132,43.848745],[-80.033152,43.848752],[-80.033165,43.848748],[-80.033163,43.848723],[-80.033151,43.848706],[-80.033137,43.84871],[-80.033151,43.848725],[-80.033129,43.848734],[-80.033132,43.848745]]]}},{"type":"Feature","properties":{"k":"bunker"},"geometry":{"type":"Polygon","coordinates":[[[-80.033162,43.848703],[-80.033199,43.848703],[-80.033238,43.848691],[-80.033255,43.848659],[-80.033201,43.848668],[-80.033191,43.848684],[-80.033166,43.848683],[-80.033162,43.848703]]]}},{"type":"Feature","properties":{"k":"bunker"},"geometry":{"type":"Polygon","coordinates":[[[-80.035465,43.84864],[-80.035448,43.848686],[-80.035465,43.848679],[-80.035483,43.848686],[-80.035488,43.848696],[-80.035479,43.848706],[-80.035513,43.848716],[-80.035526,43.848703],[-80.035568,43.848706],[-80.035543,43.848693],[-80.03554,43.848674],[-80.03551,43.848676],[-80.035493,43.848666],[-80.035509,43.848654],[-80.035465,43.84864]]]}},{"type":"Feature","properties":{"k":"bunker"},"geometry":{"type":"Polygon","coordinates":[[[-80.035877,43.849525],[-80.03598,43.849511],[-80.035977,43.849495],[-80.035993,43.849491],[-80.035939,43.849483],[-80.035947,43.849493],[-80.03594,43.8495],[-80.035912,43.849489],[-80.035878,43.849489],[-80.035877,43.849525]]]}},{"type":"Feature","properties":{"k":"bunker"},"geometry":{"type":"Polygon","coordinates":[[[-80.035791,43.849266],[-80.03582,43.849295],[-80.035839,43.849279],[-80.035867,43.849283],[-80.035872,43.849306],[-80.035862,43.849314],[-80.035892,43.849318],[-80.035896,43.849276],[-80.035875,43.849255],[-80.035836,43.849244],[-80.035817,43.849247],[-80.035791,43.849266]]]}},{"type":"Feature","properties":{"k":"path"},"geometry":{"type":"LineString","coordinates":[[-80.035235,43.849974],[-80.035247,43.849925]]}},{"type":"Feature","properties":{"k":"path"},"geometry":{"type":"LineString","coordinates":[[-80.035247,43.849925],[-80.035171,43.849927]]}},{"type":"Feature","properties":{"k":"path"},"geometry":{"type":"LineString","coordinates":[[-80.03993,43.850817],[-80.039899,43.850844],[-80.039869,43.850855]]}},{"type":"Feature","properties":{"k":"path"},"geometry":{"type":"LineString","coordinates":[[-80.039948,43.850886],[-80.039921,43.850867],[-80.039878,43.850855]]}},{"type":"Feature","properties":{"k":"bunker"},"geometry":{"type":"Polygon","coordinates":[[[-80.037886,43.849854],[-80.037874,43.849825],[-80.037884,43.849795],[-80.037879,43.84978],[-80.037841,43.849764],[-80.037875,43.84975],[-80.037886,43.849763],[-80.037916,43.849762],[-80.037934,43.849745],[-80.037931,43.849735],[-80.038031,43.849706],[-80.038037,43.849758],[-80.038061,43.849796],[-80.038042,43.849803],[-80.03803,43.849784],[-80.038,43.84978],[-80.037976,43.849798],[-80.037982,43.849822],[-80.037955,43.849833],[-80.037939,43.849813],[-80.037904,43.849811],[-80.037898,43.84984],[-80.037886,43.849854]]]}},{"type":"Feature","properties":{"k":"tee"},"geometry":{"type":"Polygon","coordinates":[[[-80.035201,43.848273],[-80.03504,43.848227],[-80.035006,43.848234],[-80.034985,43.848257],[-80.03499,43.848274],[-80.035009,43.848288],[-80.03516,43.848348],[-80.03521,43.84834],[-80.035241,43.848311],[-80.035235,43.848285],[-80.035201,43.848273]]]}},{"type":"Feature","properties":{"k":"bunker"},"geometry":{"type":"Polygon","coordinates":[[[-80.036048,43.848018],[-80.036069,43.84802],[-80.036093,43.847999],[-80.036106,43.847958],[-80.036074,43.847952],[-80.036059,43.847963],[-80.036071,43.847983],[-80.036066,43.847992],[-80.036044,43.847994],[-80.036048,43.848018]]]}},{"type":"Feature","properties":{"k":"path"},"geometry":{"type":"LineString","coordinates":[[-80.03465,43.84802],[-80.034595,43.848029]]}},{"type":"Feature","properties":{"k":"bunker"},"geometry":{"type":"Polygon","coordinates":[[[-80.037916,43.847916],[-80.037963,43.847955],[-80.037983,43.847959],[-80.038039,43.847937],[-80.038013,43.847898],[-80.037975,43.847904],[-80.037962,43.847915],[-80.037942,43.847911],[-80.037916,43.847916]]]}},{"type":"Feature","properties":{"k":"bunker"},"geometry":{"type":"Polygon","coordinates":[[[-80.037792,43.844622],[-80.037825,43.844625],[-80.037857,43.844606],[-80.03786,43.844596],[-80.037841,43.844566],[-80.037795,43.84458],[-80.037793,43.844597],[-80.037771,43.8446],[-80.037792,43.844622]]]}},{"type":"Feature","properties":{"k":"path"},"geometry":{"type":"LineString","coordinates":[[-80.03862,43.847882],[-80.03849,43.847894]]}},{"type":"Feature","properties":{"k":"fairway"},"geometry":{"type":"Polygon","coordinates":[[[-80.043659,43.847832],[-80.043734,43.84792],[-80.043862,43.84796],[-80.043879,43.847979],[-80.04388,43.848002],[-80.04387,43.848021],[-80.043845,43.848036],[-80.043727,43.848069],[-80.043695,43.848085],[-80.043582,43.848176],[-80.043522,43.848186],[-80.043489,43.848176],[-80.043459,43.84814],[-80.043449,43.848058],[-80.043659,43.847832]]]}},{"type":"Feature","properties":{"k":"path"},"geometry":{"type":"LineString","coordinates":[[-80.045613,43.849108],[-80.045599,43.849025],[-80.04556,43.848972],[-80.045239,43.848749],[-80.045098,43.848633],[-80.0449,43.848521],[-80.04475,43.848459],[-80.044536,43.848394],[-80.044444,43.848396],[-80.044388,43.848408],[-80.044338,43.848422],[-80.044283,43.848449]]}},{"type":"Feature","properties":{"k":"path"},"geometry":{"type":"LineString","coordinates":[[-80.044675,43.849585],[-80.044686,43.849515],[-80.044669,43.849423],[-80.044608,43.84935],[-80.044482,43.84911],[-80.044402,43.848988],[-80.044368,43.848896],[-80.044319,43.84882],[-80.044312,43.84873],[-80.044296,43.84868],[-80.044276,43.848654],[-80.044198,43.848591],[-80.044124,43.848549]]}},{"type":"Feature","properties":{"k":"bunker"},"geometry":{"type":"Polygon","coordinates":[[[-80.045787,43.850032],[-80.045786,43.850018],[-80.045774,43.850013],[-80.04573,43.85003],[-80.045738,43.850069],[-80.045734,43.850111],[-80.04572,43.850116],[-80.045684,43.850112],[-80.045663,43.850095],[-80.045621,43.850083],[-80.045611,43.85007],[-80.04562,43.85002],[-80.045609,43.850001],[-80.045597,43.849997],[-80.045555,43.850017],[-80.045535,43.850016],[-80.045493,43.849985],[-80.045485,43.849953],[-80.045524,43.849919],[-80.045583,43.849912],[-80.045729,43.849919],[-80.045777,43.849939],[-80.045841,43.849944],[-80.045868,43.849961],[-80.045874,43.850008],[-80.045944,43.850047],[-80.04596,43.85008],[-80.045956,43.850108],[-80.045944,43.850118],[-80.045914,43.850116],[-80.04589,43.850077],[-80.045865,43.850069],[-80.045845,43.850088],[-80.045877,43.850132],[-80.045877,43.850151],[-80.045848,43.850164],[-80.045812,43.850155],[-80.045787,43.850132],[-80.045783,43.850115],[-80.045787,43.850032]]]}},{"type":"Feature","properties":{"k":"path"},"geometry":{"type":"LineString","coordinates":[[-80.049954,43.853623],[-80.049831,43.853614],[-80.049738,43.853591],[-80.049591,43.853508],[-80.049504,43.853429],[-80.049431,43.85333],[-80.049342,43.853252],[-80.049181,43.853152],[-80.049107,43.853097],[-80.048864,43.852875],[-80.048743,43.852779],[-80.048536,43.852663],[-80.048462,43.85261],[-80.048355,43.852485],[-80.048324,43.852396],[-80.048258,43.852306],[-80.04823,43.85225],[-80.048233,43.852156],[-80.048254,43.852103],[-80.048275,43.852083],[-80.048335,43.852069],[-80.048374,43.852069],[-80.048438,43.852092],[-80.048485,43.852131],[-80.048522,43.852239],[-80.048552,43.852293],[-80.048603,43.852352],[-80.048663,43.852402],[-80.048892,43.85254]]}},{"type":"Feature","properties":{"k":"path"},"geometry":{"type":"LineString","coordinates":[[-80.047494,43.851704],[-80.047603,43.851731],[-80.04763,43.851747],[-80.047773,43.851868],[-80.047989,43.852012],[-80.048059,43.852035],[-80.048305,43.852074]]}},{"type":"Feature","properties":{"k":"path"},"geometry":{"type":"LineString","coordinates":[[-80.048238,43.852137],[-80.048234,43.852066]]}},{"type":"Feature","properties":{"k":"bunker"},"geometry":{"type":"Polygon","coordinates":[[[-80.048157,43.851674],[-80.04804,43.851658],[-80.047983,43.851667],[-80.04792,43.851702],[-80.0479,43.851729],[-80.047896,43.85175],[-80.047916,43.851796],[-80.047944,43.851797],[-80.047985,43.851817],[-80.048019,43.851809],[-80.048036,43.851817],[-80.048074,43.851865],[-80.048127,43.851886],[-80.048178,43.851923],[-80.048197,43.851923],[-80.048221,43.851883],[-80.048248,43.85187],[-80.048239,43.851847],[-80.048272,43.851834],[-80.04828,43.851821],[-80.048274,43.851805],[-80.048218,43.851776],[-80.048143,43.851788],[-80.048124,43.851782],[-80.048123,43.851768],[-80.048145,43.851762],[-80.04816,43.851735],[-80.048205,43.851713],[-80.048157,43.851674]]]}},{"type":"Feature","properties":{"k":"bunker"},"geometry":{"type":"Polygon","coordinates":[[[-80.051105,43.854149],[-80.051044,43.854137],[-80.051008,43.854142],[-80.050953,43.854172],[-80.050925,43.854211],[-80.050934,43.854256],[-80.050954,43.854278],[-80.051036,43.854319],[-80.05109,43.854317],[-80.051099,43.854304],[-80.051171,43.854287],[-80.051188,43.854265],[-80.051177,43.854228],[-80.051117,43.854212],[-80.051107,43.854196],[-80.051117,43.854166],[-80.051105,43.854149]]]}},{"type":"Feature","properties":{"k":"bunker"},"geometry":{"type":"Polygon","coordinates":[[[-80.051,43.854058],[-80.050979,43.854038],[-80.050942,43.854041],[-80.050906,43.854056],[-80.050888,43.854051],[-80.050874,43.854028],[-80.050908,43.854003],[-80.050908,43.853992],[-80.050893,43.853978],[-80.050837,43.853972],[-80.050812,43.853978],[-80.050795,43.853998],[-80.050803,43.854037],[-80.050908,43.854127],[-80.050928,43.854129],[-80.05099,43.854094],[-80.051002,43.854078],[-80.051,43.854058]]]}},{"type":"Feature","properties":{"k":"bunker"},"geometry":{"type":"Polygon","coordinates":[[[-80.050694,43.853953],[-80.050638,43.853965],[-80.050617,43.853982],[-80.050584,43.85403],[-80.050577,43.854084],[-80.050651,43.854198],[-80.050692,43.854238],[-80.050731,43.854257],[-80.050754,43.854257],[-80.050782,43.854231],[-80.050754,43.854203],[-80.05076,43.854187],[-80.050777,43.854181],[-80.05082,43.854193],[-80.050854,43.854158],[-80.050859,43.854142],[-80.050842,43.854128],[-80.05074,43.854091],[-80.050738,43.853972],[-80.050723,43.85396],[-80.050694,43.853953]]]}},{"type":"Feature","properties":{"k":"green"},"geometry":{"type":"Polygon","coordinates":[[[-80.05282,43.855246],[-80.052769,43.855213],[-80.052701,43.855194],[-80.052633,43.855198],[-80.052575,43.855232],[-80.052544,43.855278],[-80.052536,43.855351],[-80.052553,43.855396],[-80.052618,43.855448],[-80.052669,43.855467],[-80.052732,43.855476],[-80.052774,43.855461],[-80.05281,43.855434],[-80.052838,43.855391],[-80.052854,43.855346],[-80.052849,43.85529],[-80.05282,43.855246]]]}},{"type":"Feature","properties":{"k":"path"},"geometry":{"type":"LineString","coordinates":[[-80.052565,43.854982],[-80.052611,43.855014],[-80.052678,43.85503],[-80.052843,43.855007],[-80.05295,43.855018],[-80.052992,43.855035],[-80.053036,43.855079],[-80.053046,43.855107],[-80.053044,43.855182],[-80.053065,43.855198],[-80.053101,43.855202],[-80.053156,43.855196],[-80.053294,43.855157],[-80.05341,43.855243]]}},{"type":"Feature","properties":{"k":"path"},"geometry":{"type":"LineString","coordinates":[[-80.051992,43.854493],[-80.052029,43.854497],[-80.052103,43.854522],[-80.052395,43.854695],[-80.052461,43.854726],[-80.052544,43.854746],[-80.05277,43.854782],[-80.053122,43.854904],[-80.053278,43.854949],[-80.053318,43.854979],[-80.053344,43.85502],[-80.053346,43.855043],[-80.053324,43.855124],[-80.053324,43.855176]]}},{"type":"Feature","properties":{"k":"path"},"geometry":{"type":"LineString","coordinates":[[-80.053294,43.855157],[-80.053324,43.855131]]}},{"type":"Feature","properties":{"k":"bunker"},"geometry":{"type":"Polygon","coordinates":[[[-80.052535,43.855431],[-80.052504,43.855403],[-80.052495,43.855381],[-80.052508,43.855313],[-80.052492,43.855269],[-80.052456,43.855244],[-80.052406,43.855238],[-80.052378,43.855243],[-80.05232,43.855289],[-80.052307,43.855316],[-80.052296,43.855376],[-80.05231,43.855423],[-80.052324,43.855442],[-80.052425,43.855495],[-80.052509,43.855514],[-80.05255,43.855505],[-80.052571,43.855479],[-80.05256,43.855448],[-80.052535,43.855431]]]}},{"type":"Feature","properties":{"k":"path"},"geometry":{"type":"LineString","coordinates":[[-80.053558,43.855284],[-80.053652,43.855334],[-80.053663,43.855363],[-80.053626,43.855491],[-80.053656,43.855635],[-80.053692,43.855682],[-80.053802,43.855738],[-80.053983,43.855776],[-80.054337,43.85597],[-80.054595,43.856093],[-80.054659,43.85615],[-80.054677,43.856177],[-80.054738,43.856365]]}},{"type":"Feature","properties":{"k":"bunker"},"geometry":{"type":"Polygon","coordinates":[[[-80.057055,43.857274],[-80.056991,43.857264],[-80.056929,43.857309],[-80.056914,43.857312],[-80.056898,43.857308],[-80.056942,43.857263],[-80.056936,43.857234],[-80.056878,43.857213],[-80.056813,43.857217],[-80.056792,43.857231],[-80.056777,43.857287],[-80.0568,43.857366],[-80.056844,43.857399],[-80.056867,43.857406],[-80.056919,43.857393],[-80.056943,43.857413],[-80.057002,43.857432],[-80.057062,43.85743],[-80.057081,43.857423],[-80.057096,43.857413],[-80.057094,43.85735],[-80.05704,43.85735],[-80.057048,43.857324],[-80.057081,43.857321],[-80.05708,43.857295],[-80.057055,43.857274]]]}},{"type":"Feature","properties":{"k":"bunker"},"geometry":{"type":"Polygon","coordinates":[[[-80.057392,43.857414],[-80.057214,43.857413],[-80.05715,43.857399],[-80.057138,43.857384],[-80.057129,43.857309],[-80.057152,43.857275],[-80.057176,43.857266],[-80.057206,43.857265],[-80.057292,43.857274],[-80.057295,43.857298],[-80.057272,43.857324],[-80.057272,43.857337],[-80.057289,43.85734],[-80.057352,43.857307],[-80.057379,43.857301],[-80.057422,43.857302],[-80.057441,43.857311],[-80.057445,43.857348],[-80.057435,43.857371],[-80.057392,43.857414]]]}},{"type":"Feature","properties":{"k":"bunker"},"geometry":{"type":"Polygon","coordinates":[[[-80.057593,43.85747],[-80.05748,43.857421],[-80.057471,43.857375],[-80.057485,43.857345],[-80.057524,43.857337],[-80.057602,43.857357],[-80.057631,43.85737],[-80.057592,43.857402],[-80.057688,43.857416],[-80.057694,43.857451],[-80.057667,43.857478],[-80.057647,43.857484],[-80.057593,43.85747]]]}},{"type":"Feature","properties":{"k":"path"},"geometry":{"type":"LineString","coordinates":[[-80.056567,43.857465],[-80.056621,43.857444],[-80.056679,43.857433],[-80.056983,43.857477],[-80.05723,43.857467],[-80.057323,43.857469],[-80.057439,43.857488],[-80.057685,43.857554],[-80.057758,43.857559],[-80.057864,43.857543],[-80.057921,43.857509],[-80.058017,43.857419],[-80.058078,43.857345],[-80.058099,43.857293],[-80.058099,43.857111],[-80.058071,43.856988],[-80.058075,43.856941],[-80.0581,43.856895],[-80.058087,43.856886],[-80.05807,43.856888],[-80.05806,43.856901],[-80.058071,43.856931]]}},{"type":"Feature","properties":{"k":"path"},"geometry":{"type":"LineString","coordinates":[[-80.057875,43.857005],[-80.058078,43.85709],[-80.05815,43.857131],[-80.058194,43.857166],[-80.058232,43.857222],[-80.058234,43.857264],[-80.058209,43.857367],[-80.058231,43.857436],[-80.058292,43.857482],[-80.058401,43.857511],[-80.058458,43.857545],[-80.058522,43.857624],[-80.058698,43.85775],[-80.058717,43.85777],[-80.058745,43.857855],[-80.058761,43.857876],[-80.058788,43.857888],[-80.059173,43.857933],[-80.059297,43.857926],[-80.0596,43.857849],[-80.059634,43.857834],[-80.059739,43.857729],[-80.059937,43.85764]]}},{"type":"Feature","properties":{"k":"path"},"geometry":{"type":"LineString","coordinates":[[-80.059937,43.85764],[-80.059876,43.857611],[-80.059849,43.857582],[-80.059828,43.857556],[-80.059816,43.85749],[-80.059835,43.857438],[-80.059964,43.857328],[-80.059974,43.857306],[-80.05995,43.857117],[-80.059929,43.857062],[-80.059819,43.856876],[-80.059739,43.856618],[-80.059609,43.856485],[-80.059527,43.856417],[-80.05943,43.856352],[-80.059282,43.856308],[-80.059211,43.856252],[-80.059173,43.856209]]}},{"type":"Feature","properties":{"k":"bunker"},"geometry":{"type":"Polygon","coordinates":[[[-80.059224,43.857393],[-80.059199,43.857356],[-80.059181,43.857345],[-80.059129,43.857336],[-80.059074,43.85734],[-80.059053,43.857351],[-80.05902,43.857386],[-80.058885,43.857422],[-80.058867,43.857446],[-80.058866,43.857477],[-80.058886,43.8575],[-80.058919,43.857515],[-80.058963,43.857555],[-80.059006,43.857558],[-80.059041,43.857552],[-80.059053,43.857543],[-80.05905,43.8575],[-80.059036,43.857476],[-80.059043,43.857469],[-80.059122,43.857484],[-80.059103,43.857531],[-80.059116,43.857543],[-80.059156,43.857559],[-80.05918,43.857563],[-80.059209,43.857548],[-80.059215,43.857536],[-80.059208,43.857505],[-80.059219,43.857497],[-80.05924,43.857499],[-80.059266,43.857519],[-80.059278,43.857553],[-80.059341,43.857569],[-80.059381,43.857569],[-80.059424,43.857527],[-80.059423,43.857499],[-80.059388,43.857477],[-80.059259,43.857439],[-80.059237,43.857423],[-80.059224,43.857393]]]}},{"type":"Feature","properties":{"k":"bunker"},"geometry":{"type":"Polygon","coordinates":[[[-80.057928,43.855931],[-80.058037,43.855918],[-80.058136,43.855894],[-80.058152,43.855859],[-80.058137,43.855824],[-80.058116,43.855814],[-80.058066,43.855809],[-80.058031,43.855829],[-80.05801,43.855855],[-80.057987,43.855859],[-80.057973,43.855847],[-80.057986,43.855793],[-80.057959,43.855763],[-80.057934,43.855752],[-80.057879,43.855745],[-80.0578,43.855753],[-80.057795,43.855772],[-80.057742,43.855763],[-80.057719,43.855766],[-80.0577,43.855792],[-80.057731,43.855844],[-80.057774,43.85586],[-80.057837,43.855863],[-80.05786,43.855924],[-80.057876,43.855931],[-80.057928,43.855931]]]}},{"type":"Feature","properties":{"k":"bunker"},"geometry":{"type":"Polygon","coordinates":[[[-80.057852,43.855129],[-80.057844,43.855076],[-80.057811,43.855054],[-80.057785,43.855049],[-80.057746,43.855048],[-80.057738,43.855055],[-80.057734,43.855063],[-80.057749,43.855083],[-80.057722,43.855091],[-80.057739,43.855112],[-80.057736,43.855122],[-80.057697,43.855117],[-80.057683,43.855108],[-80.057695,43.855079],[-80.057666,43.855044],[-80.05762,43.855053],[-80.057592,43.855084],[-80.057553,43.855092],[-80.057557,43.855114],[-80.057569,43.855123],[-80.057671,43.85514],[-80.057728,43.855186],[-80.057769,43.855199],[-80.057811,43.855198],[-80.057831,43.85519],[-80.057853,43.855161],[-80.057852,43.855129]]]}},{"type":"Feature","properties":{"k":"bunker"},"geometry":{"type":"Polygon","coordinates":[[[-80.05755,43.85506],[-80.057606,43.855019],[-80.057608,43.855006],[-80.057584,43.854969],[-80.05753,43.854975],[-80.057501,43.85497],[-80.057505,43.854996],[-80.057496,43.855001],[-80.057476,43.854987],[-80.057453,43.854985],[-80.057442,43.855005],[-80.057406,43.85501],[-80.057412,43.855048],[-80.05746,43.855079],[-80.057524,43.855078],[-80.05755,43.85506]]]}},{"type":"Feature","properties":{"k":"bunker"},"geometry":{"type":"Polygon","coordinates":[[[-80.056413,43.854739],[-80.056385,43.854793],[-80.056333,43.854809],[-80.05626,43.854805],[-80.056203,43.854789],[-80.056116,43.854736],[-80.056109,43.854722],[-80.056126,43.854721],[-80.056129,43.854712],[-80.056098,43.854696],[-80.056104,43.854686],[-80.056137,43.854675],[-80.056242,43.854679],[-80.056238,43.854735],[-80.056279,43.854751],[-80.056287,43.854746],[-80.056283,43.854726],[-80.056297,43.854724],[-80.056304,43.854715],[-80.056279,43.854702],[-80.056288,43.854679],[-80.056323,43.854669],[-80.056346,43.854671],[-80.056409,43.854707],[-80.056413,43.854739]]]}},{"type":"Feature","properties":{"k":"path"},"geometry":{"type":"LineString","coordinates":[[-80.056373,43.855007],[-80.056065,43.854829],[-80.055912,43.854714],[-80.055857,43.854652],[-80.055754,43.854473],[-80.055715,43.854444],[-80.055627,43.85441],[-80.055402,43.854357],[-80.055302,43.854318],[-80.055077,43.854183],[-80.05502,43.85412],[-80.05486,43.854033]]}},{"type":"Feature","properties":{"k":"path"},"geometry":{"type":"LineString","coordinates":[[-80.055109,43.854121],[-80.054853,43.854294],[-80.054823,43.854312],[-80.054777,43.854322],[-80.054738,43.854316],[-80.054527,43.854184],[-80.054449,43.854146],[-80.054385,43.854138],[-80.054356,43.854144],[-80.054321,43.854162],[-80.054245,43.854221],[-80.054048,43.854393],[-80.053937,43.854476],[-80.053903,43.854493],[-80.053796,43.854516],[-80.053635,43.85453],[-80.053531,43.854509],[-80.053489,43.854491],[-80.053373,43.854382],[-80.053159,43.85415]]}},{"type":"Feature","properties":{"k":"path"},"geometry":{"type":"LineString","coordinates":[[-80.054803,43.854317],[-80.054775,43.85435],[-80.054775,43.854371],[-80.054804,43.854409],[-80.054863,43.854443],[-80.05514,43.854543],[-80.055452,43.854732],[-80.055566,43.854846],[-80.055819,43.855021],[-80.056052,43.855284],[-80.056136,43.855321],[-80.056287,43.855339]]}},{"type":"Feature","properties":{"k":"bunker"},"geometry":{"type":"Polygon","coordinates":[[[-80.056429,43.855842],[-80.056373,43.855824],[-80.056337,43.855822],[-80.056305,43.855824],[-80.056279,43.855834],[-80.056255,43.855849],[-80.056213,43.855895],[-80.056207,43.855936],[-80.056223,43.855958],[-80.056249,43.855988],[-80.056271,43.856001],[-80.056301,43.856004],[-80.056297,43.855982],[-80.056322,43.85598],[-80.056321,43.855947],[-80.05633,43.855943],[-80.056368,43.85595],[-80.05636,43.856016],[-80.056384,43.856036],[-80.056429,43.856034],[-80.056467,43.856016],[-80.056472,43.855993],[-80.056449,43.855978],[-80.056465,43.855963],[-80.05649,43.855967],[-80.0565,43.855979],[-80.056517,43.856024],[-80.056554,43.85602],[-80.056583,43.855994],[-80.056567,43.855973],[-80.056576,43.855948],[-80.056561,43.855914],[-80.056491,43.855869],[-80.056473,43.855883],[-80.056444,43.855881],[-80.056443,43.855871],[-80.056456,43.855864],[-80.056429,43.855842]]]}},{"type":"Feature","properties":{"k":"bunker"},"geometry":{"type":"Polygon","coordinates":[[[-80.057451,43.856085],[-80.057432,43.856063],[-80.057343,43.856043],[-80.057316,43.856023],[-80.057328,43.856003],[-80.057366,43.85601],[-80.057393,43.856001],[-80.057395,43.855978],[-80.057384,43.855966],[-80.057335,43.855943],[-80.057305,43.855938],[-80.057274,43.855937],[-80.05725,43.855946],[-80.057233,43.855962],[-80.057233,43.856034],[-80.057281,43.856128],[-80.0573,43.856136],[-80.057344,43.856138],[-80.057358,43.856108],[-80.057373,43.856111],[-80.057382,43.85612],[-80.057382,43.856153],[-80.057391,43.856162],[-80.057438,43.85617],[-80.057471,43.856153],[-80.057455,43.856125],[-80.057451,43.856085]]]}},{"type":"Feature","properties":{"k":"path"},"geometry":{"type":"LineString","coordinates":[[-80.057338,43.855899],[-80.057404,43.855929],[-80.057484,43.855989],[-80.057585,43.856133],[-80.057621,43.856216],[-80.057714,43.856315],[-80.057868,43.856573],[-80.057854,43.856648],[-80.057838,43.856682],[-80.057814,43.856703],[-80.057719,43.856732],[-80.05758,43.85676],[-80.057424,43.856774],[-80.057352,43.85677],[-80.057298,43.856752],[-80.057173,43.856654],[-80.057098,43.856621],[-80.057037,43.856611],[-80.056837,43.856605],[-80.056737,43.856576],[-80.056615,43.85648],[-80.056449,43.856366],[-80.056336,43.856271],[-80.056253,43.856225],[-80.056113,43.856167],[-80.056046,43.85615],[-80.055982,43.856157],[-80.055867,43.856189],[-80.055793,43.856186],[-80.055679,43.856159],[-80.055396,43.856036],[-80.055147,43.855865],[-80.055014,43.855719],[-80.054951,43.855635],[-80.0549,43.855589],[-80.054828,43.855547],[-80.054749,43.855523],[-80.054373,43.855475],[-80.054296,43.855456],[-80.054214,43.855421],[-80.054162,43.855366],[-80.054047,43.855148],[-80.054004,43.855122],[-80.053961,43.855118],[-80.053941,43.855124],[-80.05373,43.855307],[-80.053708,43.855319],[-80.053644,43.85533]]}},{"type":"Feature","properties":{"k":"bunker"},"geometry":{"type":"Polygon","coordinates":[[[-80.05761,43.856383],[-80.05761,43.856368],[-80.057579,43.856345],[-80.057537,43.856355],[-80.057507,43.856347],[-80.057517,43.856317],[-80.057495,43.856305],[-80.057362,43.856292],[-80.057308,43.856305],[-80.057298,43.856321],[-80.057293,43.85634],[-80.057323,43.856379],[-80.057344,43.856395],[-80.057404,43.856415],[-80.057429,43.856412],[-80.057439,43.856403],[-80.057442,43.856386],[-80.057429,43.856364],[-80.057441,43.85636],[-80.05748,43.85637],[-80.057501,43.856408],[-80.057516,43.856422],[-80.057544,43.856432],[-80.057575,43.856432],[-80.057608,43.856419],[-80.05761,43.856383]]]}},{"type":"Feature","properties":{"k":"path"},"geometry":{"type":"LineString","coordinates":[[-80.057352,43.85677],[-80.05738,43.856814],[-80.057433,43.856864],[-80.057539,43.85694],[-80.057611,43.85697],[-80.057695,43.856987],[-80.057875,43.857005]]}},{"type":"Feature","properties":{"k":"bunker"},"geometry":{"type":"Polygon","coordinates":[[[-80.054541,43.855219],[-80.054477,43.855214],[-80.05433,43.855238],[-80.054316,43.855233],[-80.054306,43.855212],[-80.054311,43.8552],[-80.054356,43.855177],[-80.054398,43.855195],[-80.054433,43.855187],[-80.054429,43.855145],[-80.054469,43.855129],[-80.054498,43.855143],[-80.05452,43.855133],[-80.054547,43.855138],[-80.054553,43.855162],[-80.054581,43.855197],[-80.05458,43.855209],[-80.054565,43.855217],[-80.054541,43.855219]]]}},{"type":"Feature","properties":{"k":"bunker"},"geometry":{"type":"Polygon","coordinates":[[[-80.054741,43.854906],[-80.054723,43.854871],[-80.054688,43.854858],[-80.054672,43.85486],[-80.05466,43.854888],[-80.054617,43.854899],[-80.054616,43.854875],[-80.054565,43.854866],[-80.054551,43.854852],[-80.054534,43.854812],[-80.054438,43.854829],[-80.054419,43.854852],[-80.054419,43.854877],[-80.054435,43.854891],[-80.05457,43.854923],[-80.054671,43.854962],[-80.054695,43.854963],[-80.054731,43.854951],[-80.054745,43.854922],[-80.054741,43.854906]]]}},{"type":"Feature","properties":{"k":"bunker"},"geometry":{"type":"Polygon","coordinates":[[[-80.054346,43.85486],[-80.054359,43.854831],[-80.054355,43.85481],[-80.054276,43.854807],[-80.054258,43.854822],[-80.054273,43.854831],[-80.054267,43.854836],[-80.054242,43.854836],[-80.054232,43.85485],[-80.054228,43.854877],[-80.05424,43.854889],[-80.054278,43.854899],[-80.054329,43.854883],[-80.054346,43.85486]]]}},{"type":"Feature","properties":{"k":"fairway"},"geometry":{"type":"Polygon","coordinates":[[[-80.054406,43.855107],[-80.05448,43.855098],[-80.054536,43.8551],[-80.054649,43.855174],[-80.054718,43.855196],[-80.054794,43.855199],[-80.054903,43.855185],[-80.054963,43.855163],[-80.055008,43.855122],[-80.05502,43.855078],[-80.055013,43.855044],[-80.05499,43.855013],[-80.054934,43.854983],[-80.054878,43.854965],[-80.054816,43.854962],[-80.054712,43.854991],[-80.05465,43.854998],[-80.054623,43.854993],[-80.05448,43.854934],[-80.054415,43.854926],[-80.054351,43.854931],[-80.054419,43.854932],[-80.054495,43.854948],[-80.054559,43.85498],[-80.054587,43.855018],[-80.054585,43.855052],[-80.054557,43.855074],[-80.054406,43.855107]]]}},{"type":"Feature","properties":{"k":"bunker"},"geometry":{"type":"Polygon","coordinates":[[[-80.052072,43.853909],[-80.052061,43.853867],[-80.052044,43.85385],[-80.051958,43.853797],[-80.051931,43.853789],[-80.051886,43.853797],[-80.051862,43.853825],[-80.051872,43.853858],[-80.051892,43.853868],[-80.051965,43.853868],[-80.051984,43.853887],[-80.051976,43.853893],[-80.051942,43.853884],[-80.051929,43.85391],[-80.05186,43.853895],[-80.051844,43.853907],[-80.05185,43.853939],[-80.051906,43.853965],[-80.051898,43.853975],[-80.051882,43.853978],[-80.051839,43.85396],[-80.051796,43.853961],[-80.051787,43.853991],[-80.051805,43.854025],[-80.051868,43.854062],[-80.051921,43.854062],[-80.051949,43.854051],[-80.052032,43.853986],[-80.052061,43.853946],[-80.052072,43.853909]]]}},{"type":"Feature","properties":{"k":"bunker"},"geometry":{"type":"Polygon","coordinates":[[[-80.049268,43.852167],[-80.049172,43.852083],[-80.04912,43.852053],[-80.049096,43.852046],[-80.049075,43.852059],[-80.049059,43.85206],[-80.049037,43.852016],[-80.048979,43.851964],[-80.048938,43.851973],[-80.048917,43.851966],[-80.048895,43.85197],[-80.048879,43.851982],[-80.048874,43.852004],[-80.048881,43.852016],[-80.048923,43.852034],[-80.049003,43.852087],[-80.049041,43.852133],[-80.049123,43.852163],[-80.049118,43.85217],[-80.049062,43.852187],[-80.049069,43.852218],[-80.04911,43.852252],[-80.049155,43.852268],[-80.04921,43.852269],[-80.049236,43.852258],[-80.049272,43.852227],[-80.049278,43.852191],[-80.049268,43.852167]]]}},{"type":"Feature","properties":{"k":"path"},"geometry":{"type":"LineString","coordinates":[[-80.048258,43.852306],[-80.048194,43.852264],[-80.047797,43.852144],[-80.047353,43.852024],[-80.047202,43.851968],[-80.04715,43.851941],[-80.046998,43.851815],[-80.046797,43.851727],[-80.046705,43.851637],[-80.04664,43.851592],[-80.046396,43.851524],[-80.04626,43.851471],[-80.046115,43.851366],[-80.045782,43.851192],[-80.045602,43.851065],[-80.045506,43.851021],[-80.045331,43.850964],[-80.045266,43.850931],[-80.045142,43.850849],[-80.045096,43.850805],[-80.045093,43.850727],[-80.045109,43.850608],[-80.045095,43.850545],[-80.045052,43.850512],[-80.044991,43.850484],[-80.044848,43.85044],[-80.044783,43.850403],[-80.04475,43.850354],[-80.04472,43.850203],[-80.044689,43.850149],[-80.04465,43.850119],[-80.044594,43.850095],[-80.044352,43.850034],[-80.044288,43.850008],[-80.0442,43.84995],[-80.044159,43.8499]]}},{"type":"Feature","properties":{"k":"rough"},"geometry":{"type":"Polygon","coordinates":[[[-80.046548,43.851432],[-80.046444,43.851303],[-80.046414,43.851277],[-80.046275,43.851215],[-80.046208,43.851152],[-80.046122,43.851101],[-80.046069,43.851045],[-80.045976,43.851002],[-80.045826,43.850962],[-80.045723,43.850913],[-80.04555,43.850822],[-80.045419,43.850732],[-80.045387,43.850694],[-80.045352,43.850594],[-80.045329,43.850568],[-80.045288,43.85055],[-80.045207,43.85055],[-80.045166,43.850565],[-80.045113,43.850739],[-80.045122,43.850778],[-80.045141,43.850805],[-80.045223,43.850838],[-80.045242,43.850866],[-80.045304,43.850921],[-80.045615,43.85103],[-80.045683,43.851083],[-80.045761,43.851119],[-80.045821,43.851188],[-80.046042,43.851304],[-80.046111,43.851327],[-80.046254,43.851393],[-80.046306,43.851437],[-80.046331,43.851483],[-80.046457,43.851516],[-80.046551,43.851533],[-80.046571,43.85148],[-80.046548,43.851432]]]}},{"type":"Feature","properties":{"k":"rough"},"geometry":{"type":"Polygon","coordinates":[[[-80.047411,43.851072],[-80.047461,43.851092],[-80.047565,43.851098],[-80.047614,43.851077],[-80.047618,43.851028],[-80.047536,43.850955],[-80.047349,43.850865],[-80.047217,43.850836],[-80.047097,43.8508],[-80.047057,43.850751],[-80.047036,43.850657],[-80.047002,43.850583],[-80.046934,43.850529],[-80.046711,43.850429],[-80.04664,43.850374],[-80.046596,43.850316],[-80.046574,43.850246],[-80.046573,43.850189],[-80.04655,43.850141],[-80.046497,43.850127],[-80.04636,43.850135],[-80.046303,43.850121],[-80.04623,43.850087],[-80.046157,43.850005],[-80.046121,43.849979],[-80.046126,43.850017],[-80.046118,43.850047],[-80.046098,43.85006],[-80.046041,43.850073],[-80.046028,43.850117],[-80.046057,43.850161],[-80.046125,43.85023],[-80.046262,43.850354],[-80.046449,43.8505],[-80.046627,43.850615],[-80.046731,43.850718],[-80.046793,43.850761],[-80.047411,43.851072]]]}},{"type":"Feature","properties":{"k":"rough"},"geometry":{"type":"Polygon","coordinates":[[[-80.044288,43.850044],[-80.044269,43.850062],[-80.044197,43.850082],[-80.04412,43.850093],[-80.044082,43.85011],[-80.043988,43.850122],[-80.043941,43.850114],[-80.043941,43.850099],[-80.043981,43.850056],[-80.044134,43.849985],[-80.044214,43.849987],[-80.044268,43.850019],[-80.044288,43.850044]]]}},{"type":"Feature","properties":{"k":"rough"},"geometry":{"type":"Polygon","coordinates":[[[-80.044774,43.850064],[-80.044701,43.84995],[-80.044649,43.8499],[-80.044609,43.849884],[-80.044563,43.849879],[-80.044493,43.849884],[-80.04445,43.849897],[-80.04441,43.849921],[-80.04439,43.849944],[-80.044394,43.850007],[-80.044437,43.850034],[-80.044613,43.850071],[-80.044661,43.850092],[-80.044714,43.850133],[-80.044745,43.850146],[-80.044777,43.850141],[-80.044795,43.850124],[-80.044774,43.850064]]]}},{"type":"Feature","properties":{"k":"rough"},"geometry":{"type":"Polygon","coordinates":[[[-80.0448,43.851263],[-80.044563,43.851116],[-80.044465,43.851045],[-80.044407,43.85095],[-80.044194,43.850908],[-80.043894,43.85087],[-80.043801,43.850872],[-80.043815,43.850927],[-80.043837,43.850962],[-80.043886,43.851002],[-80.044177,43.851137],[-80.044398,43.851329],[-80.044512,43.851386],[-80.044717,43.851471],[-80.04474,43.851446],[-80.044811,43.851443],[-80.044838,43.851415],[-80.044854,43.851344],[-80.044839,43.851304],[-80.0448,43.851263]]]}},{"type":"Feature","properties":{"k":"bunker"},"geometry":{"type":"Polygon","coordinates":[[[-80.044624,43.850776],[-80.044595,43.85072],[-80.044534,43.850683],[-80.044511,43.850681],[-80.044472,43.850701],[-80.044451,43.850724],[-80.044435,43.850778],[-80.044437,43.850803],[-80.044459,43.850842],[-80.044481,43.850858],[-80.044535,43.850872],[-80.044583,43.85087],[-80.044618,43.850848],[-80.044628,43.850801],[-80.044624,43.850776]]]}},{"type":"Feature","properties":{"k":"rough"},"geometry":{"type":"Polygon","coordinates":[[[-80.04883,43.852663],[-80.048758,43.852617],[-80.048703,43.852561],[-80.048671,43.852491],[-80.048652,43.852479],[-80.048615,43.852471],[-80.048544,43.852476],[-80.048529,43.852492],[-80.048524,43.852516],[-80.048539,43.852539],[-80.048648,43.852633],[-80.048679,43.852677],[-80.048737,43.85272],[-80.048773,43.852731],[-80.048828,43.852737],[-80.048852,43.852731],[-80.04887,43.852713],[-80.04887,43.852688],[-80.04883,43.852663]]]}},{"type":"Feature","properties":{"k":"rough"},"geometry":{"type":"Polygon","coordinates":[[[-80.04854,43.852345],[-80.04853,43.852314],[-80.048499,43.852272],[-80.048463,43.852158],[-80.048444,43.852139],[-80.048421,43.85213],[-80.048368,43.852131],[-80.048342,43.852171],[-80.048348,43.852236],[-80.048358,43.852289],[-80.048377,43.852325],[-80.048391,43.852418],[-80.048415,43.852441],[-80.048495,43.852452],[-80.048523,43.852442],[-80.048557,43.852397],[-80.04854,43.852345]]]}},{"type":"Feature","properties":{"k":"rough"},"geometry":{"type":"Polygon","coordinates":[[[-80.048321,43.852472],[-80.048306,43.85242],[-80.048292,43.852408],[-80.048247,43.85241],[-80.048193,43.852446],[-80.048179,43.852495],[-80.048188,43.852537],[-80.048229,43.852562],[-80.048251,43.852563],[-80.048276,43.85255],[-80.048293,43.85253],[-80.048321,43.852472]]]}},{"type":"Feature","properties":{"k":"rough"},"geometry":{"type":"Polygon","coordinates":[[[-80.048124,43.852492],[-80.047973,43.852443],[-80.047818,43.852412],[-80.047747,43.852419],[-80.047724,43.852448],[-80.047725,43.852468],[-80.04777,43.852496],[-80.047805,43.852506],[-80.047903,43.852515],[-80.047958,43.852533],[-80.048021,43.852537],[-80.048061,43.852549],[-80.048119,43.852545],[-80.048134,43.852536],[-80.048139,43.852517],[-80.048124,43.852492]]]}},{"type":"Feature","properties":{"k":"path"},"geometry":{"type":"LineString","coordinates":[[-80.046975,43.850284],[-80.047056,43.850327],[-80.047089,43.850352],[-80.047147,43.850414],[-80.047282,43.850597],[-80.047429,43.850747],[-80.047686,43.850929],[-80.047763,43.850968],[-80.047866,43.850985],[-80.048088,43.850961],[-80.048133,43.850962],[-80.048188,43.85097],[-80.048255,43.85099],[-80.048476,43.851108],[-80.048806,43.851306],[-80.049092,43.85143],[-80.04916,43.851456],[-80.049215,43.851468],[-80.04931,43.851465],[-80.049346,43.851448],[-80.049521,43.8513],[-80.04958,43.851291],[-80.049657,43.851296],[-80.049877,43.85133],[-80.050042,43.851382],[-80.050189,43.851457],[-80.050252,43.851501],[-80.05039,43.851642],[-80.050453,43.851666],[-80.050781,43.851742],[-80.050819,43.851761],[-80.050862,43.851788],[-80.050881,43.85181],[-80.05092,43.851903],[-80.050975,43.851972],[-80.051167,43.852117],[-80.051198,43.852149],[-80.051203,43.852186],[-80.051188,43.852208],[-80.051124,43.852261],[-80.051097,43.852294],[-80.051101,43.852337],[-80.051237,43.852485],[-80.05144,43.852669],[-80.051741,43.852965],[-80.051853,43.853107],[-80.051859,43.853197]]}},{"type":"Feature","properties":{"k":"tee"},"geometry":{"type":"Polygon","coordinates":[[[-80.049639,43.851378],[-80.049591,43.851353],[-80.049537,43.851347],[-80.049505,43.851363],[-80.049469,43.851401],[-80.049459,43.851417],[-80.049467,43.851436],[-80.049498,43.851442],[-80.04966,43.85142],[-80.04968,43.851404],[-80.049639,43.851378]]]}},{"type":"Feature","properties":{"k":"fairway"},"geometry":{"type":"Polygon","coordinates":[[[-80.050539,43.852127],[-80.050462,43.852103],[-80.050398,43.852057],[-80.050295,43.851917],[-80.050219,43.851855],[-80.050209,43.851807],[-80.050238,43.851776],[-80.050271,43.851769],[-80.050312,43.851772],[-80.050503,43.851827],[-80.050586,43.851885],[-80.050656,43.851954],[-80.050689,43.852017],[-80.050686,43.852055],[-80.050672,43.852086],[-80.050619,43.852121],[-80.050539,43.852127]]]}},{"type":"Feature","properties":{"k":"path"},"geometry":{"type":"LineString","coordinates":[[-80.055109,43.854121],[-80.055239,43.854029],[-80.055302,43.853959],[-80.055395,43.853761],[-80.055448,43.853685],[-80.055527,43.853602],[-80.055675,43.8535],[-80.055729,43.853471],[-80.055819,43.853463],[-80.0559,43.853465],[-80.056025,43.853482],[-80.056183,43.853517],[-80.05661,43.853661],[-80.056752,43.853683],[-80.056826,43.853705],[-80.05701,43.853782],[-80.057057,43.853795],[-80.057152,43.853807],[-80.057419,43.853797],[-80.057504,43.853813],[-80.057598,43.853854],[-80.057694,43.853914],[-80.057953,43.854136],[-80.058047,43.854187],[-80.058095,43.8542],[-80.058335,43.854231],[-80.058575,43.854316],[-80.058784,43.854367]]}},{"type":"Feature","properties":{"k":"path"},"geometry":{"type":"LineString","coordinates":[[-80.059438,43.854913],[-80.05915,43.854697],[-80.058928,43.854568],[-80.058822,43.854481],[-80.058787,43.854387],[-80.058812,43.854346],[-80.059419,43.85386],[-80.059587,43.853739]]}},{"type":"Feature","properties":{"k":"path"},"geometry":{"type":"LineString","coordinates":[[-80.060367,43.855475],[-80.060462,43.855525],[-80.060853,43.855665],[-80.060896,43.855707],[-80.060913,43.855841],[-80.060954,43.855903],[-80.061026,43.855958],[-80.061259,43.85604],[-80.061279,43.856088],[-80.061283,43.85616],[-80.061305,43.856213],[-80.061326,43.856239],[-80.061373,43.85627],[-80.061566,43.856342],[-80.061593,43.856364],[-80.061611,43.856405],[-80.061549,43.856534],[-80.061551,43.856663],[-80.061534,43.856715],[-80.061478,43.856759],[-80.061442,43.856772],[-80.06132,43.856792],[-80.061272,43.856823],[-80.061258,43.856852],[-80.061269,43.857064],[-80.061264,43.857108],[-80.061238,43.857177],[-80.061211,43.857217],[-80.061128,43.8573],[-80.060984,43.857509],[-80.060855,43.85766],[-80.060821,43.857672],[-80.060729,43.857678],[-80.060674,43.85767],[-80.060623,43.857653],[-80.060564,43.857624],[-80.060086,43.857335],[-80.060033,43.85731],[-80.059974,43.857306]]}},{"type":"Feature","properties":{"k":"tee"},"geometry":{"type":"Polygon","coordinates":[[[-80.06155,43.85627],[-80.061445,43.856241],[-80.061476,43.856192],[-80.061579,43.85622],[-80.06155,43.85627]]]}},{"type":"Feature","properties":{"k":"tee"},"geometry":{"type":"Polygon","coordinates":[[[-80.061503,43.856102],[-80.061465,43.856124],[-80.06143,43.856123],[-80.061401,43.856112],[-80.06138,43.856079],[-80.061386,43.856056],[-80.061406,43.856041],[-80.061432,43.856038],[-80.061467,43.856046],[-80.061499,43.856064],[-80.061508,43.856082],[-80.061503,43.856102]]]}},{"type":"Feature","properties":{"k":"tee"},"geometry":{"type":"Polygon","coordinates":[[[-80.051128,43.852132],[-80.051063,43.852083],[-80.051036,43.852085],[-80.051027,43.852092],[-80.051021,43.852113],[-80.051034,43.852147],[-80.051084,43.852193],[-80.051128,43.852193],[-80.051144,43.852178],[-80.051147,43.852155],[-80.051128,43.852132]]]}},{"type":"Feature","properties":{"k":"bunker"},"geometry":{"type":"Polygon","coordinates":[[[-80.058441,43.854383],[-80.058365,43.85438],[-80.058339,43.854367],[-80.05834,43.854327],[-80.058307,43.8543],[-80.058263,43.854297],[-80.05823,43.854317],[-80.058221,43.854346],[-80.058248,43.854392],[-80.058293,43.854422],[-80.058352,43.854428],[-80.058381,43.854452],[-80.058434,43.854454],[-80.058467,43.854443],[-80.058476,43.854433],[-80.058481,43.854399],[-80.05846,43.854385],[-80.058441,43.854383]]]}},{"type":"Feature","properties":{"k":"bunker"},"geometry":{"type":"Polygon","coordinates":[[[-80.05763,43.854775],[-80.05754,43.854767],[-80.057527,43.85476],[-80.057524,43.854747],[-80.057567,43.854704],[-80.057559,43.854662],[-80.057512,43.854637],[-80.057473,43.854644],[-80.057451,43.854671],[-80.057446,43.854717],[-80.057426,43.854754],[-80.057437,43.854794],[-80.057482,43.85481],[-80.057531,43.854802],[-80.057546,43.854806],[-80.057556,43.854832],[-80.057593,43.854847],[-80.057671,43.854849],[-80.057687,43.854828],[-80.057688,43.854805],[-80.057667,43.854786],[-80.05763,43.854775]]]}},{"type":"Feature","properties":{"k":"bunker"},"geometry":{"type":"Polygon","coordinates":[[[-80.059626,43.855588],[-80.059695,43.855572],[-80.05971,43.855548],[-80.059703,43.855536],[-80.059673,43.855523],[-80.059655,43.855524],[-80.059605,43.855541],[-80.059596,43.855533],[-80.059607,43.85551],[-80.0596,43.855482],[-80.059583,43.855472],[-80.059538,43.85547],[-80.059502,43.85552],[-80.059518,43.85556],[-80.059546,43.85559],[-80.059566,43.855597],[-80.059626,43.855588]]]}},{"type":"Feature","properties":{"k":"bunker"},"geometry":{"type":"Polygon","coordinates":[[[-80.05996,43.855795],[-80.059989,43.85577],[-80.059997,43.855736],[-80.05999,43.85572],[-80.059955,43.855697],[-80.059916,43.855695],[-80.059878,43.855651],[-80.059858,43.855647],[-80.059836,43.855653],[-80.059812,43.855667],[-80.059788,43.855696],[-80.059797,43.855727],[-80.059814,43.855739],[-80.059858,43.855753],[-80.059854,43.855791],[-80.059867,43.855801],[-80.059913,43.855809],[-80.05996,43.855795]]]}},{"type":"Feature","properties":{"k":"bunker"},"geometry":{"type":"Polygon","coordinates":[[[-80.059917,43.855862],[-80.059871,43.855852],[-80.059821,43.855863],[-80.059798,43.855881],[-80.059782,43.855923],[-80.059787,43.855956],[-80.059804,43.855971],[-80.05985,43.855999],[-80.059884,43.856008],[-80.059935,43.855995],[-80.059951,43.855971],[-80.059943,43.855947],[-80.059891,43.855934],[-80.05989,43.855917],[-80.059922,43.855914],[-80.059937,43.855891],[-80.059934,43.855875],[-80.059917,43.855862]]]}},{"type":"Feature","properties":{"k":"bunker"},"geometry":{"type":"Polygon","coordinates":[[[-80.060789,43.855985],[-80.060697,43.855954],[-80.060683,43.855944],[-80.060674,43.855918],[-80.060644,43.855902],[-80.060602,43.855905],[-80.060577,43.855927],[-80.060586,43.855953],[-80.060616,43.855971],[-80.060632,43.856027],[-80.060658,43.856046],[-80.060736,43.856057],[-80.060784,43.856046],[-80.060802,43.856018],[-80.060789,43.855985]]]}},{"type":"Feature","properties":{"k":"bunker"},"geometry":{"type":"Polygon","coordinates":[[[-80.060829,43.855858],[-80.060801,43.855831],[-80.060766,43.855816],[-80.060722,43.855816],[-80.060701,43.85584],[-80.060715,43.855883],[-80.060733,43.855901],[-80.060779,43.855923],[-80.060819,43.855919],[-80.060836,43.855903],[-80.060829,43.855858]]]}},{"type":"Feature","properties":{"k":"bunker"},"geometry":{"type":"Polygon","coordinates":[[[-80.060552,43.85571],[-80.060517,43.855697],[-80.060477,43.855697],[-80.060448,43.855717],[-80.060448,43.855733],[-80.060501,43.855795],[-80.060556,43.855841],[-80.060585,43.855849],[-80.060635,43.855804],[-80.060638,43.855789],[-80.060544,43.855767],[-80.060534,43.855748],[-80.06058,43.855744],[-80.060584,43.855732],[-80.060552,43.85571]]]}},{"type":"Feature","properties":{"k":"tee"},"geometry":{"type":"Polygon","coordinates":[[[-80.061489,43.856431],[-80.061521,43.856382],[-80.061359,43.856328],[-80.061328,43.856375],[-80.061489,43.856431]]]}},{"type":"Feature","properties":{"k":"tee"},"geometry":{"type":"Polygon","coordinates":[[[-80.061434,43.85658],[-80.061485,43.856503],[-80.061352,43.856455],[-80.061302,43.856535],[-80.061434,43.85658]]]}},{"type":"Feature","properties":{"k":"bunker"},"geometry":{"type":"Polygon","coordinates":[[[-80.060984,43.85741],[-80.060988,43.857369],[-80.060979,43.857356],[-80.060938,43.857335],[-80.060867,43.857327],[-80.060824,43.857343],[-80.060796,43.857373],[-80.060795,43.857395],[-80.060851,43.857394],[-80.060873,43.857399],[-80.06089,43.857414],[-80.060885,43.857424],[-80.06076,43.857469],[-80.060733,43.857508],[-80.060685,43.857534],[-80.06068,43.85756],[-80.060699,43.85758],[-80.060728,43.85758],[-80.060762,43.857566],[-80.060771,43.857572],[-80.060768,43.857582],[-80.060729,43.857603],[-80.060728,43.857614],[-80.060798,43.857638],[-80.060831,43.857633],[-80.060873,43.857566],[-80.060851,43.857487],[-80.060867,43.857487],[-80.060879,43.857495],[-80.060889,43.857516],[-80.060907,43.857519],[-80.060923,43.857513],[-80.060958,43.857474],[-80.060984,43.85741]]]}},{"type":"Feature","properties":{"k":"bunker"},"geometry":{"type":"Polygon","coordinates":[[[-80.060434,43.857289],[-80.060377,43.857238],[-80.060302,43.85724],[-80.060284,43.857246],[-80.060278,43.857272],[-80.060326,43.857303],[-80.060317,43.857311],[-80.060271,43.857306],[-80.060224,43.857311],[-80.060205,43.857324],[-80.0602,43.857359],[-80.060215,43.857378],[-80.060268,43.857411],[-80.060278,43.857411],[-80.060288,43.8574],[-80.060291,43.85738],[-80.060312,43.857383],[-80.060314,43.85742],[-80.060379,43.857449],[-80.060395,43.857449],[-80.060409,43.857436],[-80.060421,43.857372],[-80.060461,43.857316],[-80.060434,43.857289]]]}},{"type":"Feature","properties":{"k":"bunker"},"geometry":{"type":"Polygon","coordinates":[[[-80.060587,43.857156],[-80.06052,43.857123],[-80.060492,43.857118],[-80.060402,43.857125],[-80.060385,43.85713],[-80.060368,43.857153],[-80.06038,43.857182],[-80.060398,43.857191],[-80.060468,43.857202],[-80.060475,43.857215],[-80.060456,43.857237],[-80.060465,43.85725],[-80.06051,43.857262],[-80.060568,43.857256],[-80.060601,43.857228],[-80.060616,43.857178],[-80.060587,43.857156]]]}},{"type":"Feature","properties":{"k":"bunker"},"geometry":{"type":"Polygon","coordinates":[[[-80.060817,43.857118],[-80.060776,43.857062],[-80.060729,43.857042],[-80.060673,43.857043],[-80.060621,43.857064],[-80.060603,43.857081],[-80.060601,43.857096],[-80.060612,43.857113],[-80.060663,43.857132],[-80.060646,43.857155],[-80.060659,43.857165],[-80.060681,43.857166],[-80.060721,43.857149],[-80.06073,43.857155],[-80.060713,43.857205],[-80.060738,43.857213],[-80.060784,43.857209],[-80.060814,43.857181],[-80.060817,43.857118]]]}},{"type":"Feature","properties":{"k":"fairway"},"geometry":{"type":"Polygon","coordinates":[[[-80.061152,43.857118],[-80.061168,43.857066],[-80.061165,43.857048],[-80.061139,43.857004],[-80.061093,43.856967],[-80.060981,43.85691],[-80.060956,43.856905],[-80.06088,43.856926],[-80.060841,43.856958],[-80.060826,43.856996],[-80.060848,43.857085],[-80.060854,43.857153],[-80.06083,43.857206],[-80.060813,43.857221],[-80.060772,43.857237],[-80.060681,43.857239],[-80.06063,43.85725],[-80.060569,43.857279],[-80.060475,43.857341],[-80.060453,43.857372],[-80.060447,43.857402],[-80.060457,43.857454],[-80.060473,43.85748],[-80.060519,43.857511],[-80.060554,43.85752],[-80.060595,43.857522],[-80.060644,43.857504],[-80.060804,43.85731],[-80.060848,43.857299],[-80.060937,43.857301],[-80.060999,43.857285],[-80.061071,43.857228],[-80.061152,43.857118]]]}},{"type":"Feature","properties":{"k":"path"},"geometry":{"type":"LineString","coordinates":[[-80.059937,43.85764],[-80.060324,43.857802],[-80.060336,43.857839],[-80.060308,43.857883],[-80.060232,43.85793],[-80.060047,43.858024],[-80.059969,43.858104],[-80.059705,43.858249],[-80.059618,43.858319],[-80.059594,43.858351],[-80.059585,43.858386],[-80.059621,43.858509],[-80.059623,43.858548],[-80.059597,43.858605],[-80.059555,43.858642],[-80.059452,43.858683],[-80.059393,43.858686],[-80.059238,43.858652],[-80.059184,43.858652],[-80.059082,43.858667],[-80.058924,43.858707]]}},{"type":"Feature","properties":{"k":"tee"},"geometry":{"type":"Polygon","coordinates":[[[-80.060049,43.858222],[-80.060029,43.858205],[-80.059999,43.858195],[-80.059957,43.858205],[-80.059926,43.858225],[-80.059918,43.858243],[-80.059934,43.858284],[-80.059971,43.858296],[-80.060029,43.858287],[-80.060059,43.858254],[-80.060049,43.858222]]]}},{"type":"Feature","properties":{"k":"tee"},"geometry":{"type":"Polygon","coordinates":[[[-80.059887,43.858365],[-80.059807,43.858412],[-80.059772,43.858412],[-80.059742,43.85839],[-80.059765,43.858356],[-80.059823,43.858328],[-80.059882,43.858338],[-80.059887,43.858365]]]}},{"type":"Feature","properties":{"k":"bunker"},"geometry":{"type":"Polygon","coordinates":[[[-80.05731,43.859034],[-80.057218,43.858969],[-80.057175,43.85895],[-80.057124,43.858958],[-80.057073,43.859],[-80.05707,43.859017],[-80.057091,43.859038],[-80.057114,43.859035],[-80.057159,43.859006],[-80.057173,43.859012],[-80.057179,43.859025],[-80.057135,43.859086],[-80.057144,43.859096],[-80.057196,43.859095],[-80.057216,43.859073],[-80.057235,43.859079],[-80.057249,43.859131],[-80.057264,43.859141],[-80.057315,43.85913],[-80.057344,43.859093],[-80.057332,43.859054],[-80.05731,43.859034]]]}},{"type":"Feature","properties":{"k":"bunker"},"geometry":{"type":"Polygon","coordinates":[[[-80.057019,43.858769],[-80.057025,43.858704],[-80.05701,43.858673],[-80.056953,43.858651],[-80.056934,43.858653],[-80.056927,43.858663],[-80.056894,43.858657],[-80.05688,43.858663],[-80.056871,43.858692],[-80.05688,43.858703],[-80.056917,43.858715],[-80.05695,43.858714],[-80.056961,43.858727],[-80.056936,43.858747],[-80.05692,43.858781],[-80.056944,43.858812],[-80.056973,43.858817],[-80.05701,43.858805],[-80.057021,43.858792],[-80.057019,43.858769]]]}},{"type":"Feature","properties":{"k":"bunker"},"geometry":{"type":"Polygon","coordinates":[[[-80.056995,43.858307],[-80.056976,43.85828],[-80.056954,43.858269],[-80.056918,43.85826],[-80.056885,43.858261],[-80.056865,43.858231],[-80.056759,43.858182],[-80.056682,43.858124],[-80.056655,43.858117],[-80.05661,43.858123],[-80.056603,43.858133],[-80.056614,43.858151],[-80.056595,43.858166],[-80.056594,43.858177],[-80.056606,43.858195],[-80.056653,43.85821],[-80.056718,43.858203],[-80.056728,43.858234],[-80.056752,43.858262],[-80.056796,43.858283],[-80.056882,43.858302],[-80.056891,43.85832],[-80.056866,43.858347],[-80.056879,43.858372],[-80.05692,43.858381],[-80.056977,43.858366],[-80.056999,43.858337],[-80.056995,43.858307]]]}},{"type":"Feature","properties":{"k":"path"},"geometry":{"type":"LineString","coordinates":[[-80.055573,43.857911],[-80.055786,43.857927],[-80.055861,43.857954],[-80.055904,43.857981],[-80.055945,43.858017],[-80.055973,43.858063],[-80.05602,43.858239],[-80.05607,43.858354],[-80.056096,43.85839],[-80.056189,43.858472],[-80.056327,43.858621],[-80.056368,43.858716],[-80.056402,43.85876],[-80.056449,43.858794],[-80.056476,43.858794],[-80.056574,43.858725]]}},{"type":"Feature","properties":{"k":"path"},"geometry":{"type":"LineString","coordinates":[[-80.056947,43.858901],[-80.056731,43.858774],[-80.056572,43.858718],[-80.056476,43.858645],[-80.056457,43.858615]]}},{"type":"Feature","properties":{"k":"tee"},"geometry":{"type":"Polygon","coordinates":[[[-80.05653,43.85895],[-80.056515,43.858926],[-80.056492,43.858914],[-80.056462,43.858916],[-80.056451,43.858924],[-80.05646,43.85896],[-80.056488,43.858976],[-80.056516,43.858976],[-80.056533,43.858961],[-80.05653,43.85895]]]}},{"type":"Feature","properties":{"k":"tee"},"geometry":{"type":"Polygon","coordinates":[[[-80.056399,43.858818],[-80.056356,43.858778],[-80.056327,43.858779],[-80.056317,43.858787],[-80.056329,43.858828],[-80.056372,43.858863],[-80.0564,43.858865],[-80.056417,43.858853],[-80.056419,43.858841],[-80.056399,43.858818]]]}},{"type":"Feature","properties":{"k":"tee"},"geometry":{"type":"Polygon","coordinates":[[[-80.056285,43.858651],[-80.056218,43.858581],[-80.056179,43.858569],[-80.056146,43.858579],[-80.056133,43.858604],[-80.056139,43.858618],[-80.05622,43.858703],[-80.056272,43.858715],[-80.056302,43.858705],[-80.056312,43.858682],[-80.056285,43.858651]]]}},{"type":"Feature","properties":{"k":"tee"},"geometry":{"type":"Polygon","coordinates":[[[-80.056115,43.858537],[-80.056068,43.858544],[-80.056022,43.858519],[-80.05601,43.85848],[-80.056052,43.858449],[-80.056093,43.85845],[-80.056128,43.858474],[-80.056141,43.858514],[-80.056115,43.858537]]]}},{"type":"Feature","properties":{"k":"rough"},"geometry":{"type":"Polygon","coordinates":[[[-80.056051,43.858428],[-80.055942,43.858344],[-80.055582,43.858096],[-80.055543,43.858091],[-80.055684,43.858201],[-80.055911,43.858351],[-80.056022,43.858439],[-80.056051,43.858428]]]}},{"type":"Feature","properties":{"k":"tee"},"geometry":{"type":"Polygon","coordinates":[[[-80.055812,43.858036],[-80.055794,43.858045],[-80.055739,43.858044],[-80.055694,43.858026],[-80.055676,43.857998],[-80.055685,43.857985],[-80.055704,43.85798],[-80.055758,43.857983],[-80.055816,43.85801],[-80.055812,43.858036]]]}},{"type":"Feature","properties":{"k":"bunker"},"geometry":{"type":"Polygon","coordinates":[[[-80.054973,43.857667],[-80.054964,43.857641],[-80.054936,43.857614],[-80.0549,43.857613],[-80.054876,43.857639],[-80.054857,43.857638],[-80.054846,43.857628],[-80.054848,43.857604],[-80.054818,43.857604],[-80.054806,43.857614],[-80.054795,43.857687],[-80.054815,43.857713],[-80.054843,43.857723],[-80.054892,43.857731],[-80.05494,43.857723],[-80.054967,43.857703],[-80.054973,43.857667]]]}},{"type":"Feature","properties":{"k":"bunker"},"geometry":{"type":"Polygon","coordinates":[[[-80.054758,43.857633],[-80.054732,43.857587],[-80.054689,43.857568],[-80.054663,43.857568],[-80.054649,43.857577],[-80.054636,43.857619],[-80.054615,43.857618],[-80.054585,43.857565],[-80.054556,43.857555],[-80.054541,43.857556],[-80.054534,43.857576],[-80.054516,43.857577],[-80.054507,43.857561],[-80.054486,43.857565],[-80.054478,43.857576],[-80.054472,43.857619],[-80.054501,43.857643],[-80.054618,43.857664],[-80.054669,43.857702],[-80.054716,43.857706],[-80.054753,43.857689],[-80.054762,43.857672],[-80.054758,43.857633]]]}},{"type":"Feature","properties":{"k":"path"},"geometry":{"type":"LineString","coordinates":[[-80.053887,43.856003],[-80.053753,43.855833],[-80.053692,43.855783],[-80.053564,43.855768],[-80.053471,43.855714],[-80.053438,43.855706],[-80.053347,43.855719],[-80.053275,43.855769],[-80.053247,43.855777],[-80.053169,43.855779],[-80.053084,43.855744]]}},{"type":"Feature","properties":{"k":"bunker"},"geometry":{"type":"Polygon","coordinates":[[[-80.053458,43.856161],[-80.053441,43.85609],[-80.053428,43.856072],[-80.053391,43.856052],[-80.053348,43.856051],[-80.053315,43.856076],[-80.053284,43.856065],[-80.053223,43.85607],[-80.053161,43.856015],[-80.053125,43.856024],[-80.0531,43.856047],[-80.053098,43.856074],[-80.053115,43.856097],[-80.053267,43.856146],[-80.053326,43.856207],[-80.053359,43.856223],[-80.053396,43.856229],[-80.053434,43.856224],[-80.053454,43.856202],[-80.053458,43.856161]]]}},{"type":"Feature","properties":{"k":"path"},"geometry":{"type":"LineString","coordinates":[[-80.052943,43.855691],[-80.052909,43.855679],[-80.052841,43.855681],[-80.052764,43.85572],[-80.052682,43.855742],[-80.052588,43.855737],[-80.05254,43.855722],[-80.052486,43.855695],[-80.052348,43.855606],[-80.052244,43.855556],[-80.052124,43.855526],[-80.052064,43.855521],[-80.051993,43.85552],[-80.051853,43.855536],[-80.051793,43.855552],[-80.05162,43.855634],[-80.05155,43.855646],[-80.051513,43.855645],[-80.051436,43.855618],[-80.051023,43.855339],[-80.05094,43.85529],[-80.050867,43.855265],[-80.050749,43.855256],[-80.050417,43.855265],[-80.050326,43.855253],[-80.050222,43.855217],[-80.050156,43.855205],[-80.05002,43.855255],[-80.04995,43.855257],[-80.04989,43.855245],[-80.049822,43.855196],[-80.049742,43.85508],[-80.049645,43.854976]]}},{"type":"Feature","properties":{"k":"tee"},"geometry":{"type":"Polygon","coordinates":[[[-80.050401,43.855134],[-80.050444,43.855165],[-80.050453,43.8552],[-80.050425,43.855234],[-80.050368,43.855238],[-80.050299,43.855203],[-80.050214,43.855147],[-80.050194,43.855128],[-80.050196,43.855092],[-80.050226,43.855065],[-80.050274,43.855063],[-80.050401,43.855134]]]}},{"type":"Feature","properties":{"k":"tee"},"geometry":{"type":"Polygon","coordinates":[[[-80.049993,43.85516],[-80.049965,43.855131],[-80.049928,43.855115],[-80.049901,43.855116],[-80.04988,43.855126],[-80.049873,43.85514],[-80.04988,43.855176],[-80.049937,43.855225],[-80.049985,43.855227],[-80.05002,43.855203],[-80.049993,43.85516]]]}},{"type":"Feature","properties":{"k":"bunker"},"geometry":{"type":"Polygon","coordinates":[[[-80.04985,43.854603],[-80.049827,43.854666],[-80.049783,43.854712],[-80.049732,43.854728],[-80.049689,43.854721],[-80.049662,43.854684],[-80.049661,43.854657],[-80.049681,43.854605],[-80.049698,43.854593],[-80.04977,43.854604],[-80.049775,43.854588],[-80.049729,43.854576],[-80.049715,43.854563],[-80.049719,43.854541],[-80.049772,43.854524],[-80.049843,43.854532],[-80.04986,43.854555],[-80.04985,43.854603]]]}},{"type":"Feature","properties":{"k":"bunker"},"geometry":{"type":"Polygon","coordinates":[[[-80.0498,43.854471],[-80.049815,43.854406],[-80.049747,43.854384],[-80.049744,43.854367],[-80.049759,43.854361],[-80.049761,43.85434],[-80.049716,43.854327],[-80.049653,43.854343],[-80.049639,43.854357],[-80.049635,43.854416],[-80.049644,43.854428],[-80.049667,43.854434],[-80.049713,43.85443],[-80.049732,43.854451],[-80.049695,43.85447],[-80.049689,43.854481],[-80.049706,43.854491],[-80.049756,43.854496],[-80.049787,43.854487],[-80.0498,43.854471]]]}},{"type":"Feature","properties":{"k":"bunker"},"geometry":{"type":"Polygon","coordinates":[[[-80.049613,43.854283],[-80.049568,43.8543],[-80.049527,43.854296],[-80.049461,43.854274],[-80.049418,43.854245],[-80.049401,43.854221],[-80.049396,43.854171],[-80.049431,43.854131],[-80.049479,43.854111],[-80.049518,43.854111],[-80.049539,43.854118],[-80.049562,43.854154],[-80.049513,43.854221],[-80.049521,43.854232],[-80.049547,43.854234],[-80.049564,43.854213],[-80.049613,43.854217],[-80.049633,43.854234],[-80.049638,43.854252],[-80.049613,43.854283]]]}},{"type":"Feature","properties":{"k":"path"},"geometry":{"type":"LineString","coordinates":[[-80.048457,43.853196],[-80.048431,43.853148],[-80.048411,43.853019],[-80.048388,43.852941],[-80.048376,43.852919],[-80.048325,43.852891],[-80.048211,43.852868],[-80.048024,43.85285],[-80.047918,43.85285],[-80.047711,43.852868],[-80.047476,43.852868],[-80.04706,43.852831],[-80.046868,43.852782],[-80.046768,43.852772]]}},{"type":"Feature","properties":{"k":"path"},"geometry":{"type":"LineString","coordinates":[[-80.047337,43.847235],[-80.047298,43.847365],[-80.047306,43.84744],[-80.047355,43.847493],[-80.047289,43.847522],[-80.046964,43.847583],[-80.046917,43.847601],[-80.046742,43.847766],[-80.046668,43.847814],[-80.046591,43.84784],[-80.046466,43.847864],[-80.046151,43.847857],[-80.046075,43.847865]]}},{"type":"Feature","properties":{"k":"path"},"geometry":{"type":"LineString","coordinates":[[-80.047298,43.847365],[-80.047337,43.847235]]}}]}